source_ticket_id,ticket_id,customer_id,source_customer_id,customer_full_name,support_customer_name,support_customer_email,mapping_method,mapping_confidence,mapping_note
1,T5001,C000037,2723,Mary Brady,Marisa Obrien,carrollallison@example.com,risk_weighted_assignment,0.65,Support source has no natural DataCo customer key; assigned into the selected customer spine.
2,T5002,C000325,291,John Smith,Jessica Rios,clarkeashley@example.com,risk_weighted_assignment,0.65,Support source has no natural DataCo customer key; assigned into the selected customer spine.
3,T5003,C001169,1843,Frank Garcia,Christopher Robbins,gonzalestracy@example.com,risk_weighted_assignment,0.65,Support source has no natural DataCo customer key; assigned into the selected customer spine.
4,T5004,C001247,6560,Melissa Smith,Christina Dillon,bradleyolson@example.org,risk_weighted_assignment,0.65,Support source has no natural DataCo customer key; assigned into the selected customer spine.
5,T5005,C001281,4798,Mary Smith,Alexander Carroll,bradleymark@example.com,risk_weighted_assignment,0.65,Support source has no natural DataCo customer key; assigned into the selected customer spine.
6,T5006,C001760,8437,Rachel Sweeney,Rebecca Fleming,sheenasmith@example.com,risk_weighted_assignment,0.65,Support source has no natural DataCo customer key; assigned into the selected customer spine.
7,T5007,C001906,2825,Sarah Smith,Jacqueline Wright,donaldkeith@example.org,risk_weighted_assignment,0.65,Support source has no natural DataCo customer key; assigned into the selected customer spine.
8,T5008,C000346,12235,Jane Smith,Denise Lee,joelwilliams@example.com,risk_weighted_assignment,0.65,Support source has no natural DataCo customer key; assigned into the selected customer spine.
9,T5009,C000615,12189,Judith Hicks,Nicolas Wilson,joshua24@example.com,risk_weighted_assignment,0.65,Support source has no natural DataCo customer key; assigned into the selected customer spine.
10,T5010,C001299,7099,Mary Smith,William Dawson,clopez@example.com,risk_weighted_assignment,0.65,Support source has no natural DataCo customer key; assigned into the selected customer spine.
11,T5011,C000369,9153,Sharon Jenkins,Joseph Moreno,mbrown@example.org,risk_weighted_assignment,0.65,Support source has no natural DataCo customer key; assigned into the selected customer spine.
12,T5012,C001041,7974,Mary Shaw,Brandon Arnold,davisjohn@example.net,risk_weighted_assignment,0.65,Support source has no natural DataCo customer key; assigned into the selected customer spine.
13,T5013,C001236,4495,Mary White,Tamara Hahn,jensenwilliam@example.net,risk_weighted_assignment,0.65,Support source has no natural DataCo customer key; assigned into the selected customer spine.
14,T5014,C001327,6730,Mary Gallegos,Sandra Barnes,gwendolyn51@example.net,risk_weighted_assignment,0.65,Support source has no natural DataCo customer key; assigned into the selected customer spine.
15,T5015,C001472,7738,Mary Smith,Amy Hill,medinasteven@example.net,risk_weighted_assignment,0.65,Support source has no natural DataCo customer key; assigned into the selected customer spine.
16,T5016,C001597,6834,Mary Smith,Elizabeth Foley,amy41@example.net,risk_weighted_assignment,0.65,Support source has no natural DataCo customer key; assigned into the selected customer spine.
17,T5017,C001662,1116,Mary Henderson,Julia Salazar,watkinsbarbara@example.com,risk_weighted_assignment,0.65,Support source has no natural DataCo customer key; assigned into the selected customer spine.
18,T5018,C000163,230,Kimberly Smith,Joshua Castillo,mooredeborah@example.org,risk_weighted_assignment,0.65,Support source has no natural DataCo customer key; assigned into the selected customer spine.
19,T5019,C000393,6959,Joan Lin,Wendy Davis,brenda20@example.net,risk_weighted_assignment,0.65,Support source has no natural DataCo customer key; assigned into the selected customer spine.
20,T5020,C000534,1512,Mary Rowe,Jeffrey Robertson,jameslopez@example.com,risk_weighted_assignment,0.65,Support source has no natural DataCo customer key; assigned into the selected customer spine.
21,T5021,C001426,8294,Mary Smith,Suzanne Holmes,rogermcgrath@example.net,risk_weighted_assignment,0.65,Support source has no natural DataCo customer key; assigned into the selected customer spine.
22,T5022,C001801,2467,Keith Smith,Tanner Conley,zbond@example.net,risk_weighted_assignment,0.65,Support source has no natural DataCo customer key; assigned into the selected customer spine.
23,T5023,C000275,5477,Mary Smith,Stephanie Nelson DVM,ljohnson@example.org,risk_weighted_assignment,0.65,Support source has no natural DataCo customer key; assigned into the selected customer spine.
24,T5024,C000492,3838,Joseph Jackson,Antonio Scott,carlsonmatthew@example.org,risk_weighted_assignment,0.65,Support source has no natural DataCo customer key; assigned into the selected customer spine.
25,T5025,C000926,2083,Mary Smith,John Cuevas,lbarron@example.org,risk_weighted_assignment,0.65,Support source has no natural DataCo customer key; assigned into the selected customer spine.
26,T5026,C001012,6573,Joseph Noble,Gregory Bautista,johnstonbeth@example.com,risk_weighted_assignment,0.65,Support source has no natural DataCo customer key; assigned into the selected customer spine.
27,T5027,C001165,5147,Mary Hurst,Ryan Sharp,pmercado@example.org,risk_weighted_assignment,0.65,Support source has no natural DataCo customer key; assigned into the selected customer spine.
28,T5028,C001258,1478,Anna Sanchez,Michael Mcdowell,jeffersonmichael@example.net,risk_weighted_assignment,0.65,Support source has no natural DataCo customer key; assigned into the selected customer spine.
29,T5029,C001320,6003,Mary Smith,Christine Wang,garciastacy@example.com,risk_weighted_assignment,0.65,Support source has no natural DataCo customer key; assigned into the selected customer spine.
30,T5030,C001468,4624,Kenneth Matthews,Austin George,shericase@example.net,risk_weighted_assignment,0.65,Support source has no natural DataCo customer key; assigned into the selected customer spine.
31,T5031,C001619,7465,Andrew Smith,Wendy Roberts,jessicahenderson@example.net,risk_weighted_assignment,0.65,Support source has no natural DataCo customer key; assigned into the selected customer spine.
32,T5032,C001862,9885,Jordan Smith,Robert Wilson,zstewart@example.org,risk_weighted_assignment,0.65,Support source has no natural DataCo customer key; assigned into the selected customer spine.
33,T5033,C000506,9053,William Smith,Christina Gray,greenkeith@example.net,risk_weighted_assignment,0.65,Support source has no natural DataCo customer key; assigned into the selected customer spine.
34,T5034,C000551,10490,Brenda Ramirez,Timothy Lyons,darlenelee@example.org,risk_weighted_assignment,0.65,Support source has no natural DataCo customer key; assigned into the selected customer spine.
35,T5035,C000751,2087,Mary Burton,Stacy Jones,fernandezmark@example.org,risk_weighted_assignment,0.65,Support source has no natural DataCo customer key; assigned into the selected customer spine.
36,T5036,C001046,9721,Mary Smith,Joann King,jessica10@example.org,risk_weighted_assignment,0.65,Support source has no natural DataCo customer key; assigned into the selected customer spine.
37,T5037,C001338,4308,William Smith,Ruben Henry,katherinehoward@example.net,risk_weighted_assignment,0.65,Support source has no natural DataCo customer key; assigned into the selected customer spine.
38,T5038,C001515,6108,Emma Smith,Morgan Wagner,elizabethlamb@example.com,risk_weighted_assignment,0.65,Support source has no natural DataCo customer key; assigned into the selected customer spine.
39,T5039,C000127,4022,Mary Harding,Kevin Ingram,victor62@example.net,risk_weighted_assignment,0.65,Support source has no natural DataCo customer key; assigned into the selected customer spine.
40,T5040,C000310,9740,Mary Smith,Michael Oneal,stevenburns@example.net,risk_weighted_assignment,0.65,Support source has no natural DataCo customer key; assigned into the selected customer spine.
41,T5041,C000498,11513,David Smith,Casey Tran,shawn54@example.net,risk_weighted_assignment,0.65,Support source has no natural DataCo customer key; assigned into the selected customer spine.
42,T5042,C000947,5296,Evelyn Jefferson,Katie Mitchell,sheila78@example.org,risk_weighted_assignment,0.65,Support source has no natural DataCo customer key; assigned into the selected customer spine.
43,T5043,C001542,12195,Brenda Moyer,Justin Giles,woodmargaret@example.org,risk_weighted_assignment,0.65,Support source has no natural DataCo customer key; assigned into the selected customer spine.
44,T5044,C001790,4567,Rose Smith,Michael Allison,abowen@example.org,risk_weighted_assignment,0.65,Support source has no natural DataCo customer key; assigned into the selected customer spine.
45,T5045,C000972,8542,Jane Rich,Donald Gibbs,laura33@example.org,risk_weighted_assignment,0.65,Support source has no natural DataCo customer key; assigned into the selected customer spine.
46,T5046,C001290,1346,Mary Gutierrez,Timothy Sutton,david40@example.org,risk_weighted_assignment,0.65,Support source has no natural DataCo customer key; assigned into the selected customer spine.
47,T5047,C001576,4838,Mark Frank,Cassandra Richards,abigail06@example.com,risk_weighted_assignment,0.65,Support source has no natural DataCo customer key; assigned into the selected customer spine.
48,T5048,C001738,321,David Smith,Kristen Perry,bevans@example.org,risk_weighted_assignment,0.65,Support source has no natural DataCo customer key; assigned into the selected customer spine.
49,T5049,C000264,10610,Nancy Bryant,Noah Mcknight,juliepowers@example.org,risk_weighted_assignment,0.65,Support source has no natural DataCo customer key; assigned into the selected customer spine.
50,T5050,C000626,11554,Hannah Marshall,Katie Johnson,thomas46@example.net,risk_weighted_assignment,0.65,Support source has no natural DataCo customer key; assigned into the selected customer spine.
51,T5051,C000675,1373,Mary Smith,Kayla Dunn,ramirezphilip@example.net,risk_weighted_assignment,0.65,Support source has no natural DataCo customer key; assigned into the selected customer spine.
52,T5052,C000880,2600,Deborah Smith,Tracy White,wvargas@example.com,risk_weighted_assignment,0.65,Support source has no natural DataCo customer key; assigned into the selected customer spine.
53,T5053,C001077,5660,Mary Maldonado,Christian Graves,hgriffin@example.org,risk_weighted_assignment,0.65,Support source has no natural DataCo customer key; assigned into the selected customer spine.
54,T5054,C001437,11189,Mary Hammond,Casey Reed,sabrina61@example.org,risk_weighted_assignment,0.65,Support source has no natural DataCo customer key; assigned into the selected customer spine.
55,T5055,C001853,8207,Charles Jordan,Carrie Ayers,natasha18@example.com,risk_weighted_assignment,0.65,Support source has no natural DataCo customer key; assigned into the selected customer spine.
56,T5056,C000562,2540,Patricia Smith,Sarah Cole,williamscynthia@example.org,risk_weighted_assignment,0.65,Support source has no natural DataCo customer key; assigned into the selected customer spine.
57,T5057,C000583,7777,Evelyn Rogers,Alison Ford,mcgeebrandon@example.org,risk_weighted_assignment,0.65,Support source has no natural DataCo customer key; assigned into the selected customer spine.
58,T5058,C000846,2609,Mary Smith,Lori Young,pthomas@example.org,risk_weighted_assignment,0.65,Support source has no natural DataCo customer key; assigned into the selected customer spine.
59,T5059,C000955,4768,Amanda Hays,Kimberly Mack,lwilliamson@example.net,risk_weighted_assignment,0.65,Support source has no natural DataCo customer key; assigned into the selected customer spine.
60,T5060,C001032,9990,Mary Smith,Samuel Schroeder,andrew28@example.org,risk_weighted_assignment,0.65,Support source has no natural DataCo customer key; assigned into the selected customer spine.
61,T5061,C001159,10796,Debra Hardy,Amanda Burton,hannahstephens@example.com,risk_weighted_assignment,0.65,Support source has no natural DataCo customer key; assigned into the selected customer spine.
62,T5062,C001460,1961,Mary Holt,Sarah Williams,akelly@example.net,risk_weighted_assignment,0.65,Support source has no natural DataCo customer key; assigned into the selected customer spine.
63,T5063,C001910,4107,Larry Franklin,Frank Sherman,floresbryan@example.net,risk_weighted_assignment,0.65,Support source has no natural DataCo customer key; assigned into the selected customer spine.
64,T5064,C000389,9377,Carol Leach,Victoria Parker,tiffany87@example.com,risk_weighted_assignment,0.65,Support source has no natural DataCo customer key; assigned into the selected customer spine.
65,T5065,C000535,4435,George Cross,David Smith,jacob67@example.net,risk_weighted_assignment,0.65,Support source has no natural DataCo customer key; assigned into the selected customer spine.
66,T5066,C000628,6428,Mary Smith,Jeffrey Hernandez,perezdana@example.org,risk_weighted_assignment,0.65,Support source has no natural DataCo customer key; assigned into the selected customer spine.
67,T5067,C000692,972,Mary Smith,John Robertson,gillespiegeorge@example.com,risk_weighted_assignment,0.65,Support source has no natural DataCo customer key; assigned into the selected customer spine.
68,T5068,C000811,9325,Mary Navarro,Ryan Gonzalez,pwilson@example.com,risk_weighted_assignment,0.65,Support source has no natural DataCo customer key; assigned into the selected customer spine.
69,T5069,C000994,10778,Mary Mercado,Brianna Scott MD,jbranch@example.net,risk_weighted_assignment,0.65,Support source has no natural DataCo customer key; assigned into the selected customer spine.
70,T5070,C001066,647,Mary Rios,Michael Day,william07@example.org,risk_weighted_assignment,0.65,Support source has no natural DataCo customer key; assigned into the selected customer spine.
71,T5071,C001096,1997,Amy Callahan,Eileen Kim,gabriel83@example.com,risk_weighted_assignment,0.65,Support source has no natural DataCo customer key; assigned into the selected customer spine.
72,T5072,C001271,8167,Betty Roberts,Joseph Costa,calvarez@example.org,risk_weighted_assignment,0.65,Support source has no natural DataCo customer key; assigned into the selected customer spine.
73,T5073,C001371,4505,Mary Smith,Tanya Powell,epatel@example.org,risk_weighted_assignment,0.65,Support source has no natural DataCo customer key; assigned into the selected customer spine.
74,T5074,C001410,8038,Donald Smith,Philip Davis,fbenjamin@example.org,risk_weighted_assignment,0.65,Support source has no natural DataCo customer key; assigned into the selected customer spine.
75,T5075,C001646,4040,Harold Hart,Vanessa Hayes,donaldroberts@example.net,risk_weighted_assignment,0.65,Support source has no natural DataCo customer key; assigned into the selected customer spine.
76,T5076,C001693,4279,Jack Meyer,Jennifer Bryan,cooperthomas@example.com,risk_weighted_assignment,0.65,Support source has no natural DataCo customer key; assigned into the selected customer spine.
77,T5077,C001701,917,Andrew Glenn,Matthew Scott,brookeross@example.net,risk_weighted_assignment,0.65,Support source has no natural DataCo customer key; assigned into the selected customer spine.
78,T5078,C001759,4079,Timothy Faulkner,Alfred Ortiz,nicholsdouglas@example.org,risk_weighted_assignment,0.65,Support source has no natural DataCo customer key; assigned into the selected customer spine.
79,T5079,C001830,342,Jerry Jackson,John Goodman,vgarcia@example.com,risk_weighted_assignment,0.65,Support source has no natural DataCo customer key; assigned into the selected customer spine.
80,T5080,C000099,2851,Mary Huffman,Catherine Stephens,hmccann@example.com,risk_weighted_assignment,0.65,Support source has no natural DataCo customer key; assigned into the selected customer spine.
81,T5081,C000687,3754,Mary Sims,Sarah Lee,dclark@example.net,risk_weighted_assignment,0.65,Support source has no natural DataCo customer key; assigned into the selected customer spine.
82,T5082,C001292,1298,Susan Fuller,Kiara Parker,gonzalezlarry@example.org,risk_weighted_assignment,0.65,Support source has no natural DataCo customer key; assigned into the selected customer spine.
83,T5083,C001413,1175,Mary Gray,Joshua Miller,kimjesse@example.com,risk_weighted_assignment,0.65,Support source has no natural DataCo customer key; assigned into the selected customer spine.
84,T5084,C001495,9683,Mary Ray,James Jones,dsilva@example.org,risk_weighted_assignment,0.65,Support source has no natural DataCo customer key; assigned into the selected customer spine.
85,T5085,C001528,9830,Mary Frey,David Taylor,kaylapham@example.com,risk_weighted_assignment,0.65,Support source has no natural DataCo customer key; assigned into the selected customer spine.
86,T5086,C001634,9972,William Serrano,Richard Mullen,cschmidt@example.com,risk_weighted_assignment,0.65,Support source has no natural DataCo customer key; assigned into the selected customer spine.
87,T5087,C001747,10018,Gregory Rodriguez,Danielle Everett,kimberlyhudson@example.com,risk_weighted_assignment,0.65,Support source has no natural DataCo customer key; assigned into the selected customer spine.
88,T5088,C001963,10570,William Moore,Steven Thompson,vaustin@example.org,risk_weighted_assignment,0.65,Support source has no natural DataCo customer key; assigned into the selected customer spine.
89,T5089,C000162,3889,Mary Smith,Renee White,chelsea84@example.org,risk_weighted_assignment,0.65,Support source has no natural DataCo customer key; assigned into the selected customer spine.
90,T5090,C000281,1285,Ruth Petersen,Lisa Hill,hinescarrie@example.org,risk_weighted_assignment,0.65,Support source has no natural DataCo customer key; assigned into the selected customer spine.
91,T5091,C000313,4454,Robert Smith,Sandra Bass,jamesbaxter@example.com,risk_weighted_assignment,0.65,Support source has no natural DataCo customer key; assigned into the selected customer spine.
92,T5092,C000357,3099,Brittany Copeland,Madeline Osborne,tyler12@example.net,risk_weighted_assignment,0.65,Support source has no natural DataCo customer key; assigned into the selected customer spine.
93,T5093,C000431,5097,Jennifer Moore,Sydney Wagner,paul73@example.com,risk_weighted_assignment,0.65,Support source has no natural DataCo customer key; assigned into the selected customer spine.
94,T5094,C000540,4187,Jesse Mack,Jeremy Good,michael25@example.net,risk_weighted_assignment,0.65,Support source has no natural DataCo customer key; assigned into the selected customer spine.
95,T5095,C000772,40,Mary Smith,Scott Estrada,davidcox@example.org,risk_weighted_assignment,0.65,Support source has no natural DataCo customer key; assigned into the selected customer spine.
96,T5096,C001352,12061,Ruth Huffman,Linda Campbell,davisnatalie@example.net,risk_weighted_assignment,0.65,Support source has no natural DataCo customer key; assigned into the selected customer spine.
97,T5097,C001537,4494,Mary Smith,Charles Simpson,vanessa39@example.net,risk_weighted_assignment,0.65,Support source has no natural DataCo customer key; assigned into the selected customer spine.
98,T5098,C001599,8853,Richard Ali,Dan Newton,deleonedward@example.net,risk_weighted_assignment,0.65,Support source has no natural DataCo customer key; assigned into the selected customer spine.
99,T5099,C000114,3979,Mary Wagner,Nichole Huang,sheryldawson@example.org,risk_weighted_assignment,0.65,Support source has no natural DataCo customer key; assigned into the selected customer spine.
100,T5100,C000150,5173,Mary Smith,Eric Saunders,mark94@example.org,risk_weighted_assignment,0.65,Support source has no natural DataCo customer key; assigned into the selected customer spine.
101,T5101,C000228,123,Mary Mann,Maria Martinez,patriciathompson@example.org,risk_weighted_assignment,0.65,Support source has no natural DataCo customer key; assigned into the selected customer spine.
102,T5102,C000261,6643,Nicholas Smith,Danielle Rogers,andersoncourtney@example.org,risk_weighted_assignment,0.65,Support source has no natural DataCo customer key; assigned into the selected customer spine.
103,T5103,C000730,11777,Melissa Marsh,Amber Zamora,james45@example.com,risk_weighted_assignment,0.65,Support source has no natural DataCo customer key; assigned into the selected customer spine.
104,T5104,C000822,3272,Julie Smith,James Harris,jason93@example.org,risk_weighted_assignment,0.65,Support source has no natural DataCo customer key; assigned into the selected customer spine.
105,T5105,C000970,11262,Laura Lopez,Jill Glenn,malloryrogers@example.net,risk_weighted_assignment,0.65,Support source has no natural DataCo customer key; assigned into the selected customer spine.
106,T5106,C001000,9191,Marie Smith,Virginia Miller,lisahamilton@example.com,risk_weighted_assignment,0.65,Support source has no natural DataCo customer key; assigned into the selected customer spine.
107,T5107,C001175,7511,Mary Park,Miranda Morales,daniellebrown@example.net,risk_weighted_assignment,0.65,Support source has no natural DataCo customer key; assigned into the selected customer spine.
108,T5108,C001238,12322,Mary Cain,Laura Collins,douglasmccormick@example.net,risk_weighted_assignment,0.65,Support source has no natural DataCo customer key; assigned into the selected customer spine.
109,T5109,C001289,6179,Samuel Henderson,Justin Martin,mreeves@example.com,risk_weighted_assignment,0.65,Support source has no natural DataCo customer key; assigned into the selected customer spine.
110,T5110,C001489,1172,Marie Morales,Mario Hodge,kingthomas@example.com,risk_weighted_assignment,0.65,Support source has no natural DataCo customer key; assigned into the selected customer spine.
111,T5111,C001667,6584,Mary Smith,Brent Smith,bsummers@example.net,risk_weighted_assignment,0.65,Support source has no natural DataCo customer key; assigned into the selected customer spine.
112,T5112,C001775,9542,Mary Smith,Autumn Heath,matthew17@example.com,risk_weighted_assignment,0.65,Support source has no natural DataCo customer key; assigned into the selected customer spine.
113,T5113,C001856,3726,Robert Smith,Lisa Cantrell,cheryl25@example.net,risk_weighted_assignment,0.65,Support source has no natural DataCo customer key; assigned into the selected customer spine.
114,T5114,C001889,8180,Albert Smith,Stephanie Shea,changalicia@example.org,risk_weighted_assignment,0.65,Support source has no natural DataCo customer key; assigned into the selected customer spine.
115,T5115,C000125,3879,Melissa Davis,William Byrd,dflores@example.org,risk_weighted_assignment,0.65,Support source has no natural DataCo customer key; assigned into the selected customer spine.
116,T5116,C000354,10013,Jessica Smith,Anthony Miller,xelliott@example.net,risk_weighted_assignment,0.65,Support source has no natural DataCo customer key; assigned into the selected customer spine.
117,T5117,C000570,6553,Larry House,Sabrina Weber,eblankenship@example.net,risk_weighted_assignment,0.65,Support source has no natural DataCo customer key; assigned into the selected customer spine.
118,T5118,C000685,9432,Hannah Smith,Glenda Lopez,mary68@example.net,risk_weighted_assignment,0.65,Support source has no natural DataCo customer key; assigned into the selected customer spine.
119,T5119,C000760,8420,Gregory Fitzpatrick,Pedro Adams,amcgee@example.net,risk_weighted_assignment,0.65,Support source has no natural DataCo customer key; assigned into the selected customer spine.
120,T5120,C000857,2155,Joshua Mckinney,Sarah Stewart,kathleenmiller@example.net,risk_weighted_assignment,0.65,Support source has no natural DataCo customer key; assigned into the selected customer spine.
121,T5121,C000870,2027,Jennifer Mills,Anthony Harding,zachary60@example.net,risk_weighted_assignment,0.65,Support source has no natural DataCo customer key; assigned into the selected customer spine.
122,T5122,C000938,5413,Mary Smith,Alexander Blake,khenderson@example.org,risk_weighted_assignment,0.65,Support source has no natural DataCo customer key; assigned into the selected customer spine.
123,T5123,C001058,7771,Janice Jackson,Hunter Meza,dholmes@example.org,risk_weighted_assignment,0.65,Support source has no natural DataCo customer key; assigned into the selected customer spine.
124,T5124,C001063,8233,Mary Hanna,Molly Ramos,steven13@example.org,risk_weighted_assignment,0.65,Support source has no natural DataCo customer key; assigned into the selected customer spine.
125,T5125,C001254,846,Mary Powell,Julia Matthews,gkane@example.org,risk_weighted_assignment,0.65,Support source has no natural DataCo customer key; assigned into the selected customer spine.
126,T5126,C001508,10807,Benjamin Wilson,Austin Murphy,daniel46@example.com,risk_weighted_assignment,0.65,Support source has no natural DataCo customer key; assigned into the selected customer spine.
127,T5127,C001685,5349,Kenneth Martin,Melanie Garcia,walljohn@example.net,risk_weighted_assignment,0.65,Support source has no natural DataCo customer key; assigned into the selected customer spine.
128,T5128,C001726,4536,Mary Griffin,Mark Garcia,abigailbowen@example.net,risk_weighted_assignment,0.65,Support source has no natural DataCo customer key; assigned into the selected customer spine.
129,T5129,C001949,3147,Daniel Diaz,Sandra Nelson,jbaker@example.net,risk_weighted_assignment,0.65,Support source has no natural DataCo customer key; assigned into the selected customer spine.
130,T5130,C001969,8210,Mary Glenn,Sandra Buchanan,andrewacosta@example.net,risk_weighted_assignment,0.65,Support source has no natural DataCo customer key; assigned into the selected customer spine.
131,T5131,C001999,5120,Mary Smith,Joshua Anderson,jbartlett@example.org,risk_weighted_assignment,0.65,Support source has no natural DataCo customer key; assigned into the selected customer spine.
132,T5132,C000053,9883,Michelle Waters,Jill Baldwin,stephaniefitzpatrick@example.net,risk_weighted_assignment,0.65,Support source has no natural DataCo customer key; assigned into the selected customer spine.
133,T5133,C000087,3957,Thomas Smith,Aaron Hensley,tamara40@example.org,risk_weighted_assignment,0.65,Support source has no natural DataCo customer key; assigned into the selected customer spine.
134,T5134,C000204,10699,Mary Lee,Jill Walker,nicholas74@example.com,risk_weighted_assignment,0.65,Support source has no natural DataCo customer key; assigned into the selected customer spine.
135,T5135,C000292,10707,Mary Hansen,Nancy Bridges,tony74@example.org,risk_weighted_assignment,0.65,Support source has no natural DataCo customer key; assigned into the selected customer spine.
136,T5136,C000342,4936,Kyle Smith,Jessica Gomez,mrivera@example.org,risk_weighted_assignment,0.65,Support source has no natural DataCo customer key; assigned into the selected customer spine.
137,T5137,C000896,1688,Mary Blake,Andrew Turner,ajenkins@example.com,risk_weighted_assignment,0.65,Support source has no natural DataCo customer key; assigned into the selected customer spine.
138,T5138,C000969,4164,Mary Smith,Jack Lee,justinbarron@example.com,risk_weighted_assignment,0.65,Support source has no natural DataCo customer key; assigned into the selected customer spine.
139,T5139,C000997,4698,Mary Collier,Elizabeth Lopez,andrewkirby@example.org,risk_weighted_assignment,0.65,Support source has no natural DataCo customer key; assigned into the selected customer spine.
140,T5140,C001073,9726,Steven Smith,Amanda Miller,bishoprobin@example.com,risk_weighted_assignment,0.65,Support source has no natural DataCo customer key; assigned into the selected customer spine.
141,T5141,C001125,4815,Jerry Smith,Michael Burns,jamesrobertson@example.net,risk_weighted_assignment,0.65,Support source has no natural DataCo customer key; assigned into the selected customer spine.
142,T5142,C001253,4875,Edward Peters,Lisa Garcia,travis76@example.net,risk_weighted_assignment,0.65,Support source has no natural DataCo customer key; assigned into the selected customer spine.
143,T5143,C001296,11039,Mary Torres,Emily Hood,solismatthew@example.net,risk_weighted_assignment,0.65,Support source has no natural DataCo customer key; assigned into the selected customer spine.
144,T5144,C001411,11895,Timothy Walter,David Black,crystaledwards@example.org,risk_weighted_assignment,0.65,Support source has no natural DataCo customer key; assigned into the selected customer spine.
145,T5145,C001550,8381,Mary Anderson,Gregory Maynard,michael71@example.org,risk_weighted_assignment,0.65,Support source has no natural DataCo customer key; assigned into the selected customer spine.
146,T5146,C001567,6734,Mary Smith,Gregory Zhang,marie15@example.org,risk_weighted_assignment,0.65,Support source has no natural DataCo customer key; assigned into the selected customer spine.
147,T5147,C001612,6233,Mary Elliott,Katherine Gould,jason55@example.com,risk_weighted_assignment,0.65,Support source has no natural DataCo customer key; assigned into the selected customer spine.
148,T5148,C001934,1180,Mary Martin,Tyler Miller MD,prestonrobert@example.net,risk_weighted_assignment,0.65,Support source has no natural DataCo customer key; assigned into the selected customer spine.
149,T5149,C001940,6767,Brenda Carey,Rebecca Nelson,qmartin@example.com,risk_weighted_assignment,0.65,Support source has no natural DataCo customer key; assigned into the selected customer spine.
150,T5150,C002000,5781,Jack Stanley,Kenneth Cruz,thompsonamanda@example.org,risk_weighted_assignment,0.65,Support source has no natural DataCo customer key; assigned into the selected customer spine.
151,T5151,C000009,5654,Jerry Smith,Samantha Jackson,beardjessica@example.net,risk_weighted_assignment,0.65,Support source has no natural DataCo customer key; assigned into the selected customer spine.
152,T5152,C000017,4663,Paul Smith,Molly Wood,garciarebecca@example.org,risk_weighted_assignment,0.65,Support source has no natural DataCo customer key; assigned into the selected customer spine.
153,T5153,C000304,5321,Robert Rowe,Nicole Thomas,brucebrian@example.com,risk_weighted_assignment,0.65,Support source has no natural DataCo customer key; assigned into the selected customer spine.
154,T5154,C000438,3593,Christina Lewis,Amy Johnson,myerszachary@example.org,risk_weighted_assignment,0.65,Support source has no natural DataCo customer key; assigned into the selected customer spine.
155,T5155,C000549,2528,Mary Acevedo,Lauren Johnson,dperkins@example.org,risk_weighted_assignment,0.65,Support source has no natural DataCo customer key; assigned into the selected customer spine.
156,T5156,C000771,11313,Mary Smith,John Terry,mcross@example.com,risk_weighted_assignment,0.65,Support source has no natural DataCo customer key; assigned into the selected customer spine.
157,T5157,C000854,8981,Mary Bennett,Thomas Prince,rogergriffin@example.net,risk_weighted_assignment,0.65,Support source has no natural DataCo customer key; assigned into the selected customer spine.
158,T5158,C000924,12213,Mary Smith,Nancy Moore,shayden@example.net,risk_weighted_assignment,0.65,Support source has no natural DataCo customer key; assigned into the selected customer spine.
159,T5159,C001170,7910,Mary Camacho,Christopher Jenkins,williamsmegan@example.com,risk_weighted_assignment,0.65,Support source has no natural DataCo customer key; assigned into the selected customer spine.
160,T5160,C001234,9823,Mary Camacho,Tammy Wolf,roberthaas@example.net,risk_weighted_assignment,0.65,Support source has no natural DataCo customer key; assigned into the selected customer spine.
161,T5161,C001264,3021,Nancy Alvarado,Jenna Travis,michaelcollins@example.net,risk_weighted_assignment,0.65,Support source has no natural DataCo customer key; assigned into the selected customer spine.
162,T5162,C001353,5300,Joseph Smith,William Huerta,eortega@example.org,risk_weighted_assignment,0.65,Support source has no natural DataCo customer key; assigned into the selected customer spine.
163,T5163,C001422,642,Timothy Vasquez,Sarah Dougherty,angela60@example.org,risk_weighted_assignment,0.65,Support source has no natural DataCo customer key; assigned into the selected customer spine.
164,T5164,C001620,4997,Roy Todd,Brett Wu,jacob52@example.net,risk_weighted_assignment,0.65,Support source has no natural DataCo customer key; assigned into the selected customer spine.
165,T5165,C001761,2728,Mary Adams,Rebecca Patton,ballwilliam@example.com,risk_weighted_assignment,0.65,Support source has no natural DataCo customer key; assigned into the selected customer spine.
166,T5166,C001822,2129,William Charles,Joel Jones,mgonzalez@example.net,risk_weighted_assignment,0.65,Support source has no natural DataCo customer key; assigned into the selected customer spine.
167,T5167,C001972,11866,Mary Smith,Steven Johnson,rosssean@example.org,risk_weighted_assignment,0.65,Support source has no natural DataCo customer key; assigned into the selected customer spine.
168,T5168,C001978,10843,Cynthia Myers,Michael Coleman,elizabeth48@example.net,risk_weighted_assignment,0.65,Support source has no natural DataCo customer key; assigned into the selected customer spine.
169,T5169,C000386,688,Kathy Gross,Erica Turner,danielle09@example.com,risk_weighted_assignment,0.65,Support source has no natural DataCo customer key; assigned into the selected customer spine.
170,T5170,C000427,5013,Mary Peters,Sara Jones,toddheather@example.com,risk_weighted_assignment,0.65,Support source has no natural DataCo customer key; assigned into the selected customer spine.
171,T5171,C000699,6725,Mary Alexander,Angel Saunders,brandon58@example.com,risk_weighted_assignment,0.65,Support source has no natural DataCo customer key; assigned into the selected customer spine.
172,T5172,C000763,847,Jerry Ferguson,Anna Williams,cmartin@example.com,risk_weighted_assignment,0.65,Support source has no natural DataCo customer key; assigned into the selected customer spine.
173,T5173,C000891,8986,Mary Smith,Tiffany Davis,paulcarter@example.org,risk_weighted_assignment,0.65,Support source has no natural DataCo customer key; assigned into the selected customer spine.
174,T5174,C001309,11341,Mary Meyer,Seth Foster,fmoore@example.com,risk_weighted_assignment,0.65,Support source has no natural DataCo customer key; assigned into the selected customer spine.
175,T5175,C001312,7864,Alice Smith,Mike Ball,anthonyrusso@example.com,risk_weighted_assignment,0.65,Support source has no natural DataCo customer key; assigned into the selected customer spine.
176,T5176,C001954,8789,Helen Carroll,Mark Wright,sarah08@example.net,risk_weighted_assignment,0.65,Support source has no natural DataCo customer key; assigned into the selected customer spine.
177,T5177,C001959,4417,Arthur Alvarez,Sierra French,zachary81@example.net,risk_weighted_assignment,0.65,Support source has no natural DataCo customer key; assigned into the selected customer spine.
178,T5178,C000041,12285,Patrick Mcgee,Michelle Payne,matthewlewis@example.org,risk_weighted_assignment,0.65,Support source has no natural DataCo customer key; assigned into the selected customer spine.
179,T5179,C000102,11344,Mary Sparks,Emma Brock,michael72@example.net,risk_weighted_assignment,0.65,Support source has no natural DataCo customer key; assigned into the selected customer spine.
180,T5180,C000448,6789,Jessica Mcintosh,Gabrielle Camacho,odonnelljames@example.org,risk_weighted_assignment,0.65,Support source has no natural DataCo customer key; assigned into the selected customer spine.
181,T5181,C000468,2872,Mary Ortiz,Jeff Hart,johnsonjennifer@example.net,risk_weighted_assignment,0.65,Support source has no natural DataCo customer key; assigned into the selected customer spine.
182,T5182,C000473,6125,Jeremy Pennington,Dustin Ford,dustin11@example.com,risk_weighted_assignment,0.65,Support source has no natural DataCo customer key; assigned into the selected customer spine.
183,T5183,C000478,5579,Mary Hurley,James Roman,michele01@example.org,risk_weighted_assignment,0.65,Support source has no natural DataCo customer key; assigned into the selected customer spine.
184,T5184,C000597,10834,Susan Sullivan,Teresa Rivera,racheldouglas@example.com,risk_weighted_assignment,0.65,Support source has no natural DataCo customer key; assigned into the selected customer spine.
185,T5185,C000680,2893,Russell Wyatt,Stephanie Moore,ztaylor@example.net,risk_weighted_assignment,0.65,Support source has no natural DataCo customer key; assigned into the selected customer spine.
186,T5186,C000696,5640,Matthew Smith,Kaitlyn Rose,jamiesmith@example.com,risk_weighted_assignment,0.65,Support source has no natural DataCo customer key; assigned into the selected customer spine.
187,T5187,C000830,1762,Nicholas Smith,Matthew Thompson,kyle39@example.net,risk_weighted_assignment,0.65,Support source has no natural DataCo customer key; assigned into the selected customer spine.
188,T5188,C000984,7223,Mary Smith,Melissa Long,smosley@example.net,risk_weighted_assignment,0.65,Support source has no natural DataCo customer key; assigned into the selected customer spine.
189,T5189,C001051,10170,Mary Tyler,Beth Gonzales,claytoncheryl@example.net,risk_weighted_assignment,0.65,Support source has no natural DataCo customer key; assigned into the selected customer spine.
190,T5190,C001120,11407,Steven Powers,Terry Johnson,collinsheather@example.org,risk_weighted_assignment,0.65,Support source has no natural DataCo customer key; assigned into the selected customer spine.
191,T5191,C001149,956,Karen Smith,Regina Castillo,smithterri@example.com,risk_weighted_assignment,0.65,Support source has no natural DataCo customer key; assigned into the selected customer spine.
192,T5192,C001199,10308,Mary Smith,Jesus Cross,petersanders@example.com,risk_weighted_assignment,0.65,Support source has no natural DataCo customer key; assigned into the selected customer spine.
193,T5193,C001245,728,Anthony Rosario,Brandon Holland,michaelharris@example.org,risk_weighted_assignment,0.65,Support source has no natural DataCo customer key; assigned into the selected customer spine.
194,T5194,C001283,8260,Teresa Berg,Tiffany Wilson,allenpeter@example.net,risk_weighted_assignment,0.65,Support source has no natural DataCo customer key; assigned into the selected customer spine.
195,T5195,C001311,7163,Mary Jones,Cynthia Allen,rachelsmith@example.org,risk_weighted_assignment,0.65,Support source has no natural DataCo customer key; assigned into the selected customer spine.
196,T5196,C001483,12187,Mary Smith,Andre Jones,qfoster@example.org,risk_weighted_assignment,0.65,Support source has no natural DataCo customer key; assigned into the selected customer spine.
197,T5197,C001540,5859,Ronald Wilson,Kelly Brown,steindanny@example.net,risk_weighted_assignment,0.65,Support source has no natural DataCo customer key; assigned into the selected customer spine.
198,T5198,C001650,5585,Mary Wilson,Riley Hobbs,vincentanderson@example.net,risk_weighted_assignment,0.65,Support source has no natural DataCo customer key; assigned into the selected customer spine.
199,T5199,C001699,4877,Mary Greene,Michael Young,cmiller@example.org,risk_weighted_assignment,0.65,Support source has no natural DataCo customer key; assigned into the selected customer spine.
200,T5200,C001700,10495,Janet Gentry,Sierra Cole,hendersonjesse@example.net,risk_weighted_assignment,0.65,Support source has no natural DataCo customer key; assigned into the selected customer spine.
201,T5201,C001703,9552,Richard Wilkerson,Michelle Miller,hthomas@example.com,risk_weighted_assignment,0.65,Support source has no natural DataCo customer key; assigned into the selected customer spine.
202,T5202,C001840,2857,Eric Smith,Jamie Snyder,colemanalex@example.com,risk_weighted_assignment,0.65,Support source has no natural DataCo customer key; assigned into the selected customer spine.
203,T5203,C001890,10323,Eric Jensen,Jennifer Hays,gnixon@example.org,risk_weighted_assignment,0.65,Support source has no natural DataCo customer key; assigned into the selected customer spine.
204,T5204,C001891,7369,Mary Smith,Cameron Boyd,jeffrey03@example.net,risk_weighted_assignment,0.65,Support source has no natural DataCo customer key; assigned into the selected customer spine.
205,T5205,C000035,6375,Mary Smith,Hector Perez,erika47@example.org,risk_weighted_assignment,0.65,Support source has no natural DataCo customer key; assigned into the selected customer spine.
206,T5206,C000051,341,Mary Smith,Mary Williams,jennifer22@example.net,risk_weighted_assignment,0.65,Support source has no natural DataCo customer key; assigned into the selected customer spine.
207,T5207,C000151,4491,Mary Banks,James Pittman,kelseycurry@example.net,risk_weighted_assignment,0.65,Support source has no natural DataCo customer key; assigned into the selected customer spine.
208,T5208,C000181,10111,Mary Garcia,Amy Church,rtate@example.org,risk_weighted_assignment,0.65,Support source has no natural DataCo customer key; assigned into the selected customer spine.
209,T5209,C000356,12329,Scott Norman,Brenda Freeman,raymond21@example.com,risk_weighted_assignment,0.65,Support source has no natural DataCo customer key; assigned into the selected customer spine.
210,T5210,C000413,6836,Virginia Smith,Michael Phillips,castillochristopher@example.com,risk_weighted_assignment,0.65,Support source has no natural DataCo customer key; assigned into the selected customer spine.
211,T5211,C000450,9353,Michael Scott,Lydia Lewis,mitchellpatricia@example.net,risk_weighted_assignment,0.65,Support source has no natural DataCo customer key; assigned into the selected customer spine.
212,T5212,C000479,4406,Mary Smith,Jacob Villarreal,jonathan58@example.net,risk_weighted_assignment,0.65,Support source has no natural DataCo customer key; assigned into the selected customer spine.
213,T5213,C000595,10965,Robert Smith,Kevin Moore,banksbrittany@example.com,risk_weighted_assignment,0.65,Support source has no natural DataCo customer key; assigned into the selected customer spine.
214,T5214,C000637,8954,Mary Hayden,Steven Moore,martinezcory@example.net,risk_weighted_assignment,0.65,Support source has no natural DataCo customer key; assigned into the selected customer spine.
215,T5215,C000641,4200,Ralph Campbell,Jeanne Duncan,aguirrederrick@example.com,risk_weighted_assignment,0.65,Support source has no natural DataCo customer key; assigned into the selected customer spine.
216,T5216,C000703,465,Shawn Smith,Damon Kelly,reedalison@example.org,risk_weighted_assignment,0.65,Support source has no natural DataCo customer key; assigned into the selected customer spine.
217,T5217,C000712,5824,James Smith,Angela Thompson,walkerleslie@example.net,risk_weighted_assignment,0.65,Support source has no natural DataCo customer key; assigned into the selected customer spine.
218,T5218,C000717,6470,Douglas Smith,Manuel Wilkerson,millerjill@example.com,risk_weighted_assignment,0.65,Support source has no natural DataCo customer key; assigned into the selected customer spine.
219,T5219,C000736,3365,William Crawford,Jennifer Jones,zcoleman@example.net,risk_weighted_assignment,0.65,Support source has no natural DataCo customer key; assigned into the selected customer spine.
220,T5220,C000778,12341,Roy Fields,Brendan Lang II,timothy22@example.com,risk_weighted_assignment,0.65,Support source has no natural DataCo customer key; assigned into the selected customer spine.
221,T5221,C000900,9969,Mary Wright,Jacqueline Weaver,julie53@example.com,risk_weighted_assignment,0.65,Support source has no natural DataCo customer key; assigned into the selected customer spine.
222,T5222,C000922,9589,Jacqueline Arroyo,Richard Smith,wanderson@example.com,risk_weighted_assignment,0.65,Support source has no natural DataCo customer key; assigned into the selected customer spine.
223,T5223,C000967,5727,Mary Smith,Renee Brown,yhunter@example.com,risk_weighted_assignment,0.65,Support source has no natural DataCo customer key; assigned into the selected customer spine.
224,T5224,C000974,2250,Amanda Smith,Allison King,jensenwilliam@example.org,risk_weighted_assignment,0.65,Support source has no natural DataCo customer key; assigned into the selected customer spine.
225,T5225,C001037,254,Diana Hale,Allen Jones,elizabeth98@example.net,risk_weighted_assignment,0.65,Support source has no natural DataCo customer key; assigned into the selected customer spine.
226,T5226,C001153,5564,Mary Smith,Heather Hood,annaholder@example.com,risk_weighted_assignment,0.65,Support source has no natural DataCo customer key; assigned into the selected customer spine.
227,T5227,C001201,8529,Mary Watts,Angelica Tucker,vanessa77@example.net,risk_weighted_assignment,0.65,Support source has no natural DataCo customer key; assigned into the selected customer spine.
228,T5228,C001207,11362,Michael Harmon,Caroline Cummings,justinsmith@example.net,risk_weighted_assignment,0.65,Support source has no natural DataCo customer key; assigned into the selected customer spine.
229,T5229,C001276,3631,Mary Smith,Andrew Adams,riverapatricia@example.com,risk_weighted_assignment,0.65,Support source has no natural DataCo customer key; assigned into the selected customer spine.
230,T5230,C001349,9302,Melissa Smith,Rhonda Gomez,srivera@example.net,risk_weighted_assignment,0.65,Support source has no natural DataCo customer key; assigned into the selected customer spine.
231,T5231,C001414,1735,Mary Gill,Ricardo Alexander,brian74@example.com,risk_weighted_assignment,0.65,Support source has no natural DataCo customer key; assigned into the selected customer spine.
232,T5232,C001534,2319,Mary Holland,Amanda Johnson,dmalone@example.net,risk_weighted_assignment,0.65,Support source has no natural DataCo customer key; assigned into the selected customer spine.
233,T5233,C001642,11957,Mary Norman,Stephanie Bailey,scottvaughn@example.net,risk_weighted_assignment,0.65,Support source has no natural DataCo customer key; assigned into the selected customer spine.
234,T5234,C001656,6089,Laura Blair,Rachel Jones,andrea53@example.org,risk_weighted_assignment,0.65,Support source has no natural DataCo customer key; assigned into the selected customer spine.
235,T5235,C001915,359,Mary Pena,Ashley Wiggins,john06@example.org,risk_weighted_assignment,0.65,Support source has no natural DataCo customer key; assigned into the selected customer spine.
236,T5236,C001965,3807,Mary Huang,Ruth Fritz,williamnelson@example.net,risk_weighted_assignment,0.65,Support source has no natural DataCo customer key; assigned into the selected customer spine.
237,T5237,C000015,10351,Teresa Gray,Leslie Watson,robertogreen@example.com,risk_weighted_assignment,0.65,Support source has no natural DataCo customer key; assigned into the selected customer spine.
238,T5238,C000036,4781,Janet Smith,Marcia Lewis,lshaffer@example.com,risk_weighted_assignment,0.65,Support source has no natural DataCo customer key; assigned into the selected customer spine.
239,T5239,C000059,9962,Diana Smith,Christopher Henderson,diazjulie@example.net,risk_weighted_assignment,0.65,Support source has no natural DataCo customer key; assigned into the selected customer spine.
240,T5240,C000176,4627,Eric Lang,Sara Meza,jonesvictoria@example.net,risk_weighted_assignment,0.65,Support source has no natural DataCo customer key; assigned into the selected customer spine.
241,T5241,C000280,4588,Melissa Rosario,Michael Adams,jacklucas@example.org,risk_weighted_assignment,0.65,Support source has no natural DataCo customer key; assigned into the selected customer spine.
242,T5242,C000296,7664,Brandon Walker,Marcus Rice,tina56@example.com,risk_weighted_assignment,0.65,Support source has no natural DataCo customer key; assigned into the selected customer spine.
243,T5243,C000323,4980,Mary Wilson,Chelsea James,dana94@example.net,risk_weighted_assignment,0.65,Support source has no natural DataCo customer key; assigned into the selected customer spine.
244,T5244,C000327,7190,Mary Mckinney,Nicholas Scott,nicholaspacheco@example.org,risk_weighted_assignment,0.65,Support source has no natural DataCo customer key; assigned into the selected customer spine.
245,T5245,C000491,3423,Mary Smith,Kathleen Thornton,qburton@example.com,risk_weighted_assignment,0.65,Support source has no natural DataCo customer key; assigned into the selected customer spine.
246,T5246,C000665,10398,Mary Pierce,Andrea Wood,erica00@example.net,risk_weighted_assignment,0.65,Support source has no natural DataCo customer key; assigned into the selected customer spine.
247,T5247,C000708,8719,John Smith,Sean Irwin,mayerroger@example.com,risk_weighted_assignment,0.65,Support source has no natural DataCo customer key; assigned into the selected customer spine.
248,T5248,C000715,1940,Katherine Smith,Edward Bush,clarkadrian@example.org,risk_weighted_assignment,0.65,Support source has no natural DataCo customer key; assigned into the selected customer spine.
249,T5249,C000927,2680,Jennifer Ferguson,Jared Greene,shirleyweaver@example.com,risk_weighted_assignment,0.65,Support source has no natural DataCo customer key; assigned into the selected customer spine.
250,T5250,C001065,5548,Michael Crawford,David Madden,cathywatson@example.com,risk_weighted_assignment,0.65,Support source has no natural DataCo customer key; assigned into the selected customer spine.
251,T5251,C001119,6023,Shirley Webb,Zachary Weiss,cindy89@example.org,risk_weighted_assignment,0.65,Support source has no natural DataCo customer key; assigned into the selected customer spine.
252,T5252,C001157,436,Mary Smith,James Smith Jr.,rphelps@example.net,risk_weighted_assignment,0.65,Support source has no natural DataCo customer key; assigned into the selected customer spine.
253,T5253,C001226,12101,Samantha Smith,Rebecca Stokes,gallowaywillie@example.com,risk_weighted_assignment,0.65,Support source has no natural DataCo customer key; assigned into the selected customer spine.
254,T5254,C001310,8889,Evelyn Brown,Alexis Lynn,dawsontami@example.com,risk_weighted_assignment,0.65,Support source has no natural DataCo customer key; assigned into the selected customer spine.
255,T5255,C001402,6088,Mary Brooks,Wayne Jefferson,qking@example.org,risk_weighted_assignment,0.65,Support source has no natural DataCo customer key; assigned into the selected customer spine.
256,T5256,C001451,6287,Mary Smith,Michael Delgado,zbanks@example.com,risk_weighted_assignment,0.65,Support source has no natural DataCo customer key; assigned into the selected customer spine.
257,T5257,C001500,10062,Judith Smith,Sierra Stone,ewilliams@example.net,risk_weighted_assignment,0.65,Support source has no natural DataCo customer key; assigned into the selected customer spine.
258,T5258,C001618,285,Shirley Smith,Jon Bowen,pamdavis@example.com,risk_weighted_assignment,0.65,Support source has no natural DataCo customer key; assigned into the selected customer spine.
259,T5259,C001632,9575,John Richards,Melissa Green,walkerrachel@example.com,risk_weighted_assignment,0.65,Support source has no natural DataCo customer key; assigned into the selected customer spine.
260,T5260,C001648,175,Ronald Guzman,Ryan Johnson,makaylawillis@example.org,risk_weighted_assignment,0.65,Support source has no natural DataCo customer key; assigned into the selected customer spine.
261,T5261,C001671,12069,Brittany Gardner,Susan Lee,patrick20@example.com,risk_weighted_assignment,0.65,Support source has no natural DataCo customer key; assigned into the selected customer spine.
262,T5262,C001707,10883,Catherine Zamora,Matthew Taylor,robert08@example.org,risk_weighted_assignment,0.65,Support source has no natural DataCo customer key; assigned into the selected customer spine.
263,T5263,C001739,7607,Scott Smith,John Stewart,kristina97@example.net,risk_weighted_assignment,0.65,Support source has no natural DataCo customer key; assigned into the selected customer spine.
264,T5264,C001744,9932,Wayne Smith,Diane Flowers,yolandawilson@example.org,risk_weighted_assignment,0.65,Support source has no natural DataCo customer key; assigned into the selected customer spine.
265,T5265,C001774,2174,Rachel Fuentes,Joshua Shaw,valerie29@example.org,risk_weighted_assignment,0.65,Support source has no natural DataCo customer key; assigned into the selected customer spine.
266,T5266,C001867,4846,Mary Lambert,Emily Hill,ryan15@example.com,risk_weighted_assignment,0.65,Support source has no natural DataCo customer key; assigned into the selected customer spine.
267,T5267,C001966,7634,Pamela Ray,Garrett Shah,howardjerry@example.com,risk_weighted_assignment,0.65,Support source has no natural DataCo customer key; assigned into the selected customer spine.
268,T5268,C001981,1069,Mary Daniel,Bruce Morales,nelsonrichard@example.com,risk_weighted_assignment,0.65,Support source has no natural DataCo customer key; assigned into the selected customer spine.
269,T5269,C000018,3708,Judy Miller,Dennis Miller,ytownsend@example.net,risk_weighted_assignment,0.65,Support source has no natural DataCo customer key; assigned into the selected customer spine.
270,T5270,C000164,1025,Megan Todd,Kathleen Graves,coreymcmillan@example.net,risk_weighted_assignment,0.65,Support source has no natural DataCo customer key; assigned into the selected customer spine.
271,T5271,C000263,6137,Eric Smith,Patrick Byrd,wunderwood@example.net,risk_weighted_assignment,0.65,Support source has no natural DataCo customer key; assigned into the selected customer spine.
272,T5272,C000270,6474,Madison Smith,Sydney Rogers,rwaters@example.net,risk_weighted_assignment,0.65,Support source has no natural DataCo customer key; assigned into the selected customer spine.
273,T5273,C000278,4599,Mary Smith,John Fitzgerald,msweeney@example.net,risk_weighted_assignment,0.65,Support source has no natural DataCo customer key; assigned into the selected customer spine.
274,T5274,C000287,1824,Julia Tucker,Mary Barber,danielgray@example.com,risk_weighted_assignment,0.65,Support source has no natural DataCo customer key; assigned into the selected customer spine.
275,T5275,C000363,3635,Catherine Flowers,Bonnie Haley,obates@example.org,risk_weighted_assignment,0.65,Support source has no natural DataCo customer key; assigned into the selected customer spine.
276,T5276,C000581,10071,Mary Lawrence,Lisa Brown,kaufmanphillip@example.org,risk_weighted_assignment,0.65,Support source has no natural DataCo customer key; assigned into the selected customer spine.
277,T5277,C000599,5047,Shirley Whitehead,William Mckinney,theresadennis@example.net,risk_weighted_assignment,0.65,Support source has no natural DataCo customer key; assigned into the selected customer spine.
278,T5278,C000818,9690,Edward Mccoy,Brandon Brown,thomasraymond@example.net,risk_weighted_assignment,0.65,Support source has no natural DataCo customer key; assigned into the selected customer spine.
279,T5279,C000889,11089,Mary Smith,Bobby Ferguson,ogarcia@example.net,risk_weighted_assignment,0.65,Support source has no natural DataCo customer key; assigned into the selected customer spine.
280,T5280,C000893,5186,Jason Robinson,Rhonda Cook,jennifer58@example.net,risk_weighted_assignment,0.65,Support source has no natural DataCo customer key; assigned into the selected customer spine.
281,T5281,C001030,1990,Kathryn Smith,Mark Lambert,amyjohnson@example.org,risk_weighted_assignment,0.65,Support source has no natural DataCo customer key; assigned into the selected customer spine.
282,T5282,C001144,2169,Betty Ayala,Michael Hill,cryan@example.net,risk_weighted_assignment,0.65,Support source has no natural DataCo customer key; assigned into the selected customer spine.
283,T5283,C001160,5775,Joyce Garcia,Michelle Jenkins,brian45@example.com,risk_weighted_assignment,0.65,Support source has no natural DataCo customer key; assigned into the selected customer spine.
284,T5284,C001188,11116,Mary Wu,Timothy Morgan,larsonpamela@example.net,risk_weighted_assignment,0.65,Support source has no natural DataCo customer key; assigned into the selected customer spine.
285,T5285,C001373,1936,Jane Jennings,Gina Hunter,michealhernandez@example.com,risk_weighted_assignment,0.65,Support source has no natural DataCo customer key; assigned into the selected customer spine.
286,T5286,C001390,9463,Mary Key,Joshua Thomas,johnsonjames@example.com,risk_weighted_assignment,0.65,Support source has no natural DataCo customer key; assigned into the selected customer spine.
287,T5287,C001404,3493,Joseph Simmons,Richard Salas,anthonycooper@example.org,risk_weighted_assignment,0.65,Support source has no natural DataCo customer key; assigned into the selected customer spine.
288,T5288,C001412,7667,Henry Maldonado,Patrick Thomas,kingtricia@example.net,risk_weighted_assignment,0.65,Support source has no natural DataCo customer key; assigned into the selected customer spine.
289,T5289,C001444,7234,Mary Bowers,Robert Palmer,leah45@example.net,risk_weighted_assignment,0.65,Support source has no natural DataCo customer key; assigned into the selected customer spine.
290,T5290,C001547,7333,Julia Smith,Cameron Bennett,zhayes@example.org,risk_weighted_assignment,0.65,Support source has no natural DataCo customer key; assigned into the selected customer spine.
291,T5291,C001627,3752,Mary Vega,Darryl Edwards,valdezmark@example.net,risk_weighted_assignment,0.65,Support source has no natural DataCo customer key; assigned into the selected customer spine.
292,T5292,C001748,1385,Catherine Smith,Judy Joseph,lopezryan@example.com,risk_weighted_assignment,0.65,Support source has no natural DataCo customer key; assigned into the selected customer spine.
293,T5293,C001752,4456,Evelyn Spencer,Adrian Ford,robinsondonald@example.org,risk_weighted_assignment,0.65,Support source has no natural DataCo customer key; assigned into the selected customer spine.
294,T5294,C001764,5999,Randy Smith,Emily Edwards,vtownsend@example.com,risk_weighted_assignment,0.65,Support source has no natural DataCo customer key; assigned into the selected customer spine.
295,T5295,C001833,1249,Donald Odom,Brian Li,wcox@example.net,risk_weighted_assignment,0.65,Support source has no natural DataCo customer key; assigned into the selected customer spine.
296,T5296,C001847,3046,Mary Newman,Nicholas Henderson,lindsey54@example.org,risk_weighted_assignment,0.65,Support source has no natural DataCo customer key; assigned into the selected customer spine.
297,T5297,C001916,7564,Christopher Smith,Mindy Medina,thuffman@example.com,risk_weighted_assignment,0.65,Support source has no natural DataCo customer key; assigned into the selected customer spine.
298,T5298,C001948,5637,Mary Wong,Amy Byrd,zacharyjohnson@example.net,risk_weighted_assignment,0.65,Support source has no natural DataCo customer key; assigned into the selected customer spine.
299,T5299,C000046,1492,Gerald Patel,Stephen Lambert,george05@example.org,risk_weighted_assignment,0.65,Support source has no natural DataCo customer key; assigned into the selected customer spine.
300,T5300,C000052,2484,Sarah Smith,Kristine Bennett,sarah08@example.org,risk_weighted_assignment,0.65,Support source has no natural DataCo customer key; assigned into the selected customer spine.
301,T5301,C000086,3938,Mary Smith,Shaun Jackson,jennifer62@example.org,risk_weighted_assignment,0.65,Support source has no natural DataCo customer key; assigned into the selected customer spine.
302,T5302,C000132,11426,Mary Smith,Christopher Jones,mahoneydavid@example.net,risk_weighted_assignment,0.65,Support source has no natural DataCo customer key; assigned into the selected customer spine.
303,T5303,C000184,1844,Teresa Smith,Tara Stevenson,tevans@example.org,risk_weighted_assignment,0.65,Support source has no natural DataCo customer key; assigned into the selected customer spine.
304,T5304,C000198,11534,Mary Kim,Emily Combs,john57@example.com,risk_weighted_assignment,0.65,Support source has no natural DataCo customer key; assigned into the selected customer spine.
305,T5305,C000215,5015,Mary Gutierrez,Ryan Barnes,brianjones@example.com,risk_weighted_assignment,0.65,Support source has no natural DataCo customer key; assigned into the selected customer spine.
306,T5306,C000383,5395,Mary Bell,Whitney Mitchell,parkernelson@example.net,risk_weighted_assignment,0.65,Support source has no natural DataCo customer key; assigned into the selected customer spine.
307,T5307,C000429,10612,Anna Smith,Nathan Benson,henryelizabeth@example.net,risk_weighted_assignment,0.65,Support source has no natural DataCo customer key; assigned into the selected customer spine.
308,T5308,C000451,238,Charles Turner,Lynn Miller,kevinmoody@example.org,risk_weighted_assignment,0.65,Support source has no natural DataCo customer key; assigned into the selected customer spine.
309,T5309,C000457,8666,Mary Smith,Chelsea Diaz,jose81@example.com,risk_weighted_assignment,0.65,Support source has no natural DataCo customer key; assigned into the selected customer spine.
310,T5310,C000587,7575,Mary Romero,Clayton Vaughn,sstrong@example.net,risk_weighted_assignment,0.65,Support source has no natural DataCo customer key; assigned into the selected customer spine.
311,T5311,C000590,10258,Joyce Gonzalez,Raymond Hernandez,woodwardabigail@example.net,risk_weighted_assignment,0.65,Support source has no natural DataCo customer key; assigned into the selected customer spine.
312,T5312,C000655,7176,Mary Hudson,Bradley Jimenez,dvalentine@example.com,risk_weighted_assignment,0.65,Support source has no natural DataCo customer key; assigned into the selected customer spine.
313,T5313,C000748,11109,William Smith,Tara Foster,daniel23@example.net,risk_weighted_assignment,0.65,Support source has no natural DataCo customer key; assigned into the selected customer spine.
314,T5314,C000809,245,Deborah Smith,Joe Collins,jvaughn@example.com,risk_weighted_assignment,0.65,Support source has no natural DataCo customer key; assigned into the selected customer spine.
315,T5315,C000980,639,Elizabeth Pittman,Mrs. Katherine Butler,james32@example.com,risk_weighted_assignment,0.65,Support source has no natural DataCo customer key; assigned into the selected customer spine.
316,T5316,C001101,2157,Danielle Holt,Daniel Robles,lisa39@example.com,risk_weighted_assignment,0.65,Support source has no natural DataCo customer key; assigned into the selected customer spine.
317,T5317,C001227,1812,Mary Smith,Daniel Ryan,nicholasroy@example.com,risk_weighted_assignment,0.65,Support source has no natural DataCo customer key; assigned into the selected customer spine.
318,T5318,C001318,4400,Madison Morris,Tamara Olson,ashley51@example.com,risk_weighted_assignment,0.65,Support source has no natural DataCo customer key; assigned into the selected customer spine.
319,T5319,C001333,7318,John Allen,Mitchell Kidd,emily89@example.com,risk_weighted_assignment,0.65,Support source has no natural DataCo customer key; assigned into the selected customer spine.
320,T5320,C001357,8768,Evelyn Bradford,Jamie Green,qbaker@example.net,risk_weighted_assignment,0.65,Support source has no natural DataCo customer key; assigned into the selected customer spine.
321,T5321,C001360,2727,Henry Smith,James Galvan,james76@example.com,risk_weighted_assignment,0.65,Support source has no natural DataCo customer key; assigned into the selected customer spine.
322,T5322,C001369,10296,Mary Ramos,Tyler Stewart,hpatterson@example.net,risk_weighted_assignment,0.65,Support source has no natural DataCo customer key; assigned into the selected customer spine.
323,T5323,C001441,10165,Joan Buckley,Cindy Hale,nicole58@example.com,risk_weighted_assignment,0.65,Support source has no natural DataCo customer key; assigned into the selected customer spine.
324,T5324,C001496,11473,Mary Smith,Brittany Marshall,kylie70@example.org,risk_weighted_assignment,0.65,Support source has no natural DataCo customer key; assigned into the selected customer spine.
325,T5325,C001573,3978,Barbara Simmons,Helen Holloway,olee@example.org,risk_weighted_assignment,0.65,Support source has no natural DataCo customer key; assigned into the selected customer spine.
326,T5326,C001665,4795,Mary Smith,Karen Cook,mfoster@example.net,risk_weighted_assignment,0.65,Support source has no natural DataCo customer key; assigned into the selected customer spine.
327,T5327,C001694,6187,Mary Hess,Charles Brooks,hannah12@example.org,risk_weighted_assignment,0.65,Support source has no natural DataCo customer key; assigned into the selected customer spine.
328,T5328,C001722,9813,Mary Roth,Donald Wilson,pschroeder@example.com,risk_weighted_assignment,0.65,Support source has no natural DataCo customer key; assigned into the selected customer spine.
329,T5329,C001730,4133,Mary Snyder,Sharon Long,kevin42@example.org,risk_weighted_assignment,0.65,Support source has no natural DataCo customer key; assigned into the selected customer spine.
330,T5330,C001820,5719,Mary Smith,Marie Cobb,rosalessarah@example.net,risk_weighted_assignment,0.65,Support source has no natural DataCo customer key; assigned into the selected customer spine.
331,T5331,C001882,5276,Mary Martin,Carrie Cole,boydbrianna@example.net,risk_weighted_assignment,0.65,Support source has no natural DataCo customer key; assigned into the selected customer spine.
332,T5332,C000068,5648,Joshua Smith,James Price,alecleonard@example.net,risk_weighted_assignment,0.65,Support source has no natural DataCo customer key; assigned into the selected customer spine.
333,T5333,C000123,154,Emily May,Cindy Black,jeffersonsteven@example.org,risk_weighted_assignment,0.65,Support source has no natural DataCo customer key; assigned into the selected customer spine.
334,T5334,C000165,4539,Jacqueline James,Shannon Hill,goodrachel@example.org,risk_weighted_assignment,0.65,Support source has no natural DataCo customer key; assigned into the selected customer spine.
335,T5335,C000169,9073,Thomas Skinner,Tammy Stevenson,christopherconley@example.net,risk_weighted_assignment,0.65,Support source has no natural DataCo customer key; assigned into the selected customer spine.
336,T5336,C000387,8090,Mary Martinez,Louis Reynolds,haleyclay@example.net,risk_weighted_assignment,0.65,Support source has no natural DataCo customer key; assigned into the selected customer spine.
337,T5337,C000405,3816,Dorothy Smith,Jason Nicholson,frank35@example.org,risk_weighted_assignment,0.65,Support source has no natural DataCo customer key; assigned into the selected customer spine.
338,T5338,C000503,1802,Cynthia Smith,Brian Gutierrez,danielstodd@example.org,risk_weighted_assignment,0.65,Support source has no natural DataCo customer key; assigned into the selected customer spine.
339,T5339,C000556,9636,Mary Cruz,Edward Thompson,orowe@example.org,risk_weighted_assignment,0.65,Support source has no natural DataCo customer key; assigned into the selected customer spine.
340,T5340,C000592,10886,Scott Smith,Bradley Nelson,qmiller@example.com,risk_weighted_assignment,0.65,Support source has no natural DataCo customer key; assigned into the selected customer spine.
341,T5341,C000670,9946,Bryan Kaufman,Katherine Fleming,steven46@example.org,risk_weighted_assignment,0.65,Support source has no natural DataCo customer key; assigned into the selected customer spine.
342,T5342,C000674,5936,Michael Davis,Todd Garrett,lopezannette@example.com,risk_weighted_assignment,0.65,Support source has no natural DataCo customer key; assigned into the selected customer spine.
343,T5343,C000843,433,Mary Smith,Joshua Glover,buckrebecca@example.net,risk_weighted_assignment,0.65,Support source has no natural DataCo customer key; assigned into the selected customer spine.
344,T5344,C000907,1024,Paul Alvarado,Jeffrey Powell,hgarrett@example.net,risk_weighted_assignment,0.65,Support source has no natural DataCo customer key; assigned into the selected customer spine.
345,T5345,C001022,907,Samantha Kline,Leslie Gomez,maciascynthia@example.net,risk_weighted_assignment,0.65,Support source has no natural DataCo customer key; assigned into the selected customer spine.
346,T5346,C001098,4707,Victoria Smith,Hannah Gibbs,desiree63@example.com,risk_weighted_assignment,0.65,Support source has no natural DataCo customer key; assigned into the selected customer spine.
347,T5347,C001430,3503,Kathryn Davis,James Johnson,codyklein@example.net,risk_weighted_assignment,0.65,Support source has no natural DataCo customer key; assigned into the selected customer spine.
348,T5348,C001506,8605,Johnny Morse,Erica Boyer,hannah44@example.com,risk_weighted_assignment,0.65,Support source has no natural DataCo customer key; assigned into the selected customer spine.
349,T5349,C001566,2475,Dennis Hall,Mark Castro,aprilclayton@example.net,risk_weighted_assignment,0.65,Support source has no natural DataCo customer key; assigned into the selected customer spine.
350,T5350,C001705,10952,Mary Suarez,Matthew Richardson,michelle98@example.com,risk_weighted_assignment,0.65,Support source has no natural DataCo customer key; assigned into the selected customer spine.
351,T5351,C001723,10138,Louis Kennedy,Ryan Murillo,coopermaria@example.org,risk_weighted_assignment,0.65,Support source has no natural DataCo customer key; assigned into the selected customer spine.
352,T5352,C001740,3378,Mary Torres,Ryan Reed,darlene10@example.com,risk_weighted_assignment,0.65,Support source has no natural DataCo customer key; assigned into the selected customer spine.
353,T5353,C001878,1232,Betty Smith,Lisa Smith,hayeskyle@example.net,risk_weighted_assignment,0.65,Support source has no natural DataCo customer key; assigned into the selected customer spine.
354,T5354,C001914,12115,Lawrence Smith,Shannon Brooks,ryanbowman@example.com,risk_weighted_assignment,0.65,Support source has no natural DataCo customer key; assigned into the selected customer spine.
355,T5355,C001921,1807,Mary Curtis,Joan Smith,jessicaruiz@example.com,risk_weighted_assignment,0.65,Support source has no natural DataCo customer key; assigned into the selected customer spine.
356,T5356,C001945,9338,James Davis,Jenna Allen,pyoung@example.com,risk_weighted_assignment,0.65,Support source has no natural DataCo customer key; assigned into the selected customer spine.
357,T5357,C000014,664,Bobby Jimenez,Kimberly Davenport,jacqueline15@example.net,risk_weighted_assignment,0.65,Support source has no natural DataCo customer key; assigned into the selected customer spine.
358,T5358,C000128,9743,David Smith,James Serrano,gpruitt@example.net,risk_weighted_assignment,0.65,Support source has no natural DataCo customer key; assigned into the selected customer spine.
359,T5359,C000130,12039,Mary Wilson,James Lewis,curtis49@example.com,risk_weighted_assignment,0.65,Support source has no natural DataCo customer key; assigned into the selected customer spine.
360,T5360,C000137,5168,Mary Smith,Ashley Thomas,cruzmarc@example.net,risk_weighted_assignment,0.65,Support source has no natural DataCo customer key; assigned into the selected customer spine.
361,T5361,C000246,2773,Linda Hale,Andrea Cruz,sydneymoss@example.org,risk_weighted_assignment,0.65,Support source has no natural DataCo customer key; assigned into the selected customer spine.
362,T5362,C000332,697,Harold Pratt,Denise Taylor,bailey77@example.com,risk_weighted_assignment,0.65,Support source has no natural DataCo customer key; assigned into the selected customer spine.
363,T5363,C000335,12205,Roy Smith,Stephanie Gilbert,jgreer@example.com,risk_weighted_assignment,0.65,Support source has no natural DataCo customer key; assigned into the selected customer spine.
364,T5364,C000348,1782,Robert Smith,Cindy Thomas,floresnicholas@example.org,risk_weighted_assignment,0.65,Support source has no natural DataCo customer key; assigned into the selected customer spine.
365,T5365,C000364,10982,Joan Harris,Cindy Garza,nsmith@example.com,risk_weighted_assignment,0.65,Support source has no natural DataCo customer key; assigned into the selected customer spine.
366,T5366,C000370,542,Mary Smith,Alison Carroll,julia73@example.net,risk_weighted_assignment,0.65,Support source has no natural DataCo customer key; assigned into the selected customer spine.
367,T5367,C000459,10653,Mary Smith,Tracy Bentley,fsandoval@example.net,risk_weighted_assignment,0.65,Support source has no natural DataCo customer key; assigned into the selected customer spine.
368,T5368,C000559,5190,Mary Smith,Stephanie Douglas,martinkeith@example.com,risk_weighted_assignment,0.65,Support source has no natural DataCo customer key; assigned into the selected customer spine.
369,T5369,C000603,10493,Frances Taylor,Theresa Duran,danielbennett@example.net,risk_weighted_assignment,0.65,Support source has no natural DataCo customer key; assigned into the selected customer spine.
370,T5370,C000660,2384,Mary Mays,Lisa Stanton,nwelch@example.org,risk_weighted_assignment,0.65,Support source has no natural DataCo customer key; assigned into the selected customer spine.
371,T5371,C000677,4667,Cheryl Gonzalez,Brandon Mathews,teresa96@example.com,risk_weighted_assignment,0.65,Support source has no natural DataCo customer key; assigned into the selected customer spine.
372,T5372,C000824,3323,Megan Meyers,Daniel Lowe,wmassey@example.org,risk_weighted_assignment,0.65,Support source has no natural DataCo customer key; assigned into the selected customer spine.
373,T5373,C000847,4159,Mary Castillo,Travis Harris,melissa61@example.org,risk_weighted_assignment,0.65,Support source has no natural DataCo customer key; assigned into the selected customer spine.
374,T5374,C001329,6649,Mary Smith,Lisa Mcdowell,carterstephanie@example.org,risk_weighted_assignment,0.65,Support source has no natural DataCo customer key; assigned into the selected customer spine.
375,T5375,C001386,7403,Jason Smith,Kenneth Esparza,rodriguezmonique@example.org,risk_weighted_assignment,0.65,Support source has no natural DataCo customer key; assigned into the selected customer spine.
376,T5376,C001395,9573,Grace Gould,Cynthia Ramos MD,robert41@example.com,risk_weighted_assignment,0.65,Support source has no natural DataCo customer key; assigned into the selected customer spine.
377,T5377,C001431,9195,George Johns,Eric Harris,davisashley@example.net,risk_weighted_assignment,0.65,Support source has no natural DataCo customer key; assigned into the selected customer spine.
378,T5378,C001470,10942,Donald Smith,Leslie Smith,bbrown@example.com,risk_weighted_assignment,0.65,Support source has no natural DataCo customer key; assigned into the selected customer spine.
379,T5379,C001498,2255,Cheryl Kline,Thomas Garcia,jack76@example.org,risk_weighted_assignment,0.65,Support source has no natural DataCo customer key; assigned into the selected customer spine.
380,T5380,C001527,6417,Helen Gomez,Diana Thomas,charles04@example.org,risk_weighted_assignment,0.65,Support source has no natural DataCo customer key; assigned into the selected customer spine.
381,T5381,C001577,1828,Doris Alvarez,Tracy Guerrero,wandadavis@example.net,risk_weighted_assignment,0.65,Support source has no natural DataCo customer key; assigned into the selected customer spine.
382,T5382,C001623,11491,David Smith,Christopher Jones,matthewking@example.net,risk_weighted_assignment,0.65,Support source has no natural DataCo customer key; assigned into the selected customer spine.
383,T5383,C001624,1126,Mary Thompson,Yolanda Wilson,millerjennifer@example.com,risk_weighted_assignment,0.65,Support source has no natural DataCo customer key; assigned into the selected customer spine.
384,T5384,C001652,4547,Mary Molina,Antonio Herrera,ydean@example.com,risk_weighted_assignment,0.65,Support source has no natural DataCo customer key; assigned into the selected customer spine.
385,T5385,C001717,11836,Mary Clayton,Thomas Gray,michaelmiller@example.org,risk_weighted_assignment,0.65,Support source has no natural DataCo customer key; assigned into the selected customer spine.
386,T5386,C001851,4739,Mary Jimenez,Rachel Ballard,kimberlystevens@example.org,risk_weighted_assignment,0.65,Support source has no natural DataCo customer key; assigned into the selected customer spine.
387,T5387,C001869,4229,Barbara Smith,Michael Mitchell,richardssteven@example.com,risk_weighted_assignment,0.65,Support source has no natural DataCo customer key; assigned into the selected customer spine.
388,T5388,C001927,7687,Evelyn Valencia,David Zimmerman,jack82@example.net,risk_weighted_assignment,0.65,Support source has no natural DataCo customer key; assigned into the selected customer spine.
389,T5389,C001936,6425,Ruth Smith,Stanley Smith,mallen@example.net,risk_weighted_assignment,0.65,Support source has no natural DataCo customer key; assigned into the selected customer spine.
390,T5390,C001973,4436,Janice Smith,Rodney Shields,khernandez@example.com,risk_weighted_assignment,0.65,Support source has no natural DataCo customer key; assigned into the selected customer spine.
391,T5391,C000025,12431,Mary Rios,Aaron Reed,stacey08@example.org,risk_weighted_assignment,0.65,Support source has no natural DataCo customer key; assigned into the selected customer spine.
392,T5392,C000047,5691,James Brown,Steven Fox,jolson@example.org,risk_weighted_assignment,0.65,Support source has no natural DataCo customer key; assigned into the selected customer spine.
393,T5393,C000065,11888,Frank Barrett,Roger Shelton,oparks@example.com,risk_weighted_assignment,0.65,Support source has no natural DataCo customer key; assigned into the selected customer spine.
394,T5394,C000066,450,Kathryn Carter,Kimberly May,idrake@example.org,risk_weighted_assignment,0.65,Support source has no natural DataCo customer key; assigned into the selected customer spine.
395,T5395,C000097,11645,Mary Ward,April Wolf,smithrichard@example.com,risk_weighted_assignment,0.65,Support source has no natural DataCo customer key; assigned into the selected customer spine.
396,T5396,C000111,5828,Katherine Oconnell,Devon Bauer,beasleygerald@example.org,risk_weighted_assignment,0.65,Support source has no natural DataCo customer key; assigned into the selected customer spine.
397,T5397,C000117,6696,Mary Spencer,William Allen,jturner@example.org,risk_weighted_assignment,0.65,Support source has no natural DataCo customer key; assigned into the selected customer spine.
398,T5398,C000212,4659,Paul Smith,Jeffrey Russell,bradmolina@example.net,risk_weighted_assignment,0.65,Support source has no natural DataCo customer key; assigned into the selected customer spine.
399,T5399,C000242,685,Crystal Smith,Richard Jordan,turnerbarbara@example.net,risk_weighted_assignment,0.65,Support source has no natural DataCo customer key; assigned into the selected customer spine.
400,T5400,C000298,9107,Mark Nunez,Heather Jacobs,racheladams@example.net,risk_weighted_assignment,0.65,Support source has no natural DataCo customer key; assigned into the selected customer spine.
401,T5401,C000306,6130,Donald Rodriguez,James Love,hweaver@example.org,risk_weighted_assignment,0.65,Support source has no natural DataCo customer key; assigned into the selected customer spine.
402,T5402,C000321,1664,Mary Arnold,Rhonda Welch,pharper@example.com,risk_weighted_assignment,0.65,Support source has no natural DataCo customer key; assigned into the selected customer spine.
403,T5403,C000557,5207,Catherine Erickson,Julie Burns,nicole55@example.com,risk_weighted_assignment,0.65,Support source has no natural DataCo customer key; assigned into the selected customer spine.
404,T5404,C000589,4914,Mary Curtis,Ryan Taylor,kvasquez@example.com,risk_weighted_assignment,0.65,Support source has no natural DataCo customer key; assigned into the selected customer spine.
405,T5405,C000776,8587,James Roy,Tony Marsh,wmorris@example.org,risk_weighted_assignment,0.65,Support source has no natural DataCo customer key; assigned into the selected customer spine.
406,T5406,C000787,6229,Mary Smith,Brent Johnson,kathleennichols@example.org,risk_weighted_assignment,0.65,Support source has no natural DataCo customer key; assigned into the selected customer spine.
407,T5407,C000788,3020,Mary Smith,Lisa Martinez,ofritz@example.org,risk_weighted_assignment,0.65,Support source has no natural DataCo customer key; assigned into the selected customer spine.
408,T5408,C000901,4186,Joseph Smith,Kevin Wise,jason45@example.com,risk_weighted_assignment,0.65,Support source has no natural DataCo customer key; assigned into the selected customer spine.
409,T5409,C000959,8948,Russell Smith,Renee Castro,samuelgreer@example.net,risk_weighted_assignment,0.65,Support source has no natural DataCo customer key; assigned into the selected customer spine.
410,T5410,C001047,2334,Mary Morgan,Dustin Flores,patrickrivera@example.com,risk_weighted_assignment,0.65,Support source has no natural DataCo customer key; assigned into the selected customer spine.
411,T5411,C001091,4422,Mary Schwartz,Debra Ramirez,robertsonjohn@example.net,risk_weighted_assignment,0.65,Support source has no natural DataCo customer key; assigned into the selected customer spine.
412,T5412,C001107,12382,Jennifer Smith,Jaime Harvey,zhansen@example.com,risk_weighted_assignment,0.65,Support source has no natural DataCo customer key; assigned into the selected customer spine.
413,T5413,C001111,5198,Mary Smith,Daniel Ramsey,tonimacias@example.com,risk_weighted_assignment,0.65,Support source has no natural DataCo customer key; assigned into the selected customer spine.
414,T5414,C001167,6854,Mary Wade,Paul Hudson,etucker@example.net,risk_weighted_assignment,0.65,Support source has no natural DataCo customer key; assigned into the selected customer spine.
415,T5415,C001183,6025,Mary Smith,Ms. Stephanie Stein DDS,mathewsnicholas@example.net,risk_weighted_assignment,0.65,Support source has no natural DataCo customer key; assigned into the selected customer spine.
416,T5416,C001260,9352,Mary Lewis,Mr. Jason Schmitt,pamelajackson@example.net,risk_weighted_assignment,0.65,Support source has no natural DataCo customer key; assigned into the selected customer spine.
417,T5417,C001316,5051,Brenda Smith,Corey Barnes,conradelizabeth@example.org,risk_weighted_assignment,0.65,Support source has no natural DataCo customer key; assigned into the selected customer spine.
418,T5418,C001358,2325,Mary Johnson,Kimberly Johnson,qlee@example.net,risk_weighted_assignment,0.65,Support source has no natural DataCo customer key; assigned into the selected customer spine.
419,T5419,C001445,3477,Mary Smith,Kara Wright PhD,dawnmartinez@example.net,risk_weighted_assignment,0.65,Support source has no natural DataCo customer key; assigned into the selected customer spine.
420,T5420,C001467,6566,David Beck,Lisa Dixon,anna95@example.com,risk_weighted_assignment,0.65,Support source has no natural DataCo customer key; assigned into the selected customer spine.
421,T5421,C001571,2320,Katherine Smith,Brandon Guerrero,parkerjames@example.com,risk_weighted_assignment,0.65,Support source has no natural DataCo customer key; assigned into the selected customer spine.
422,T5422,C001579,3042,David Howell,Katherine Montgomery,jimenezkimberly@example.com,risk_weighted_assignment,0.65,Support source has no natural DataCo customer key; assigned into the selected customer spine.
423,T5423,C001684,5829,Mary Smith,Anna Dickerson,nicholas56@example.com,risk_weighted_assignment,0.65,Support source has no natural DataCo customer key; assigned into the selected customer spine.
424,T5424,C001712,7893,Lisa Smith,Ricky Rangel,nstanley@example.org,risk_weighted_assignment,0.65,Support source has no natural DataCo customer key; assigned into the selected customer spine.
425,T5425,C001800,6585,Andrew Turner,Brittany Hernandez,mcclureangela@example.org,risk_weighted_assignment,0.65,Support source has no natural DataCo customer key; assigned into the selected customer spine.
426,T5426,C001823,3153,Mary Smith,Kenneth Mejia,kathyhumphrey@example.net,risk_weighted_assignment,0.65,Support source has no natural DataCo customer key; assigned into the selected customer spine.
427,T5427,C001826,4477,Jonathan Smith,Melissa Anderson,perezrobert@example.com,risk_weighted_assignment,0.65,Support source has no natural DataCo customer key; assigned into the selected customer spine.
428,T5428,C000109,4812,Nathan Fritz,Lauren Fletcher,jlawson@example.com,risk_weighted_assignment,0.65,Support source has no natural DataCo customer key; assigned into the selected customer spine.
429,T5429,C000121,3554,Michael Smith,Jenna Ellis,kevinbrennan@example.net,risk_weighted_assignment,0.65,Support source has no natural DataCo customer key; assigned into the selected customer spine.
430,T5430,C000136,8170,Rachel Smith,Gina Cherry,leslie80@example.com,risk_weighted_assignment,0.65,Support source has no natural DataCo customer key; assigned into the selected customer spine.
431,T5431,C000177,3259,Mary Gallegos,Danielle Richardson,collin34@example.net,risk_weighted_assignment,0.65,Support source has no natural DataCo customer key; assigned into the selected customer spine.
432,T5432,C000225,8522,Mary Smith,Matthew Peters,lawrencestephen@example.net,risk_weighted_assignment,0.65,Support source has no natural DataCo customer key; assigned into the selected customer spine.
433,T5433,C000251,11218,Louis Novak,Richard Jennings,richardsnancy@example.net,risk_weighted_assignment,0.65,Support source has no natural DataCo customer key; assigned into the selected customer spine.
434,T5434,C000324,3800,Shawn Smith,Selena Bauer,sarajones@example.net,risk_weighted_assignment,0.65,Support source has no natural DataCo customer key; assigned into the selected customer spine.
435,T5435,C000460,7830,Christina Carroll,Michael Matthews,fhoffman@example.org,risk_weighted_assignment,0.65,Support source has no natural DataCo customer key; assigned into the selected customer spine.
436,T5436,C000520,6514,Crystal Contreras,Rebecca Gilmore,ocannon@example.org,risk_weighted_assignment,0.65,Support source has no natural DataCo customer key; assigned into the selected customer spine.
437,T5437,C000526,2451,Joshua Garcia,Kiara Brooks,kennethdominguez@example.org,risk_weighted_assignment,0.65,Support source has no natural DataCo customer key; assigned into the selected customer spine.
438,T5438,C000533,4943,Paul Sosa,Timothy Holder,vrichardson@example.net,risk_weighted_assignment,0.65,Support source has no natural DataCo customer key; assigned into the selected customer spine.
439,T5439,C000560,5658,Michael Wiley,Taylor Burnett,newmaneric@example.org,risk_weighted_assignment,0.65,Support source has no natural DataCo customer key; assigned into the selected customer spine.
440,T5440,C000783,7790,Edward Castaneda,Dr. Shane Day,marymcdaniel@example.com,risk_weighted_assignment,0.65,Support source has no natural DataCo customer key; assigned into the selected customer spine.
441,T5441,C000882,8174,Jane Simmons,Andrew Foster,bkelly@example.net,risk_weighted_assignment,0.65,Support source has no natural DataCo customer key; assigned into the selected customer spine.
442,T5442,C000916,8681,Cynthia Smith,Suzanne Miller,stephenperry@example.com,risk_weighted_assignment,0.65,Support source has no natural DataCo customer key; assigned into the selected customer spine.
443,T5443,C000998,8790,Mary Keller,Carlos Ochoa,hcarter@example.com,risk_weighted_assignment,0.65,Support source has no natural DataCo customer key; assigned into the selected customer spine.
444,T5444,C001004,1494,Rebecca Ortiz,Veronica White,turnerandrew@example.org,risk_weighted_assignment,0.65,Support source has no natural DataCo customer key; assigned into the selected customer spine.
445,T5445,C001017,1365,Evelyn Smith,Dr. Lindsay Hernandez,jasonroman@example.com,risk_weighted_assignment,0.65,Support source has no natural DataCo customer key; assigned into the selected customer spine.
446,T5446,C001035,586,Patricia Jefferson,Sheila Guerra,mcmillanemily@example.net,risk_weighted_assignment,0.65,Support source has no natural DataCo customer key; assigned into the selected customer spine.
447,T5447,C001039,12384,Raymond Berry,Mason Wilson,tharmon@example.net,risk_weighted_assignment,0.65,Support source has no natural DataCo customer key; assigned into the selected customer spine.
448,T5448,C001042,5878,Sharon Smith,Matthew Hayes,erikasanchez@example.com,risk_weighted_assignment,0.65,Support source has no natural DataCo customer key; assigned into the selected customer spine.
449,T5449,C001118,11984,Richard Smith,Christopher Smith,ogarcia@example.org,risk_weighted_assignment,0.65,Support source has no natural DataCo customer key; assigned into the selected customer spine.
450,T5450,C001168,11512,Mary Randall,Walter Young,jasminekennedy@example.org,risk_weighted_assignment,0.65,Support source has no natural DataCo customer key; assigned into the selected customer spine.
451,T5451,C001288,927,Diana Smith,Katherine Stone,thomashoover@example.net,risk_weighted_assignment,0.65,Support source has no natural DataCo customer key; assigned into the selected customer spine.
452,T5452,C001300,354,Edward Peterson,Hannah Norton,david91@example.net,risk_weighted_assignment,0.65,Support source has no natural DataCo customer key; assigned into the selected customer spine.
453,T5453,C001417,10951,Austin Weiss,Teresa Davenport,rileyemily@example.org,risk_weighted_assignment,0.65,Support source has no natural DataCo customer key; assigned into the selected customer spine.
454,T5454,C001522,11504,Mary Smith,Tamara Ferguson DVM,yangmichelle@example.com,risk_weighted_assignment,0.65,Support source has no natural DataCo customer key; assigned into the selected customer spine.
455,T5455,C001643,12178,Mary Mcgee,Jerry Good,russellsharon@example.net,risk_weighted_assignment,0.65,Support source has no natural DataCo customer key; assigned into the selected customer spine.
456,T5456,C001663,929,Alan Smith,Denise Huang,amanda00@example.org,risk_weighted_assignment,0.65,Support source has no natural DataCo customer key; assigned into the selected customer spine.
457,T5457,C001687,12261,Mary Harris,Christopher Peters,tinahughes@example.org,risk_weighted_assignment,0.65,Support source has no natural DataCo customer key; assigned into the selected customer spine.
458,T5458,C001695,203,Madison Blankenship,Marissa Davis,adkinsdaniel@example.net,risk_weighted_assignment,0.65,Support source has no natural DataCo customer key; assigned into the selected customer spine.
459,T5459,C001708,937,Daniel Cole,Dana Flowers,baileyjohn@example.net,risk_weighted_assignment,0.65,Support source has no natural DataCo customer key; assigned into the selected customer spine.
460,T5460,C001736,6602,Robert Smith,Denise Jones,michaelbell@example.net,risk_weighted_assignment,0.65,Support source has no natural DataCo customer key; assigned into the selected customer spine.
461,T5461,C001788,9572,Mary Nelson,Julia Davis,matthew81@example.net,risk_weighted_assignment,0.65,Support source has no natural DataCo customer key; assigned into the selected customer spine.
462,T5462,C001798,1793,Mary Burke,Marissa Johnston,richardsyvonne@example.com,risk_weighted_assignment,0.65,Support source has no natural DataCo customer key; assigned into the selected customer spine.
463,T5463,C001876,5445,Alexander Pugh,Ryan Palmer,odixon@example.org,risk_weighted_assignment,0.65,Support source has no natural DataCo customer key; assigned into the selected customer spine.
464,T5464,C001912,3968,Catherine Pacheco,Michael Miller,douglasvilla@example.com,risk_weighted_assignment,0.65,Support source has no natural DataCo customer key; assigned into the selected customer spine.
465,T5465,C000107,9490,Mary Glass,Dustin Smith,phillipnorton@example.com,risk_weighted_assignment,0.65,Support source has no natural DataCo customer key; assigned into the selected customer spine.
466,T5466,C000189,7597,Catherine Smith,Scott Bennett,ybradshaw@example.net,risk_weighted_assignment,0.65,Support source has no natural DataCo customer key; assigned into the selected customer spine.
467,T5467,C000202,2197,Joseph Smith,Norman Randolph,connor77@example.org,risk_weighted_assignment,0.65,Support source has no natural DataCo customer key; assigned into the selected customer spine.
468,T5468,C000294,1578,Lisa Harper,Dean Jones,jonathan30@example.net,risk_weighted_assignment,0.65,Support source has no natural DataCo customer key; assigned into the selected customer spine.
469,T5469,C000371,3337,Jeffrey Smith,Edward Scott,mmelton@example.net,risk_weighted_assignment,0.65,Support source has no natural DataCo customer key; assigned into the selected customer spine.
470,T5470,C000412,1503,Mary Garner,Joshua Peters,larry32@example.com,risk_weighted_assignment,0.65,Support source has no natural DataCo customer key; assigned into the selected customer spine.
471,T5471,C000440,2755,Andrew Smith,Michael Hammond,austinmichele@example.com,risk_weighted_assignment,0.65,Support source has no natural DataCo customer key; assigned into the selected customer spine.
472,T5472,C000543,1901,Jacob Smith,Samantha Ryan,emanning@example.org,risk_weighted_assignment,0.65,Support source has no natural DataCo customer key; assigned into the selected customer spine.
473,T5473,C000594,12064,Tammy Smith,Amanda Davis,lisamorales@example.net,risk_weighted_assignment,0.65,Support source has no natural DataCo customer key; assigned into the selected customer spine.
474,T5474,C000600,7268,Mary Reed,James Escobar,huertaryan@example.com,risk_weighted_assignment,0.65,Support source has no natural DataCo customer key; assigned into the selected customer spine.
475,T5475,C000666,10095,Michelle Smith,Holly Simon,oconnoremma@example.net,risk_weighted_assignment,0.65,Support source has no natural DataCo customer key; assigned into the selected customer spine.
476,T5476,C000688,2969,Mary Fernandez,Matthew Wilson,wilsondavid@example.org,risk_weighted_assignment,0.65,Support source has no natural DataCo customer key; assigned into the selected customer spine.
477,T5477,C000706,6256,Mary Murray,Hunter Armstrong,schultzdaniel@example.net,risk_weighted_assignment,0.65,Support source has no natural DataCo customer key; assigned into the selected customer spine.
478,T5478,C000713,7327,Tammy Hood,Sandra Hale,ritterwalter@example.org,risk_weighted_assignment,0.65,Support source has no natural DataCo customer key; assigned into the selected customer spine.
479,T5479,C000745,4721,Scott Keith,James David,james81@example.org,risk_weighted_assignment,0.65,Support source has no natural DataCo customer key; assigned into the selected customer spine.
480,T5480,C000821,3074,Mary Smith,Samantha Vega,hhall@example.com,risk_weighted_assignment,0.65,Support source has no natural DataCo customer key; assigned into the selected customer spine.
481,T5481,C000831,7013,Amber Smith,Brianna Ramos,kmorales@example.com,risk_weighted_assignment,0.65,Support source has no natural DataCo customer key; assigned into the selected customer spine.
482,T5482,C000838,5741,Mary Spencer,Arthur Massey,castillotheodore@example.org,risk_weighted_assignment,0.65,Support source has no natural DataCo customer key; assigned into the selected customer spine.
483,T5483,C000859,5302,Betty Smith,Matthew Dominguez,jasonwallace@example.org,risk_weighted_assignment,0.65,Support source has no natural DataCo customer key; assigned into the selected customer spine.
484,T5484,C000866,9789,Daniel Valdez,Brandi Torres,janetfox@example.com,risk_weighted_assignment,0.65,Support source has no natural DataCo customer key; assigned into the selected customer spine.
485,T5485,C000929,9992,Mary Smith,Carrie Wise,coopergloria@example.net,risk_weighted_assignment,0.65,Support source has no natural DataCo customer key; assigned into the selected customer spine.
486,T5486,C000930,4959,Laura Baldwin,Karen Torres,gabriellamcdonald@example.org,risk_weighted_assignment,0.65,Support source has no natural DataCo customer key; assigned into the selected customer spine.
487,T5487,C000963,7042,Mary Hudson,Seth Johnson,stevenmiller@example.net,risk_weighted_assignment,0.65,Support source has no natural DataCo customer key; assigned into the selected customer spine.
488,T5488,C001071,8365,Matthew Norman,Patricia Moore,johnsonapril@example.net,risk_weighted_assignment,0.65,Support source has no natural DataCo customer key; assigned into the selected customer spine.
489,T5489,C001129,11765,Steven Smith,Lucas Bell,eoconnor@example.net,risk_weighted_assignment,0.65,Support source has no natural DataCo customer key; assigned into the selected customer spine.
490,T5490,C001154,3926,Ann Allison,Todd Estrada,john49@example.com,risk_weighted_assignment,0.65,Support source has no natural DataCo customer key; assigned into the selected customer spine.
491,T5491,C001208,6356,Mary Smith,William Nelson,andre05@example.net,risk_weighted_assignment,0.65,Support source has no natural DataCo customer key; assigned into the selected customer spine.
492,T5492,C001328,8298,Theresa Russell,Connie Tapia,lwong@example.org,risk_weighted_assignment,0.65,Support source has no natural DataCo customer key; assigned into the selected customer spine.
493,T5493,C001334,10925,Marie Abbott,Susan Green MD,smithjames@example.com,risk_weighted_assignment,0.65,Support source has no natural DataCo customer key; assigned into the selected customer spine.
494,T5494,C001598,2321,Mary Patel,Crystal Bell,lroberts@example.com,risk_weighted_assignment,0.65,Support source has no natural DataCo customer key; assigned into the selected customer spine.
495,T5495,C001639,4915,Matthew Juarez,Cody Ewing,staffordlauren@example.com,risk_weighted_assignment,0.65,Support source has no natural DataCo customer key; assigned into the selected customer spine.
496,T5496,C001683,4855,Tyler Key,Kenneth Larson,walexander@example.com,risk_weighted_assignment,0.65,Support source has no natural DataCo customer key; assigned into the selected customer spine.
497,T5497,C001698,8554,Evelyn Smith,Michael Morgan,angelakelley@example.com,risk_weighted_assignment,0.65,Support source has no natural DataCo customer key; assigned into the selected customer spine.
498,T5498,C001724,7721,Mary Jenkins,Darrell Cook,theresa00@example.net,risk_weighted_assignment,0.65,Support source has no natural DataCo customer key; assigned into the selected customer spine.
499,T5499,C001918,5236,Jessica Roberts,Jillian Hester,diazjanice@example.org,risk_weighted_assignment,0.65,Support source has no natural DataCo customer key; assigned into the selected customer spine.
500,T5500,C001953,2676,Jeffrey Smith,William Mccann,richard23@example.com,risk_weighted_assignment,0.65,Support source has no natural DataCo customer key; assigned into the selected customer spine.
501,T5501,C000004,1657,Betty Phillips,Scott Turner,sheila90@example.com,risk_weighted_assignment,0.65,Support source has no natural DataCo customer key; assigned into the selected customer spine.
502,T5502,C000034,9557,Mary Figueroa,April Rogers,shelley50@example.org,risk_weighted_assignment,0.65,Support source has no natural DataCo customer key; assigned into the selected customer spine.
503,T5503,C000093,1540,Mary Mckee,Megan Wolf,tony64@example.org,risk_weighted_assignment,0.65,Support source has no natural DataCo customer key; assigned into the selected customer spine.
504,T5504,C000210,6664,Mary Hall,William Lane,igonzales@example.org,risk_weighted_assignment,0.65,Support source has no natural DataCo customer key; assigned into the selected customer spine.
505,T5505,C000274,11931,Elizabeth Howell,Jillian Lawson,brownbradley@example.com,risk_weighted_assignment,0.65,Support source has no natural DataCo customer key; assigned into the selected customer spine.
506,T5506,C000399,8368,Susan Smith,Justin Park,sheltongary@example.org,risk_weighted_assignment,0.65,Support source has no natural DataCo customer key; assigned into the selected customer spine.
507,T5507,C000462,3295,Maria Joseph,Jose Bradley,bettyhenderson@example.com,risk_weighted_assignment,0.65,Support source has no natural DataCo customer key; assigned into the selected customer spine.
508,T5508,C000553,10253,Kyle Smith,Kelly Hernandez,robert48@example.com,risk_weighted_assignment,0.65,Support source has no natural DataCo customer key; assigned into the selected customer spine.
509,T5509,C000636,2844,Robert Smith,Lawrence Davis,browngregory@example.net,risk_weighted_assignment,0.65,Support source has no natural DataCo customer key; assigned into the selected customer spine.
510,T5510,C000710,744,Gary Hodges,Sean Tucker,franciselizabeth@example.com,risk_weighted_assignment,0.65,Support source has no natural DataCo customer key; assigned into the selected customer spine.
511,T5511,C000727,10543,Jonathan Smith,Michael Odonnell,zobrien@example.net,risk_weighted_assignment,0.65,Support source has no natural DataCo customer key; assigned into the selected customer spine.
512,T5512,C000754,11700,Ruth Smith,Steven Pham,ewilson@example.com,risk_weighted_assignment,0.65,Support source has no natural DataCo customer key; assigned into the selected customer spine.
513,T5513,C000781,4991,Mary Krause,Leah Riley,lisapena@example.net,risk_weighted_assignment,0.65,Support source has no natural DataCo customer key; assigned into the selected customer spine.
514,T5514,C000795,9819,Crystal Smith,William Garcia,webbbrian@example.net,risk_weighted_assignment,0.65,Support source has no natural DataCo customer key; assigned into the selected customer spine.
515,T5515,C000800,12210,Mary Smith,Robert Duffy,murphytara@example.org,risk_weighted_assignment,0.65,Support source has no natural DataCo customer key; assigned into the selected customer spine.
516,T5516,C000845,5093,Sara Rice,Steven Henry,miranda59@example.com,risk_weighted_assignment,0.65,Support source has no natural DataCo customer key; assigned into the selected customer spine.
517,T5517,C000849,3676,Mary Smith,Richard Elliott,wrightmichael@example.org,risk_weighted_assignment,0.65,Support source has no natural DataCo customer key; assigned into the selected customer spine.
518,T5518,C000863,4931,Arthur Smith,Zachary Brandt,zgallagher@example.com,risk_weighted_assignment,0.65,Support source has no natural DataCo customer key; assigned into the selected customer spine.
519,T5519,C000892,9847,Mary Smith,Andrew Smith,zjones@example.com,risk_weighted_assignment,0.65,Support source has no natural DataCo customer key; assigned into the selected customer spine.
520,T5520,C000923,4238,Bryan Griffin,Stephanie Roach,normahunt@example.com,risk_weighted_assignment,0.65,Support source has no natural DataCo customer key; assigned into the selected customer spine.
521,T5521,C000971,242,Mary Stein,Ashley Rojas,tiffanyzuniga@example.com,risk_weighted_assignment,0.65,Support source has no natural DataCo customer key; assigned into the selected customer spine.
522,T5522,C001021,10545,Kenneth Smith,Gina Hull,catherineduarte@example.com,risk_weighted_assignment,0.65,Support source has no natural DataCo customer key; assigned into the selected customer spine.
523,T5523,C001087,376,Grace Sanchez,Richard Cunningham,camachojason@example.com,risk_weighted_assignment,0.65,Support source has no natural DataCo customer key; assigned into the selected customer spine.
524,T5524,C001110,4109,Scott Shaffer,Sydney Hawkins,ashley75@example.com,risk_weighted_assignment,0.65,Support source has no natural DataCo customer key; assigned into the selected customer spine.
525,T5525,C001152,5388,David Ashley,Heather Dawson,xkelly@example.com,risk_weighted_assignment,0.65,Support source has no natural DataCo customer key; assigned into the selected customer spine.
526,T5526,C001172,7593,Roger Bowman,Cody Bailey,lori66@example.com,risk_weighted_assignment,0.65,Support source has no natural DataCo customer key; assigned into the selected customer spine.
527,T5527,C001249,383,Evelyn Smith,Roger Pitts,annacarey@example.org,risk_weighted_assignment,0.65,Support source has no natural DataCo customer key; assigned into the selected customer spine.
528,T5528,C001274,8674,Mary Rhodes,George Reed,briandaniels@example.org,risk_weighted_assignment,0.65,Support source has no natural DataCo customer key; assigned into the selected customer spine.
529,T5529,C001294,140,Amanda Smith,Sandra Nixon,heathshannon@example.net,risk_weighted_assignment,0.65,Support source has no natural DataCo customer key; assigned into the selected customer spine.
530,T5530,C001302,2783,Mary Willis,Michael Bryant,kingcharles@example.org,risk_weighted_assignment,0.65,Support source has no natural DataCo customer key; assigned into the selected customer spine.
531,T5531,C001322,9058,Mary Ramos,Joy Allen,heathergonzalez@example.org,risk_weighted_assignment,0.65,Support source has no natural DataCo customer key; assigned into the selected customer spine.
532,T5532,C001443,11032,Mary Welch,Andres Shelton,melinda35@example.com,risk_weighted_assignment,0.65,Support source has no natural DataCo customer key; assigned into the selected customer spine.
533,T5533,C001463,6671,Randy Chambers,Donna Jenkins,michelle90@example.com,risk_weighted_assignment,0.65,Support source has no natural DataCo customer key; assigned into the selected customer spine.
534,T5534,C001570,11560,Walter Walton,Joseph Nguyen,bdavis@example.com,risk_weighted_assignment,0.65,Support source has no natural DataCo customer key; assigned into the selected customer spine.
535,T5535,C001679,9309,Mary Wilson,Holly Perez,martinangela@example.com,risk_weighted_assignment,0.65,Support source has no natural DataCo customer key; assigned into the selected customer spine.
536,T5536,C001725,1460,George Williams,Brenda Robbins,barnettcolleen@example.org,risk_weighted_assignment,0.65,Support source has no natural DataCo customer key; assigned into the selected customer spine.
537,T5537,C001776,8430,Gloria Smith,Rebecca Wood,roberta54@example.com,risk_weighted_assignment,0.65,Support source has no natural DataCo customer key; assigned into the selected customer spine.
538,T5538,C001829,8403,Joseph Smith,Mr. James Norman,zthomas@example.org,risk_weighted_assignment,0.65,Support source has no natural DataCo customer key; assigned into the selected customer spine.
539,T5539,C001854,1473,Anthony Young,John Anderson,agraves@example.org,risk_weighted_assignment,0.65,Support source has no natural DataCo customer key; assigned into the selected customer spine.
540,T5540,C001881,8120,Stephanie Perry,Barbara Barnes,gfowler@example.org,risk_weighted_assignment,0.65,Support source has no natural DataCo customer key; assigned into the selected customer spine.
541,T5541,C001907,12288,Karen Smith,Melissa Turner,lwilliams@example.com,risk_weighted_assignment,0.65,Support source has no natural DataCo customer key; assigned into the selected customer spine.
542,T5542,C000124,10549,Mary Atkinson,Misty Mendez,thomasjoel@example.com,risk_weighted_assignment,0.65,Support source has no natural DataCo customer key; assigned into the selected customer spine.
543,T5543,C000183,7857,Jean Bentley,Teresa Jimenez,stevenchen@example.net,risk_weighted_assignment,0.65,Support source has no natural DataCo customer key; assigned into the selected customer spine.
544,T5544,C000195,11337,Mary Howell,Amanda Robertson,howard95@example.com,risk_weighted_assignment,0.65,Support source has no natural DataCo customer key; assigned into the selected customer spine.
545,T5545,C000265,9928,Mary Smith,Justin Rowland,graykatie@example.com,risk_weighted_assignment,0.65,Support source has no natural DataCo customer key; assigned into the selected customer spine.
546,T5546,C000307,3781,Richard Lara,Charles Hernandez,thill@example.net,risk_weighted_assignment,0.65,Support source has no natural DataCo customer key; assigned into the selected customer spine.
547,T5547,C000317,4290,Lori Davis,Joseph Castaneda,aliciascott@example.com,risk_weighted_assignment,0.65,Support source has no natural DataCo customer key; assigned into the selected customer spine.
548,T5548,C000420,6230,Kenneth Cameron,Kristen Blake,jennifer41@example.com,risk_weighted_assignment,0.65,Support source has no natural DataCo customer key; assigned into the selected customer spine.
549,T5549,C000456,11741,Mary Smith,Erika Villanueva,traci82@example.org,risk_weighted_assignment,0.65,Support source has no natural DataCo customer key; assigned into the selected customer spine.
550,T5550,C000539,6461,Patricia Delgado,Holly Taylor,brownjohn@example.net,risk_weighted_assignment,0.65,Support source has no natural DataCo customer key; assigned into the selected customer spine.
551,T5551,C000563,6448,Mary Lawrence,Kimberly Frazier,elliottryan@example.net,risk_weighted_assignment,0.65,Support source has no natural DataCo customer key; assigned into the selected customer spine.
552,T5552,C000588,10849,Hannah Simpson,Denise Gould,tracy10@example.com,risk_weighted_assignment,0.65,Support source has no natural DataCo customer key; assigned into the selected customer spine.
553,T5553,C000613,3180,Raymond Smith,Sylvia Russell,stephanieglenn@example.org,risk_weighted_assignment,0.65,Support source has no natural DataCo customer key; assigned into the selected customer spine.
554,T5554,C000663,4399,Richard Smith,Kathryn Hunter,lbutler@example.org,risk_weighted_assignment,0.65,Support source has no natural DataCo customer key; assigned into the selected customer spine.
555,T5555,C000733,364,Jason Mcmahon,Deborah Simpson,kparker@example.com,risk_weighted_assignment,0.65,Support source has no natural DataCo customer key; assigned into the selected customer spine.
556,T5556,C000752,1627,Mary Gonzales,Jenny Flynn,richardsonsavannah@example.net,risk_weighted_assignment,0.65,Support source has no natural DataCo customer key; assigned into the selected customer spine.
557,T5557,C000762,4969,Mary Smith,Eric Black,moorepeter@example.net,risk_weighted_assignment,0.65,Support source has no natural DataCo customer key; assigned into the selected customer spine.
558,T5558,C000858,3581,Mary Pugh,Vanessa Kennedy,samanthalarson@example.net,risk_weighted_assignment,0.65,Support source has no natural DataCo customer key; assigned into the selected customer spine.
559,T5559,C000888,11678,Olivia Smith,Anna White,scott07@example.com,risk_weighted_assignment,0.65,Support source has no natural DataCo customer key; assigned into the selected customer spine.
560,T5560,C000951,11127,Mary Tucker,Austin Salinas,sextoncassandra@example.com,risk_weighted_assignment,0.65,Support source has no natural DataCo customer key; assigned into the selected customer spine.
561,T5561,C001019,10934,Tiffany Walker,Anthony Wells,iflores@example.org,risk_weighted_assignment,0.65,Support source has no natural DataCo customer key; assigned into the selected customer spine.
562,T5562,C001126,5594,Mary Davidson,Angela Hall,andersonmario@example.org,risk_weighted_assignment,0.65,Support source has no natural DataCo customer key; assigned into the selected customer spine.
563,T5563,C001133,9162,Christina Carter,Kimberly Cunningham,xoliver@example.org,risk_weighted_assignment,0.65,Support source has no natural DataCo customer key; assigned into the selected customer spine.
564,T5564,C001209,10899,William Soto,Tara Pratt,graysandra@example.com,risk_weighted_assignment,0.65,Support source has no natural DataCo customer key; assigned into the selected customer spine.
565,T5565,C001268,7216,Mary Hendrix,Brianna Evans,ihall@example.com,risk_weighted_assignment,0.65,Support source has no natural DataCo customer key; assigned into the selected customer spine.
566,T5566,C001304,10442,Mary Hall,Lindsey Barnes,drodriguez@example.com,risk_weighted_assignment,0.65,Support source has no natural DataCo customer key; assigned into the selected customer spine.
567,T5567,C001313,10701,Amanda Smith,Melissa Weiss,cooperkerri@example.net,risk_weighted_assignment,0.65,Support source has no natural DataCo customer key; assigned into the selected customer spine.
568,T5568,C001403,3375,Mary Sanchez,Taylor Alvarez,alyssa74@example.org,risk_weighted_assignment,0.65,Support source has no natural DataCo customer key; assigned into the selected customer spine.
569,T5569,C001433,2453,Stephen Smith,Teresa Jimenez,jsilva@example.org,risk_weighted_assignment,0.65,Support source has no natural DataCo customer key; assigned into the selected customer spine.
570,T5570,C001442,1273,Maria Evans,Hannah Quinn,michael65@example.org,risk_weighted_assignment,0.65,Support source has no natural DataCo customer key; assigned into the selected customer spine.
571,T5571,C001473,10039,Mary Butler,Levi Valencia,guzmanlindsey@example.com,risk_weighted_assignment,0.65,Support source has no natural DataCo customer key; assigned into the selected customer spine.
572,T5572,C001559,10801,Ryan Larson,Charles Wells,ecopeland@example.org,risk_weighted_assignment,0.65,Support source has no natural DataCo customer key; assigned into the selected customer spine.
573,T5573,C001575,4225,Amy Wright,Angela Jensen,atkinsshawn@example.com,risk_weighted_assignment,0.65,Support source has no natural DataCo customer key; assigned into the selected customer spine.
574,T5574,C001593,10257,Michael Smith,Jennifer Ramsey,smontgomery@example.net,risk_weighted_assignment,0.65,Support source has no natural DataCo customer key; assigned into the selected customer spine.
575,T5575,C001678,1375,Linda Smith,Michael Fields,mcbrideelizabeth@example.net,risk_weighted_assignment,0.65,Support source has no natural DataCo customer key; assigned into the selected customer spine.
576,T5576,C001750,4147,Karen Gillespie,Becky Evans,steven73@example.org,risk_weighted_assignment,0.65,Support source has no natural DataCo customer key; assigned into the selected customer spine.
577,T5577,C001751,11728,Laura Smith,Jeffrey Pratt,jennifer23@example.org,risk_weighted_assignment,0.65,Support source has no natural DataCo customer key; assigned into the selected customer spine.
578,T5578,C001964,8136,Charles Smith,Michael Long,lauracummings@example.net,risk_weighted_assignment,0.65,Support source has no natural DataCo customer key; assigned into the selected customer spine.
579,T5579,C000070,10744,Samantha Smith,Timothy Gomez,nathan33@example.org,risk_weighted_assignment,0.65,Support source has no natural DataCo customer key; assigned into the selected customer spine.
580,T5580,C000160,5072,Jacob Smith,Nicole Delgado,david77@example.net,risk_weighted_assignment,0.65,Support source has no natural DataCo customer key; assigned into the selected customer spine.
581,T5581,C000170,6303,Mary Smith,Rebekah Price,ocarter@example.org,risk_weighted_assignment,0.65,Support source has no natural DataCo customer key; assigned into the selected customer spine.
582,T5582,C000186,10601,Patrick Mayo,Briana Taylor,smithjustin@example.net,risk_weighted_assignment,0.65,Support source has no natural DataCo customer key; assigned into the selected customer spine.
583,T5583,C000222,11733,Christopher Chan,Kevin Kelly,vjones@example.com,risk_weighted_assignment,0.65,Support source has no natural DataCo customer key; assigned into the selected customer spine.
584,T5584,C000237,938,Cheryl Smith,Jacob Howard,michael40@example.net,risk_weighted_assignment,0.65,Support source has no natural DataCo customer key; assigned into the selected customer spine.
585,T5585,C000260,3303,Mary Robinson,Todd Watson,klee@example.org,risk_weighted_assignment,0.65,Support source has no natural DataCo customer key; assigned into the selected customer spine.
586,T5586,C000297,1636,Julie Petersen,Patricia Jones,andrew63@example.org,risk_weighted_assignment,0.65,Support source has no natural DataCo customer key; assigned into the selected customer spine.
587,T5587,C000482,8895,Mary Ferguson,Sarah Johnson,fbrown@example.net,risk_weighted_assignment,0.65,Support source has no natural DataCo customer key; assigned into the selected customer spine.
588,T5588,C000487,4013,Gloria Thornton,Lisa Morgan,craig54@example.com,risk_weighted_assignment,0.65,Support source has no natural DataCo customer key; assigned into the selected customer spine.
589,T5589,C000521,640,Jean Smith,Matthew Martinez,heather15@example.net,risk_weighted_assignment,0.65,Support source has no natural DataCo customer key; assigned into the selected customer spine.
590,T5590,C000644,12238,Rebecca Gallagher,Jason Serrano,haleykenneth@example.net,risk_weighted_assignment,0.65,Support source has no natural DataCo customer key; assigned into the selected customer spine.
591,T5591,C000656,11224,Mary Smith,Mark Woodward,dawn75@example.com,risk_weighted_assignment,0.65,Support source has no natural DataCo customer key; assigned into the selected customer spine.
592,T5592,C000719,6350,Mary Wilson,Alex Valdez,xgiles@example.com,risk_weighted_assignment,0.65,Support source has no natural DataCo customer key; assigned into the selected customer spine.
593,T5593,C000725,5490,Mary Richardson,Jodi Dickson,kstein@example.com,risk_weighted_assignment,0.65,Support source has no natural DataCo customer key; assigned into the selected customer spine.
594,T5594,C000756,72,Frank Gillespie,Brian Bell,ashleygilbert@example.net,risk_weighted_assignment,0.65,Support source has no natural DataCo customer key; assigned into the selected customer spine.
595,T5595,C000758,502,Jennifer May,Jeremy Robinson,michael49@example.net,risk_weighted_assignment,0.65,Support source has no natural DataCo customer key; assigned into the selected customer spine.
596,T5596,C000784,4557,David Sutton,Jennifer Anderson,skennedy@example.org,risk_weighted_assignment,0.65,Support source has no natural DataCo customer key; assigned into the selected customer spine.
597,T5597,C000785,12013,Katherine Kramer,Mr. Victor Nguyen,ruizkeith@example.net,risk_weighted_assignment,0.65,Support source has no natural DataCo customer key; assigned into the selected customer spine.
598,T5598,C000814,9375,George Smith,Matthew Tran,qmeyer@example.net,risk_weighted_assignment,0.65,Support source has no natural DataCo customer key; assigned into the selected customer spine.
599,T5599,C000825,6342,Kimberly Blair,Michelle Harris,katherineestrada@example.com,risk_weighted_assignment,0.65,Support source has no natural DataCo customer key; assigned into the selected customer spine.
600,T5600,C000855,7677,Mary Bonilla,Candace Taylor,richardspencer@example.net,risk_weighted_assignment,0.65,Support source has no natural DataCo customer key; assigned into the selected customer spine.
601,T5601,C000884,6472,Albert Smith,Terrance Turner,lopezdavid@example.net,risk_weighted_assignment,0.65,Support source has no natural DataCo customer key; assigned into the selected customer spine.
602,T5602,C000911,4901,Brenda Smith,Gary Wilkerson,carolvalencia@example.com,risk_weighted_assignment,0.65,Support source has no natural DataCo customer key; assigned into the selected customer spine.
603,T5603,C000991,888,Mary Smith,Jamie Nelson,cody03@example.org,risk_weighted_assignment,0.65,Support source has no natural DataCo customer key; assigned into the selected customer spine.
604,T5604,C001009,10567,Diana Smith,Sharon Fuller,melissaperez@example.com,risk_weighted_assignment,0.65,Support source has no natural DataCo customer key; assigned into the selected customer spine.
605,T5605,C001031,6405,Mary Anderson,Samuel Delgado II,wjackson@example.com,risk_weighted_assignment,0.65,Support source has no natural DataCo customer key; assigned into the selected customer spine.
606,T5606,C001166,10552,Mary Finley,Nicholas Zavala,wardamber@example.com,risk_weighted_assignment,0.65,Support source has no natural DataCo customer key; assigned into the selected customer spine.
607,T5607,C001186,7949,Mary Barrera,Alexandra Harvey,hoffmansara@example.com,risk_weighted_assignment,0.65,Support source has no natural DataCo customer key; assigned into the selected customer spine.
608,T5608,C001237,1848,Mary Brown,Laura Barnett,cameronvargas@example.net,risk_weighted_assignment,0.65,Support source has no natural DataCo customer key; assigned into the selected customer spine.
609,T5609,C001279,3316,Mary Oconnor,Oscar Ortiz,krobinson@example.com,risk_weighted_assignment,0.65,Support source has no natural DataCo customer key; assigned into the selected customer spine.
610,T5610,C001367,4479,Billy Mooney,James Russell,lindahensley@example.com,risk_weighted_assignment,0.65,Support source has no natural DataCo customer key; assigned into the selected customer spine.
611,T5611,C001377,6488,Mary Smith,John Mendoza,daviesandrew@example.org,risk_weighted_assignment,0.65,Support source has no natural DataCo customer key; assigned into the selected customer spine.
612,T5612,C001396,7844,Scott Smith,Phillip Roman,nicolepowell@example.com,risk_weighted_assignment,0.65,Support source has no natural DataCo customer key; assigned into the selected customer spine.
613,T5613,C001476,6253,Mary Peterson,Denise Allen,reeseashley@example.org,risk_weighted_assignment,0.65,Support source has no natural DataCo customer key; assigned into the selected customer spine.
614,T5614,C001477,1882,Jacob Wood,Jose Hunter,abbottmackenzie@example.org,risk_weighted_assignment,0.65,Support source has no natural DataCo customer key; assigned into the selected customer spine.
615,T5615,C001485,11822,Christian Smith,Jenny Robinson,tmorrow@example.com,risk_weighted_assignment,0.65,Support source has no natural DataCo customer key; assigned into the selected customer spine.
616,T5616,C001582,10839,Mary Blake,Stefanie Guzman,richardsmichelle@example.net,risk_weighted_assignment,0.65,Support source has no natural DataCo customer key; assigned into the selected customer spine.
617,T5617,C001606,3464,Zachary Smith,Ernest Torres,nanderson@example.org,risk_weighted_assignment,0.65,Support source has no natural DataCo customer key; assigned into the selected customer spine.
618,T5618,C001787,9047,Jordan Medina,Mrs. Nicole Perez,franciscoali@example.com,risk_weighted_assignment,0.65,Support source has no natural DataCo customer key; assigned into the selected customer spine.
619,T5619,C001827,8692,Vincent Smith,Frank Shannon,taylorstephanie@example.net,risk_weighted_assignment,0.65,Support source has no natural DataCo customer key; assigned into the selected customer spine.
620,T5620,C001901,3384,Mary Smith,Karen Hernandez,vwhite@example.net,risk_weighted_assignment,0.65,Support source has no natural DataCo customer key; assigned into the selected customer spine.
621,T5621,C001925,8788,Mary Smith,Andrew Riley,kelseylopez@example.org,risk_weighted_assignment,0.65,Support source has no natural DataCo customer key; assigned into the selected customer spine.
622,T5622,C001993,11411,Kyle Garcia,Mary Gallagher,john87@example.com,risk_weighted_assignment,0.65,Support source has no natural DataCo customer key; assigned into the selected customer spine.
623,T5623,C001994,1164,Mary Hahn,Juan Hayes,mmckee@example.org,risk_weighted_assignment,0.65,Support source has no natural DataCo customer key; assigned into the selected customer spine.
624,T5624,C000023,1443,Denise Cohen,Nathaniel Clark,kennethbailey@example.net,risk_weighted_assignment,0.65,Support source has no natural DataCo customer key; assigned into the selected customer spine.
625,T5625,C000060,5053,Mary Smith,Dr. Marc Leonard,xstone@example.org,risk_weighted_assignment,0.65,Support source has no natural DataCo customer key; assigned into the selected customer spine.
626,T5626,C000154,1588,Mary Smith,Kimberly Tucker,stacyhill@example.net,risk_weighted_assignment,0.65,Support source has no natural DataCo customer key; assigned into the selected customer spine.
627,T5627,C000159,5493,Mary Cochran,Diane Lewis,craigjohn@example.com,risk_weighted_assignment,0.65,Support source has no natural DataCo customer key; assigned into the selected customer spine.
628,T5628,C000236,1826,Matthew Smith,Tiffany Perkins,brandoncastillo@example.org,risk_weighted_assignment,0.65,Support source has no natural DataCo customer key; assigned into the selected customer spine.
629,T5629,C000238,2330,Sharon Sellers,Walter Frazier,tracybarr@example.org,risk_weighted_assignment,0.65,Support source has no natural DataCo customer key; assigned into the selected customer spine.
630,T5630,C000279,8052,Pamela Smith,Deborah Duncan,emilyanderson@example.net,risk_weighted_assignment,0.65,Support source has no natural DataCo customer key; assigned into the selected customer spine.
631,T5631,C000334,8847,Ruth Brown,Lauren Luna,moorestephen@example.com,risk_weighted_assignment,0.65,Support source has no natural DataCo customer key; assigned into the selected customer spine.
632,T5632,C000404,6862,Mary Taylor,Elizabeth Williamson,upope@example.net,risk_weighted_assignment,0.65,Support source has no natural DataCo customer key; assigned into the selected customer spine.
633,T5633,C000410,7082,Adam Blair,Bailey Black,lauren07@example.com,risk_weighted_assignment,0.65,Support source has no natural DataCo customer key; assigned into the selected customer spine.
634,T5634,C000424,6806,Catherine Guerra,Jonathon Copeland,shannonroberts@example.org,risk_weighted_assignment,0.65,Support source has no natural DataCo customer key; assigned into the selected customer spine.
635,T5635,C000433,8166,Patricia Smith,Gregory Love,ashleyjohnathan@example.com,risk_weighted_assignment,0.65,Support source has no natural DataCo customer key; assigned into the selected customer spine.
636,T5636,C000477,2553,Hannah Ellison,Reginald Trevino,knappjessica@example.net,risk_weighted_assignment,0.65,Support source has no natural DataCo customer key; assigned into the selected customer spine.
637,T5637,C000601,801,Elizabeth Parker,Pamela Hall,haleywatkins@example.org,risk_weighted_assignment,0.65,Support source has no natural DataCo customer key; assigned into the selected customer spine.
638,T5638,C000610,3302,Terry Smith,Melanie George,allenbrandon@example.net,risk_weighted_assignment,0.65,Support source has no natural DataCo customer key; assigned into the selected customer spine.
639,T5639,C000659,4212,Robert Mendez,Yvonne Reynolds,lori37@example.net,risk_weighted_assignment,0.65,Support source has no natural DataCo customer key; assigned into the selected customer spine.
640,T5640,C000676,6288,Catherine Johnson,Paula Wood,david09@example.net,risk_weighted_assignment,0.65,Support source has no natural DataCo customer key; assigned into the selected customer spine.
641,T5641,C000729,388,Robert Smith,Helen Garza,hromero@example.org,risk_weighted_assignment,0.65,Support source has no natural DataCo customer key; assigned into the selected customer spine.
642,T5642,C000789,7988,Mary Rice,Lori Davis,herbertpeters@example.org,risk_weighted_assignment,0.65,Support source has no natural DataCo customer key; assigned into the selected customer spine.
643,T5643,C000828,5946,Daniel Smith,Samantha Howard,robinsonmichael@example.net,risk_weighted_assignment,0.65,Support source has no natural DataCo customer key; assigned into the selected customer spine.
644,T5644,C000936,11694,Margaret Rios,Christina Brown,bcampbell@example.com,risk_weighted_assignment,0.65,Support source has no natural DataCo customer key; assigned into the selected customer spine.
645,T5645,C001033,3033,Kevin Larsen,Jenna Gomez,williamhayden@example.org,risk_weighted_assignment,0.65,Support source has no natural DataCo customer key; assigned into the selected customer spine.
646,T5646,C001062,4861,Rebecca Smith,Michael Fox,wilsonmichael@example.net,risk_weighted_assignment,0.65,Support source has no natural DataCo customer key; assigned into the selected customer spine.
647,T5647,C001068,9197,Mary Sutton,Bridget Elliott,monica43@example.org,risk_weighted_assignment,0.65,Support source has no natural DataCo customer key; assigned into the selected customer spine.
648,T5648,C001176,11767,Joshua Huynh,Mark Craig,justinwiggins@example.org,risk_weighted_assignment,0.65,Support source has no natural DataCo customer key; assigned into the selected customer spine.
649,T5649,C001362,2367,Sean Smith,Joann Fisher,thomashoffman@example.org,risk_weighted_assignment,0.65,Support source has no natural DataCo customer key; assigned into the selected customer spine.
650,T5650,C001546,512,Mary Harris,Tabitha Potter,brandon31@example.net,risk_weighted_assignment,0.65,Support source has no natural DataCo customer key; assigned into the selected customer spine.
651,T5651,C001554,4941,Mary Smith,Brooke Weber,johnguerrero@example.org,risk_weighted_assignment,0.65,Support source has no natural DataCo customer key; assigned into the selected customer spine.
652,T5652,C001601,377,Mary Smith,Lucas Orozco,tyronepatel@example.com,risk_weighted_assignment,0.65,Support source has no natural DataCo customer key; assigned into the selected customer spine.
653,T5653,C001868,10885,Mary Lynch,Adam Martin,pruittjohn@example.net,risk_weighted_assignment,0.65,Support source has no natural DataCo customer key; assigned into the selected customer spine.
654,T5654,C001883,9176,Theresa Smith,William Harding,johnsonaudrey@example.com,risk_weighted_assignment,0.65,Support source has no natural DataCo customer key; assigned into the selected customer spine.
655,T5655,C001886,5913,Cynthia Daniel,Angela Willis,rothjacob@example.net,risk_weighted_assignment,0.65,Support source has no natural DataCo customer key; assigned into the selected customer spine.
656,T5656,C001911,1677,Virginia Robles,Kendra Mitchell,asmith@example.org,risk_weighted_assignment,0.65,Support source has no natural DataCo customer key; assigned into the selected customer spine.
657,T5657,C001920,1651,Stephanie Smith,Mr. Gregory Hanson,bowenronald@example.org,risk_weighted_assignment,0.65,Support source has no natural DataCo customer key; assigned into the selected customer spine.
658,T5658,C001997,8684,Tiffany Brown,Scott Zimmerman,jamiegarcia@example.net,risk_weighted_assignment,0.65,Support source has no natural DataCo customer key; assigned into the selected customer spine.
659,T5659,C000002,9371,Mary Patterson,Dr. Gary Vega MD,vanessagriffin@example.org,risk_weighted_assignment,0.65,Support source has no natural DataCo customer key; assigned into the selected customer spine.
660,T5660,C000100,11378,Mary Foster,Sarah Roman,johnsonricky@example.org,risk_weighted_assignment,0.65,Support source has no natural DataCo customer key; assigned into the selected customer spine.
661,T5661,C000101,12226,Nicholas Smith,Robert Martinez,dianataylor@example.org,risk_weighted_assignment,0.65,Support source has no natural DataCo customer key; assigned into the selected customer spine.
662,T5662,C000233,221,Mary Cox,Brian Mays,qsanchez@example.net,risk_weighted_assignment,0.65,Support source has no natural DataCo customer key; assigned into the selected customer spine.
663,T5663,C000241,7211,Kathleen Smith,Jason Garcia,ndennis@example.net,risk_weighted_assignment,0.65,Support source has no natural DataCo customer key; assigned into the selected customer spine.
664,T5664,C000247,10375,Joan James,Antonio Garcia,qwallace@example.org,risk_weighted_assignment,0.65,Support source has no natural DataCo customer key; assigned into the selected customer spine.
665,T5665,C000285,12094,Mary Smith,Frank Jones,jeremy76@example.org,risk_weighted_assignment,0.65,Support source has no natural DataCo customer key; assigned into the selected customer spine.
666,T5666,C000352,10447,Mary Smith,Alexander Perez,natasha82@example.org,risk_weighted_assignment,0.65,Support source has no natural DataCo customer key; assigned into the selected customer spine.
667,T5667,C000403,194,Mary Bates,Samantha Miller,robertgarcia@example.org,risk_weighted_assignment,0.65,Support source has no natural DataCo customer key; assigned into the selected customer spine.
668,T5668,C000414,5570,Mary Smith,Kathleen Miller,hhess@example.com,risk_weighted_assignment,0.65,Support source has no natural DataCo customer key; assigned into the selected customer spine.
669,T5669,C000633,2800,Edward Hernandez,Haley Martin,patrickmclaughlin@example.net,risk_weighted_assignment,0.65,Support source has no natural DataCo customer key; assigned into the selected customer spine.
670,T5670,C000671,3447,Sara Andersen,Kevin Adams,hooperkrystal@example.com,risk_weighted_assignment,0.65,Support source has no natural DataCo customer key; assigned into the selected customer spine.
671,T5671,C000695,2909,Sarah Snyder,David Campbell,kennedyblake@example.net,risk_weighted_assignment,0.65,Support source has no natural DataCo customer key; assigned into the selected customer spine.
672,T5672,C000737,682,Emma Smith,David Hernandez,nataliejohnson@example.com,risk_weighted_assignment,0.65,Support source has no natural DataCo customer key; assigned into the selected customer spine.
673,T5673,C000757,4700,Mary Campbell,Jennifer Thompson,amymccarthy@example.org,risk_weighted_assignment,0.65,Support source has no natural DataCo customer key; assigned into the selected customer spine.
674,T5674,C000850,4911,Mary Smith,Chelsea Baker,toddshelton@example.org,risk_weighted_assignment,0.65,Support source has no natural DataCo customer key; assigned into the selected customer spine.
675,T5675,C000915,1430,Henry Smith,Shawn Mann,nathan33@example.net,risk_weighted_assignment,0.65,Support source has no natural DataCo customer key; assigned into the selected customer spine.
676,T5676,C000966,4320,Jordan Taylor,Linda Thomas,mooresandra@example.net,risk_weighted_assignment,0.65,Support source has no natural DataCo customer key; assigned into the selected customer spine.
677,T5677,C000986,11668,Jean Smith,James White,rivasdavid@example.org,risk_weighted_assignment,0.65,Support source has no natural DataCo customer key; assigned into the selected customer spine.
678,T5678,C001067,6759,Matthew Smith,Rebecca Phillips,angie93@example.com,risk_weighted_assignment,0.65,Support source has no natural DataCo customer key; assigned into the selected customer spine.
679,T5679,C001102,2830,Maria Baker,Mrs. Krista Jordan,adamslee@example.com,risk_weighted_assignment,0.65,Support source has no natural DataCo customer key; assigned into the selected customer spine.
680,T5680,C001121,10928,Sharon Smith,Benjamin Harris,thompsonsavannah@example.org,risk_weighted_assignment,0.65,Support source has no natural DataCo customer key; assigned into the selected customer spine.
681,T5681,C001132,4432,Kenneth Gillespie,Daniel Garcia,wwilliams@example.org,risk_weighted_assignment,0.65,Support source has no natural DataCo customer key; assigned into the selected customer spine.
682,T5682,C001193,10766,Rose Roman,Joshua Randolph,tricia65@example.com,risk_weighted_assignment,0.65,Support source has no natural DataCo customer key; assigned into the selected customer spine.
683,T5683,C001205,5989,Kathleen Becker,Anne Miller,greeneann@example.org,risk_weighted_assignment,0.65,Support source has no natural DataCo customer key; assigned into the selected customer spine.
684,T5684,C001242,2469,Shawn Smith,Isaiah Marquez,npayne@example.org,risk_weighted_assignment,0.65,Support source has no natural DataCo customer key; assigned into the selected customer spine.
685,T5685,C001265,5805,Raymond Bray,Beth Wells,markkelly@example.org,risk_weighted_assignment,0.65,Support source has no natural DataCo customer key; assigned into the selected customer spine.
686,T5686,C001286,5280,Mary Day,Matthew Boyer,oneillkimberly@example.org,risk_weighted_assignment,0.65,Support source has no natural DataCo customer key; assigned into the selected customer spine.
687,T5687,C001381,1038,Christine Briggs,Joseph Turner,boydjennifer@example.com,risk_weighted_assignment,0.65,Support source has no natural DataCo customer key; assigned into the selected customer spine.
688,T5688,C001389,7271,Karen Barber,Johnny Hensley,cameron78@example.com,risk_weighted_assignment,0.65,Support source has no natural DataCo customer key; assigned into the selected customer spine.
689,T5689,C001399,7739,Kathy Morris,Gina Zimmerman,ksanders@example.com,risk_weighted_assignment,0.65,Support source has no natural DataCo customer key; assigned into the selected customer spine.
690,T5690,C001425,7112,Mark Harris,Richard Fleming,paige97@example.org,risk_weighted_assignment,0.65,Support source has no natural DataCo customer key; assigned into the selected customer spine.
691,T5691,C001446,3944,James Smith,Brian Jones,ybrock@example.org,risk_weighted_assignment,0.65,Support source has no natural DataCo customer key; assigned into the selected customer spine.
692,T5692,C001519,6279,Gary Lewis,Jacqueline Hanson,corey90@example.net,risk_weighted_assignment,0.65,Support source has no natural DataCo customer key; assigned into the selected customer spine.
693,T5693,C001524,3985,Debra Gates,Rose Watson,esnow@example.com,risk_weighted_assignment,0.65,Support source has no natural DataCo customer key; assigned into the selected customer spine.
694,T5694,C001545,1347,Alan Gillespie,Douglas Harvey,cummingsyolanda@example.net,risk_weighted_assignment,0.65,Support source has no natural DataCo customer key; assigned into the selected customer spine.
695,T5695,C001583,11618,Tammy Smith,Dana Harrington,moranclayton@example.com,risk_weighted_assignment,0.65,Support source has no natural DataCo customer key; assigned into the selected customer spine.
696,T5696,C001621,2646,Mary Daugherty,Nicholas Mercado,emartinez@example.com,risk_weighted_assignment,0.65,Support source has no natural DataCo customer key; assigned into the selected customer spine.
697,T5697,C001670,5731,Jennifer Smith,Larry Smith DVM,msampson@example.com,risk_weighted_assignment,0.65,Support source has no natural DataCo customer key; assigned into the selected customer spine.
698,T5698,C001768,2586,Mary Little,Isaac Collier,brandon23@example.org,risk_weighted_assignment,0.65,Support source has no natural DataCo customer key; assigned into the selected customer spine.
699,T5699,C001771,4730,Karen Smith,Rebecca Green,eric96@example.org,risk_weighted_assignment,0.65,Support source has no natural DataCo customer key; assigned into the selected customer spine.
700,T5700,C001795,1236,Virginia Robertson,Maurice Savage,bthompson@example.com,risk_weighted_assignment,0.65,Support source has no natural DataCo customer key; assigned into the selected customer spine.
701,T5701,C001803,3890,Gregory Snyder,Sarah Jones,ujohnson@example.org,risk_weighted_assignment,0.65,Support source has no natural DataCo customer key; assigned into the selected customer spine.
702,T5702,C001834,6915,Robert Whitney,Julie Larsen,myersmatthew@example.com,risk_weighted_assignment,0.65,Support source has no natural DataCo customer key; assigned into the selected customer spine.
703,T5703,C001932,2668,Mary Davis,Erica Henderson,frankcook@example.com,risk_weighted_assignment,0.65,Support source has no natural DataCo customer key; assigned into the selected customer spine.
704,T5704,C001971,12045,Jeffrey Ryan,Cheryl Smith,pyoung@example.com,risk_weighted_assignment,0.65,Support source has no natural DataCo customer key; assigned into the selected customer spine.
705,T5705,C000013,10235,Joseph Singh,Edward Gomez,cunninghamkevin@example.net,risk_weighted_assignment,0.65,Support source has no natural DataCo customer key; assigned into the selected customer spine.
706,T5706,C000016,2292,Ashley Smith,Christy Reed,matthew48@example.com,risk_weighted_assignment,0.65,Support source has no natural DataCo customer key; assigned into the selected customer spine.
707,T5707,C000067,9821,Deborah Smith,Matthew Villanueva,kylehawkins@example.com,risk_weighted_assignment,0.65,Support source has no natural DataCo customer key; assigned into the selected customer spine.
708,T5708,C000078,468,Mary Stone,Erika Wilkins,sara25@example.org,risk_weighted_assignment,0.65,Support source has no natural DataCo customer key; assigned into the selected customer spine.
709,T5709,C000094,687,Ronald Harrison,Brianna Blevins,julie69@example.org,risk_weighted_assignment,0.65,Support source has no natural DataCo customer key; assigned into the selected customer spine.
710,T5710,C000122,8314,Angela Walsh,Ashlee Rosales,bperez@example.org,risk_weighted_assignment,0.65,Support source has no natural DataCo customer key; assigned into the selected customer spine.
711,T5711,C000153,5371,Emma Robinson,Anthony Boyd,melanie86@example.net,risk_weighted_assignment,0.65,Support source has no natural DataCo customer key; assigned into the selected customer spine.
712,T5712,C000240,1948,Peter Smith,Jordan Lynch,lauren80@example.com,risk_weighted_assignment,0.65,Support source has no natural DataCo customer key; assigned into the selected customer spine.
713,T5713,C000299,7060,Virginia Carroll,Dawn Jones,tkemp@example.org,risk_weighted_assignment,0.65,Support source has no natural DataCo customer key; assigned into the selected customer spine.
714,T5714,C000337,11901,Mary Smith,Kathryn White,xpratt@example.org,risk_weighted_assignment,0.65,Support source has no natural DataCo customer key; assigned into the selected customer spine.
715,T5715,C000373,2205,Wayne Rodriguez,Stacey Gonzalez,qking@example.org,risk_weighted_assignment,0.65,Support source has no natural DataCo customer key; assigned into the selected customer spine.
716,T5716,C000418,1222,Michael Garcia,Brian Manning,sherry59@example.com,risk_weighted_assignment,0.65,Support source has no natural DataCo customer key; assigned into the selected customer spine.
717,T5717,C000475,10307,Bobby Miller,Melanie Cole,lisapoole@example.com,risk_weighted_assignment,0.65,Support source has no natural DataCo customer key; assigned into the selected customer spine.
718,T5718,C000476,10407,William Clay,Dawn Roman,jeffrey51@example.com,risk_weighted_assignment,0.65,Support source has no natural DataCo customer key; assigned into the selected customer spine.
719,T5719,C000576,6430,Mary Jackson,Tracey Morrow,lhuynh@example.net,risk_weighted_assignment,0.65,Support source has no natural DataCo customer key; assigned into the selected customer spine.
720,T5720,C000664,6393,Mary Smith,Stephanie Elliott,sean28@example.com,risk_weighted_assignment,0.65,Support source has no natural DataCo customer key; assigned into the selected customer spine.
721,T5721,C000691,7282,Jennifer Clark,Adam Booth,contrerasadam@example.com,risk_weighted_assignment,0.65,Support source has no natural DataCo customer key; assigned into the selected customer spine.
722,T5722,C000770,6263,John Smith,Beth Watson,umorris@example.com,risk_weighted_assignment,0.65,Support source has no natural DataCo customer key; assigned into the selected customer spine.
723,T5723,C000810,6459,Vincent Valenzuela,Cody Horne,johnavery@example.com,risk_weighted_assignment,0.65,Support source has no natural DataCo customer key; assigned into the selected customer spine.
724,T5724,C000832,3868,Rachel Smith,Eric Little,smithsamantha@example.com,risk_weighted_assignment,0.65,Support source has no natural DataCo customer key; assigned into the selected customer spine.
725,T5725,C000920,7848,Jessica Smith,Danielle Gordon,yfrank@example.org,risk_weighted_assignment,0.65,Support source has no natural DataCo customer key; assigned into the selected customer spine.
726,T5726,C000983,6969,Mary Smith,Gary Smith,hgonzales@example.net,risk_weighted_assignment,0.65,Support source has no natural DataCo customer key; assigned into the selected customer spine.
727,T5727,C001003,1715,Mary Henson,Ashley Gardner,yjones@example.com,risk_weighted_assignment,0.65,Support source has no natural DataCo customer key; assigned into the selected customer spine.
728,T5728,C001005,10457,Elizabeth Watkins,Christine Copeland,hooverwendy@example.net,risk_weighted_assignment,0.65,Support source has no natural DataCo customer key; assigned into the selected customer spine.
729,T5729,C001043,3580,Jessica Larson,Deborah Snow,elizabethtorres@example.net,risk_weighted_assignment,0.65,Support source has no natural DataCo customer key; assigned into the selected customer spine.
730,T5730,C001054,3918,Mary Smith,Jacob Williams,ajohnson@example.org,risk_weighted_assignment,0.65,Support source has no natural DataCo customer key; assigned into the selected customer spine.
731,T5731,C001085,3468,Mary Romero,Jason Jones,uwilliams@example.net,risk_weighted_assignment,0.65,Support source has no natural DataCo customer key; assigned into the selected customer spine.
732,T5732,C001162,6109,Zachary Tate,David Anderson,sanderskatie@example.com,risk_weighted_assignment,0.65,Support source has no natural DataCo customer key; assigned into the selected customer spine.
733,T5733,C001182,11689,Samantha Parker,Lisa Blake,rodriguezmelissa@example.org,risk_weighted_assignment,0.65,Support source has no natural DataCo customer key; assigned into the selected customer spine.
734,T5734,C001190,329,Samantha Higgins,Christopher Williams,rking@example.org,risk_weighted_assignment,0.65,Support source has no natural DataCo customer key; assigned into the selected customer spine.
735,T5735,C001195,8892,Russell Dennis,Alexis Dodson,yangemily@example.org,risk_weighted_assignment,0.65,Support source has no natural DataCo customer key; assigned into the selected customer spine.
736,T5736,C001282,5427,Betty Lester,Zachary Medina,donnaespinoza@example.com,risk_weighted_assignment,0.65,Support source has no natural DataCo customer key; assigned into the selected customer spine.
737,T5737,C001305,4876,Harry Smith,Christopher Gutierrez,william23@example.net,risk_weighted_assignment,0.65,Support source has no natural DataCo customer key; assigned into the selected customer spine.
738,T5738,C001401,4758,Mary Mendoza,Elizabeth Hudson,vward@example.com,risk_weighted_assignment,0.65,Support source has no natural DataCo customer key; assigned into the selected customer spine.
739,T5739,C001429,3656,Willie Smith,Monica Hodges,bakerteresa@example.net,risk_weighted_assignment,0.65,Support source has no natural DataCo customer key; assigned into the selected customer spine.
740,T5740,C001474,296,Mary Mullen,Jeffrey Sanchez,wendy55@example.com,risk_weighted_assignment,0.65,Support source has no natural DataCo customer key; assigned into the selected customer spine.
741,T5741,C001532,7958,Jessica Cochran,Hunter Irwin,esmith@example.com,risk_weighted_assignment,0.65,Support source has no natural DataCo customer key; assigned into the selected customer spine.
742,T5742,C001585,8013,Mary Adams,Cynthia Taylor,rogersdonna@example.net,risk_weighted_assignment,0.65,Support source has no natural DataCo customer key; assigned into the selected customer spine.
743,T5743,C001602,8602,Timothy Gilbert,Sara Carroll,rogersjuan@example.org,risk_weighted_assignment,0.65,Support source has no natural DataCo customer key; assigned into the selected customer spine.
744,T5744,C001609,5431,Judith Peck,Amy Garcia,lkent@example.com,risk_weighted_assignment,0.65,Support source has no natural DataCo customer key; assigned into the selected customer spine.
745,T5745,C001728,440,Mary Skinner,Johnny Hernandez,margaret51@example.org,risk_weighted_assignment,0.65,Support source has no natural DataCo customer key; assigned into the selected customer spine.
746,T5746,C001785,5910,Mary Heath,Terrance Whitehead,youngashley@example.net,risk_weighted_assignment,0.65,Support source has no natural DataCo customer key; assigned into the selected customer spine.
747,T5747,C001835,9093,Andrew Flores,Joshua Garcia,rodneyharris@example.org,risk_weighted_assignment,0.65,Support source has no natural DataCo customer key; assigned into the selected customer spine.
748,T5748,C001996,9945,Mary Cameron,Joseph Jackson,johnsoncynthia@example.org,risk_weighted_assignment,0.65,Support source has no natural DataCo customer key; assigned into the selected customer spine.
749,T5749,C000008,4249,Mary Butler,Mr. Miguel Brown,christinashaw@example.net,risk_weighted_assignment,0.65,Support source has no natural DataCo customer key; assigned into the selected customer spine.
750,T5750,C000032,10591,Deborah Humphrey,Lauren Diaz,meyerstravis@example.org,risk_weighted_assignment,0.65,Support source has no natural DataCo customer key; assigned into the selected customer spine.
751,T5751,C000044,749,Jesse Matthews,Gina Downs,cbailey@example.org,risk_weighted_assignment,0.65,Support source has no natural DataCo customer key; assigned into the selected customer spine.
752,T5752,C000055,5283,Jacob Guerrero,Michael Walker,martinezbrittany@example.com,risk_weighted_assignment,0.65,Support source has no natural DataCo customer key; assigned into the selected customer spine.
753,T5753,C000074,11048,Randy Ball,Ariana Gordon,ricemichael@example.org,risk_weighted_assignment,0.65,Support source has no natural DataCo customer key; assigned into the selected customer spine.
754,T5754,C000077,2041,Paul Garcia,Robert Downs,aanderson@example.com,risk_weighted_assignment,0.65,Support source has no natural DataCo customer key; assigned into the selected customer spine.
755,T5755,C000080,7445,Mary Smith,Samantha Sloan,sramos@example.com,risk_weighted_assignment,0.65,Support source has no natural DataCo customer key; assigned into the selected customer spine.
756,T5756,C000083,9358,Mary Smith,Holly Thomas,jennifer65@example.net,risk_weighted_assignment,0.65,Support source has no natural DataCo customer key; assigned into the selected customer spine.
757,T5757,C000193,11132,Jonathan Washington,Amanda Scott,kari73@example.org,risk_weighted_assignment,0.65,Support source has no natural DataCo customer key; assigned into the selected customer spine.
758,T5758,C000199,12406,Mary Michael,Amber Conley,qjackson@example.com,risk_weighted_assignment,0.65,Support source has no natural DataCo customer key; assigned into the selected customer spine.
759,T5759,C000249,1426,Mary Conner,Joshua Gonzalez,hsmith@example.org,risk_weighted_assignment,0.65,Support source has no natural DataCo customer key; assigned into the selected customer spine.
760,T5760,C000322,5752,Barbara Smith,Jill Hayes,thomas78@example.org,risk_weighted_assignment,0.65,Support source has no natural DataCo customer key; assigned into the selected customer spine.
761,T5761,C000330,2462,Lawrence Kent,Arthur Norman,shellytaylor@example.net,risk_weighted_assignment,0.65,Support source has no natural DataCo customer key; assigned into the selected customer spine.
762,T5762,C000463,4257,William Smith,Richard Webster,bwright@example.com,risk_weighted_assignment,0.65,Support source has no natural DataCo customer key; assigned into the selected customer spine.
763,T5763,C000486,10081,Mary Castillo,Dana Thompson,tlove@example.com,risk_weighted_assignment,0.65,Support source has no natural DataCo customer key; assigned into the selected customer spine.
764,T5764,C000512,11421,Tiffany Brown,Joshua Schmidt,michaelferrell@example.net,risk_weighted_assignment,0.65,Support source has no natural DataCo customer key; assigned into the selected customer spine.
765,T5765,C000574,6065,Thomas Simmons,Laurie Rodriguez,vbarnes@example.net,risk_weighted_assignment,0.65,Support source has no natural DataCo customer key; assigned into the selected customer spine.
766,T5766,C000646,7616,Mary Mason,Erika Banks,joseph25@example.net,risk_weighted_assignment,0.65,Support source has no natural DataCo customer key; assigned into the selected customer spine.
767,T5767,C000684,7829,Raymond Smith,Bill Gomez,thomasallen@example.net,risk_weighted_assignment,0.65,Support source has no natural DataCo customer key; assigned into the selected customer spine.
768,T5768,C000693,12076,Mary Smith,Charles Ruiz,destinyreed@example.org,risk_weighted_assignment,0.65,Support source has no natural DataCo customer key; assigned into the selected customer spine.
769,T5769,C000698,1910,Helen Price,Wendy Shaw,adamszachary@example.com,risk_weighted_assignment,0.65,Support source has no natural DataCo customer key; assigned into the selected customer spine.
770,T5770,C000761,3501,Rachel Davila,Amy Rodriguez,larryparker@example.com,risk_weighted_assignment,0.65,Support source has no natural DataCo customer key; assigned into the selected customer spine.
771,T5771,C000840,455,Jeffrey Smith,Kelly Dillon,emma03@example.org,risk_weighted_assignment,0.65,Support source has no natural DataCo customer key; assigned into the selected customer spine.
772,T5772,C000903,11817,Mary Smith,Melissa Avery,dadams@example.net,risk_weighted_assignment,0.65,Support source has no natural DataCo customer key; assigned into the selected customer spine.
773,T5773,C000921,5644,Carl Horn,Jessica Hodge,roberthudson@example.com,risk_weighted_assignment,0.65,Support source has no natural DataCo customer key; assigned into the selected customer spine.
774,T5774,C000964,11806,Mildred Hester,Matthew Malone,owensjeffrey@example.com,risk_weighted_assignment,0.65,Support source has no natural DataCo customer key; assigned into the selected customer spine.
775,T5775,C000968,5084,Edward Smith,Tara Guerra,jasonlewis@example.org,risk_weighted_assignment,0.65,Support source has no natural DataCo customer key; assigned into the selected customer spine.
776,T5776,C000973,12373,Mary Herman,Amanda Young,andrew97@example.com,risk_weighted_assignment,0.65,Support source has no natural DataCo customer key; assigned into the selected customer spine.
777,T5777,C000988,11861,Brittany Bentley,Timothy Newman,qkelly@example.org,risk_weighted_assignment,0.65,Support source has no natural DataCo customer key; assigned into the selected customer spine.
778,T5778,C001001,9273,Bobby Smith,Angela Parrish,nwatson@example.net,risk_weighted_assignment,0.65,Support source has no natural DataCo customer key; assigned into the selected customer spine.
779,T5779,C001055,7757,Donna Davis,Tiffany Key,dmaldonado@example.com,risk_weighted_assignment,0.65,Support source has no natural DataCo customer key; assigned into the selected customer spine.
780,T5780,C001070,4916,Larry Smith,Tiffany Stephenson,terri25@example.com,risk_weighted_assignment,0.65,Support source has no natural DataCo customer key; assigned into the selected customer spine.
781,T5781,C001233,10631,Frances Smith,William Henderson,mitchellmary@example.net,risk_weighted_assignment,0.65,Support source has no natural DataCo customer key; assigned into the selected customer spine.
782,T5782,C001244,6838,Lisa Garcia,Angela Johnson,blankenshipkristina@example.net,risk_weighted_assignment,0.65,Support source has no natural DataCo customer key; assigned into the selected customer spine.
783,T5783,C001284,8929,David Smith,Charles Mcconnell,mark91@example.org,risk_weighted_assignment,0.65,Support source has no natural DataCo customer key; assigned into the selected customer spine.
784,T5784,C001295,3925,Mary Hicks,Karen Wheeler,ortegachristopher@example.net,risk_weighted_assignment,0.65,Support source has no natural DataCo customer key; assigned into the selected customer spine.
785,T5785,C001331,3739,Terry Long,Jeffrey Green,sellerstara@example.com,risk_weighted_assignment,0.65,Support source has no natural DataCo customer key; assigned into the selected customer spine.
786,T5786,C001340,10022,Alice Smith,Lisa Wise,gthompson@example.com,risk_weighted_assignment,0.65,Support source has no natural DataCo customer key; assigned into the selected customer spine.
787,T5787,C001383,8949,Mary Thompson,Gregory Hamilton,johnolson@example.org,risk_weighted_assignment,0.65,Support source has no natural DataCo customer key; assigned into the selected customer spine.
788,T5788,C001407,11311,Julie White,Todd Walsh,katherine92@example.org,risk_weighted_assignment,0.65,Support source has no natural DataCo customer key; assigned into the selected customer spine.
789,T5789,C001409,11801,Shirley Smith,Michael Garcia,mariafrank@example.com,risk_weighted_assignment,0.65,Support source has no natural DataCo customer key; assigned into the selected customer spine.
790,T5790,C001711,5665,Mary Smith,Brett Harris,david79@example.com,risk_weighted_assignment,0.65,Support source has no natural DataCo customer key; assigned into the selected customer spine.
791,T5791,C001799,8845,Robert Deleon,Casey Oconnor,tylerswanson@example.org,risk_weighted_assignment,0.65,Support source has no natural DataCo customer key; assigned into the selected customer spine.
792,T5792,C001808,3155,Mary Haas,Stuart Spears,kingkendra@example.org,risk_weighted_assignment,0.65,Support source has no natural DataCo customer key; assigned into the selected customer spine.
793,T5793,C001861,3499,Mildred Cole,Donna Campbell,jacksonjohnson@example.com,risk_weighted_assignment,0.65,Support source has no natural DataCo customer key; assigned into the selected customer spine.
794,T5794,C001879,11954,Mary Smith,Teresa Glover,stacymccann@example.net,risk_weighted_assignment,0.65,Support source has no natural DataCo customer key; assigned into the selected customer spine.
795,T5795,C000011,5715,Kelly Smith,Gordon Banks,taylorreyes@example.com,risk_weighted_assignment,0.65,Support source has no natural DataCo customer key; assigned into the selected customer spine.
796,T5796,C000028,1011,Mary Smith,Ryan Schwartz,davidfleming@example.com,risk_weighted_assignment,0.65,Support source has no natural DataCo customer key; assigned into the selected customer spine.
797,T5797,C000069,1577,Mary Smith,David Ramirez,mezachristina@example.org,risk_weighted_assignment,0.65,Support source has no natural DataCo customer key; assigned into the selected customer spine.
798,T5798,C000098,7670,Anna Smith,Ashley Gould,roger90@example.org,risk_weighted_assignment,0.65,Support source has no natural DataCo customer key; assigned into the selected customer spine.
799,T5799,C000131,2074,Mary Gross,Mary Ortiz,qcarr@example.org,risk_weighted_assignment,0.65,Support source has no natural DataCo customer key; assigned into the selected customer spine.
800,T5800,C000145,437,Cynthia Benjamin,Jamie Mcgee,richjeffrey@example.org,risk_weighted_assignment,0.65,Support source has no natural DataCo customer key; assigned into the selected customer spine.
801,T5801,C000173,1599,Andrew Smith,Diana Jones,bradley45@example.com,risk_weighted_assignment,0.65,Support source has no natural DataCo customer key; assigned into the selected customer spine.
802,T5802,C000258,8016,Patricia Smith,Anthony Davis,gabriel60@example.net,risk_weighted_assignment,0.65,Support source has no natural DataCo customer key; assigned into the selected customer spine.
803,T5803,C000266,7789,Mary Sullivan,Julian Pope,brianlawson@example.net,risk_weighted_assignment,0.65,Support source has no natural DataCo customer key; assigned into the selected customer spine.
804,T5804,C000284,3031,Carol Smith,Debra Peterson,lgarrett@example.org,risk_weighted_assignment,0.65,Support source has no natural DataCo customer key; assigned into the selected customer spine.
805,T5805,C000315,1979,Kimberly Kramer,Robert Wilkins,randallmills@example.net,risk_weighted_assignment,0.65,Support source has no natural DataCo customer key; assigned into the selected customer spine.
806,T5806,C000331,8524,Ruth Farrell,Christopher Cain,jfields@example.net,risk_weighted_assignment,0.65,Support source has no natural DataCo customer key; assigned into the selected customer spine.
807,T5807,C000350,1054,Barbara Cooley,Kayla Harmon,charles39@example.org,risk_weighted_assignment,0.65,Support source has no natural DataCo customer key; assigned into the selected customer spine.
808,T5808,C000425,6110,Mary Smith,John Norton,scantrell@example.org,risk_weighted_assignment,0.65,Support source has no natural DataCo customer key; assigned into the selected customer spine.
809,T5809,C000461,5873,Jerry Clark,Andrew Peterson,ericperez@example.org,risk_weighted_assignment,0.65,Support source has no natural DataCo customer key; assigned into the selected customer spine.
810,T5810,C000525,142,Heather Smith,Justin Lee,joshualove@example.org,risk_weighted_assignment,0.65,Support source has no natural DataCo customer key; assigned into the selected customer spine.
811,T5811,C000528,335,Mary Smith,Stacy Robinson,thomasward@example.org,risk_weighted_assignment,0.65,Support source has no natural DataCo customer key; assigned into the selected customer spine.
812,T5812,C000584,3830,William Smith,Natasha Johnson,gary43@example.com,risk_weighted_assignment,0.65,Support source has no natural DataCo customer key; assigned into the selected customer spine.
813,T5813,C000621,4704,Henry James,Tammy Dennis,ann83@example.net,risk_weighted_assignment,0.65,Support source has no natural DataCo customer key; assigned into the selected customer spine.
814,T5814,C000669,11835,Tammy Smith,Jesse Simpson,hmarshall@example.org,risk_weighted_assignment,0.65,Support source has no natural DataCo customer key; assigned into the selected customer spine.
815,T5815,C000709,5440,Mary Malone,Dustin Lara,pkelly@example.com,risk_weighted_assignment,0.65,Support source has no natural DataCo customer key; assigned into the selected customer spine.
816,T5816,C000742,10815,Dennis Smith,Dr. Sarah Gardner,nicholasclements@example.net,risk_weighted_assignment,0.65,Support source has no natural DataCo customer key; assigned into the selected customer spine.
817,T5817,C000794,4582,Brian House,Amy Mann,elizabethlindsey@example.net,risk_weighted_assignment,0.65,Support source has no natural DataCo customer key; assigned into the selected customer spine.
818,T5818,C000819,9003,Judy Duran,Casey Thompson,vbrown@example.org,risk_weighted_assignment,0.65,Support source has no natural DataCo customer key; assigned into the selected customer spine.
819,T5819,C000867,7186,Mary Meadows,Kevin Mitchell,anthony37@example.com,risk_weighted_assignment,0.65,Support source has no natural DataCo customer key; assigned into the selected customer spine.
820,T5820,C000886,12301,John Smith,Michael Jones,pacesarah@example.com,risk_weighted_assignment,0.65,Support source has no natural DataCo customer key; assigned into the selected customer spine.
821,T5821,C000890,11061,Joseph Webster,Patrick George,bradleykelly@example.com,risk_weighted_assignment,0.65,Support source has no natural DataCo customer key; assigned into the selected customer spine.
822,T5822,C000899,1685,Cheryl Buchanan,James Johnston,marie76@example.com,risk_weighted_assignment,0.65,Support source has no natural DataCo customer key; assigned into the selected customer spine.
823,T5823,C000956,12362,Mary Smith,Jessica Reed,robert80@example.com,risk_weighted_assignment,0.65,Support source has no natural DataCo customer key; assigned into the selected customer spine.
824,T5824,C000958,866,James Davies,Adam Matthews,jeffreypayne@example.net,risk_weighted_assignment,0.65,Support source has no natural DataCo customer key; assigned into the selected customer spine.
825,T5825,C000993,6740,Brian Smith,David Nunez,kathleen75@example.net,risk_weighted_assignment,0.65,Support source has no natural DataCo customer key; assigned into the selected customer spine.
826,T5826,C000999,620,Roger Smith,Kevin Harris,hugheskristen@example.net,risk_weighted_assignment,0.65,Support source has no natural DataCo customer key; assigned into the selected customer spine.
827,T5827,C001064,11077,Andrew Smith,Gabriel Bell,charlesgarcia@example.com,risk_weighted_assignment,0.65,Support source has no natural DataCo customer key; assigned into the selected customer spine.
828,T5828,C001161,4025,Janet Schmidt,Yolanda Gutierrez,kgarcia@example.com,risk_weighted_assignment,0.65,Support source has no natural DataCo customer key; assigned into the selected customer spine.
829,T5829,C001197,6883,Mary Smith,Alexandria Mendoza,jordankatelyn@example.com,risk_weighted_assignment,0.65,Support source has no natural DataCo customer key; assigned into the selected customer spine.
830,T5830,C001215,6942,Jordan Moran,Cindy Cervantes,robertchavez@example.net,risk_weighted_assignment,0.65,Support source has no natural DataCo customer key; assigned into the selected customer spine.
831,T5831,C001453,6338,Sharon Snyder,Sarah Mills,sherri72@example.org,risk_weighted_assignment,0.65,Support source has no natural DataCo customer key; assigned into the selected customer spine.
832,T5832,C001461,2301,Mary Smith,Donna Cunningham,willie09@example.net,risk_weighted_assignment,0.65,Support source has no natural DataCo customer key; assigned into the selected customer spine.
833,T5833,C001462,10518,Jesse Dawson,Joshua Henderson,christianhoffman@example.org,risk_weighted_assignment,0.65,Support source has no natural DataCo customer key; assigned into the selected customer spine.
834,T5834,C001466,4926,Mary Smith,Todd Edwards,qbanks@example.org,risk_weighted_assignment,0.65,Support source has no natural DataCo customer key; assigned into the selected customer spine.
835,T5835,C001481,7967,Samuel Jones,Alicia Bell,lmorales@example.com,risk_weighted_assignment,0.65,Support source has no natural DataCo customer key; assigned into the selected customer spine.
836,T5836,C001491,10454,Anthony Leblanc,Michael Walters,brianwong@example.org,risk_weighted_assignment,0.65,Support source has no natural DataCo customer key; assigned into the selected customer spine.
837,T5837,C001611,1889,Mary West,Michael Garcia,tjensen@example.net,risk_weighted_assignment,0.65,Support source has no natural DataCo customer key; assigned into the selected customer spine.
838,T5838,C001647,4153,Kathleen Torres,Keith Barker,uavery@example.net,risk_weighted_assignment,0.65,Support source has no natural DataCo customer key; assigned into the selected customer spine.
839,T5839,C001661,10424,Beverly Smith,Daniel Maldonado,cassandracook@example.net,risk_weighted_assignment,0.65,Support source has no natural DataCo customer key; assigned into the selected customer spine.
840,T5840,C001720,4974,Mary Smith,Crystal Jones,jeremy40@example.com,risk_weighted_assignment,0.65,Support source has no natural DataCo customer key; assigned into the selected customer spine.
841,T5841,C001762,98,William Smith,Jennifer Foley,zsolis@example.net,risk_weighted_assignment,0.65,Support source has no natural DataCo customer key; assigned into the selected customer spine.
842,T5842,C001765,8555,Mary Jones,Justin Mora,smorrow@example.org,risk_weighted_assignment,0.65,Support source has no natural DataCo customer key; assigned into the selected customer spine.
843,T5843,C001766,1909,Mary Smith,Brandon Jenkins,eric63@example.com,risk_weighted_assignment,0.65,Support source has no natural DataCo customer key; assigned into the selected customer spine.
844,T5844,C001824,9949,Ashley Smith,Patricia Wilkins,fobrien@example.net,risk_weighted_assignment,0.65,Support source has no natural DataCo customer key; assigned into the selected customer spine.
845,T5845,C001880,787,Amanda Ochoa,Robert Cardenas,jrichmond@example.com,risk_weighted_assignment,0.65,Support source has no natural DataCo customer key; assigned into the selected customer spine.
846,T5846,C001896,947,Mary Henry,Patricia Wilson,badams@example.com,risk_weighted_assignment,0.65,Support source has no natural DataCo customer key; assigned into the selected customer spine.
847,T5847,C001937,3508,Randy Smith,Mathew Russo,ericadennis@example.org,risk_weighted_assignment,0.65,Support source has no natural DataCo customer key; assigned into the selected customer spine.
848,T5848,C001962,534,Mary Morris,Gregory Lee,fmoreno@example.net,risk_weighted_assignment,0.65,Support source has no natural DataCo customer key; assigned into the selected customer spine.
849,T5849,C000043,7218,Mary Nguyen,Gloria Peck,usolis@example.com,risk_weighted_assignment,0.65,Support source has no natural DataCo customer key; assigned into the selected customer spine.
850,T5850,C000089,4116,Mary Smith,Mallory Hill,lrodgers@example.org,risk_weighted_assignment,0.65,Support source has no natural DataCo customer key; assigned into the selected customer spine.
851,T5851,C000108,7417,Mary Soto,Deborah Tanner,ccoleman@example.net,risk_weighted_assignment,0.65,Support source has no natural DataCo customer key; assigned into the selected customer spine.
852,T5852,C000133,11983,Mary Bell,Martha Lozano,lopezerica@example.com,risk_weighted_assignment,0.65,Support source has no natural DataCo customer key; assigned into the selected customer spine.
853,T5853,C000190,7717,Terry Smith,Luis Barton,dstrickland@example.org,risk_weighted_assignment,0.65,Support source has no natural DataCo customer key; assigned into the selected customer spine.
854,T5854,C000205,9760,Mary Wolf,Jennifer Herring,danielfoster@example.com,risk_weighted_assignment,0.65,Support source has no natural DataCo customer key; assigned into the selected customer spine.
855,T5855,C000224,1417,Rachel Smith,Anna Miller,michelle37@example.net,risk_weighted_assignment,0.65,Support source has no natural DataCo customer key; assigned into the selected customer spine.
856,T5856,C000235,7926,Bobby Castillo,Michael Jones,ulawson@example.net,risk_weighted_assignment,0.65,Support source has no natural DataCo customer key; assigned into the selected customer spine.
857,T5857,C000288,5519,Deborah Archer,Lori Torres,ylarsen@example.com,risk_weighted_assignment,0.65,Support source has no natural DataCo customer key; assigned into the selected customer spine.
858,T5858,C000291,5138,William Rivera,Robert Oneal,andrew67@example.org,risk_weighted_assignment,0.65,Support source has no natural DataCo customer key; assigned into the selected customer spine.
859,T5859,C000300,9597,Lori Perez,Jeff Wilkinson,jonathan72@example.org,risk_weighted_assignment,0.65,Support source has no natural DataCo customer key; assigned into the selected customer spine.
860,T5860,C000319,3983,Mary Smith,Phillip Good,jeremy47@example.org,risk_weighted_assignment,0.65,Support source has no natural DataCo customer key; assigned into the selected customer spine.
861,T5861,C000338,1014,Mary Maxwell,Anna Robertson,jacqueline99@example.com,risk_weighted_assignment,0.65,Support source has no natural DataCo customer key; assigned into the selected customer spine.
862,T5862,C000400,3373,Mary Willis,Ricky Green,clarence80@example.net,risk_weighted_assignment,0.65,Support source has no natural DataCo customer key; assigned into the selected customer spine.
863,T5863,C000467,1658,Dylan Conner,Sandra Charles,cynthiahunter@example.net,risk_weighted_assignment,0.65,Support source has no natural DataCo customer key; assigned into the selected customer spine.
864,T5864,C000469,10555,Mary Howell,Emily Smith,fnguyen@example.org,risk_weighted_assignment,0.65,Support source has no natural DataCo customer key; assigned into the selected customer spine.
865,T5865,C000472,9692,Carolyn Price,Donna Barker,erica71@example.com,risk_weighted_assignment,0.65,Support source has no natural DataCo customer key; assigned into the selected customer spine.
866,T5866,C000483,578,Dylan Knapp,Nathan Williams,ronald60@example.org,risk_weighted_assignment,0.65,Support source has no natural DataCo customer key; assigned into the selected customer spine.
867,T5867,C000509,6092,Mary Smith,Anna Gallegos,elizabethford@example.com,risk_weighted_assignment,0.65,Support source has no natural DataCo customer key; assigned into the selected customer spine.
868,T5868,C000530,1739,Justin Smith,Colton Carson,greentina@example.com,risk_weighted_assignment,0.65,Support source has no natural DataCo customer key; assigned into the selected customer spine.
869,T5869,C000544,1853,Mary Austin,Jacob James,jonathan60@example.org,risk_weighted_assignment,0.65,Support source has no natural DataCo customer key; assigned into the selected customer spine.
870,T5870,C000585,11056,Larry Booker,Wendy Bowman MD,wandabarnes@example.org,risk_weighted_assignment,0.65,Support source has no natural DataCo customer key; assigned into the selected customer spine.
871,T5871,C000609,11516,Kevin Smith,Sean Allen,efletcher@example.net,risk_weighted_assignment,0.65,Support source has no natural DataCo customer key; assigned into the selected customer spine.
872,T5872,C000630,1832,Mary Valenzuela,Anthony Adams,lmalone@example.com,risk_weighted_assignment,0.65,Support source has no natural DataCo customer key; assigned into the selected customer spine.
873,T5873,C000639,8254,Jesse Esparza,David Osborne,ashleyallison@example.net,risk_weighted_assignment,0.65,Support source has no natural DataCo customer key; assigned into the selected customer spine.
874,T5874,C000645,6907,Timothy Smith,Tamara Mason,allengary@example.org,risk_weighted_assignment,0.65,Support source has no natural DataCo customer key; assigned into the selected customer spine.
875,T5875,C000658,10916,Randy Smith,Michael Walker,browngerald@example.net,risk_weighted_assignment,0.65,Support source has no natural DataCo customer key; assigned into the selected customer spine.
876,T5876,C000723,6707,Grace Smith,Michael Howell,rotherika@example.net,risk_weighted_assignment,0.65,Support source has no natural DataCo customer key; assigned into the selected customer spine.
877,T5877,C000802,10803,Laura Carey,Kenneth White,wjacobson@example.net,risk_weighted_assignment,0.65,Support source has no natural DataCo customer key; assigned into the selected customer spine.
878,T5878,C000844,9872,Mary Aguilar,Eric Patel,megan42@example.com,risk_weighted_assignment,0.65,Support source has no natural DataCo customer key; assigned into the selected customer spine.
879,T5879,C000860,12207,Jose Smith,Maria Glover,casey02@example.com,risk_weighted_assignment,0.65,Support source has no natural DataCo customer key; assigned into the selected customer spine.
880,T5880,C000864,3531,Amanda Foster,Emma Fox,darrentaylor@example.net,risk_weighted_assignment,0.65,Support source has no natural DataCo customer key; assigned into the selected customer spine.
881,T5881,C000905,6168,Arthur Li,Mathew Wade,stacylewis@example.org,risk_weighted_assignment,0.65,Support source has no natural DataCo customer key; assigned into the selected customer spine.
882,T5882,C000981,1092,George Garcia,Dustin Carter,philipblevins@example.com,risk_weighted_assignment,0.65,Support source has no natural DataCo customer key; assigned into the selected customer spine.
883,T5883,C001028,10891,Mary Smith,Larry Glass,qsexton@example.com,risk_weighted_assignment,0.65,Support source has no natural DataCo customer key; assigned into the selected customer spine.
884,T5884,C001056,3678,Alice Castro,Jill Greene,ygibson@example.org,risk_weighted_assignment,0.65,Support source has no natural DataCo customer key; assigned into the selected customer spine.
885,T5885,C001060,5024,Thomas Klein,Nicole Smith,david78@example.org,risk_weighted_assignment,0.65,Support source has no natural DataCo customer key; assigned into the selected customer spine.
886,T5886,C001090,8754,Paul Sanchez,Dustin Campbell,lmacdonald@example.com,risk_weighted_assignment,0.65,Support source has no natural DataCo customer key; assigned into the selected customer spine.
887,T5887,C001213,1567,Danielle Smith,Tamara Fowler,travisburton@example.org,risk_weighted_assignment,0.65,Support source has no natural DataCo customer key; assigned into the selected customer spine.
888,T5888,C001267,8447,Michael Smith,Eric Graves Jr.,reginaldcarter@example.net,risk_weighted_assignment,0.65,Support source has no natural DataCo customer key; assigned into the selected customer spine.
889,T5889,C001269,514,Mary Johnson,Megan Henderson,michael20@example.net,risk_weighted_assignment,0.65,Support source has no natural DataCo customer key; assigned into the selected customer spine.
890,T5890,C001356,10506,Mary Smith,Heather Curtis,christian99@example.com,risk_weighted_assignment,0.65,Support source has no natural DataCo customer key; assigned into the selected customer spine.
891,T5891,C001380,5234,Shirley Humphrey,Connie Steele,jramirez@example.net,risk_weighted_assignment,0.65,Support source has no natural DataCo customer key; assigned into the selected customer spine.
892,T5892,C001447,6532,Mary Dixon,Linda Mills,ttorres@example.org,risk_weighted_assignment,0.65,Support source has no natural DataCo customer key; assigned into the selected customer spine.
893,T5893,C001449,11387,Larry Smith,Beth Steele,hannah56@example.org,risk_weighted_assignment,0.65,Support source has no natural DataCo customer key; assigned into the selected customer spine.
894,T5894,C001480,5683,Rachel Smith,Kara Mccarthy,cynthiastuart@example.net,risk_weighted_assignment,0.65,Support source has no natural DataCo customer key; assigned into the selected customer spine.
895,T5895,C001488,4202,Kimberly Griffin,Wendy Snyder,tonyaallen@example.net,risk_weighted_assignment,0.65,Support source has no natural DataCo customer key; assigned into the selected customer spine.
896,T5896,C001518,4407,Mary Ward,Shane Mata,usilva@example.com,risk_weighted_assignment,0.65,Support source has no natural DataCo customer key; assigned into the selected customer spine.
897,T5897,C001525,9384,Mary Anderson,Megan Thompson,johnsontyler@example.com,risk_weighted_assignment,0.65,Support source has no natural DataCo customer key; assigned into the selected customer spine.
898,T5898,C001626,8397,Amber Smith,Karen Dudley,youngsteven@example.net,risk_weighted_assignment,0.65,Support source has no natural DataCo customer key; assigned into the selected customer spine.
899,T5899,C001660,4750,Mary Smith,Ruben Lopez,carolynfigueroa@example.com,risk_weighted_assignment,0.65,Support source has no natural DataCo customer key; assigned into the selected customer spine.
900,T5900,C001756,4528,Karen Smith,Jason Gonzalez,perezlisa@example.org,risk_weighted_assignment,0.65,Support source has no natural DataCo customer key; assigned into the selected customer spine.
901,T5901,C001810,1788,Timothy Smith,Seth Hale,keithhernandez@example.net,risk_weighted_assignment,0.65,Support source has no natural DataCo customer key; assigned into the selected customer spine.
902,T5902,C001821,10821,Mary Cooper,Jessica Parker,ryan65@example.com,risk_weighted_assignment,0.65,Support source has no natural DataCo customer key; assigned into the selected customer spine.
903,T5903,C001832,4235,Mary Smith,Steven Martin,lindseypeters@example.net,risk_weighted_assignment,0.65,Support source has no natural DataCo customer key; assigned into the selected customer spine.
904,T5904,C001884,4778,Amy Campbell,Lisa Barnett,davisdavid@example.com,risk_weighted_assignment,0.65,Support source has no natural DataCo customer key; assigned into the selected customer spine.
905,T5905,C001917,3951,Michael Smith,Suzanne Gonzalez,htucker@example.net,risk_weighted_assignment,0.65,Support source has no natural DataCo customer key; assigned into the selected customer spine.
906,T5906,C001938,7879,Michelle Powell,Kelly Kim,debra25@example.net,risk_weighted_assignment,0.65,Support source has no natural DataCo customer key; assigned into the selected customer spine.
907,T5907,C000001,791,Mary Smith,Tammy Gray,marykirby@example.com,risk_weighted_assignment,0.65,Support source has no natural DataCo customer key; assigned into the selected customer spine.
908,T5908,C000010,5624,Mary Mata,Robert Kirby,ysanchez@example.com,risk_weighted_assignment,0.65,Support source has no natural DataCo customer key; assigned into the selected customer spine.
909,T5909,C000103,9337,Mary Smith,Ryan Garcia,darlene62@example.net,risk_weighted_assignment,0.65,Support source has no natural DataCo customer key; assigned into the selected customer spine.
910,T5910,C000144,7358,Michael Simpson,Brittany Perry,justin97@example.com,risk_weighted_assignment,0.65,Support source has no natural DataCo customer key; assigned into the selected customer spine.
911,T5911,C000178,172,Lauren Rush,David Cole,pottermark@example.com,risk_weighted_assignment,0.65,Support source has no natural DataCo customer key; assigned into the selected customer spine.
912,T5912,C000230,5583,Mary Skinner,Scott Foster,petersonmaria@example.net,risk_weighted_assignment,0.65,Support source has no natural DataCo customer key; assigned into the selected customer spine.
913,T5913,C000245,1747,Mary Booker,John Mitchell,khunt@example.com,risk_weighted_assignment,0.65,Support source has no natural DataCo customer key; assigned into the selected customer spine.
914,T5914,C000368,3257,Julia Mcconnell,Brianna Barajas,laurapeterson@example.com,risk_weighted_assignment,0.65,Support source has no natural DataCo customer key; assigned into the selected customer spine.
915,T5915,C000375,634,Jack Edwards,Brian Hale,harrisonbarbara@example.net,risk_weighted_assignment,0.65,Support source has no natural DataCo customer key; assigned into the selected customer spine.
916,T5916,C000434,8171,Benjamin Cole,Kristie Murphy,humphreyalfred@example.net,risk_weighted_assignment,0.65,Support source has no natural DataCo customer key; assigned into the selected customer spine.
917,T5917,C000464,10967,Alexander Cunningham,Douglas Simpson,tannerwilliams@example.net,risk_weighted_assignment,0.65,Support source has no natural DataCo customer key; assigned into the selected customer spine.
918,T5918,C000474,5549,Kathryn Smith,Mark Gay,raydavid@example.net,risk_weighted_assignment,0.65,Support source has no natural DataCo customer key; assigned into the selected customer spine.
919,T5919,C000538,1804,Kathleen Lee,John Kaufman,chadcollins@example.com,risk_weighted_assignment,0.65,Support source has no natural DataCo customer key; assigned into the selected customer spine.
920,T5920,C000566,10500,Mary Smith,Sarah Shields,cpacheco@example.net,risk_weighted_assignment,0.65,Support source has no natural DataCo customer key; assigned into the selected customer spine.
921,T5921,C000572,5815,Mary Proctor,Susan Bailey,ericcarter@example.org,risk_weighted_assignment,0.65,Support source has no natural DataCo customer key; assigned into the selected customer spine.
922,T5922,C000604,3184,Tyler Smith,Richard Price,iphillips@example.net,risk_weighted_assignment,0.65,Support source has no natural DataCo customer key; assigned into the selected customer spine.
923,T5923,C000649,9077,Sean Smith,April Ramirez,smithelizabeth@example.org,risk_weighted_assignment,0.65,Support source has no natural DataCo customer key; assigned into the selected customer spine.
924,T5924,C000797,5672,Mary Smith,Robert Harris,tlarsen@example.org,risk_weighted_assignment,0.65,Support source has no natural DataCo customer key; assigned into the selected customer spine.
925,T5925,C000868,1619,Laura Smith,Paul Johnson,xparker@example.org,risk_weighted_assignment,0.65,Support source has no natural DataCo customer key; assigned into the selected customer spine.
926,T5926,C000876,7960,Ethan Thomas,Jerry Gray,adamholloway@example.org,risk_weighted_assignment,0.65,Support source has no natural DataCo customer key; assigned into the selected customer spine.
927,T5927,C000877,7590,Robert Johnson,Richard Wright,kimberlynavarro@example.org,risk_weighted_assignment,0.65,Support source has no natural DataCo customer key; assigned into the selected customer spine.
928,T5928,C000990,12253,Mary Chan,Jimmy Wise,katie57@example.org,risk_weighted_assignment,0.65,Support source has no natural DataCo customer key; assigned into the selected customer spine.
929,T5929,C001016,4967,Mary Maldonado,Larry Villa,josephbrown@example.com,risk_weighted_assignment,0.65,Support source has no natural DataCo customer key; assigned into the selected customer spine.
930,T5930,C001034,326,Shirley Stafford,Micheal Buckley,michaelmiller@example.org,risk_weighted_assignment,0.65,Support source has no natural DataCo customer key; assigned into the selected customer spine.
931,T5931,C001040,1624,Walter Huerta,James Todd,felicia89@example.net,risk_weighted_assignment,0.65,Support source has no natural DataCo customer key; assigned into the selected customer spine.
932,T5932,C001045,9879,Linda Ibarra,Kelly Zamora,kimberlybryant@example.net,risk_weighted_assignment,0.65,Support source has no natural DataCo customer key; assigned into the selected customer spine.
933,T5933,C001053,11677,Christine Smith,Maurice Brown,elliottcollin@example.com,risk_weighted_assignment,0.65,Support source has no natural DataCo customer key; assigned into the selected customer spine.
934,T5934,C001057,11306,Gerald Beasley,Theodore Rojas,obrown@example.org,risk_weighted_assignment,0.65,Support source has no natural DataCo customer key; assigned into the selected customer spine.
935,T5935,C001252,9862,Mary Decker,Jeffery Flynn,joneskathleen@example.net,risk_weighted_assignment,0.65,Support source has no natural DataCo customer key; assigned into the selected customer spine.
936,T5936,C001306,9739,Sara Rich,Dawn Thomas,dbrowning@example.net,risk_weighted_assignment,0.65,Support source has no natural DataCo customer key; assigned into the selected customer spine.
937,T5937,C001370,9126,Philip Anderson,Kirk Vasquez,gmitchell@example.com,risk_weighted_assignment,0.65,Support source has no natural DataCo customer key; assigned into the selected customer spine.
938,T5938,C001405,259,Mary Bates,Paul Lopez,patrickgoodwin@example.net,risk_weighted_assignment,0.65,Support source has no natural DataCo customer key; assigned into the selected customer spine.
939,T5939,C001438,9305,Mary Evans,Brenda Newman,williamsamy@example.net,risk_weighted_assignment,0.65,Support source has no natural DataCo customer key; assigned into the selected customer spine.
940,T5940,C001494,8546,Mary Smith,Luis Strickland,jamescole@example.org,risk_weighted_assignment,0.65,Support source has no natural DataCo customer key; assigned into the selected customer spine.
941,T5941,C001502,10012,Robert Montoya,John Mosley,bonnie09@example.org,risk_weighted_assignment,0.65,Support source has no natural DataCo customer key; assigned into the selected customer spine.
942,T5942,C001507,8781,Mary Chan,Antonio Smith,njohnson@example.net,risk_weighted_assignment,0.65,Support source has no natural DataCo customer key; assigned into the selected customer spine.
943,T5943,C001513,3980,Frances Smith,Brian Fuller,michael60@example.net,risk_weighted_assignment,0.65,Support source has no natural DataCo customer key; assigned into the selected customer spine.
944,T5944,C001544,10588,Jessica Newton,Jessica Nguyen,diazkevin@example.com,risk_weighted_assignment,0.65,Support source has no natural DataCo customer key; assigned into the selected customer spine.
945,T5945,C001548,8193,Mary Smith,Joshua Johnson,jon16@example.com,risk_weighted_assignment,0.65,Support source has no natural DataCo customer key; assigned into the selected customer spine.
946,T5946,C001608,4275,Sandra Allen,Kevin Odonnell Jr.,pcooper@example.com,risk_weighted_assignment,0.65,Support source has no natural DataCo customer key; assigned into the selected customer spine.
947,T5947,C001622,656,Julie Smith,Marcus Galloway,joan71@example.net,risk_weighted_assignment,0.65,Support source has no natural DataCo customer key; assigned into the selected customer spine.
948,T5948,C001654,8506,Elizabeth Smith,Brittany Foster MD,odomdoris@example.org,risk_weighted_assignment,0.65,Support source has no natural DataCo customer key; assigned into the selected customer spine.
949,T5949,C001702,9096,Mary Andrews,Sandra Hopkins,elizabethjenkins@example.com,risk_weighted_assignment,0.65,Support source has no natural DataCo customer key; assigned into the selected customer spine.
950,T5950,C001746,8607,Timothy Smith,Diane Watson,janet06@example.com,risk_weighted_assignment,0.65,Support source has no natural DataCo customer key; assigned into the selected customer spine.
951,T5951,C001816,821,Daniel Clayton,Michael Lowe,tonirichardson@example.org,risk_weighted_assignment,0.65,Support source has no natural DataCo customer key; assigned into the selected customer spine.
952,T5952,C001863,1618,Mary Davidson,Tiffany Johnson,stevensamanda@example.org,risk_weighted_assignment,0.65,Support source has no natural DataCo customer key; assigned into the selected customer spine.
953,T5953,C001904,8502,Mary Eaton,Philip Jordan,mcbridebrett@example.org,risk_weighted_assignment,0.65,Support source has no natural DataCo customer key; assigned into the selected customer spine.
954,T5954,C001967,7160,Mary Allen,Christopher Reynolds,seansantiago@example.org,risk_weighted_assignment,0.65,Support source has no natural DataCo customer key; assigned into the selected customer spine.
955,T5955,C001974,4725,Gerald Camacho,Matthew Garcia,qgalvan@example.net,risk_weighted_assignment,0.65,Support source has no natural DataCo customer key; assigned into the selected customer spine.
956,T5956,C000054,9494,Robert Gilmore,Andrew Mosley,kellytonya@example.net,risk_weighted_assignment,0.65,Support source has no natural DataCo customer key; assigned into the selected customer spine.
957,T5957,C000194,5560,Mary Rodriguez,Jason Page,sanchezbobby@example.org,risk_weighted_assignment,0.65,Support source has no natural DataCo customer key; assigned into the selected customer spine.
958,T5958,C000197,4394,Christopher Smith,Edward Camacho,mdavis@example.org,risk_weighted_assignment,0.65,Support source has no natural DataCo customer key; assigned into the selected customer spine.
959,T5959,C000220,2220,James Smith,Melissa Anderson,greenejose@example.com,risk_weighted_assignment,0.65,Support source has no natural DataCo customer key; assigned into the selected customer spine.
960,T5960,C000250,6660,Christine Smith,John Roberts,jessicaclark@example.org,risk_weighted_assignment,0.65,Support source has no natural DataCo customer key; assigned into the selected customer spine.
961,T5961,C000259,2389,Mary Smith,Michael Dudley,christopheryoung@example.net,risk_weighted_assignment,0.65,Support source has no natural DataCo customer key; assigned into the selected customer spine.
962,T5962,C000273,2303,Brittany Smith,Jacob Pearson,valeriebaker@example.org,risk_weighted_assignment,0.65,Support source has no natural DataCo customer key; assigned into the selected customer spine.
963,T5963,C000301,7435,Susan Smith,Kim Riggs,brianmorrison@example.com,risk_weighted_assignment,0.65,Support source has no natural DataCo customer key; assigned into the selected customer spine.
964,T5964,C000365,3529,Victoria Weaver,Krista Hernandez,ehayden@example.org,risk_weighted_assignment,0.65,Support source has no natural DataCo customer key; assigned into the selected customer spine.
965,T5965,C000374,12106,Mary Smith,Jon Smith,joneskatie@example.org,risk_weighted_assignment,0.65,Support source has no natural DataCo customer key; assigned into the selected customer spine.
966,T5966,C000379,3603,Susan Smith,Patrick Huerta,qandrade@example.com,risk_weighted_assignment,0.65,Support source has no natural DataCo customer key; assigned into the selected customer spine.
967,T5967,C000423,6948,Mary Smith,Heather Middleton,johnny00@example.com,risk_weighted_assignment,0.65,Support source has no natural DataCo customer key; assigned into the selected customer spine.
968,T5968,C000458,6156,Mary Hernandez,Kimberly Scott,ashley94@example.net,risk_weighted_assignment,0.65,Support source has no natural DataCo customer key; assigned into the selected customer spine.
969,T5969,C000501,4930,Mary Preston,David Garza,fhumphrey@example.net,risk_weighted_assignment,0.65,Support source has no natural DataCo customer key; assigned into the selected customer spine.
970,T5970,C000515,4444,Russell Sullivan,Kathryn Lara,cynthia15@example.com,risk_weighted_assignment,0.65,Support source has no natural DataCo customer key; assigned into the selected customer spine.
971,T5971,C000518,6898,Nathan Butler,Gary Archer,taylorluna@example.com,risk_weighted_assignment,0.65,Support source has no natural DataCo customer key; assigned into the selected customer spine.
972,T5972,C000522,10650,Donna Carter,Daniel Johnson,rsanchez@example.net,risk_weighted_assignment,0.65,Support source has no natural DataCo customer key; assigned into the selected customer spine.
973,T5973,C000593,4318,Mary Fletcher,David Eaton,laura19@example.com,risk_weighted_assignment,0.65,Support source has no natural DataCo customer key; assigned into the selected customer spine.
974,T5974,C000596,11068,Roger Smith,Debbie Guzman,hudsonjulie@example.com,risk_weighted_assignment,0.65,Support source has no natural DataCo customer key; assigned into the selected customer spine.
975,T5975,C000643,1387,Mary Smith,Kevin Rose,jasminetucker@example.com,risk_weighted_assignment,0.65,Support source has no natural DataCo customer key; assigned into the selected customer spine.
976,T5976,C000651,2071,Walter Howard,Patrick Willis,lunaalec@example.net,risk_weighted_assignment,0.65,Support source has no natural DataCo customer key; assigned into the selected customer spine.
977,T5977,C000662,12075,Aaron Carr,Matthew White,kathryn36@example.com,risk_weighted_assignment,0.65,Support source has no natural DataCo customer key; assigned into the selected customer spine.
978,T5978,C000673,1906,Raymond Smith,Ashley Mckee,xhardin@example.com,risk_weighted_assignment,0.65,Support source has no natural DataCo customer key; assigned into the selected customer spine.
979,T5979,C000701,4939,Carol Jackson,Megan Singh,stephenhunter@example.com,risk_weighted_assignment,0.65,Support source has no natural DataCo customer key; assigned into the selected customer spine.
980,T5980,C000740,10213,Justin Huff,Anna Lutz,michael65@example.net,risk_weighted_assignment,0.65,Support source has no natural DataCo customer key; assigned into the selected customer spine.
981,T5981,C000790,12432,Angela Smith,Larry Brady,steven18@example.com,risk_weighted_assignment,0.65,Support source has no natural DataCo customer key; assigned into the selected customer spine.
982,T5982,C000792,12347,Ralph Preston,Ashley Mcdonald,knunez@example.net,risk_weighted_assignment,0.65,Support source has no natural DataCo customer key; assigned into the selected customer spine.
983,T5983,C000823,8618,Joan Trujillo,David Mccoy,btanner@example.org,risk_weighted_assignment,0.65,Support source has no natural DataCo customer key; assigned into the selected customer spine.
984,T5984,C000887,2365,Sara Smith,Manuel Parks,melissa70@example.org,risk_weighted_assignment,0.65,Support source has no natural DataCo customer key; assigned into the selected customer spine.
985,T5985,C000917,2769,Mary Hendricks,Teresa Guerrero,estesjon@example.org,risk_weighted_assignment,0.65,Support source has no natural DataCo customer key; assigned into the selected customer spine.
986,T5986,C000942,8757,Tyler Gutierrez,Rebecca Schmidt,susan55@example.com,risk_weighted_assignment,0.65,Support source has no natural DataCo customer key; assigned into the selected customer spine.
987,T5987,C001014,10348,Alice Barnes,Joshua Williams,martinamanda@example.org,risk_weighted_assignment,0.65,Support source has no natural DataCo customer key; assigned into the selected customer spine.
988,T5988,C001044,3167,Janice Ward,Thomas Garrison,uwilliams@example.net,risk_weighted_assignment,0.65,Support source has no natural DataCo customer key; assigned into the selected customer spine.
989,T5989,C001151,1255,Richard Goodman,Kimberly Hughes,rebecca56@example.org,risk_weighted_assignment,0.65,Support source has no natural DataCo customer key; assigned into the selected customer spine.
990,T5990,C001184,4579,William Zimmerman,Bob Reeves,adriana86@example.org,risk_weighted_assignment,0.65,Support source has no natural DataCo customer key; assigned into the selected customer spine.
991,T5991,C001189,8488,Teresa Allen,Cynthia Davis,zwilliams@example.org,risk_weighted_assignment,0.65,Support source has no natural DataCo customer key; assigned into the selected customer spine.
992,T5992,C001217,11816,Tammy Cannon,Melissa Becker,qdunn@example.net,risk_weighted_assignment,0.65,Support source has no natural DataCo customer key; assigned into the selected customer spine.
993,T5993,C001220,55,Janet Farley,Kevin Lopez,santiagotiffany@example.com,risk_weighted_assignment,0.65,Support source has no natural DataCo customer key; assigned into the selected customer spine.
994,T5994,C001243,1733,Margaret Smith,Kathryn Williams,mark58@example.org,risk_weighted_assignment,0.65,Support source has no natural DataCo customer key; assigned into the selected customer spine.
995,T5995,C001326,3224,Kevin Bowers,Karen Anderson,jessethompson@example.org,risk_weighted_assignment,0.65,Support source has no natural DataCo customer key; assigned into the selected customer spine.
996,T5996,C001336,1383,Catherine Smith,Travis Ho,rcaldwell@example.org,risk_weighted_assignment,0.65,Support source has no natural DataCo customer key; assigned into the selected customer spine.
997,T5997,C001482,10277,Ann Smith,Kari Hale,jennifer89@example.net,risk_weighted_assignment,0.65,Support source has no natural DataCo customer key; assigned into the selected customer spine.
998,T5998,C001564,10042,Christopher Hatfield,Eric Harvey,julie04@example.net,risk_weighted_assignment,0.65,Support source has no natural DataCo customer key; assigned into the selected customer spine.
999,T5999,C001565,12102,Johnny Marks,Thomas Wheeler,reedlacey@example.org,risk_weighted_assignment,0.65,Support source has no natural DataCo customer key; assigned into the selected customer spine.
1000,T6000,C001584,8539,John Smith,Bethany Krause,martinezsarah@example.com,risk_weighted_assignment,0.65,Support source has no natural DataCo customer key; assigned into the selected customer spine.
1001,T6001,C001721,8086,Paul Moon,Jeff Schaefer,tdickerson@example.net,risk_weighted_assignment,0.65,Support source has no natural DataCo customer key; assigned into the selected customer spine.
1002,T6002,C001733,8905,Donna Smith,Andrew Acevedo,keyandrew@example.org,risk_weighted_assignment,0.65,Support source has no natural DataCo customer key; assigned into the selected customer spine.
1003,T6003,C001780,7006,George Smith,Ashley Pham,seth61@example.org,risk_weighted_assignment,0.65,Support source has no natural DataCo customer key; assigned into the selected customer spine.
1004,T6004,C001892,5227,Madison Mcfarland,Leslie Perez,rbest@example.com,risk_weighted_assignment,0.65,Support source has no natural DataCo customer key; assigned into the selected customer spine.
1005,T6005,C001939,11962,Diana Smith,Christopher Wilson,vbrown@example.org,risk_weighted_assignment,0.65,Support source has no natural DataCo customer key; assigned into the selected customer spine.
1006,T6006,C000006,1288,Evelyn Thompson,Ashley Brooks,hholland@example.net,risk_weighted_assignment,0.65,Support source has no natural DataCo customer key; assigned into the selected customer spine.
1007,T6007,C000139,2224,Ann Mercado,Savannah Mcneil,fcox@example.org,risk_weighted_assignment,0.65,Support source has no natural DataCo customer key; assigned into the selected customer spine.
1008,T6008,C000156,482,Megan Moreno,Alfred Vincent,scline@example.net,risk_weighted_assignment,0.65,Support source has no natural DataCo customer key; assigned into the selected customer spine.
1009,T6009,C000187,1537,Linda Murray,Stephen Zhang,stevensdaniel@example.net,risk_weighted_assignment,0.65,Support source has no natural DataCo customer key; assigned into the selected customer spine.
1010,T6010,C000207,1445,Linda Ortiz,Karla West,dstewart@example.org,risk_weighted_assignment,0.65,Support source has no natural DataCo customer key; assigned into the selected customer spine.
1011,T6011,C000223,6587,Heather Henson,Samantha Bradshaw,ryan00@example.com,risk_weighted_assignment,0.65,Support source has no natural DataCo customer key; assigned into the selected customer spine.
1012,T6012,C000226,3556,Mary Lane,Andrew Moore,ramossteven@example.com,risk_weighted_assignment,0.65,Support source has no natural DataCo customer key; assigned into the selected customer spine.
1013,T6013,C000254,11738,Samuel Bryan,Omar Lopez,lisa03@example.com,risk_weighted_assignment,0.65,Support source has no natural DataCo customer key; assigned into the selected customer spine.
1014,T6014,C000326,10185,Austin Buck,Samantha Taylor,florespamela@example.org,risk_weighted_assignment,0.65,Support source has no natural DataCo customer key; assigned into the selected customer spine.
1015,T6015,C000361,1149,Cynthia Harper,Jared Chang,tyler82@example.net,risk_weighted_assignment,0.65,Support source has no natural DataCo customer key; assigned into the selected customer spine.
1016,T6016,C000430,10845,John Smith,Gerald Ayala,sandraholland@example.com,risk_weighted_assignment,0.65,Support source has no natural DataCo customer key; assigned into the selected customer spine.
1017,T6017,C000447,9489,Danielle Dixon,Marie Fletcher,thomasjonathon@example.net,risk_weighted_assignment,0.65,Support source has no natural DataCo customer key; assigned into the selected customer spine.
1018,T6018,C000455,10211,Jeffrey Smith,Diane Collins,strongraymond@example.com,risk_weighted_assignment,0.65,Support source has no natural DataCo customer key; assigned into the selected customer spine.
1019,T6019,C000507,12107,Sharon Patterson,Angela White,cameron64@example.com,risk_weighted_assignment,0.65,Support source has no natural DataCo customer key; assigned into the selected customer spine.
1020,T6020,C000514,2581,Mary Smith,Veronica Black,valdezjoseph@example.org,risk_weighted_assignment,0.65,Support source has no natural DataCo customer key; assigned into the selected customer spine.
1021,T6021,C000527,9971,Mary Smith,Thomas Contreras,brandonharper@example.com,risk_weighted_assignment,0.65,Support source has no natural DataCo customer key; assigned into the selected customer spine.
1022,T6022,C000571,8370,Mary Smith,Veronica Maxwell,jessica38@example.org,risk_weighted_assignment,0.65,Support source has no natural DataCo customer key; assigned into the selected customer spine.
1023,T6023,C000602,1607,Mary Ortiz,Miss Natalie Rios,tamiconway@example.net,risk_weighted_assignment,0.65,Support source has no natural DataCo customer key; assigned into the selected customer spine.
1024,T6024,C000738,11542,Mary Perkins,Aaron Morales,jerry44@example.com,risk_weighted_assignment,0.65,Support source has no natural DataCo customer key; assigned into the selected customer spine.
1025,T6025,C000765,8065,Margaret Smith,Jasmine Sanders,johnsonandrea@example.net,risk_weighted_assignment,0.65,Support source has no natural DataCo customer key; assigned into the selected customer spine.
1026,T6026,C000775,6281,Eugene Calderon,Michelle White,nmcdowell@example.com,risk_weighted_assignment,0.65,Support source has no natural DataCo customer key; assigned into the selected customer spine.
1027,T6027,C000812,4863,Elizabeth Smith,Tristan Reed,khampton@example.com,risk_weighted_assignment,0.65,Support source has no natural DataCo customer key; assigned into the selected customer spine.
1028,T6028,C000815,6529,Aaron Smith,John Myers,eraymond@example.org,risk_weighted_assignment,0.65,Support source has no natural DataCo customer key; assigned into the selected customer spine.
1029,T6029,C000835,1731,Michelle Bennett,Thomas Becker,monica56@example.com,risk_weighted_assignment,0.65,Support source has no natural DataCo customer key; assigned into the selected customer spine.
1030,T6030,C000898,6236,Mary Martinez,Ashley Stevens,ckelley@example.com,risk_weighted_assignment,0.65,Support source has no natural DataCo customer key; assigned into the selected customer spine.
1031,T6031,C000906,10118,Mary Reynolds,Megan Bryan,jill33@example.com,risk_weighted_assignment,0.65,Support source has no natural DataCo customer key; assigned into the selected customer spine.
1032,T6032,C001020,11058,Charles Wright,Jody Rodriguez,deborah92@example.com,risk_weighted_assignment,0.65,Support source has no natural DataCo customer key; assigned into the selected customer spine.
1033,T6033,C001038,9607,Mary Smith,Jeff Wilkinson,justin88@example.com,risk_weighted_assignment,0.65,Support source has no natural DataCo customer key; assigned into the selected customer spine.
1034,T6034,C001050,4276,Jacqueline Page,David Adams,vterry@example.org,risk_weighted_assignment,0.65,Support source has no natural DataCo customer key; assigned into the selected customer spine.
1035,T6035,C001082,1466,Stephen Cole,Russell Alexander DDS,aliciarichardson@example.org,risk_weighted_assignment,0.65,Support source has no natural DataCo customer key; assigned into the selected customer spine.
1036,T6036,C001092,12117,Helen Smith,Jonathan Chaney,antonio25@example.net,risk_weighted_assignment,0.65,Support source has no natural DataCo customer key; assigned into the selected customer spine.
1037,T6037,C001108,7143,Mary Burnett,Teresa Foley,bchavez@example.com,risk_weighted_assignment,0.65,Support source has no natural DataCo customer key; assigned into the selected customer spine.
1038,T6038,C001130,5671,Jacqueline Lam,Joshua Lee,bwaller@example.net,risk_weighted_assignment,0.65,Support source has no natural DataCo customer key; assigned into the selected customer spine.
1039,T6039,C001156,1058,Martha Smith,Jacob Wright,davidswanson@example.org,risk_weighted_assignment,0.65,Support source has no natural DataCo customer key; assigned into the selected customer spine.
1040,T6040,C001229,4462,Mary Dillon,Joseph Williams,sherri10@example.org,risk_weighted_assignment,0.65,Support source has no natural DataCo customer key; assigned into the selected customer spine.
1041,T6041,C001250,12321,Helen Christensen,Casey Goodwin,johnsonwilliam@example.org,risk_weighted_assignment,0.65,Support source has no natural DataCo customer key; assigned into the selected customer spine.
1042,T6042,C001251,6672,Mary Conrad,William Hall,youngrichard@example.net,risk_weighted_assignment,0.65,Support source has no natural DataCo customer key; assigned into the selected customer spine.
1043,T6043,C001368,7492,Vincent Smith,Patrick Nelson,rwright@example.org,risk_weighted_assignment,0.65,Support source has no natural DataCo customer key; assigned into the selected customer spine.
1044,T6044,C001379,5612,Mary Huang,Charlene Morris,angeladavis@example.com,risk_weighted_assignment,0.65,Support source has no natural DataCo customer key; assigned into the selected customer spine.
1045,T6045,C001490,6785,Mary Davila,Karen Craig,mary12@example.com,risk_weighted_assignment,0.65,Support source has no natural DataCo customer key; assigned into the selected customer spine.
1046,T6046,C001493,10799,Jane Smith,Ernest Mclean,lindagomez@example.org,risk_weighted_assignment,0.65,Support source has no natural DataCo customer key; assigned into the selected customer spine.
1047,T6047,C001553,2630,Willie Jones,Carl Jenkins,manningdavid@example.com,risk_weighted_assignment,0.65,Support source has no natural DataCo customer key; assigned into the selected customer spine.
1048,T6048,C001562,12031,Ashley Benitez,Sherri Hunt,gilldanny@example.com,risk_weighted_assignment,0.65,Support source has no natural DataCo customer key; assigned into the selected customer spine.
1049,T6049,C001613,2110,Cynthia Myers,Emily Hayes,chriswest@example.com,risk_weighted_assignment,0.65,Support source has no natural DataCo customer key; assigned into the selected customer spine.
1050,T6050,C001655,8211,Ronald Mcneil,Taylor Singleton,zvaughan@example.net,risk_weighted_assignment,0.65,Support source has no natural DataCo customer key; assigned into the selected customer spine.
1051,T6051,C001672,9754,Mary Matthews,Donna Gardner,joseph17@example.com,risk_weighted_assignment,0.65,Support source has no natural DataCo customer key; assigned into the selected customer spine.
1052,T6052,C001710,676,Robert Smith,Andrew Moody,jeremy91@example.org,risk_weighted_assignment,0.65,Support source has no natural DataCo customer key; assigned into the selected customer spine.
1053,T6053,C001714,1008,Mary Smith,Hannah Greer,philipjenkins@example.net,risk_weighted_assignment,0.65,Support source has no natural DataCo customer key; assigned into the selected customer spine.
1054,T6054,C001719,2211,Debra Harvey,Alicia Stewart,adam45@example.com,risk_weighted_assignment,0.65,Support source has no natural DataCo customer key; assigned into the selected customer spine.
1055,T6055,C001749,1748,Mark Smith,Michael Garcia,tjohnston@example.org,risk_weighted_assignment,0.65,Support source has no natural DataCo customer key; assigned into the selected customer spine.
1056,T6056,C001777,6346,Mary Cooley,Jose Reynolds,stricklandjames@example.com,risk_weighted_assignment,0.65,Support source has no natural DataCo customer key; assigned into the selected customer spine.
1057,T6057,C001809,2069,Alice Ellison,David Hicks,rholt@example.org,risk_weighted_assignment,0.65,Support source has no natural DataCo customer key; assigned into the selected customer spine.
1058,T6058,C001841,739,Daniel Golden,Dwayne Rodriguez,igreen@example.org,risk_weighted_assignment,0.65,Support source has no natural DataCo customer key; assigned into the selected customer spine.
1059,T6059,C001864,4529,Steven Morgan,Jeffrey Hensley,vargasnicholas@example.net,risk_weighted_assignment,0.65,Support source has no natural DataCo customer key; assigned into the selected customer spine.
1060,T6060,C001877,4674,Mary Lynn,Kelly Fernandez,desireeknight@example.net,risk_weighted_assignment,0.65,Support source has no natural DataCo customer key; assigned into the selected customer spine.
1061,T6061,C001913,11856,Helen Smith,Samuel Whitney,stephanie86@example.net,risk_weighted_assignment,0.65,Support source has no natural DataCo customer key; assigned into the selected customer spine.
1062,T6062,C001926,3331,Diane Martinez,Melissa Gonzalez,tanyadickerson@example.net,risk_weighted_assignment,0.65,Support source has no natural DataCo customer key; assigned into the selected customer spine.
1063,T6063,C000116,2813,Mary Smith,Samantha Kennedy,tinalowe@example.com,risk_weighted_assignment,0.65,Support source has no natural DataCo customer key; assigned into the selected customer spine.
1064,T6064,C000129,3199,Ashley Hernandez,Larry Bush,thomaswagner@example.net,risk_weighted_assignment,0.65,Support source has no natural DataCo customer key; assigned into the selected customer spine.
1065,T6065,C000217,5875,Mary Rodgers,Breanna Wolf,katie83@example.com,risk_weighted_assignment,0.65,Support source has no natural DataCo customer key; assigned into the selected customer spine.
1066,T6066,C000219,7305,David Smith,Louis Marks,dawnsalazar@example.org,risk_weighted_assignment,0.65,Support source has no natural DataCo customer key; assigned into the selected customer spine.
1067,T6067,C000229,2860,George Smith,Bailey Maxwell,reevesjessica@example.org,risk_weighted_assignment,0.65,Support source has no natural DataCo customer key; assigned into the selected customer spine.
1068,T6068,C000377,3498,Elizabeth Ramos,Jonathon Cardenas,ashley46@example.com,risk_weighted_assignment,0.65,Support source has no natural DataCo customer key; assigned into the selected customer spine.
1069,T6069,C000471,679,Grace Smith,John Fox,lisa45@example.net,risk_weighted_assignment,0.65,Support source has no natural DataCo customer key; assigned into the selected customer spine.
1070,T6070,C000495,6412,Mary Smith,Bobby Hawkins,kristy35@example.com,risk_weighted_assignment,0.65,Support source has no natural DataCo customer key; assigned into the selected customer spine.
1071,T6071,C000497,11793,Thomas Riley,Michelle Adams,ibrewer@example.com,risk_weighted_assignment,0.65,Support source has no natural DataCo customer key; assigned into the selected customer spine.
1072,T6072,C000552,8869,Thomas Lambert,Rebecca Gutierrez,traviswright@example.net,risk_weighted_assignment,0.65,Support source has no natural DataCo customer key; assigned into the selected customer spine.
1073,T6073,C000567,5267,Mary Smith,John Thomas,keith90@example.com,risk_weighted_assignment,0.65,Support source has no natural DataCo customer key; assigned into the selected customer spine.
1074,T6074,C000579,2683,Mary Gallegos,Laura Johnson,edwardlewis@example.org,risk_weighted_assignment,0.65,Support source has no natural DataCo customer key; assigned into the selected customer spine.
1075,T6075,C000580,6255,Joshua Smith,Karen Scott,xvilla@example.com,risk_weighted_assignment,0.65,Support source has no natural DataCo customer key; assigned into the selected customer spine.
1076,T6076,C000722,3577,Michael Martin,Monica Mathews,amandacain@example.org,risk_weighted_assignment,0.65,Support source has no natural DataCo customer key; assigned into the selected customer spine.
1077,T6077,C000739,5068,Anna Smith,Robin Williams,jeff58@example.net,risk_weighted_assignment,0.65,Support source has no natural DataCo customer key; assigned into the selected customer spine.
1078,T6078,C000746,7317,Mary Smith,Krista Harrison MD,erikcoleman@example.net,risk_weighted_assignment,0.65,Support source has no natural DataCo customer key; assigned into the selected customer spine.
1079,T6079,C000749,11766,Mary Mason,Sean Anderson,micheleandrews@example.net,risk_weighted_assignment,0.65,Support source has no natural DataCo customer key; assigned into the selected customer spine.
1080,T6080,C000755,2833,Eric Vega,Gregory Ochoa,wbates@example.com,risk_weighted_assignment,0.65,Support source has no natural DataCo customer key; assigned into the selected customer spine.
1081,T6081,C000799,4376,Scott Smith,Brad Henderson,cheryljenkins@example.com,risk_weighted_assignment,0.65,Support source has no natural DataCo customer key; assigned into the selected customer spine.
1082,T6082,C000805,8697,Gerald Smith,Kristy Rivera MD,maria48@example.com,risk_weighted_assignment,0.65,Support source has no natural DataCo customer key; assigned into the selected customer spine.
1083,T6083,C000837,2429,Mary Roberts,Jessica Salinas,jenna20@example.org,risk_weighted_assignment,0.65,Support source has no natural DataCo customer key; assigned into the selected customer spine.
1084,T6084,C000839,1498,Peter Bray,Charles Jones,panthony@example.org,risk_weighted_assignment,0.65,Support source has no natural DataCo customer key; assigned into the selected customer spine.
1085,T6085,C000862,4618,Andrea Smith,Melanie Stewart,tanyacarr@example.net,risk_weighted_assignment,0.65,Support source has no natural DataCo customer key; assigned into the selected customer spine.
1086,T6086,C000875,7158,Mary Todd,Jasmine Cooper,orrsarah@example.com,risk_weighted_assignment,0.65,Support source has no natural DataCo customer key; assigned into the selected customer spine.
1087,T6087,C000897,8203,Nicole Harrison,Patricia Burton,nathanielwilkins@example.org,risk_weighted_assignment,0.65,Support source has no natural DataCo customer key; assigned into the selected customer spine.
1088,T6088,C000919,7887,Mary Keller,Melissa Levy,jonesmolly@example.com,risk_weighted_assignment,0.65,Support source has no natural DataCo customer key; assigned into the selected customer spine.
1089,T6089,C000928,5657,Mary James,David Williams,ijohnson@example.com,risk_weighted_assignment,0.65,Support source has no natural DataCo customer key; assigned into the selected customer spine.
1090,T6090,C000932,11662,Mary Smith,Gerald Butler,sarah21@example.net,risk_weighted_assignment,0.65,Support source has no natural DataCo customer key; assigned into the selected customer spine.
1091,T6091,C000935,3128,Karen Turner,Jonathan Pollard,williamsantiago@example.org,risk_weighted_assignment,0.65,Support source has no natural DataCo customer key; assigned into the selected customer spine.
1092,T6092,C001026,4278,Andrew Smith,Emily Riley,amberscott@example.net,risk_weighted_assignment,0.65,Support source has no natural DataCo customer key; assigned into the selected customer spine.
1093,T6093,C001027,7005,James Carpenter,Jay Hurst,mbarrett@example.net,risk_weighted_assignment,0.65,Support source has no natural DataCo customer key; assigned into the selected customer spine.
1094,T6094,C001049,434,Michael Torres,James Sosa,jenniferburns@example.org,risk_weighted_assignment,0.65,Support source has no natural DataCo customer key; assigned into the selected customer spine.
1095,T6095,C001074,9074,Margaret Smith,Dr. Karen Edwards,wilsonjonathan@example.org,risk_weighted_assignment,0.65,Support source has no natural DataCo customer key; assigned into the selected customer spine.
1096,T6096,C001103,10687,George Weeks,Mrs. Jessica Franklin,katherine32@example.net,risk_weighted_assignment,0.65,Support source has no natural DataCo customer key; assigned into the selected customer spine.
1097,T6097,C001136,9632,Mary Tate,Ashley Stewart,stephen05@example.com,risk_weighted_assignment,0.65,Support source has no natural DataCo customer key; assigned into the selected customer spine.
1098,T6098,C001155,8808,Kenneth Smith,James Vargas,johnathan03@example.org,risk_weighted_assignment,0.65,Support source has no natural DataCo customer key; assigned into the selected customer spine.
1099,T6099,C001185,2403,Christopher Hall,Jose Williams,tcarey@example.com,risk_weighted_assignment,0.65,Support source has no natural DataCo customer key; assigned into the selected customer spine.
1100,T6100,C001335,10406,Michael Smith,Brenda Deleon,crystaljones@example.net,risk_weighted_assignment,0.65,Support source has no natural DataCo customer key; assigned into the selected customer spine.
1101,T6101,C001339,7141,Mary Jackson,Vanessa Medina,sanchezwilliam@example.org,risk_weighted_assignment,0.65,Support source has no natural DataCo customer key; assigned into the selected customer spine.
1102,T6102,C001343,3296,Mary Smith,Matthew Cunningham,michaelhall@example.net,risk_weighted_assignment,0.65,Support source has no natural DataCo customer key; assigned into the selected customer spine.
1103,T6103,C001347,4713,Jack Smith,Lisa Herman,stephen75@example.org,risk_weighted_assignment,0.65,Support source has no natural DataCo customer key; assigned into the selected customer spine.
1104,T6104,C001354,2078,Roger Morales,Christopher Spencer,garrett37@example.com,risk_weighted_assignment,0.65,Support source has no natural DataCo customer key; assigned into the selected customer spine.
1105,T6105,C001366,6199,Mary Jacobs,Mr. Clayton Gay,jacquelinelawson@example.org,risk_weighted_assignment,0.65,Support source has no natural DataCo customer key; assigned into the selected customer spine.
1106,T6106,C001387,10017,John Smith,David Mcbride,hbrown@example.org,risk_weighted_assignment,0.65,Support source has no natural DataCo customer key; assigned into the selected customer spine.
1107,T6107,C001408,7595,Mary Meyer,Vincent Brown,erin72@example.org,risk_weighted_assignment,0.65,Support source has no natural DataCo customer key; assigned into the selected customer spine.
1108,T6108,C001465,8328,Donna Smith,Curtis Galloway,onealstephanie@example.org,risk_weighted_assignment,0.65,Support source has no natural DataCo customer key; assigned into the selected customer spine.
1109,T6109,C001539,51,Jessica Smith,Brian Williams,vshelton@example.net,risk_weighted_assignment,0.65,Support source has no natural DataCo customer key; assigned into the selected customer spine.
1110,T6110,C001543,1493,Mary Smith,Tara Santos,lynchcody@example.net,risk_weighted_assignment,0.65,Support source has no natural DataCo customer key; assigned into the selected customer spine.
1111,T6111,C001555,1864,Deborah Smith,William Cook,david15@example.org,risk_weighted_assignment,0.65,Support source has no natural DataCo customer key; assigned into the selected customer spine.
1112,T6112,C001574,4191,Kimberly Salazar,Cynthia Garcia,ftaylor@example.net,risk_weighted_assignment,0.65,Support source has no natural DataCo customer key; assigned into the selected customer spine.
1113,T6113,C001588,3417,Daniel Joseph,Melissa Hardy,rebeccashields@example.net,risk_weighted_assignment,0.65,Support source has no natural DataCo customer key; assigned into the selected customer spine.
1114,T6114,C001595,5229,Thomas Butler,Alex Hill,amylogan@example.org,risk_weighted_assignment,0.65,Support source has no natural DataCo customer key; assigned into the selected customer spine.
1115,T6115,C001653,11789,Mary Smith,Gregory Hall,strongbailey@example.net,risk_weighted_assignment,0.65,Support source has no natural DataCo customer key; assigned into the selected customer spine.
1116,T6116,C001784,2873,Joyce Padilla,Jason Fisher,michellejohnson@example.net,risk_weighted_assignment,0.65,Support source has no natural DataCo customer key; assigned into the selected customer spine.
1117,T6117,C001828,3905,Denise Smith,Charles Roberts,waltergay@example.net,risk_weighted_assignment,0.65,Support source has no natural DataCo customer key; assigned into the selected customer spine.
1118,T6118,C001894,10390,Anthony Stevenson,Ryan Callahan,johnsonrobert@example.net,risk_weighted_assignment,0.65,Support source has no natural DataCo customer key; assigned into the selected customer spine.
1119,T6119,C001902,7383,Catherine Washington,Gregory Berger,keithgray@example.net,risk_weighted_assignment,0.65,Support source has no natural DataCo customer key; assigned into the selected customer spine.
1120,T6120,C001928,1094,Sean Smith,Tyler Collins,david32@example.net,risk_weighted_assignment,0.65,Support source has no natural DataCo customer key; assigned into the selected customer spine.
1121,T6121,C001944,2192,Mary Clay,Jimmy Russell,matthewdiaz@example.com,risk_weighted_assignment,0.65,Support source has no natural DataCo customer key; assigned into the selected customer spine.
1122,T6122,C000019,12284,Mary Smith,Christopher Fox,simmonsmark@example.org,risk_weighted_assignment,0.65,Support source has no natural DataCo customer key; assigned into the selected customer spine.
1123,T6123,C000079,5293,Michelle Callahan,Joshua Sanchez,jennifer41@example.net,risk_weighted_assignment,0.65,Support source has no natural DataCo customer key; assigned into the selected customer spine.
1124,T6124,C000092,7962,Justin Smith,Justin Johnson,meghanwu@example.net,risk_weighted_assignment,0.65,Support source has no natural DataCo customer key; assigned into the selected customer spine.
1125,T6125,C000152,2113,David Smith,Christopher Stephens,hernandeztimothy@example.org,risk_weighted_assignment,0.65,Support source has no natural DataCo customer key; assigned into the selected customer spine.
1126,T6126,C000196,1148,Mary Anderson,Ralph Figueroa,ambermiddleton@example.net,risk_weighted_assignment,0.65,Support source has no natural DataCo customer key; assigned into the selected customer spine.
1127,T6127,C000221,197,Ruth Smith,Stacey Barron,morrowroberta@example.org,risk_weighted_assignment,0.65,Support source has no natural DataCo customer key; assigned into the selected customer spine.
1128,T6128,C000243,9504,Mary Smith,Harold Hansen,derekbarrett@example.com,risk_weighted_assignment,0.65,Support source has no natural DataCo customer key; assigned into the selected customer spine.
1129,T6129,C000244,5952,Jacob Smith,Mr. Roberto Marquez,lesliethompson@example.org,risk_weighted_assignment,0.65,Support source has no natural DataCo customer key; assigned into the selected customer spine.
1130,T6130,C000272,8652,Kenneth Newman,Michaela Williams,jonesjerry@example.org,risk_weighted_assignment,0.65,Support source has no natural DataCo customer key; assigned into the selected customer spine.
1131,T6131,C000316,9833,Jacob Smith,Jesus Snyder,ashleythompson@example.com,risk_weighted_assignment,0.65,Support source has no natural DataCo customer key; assigned into the selected customer spine.
1132,T6132,C000340,1972,Marilyn Smith,Rebecca Clay,peternguyen@example.com,risk_weighted_assignment,0.65,Support source has no natural DataCo customer key; assigned into the selected customer spine.
1133,T6133,C000388,9590,Adam Smith,Ashley Hahn,andrew44@example.org,risk_weighted_assignment,0.65,Support source has no natural DataCo customer key; assigned into the selected customer spine.
1134,T6134,C000516,1989,Richard Leach,Maria Rose,ccollins@example.net,risk_weighted_assignment,0.65,Support source has no natural DataCo customer key; assigned into the selected customer spine.
1135,T6135,C000523,1962,Marie Smith,Jeremy Morgan,yblankenship@example.org,risk_weighted_assignment,0.65,Support source has no natural DataCo customer key; assigned into the selected customer spine.
1136,T6136,C000542,4008,Diana Smith,Kim Jenkins,floresmary@example.net,risk_weighted_assignment,0.65,Support source has no natural DataCo customer key; assigned into the selected customer spine.
1137,T6137,C000561,3136,Mary Sharp,James Anderson,erica33@example.com,risk_weighted_assignment,0.65,Support source has no natural DataCo customer key; assigned into the selected customer spine.
1138,T6138,C000638,9603,Mary Moore,James Gardner,dbrown@example.com,risk_weighted_assignment,0.65,Support source has no natural DataCo customer key; assigned into the selected customer spine.
1139,T6139,C000728,3138,Barbara Nelson,James Smith,chamberskristin@example.org,risk_weighted_assignment,0.65,Support source has no natural DataCo customer key; assigned into the selected customer spine.
1140,T6140,C000786,9459,Stephen Bond,Amanda Smith,tcooper@example.com,risk_weighted_assignment,0.65,Support source has no natural DataCo customer key; assigned into the selected customer spine.
1141,T6141,C000826,11263,Mary Keller,Ashley Sutton,jason76@example.com,risk_weighted_assignment,0.65,Support source has no natural DataCo customer key; assigned into the selected customer spine.
1142,T6142,C000861,1806,Roger Smith,Leonard Jones,walterethan@example.com,risk_weighted_assignment,0.65,Support source has no natural DataCo customer key; assigned into the selected customer spine.
1143,T6143,C000940,11630,Mary Clark,Justin Murphy,andrewrasmussen@example.net,risk_weighted_assignment,0.65,Support source has no natural DataCo customer key; assigned into the selected customer spine.
1144,T6144,C001025,9356,Nancy Johnson,Grant Mills,vincenthudson@example.net,risk_weighted_assignment,0.65,Support source has no natural DataCo customer key; assigned into the selected customer spine.
1145,T6145,C001104,9887,Margaret Valenzuela,Matthew Henry,gardnerrenee@example.com,risk_weighted_assignment,0.65,Support source has no natural DataCo customer key; assigned into the selected customer spine.
1146,T6146,C001116,8300,Mary Reynolds,Kevin Lewis,ilane@example.org,risk_weighted_assignment,0.65,Support source has no natural DataCo customer key; assigned into the selected customer spine.
1147,T6147,C001128,3509,Mary Perry,Brandon Smith,griffithjames@example.com,risk_weighted_assignment,0.65,Support source has no natural DataCo customer key; assigned into the selected customer spine.
1148,T6148,C001138,2298,Elizabeth Smith,James Williams,tbooker@example.net,risk_weighted_assignment,0.65,Support source has no natural DataCo customer key; assigned into the selected customer spine.
1149,T6149,C001163,9554,Mary Hayes,Kendra Andrews,dawn57@example.com,risk_weighted_assignment,0.65,Support source has no natural DataCo customer key; assigned into the selected customer spine.
1150,T6150,C001221,2156,Mary Smith,Nicole Gamble,rhonda03@example.org,risk_weighted_assignment,0.65,Support source has no natural DataCo customer key; assigned into the selected customer spine.
1151,T6151,C001228,2618,Nicole Jones,Samantha Griffin,kaitlyndominguez@example.com,risk_weighted_assignment,0.65,Support source has no natural DataCo customer key; assigned into the selected customer spine.
1152,T6152,C001262,5204,Andrew Smith,Scott Boyd,allison50@example.net,risk_weighted_assignment,0.65,Support source has no natural DataCo customer key; assigned into the selected customer spine.
1153,T6153,C001314,290,Mary Garza,Oscar Rivera,jaguilar@example.com,risk_weighted_assignment,0.65,Support source has no natural DataCo customer key; assigned into the selected customer spine.
1154,T6154,C001324,11897,Virginia Herrera,Miss Stacey Kane,wware@example.org,risk_weighted_assignment,0.65,Support source has no natural DataCo customer key; assigned into the selected customer spine.
1155,T6155,C001363,990,Mary Ellison,Heidi Wilkins,lyang@example.net,risk_weighted_assignment,0.65,Support source has no natural DataCo customer key; assigned into the selected customer spine.
1156,T6156,C001364,10954,Mary White,Melissa Garcia,amandasmith@example.com,risk_weighted_assignment,0.65,Support source has no natural DataCo customer key; assigned into the selected customer spine.
1157,T6157,C001397,10194,Bobby Walker,Robin Hill,taylorcynthia@example.org,risk_weighted_assignment,0.65,Support source has no natural DataCo customer key; assigned into the selected customer spine.
1158,T6158,C001428,9912,David Phillips,Peter Campbell,micheleknapp@example.com,risk_weighted_assignment,0.65,Support source has no natural DataCo customer key; assigned into the selected customer spine.
1159,T6159,C001456,3197,Mary Holloway,Jeremiah Allen,david99@example.com,risk_weighted_assignment,0.65,Support source has no natural DataCo customer key; assigned into the selected customer spine.
1160,T6160,C001526,831,Daniel Smith,Angela Williams,edwin13@example.org,risk_weighted_assignment,0.65,Support source has no natural DataCo customer key; assigned into the selected customer spine.
1161,T6161,C001561,11318,Mary Henry,Jonathan Webb,gwhite@example.com,risk_weighted_assignment,0.65,Support source has no natural DataCo customer key; assigned into the selected customer spine.
1162,T6162,C001572,704,Mary Mccullough,Heather Murray,jenglish@example.com,risk_weighted_assignment,0.65,Support source has no natural DataCo customer key; assigned into the selected customer spine.
1163,T6163,C001605,8791,Beverly Ali,Christy Guzman,davidsonaudrey@example.com,risk_weighted_assignment,0.65,Support source has no natural DataCo customer key; assigned into the selected customer spine.
1164,T6164,C001615,2257,Matthew Burgess,Michael Humphrey,lopezroger@example.net,risk_weighted_assignment,0.65,Support source has no natural DataCo customer key; assigned into the selected customer spine.
1165,T6165,C001640,10220,Gerald Mason,Brandon Collins,smithdavid@example.com,risk_weighted_assignment,0.65,Support source has no natural DataCo customer key; assigned into the selected customer spine.
1166,T6166,C001770,5845,Daniel Bruce,John Collier,jon73@example.com,risk_weighted_assignment,0.65,Support source has no natural DataCo customer key; assigned into the selected customer spine.
1167,T6167,C001793,19,Stephanie Mitchell,Antonio Vasquez,thomasstephanie@example.net,risk_weighted_assignment,0.65,Support source has no natural DataCo customer key; assigned into the selected customer spine.
1168,T6168,C001813,9605,Mary Smith,David Humphrey,tammymullins@example.org,risk_weighted_assignment,0.65,Support source has no natural DataCo customer key; assigned into the selected customer spine.
1169,T6169,C001837,870,Linda Delacruz,Mrs. Leslie Wong,riveraluis@example.net,risk_weighted_assignment,0.65,Support source has no natural DataCo customer key; assigned into the selected customer spine.
1170,T6170,C001855,10823,Angela Oconnell,Pamela Anderson,josephserrano@example.org,risk_weighted_assignment,0.65,Support source has no natural DataCo customer key; assigned into the selected customer spine.
1171,T6171,C001900,3574,Mary Smith,Shannon Petty,wbarrett@example.org,risk_weighted_assignment,0.65,Support source has no natural DataCo customer key; assigned into the selected customer spine.
1172,T6172,C001941,8938,Raymond Gould,Lauren Schwartz,okelly@example.net,risk_weighted_assignment,0.65,Support source has no natural DataCo customer key; assigned into the selected customer spine.
1173,T6173,C000088,3420,Kenneth Price,Savannah Willis,zwalter@example.com,risk_weighted_assignment,0.65,Support source has no natural DataCo customer key; assigned into the selected customer spine.
1174,T6174,C000104,11654,Michelle Acosta,Christopher Lane,bridgesnancy@example.org,risk_weighted_assignment,0.65,Support source has no natural DataCo customer key; assigned into the selected customer spine.
1175,T6175,C000105,6285,Mary Garcia,Richard Blevins,catherine71@example.net,risk_weighted_assignment,0.65,Support source has no natural DataCo customer key; assigned into the selected customer spine.
1176,T6176,C000110,9697,Stephen Williams,Joe Stanley,randywright@example.org,risk_weighted_assignment,0.65,Support source has no natural DataCo customer key; assigned into the selected customer spine.
1177,T6177,C000112,6050,Rebecca Arnold,Valerie Peterson MD,ssnow@example.net,risk_weighted_assignment,0.65,Support source has no natural DataCo customer key; assigned into the selected customer spine.
1178,T6178,C000166,8820,Jessica Smith,Fernando Johnson,stephanie80@example.com,risk_weighted_assignment,0.65,Support source has no natural DataCo customer key; assigned into the selected customer spine.
1179,T6179,C000208,8861,Mary Smith,Bobby Hoffman,elizabethjenkins@example.com,risk_weighted_assignment,0.65,Support source has no natural DataCo customer key; assigned into the selected customer spine.
1180,T6180,C000209,7633,Emily Smith,Karen Brown,danielbarry@example.com,risk_weighted_assignment,0.65,Support source has no natural DataCo customer key; assigned into the selected customer spine.
1181,T6181,C000211,11985,Jennifer Moss,Alexandra Solis,dgordon@example.com,risk_weighted_assignment,0.65,Support source has no natural DataCo customer key; assigned into the selected customer spine.
1182,T6182,C000255,11156,Jessica Valdez,Jonathan King,ballbrianna@example.com,risk_weighted_assignment,0.65,Support source has no natural DataCo customer key; assigned into the selected customer spine.
1183,T6183,C000286,11112,Jessica Cowan,Kenneth Lee,mwebb@example.com,risk_weighted_assignment,0.65,Support source has no natural DataCo customer key; assigned into the selected customer spine.
1184,T6184,C000443,3051,John Johnson,Rita Miller,bennettryan@example.org,risk_weighted_assignment,0.65,Support source has no natural DataCo customer key; assigned into the selected customer spine.
1185,T6185,C000454,2508,Brandon Adkins,Larry Mccullough,ijones@example.net,risk_weighted_assignment,0.65,Support source has no natural DataCo customer key; assigned into the selected customer spine.
1186,T6186,C000575,1810,James Miller,Heather Martin,jodonnell@example.org,risk_weighted_assignment,0.65,Support source has no natural DataCo customer key; assigned into the selected customer spine.
1187,T6187,C000661,12019,Mary Walters,Kathryn Miller,danielsnoah@example.net,risk_weighted_assignment,0.65,Support source has no natural DataCo customer key; assigned into the selected customer spine.
1188,T6188,C000672,2362,Samantha Smith,Kenneth Smith,maddenandrea@example.net,risk_weighted_assignment,0.65,Support source has no natural DataCo customer key; assigned into the selected customer spine.
1189,T6189,C000829,5301,Mary Ward,Jack Smith,turnerteresa@example.org,risk_weighted_assignment,0.65,Support source has no natural DataCo customer key; assigned into the selected customer spine.
1190,T6190,C000851,6319,Mary Merritt,Jim Harris,jquinn@example.com,risk_weighted_assignment,0.65,Support source has no natural DataCo customer key; assigned into the selected customer spine.
1191,T6191,C000933,5011,William Berg,Joseph Reynolds,rhondawalker@example.net,risk_weighted_assignment,0.65,Support source has no natural DataCo customer key; assigned into the selected customer spine.
1192,T6192,C000939,11448,Mary Tucker,Melissa Bruce MD,rcox@example.net,risk_weighted_assignment,0.65,Support source has no natural DataCo customer key; assigned into the selected customer spine.
1193,T6193,C001007,8398,Mary Williams,Christine Robertson,isummers@example.com,risk_weighted_assignment,0.65,Support source has no natural DataCo customer key; assigned into the selected customer spine.
1194,T6194,C001029,7980,Jennifer Ortiz,Morgan Gould,xvega@example.net,risk_weighted_assignment,0.65,Support source has no natural DataCo customer key; assigned into the selected customer spine.
1195,T6195,C001086,4929,Janet Harvey,Andrew Rivers,saustin@example.org,risk_weighted_assignment,0.65,Support source has no natural DataCo customer key; assigned into the selected customer spine.
1196,T6196,C001100,10273,Mary Smith,Jessica Brown,oscar83@example.net,risk_weighted_assignment,0.65,Support source has no natural DataCo customer key; assigned into the selected customer spine.
1197,T6197,C001174,10685,Amy Walker,Brittany Campbell,christopheroliver@example.com,risk_weighted_assignment,0.65,Support source has no natural DataCo customer key; assigned into the selected customer spine.
1198,T6198,C001204,5125,Mary Miller,Tina Rocha,kyle21@example.com,risk_weighted_assignment,0.65,Support source has no natural DataCo customer key; assigned into the selected customer spine.
1199,T6199,C001230,11862,Mary Smith,Robert Vasquez,patrick69@example.org,risk_weighted_assignment,0.65,Support source has no natural DataCo customer key; assigned into the selected customer spine.
1200,T6200,C001232,9924,Christine Smith,Megan Mckinney,thomas22@example.com,risk_weighted_assignment,0.65,Support source has no natural DataCo customer key; assigned into the selected customer spine.
1201,T6201,C001239,8612,Emma Smith,Kimberly Lopez,jocelyn99@example.com,risk_weighted_assignment,0.65,Support source has no natural DataCo customer key; assigned into the selected customer spine.
1202,T6202,C001241,1563,Carolyn Smith,Mr. Casey Bradley,edward53@example.com,risk_weighted_assignment,0.65,Support source has no natural DataCo customer key; assigned into the selected customer spine.
1203,T6203,C001270,3595,Joshua Lewis,Philip Harris,debbie78@example.net,risk_weighted_assignment,0.65,Support source has no natural DataCo customer key; assigned into the selected customer spine.
1204,T6204,C001323,8999,Paul Smith,Hayden Hernandez,edward78@example.net,risk_weighted_assignment,0.65,Support source has no natural DataCo customer key; assigned into the selected customer spine.
1205,T6205,C001384,1393,Ryan Hodge,Jeremy Smith,spencermarquez@example.net,risk_weighted_assignment,0.65,Support source has no natural DataCo customer key; assigned into the selected customer spine.
1206,T6206,C001423,6178,Mary Smith,Jeffrey Dennis,peter55@example.com,risk_weighted_assignment,0.65,Support source has no natural DataCo customer key; assigned into the selected customer spine.
1207,T6207,C001497,5762,Crystal Foster,Amy Watson,kimberlyperez@example.net,risk_weighted_assignment,0.65,Support source has no natural DataCo customer key; assigned into the selected customer spine.
1208,T6208,C001529,7294,Sharon Ball,Nicholas Garcia,sheltonkathleen@example.org,risk_weighted_assignment,0.65,Support source has no natural DataCo customer key; assigned into the selected customer spine.
1209,T6209,C001645,8631,Mary Richardson,Kim Sullivan,lisa79@example.net,risk_weighted_assignment,0.65,Support source has no natural DataCo customer key; assigned into the selected customer spine.
1210,T6210,C001669,8520,Denise Smith,John Barnes,zmartin@example.net,risk_weighted_assignment,0.65,Support source has no natural DataCo customer key; assigned into the selected customer spine.
1211,T6211,C001677,5359,Raymond Wu,Angel Garcia MD,mirandagarcia@example.com,risk_weighted_assignment,0.65,Support source has no natural DataCo customer key; assigned into the selected customer spine.
1212,T6212,C001754,10134,Mary Stuart,Mark Jones,margaretsmith@example.net,risk_weighted_assignment,0.65,Support source has no natural DataCo customer key; assigned into the selected customer spine.
1213,T6213,C001812,2589,Nathan Taylor,Victoria Hansen,fordjennifer@example.net,risk_weighted_assignment,0.65,Support source has no natural DataCo customer key; assigned into the selected customer spine.
1214,T6214,C001860,1745,Mary Smith,Robert Brown,benjamin44@example.net,risk_weighted_assignment,0.65,Support source has no natural DataCo customer key; assigned into the selected customer spine.
1215,T6215,C001931,11427,Deborah Martin,Mary Baker,smitherin@example.com,risk_weighted_assignment,0.65,Support source has no natural DataCo customer key; assigned into the selected customer spine.
1216,T6216,C001955,2654,Donna Martinez,Jennifer Russell,tylerjohns@example.net,risk_weighted_assignment,0.65,Support source has no natural DataCo customer key; assigned into the selected customer spine.
1217,T6217,C001979,6071,Mary Wu,Mario Alvarez,ashleyscott@example.com,risk_weighted_assignment,0.65,Support source has no natural DataCo customer key; assigned into the selected customer spine.
1218,T6218,C001988,10226,Mary Smith,Desiree Foley,kristin36@example.net,risk_weighted_assignment,0.65,Support source has no natural DataCo customer key; assigned into the selected customer spine.
1219,T6219,C000048,5217,David Smith,Allen Scott,derrickweiss@example.com,risk_weighted_assignment,0.65,Support source has no natural DataCo customer key; assigned into the selected customer spine.
1220,T6220,C000062,11431,Willie Sanders,Andrew Mckenzie,whitesarah@example.org,risk_weighted_assignment,0.65,Support source has no natural DataCo customer key; assigned into the selected customer spine.
1221,T6221,C000142,3550,Mary Garner,Joshua Garcia,curtishart@example.com,risk_weighted_assignment,0.65,Support source has no natural DataCo customer key; assigned into the selected customer spine.
1222,T6222,C000155,9515,Victoria Smith,Robert Smith,newmannancy@example.net,risk_weighted_assignment,0.65,Support source has no natural DataCo customer key; assigned into the selected customer spine.
1223,T6223,C000158,6812,Sharon Smith,Patrick Bender,chase67@example.net,risk_weighted_assignment,0.65,Support source has no natural DataCo customer key; assigned into the selected customer spine.
1224,T6224,C000213,4530,Mary Smith,Ryan Romero,sara31@example.net,risk_weighted_assignment,0.65,Support source has no natural DataCo customer key; assigned into the selected customer spine.
1225,T6225,C000216,7001,Mary Weeks,Jennifer Turner,arnoldnicole@example.org,risk_weighted_assignment,0.65,Support source has no natural DataCo customer key; assigned into the selected customer spine.
1226,T6226,C000308,8664,Mary Smith,Ryan Chase,stephanie21@example.org,risk_weighted_assignment,0.65,Support source has no natural DataCo customer key; assigned into the selected customer spine.
1227,T6227,C000312,8071,Gary Baker,Stephanie Miller,benjaminpeters@example.net,risk_weighted_assignment,0.65,Support source has no natural DataCo customer key; assigned into the selected customer spine.
1228,T6228,C000329,3735,Mary Lewis,Gregory Cross,beverlymann@example.org,risk_weighted_assignment,0.65,Support source has no natural DataCo customer key; assigned into the selected customer spine.
1229,T6229,C000336,2537,Mary Smith,Leslie Terry,dennis39@example.org,risk_weighted_assignment,0.65,Support source has no natural DataCo customer key; assigned into the selected customer spine.
1230,T6230,C000347,9213,Jennifer Williamson,Amy Johnson,eddie67@example.com,risk_weighted_assignment,0.65,Support source has no natural DataCo customer key; assigned into the selected customer spine.
1231,T6231,C000353,2180,Shirley Smith,Michael Obrien,veronicaford@example.net,risk_weighted_assignment,0.65,Support source has no natural DataCo customer key; assigned into the selected customer spine.
1232,T6232,C000359,7432,Betty Smith,Kenneth Gregory,david60@example.org,risk_weighted_assignment,0.65,Support source has no natural DataCo customer key; assigned into the selected customer spine.
1233,T6233,C000362,1937,Mary Werner,Emily Murray,johnsonamy@example.com,risk_weighted_assignment,0.65,Support source has no natural DataCo customer key; assigned into the selected customer spine.
1234,T6234,C000407,4770,Andrea Malone,Kevin Cox,tiffanysaunders@example.net,risk_weighted_assignment,0.65,Support source has no natural DataCo customer key; assigned into the selected customer spine.
1235,T6235,C000416,8290,Benjamin Jennings,Carlos Jackson,scottnunez@example.org,risk_weighted_assignment,0.65,Support source has no natural DataCo customer key; assigned into the selected customer spine.
1236,T6236,C000421,7123,Carl Smith,Derek Hunter,george57@example.com,risk_weighted_assignment,0.65,Support source has no natural DataCo customer key; assigned into the selected customer spine.
1237,T6237,C000426,8971,Mary Gill,Jeremy Diaz,brett79@example.net,risk_weighted_assignment,0.65,Support source has no natural DataCo customer key; assigned into the selected customer spine.
1238,T6238,C000485,5311,Mary Smith,Troy Molina,ricky03@example.net,risk_weighted_assignment,0.65,Support source has no natural DataCo customer key; assigned into the selected customer spine.
1239,T6239,C000524,2826,Lisa Wallace,Brandy Webb,david81@example.net,risk_weighted_assignment,0.65,Support source has no natural DataCo customer key; assigned into the selected customer spine.
1240,T6240,C000608,1927,Laura Stevens,John Solis,neilpeters@example.com,risk_weighted_assignment,0.65,Support source has no natural DataCo customer key; assigned into the selected customer spine.
1241,T6241,C000650,3304,Amanda Gibson,Sheri Larson,tammy45@example.org,risk_weighted_assignment,0.65,Support source has no natural DataCo customer key; assigned into the selected customer spine.
1242,T6242,C000689,6086,Mary Hutchinson,Mary Lyons,hutchinsonrebecca@example.net,risk_weighted_assignment,0.65,Support source has no natural DataCo customer key; assigned into the selected customer spine.
1243,T6243,C000842,1589,Matthew Brennan,Mark Grimes,perezjessica@example.com,risk_weighted_assignment,0.65,Support source has no natural DataCo customer key; assigned into the selected customer spine.
1244,T6244,C000853,8198,Mary Frank,Stephen Byrd,thomaskristi@example.com,risk_weighted_assignment,0.65,Support source has no natural DataCo customer key; assigned into the selected customer spine.
1245,T6245,C000865,5971,Philip Johnson,Joseph Gonzalez,andreawashington@example.org,risk_weighted_assignment,0.65,Support source has no natural DataCo customer key; assigned into the selected customer spine.
1246,T6246,C000925,8084,Mary Smith,Mr. Jordan Tapia,stevenfisher@example.com,risk_weighted_assignment,0.65,Support source has no natural DataCo customer key; assigned into the selected customer spine.
1247,T6247,C000960,9039,Amber Wall,Monica Robinson,michellegonzales@example.org,risk_weighted_assignment,0.65,Support source has no natural DataCo customer key; assigned into the selected customer spine.
1248,T6248,C000978,11388,Mary Rangel,Wayne Shaw,andersondonald@example.com,risk_weighted_assignment,0.65,Support source has no natural DataCo customer key; assigned into the selected customer spine.
1249,T6249,C001113,9581,Deborah Smith,Summer Willis DDS,frobinson@example.com,risk_weighted_assignment,0.65,Support source has no natural DataCo customer key; assigned into the selected customer spine.
1250,T6250,C001122,859,Dorothy Hawkins,Justin Greer,edavidson@example.com,risk_weighted_assignment,0.65,Support source has no natural DataCo customer key; assigned into the selected customer spine.
1251,T6251,C001137,10514,Mary Page,Stephen Rivera,xthomas@example.org,risk_weighted_assignment,0.65,Support source has no natural DataCo customer key; assigned into the selected customer spine.
1252,T6252,C001246,10453,Elizabeth Brewer,Jessica Smith,michaelallison@example.org,risk_weighted_assignment,0.65,Support source has no natural DataCo customer key; assigned into the selected customer spine.
1253,T6253,C001255,3677,Sandra Edwards,Mark Hart,george47@example.com,risk_weighted_assignment,0.65,Support source has no natural DataCo customer key; assigned into the selected customer spine.
1254,T6254,C001303,3660,Roger Smith,Joshua Webster,mgay@example.com,risk_weighted_assignment,0.65,Support source has no natural DataCo customer key; assigned into the selected customer spine.
1255,T6255,C001346,5797,Roy Smith,Connie Davis,david98@example.org,risk_weighted_assignment,0.65,Support source has no natural DataCo customer key; assigned into the selected customer spine.
1256,T6256,C001355,2717,Mary Smith,Paul Baldwin,mirandajohnson@example.net,risk_weighted_assignment,0.65,Support source has no natural DataCo customer key; assigned into the selected customer spine.
1257,T6257,C001385,4016,Mary Smith,Steven Hernandez,amorrow@example.org,risk_weighted_assignment,0.65,Support source has no natural DataCo customer key; assigned into the selected customer spine.
1258,T6258,C001452,3567,Thomas Schroeder,Michael Eaton,kanderson@example.net,risk_weighted_assignment,0.65,Support source has no natural DataCo customer key; assigned into the selected customer spine.
1259,T6259,C001469,3237,James Gonzalez,Erica Chapman,jameskaren@example.org,risk_weighted_assignment,0.65,Support source has no natural DataCo customer key; assigned into the selected customer spine.
1260,T6260,C001569,778,John Buckley,Sharon Rodriguez,william55@example.com,risk_weighted_assignment,0.65,Support source has no natural DataCo customer key; assigned into the selected customer spine.
1261,T6261,C001589,5052,Larry Meyer,Sandra Macdonald,john42@example.org,risk_weighted_assignment,0.65,Support source has no natural DataCo customer key; assigned into the selected customer spine.
1262,T6262,C001638,8704,Mary Mclean,Caitlin Johnson,derek73@example.com,risk_weighted_assignment,0.65,Support source has no natural DataCo customer key; assigned into the selected customer spine.
1263,T6263,C001659,5145,James Smith,Miranda Jones,michelle30@example.net,risk_weighted_assignment,0.65,Support source has no natural DataCo customer key; assigned into the selected customer spine.
1264,T6264,C001845,4922,Robert Russo,Steve Park,madams@example.org,risk_weighted_assignment,0.65,Support source has no natural DataCo customer key; assigned into the selected customer spine.
1265,T6265,C001960,5327,Mary Mcbride,Lisa Bennett,holderwilliam@example.com,risk_weighted_assignment,0.65,Support source has no natural DataCo customer key; assigned into the selected customer spine.
1266,T6266,C000003,8766,Mary Duncan,Robert Sullivan,harringtonjamie@example.org,risk_weighted_assignment,0.65,Support source has no natural DataCo customer key; assigned into the selected customer spine.
1267,T6267,C000005,2641,Betty Spears,Mary Griffin,nathan55@example.net,risk_weighted_assignment,0.65,Support source has no natural DataCo customer key; assigned into the selected customer spine.
1268,T6268,C000024,6316,Kyle Smith,Christian Thomas,matthew05@example.net,risk_weighted_assignment,0.65,Support source has no natural DataCo customer key; assigned into the selected customer spine.
1269,T6269,C000056,1695,Amanda Marquez,Noah Clark,egarcia@example.com,risk_weighted_assignment,0.65,Support source has no natural DataCo customer key; assigned into the selected customer spine.
1270,T6270,C000075,11768,Virginia Smith,Christine Williams,rebeccadaniel@example.com,risk_weighted_assignment,0.65,Support source has no natural DataCo customer key; assigned into the selected customer spine.
1271,T6271,C000138,8964,Mary Berger,Robert Rios,kimjeremiah@example.net,risk_weighted_assignment,0.65,Support source has no natural DataCo customer key; assigned into the selected customer spine.
1272,T6272,C000239,7273,Mary Smith,Amanda Thompson,reyeswendy@example.com,risk_weighted_assignment,0.65,Support source has no natural DataCo customer key; assigned into the selected customer spine.
1273,T6273,C000392,9871,Jonathan Smith,Mary Cole,nguyenyolanda@example.com,risk_weighted_assignment,0.65,Support source has no natural DataCo customer key; assigned into the selected customer spine.
1274,T6274,C000481,10735,Albert Valdez,George Thomas,jack44@example.net,risk_weighted_assignment,0.65,Support source has no natural DataCo customer key; assigned into the selected customer spine.
1275,T6275,C000494,5200,Jennifer Little,Rebecca Gibbs,breanna52@example.org,risk_weighted_assignment,0.65,Support source has no natural DataCo customer key; assigned into the selected customer spine.
1276,T6276,C000558,11124,Mary Bowman,Jenna Walsh,kelly61@example.com,risk_weighted_assignment,0.65,Support source has no natural DataCo customer key; assigned into the selected customer spine.
1277,T6277,C000582,7749,Amy Gibson,Sara Harvey,maryroy@example.net,risk_weighted_assignment,0.65,Support source has no natural DataCo customer key; assigned into the selected customer spine.
1278,T6278,C000618,7802,Mary Acevedo,Jessica Fox,vroach@example.com,risk_weighted_assignment,0.65,Support source has no natural DataCo customer key; assigned into the selected customer spine.
1279,T6279,C000642,564,Mary Mccann,Jack Mccall,markblackburn@example.com,risk_weighted_assignment,0.65,Support source has no natural DataCo customer key; assigned into the selected customer spine.
1280,T6280,C000647,4807,Raymond Rodgers,Samantha Olson,pbutler@example.org,risk_weighted_assignment,0.65,Support source has no natural DataCo customer key; assigned into the selected customer spine.
1281,T6281,C000667,5085,Janet Jones,Bryan Wilson,hugheslori@example.net,risk_weighted_assignment,0.65,Support source has no natural DataCo customer key; assigned into the selected customer spine.
1282,T6282,C000720,1158,Emily Price,Patricia Elliott,teresaortiz@example.com,risk_weighted_assignment,0.65,Support source has no natural DataCo customer key; assigned into the selected customer spine.
1283,T6283,C000726,5965,Richard Parker,Donna Harris,lisa07@example.net,risk_weighted_assignment,0.65,Support source has no natural DataCo customer key; assigned into the selected customer spine.
1284,T6284,C000796,771,Patricia Smith,Daniel Hoffman,hayleygrant@example.net,risk_weighted_assignment,0.65,Support source has no natural DataCo customer key; assigned into the selected customer spine.
1285,T6285,C000881,5787,Jordan Medina,James Myers,michellehoover@example.com,risk_weighted_assignment,0.65,Support source has no natural DataCo customer key; assigned into the selected customer spine.
1286,T6286,C001317,10584,Mary Smith,Ashley Love,kristie33@example.net,risk_weighted_assignment,0.65,Support source has no natural DataCo customer key; assigned into the selected customer spine.
1287,T6287,C001376,4253,Maria Smith,Denise Perry,esoto@example.org,risk_weighted_assignment,0.65,Support source has no natural DataCo customer key; assigned into the selected customer spine.
1288,T6288,C001391,187,Mildred Herrera,Cristian Rodriguez,smiththomas@example.net,risk_weighted_assignment,0.65,Support source has no natural DataCo customer key; assigned into the selected customer spine.
1289,T6289,C001520,4272,Mary Brewer,Kimberly Patel,cindycastillo@example.net,risk_weighted_assignment,0.65,Support source has no natural DataCo customer key; assigned into the selected customer spine.
1290,T6290,C001552,11284,Sarah Sherman,Brianna Vaughn,duartemichael@example.net,risk_weighted_assignment,0.65,Support source has no natural DataCo customer key; assigned into the selected customer spine.
1291,T6291,C001596,5732,Jacob Perry,Abigail Davis,rodriguezchristine@example.net,risk_weighted_assignment,0.65,Support source has no natural DataCo customer key; assigned into the selected customer spine.
1292,T6292,C001628,9612,Willie Roberson,Kelly Ray DVM,brian98@example.net,risk_weighted_assignment,0.65,Support source has no natural DataCo customer key; assigned into the selected customer spine.
1293,T6293,C001666,11757,Mary Boyle,Kevin Mitchell,tharmon@example.net,risk_weighted_assignment,0.65,Support source has no natural DataCo customer key; assigned into the selected customer spine.
1294,T6294,C001680,2210,Mary Bryant,Cindy Yu,mthompson@example.org,risk_weighted_assignment,0.65,Support source has no natural DataCo customer key; assigned into the selected customer spine.
1295,T6295,C001713,10759,Douglas Smith,Alex Allen,gcameron@example.net,risk_weighted_assignment,0.65,Support source has no natural DataCo customer key; assigned into the selected customer spine.
1296,T6296,C001735,3397,Mary Coleman,Carla Robinson,rogerthomas@example.net,risk_weighted_assignment,0.65,Support source has no natural DataCo customer key; assigned into the selected customer spine.
1297,T6297,C000012,1464,Amber Dixon,Christopher Jones,matthewherrera@example.com,risk_weighted_assignment,0.65,Support source has no natural DataCo customer key; assigned into the selected customer spine.
1298,T6298,C000106,467,James Smith,Joanne Lynch,theresa07@example.com,risk_weighted_assignment,0.65,Support source has no natural DataCo customer key; assigned into the selected customer spine.
1299,T6299,C000113,7954,Danielle Smith,Alyssa Medina,jdavis@example.org,risk_weighted_assignment,0.65,Support source has no natural DataCo customer key; assigned into the selected customer spine.
1300,T6300,C000168,5867,Beverly Jackson,William Klein,johnathanwashington@example.com,risk_weighted_assignment,0.65,Support source has no natural DataCo customer key; assigned into the selected customer spine.
1301,T6301,C000271,6213,Michael Richardson,Kristen Rodriguez,wrightcory@example.com,risk_weighted_assignment,0.65,Support source has no natural DataCo customer key; assigned into the selected customer spine.
1302,T6302,C000318,11884,Evelyn Contreras,Brittany Long,ortizmaria@example.org,risk_weighted_assignment,0.65,Support source has no natural DataCo customer key; assigned into the selected customer spine.
1303,T6303,C000372,4514,Carl Nicholson,Amanda Higgins,thomas94@example.org,risk_weighted_assignment,0.65,Support source has no natural DataCo customer key; assigned into the selected customer spine.
1304,T6304,C000385,2708,Jennifer Dominguez,Leslie Bishop,tjones@example.com,risk_weighted_assignment,0.65,Support source has no natural DataCo customer key; assigned into the selected customer spine.
1305,T6305,C000510,10559,Mary Jones,Thomas Smith,ddavis@example.net,risk_weighted_assignment,0.65,Support source has no natural DataCo customer key; assigned into the selected customer spine.
1306,T6306,C000517,5533,Mary Harrison,Teresa Barnes MD,kadams@example.org,risk_weighted_assignment,0.65,Support source has no natural DataCo customer key; assigned into the selected customer spine.
1307,T6307,C000631,4552,Janice Smith,Julie Walsh,cdunn@example.com,risk_weighted_assignment,0.65,Support source has no natural DataCo customer key; assigned into the selected customer spine.
1308,T6308,C000780,9341,Karen Collins,Cassandra Patton,sarareyes@example.org,risk_weighted_assignment,0.65,Support source has no natural DataCo customer key; assigned into the selected customer spine.
1309,T6309,C000871,9563,Pamela Murphy,Natasha Lopez,blackwellangela@example.net,risk_weighted_assignment,0.65,Support source has no natural DataCo customer key; assigned into the selected customer spine.
1310,T6310,C000878,2252,Mary Smith,Victoria Smith,cgutierrez@example.net,risk_weighted_assignment,0.65,Support source has no natural DataCo customer key; assigned into the selected customer spine.
1311,T6311,C000945,396,Deborah Smith,Bryce Fitzgerald,ymiles@example.net,risk_weighted_assignment,0.65,Support source has no natural DataCo customer key; assigned into the selected customer spine.
1312,T6312,C001115,11235,Judy Church,Richard Howard,lwalters@example.org,risk_weighted_assignment,0.65,Support source has no natural DataCo customer key; assigned into the selected customer spine.
1313,T6313,C001117,6165,Mary Gardner,Randy Walker,samanthazimmerman@example.com,risk_weighted_assignment,0.65,Support source has no natural DataCo customer key; assigned into the selected customer spine.
1314,T6314,C001145,9639,Mary Smith,Mark Harrison,susanwilkinson@example.org,risk_weighted_assignment,0.65,Support source has no natural DataCo customer key; assigned into the selected customer spine.
1315,T6315,C001171,7716,David Middleton,Anthony Moreno,edwardsmelissa@example.com,risk_weighted_assignment,0.65,Support source has no natural DataCo customer key; assigned into the selected customer spine.
1316,T6316,C001181,1847,Mary Smith,Brittany Miller,douglasjohnson@example.org,risk_weighted_assignment,0.65,Support source has no natural DataCo customer key; assigned into the selected customer spine.
1317,T6317,C001206,10905,Lisa Warner,Jeffery Brown,gvance@example.org,risk_weighted_assignment,0.65,Support source has no natural DataCo customer key; assigned into the selected customer spine.
1318,T6318,C001275,4665,Jessica York,Thomas Martin,bcuevas@example.org,risk_weighted_assignment,0.65,Support source has no natural DataCo customer key; assigned into the selected customer spine.
1319,T6319,C001278,5943,Mary Sherman,Michelle Ward,ericvaughan@example.org,risk_weighted_assignment,0.65,Support source has no natural DataCo customer key; assigned into the selected customer spine.
1320,T6320,C001344,452,Carl Smith,Kyle Horton,gthomas@example.org,risk_weighted_assignment,0.65,Support source has no natural DataCo customer key; assigned into the selected customer spine.
1321,T6321,C001416,6397,Mary Carr,Andrew Duke,vanessamichael@example.net,risk_weighted_assignment,0.65,Support source has no natural DataCo customer key; assigned into the selected customer spine.
1322,T6322,C001448,6014,Mary Washington,Charlotte Ford,panderson@example.org,risk_weighted_assignment,0.65,Support source has no natural DataCo customer key; assigned into the selected customer spine.
1323,T6323,C001531,6669,Mary Smith,Robert Singh,donald54@example.com,risk_weighted_assignment,0.65,Support source has no natural DataCo customer key; assigned into the selected customer spine.
1324,T6324,C001581,3617,Mary Smith,Nicole Mitchell,rachel27@example.com,risk_weighted_assignment,0.65,Support source has no natural DataCo customer key; assigned into the selected customer spine.
1325,T6325,C001586,8787,Janice Pittman,Kimberly Kelly,mitchellnathaniel@example.net,risk_weighted_assignment,0.65,Support source has no natural DataCo customer key; assigned into the selected customer spine.
1326,T6326,C001631,6370,Andrea Smith,Joshua Young,clewis@example.com,risk_weighted_assignment,0.65,Support source has no natural DataCo customer key; assigned into the selected customer spine.
1327,T6327,C001664,6909,Mary Salinas,Danny Gray,uanderson@example.com,risk_weighted_assignment,0.65,Support source has no natural DataCo customer key; assigned into the selected customer spine.
1328,T6328,C001689,1331,Mary Smith,Kathryn Hayes,jasminewarren@example.org,risk_weighted_assignment,0.65,Support source has no natural DataCo customer key; assigned into the selected customer spine.
1329,T6329,C001704,3188,Madison Ray,Bill Gilmore,tracy71@example.com,risk_weighted_assignment,0.65,Support source has no natural DataCo customer key; assigned into the selected customer spine.
1330,T6330,C001715,10437,Mary Graham,Ryan Lambert,jessica01@example.com,risk_weighted_assignment,0.65,Support source has no natural DataCo customer key; assigned into the selected customer spine.
1331,T6331,C001778,12332,Kelly Jones,Joshua Swanson,lisa92@example.net,risk_weighted_assignment,0.65,Support source has no natural DataCo customer key; assigned into the selected customer spine.
1332,T6332,C001843,10109,Mary Dodson,Jennifer Phillips,ssmith@example.com,risk_weighted_assignment,0.65,Support source has no natural DataCo customer key; assigned into the selected customer spine.
1333,T6333,C001852,8550,Mary Smith,Nicholas Smith,mathewfisher@example.com,risk_weighted_assignment,0.65,Support source has no natural DataCo customer key; assigned into the selected customer spine.
1334,T6334,C001865,2979,Nicole Smith,Curtis Pearson,lopezbarbara@example.net,risk_weighted_assignment,0.65,Support source has no natural DataCo customer key; assigned into the selected customer spine.
1335,T6335,C001887,11522,Roy Smith,Christopher Dougherty,kathleen35@example.com,risk_weighted_assignment,0.65,Support source has no natural DataCo customer key; assigned into the selected customer spine.
1336,T6336,C001922,1363,Kathy Rios,Sarah Buchanan,turneranthony@example.com,risk_weighted_assignment,0.65,Support source has no natural DataCo customer key; assigned into the selected customer spine.
1337,T6337,C001929,2881,Phillip Smith,Jason Simon,caleb76@example.org,risk_weighted_assignment,0.65,Support source has no natural DataCo customer key; assigned into the selected customer spine.
1338,T6338,C001976,8942,Robert Smith,Elizabeth Pena,robertdouglas@example.com,risk_weighted_assignment,0.65,Support source has no natural DataCo customer key; assigned into the selected customer spine.
1339,T6339,C000042,8517,Debra Smith,David Scott,coffeyscott@example.org,risk_weighted_assignment,0.65,Support source has no natural DataCo customer key; assigned into the selected customer spine.
1340,T6340,C000061,773,Dylan Horton,Dennis Bates,thomas05@example.com,risk_weighted_assignment,0.65,Support source has no natural DataCo customer key; assigned into the selected customer spine.
1341,T6341,C000084,6615,Mary Meadows,Jesus Ramos,erinburns@example.org,risk_weighted_assignment,0.65,Support source has no natural DataCo customer key; assigned into the selected customer spine.
1342,T6342,C000120,3369,Joseph Clark,Heather Goodman,melissabennett@example.net,risk_weighted_assignment,0.65,Support source has no natural DataCo customer key; assigned into the selected customer spine.
1343,T6343,C000180,5778,Evelyn Smith,Sheena Guzman,reginastone@example.com,risk_weighted_assignment,0.65,Support source has no natural DataCo customer key; assigned into the selected customer spine.
1344,T6344,C000218,12221,Betty Sanchez,Heather Taylor,nperez@example.net,risk_weighted_assignment,0.65,Support source has no natural DataCo customer key; assigned into the selected customer spine.
1345,T6345,C000256,11833,Mary Weaver,Lisa Smith,collinscarrie@example.org,risk_weighted_assignment,0.65,Support source has no natural DataCo customer key; assigned into the selected customer spine.
1346,T6346,C000289,6893,Deborah Smith,Savannah Ayala,thomas38@example.com,risk_weighted_assignment,0.65,Support source has no natural DataCo customer key; assigned into the selected customer spine.
1347,T6347,C000295,8511,Mary Smith,Heather Walters,hillmichael@example.com,risk_weighted_assignment,0.65,Support source has no natural DataCo customer key; assigned into the selected customer spine.
1348,T6348,C000328,4697,Kathryn Singh,Kelly Mckenzie,kathleenbrock@example.net,risk_weighted_assignment,0.65,Support source has no natural DataCo customer key; assigned into the selected customer spine.
1349,T6349,C000339,8192,Kathryn Marshall,Caitlin Lawrence,ubailey@example.com,risk_weighted_assignment,0.65,Support source has no natural DataCo customer key; assigned into the selected customer spine.
1350,T6350,C000480,2278,Marie Smith,Ricardo Martin,anne77@example.com,risk_weighted_assignment,0.65,Support source has no natural DataCo customer key; assigned into the selected customer spine.
1351,T6351,C000537,731,Robert Smith,Megan Johnson,isnyder@example.com,risk_weighted_assignment,0.65,Support source has no natural DataCo customer key; assigned into the selected customer spine.
1352,T6352,C000545,6581,Christian Smith,Nancy Cooke,walterowen@example.org,risk_weighted_assignment,0.65,Support source has no natural DataCo customer key; assigned into the selected customer spine.
1353,T6353,C000578,5687,Mary Chapman,Lynn Bentley,richard83@example.org,risk_weighted_assignment,0.65,Support source has no natural DataCo customer key; assigned into the selected customer spine.
1354,T6354,C000612,2549,Stephanie Smith,Gabriel Johnson,kwebster@example.com,risk_weighted_assignment,0.65,Support source has no natural DataCo customer key; assigned into the selected customer spine.
1355,T6355,C000616,6359,Jerry Smith,Cole Morgan,victoria85@example.net,risk_weighted_assignment,0.65,Support source has no natural DataCo customer key; assigned into the selected customer spine.
1356,T6356,C000624,6060,Michael Smith,Brenda Hansen,abaldwin@example.net,risk_weighted_assignment,0.65,Support source has no natural DataCo customer key; assigned into the selected customer spine.
1357,T6357,C000668,3187,Mary Clark,Colleen Patel,smithamanda@example.net,risk_weighted_assignment,0.65,Support source has no natural DataCo customer key; assigned into the selected customer spine.
1358,T6358,C000735,4904,Bruce Smith,Michael Davidson,martintrevor@example.com,risk_weighted_assignment,0.65,Support source has no natural DataCo customer key; assigned into the selected customer spine.
1359,T6359,C000766,1106,Daniel Smith,Deborah Nelson,richardharris@example.org,risk_weighted_assignment,0.65,Support source has no natural DataCo customer key; assigned into the selected customer spine.
1360,T6360,C000803,7298,Mary Barnes,Amanda Stevens,bradfuller@example.com,risk_weighted_assignment,0.65,Support source has no natural DataCo customer key; assigned into the selected customer spine.
1361,T6361,C000931,4561,Scott Stone,Alexander Moore,jonesjames@example.net,risk_weighted_assignment,0.65,Support source has no natural DataCo customer key; assigned into the selected customer spine.
1362,T6362,C000976,4199,Mary Smith,Brittany Martin,lauren97@example.net,risk_weighted_assignment,0.65,Support source has no natural DataCo customer key; assigned into the selected customer spine.
1363,T6363,C001010,8220,Michael Smith,Johnathan Farrell,tyronehahn@example.com,risk_weighted_assignment,0.65,Support source has no natural DataCo customer key; assigned into the selected customer spine.
1364,T6364,C001011,3071,Mary Meadows,Paul Lopez,sanforddouglas@example.net,risk_weighted_assignment,0.65,Support source has no natural DataCo customer key; assigned into the selected customer spine.
1365,T6365,C001078,4265,Debra Smith,David Warren,gabriella48@example.net,risk_weighted_assignment,0.65,Support source has no natural DataCo customer key; assigned into the selected customer spine.
1366,T6366,C001291,6737,Joyce Smith,Jason Marshall,donking@example.net,risk_weighted_assignment,0.65,Support source has no natural DataCo customer key; assigned into the selected customer spine.
1367,T6367,C001478,8463,Nathan Burns,Natalie Thompson,shannon35@example.net,risk_weighted_assignment,0.65,Support source has no natural DataCo customer key; assigned into the selected customer spine.
1368,T6368,C001533,328,William Morrison,Andrew Alvarez,justin60@example.org,risk_weighted_assignment,0.65,Support source has no natural DataCo customer key; assigned into the selected customer spine.
1369,T6369,C001716,7478,Kimberly Villa,Monica Boyd,jacob31@example.org,risk_weighted_assignment,0.65,Support source has no natural DataCo customer key; assigned into the selected customer spine.
1370,T6370,C001755,12049,Mildred Mclaughlin,Adam Hayes,ubenson@example.com,risk_weighted_assignment,0.65,Support source has no natural DataCo customer key; assigned into the selected customer spine.
1371,T6371,C001769,3558,Mary Smith,Reginald Shepard,john02@example.com,risk_weighted_assignment,0.65,Support source has no natural DataCo customer key; assigned into the selected customer spine.
1372,T6372,C001923,2750,George Mason,Daniel Carter,darin95@example.org,risk_weighted_assignment,0.65,Support source has no natural DataCo customer key; assigned into the selected customer spine.
1373,T6373,C000071,5454,Mary Smith,Brenda Morris,xmanning@example.net,risk_weighted_assignment,0.65,Support source has no natural DataCo customer key; assigned into the selected customer spine.
1374,T6374,C000072,6305,Mary Smith,Anna Schmidt MD,robinsonkelly@example.net,risk_weighted_assignment,0.65,Support source has no natural DataCo customer key; assigned into the selected customer spine.
1375,T6375,C000076,2970,Kenneth Smith,Rachel James,meghan71@example.net,risk_weighted_assignment,0.65,Support source has no natural DataCo customer key; assigned into the selected customer spine.
1376,T6376,C000090,9580,Mary Robbins,Mary Mclean,matthewmurphy@example.org,risk_weighted_assignment,0.65,Support source has no natural DataCo customer key; assigned into the selected customer spine.
1377,T6377,C000161,12420,Nathan Adams,Sarah Watkins,maryholloway@example.org,risk_weighted_assignment,0.65,Support source has no natural DataCo customer key; assigned into the selected customer spine.
1378,T6378,C000267,8156,Hannah Smith,Toni Callahan,craigmckenzie@example.net,risk_weighted_assignment,0.65,Support source has no natural DataCo customer key; assigned into the selected customer spine.
1379,T6379,C000290,10672,Mary Smith,Renee Lynch,tammyward@example.org,risk_weighted_assignment,0.65,Support source has no natural DataCo customer key; assigned into the selected customer spine.
1380,T6380,C000391,5197,Brenda Jordan,Melinda Ortiz,derrick12@example.com,risk_weighted_assignment,0.65,Support source has no natural DataCo customer key; assigned into the selected customer spine.
1381,T6381,C000417,4596,Mary Burns,Eric Dean,ochoachristopher@example.net,risk_weighted_assignment,0.65,Support source has no natural DataCo customer key; assigned into the selected customer spine.
1382,T6382,C000548,9586,Mary Olson,Jason Meza,sandersangela@example.com,risk_weighted_assignment,0.65,Support source has no natural DataCo customer key; assigned into the selected customer spine.
1383,T6383,C000619,9161,Mary Smith,Darren Ingram,grayerin@example.org,risk_weighted_assignment,0.65,Support source has no natural DataCo customer key; assigned into the selected customer spine.
1384,T6384,C000732,8930,Jordan Mcgee,Shane James,mhoward@example.com,risk_weighted_assignment,0.65,Support source has no natural DataCo customer key; assigned into the selected customer spine.
1385,T6385,C000764,10572,Mary Smith,Erika Barber,zdunn@example.net,risk_weighted_assignment,0.65,Support source has no natural DataCo customer key; assigned into the selected customer spine.
1386,T6386,C000807,9898,Mary Moon,Lawrence Anthony,jay44@example.com,risk_weighted_assignment,0.65,Support source has no natural DataCo customer key; assigned into the selected customer spine.
1387,T6387,C000841,10854,Mary Coleman,Ian Coleman,brownaudrey@example.com,risk_weighted_assignment,0.65,Support source has no natural DataCo customer key; assigned into the selected customer spine.
1388,T6388,C000872,4654,Alexander Smith,Eric Garcia,jonesdevin@example.com,risk_weighted_assignment,0.65,Support source has no natural DataCo customer key; assigned into the selected customer spine.
1389,T6389,C000934,1946,Diane Smith,Jason Smith,elainepreston@example.org,risk_weighted_assignment,0.65,Support source has no natural DataCo customer key; assigned into the selected customer spine.
1390,T6390,C000941,6307,Gregory Smith,Brian Gonzalez,markflowers@example.com,risk_weighted_assignment,0.65,Support source has no natural DataCo customer key; assigned into the selected customer spine.
1391,T6391,C000952,3133,Ruth Becker,Anita Smith,jhooper@example.net,risk_weighted_assignment,0.65,Support source has no natural DataCo customer key; assigned into the selected customer spine.
1392,T6392,C000982,3763,Mary Martinez,Eduardo Mitchell,amandajohnson@example.org,risk_weighted_assignment,0.65,Support source has no natural DataCo customer key; assigned into the selected customer spine.
1393,T6393,C001075,6571,Brenda Gonzalez,Becky Bailey,nancybrown@example.net,risk_weighted_assignment,0.65,Support source has no natural DataCo customer key; assigned into the selected customer spine.
1394,T6394,C001212,2759,Carolyn Ritter,Katie Lewis,juliepeterson@example.com,risk_weighted_assignment,0.65,Support source has no natural DataCo customer key; assigned into the selected customer spine.
1395,T6395,C001256,8987,Kathleen Price,Tracy Bartlett,stephaniesanchez@example.com,risk_weighted_assignment,0.65,Support source has no natural DataCo customer key; assigned into the selected customer spine.
1396,T6396,C001293,9154,Anna Gillespie,Mrs. Sarah Kaiser,stephanie85@example.org,risk_weighted_assignment,0.65,Support source has no natural DataCo customer key; assigned into the selected customer spine.
1397,T6397,C001297,252,Mary Frazier,Grace Scott,jessica01@example.org,risk_weighted_assignment,0.65,Support source has no natural DataCo customer key; assigned into the selected customer spine.
1398,T6398,C001348,12424,Judy Phillips,Donald Flores,moorelindsay@example.com,risk_weighted_assignment,0.65,Support source has no natural DataCo customer key; assigned into the selected customer spine.
1399,T6399,C001400,10898,James Knight,William Gallagher,amartinez@example.org,risk_weighted_assignment,0.65,Support source has no natural DataCo customer key; assigned into the selected customer spine.
1400,T6400,C001424,5518,Patricia Smith,David Watson,kross@example.net,risk_weighted_assignment,0.65,Support source has no natural DataCo customer key; assigned into the selected customer spine.
1401,T6401,C001454,11352,Doris Peterson,Darin Woods,usmith@example.com,risk_weighted_assignment,0.65,Support source has no natural DataCo customer key; assigned into the selected customer spine.
1402,T6402,C001487,2306,Mary Chen,Amanda Waters,njones@example.org,risk_weighted_assignment,0.65,Support source has no natural DataCo customer key; assigned into the selected customer spine.
1403,T6403,C001499,3262,Mary Brewer,Michelle Ochoa,mattheweverett@example.net,risk_weighted_assignment,0.65,Support source has no natural DataCo customer key; assigned into the selected customer spine.
1404,T6404,C001510,439,Rose Delgado,John Goodman,gonzalezpaul@example.org,risk_weighted_assignment,0.65,Support source has no natural DataCo customer key; assigned into the selected customer spine.
1405,T6405,C001641,9496,Mary Taylor,Michael Ward,leejohn@example.com,risk_weighted_assignment,0.65,Support source has no natural DataCo customer key; assigned into the selected customer spine.
1406,T6406,C001690,5565,Laura Orr,Rebecca Mcdaniel,rileydan@example.org,risk_weighted_assignment,0.65,Support source has no natural DataCo customer key; assigned into the selected customer spine.
1407,T6407,C001696,4388,Richard Moore,Karl Jones,jenniferweeks@example.net,risk_weighted_assignment,0.65,Support source has no natural DataCo customer key; assigned into the selected customer spine.
1408,T6408,C001875,5140,Mary Walton,Brent Hunt,cantrelljasmine@example.net,risk_weighted_assignment,0.65,Support source has no natural DataCo customer key; assigned into the selected customer spine.
1409,T6409,C000026,5897,Mary Griffin,Brittney Key,martintroy@example.org,risk_weighted_assignment,0.65,Support source has no natural DataCo customer key; assigned into the selected customer spine.
1410,T6410,C000057,1920,Stephanie Archer,Martin Chang,richardkelley@example.net,risk_weighted_assignment,0.65,Support source has no natural DataCo customer key; assigned into the selected customer spine.
1411,T6411,C000135,6049,Patricia Smith,Elizabeth Edwards,howarddaniel@example.net,risk_weighted_assignment,0.65,Support source has no natural DataCo customer key; assigned into the selected customer spine.
1412,T6412,C000148,1012,Mark Watts,Michael Moreno,katherinewebb@example.com,risk_weighted_assignment,0.65,Support source has no natural DataCo customer key; assigned into the selected customer spine.
1413,T6413,C000179,6143,Deborah Barber,Stephanie Rodriguez,tdiaz@example.com,risk_weighted_assignment,0.65,Support source has no natural DataCo customer key; assigned into the selected customer spine.
1414,T6414,C000231,9502,Matthew Love,Isaiah Bernard,monica51@example.net,risk_weighted_assignment,0.65,Support source has no natural DataCo customer key; assigned into the selected customer spine.
1415,T6415,C000257,7460,Ethan Smith,Susan Maddox,karenwilson@example.net,risk_weighted_assignment,0.65,Support source has no natural DataCo customer key; assigned into the selected customer spine.
1416,T6416,C000269,2021,Theresa Smith,Joseph Oneal,james01@example.com,risk_weighted_assignment,0.65,Support source has no natural DataCo customer key; assigned into the selected customer spine.
1417,T6417,C000314,10008,Arthur Garrison,David Frost,fpatterson@example.net,risk_weighted_assignment,0.65,Support source has no natural DataCo customer key; assigned into the selected customer spine.
1418,T6418,C000484,8769,Mary Cantrell,Kristopher Garcia,bradleypaul@example.net,risk_weighted_assignment,0.65,Support source has no natural DataCo customer key; assigned into the selected customer spine.
1419,T6419,C000488,3655,Karen Conway,Maria Gonzalez,breanna18@example.net,risk_weighted_assignment,0.65,Support source has no natural DataCo customer key; assigned into the selected customer spine.
1420,T6420,C000541,7401,Mary Moore,Jennifer Payne,kristen27@example.org,risk_weighted_assignment,0.65,Support source has no natural DataCo customer key; assigned into the selected customer spine.
1421,T6421,C000606,11128,Timothy Lyons,Michelle Mills,dberger@example.org,risk_weighted_assignment,0.65,Support source has no natural DataCo customer key; assigned into the selected customer spine.
1422,T6422,C000611,7762,Mary Roberson,Jeremy Paul,juliegutierrez@example.net,risk_weighted_assignment,0.65,Support source has no natural DataCo customer key; assigned into the selected customer spine.
1423,T6423,C000682,3762,Juan Smith,Alyssa Vazquez,davidburton@example.net,risk_weighted_assignment,0.65,Support source has no natural DataCo customer key; assigned into the selected customer spine.
1424,T6424,C000753,5033,Mary Smith,Lauren Glover,courtneygriffin@example.org,risk_weighted_assignment,0.65,Support source has no natural DataCo customer key; assigned into the selected customer spine.
1425,T6425,C000769,2824,Mary Bray,Tyler Chambers,megan12@example.net,risk_weighted_assignment,0.65,Support source has no natural DataCo customer key; assigned into the selected customer spine.
1426,T6426,C000773,10521,Mary Wood,Jennifer Morales,xarnold@example.net,risk_weighted_assignment,0.65,Support source has no natural DataCo customer key; assigned into the selected customer spine.
1427,T6427,C000777,3336,Sandra Hunter,Valerie Guerrero,priceedward@example.org,risk_weighted_assignment,0.65,Support source has no natural DataCo customer key; assigned into the selected customer spine.
1428,T6428,C000801,10992,Barbara Duran,Mary Yates,brett23@example.org,risk_weighted_assignment,0.65,Support source has no natural DataCo customer key; assigned into the selected customer spine.
1429,T6429,C000946,9640,Andrea Leonard,Elizabeth Peterson,pearsontiffany@example.net,risk_weighted_assignment,0.65,Support source has no natural DataCo customer key; assigned into the selected customer spine.
1430,T6430,C000954,5050,Susan Nicholson,Nicole Carpenter,josephnash@example.org,risk_weighted_assignment,0.65,Support source has no natural DataCo customer key; assigned into the selected customer spine.
1431,T6431,C001048,10269,Mary Flowers,Jeremy Jones,nancyjames@example.com,risk_weighted_assignment,0.65,Support source has no natural DataCo customer key; assigned into the selected customer spine.
1432,T6432,C001061,1576,Dorothy Melton,Teresa Hughes,johnedwards@example.org,risk_weighted_assignment,0.65,Support source has no natural DataCo customer key; assigned into the selected customer spine.
1433,T6433,C001079,4190,Mary Martinez,Sarah Livingston,ysmith@example.org,risk_weighted_assignment,0.65,Support source has no natural DataCo customer key; assigned into the selected customer spine.
1434,T6434,C001114,6081,Lauren Bennett,Anthony Murray,staceymorton@example.com,risk_weighted_assignment,0.65,Support source has no natural DataCo customer key; assigned into the selected customer spine.
1435,T6435,C001277,1223,Richard Perry,Kevin Brooks,brianmyers@example.org,risk_weighted_assignment,0.65,Support source has no natural DataCo customer key; assigned into the selected customer spine.
1436,T6436,C001330,7043,Cheryl Smith,Mrs. Morgan Murphy,jonmack@example.net,risk_weighted_assignment,0.65,Support source has no natural DataCo customer key; assigned into the selected customer spine.
1437,T6437,C001388,5012,Karen Smith,Kelli Terrell,rfowler@example.net,risk_weighted_assignment,0.65,Support source has no natural DataCo customer key; assigned into the selected customer spine.
1438,T6438,C001436,984,Amy Smith,Jill Weeks,ashley52@example.com,risk_weighted_assignment,0.65,Support source has no natural DataCo customer key; assigned into the selected customer spine.
1439,T6439,C001471,6407,Steven Smith,Whitney Cox,barnesandrew@example.com,risk_weighted_assignment,0.65,Support source has no natural DataCo customer key; assigned into the selected customer spine.
1440,T6440,C001501,5453,Grace English,Bruce Wilcox,rodriguezangela@example.com,risk_weighted_assignment,0.65,Support source has no natural DataCo customer key; assigned into the selected customer spine.
1441,T6441,C001568,936,Mary Smith,Kathryn Avery,nicoleburgess@example.net,risk_weighted_assignment,0.65,Support source has no natural DataCo customer key; assigned into the selected customer spine.
1442,T6442,C001636,3461,Jose Smith,Dalton Li,pcortez@example.com,risk_weighted_assignment,0.65,Support source has no natural DataCo customer key; assigned into the selected customer spine.
1443,T6443,C001673,12359,Melissa Smith,Charlotte Doyle,ifields@example.com,risk_weighted_assignment,0.65,Support source has no natural DataCo customer key; assigned into the selected customer spine.
1444,T6444,C001796,5559,Alice Smith,Jessica Vaughn,dhaas@example.net,risk_weighted_assignment,0.65,Support source has no natural DataCo customer key; assigned into the selected customer spine.
1445,T6445,C001897,5573,Jordan Ortiz,Lisa Thompson,woodwardsandra@example.com,risk_weighted_assignment,0.65,Support source has no natural DataCo customer key; assigned into the selected customer spine.
1446,T6446,C001989,6930,Paul Morton,John Gray,hhamilton@example.net,risk_weighted_assignment,0.65,Support source has no natural DataCo customer key; assigned into the selected customer spine.
1447,T6447,C000045,10777,Martha Smith,Julie Arellano,xbrown@example.com,risk_weighted_assignment,0.65,Support source has no natural DataCo customer key; assigned into the selected customer spine.
1448,T6448,C000115,11656,Mary Wyatt,Tristan Parker,karina98@example.net,risk_weighted_assignment,0.65,Support source has no natural DataCo customer key; assigned into the selected customer spine.
1449,T6449,C000146,2740,Robert Williams,Jack Fox,jaimematthews@example.net,risk_weighted_assignment,0.65,Support source has no natural DataCo customer key; assigned into the selected customer spine.
1450,T6450,C000147,10829,Anthony Smith,Jason Page,rmarshall@example.org,risk_weighted_assignment,0.65,Support source has no natural DataCo customer key; assigned into the selected customer spine.
1451,T6451,C000252,2626,Laura Smith,John Brown,maxwellrobinson@example.org,risk_weighted_assignment,0.65,Support source has no natural DataCo customer key; assigned into the selected customer spine.
1452,T6452,C000282,5491,Sharon Smith,John Morgan,whiteandrea@example.net,risk_weighted_assignment,0.65,Support source has no natural DataCo customer key; assigned into the selected customer spine.
1453,T6453,C000283,8380,Brittany Smith,Shane Rodriguez,bergbarbara@example.org,risk_weighted_assignment,0.65,Support source has no natural DataCo customer key; assigned into the selected customer spine.
1454,T6454,C000293,10761,David Smith,Todd Hart,brownadam@example.com,risk_weighted_assignment,0.65,Support source has no natural DataCo customer key; assigned into the selected customer spine.
1455,T6455,C000415,5821,Jessica Humphrey,Juan Mendoza,david36@example.com,risk_weighted_assignment,0.65,Support source has no natural DataCo customer key; assigned into the selected customer spine.
1456,T6456,C000449,9876,Mary Smith,Sandra Perez,escobarbrooke@example.org,risk_weighted_assignment,0.65,Support source has no natural DataCo customer key; assigned into the selected customer spine.
1457,T6457,C000577,6388,Emma Smith,Nicholas Martinez,raycarney@example.net,risk_weighted_assignment,0.65,Support source has no natural DataCo customer key; assigned into the selected customer spine.
1458,T6458,C000605,2217,Mary Martinez,Robert Bradley,jesus62@example.com,risk_weighted_assignment,0.65,Support source has no natural DataCo customer key; assigned into the selected customer spine.
1459,T6459,C000623,11417,Kenneth Whitney,Desiree Ramos,nguyenjerome@example.net,risk_weighted_assignment,0.65,Support source has no natural DataCo customer key; assigned into the selected customer spine.
1460,T6460,C000635,4464,Mary Johnson,Robert Mcintosh,danielshaley@example.org,risk_weighted_assignment,0.65,Support source has no natural DataCo customer key; assigned into the selected customer spine.
1461,T6461,C000657,11430,Mary Miller,Shirley Howard,fmiller@example.org,risk_weighted_assignment,0.65,Support source has no natural DataCo customer key; assigned into the selected customer spine.
1462,T6462,C000731,10077,Judith Smith,Matthew Myers,ztorres@example.org,risk_weighted_assignment,0.65,Support source has no natural DataCo customer key; assigned into the selected customer spine.
1463,T6463,C000741,10331,Megan Collier,Kathryn Hudson,alyssaevans@example.org,risk_weighted_assignment,0.65,Support source has no natural DataCo customer key; assigned into the selected customer spine.
1464,T6464,C000759,11784,Mary Cunningham,Alan Krueger,renee85@example.net,risk_weighted_assignment,0.65,Support source has no natural DataCo customer key; assigned into the selected customer spine.
1465,T6465,C000885,4907,Amanda Lopez,Michael Young,cbrown@example.com,risk_weighted_assignment,0.65,Support source has no natural DataCo customer key; assigned into the selected customer spine.
1466,T6466,C000944,9704,Mary Mcneil,Thomas Ray,kimberly17@example.org,risk_weighted_assignment,0.65,Support source has no natural DataCo customer key; assigned into the selected customer spine.
1467,T6467,C000985,9260,Joyce Smith,Earl Lambert,vgarcia@example.org,risk_weighted_assignment,0.65,Support source has no natural DataCo customer key; assigned into the selected customer spine.
1468,T6468,C000989,192,Mary Hall,Michael Mclean,frederick35@example.com,risk_weighted_assignment,0.65,Support source has no natural DataCo customer key; assigned into the selected customer spine.
1469,T6469,C001095,11115,Michelle Smith,Brian Ross,rgardner@example.com,risk_weighted_assignment,0.65,Support source has no natural DataCo customer key; assigned into the selected customer spine.
1470,T6470,C001135,4005,Virginia Dyer,Maria Murphy,ymosley@example.com,risk_weighted_assignment,0.65,Support source has no natural DataCo customer key; assigned into the selected customer spine.
1471,T6471,C001192,6521,Mary Hanson,Derek King,laura36@example.com,risk_weighted_assignment,0.65,Support source has no natural DataCo customer key; assigned into the selected customer spine.
1472,T6472,C001216,8919,Mary Conner,Brady Osborn,mitchell05@example.net,risk_weighted_assignment,0.65,Support source has no natural DataCo customer key; assigned into the selected customer spine.
1473,T6473,C001240,8806,Amber Diaz,Dr. Lauren Lee,grantnatalie@example.org,risk_weighted_assignment,0.65,Support source has no natural DataCo customer key; assigned into the selected customer spine.
1474,T6474,C001301,7795,Sandra Smith,Mark Holloway,alexis97@example.com,risk_weighted_assignment,0.65,Support source has no natural DataCo customer key; assigned into the selected customer spine.
1475,T6475,C001308,10142,Teresa Smith,Madison Williamson,katherine06@example.net,risk_weighted_assignment,0.65,Support source has no natural DataCo customer key; assigned into the selected customer spine.
1476,T6476,C001361,11154,Pamela Dickerson,Jeffery Boone,alijack@example.org,risk_weighted_assignment,0.65,Support source has no natural DataCo customer key; assigned into the selected customer spine.
1477,T6477,C001492,11875,Joseph Stevens,Jessica Martin,turnereileen@example.net,risk_weighted_assignment,0.65,Support source has no natural DataCo customer key; assigned into the selected customer spine.
1478,T6478,C001523,2121,Mary Dillon,Brent Dorsey,ambermurray@example.net,risk_weighted_assignment,0.65,Support source has no natural DataCo customer key; assigned into the selected customer spine.
1479,T6479,C001578,2093,Justin Jennings,Todd Riddle,bergcathy@example.org,risk_weighted_assignment,0.65,Support source has no natural DataCo customer key; assigned into the selected customer spine.
1480,T6480,C001592,6424,Mary Juarez,William Johnson,heather30@example.net,risk_weighted_assignment,0.65,Support source has no natural DataCo customer key; assigned into the selected customer spine.
1481,T6481,C001737,948,Michelle Smith,Jacob Moore,briddle@example.net,risk_weighted_assignment,0.65,Support source has no natural DataCo customer key; assigned into the selected customer spine.
1482,T6482,C001743,5286,Mary Smith,Rhonda Gates,joshuamunoz@example.com,risk_weighted_assignment,0.65,Support source has no natural DataCo customer key; assigned into the selected customer spine.
1483,T6483,C001804,8127,Rose Anderson,Jonathan Zamora,myersjennifer@example.org,risk_weighted_assignment,0.65,Support source has no natural DataCo customer key; assigned into the selected customer spine.
1484,T6484,C001846,351,John Singh,Michael Stokes,tsimon@example.org,risk_weighted_assignment,0.65,Support source has no natural DataCo customer key; assigned into the selected customer spine.
1485,T6485,C001930,17,Mary Robinson,Troy Lewis,richard24@example.com,risk_weighted_assignment,0.65,Support source has no natural DataCo customer key; assigned into the selected customer spine.
1486,T6486,C001980,5643,Tiffany Caldwell,Jennifer Banks,kimberlyacosta@example.org,risk_weighted_assignment,0.65,Support source has no natural DataCo customer key; assigned into the selected customer spine.
1487,T6487,C000029,6950,Nicholas Smith,Amanda Nguyen,rwilliams@example.org,risk_weighted_assignment,0.65,Support source has no natural DataCo customer key; assigned into the selected customer spine.
1488,T6488,C000031,9300,Mary Smith,Terri Garcia,bergchristopher@example.net,risk_weighted_assignment,0.65,Support source has no natural DataCo customer key; assigned into the selected customer spine.
1489,T6489,C000050,10371,Joseph Smith,Lisa Johnson,sherrylove@example.net,risk_weighted_assignment,0.65,Support source has no natural DataCo customer key; assigned into the selected customer spine.
1490,T6490,C000091,5803,Rebecca Stewart,Alyssa Moore,justin55@example.com,risk_weighted_assignment,0.65,Support source has no natural DataCo customer key; assigned into the selected customer spine.
1491,T6491,C000182,1932,Shirley Perez,Gabrielle Griffin,nalvarez@example.net,risk_weighted_assignment,0.65,Support source has no natural DataCo customer key; assigned into the selected customer spine.
1492,T6492,C000234,6101,Mary Smith,Amanda Smith,ptodd@example.com,risk_weighted_assignment,0.65,Support source has no natural DataCo customer key; assigned into the selected customer spine.
1493,T6493,C000351,7278,Mary Liu,Karen Scott,daniel14@example.net,risk_weighted_assignment,0.65,Support source has no natural DataCo customer key; assigned into the selected customer spine.
1494,T6494,C000382,7457,Cheryl Smith,Aaron Powell,jfitzgerald@example.com,risk_weighted_assignment,0.65,Support source has no natural DataCo customer key; assigned into the selected customer spine.
1495,T6495,C000406,8012,Gregory Smith,Jonathan Estrada,brian34@example.org,risk_weighted_assignment,0.65,Support source has no natural DataCo customer key; assigned into the selected customer spine.
1496,T6496,C000409,1868,Mary Riddle,Willie Harmon,eric50@example.net,risk_weighted_assignment,0.65,Support source has no natural DataCo customer key; assigned into the selected customer spine.
1497,T6497,C000422,8382,Joshua Mullins,Heather Moreno,ethomas@example.org,risk_weighted_assignment,0.65,Support source has no natural DataCo customer key; assigned into the selected customer spine.
1498,T6498,C000435,10501,Jennifer Richardson,Tammy Cortez,michellegarza@example.com,risk_weighted_assignment,0.65,Support source has no natural DataCo customer key; assigned into the selected customer spine.
1499,T6499,C000436,5264,Mary Smith,Phillip Pruitt,hoffmanryan@example.net,risk_weighted_assignment,0.65,Support source has no natural DataCo customer key; assigned into the selected customer spine.
1500,T6500,C000441,11755,Mary Jackson,Daniel Price,smithmichael@example.net,risk_weighted_assignment,0.65,Support source has no natural DataCo customer key; assigned into the selected customer spine.
1501,T6501,C000444,9119,Mary Smith,Miranda Lawson,johnsontimothy@example.com,risk_weighted_assignment,0.65,Support source has no natural DataCo customer key; assigned into the selected customer spine.
1502,T6502,C000490,3755,Eugene Smith,Julie Liu,williamwood@example.org,risk_weighted_assignment,0.65,Support source has no natural DataCo customer key; assigned into the selected customer spine.
1503,T6503,C000500,1865,Mary Romero,Christopher Johnson,danderson@example.org,risk_weighted_assignment,0.65,Support source has no natural DataCo customer key; assigned into the selected customer spine.
1504,T6504,C000531,8613,Mary Kirk,Erica Harris,fnorton@example.net,risk_weighted_assignment,0.65,Support source has no natural DataCo customer key; assigned into the selected customer spine.
1505,T6505,C000532,11403,Mary Smith,Samantha Fernandez,shawnlittle@example.com,risk_weighted_assignment,0.65,Support source has no natural DataCo customer key; assigned into the selected customer spine.
1506,T6506,C000568,10327,Laura Sparks,Megan Solomon,hortonjustin@example.com,risk_weighted_assignment,0.65,Support source has no natural DataCo customer key; assigned into the selected customer spine.
1507,T6507,C000573,1282,Mary Smith,April Johnson,lisahale@example.org,risk_weighted_assignment,0.65,Support source has no natural DataCo customer key; assigned into the selected customer spine.
1508,T6508,C000627,8579,Mary Conrad,Daniel Anderson,scott63@example.net,risk_weighted_assignment,0.65,Support source has no natural DataCo customer key; assigned into the selected customer spine.
1509,T6509,C000686,1833,Ronald Smith,Karen Gomez,mallen@example.org,risk_weighted_assignment,0.65,Support source has no natural DataCo customer key; assigned into the selected customer spine.
1510,T6510,C000707,11397,Mary Mercer,Betty Norton,watsonbrian@example.org,risk_weighted_assignment,0.65,Support source has no natural DataCo customer key; assigned into the selected customer spine.
1511,T6511,C000716,7868,Michael Smith,James Dodson,wellsdaniel@example.net,risk_weighted_assignment,0.65,Support source has no natural DataCo customer key; assigned into the selected customer spine.
1512,T6512,C000724,10681,Mary Hatfield,James White,ebarr@example.com,risk_weighted_assignment,0.65,Support source has no natural DataCo customer key; assigned into the selected customer spine.
1513,T6513,C000852,174,Mary Perez,Mary Clements,lacey33@example.org,risk_weighted_assignment,0.65,Support source has no natural DataCo customer key; assigned into the selected customer spine.
1514,T6514,C000869,2134,Mary Gibbs,Michaela Rowland,tjimenez@example.net,risk_weighted_assignment,0.65,Support source has no natural DataCo customer key; assigned into the selected customer spine.
1515,T6515,C001002,5481,Mary Hall,Jennifer Wu,piercetiffany@example.net,risk_weighted_assignment,0.65,Support source has no natural DataCo customer key; assigned into the selected customer spine.
1516,T6516,C001097,2610,Virginia Johnson,Andrew Haynes,allison91@example.com,risk_weighted_assignment,0.65,Support source has no natural DataCo customer key; assigned into the selected customer spine.
1517,T6517,C001109,1921,Larry Smith,Kaylee Watson,brianhart@example.org,risk_weighted_assignment,0.65,Support source has no natural DataCo customer key; assigned into the selected customer spine.
1518,T6518,C001124,5403,Mary Smith,Evan Brown,bryan24@example.net,risk_weighted_assignment,0.65,Support source has no natural DataCo customer key; assigned into the selected customer spine.
1519,T6519,C001194,2446,Paul Hamilton,Steven Kim,wallacealyssa@example.org,risk_weighted_assignment,0.65,Support source has no natural DataCo customer key; assigned into the selected customer spine.
1520,T6520,C001218,5203,Mary Chandler,Eric Myers,storres@example.org,risk_weighted_assignment,0.65,Support source has no natural DataCo customer key; assigned into the selected customer spine.
1521,T6521,C001273,2960,Megan Rogers,Joshua Jones,david77@example.org,risk_weighted_assignment,0.65,Support source has no natural DataCo customer key; assigned into the selected customer spine.
1522,T6522,C001280,11667,Mary Brooks,Kelly Henderson,kyle05@example.com,risk_weighted_assignment,0.65,Support source has no natural DataCo customer key; assigned into the selected customer spine.
1523,T6523,C001321,12365,Mary Pearson,Michael Hernandez,kristennelson@example.org,risk_weighted_assignment,0.65,Support source has no natural DataCo customer key; assigned into the selected customer spine.
1524,T6524,C001375,2025,Mary Fleming,Elizabeth Zavala,matthew81@example.com,risk_weighted_assignment,0.65,Support source has no natural DataCo customer key; assigned into the selected customer spine.
1525,T6525,C001393,6494,Brittany Smith,Angela Turner,johnbrown@example.net,risk_weighted_assignment,0.65,Support source has no natural DataCo customer key; assigned into the selected customer spine.
1526,T6526,C001420,4562,Mary Smith,Ian White,scottferguson@example.com,risk_weighted_assignment,0.65,Support source has no natural DataCo customer key; assigned into the selected customer spine.
1527,T6527,C001457,4673,Wayne Hodges,Michele Gray,brookeli@example.net,risk_weighted_assignment,0.65,Support source has no natural DataCo customer key; assigned into the selected customer spine.
1528,T6528,C001516,9181,Mary Smith,John Hernandez,srobbins@example.com,risk_weighted_assignment,0.65,Support source has no natural DataCo customer key; assigned into the selected customer spine.
1529,T6529,C001587,970,Mary Alvarez,Alexandra Flores,hyoung@example.org,risk_weighted_assignment,0.65,Support source has no natural DataCo customer key; assigned into the selected customer spine.
1530,T6530,C001681,5238,Frank Smith,Jeffrey Rivera,nathansmith@example.org,risk_weighted_assignment,0.65,Support source has no natural DataCo customer key; assigned into the selected customer spine.
1531,T6531,C001697,1436,Sarah Smith,Jessica Blankenship,janethoward@example.org,risk_weighted_assignment,0.65,Support source has no natural DataCo customer key; assigned into the selected customer spine.
1532,T6532,C001727,6932,Evelyn Herring,Lindsay Arnold,robertatkins@example.com,risk_weighted_assignment,0.65,Support source has no natural DataCo customer key; assigned into the selected customer spine.
1533,T6533,C001818,2670,Mary Smith,Travis Calderon,jacksonwillie@example.net,risk_weighted_assignment,0.65,Support source has no natural DataCo customer key; assigned into the selected customer spine.
1534,T6534,C001842,568,Sean Vaughn,Tracy Hughes,boyerroger@example.net,risk_weighted_assignment,0.65,Support source has no natural DataCo customer key; assigned into the selected customer spine.
1535,T6535,C001848,8915,James Grant,Shelby James,colleencline@example.com,risk_weighted_assignment,0.65,Support source has no natural DataCo customer key; assigned into the selected customer spine.
1536,T6536,C001859,1380,Mary Smith,Lisa Zhang,derekdavis@example.org,risk_weighted_assignment,0.65,Support source has no natural DataCo customer key; assigned into the selected customer spine.
1537,T6537,C001982,2684,Mary Walter,Kyle Noble,nicholas37@example.com,risk_weighted_assignment,0.65,Support source has no natural DataCo customer key; assigned into the selected customer spine.
1538,T6538,C001995,9670,Mary Crane,Kelli Wheeler,kalexander@example.com,risk_weighted_assignment,0.65,Support source has no natural DataCo customer key; assigned into the selected customer spine.
1539,T6539,C000095,5582,Gloria Larson,Donald Hanson,daviscathy@example.org,risk_weighted_assignment,0.65,Support source has no natural DataCo customer key; assigned into the selected customer spine.
1540,T6540,C000149,5563,Paul Trevino,David Oliver,scottlozano@example.net,risk_weighted_assignment,0.65,Support source has no natural DataCo customer key; assigned into the selected customer spine.
1541,T6541,C000157,11503,Juan Curry,Rachel Moore,jason13@example.net,risk_weighted_assignment,0.65,Support source has no natural DataCo customer key; assigned into the selected customer spine.
1542,T6542,C000343,2842,Charles Johnson,Bethany Juarez,fosterjeffrey@example.net,risk_weighted_assignment,0.65,Support source has no natural DataCo customer key; assigned into the selected customer spine.
1543,T6543,C000398,1379,Raymond Harvey,Wendy Tran,jessicabarrett@example.net,risk_weighted_assignment,0.65,Support source has no natural DataCo customer key; assigned into the selected customer spine.
1544,T6544,C000442,173,Jose Smith,Jennifer Adkins,james13@example.net,risk_weighted_assignment,0.65,Support source has no natural DataCo customer key; assigned into the selected customer spine.
1545,T6545,C000445,4512,Jane Anderson,Kimberly Pratt,patrickclark@example.net,risk_weighted_assignment,0.65,Support source has no natural DataCo customer key; assigned into the selected customer spine.
1546,T6546,C000446,9436,Mary Torres,Eric Arnold,mmanning@example.org,risk_weighted_assignment,0.65,Support source has no natural DataCo customer key; assigned into the selected customer spine.
1547,T6547,C000496,2373,Mary Smith,Joe Mckee,mirandaklein@example.org,risk_weighted_assignment,0.65,Support source has no natural DataCo customer key; assigned into the selected customer spine.
1548,T6548,C000546,11120,Mary Smith,Jill Duncan,msmith@example.com,risk_weighted_assignment,0.65,Support source has no natural DataCo customer key; assigned into the selected customer spine.
1549,T6549,C000565,7,Melissa Wilcox,Bradley Walters,megan59@example.net,risk_weighted_assignment,0.65,Support source has no natural DataCo customer key; assigned into the selected customer spine.
1550,T6550,C000678,2016,Jonathan Wilson,Thomas Wolf,hsmith@example.org,risk_weighted_assignment,0.65,Support source has no natural DataCo customer key; assigned into the selected customer spine.
1551,T6551,C000768,483,Mary Smith,Cynthia Herman,josewilliams@example.net,risk_weighted_assignment,0.65,Support source has no natural DataCo customer key; assigned into the selected customer spine.
1552,T6552,C000806,9248,Mary Luna,Anthony English,anthonymills@example.org,risk_weighted_assignment,0.65,Support source has no natural DataCo customer key; assigned into the selected customer spine.
1553,T6553,C000910,2669,Dorothy Buck,Timothy Ware,carol08@example.net,risk_weighted_assignment,0.65,Support source has no natural DataCo customer key; assigned into the selected customer spine.
1554,T6554,C000918,10554,Justin Smith,Christine Long DDS,jonesrebecca@example.org,risk_weighted_assignment,0.65,Support source has no natural DataCo customer key; assigned into the selected customer spine.
1555,T6555,C000961,3993,Mary Crawford,Seth Allen,williamcortez@example.com,risk_weighted_assignment,0.65,Support source has no natural DataCo customer key; assigned into the selected customer spine.
1556,T6556,C000962,9405,Ashley Smith,Tanya Cohen,zlawson@example.com,risk_weighted_assignment,0.65,Support source has no natural DataCo customer key; assigned into the selected customer spine.
1557,T6557,C000965,8658,Mary Allen,Laura Rhodes,mcphersonbetty@example.org,risk_weighted_assignment,0.65,Support source has no natural DataCo customer key; assigned into the selected customer spine.
1558,T6558,C001013,8478,Mary Sweeney,Renee Gonzalez,susanwagner@example.org,risk_weighted_assignment,0.65,Support source has no natural DataCo customer key; assigned into the selected customer spine.
1559,T6559,C001089,10072,Richard Smith,Sarah Thompson,vcampos@example.org,risk_weighted_assignment,0.65,Support source has no natural DataCo customer key; assigned into the selected customer spine.
1560,T6560,C001266,7743,Melissa Smith,Kristin Mann,whitneykaufman@example.com,risk_weighted_assignment,0.65,Support source has no natural DataCo customer key; assigned into the selected customer spine.
1561,T6561,C001394,1753,Sandra Smith,Jennifer Daniel,bridget33@example.net,risk_weighted_assignment,0.65,Support source has no natural DataCo customer key; assigned into the selected customer spine.
1562,T6562,C001421,11929,Amy Smith,Julie Haley,nicholas58@example.org,risk_weighted_assignment,0.65,Support source has no natural DataCo customer key; assigned into the selected customer spine.
1563,T6563,C001427,3428,Madison Joseph,Jennifer Beck,johnsonjoseph@example.org,risk_weighted_assignment,0.65,Support source has no natural DataCo customer key; assigned into the selected customer spine.
1564,T6564,C001432,3066,Mary Smith,Timothy Martinez,silvaadam@example.org,risk_weighted_assignment,0.65,Support source has no natural DataCo customer key; assigned into the selected customer spine.
1565,T6565,C001464,11073,Mary Smith,Fernando Graham,jennifermyers@example.org,risk_weighted_assignment,0.65,Support source has no natural DataCo customer key; assigned into the selected customer spine.
1566,T6566,C001536,2763,Frances Smith,Whitney Watkins,jonestaylor@example.net,risk_weighted_assignment,0.65,Support source has no natural DataCo customer key; assigned into the selected customer spine.
1567,T6567,C001616,1243,Joan Rosales,William Bennett,andrew86@example.net,risk_weighted_assignment,0.65,Support source has no natural DataCo customer key; assigned into the selected customer spine.
1568,T6568,C001675,5852,Mary Harris,Jennifer Alexander,tiffany58@example.com,risk_weighted_assignment,0.65,Support source has no natural DataCo customer key; assigned into the selected customer spine.
1569,T6569,C001709,10721,Mary Smith,Ryan Henderson,kimberlyhernandez@example.com,risk_weighted_assignment,0.65,Support source has no natural DataCo customer key; assigned into the selected customer spine.
1570,T6570,C001782,1943,Harry Schaefer,Samantha Wells,rita44@example.com,risk_weighted_assignment,0.65,Support source has no natural DataCo customer key; assigned into the selected customer spine.
1571,T6571,C001807,8362,Ann Burnett,Barbara Neal,holmesjoseph@example.com,risk_weighted_assignment,0.65,Support source has no natural DataCo customer key; assigned into the selected customer spine.
1572,T6572,C001935,11997,Jonathan Smith,Elizabeth Hardin,nicholasquinn@example.org,risk_weighted_assignment,0.65,Support source has no natural DataCo customer key; assigned into the selected customer spine.
1573,T6573,C001943,2562,Mary Anderson,Holly Miller,tuckerapril@example.com,risk_weighted_assignment,0.65,Support source has no natural DataCo customer key; assigned into the selected customer spine.
1574,T6574,C000027,2774,Sandra Smith,Russell Brown,perezkelsey@example.org,risk_weighted_assignment,0.65,Support source has no natural DataCo customer key; assigned into the selected customer spine.
1575,T6575,C000172,7139,Mary Smith,Tina Nichols,taylorjoseph@example.net,risk_weighted_assignment,0.65,Support source has no natural DataCo customer key; assigned into the selected customer spine.
1576,T6576,C000206,2229,Mary Hunt,Ms. Maria Wade MD,gparsons@example.net,risk_weighted_assignment,0.65,Support source has no natural DataCo customer key; assigned into the selected customer spine.
1577,T6577,C000232,7852,Mary Greene,Thomas Buckley,youngmichele@example.net,risk_weighted_assignment,0.65,Support source has no natural DataCo customer key; assigned into the selected customer spine.
1578,T6578,C000367,5446,Mary Smith,Rebecca Barber,jose52@example.net,risk_weighted_assignment,0.65,Support source has no natural DataCo customer key; assigned into the selected customer spine.
1579,T6579,C000466,8027,James Smith,Brian Crane,michaelrandall@example.com,risk_weighted_assignment,0.65,Support source has no natural DataCo customer key; assigned into the selected customer spine.
1580,T6580,C000508,8995,Mary Smith,Christina Ward,daniel81@example.org,risk_weighted_assignment,0.65,Support source has no natural DataCo customer key; assigned into the selected customer spine.
1581,T6581,C000511,3471,Mary Franco,Kyle Ritter,acostaandrew@example.org,risk_weighted_assignment,0.65,Support source has no natural DataCo customer key; assigned into the selected customer spine.
1582,T6582,C000529,2433,James Smith,Michael Knight,francokimberly@example.com,risk_weighted_assignment,0.65,Support source has no natural DataCo customer key; assigned into the selected customer spine.
1583,T6583,C000711,11936,Mary Smith,William Cannon,elizabeth29@example.org,risk_weighted_assignment,0.65,Support source has no natural DataCo customer key; assigned into the selected customer spine.
1584,T6584,C000734,11492,Evelyn Allen,Tanya Grant,steven58@example.net,risk_weighted_assignment,0.65,Support source has no natural DataCo customer key; assigned into the selected customer spine.
1585,T6585,C000747,9283,Mary Smith,Andrew Nguyen,jonesalexa@example.org,risk_weighted_assignment,0.65,Support source has no natural DataCo customer key; assigned into the selected customer spine.
1586,T6586,C000793,569,Mary Frye,Kari Lara,veronica67@example.org,risk_weighted_assignment,0.65,Support source has no natural DataCo customer key; assigned into the selected customer spine.
1587,T6587,C000798,3229,Teresa Smith,Morgan Diaz,mannjanet@example.org,risk_weighted_assignment,0.65,Support source has no natural DataCo customer key; assigned into the selected customer spine.
1588,T6588,C000848,1225,Mary Smith,Paul Lopez,andrea06@example.org,risk_weighted_assignment,0.65,Support source has no natural DataCo customer key; assigned into the selected customer spine.
1589,T6589,C000856,987,Cheryl Smith,Meghan Sparks,charles12@example.org,risk_weighted_assignment,0.65,Support source has no natural DataCo customer key; assigned into the selected customer spine.
1590,T6590,C000908,5865,David Middleton,Melissa Garcia,mariajohnson@example.net,risk_weighted_assignment,0.65,Support source has no natural DataCo customer key; assigned into the selected customer spine.
1591,T6591,C000950,4496,Joseph Hoffman,Kyle Black MD,zwalker@example.net,risk_weighted_assignment,0.65,Support source has no natural DataCo customer key; assigned into the selected customer spine.
1592,T6592,C000975,9560,Mary Oneill,Monica Duncan,michellebradley@example.org,risk_weighted_assignment,0.65,Support source has no natural DataCo customer key; assigned into the selected customer spine.
1593,T6593,C001139,12132,Mary Larson,Marissa Thornton,krichardson@example.org,risk_weighted_assignment,0.65,Support source has no natural DataCo customer key; assigned into the selected customer spine.
1594,T6594,C001287,4683,Mary Lang,Maria Marquez,brittanyjones@example.net,risk_weighted_assignment,0.65,Support source has no natural DataCo customer key; assigned into the selected customer spine.
1595,T6595,C001351,4044,Stephen Smith,Tyler Acosta,sotojennifer@example.com,risk_weighted_assignment,0.65,Support source has no natural DataCo customer key; assigned into the selected customer spine.
1596,T6596,C001535,2137,Mary Page,Christine Daniels,frederickannette@example.com,risk_weighted_assignment,0.65,Support source has no natural DataCo customer key; assigned into the selected customer spine.
1597,T6597,C001551,2193,Catherine Smith,Natalie Smith,donald23@example.net,risk_weighted_assignment,0.65,Support source has no natural DataCo customer key; assigned into the selected customer spine.
1598,T6598,C001603,10511,Katherine Smith,Rebecca Garcia,bergadrian@example.com,risk_weighted_assignment,0.65,Support source has no natural DataCo customer key; assigned into the selected customer spine.
1599,T6599,C001635,7356,Andrew Robles,Jeremy Curtis,campbellbetty@example.org,risk_weighted_assignment,0.65,Support source has no natural DataCo customer key; assigned into the selected customer spine.
1600,T6600,C001649,11574,Mary Guzman,Dean Coleman,zacharybrewer@example.net,risk_weighted_assignment,0.65,Support source has no natural DataCo customer key; assigned into the selected customer spine.
1601,T6601,C001692,12018,Raymond Smith,Michael Garcia,farrellzachary@example.net,risk_weighted_assignment,0.65,Support source has no natural DataCo customer key; assigned into the selected customer spine.
1602,T6602,C001773,4213,Michael Townsend,Seth Harris,brandy40@example.com,risk_weighted_assignment,0.65,Support source has no natural DataCo customer key; assigned into the selected customer spine.
1603,T6603,C001898,8352,Teresa Black,John Hammond,nicholasdaniels@example.org,risk_weighted_assignment,0.65,Support source has no natural DataCo customer key; assigned into the selected customer spine.
1604,T6604,C001905,3947,Mary Blake,Mary Munoz,daviddonovan@example.net,risk_weighted_assignment,0.65,Support source has no natural DataCo customer key; assigned into the selected customer spine.
1605,T6605,C001975,2038,Tammy Smith,Taylor Montoya,maryyork@example.org,risk_weighted_assignment,0.65,Support source has no natural DataCo customer key; assigned into the selected customer spine.
1606,T6606,C001986,5951,Brenda Oconnell,Jon Trujillo,tlucero@example.net,risk_weighted_assignment,0.65,Support source has no natural DataCo customer key; assigned into the selected customer spine.
1607,T6607,C000063,7631,Alexander Nguyen,William York,vcook@example.org,risk_weighted_assignment,0.65,Support source has no natural DataCo customer key; assigned into the selected customer spine.
1608,T6608,C000200,11475,Mary Garner,Jamie Smith,zalexander@example.com,risk_weighted_assignment,0.65,Support source has no natural DataCo customer key; assigned into the selected customer spine.
1609,T6609,C000262,11134,Robert Lopez,Krista Pittman,amoore@example.com,risk_weighted_assignment,0.65,Support source has no natural DataCo customer key; assigned into the selected customer spine.
1610,T6610,C000302,4517,Mary Cline,Joseph Parker,angela95@example.org,risk_weighted_assignment,0.65,Support source has no natural DataCo customer key; assigned into the selected customer spine.
1611,T6611,C000309,11305,Mary Hartman,Alexandria Rivera,justin35@example.net,risk_weighted_assignment,0.65,Support source has no natural DataCo customer key; assigned into the selected customer spine.
1612,T6612,C000344,2625,Betty Wyatt,George Hale,amandapeterson@example.org,risk_weighted_assignment,0.65,Support source has no natural DataCo customer key; assigned into the selected customer spine.
1613,T6613,C000376,5904,Catherine Peterson,Stephanie Miller,katherinemurphy@example.net,risk_weighted_assignment,0.65,Support source has no natural DataCo customer key; assigned into the selected customer spine.
1614,T6614,C000419,5606,Teresa White,Carlos Peterson,rmorales@example.com,risk_weighted_assignment,0.65,Support source has no natural DataCo customer key; assigned into the selected customer spine.
1615,T6615,C000505,9731,Mary Smith,Stephanie Mcgrath,candace40@example.org,risk_weighted_assignment,0.65,Support source has no natural DataCo customer key; assigned into the selected customer spine.
1616,T6616,C000598,9761,Helen Smith,Abigail Jones,brentbradshaw@example.org,risk_weighted_assignment,0.65,Support source has no natural DataCo customer key; assigned into the selected customer spine.
1617,T6617,C000620,8637,Mary Smith,Andrew Thompson,jonathanbutler@example.com,risk_weighted_assignment,0.65,Support source has no natural DataCo customer key; assigned into the selected customer spine.
1618,T6618,C000705,3977,Mary Smith,Wendy Townsend,brandy26@example.net,risk_weighted_assignment,0.65,Support source has no natural DataCo customer key; assigned into the selected customer spine.
1619,T6619,C000817,12291,Jennifer Sims,Tara Chavez,mcintoshjennifer@example.net,risk_weighted_assignment,0.65,Support source has no natural DataCo customer key; assigned into the selected customer spine.
1620,T6620,C000937,8462,Helen Smith,Katherine Cross,rodriguezclayton@example.org,risk_weighted_assignment,0.65,Support source has no natural DataCo customer key; assigned into the selected customer spine.
1621,T6621,C001093,10617,Ruth Smith,Jennifer Nelson,tammiekrueger@example.org,risk_weighted_assignment,0.65,Support source has no natural DataCo customer key; assigned into the selected customer spine.
1622,T6622,C001099,6418,Olivia Owens,Charles Dorsey,qbrewer@example.org,risk_weighted_assignment,0.65,Support source has no natural DataCo customer key; assigned into the selected customer spine.
1623,T6623,C001173,11285,Christian Smith,Tami Armstrong,kelli45@example.com,risk_weighted_assignment,0.65,Support source has no natural DataCo customer key; assigned into the selected customer spine.
1624,T6624,C001484,7992,Harold Smith,Nicholas Gonzales,smithevan@example.com,risk_weighted_assignment,0.65,Support source has no natural DataCo customer key; assigned into the selected customer spine.
1625,T6625,C001514,207,Jose Powers,Melanie Williams,jimmarks@example.org,risk_weighted_assignment,0.65,Support source has no natural DataCo customer key; assigned into the selected customer spine.
1626,T6626,C001563,1765,Mary Smith,Kendra Howell MD,michaela42@example.net,risk_weighted_assignment,0.65,Support source has no natural DataCo customer key; assigned into the selected customer spine.
1627,T6627,C001614,4476,Mary Ortiz,Joseph Miller,ofoster@example.com,risk_weighted_assignment,0.65,Support source has no natural DataCo customer key; assigned into the selected customer spine.
1628,T6628,C001668,9746,Mary Brooks,Chelsea Jimenez,kalexander@example.org,risk_weighted_assignment,0.65,Support source has no natural DataCo customer key; assigned into the selected customer spine.
1629,T6629,C001767,8275,Janice Smith,Angel Simmons,ramoskelli@example.org,risk_weighted_assignment,0.65,Support source has no natural DataCo customer key; assigned into the selected customer spine.
1630,T6630,C001794,3435,Mary Smith,Aaron Salazar,stephaniegarcia@example.net,risk_weighted_assignment,0.65,Support source has no natural DataCo customer key; assigned into the selected customer spine.
1631,T6631,C001797,4580,Charles Smith,Samantha Bates,kristenberger@example.net,risk_weighted_assignment,0.65,Support source has no natural DataCo customer key; assigned into the selected customer spine.
1632,T6632,C001819,1711,Jason Smith,Katherine Reed,chapmanjessica@example.net,risk_weighted_assignment,0.65,Support source has no natural DataCo customer key; assigned into the selected customer spine.
1633,T6633,C001871,7161,Joseph Sexton,Debra Lopez DDS,kathy55@example.com,risk_weighted_assignment,0.65,Support source has no natural DataCo customer key; assigned into the selected customer spine.
1634,T6634,C001895,11665,William Anderson,Jennifer Hansen,riverachristopher@example.com,risk_weighted_assignment,0.65,Support source has no natural DataCo customer key; assigned into the selected customer spine.
1635,T6635,C001983,12335,Mary Riley,Savannah Collins,christy59@example.org,risk_weighted_assignment,0.65,Support source has no natural DataCo customer key; assigned into the selected customer spine.
1636,T6636,C000021,5927,Christopher Cooper,Jaime Fisher,fwhite@example.com,risk_weighted_assignment,0.65,Support source has no natural DataCo customer key; assigned into the selected customer spine.
1637,T6637,C000022,5004,Dorothy Friedman,Tiffany Gomez,tjohnson@example.com,risk_weighted_assignment,0.65,Support source has no natural DataCo customer key; assigned into the selected customer spine.
1638,T6638,C000058,11065,Aaron Smith,Melissa Blackwell,amanda60@example.org,risk_weighted_assignment,0.65,Support source has no natural DataCo customer key; assigned into the selected customer spine.
1639,T6639,C000085,6341,Daniel Smith,Ian Davis,moorebrian@example.org,risk_weighted_assignment,0.65,Support source has no natural DataCo customer key; assigned into the selected customer spine.
1640,T6640,C000227,11947,Mary Smith,Katherine Young,robertrobinson@example.com,risk_weighted_assignment,0.65,Support source has no natural DataCo customer key; assigned into the selected customer spine.
1641,T6641,C000341,11422,Mary Jones,William Stokes,alejandrajones@example.com,risk_weighted_assignment,0.65,Support source has no natural DataCo customer key; assigned into the selected customer spine.
1642,T6642,C000381,7744,Kathleen Kelley,Justin Richardson,stephen48@example.net,risk_weighted_assignment,0.65,Support source has no natural DataCo customer key; assigned into the selected customer spine.
1643,T6643,C000402,8917,Mary Smith,Jennifer Morgan,williamandrews@example.net,risk_weighted_assignment,0.65,Support source has no natural DataCo customer key; assigned into the selected customer spine.
1644,T6644,C000502,827,Tyler Smith,Lisa Oconnor,johnsonjessica@example.com,risk_weighted_assignment,0.65,Support source has no natural DataCo customer key; assigned into the selected customer spine.
1645,T6645,C000547,11523,Mary Mayer,Amanda Evans,brianalee@example.org,risk_weighted_assignment,0.65,Support source has no natural DataCo customer key; assigned into the selected customer spine.
1646,T6646,C000591,1544,Brittany Marquez,Terri Hill,vincentelizabeth@example.com,risk_weighted_assignment,0.65,Support source has no natural DataCo customer key; assigned into the selected customer spine.
1647,T6647,C000653,10533,Michael Smith,Thomas Martinez,frenchthomas@example.org,risk_weighted_assignment,0.65,Support source has no natural DataCo customer key; assigned into the selected customer spine.
1648,T6648,C000681,9930,Nathan Smith,Brandon Reese,zmurphy@example.net,risk_weighted_assignment,0.65,Support source has no natural DataCo customer key; assigned into the selected customer spine.
1649,T6649,C000683,2335,Harold Howell,Eric Cervantes,ljones@example.com,risk_weighted_assignment,0.65,Support source has no natural DataCo customer key; assigned into the selected customer spine.
1650,T6650,C000721,2037,Jacob Clark,Fernando Diaz,fweaver@example.com,risk_weighted_assignment,0.65,Support source has no natural DataCo customer key; assigned into the selected customer spine.
1651,T6651,C000782,9671,Jennifer Smith,Teresa Ross,pvaughn@example.org,risk_weighted_assignment,0.65,Support source has no natural DataCo customer key; assigned into the selected customer spine.
1652,T6652,C000874,9967,Linda Herman,Jennifer Lucas,johnathanhughes@example.net,risk_weighted_assignment,0.65,Support source has no natural DataCo customer key; assigned into the selected customer spine.
1653,T6653,C000894,9510,Steven Wright,Jenna Ayers,troyschultz@example.net,risk_weighted_assignment,0.65,Support source has no natural DataCo customer key; assigned into the selected customer spine.
1654,T6654,C001072,10888,Mary Cline,Alison Larsen,kneal@example.net,risk_weighted_assignment,0.65,Support source has no natural DataCo customer key; assigned into the selected customer spine.
1655,T6655,C001112,10620,Mary Smith,Cameron Pittman,dawnthomas@example.org,risk_weighted_assignment,0.65,Support source has no natural DataCo customer key; assigned into the selected customer spine.
1656,T6656,C001131,1558,Mary Smith,Ariana Deleon,gevans@example.net,risk_weighted_assignment,0.65,Support source has no natural DataCo customer key; assigned into the selected customer spine.
1657,T6657,C001140,9009,Mary Sanchez,Phillip Harris,laurahall@example.net,risk_weighted_assignment,0.65,Support source has no natural DataCo customer key; assigned into the selected customer spine.
1658,T6658,C001146,6992,Christopher Thompson,Joshua Hurst,blacksamantha@example.org,risk_weighted_assignment,0.65,Support source has no natural DataCo customer key; assigned into the selected customer spine.
1659,T6659,C001147,5976,William Estrada,Jonathon Barrett,shelley64@example.com,risk_weighted_assignment,0.65,Support source has no natural DataCo customer key; assigned into the selected customer spine.
1660,T6660,C001150,7975,Eugene Davila,John Parker,john58@example.org,risk_weighted_assignment,0.65,Support source has no natural DataCo customer key; assigned into the selected customer spine.
1661,T6661,C001158,5165,Mary Smith,Wanda Mendez,hbarr@example.com,risk_weighted_assignment,0.65,Support source has no natural DataCo customer key; assigned into the selected customer spine.
1662,T6662,C001202,2114,Timothy Vega,David Warren,agonzales@example.com,risk_weighted_assignment,0.65,Support source has no natural DataCo customer key; assigned into the selected customer spine.
1663,T6663,C001263,8989,Sarah Aguilar,Deborah Schultz,danielgarrison@example.net,risk_weighted_assignment,0.65,Support source has no natural DataCo customer key; assigned into the selected customer spine.
1664,T6664,C001319,2585,Kyle Rice,Anna Garza MD,eric49@example.net,risk_weighted_assignment,0.65,Support source has no natural DataCo customer key; assigned into the selected customer spine.
1665,T6665,C001440,11924,Mary Ramos,Amanda Garrison,elizabeth03@example.org,risk_weighted_assignment,0.65,Support source has no natural DataCo customer key; assigned into the selected customer spine.
1666,T6666,C001479,7758,Joyce Howe,Kelly Scott,davidscott@example.org,risk_weighted_assignment,0.65,Support source has no natural DataCo customer key; assigned into the selected customer spine.
1667,T6667,C001633,272,Mary Long,David Hernandez,taylorsierra@example.com,risk_weighted_assignment,0.65,Support source has no natural DataCo customer key; assigned into the selected customer spine.
1668,T6668,C001658,4657,Mary Shaw,Matthew Butler,usharp@example.org,risk_weighted_assignment,0.65,Support source has no natural DataCo customer key; assigned into the selected customer spine.
1669,T6669,C001734,8643,Mary Valenzuela,Richard Leonard,carolynwhite@example.net,risk_weighted_assignment,0.65,Support source has no natural DataCo customer key; assigned into the selected customer spine.
1670,T6670,C001757,2591,Patricia Smith,Darlene Shaw,kevinflynn@example.net,risk_weighted_assignment,0.65,Support source has no natural DataCo customer key; assigned into the selected customer spine.
1671,T6671,C001758,10289,Virginia Ford,Gilbert Allen,michaelhill@example.com,risk_weighted_assignment,0.65,Support source has no natural DataCo customer key; assigned into the selected customer spine.
1672,T6672,C001806,5417,Dennis Meyer,Matthew Knight PhD,reginarodriguez@example.com,risk_weighted_assignment,0.65,Support source has no natural DataCo customer key; assigned into the selected customer spine.
1673,T6673,C001844,881,Marilyn Orozco,Laura Stevens,joseph10@example.com,risk_weighted_assignment,0.65,Support source has no natural DataCo customer key; assigned into the selected customer spine.
1674,T6674,C001870,8123,Mary Todd,Melissa Campbell,kevin66@example.org,risk_weighted_assignment,0.65,Support source has no natural DataCo customer key; assigned into the selected customer spine.
1675,T6675,C001946,3231,Melissa Valdez,David Weaver,cesarrice@example.com,risk_weighted_assignment,0.65,Support source has no natural DataCo customer key; assigned into the selected customer spine.
1676,T6676,C001958,4523,Madison Smith,James Franco,cpugh@example.org,risk_weighted_assignment,0.65,Support source has no natural DataCo customer key; assigned into the selected customer spine.
1677,T6677,C001968,8091,Emily Powell,James Ibarra,shepherdwilliam@example.org,risk_weighted_assignment,0.65,Support source has no natural DataCo customer key; assigned into the selected customer spine.
1678,T6678,C001984,6755,Mary Callahan,Andrew Atkins,yolanda03@example.com,risk_weighted_assignment,0.65,Support source has no natural DataCo customer key; assigned into the selected customer spine.
1679,T6679,C001990,2219,Mary Chung,Jeffrey Scott,adam10@example.org,risk_weighted_assignment,0.65,Support source has no natural DataCo customer key; assigned into the selected customer spine.
1680,T6680,C000081,10291,Ann Smith,Timothy Brown,corey21@example.net,risk_weighted_assignment,0.65,Support source has no natural DataCo customer key; assigned into the selected customer spine.
1681,T6681,C000082,10263,Katherine Bailey,Shawn Thomas,crystaldoyle@example.org,risk_weighted_assignment,0.65,Support source has no natural DataCo customer key; assigned into the selected customer spine.
1682,T6682,C000174,9368,Mary Cabrera,Joshua Madden,duanehopkins@example.org,risk_weighted_assignment,0.65,Support source has no natural DataCo customer key; assigned into the selected customer spine.
1683,T6683,C000185,6953,Benjamin Smith,Amanda Lopez,rossgonzalez@example.org,risk_weighted_assignment,0.65,Support source has no natural DataCo customer key; assigned into the selected customer spine.
1684,T6684,C000320,5175,Mary Sullivan,Angel Fry,jesse85@example.net,risk_weighted_assignment,0.65,Support source has no natural DataCo customer key; assigned into the selected customer spine.
1685,T6685,C000333,12,Christopher Smith,Emily Knox,richardcarter@example.org,risk_weighted_assignment,0.65,Support source has no natural DataCo customer key; assigned into the selected customer spine.
1686,T6686,C000380,5739,Mary Palmer,Robert Luna,candaceriggs@example.com,risk_weighted_assignment,0.65,Support source has no natural DataCo customer key; assigned into the selected customer spine.
1687,T6687,C000397,5755,Marie Shah,Colin Robinson,yodonnell@example.org,risk_weighted_assignment,0.65,Support source has no natural DataCo customer key; assigned into the selected customer spine.
1688,T6688,C000465,10438,Barbara Johnston,Nicolas Jones,allenjones@example.net,risk_weighted_assignment,0.65,Support source has no natural DataCo customer key; assigned into the selected customer spine.
1689,T6689,C000489,2555,Mary Long,Michael Oconnor,landerson@example.com,risk_weighted_assignment,0.65,Support source has no natural DataCo customer key; assigned into the selected customer spine.
1690,T6690,C001015,8817,Mary Smith,Evelyn Garcia,lisa33@example.net,risk_weighted_assignment,0.65,Support source has no natural DataCo customer key; assigned into the selected customer spine.
1691,T6691,C001134,5938,Donna Smith,Ronald Lewis,johnsondeanna@example.com,risk_weighted_assignment,0.65,Support source has no natural DataCo customer key; assigned into the selected customer spine.
1692,T6692,C001178,1448,Mary Murray,James Hoover,xcruz@example.com,risk_weighted_assignment,0.65,Support source has no natural DataCo customer key; assigned into the selected customer spine.
1693,T6693,C001180,1871,Mary Mcknight,Kelly Berg,robertdavis@example.net,risk_weighted_assignment,0.65,Support source has no natural DataCo customer key; assigned into the selected customer spine.
1694,T6694,C001187,3127,Jessica Smith,Jacob Hayden,lisanichols@example.org,risk_weighted_assignment,0.65,Support source has no natural DataCo customer key; assigned into the selected customer spine.
1695,T6695,C001219,10344,Mary Smith,William Stewart,christopheranderson@example.org,risk_weighted_assignment,0.65,Support source has no natural DataCo customer key; assigned into the selected customer spine.
1696,T6696,C001231,715,Mary Smith,Bryan Rivera,emily66@example.com,risk_weighted_assignment,0.65,Support source has no natural DataCo customer key; assigned into the selected customer spine.
1697,T6697,C001261,9974,Olivia Smith,Lisa Mcdonald,michael41@example.net,risk_weighted_assignment,0.65,Support source has no natural DataCo customer key; assigned into the selected customer spine.
1698,T6698,C001298,2092,Mary Hunter,Mr. Nicholas Bush,peter74@example.com,risk_weighted_assignment,0.65,Support source has no natural DataCo customer key; assigned into the selected customer spine.
1699,T6699,C001398,5297,Mary Smith,Jacqueline Williams,scottbethany@example.com,risk_weighted_assignment,0.65,Support source has no natural DataCo customer key; assigned into the selected customer spine.
1700,T6700,C001418,2310,Mary Reeves,Angela Rogers,krobinson@example.com,risk_weighted_assignment,0.65,Support source has no natural DataCo customer key; assigned into the selected customer spine.
1701,T6701,C001530,6810,Roger Smith,Mrs. Molly Gutierrez,kimberlythomas@example.org,risk_weighted_assignment,0.65,Support source has no natural DataCo customer key; assigned into the selected customer spine.
1702,T6702,C001558,5749,Mary Smith,Mr. Eric Pugh,davidjames@example.com,risk_weighted_assignment,0.65,Support source has no natural DataCo customer key; assigned into the selected customer spine.
1703,T6703,C001706,5104,Kevin Raymond,Kevin Edwards,murraybrendan@example.org,risk_weighted_assignment,0.65,Support source has no natural DataCo customer key; assigned into the selected customer spine.
1704,T6704,C001732,12271,Mary Small,Kimberly Golden,erinwelch@example.org,risk_weighted_assignment,0.65,Support source has no natural DataCo customer key; assigned into the selected customer spine.
1705,T6705,C001742,2267,Rebecca Tran,Lisa Goodwin,heatherhayden@example.org,risk_weighted_assignment,0.65,Support source has no natural DataCo customer key; assigned into the selected customer spine.
1706,T6706,C001805,1522,Mary Yates,Alicia Patterson,charlesortega@example.org,risk_weighted_assignment,0.65,Support source has no natural DataCo customer key; assigned into the selected customer spine.
1707,T6707,C001888,11631,Jennifer Mckenzie,Jacob Hall,joannetrevino@example.com,risk_weighted_assignment,0.65,Support source has no natural DataCo customer key; assigned into the selected customer spine.
1708,T6708,C001970,5116,Doris Smith,Kelly Norris,kimberly01@example.net,risk_weighted_assignment,0.65,Support source has no natural DataCo customer key; assigned into the selected customer spine.
1709,T6709,C001991,4953,Pamela Burnett,Emily Walker,dominguezcollin@example.net,risk_weighted_assignment,0.65,Support source has no natural DataCo customer key; assigned into the selected customer spine.
1710,T6710,C001998,8864,Mary Benson,Ricky Bryan DDS,gary48@example.net,risk_weighted_assignment,0.65,Support source has no natural DataCo customer key; assigned into the selected customer spine.
1711,T6711,C000140,5001,Ann Waller,Megan Thompson,holly45@example.com,risk_weighted_assignment,0.65,Support source has no natural DataCo customer key; assigned into the selected customer spine.
1712,T6712,C000253,4460,Mary Smith,Vanessa Casey,allisonpeters@example.org,risk_weighted_assignment,0.65,Support source has no natural DataCo customer key; assigned into the selected customer spine.
1713,T6713,C000345,10634,Mary King,Felicia Clark,alyssaclark@example.net,risk_weighted_assignment,0.65,Support source has no natural DataCo customer key; assigned into the selected customer spine.
1714,T6714,C000569,1571,Betty Bishop,Ryan Walker MD,michellegarcia@example.org,risk_weighted_assignment,0.65,Support source has no natural DataCo customer key; assigned into the selected customer spine.
1715,T6715,C000586,11576,Richard Andrade,Katrina Matthews MD,kreid@example.com,risk_weighted_assignment,0.65,Support source has no natural DataCo customer key; assigned into the selected customer spine.
1716,T6716,C000607,9702,Katherine Tyler,Scott Riddle,robin05@example.com,risk_weighted_assignment,0.65,Support source has no natural DataCo customer key; assigned into the selected customer spine.
1717,T6717,C000679,9875,Christian Calderon,Jorge Ramos,nicoleblackburn@example.net,risk_weighted_assignment,0.65,Support source has no natural DataCo customer key; assigned into the selected customer spine.
1718,T6718,C000813,12192,Mary Carlson,Tracy Johnston,whill@example.org,risk_weighted_assignment,0.65,Support source has no natural DataCo customer key; assigned into the selected customer spine.
1719,T6719,C000836,11133,Mary Smith,Jorge Jennings,zmccall@example.org,risk_weighted_assignment,0.65,Support source has no natural DataCo customer key; assigned into the selected customer spine.
1720,T6720,C000902,9392,Sean Smith,Bruce Davis,oharris@example.org,risk_weighted_assignment,0.65,Support source has no natural DataCo customer key; assigned into the selected customer spine.
1721,T6721,C000909,2291,Mary Mcdonald,Miss Ruth Bryant,bbryant@example.com,risk_weighted_assignment,0.65,Support source has no natural DataCo customer key; assigned into the selected customer spine.
1722,T6722,C000995,8125,Philip Robbins,Kevin Haynes,richardjordan@example.org,risk_weighted_assignment,0.65,Support source has no natural DataCo customer key; assigned into the selected customer spine.
1723,T6723,C001006,5298,Lisa Moore,Jacqueline Jensen,rwright@example.com,risk_weighted_assignment,0.65,Support source has no natural DataCo customer key; assigned into the selected customer spine.
1724,T6724,C001023,12038,Patricia Smith,Roberto Rogers,doylenatalie@example.org,risk_weighted_assignment,0.65,Support source has no natural DataCo customer key; assigned into the selected customer spine.
1725,T6725,C001076,6746,Anthony Sanchez,Justin Clark,parsonsfrank@example.org,risk_weighted_assignment,0.65,Support source has no natural DataCo customer key; assigned into the selected customer spine.
1726,T6726,C001315,11005,Christian Keller,Jesse Austin,jerrysmith@example.com,risk_weighted_assignment,0.65,Support source has no natural DataCo customer key; assigned into the selected customer spine.
1727,T6727,C001337,6688,Mary Smith,Alison Gibson,nbarry@example.net,risk_weighted_assignment,0.65,Support source has no natural DataCo customer key; assigned into the selected customer spine.
1728,T6728,C001345,8675,Zachary Smith,Barbara Smith,ibailey@example.org,risk_weighted_assignment,0.65,Support source has no natural DataCo customer key; assigned into the selected customer spine.
1729,T6729,C001372,9609,Mary Lucero,Alisha Jackson,sheliarodriguez@example.org,risk_weighted_assignment,0.65,Support source has no natural DataCo customer key; assigned into the selected customer spine.
1730,T6730,C001382,8499,Angela Smith,Wendy Watson,jamie60@example.org,risk_weighted_assignment,0.65,Support source has no natural DataCo customer key; assigned into the selected customer spine.
1731,T6731,C001406,1013,Frances Smith,James Frank,erikwheeler@example.org,risk_weighted_assignment,0.65,Support source has no natural DataCo customer key; assigned into the selected customer spine.
1732,T6732,C001600,2845,Ryan Collins,Terri Guzman,melissa00@example.org,risk_weighted_assignment,0.65,Support source has no natural DataCo customer key; assigned into the selected customer spine.
1733,T6733,C001651,430,Mary Smith,Jeffrey Wright,amber23@example.org,risk_weighted_assignment,0.65,Support source has no natural DataCo customer key; assigned into the selected customer spine.
1734,T6734,C001731,10770,Anna Smith,Samantha Smith,mdouglas@example.com,risk_weighted_assignment,0.65,Support source has no natural DataCo customer key; assigned into the selected customer spine.
1735,T6735,C001893,10932,Michael Gonzales,Katie Gonzalez,gregorysawyer@example.net,risk_weighted_assignment,0.65,Support source has no natural DataCo customer key; assigned into the selected customer spine.
1736,T6736,C001985,7028,Elizabeth Edwards,Kimberly Mercado,juanparker@example.net,risk_weighted_assignment,0.65,Support source has no natural DataCo customer key; assigned into the selected customer spine.
1737,T6737,C000020,7200,Katherine Smith,Terri Johnson,rogersrenee@example.net,risk_weighted_assignment,0.65,Support source has no natural DataCo customer key; assigned into the selected customer spine.
1738,T6738,C000126,8018,Ruth Shepherd,Ryan Olson,jsampson@example.net,risk_weighted_assignment,0.65,Support source has no natural DataCo customer key; assigned into the selected customer spine.
1739,T6739,C000134,10175,Michael Gibson,Robert Taylor,jennifer91@example.com,risk_weighted_assignment,0.65,Support source has no natural DataCo customer key; assigned into the selected customer spine.
1740,T6740,C000188,4181,Aaron Hudson,James Smith,gbailey@example.com,risk_weighted_assignment,0.65,Support source has no natural DataCo customer key; assigned into the selected customer spine.
1741,T6741,C000191,10129,Mary Kidd,Carmen Clayton,gardnercarl@example.org,risk_weighted_assignment,0.65,Support source has no natural DataCo customer key; assigned into the selected customer spine.
1742,T6742,C000248,5054,Paul Thomas,Karen Stewart,elizabeth80@example.org,risk_weighted_assignment,0.65,Support source has no natural DataCo customer key; assigned into the selected customer spine.
1743,T6743,C000268,11295,Mary Ayala,Shannon Smith,laurenrodriguez@example.net,risk_weighted_assignment,0.65,Support source has no natural DataCo customer key; assigned into the selected customer spine.
1744,T6744,C000303,8078,Janet Thomas,Hunter Esparza,kennethross@example.com,risk_weighted_assignment,0.65,Support source has no natural DataCo customer key; assigned into the selected customer spine.
1745,T6745,C000355,5682,Mary Proctor,Linda Cortez DVM,bradley00@example.com,risk_weighted_assignment,0.65,Support source has no natural DataCo customer key; assigned into the selected customer spine.
1746,T6746,C000504,2447,Mary Smith,Taylor Zimmerman,smorrison@example.org,risk_weighted_assignment,0.65,Support source has no natural DataCo customer key; assigned into the selected customer spine.
1747,T6747,C000554,10051,Kathryn Smith,Savannah Haley,anthony24@example.com,risk_weighted_assignment,0.65,Support source has no natural DataCo customer key; assigned into the selected customer spine.
1748,T6748,C000634,8285,Eric Smith,Maria Oneal,williampeterson@example.org,risk_weighted_assignment,0.65,Support source has no natural DataCo customer key; assigned into the selected customer spine.
1749,T6749,C000648,7940,Mary Mejia,Tanya Martinez,darylcollins@example.net,risk_weighted_assignment,0.65,Support source has no natural DataCo customer key; assigned into the selected customer spine.
1750,T6750,C000714,3523,Mary Mcgee,Brian Horne,deantodd@example.org,risk_weighted_assignment,0.65,Support source has no natural DataCo customer key; assigned into the selected customer spine.
1751,T6751,C000808,5907,Mary Proctor,Luis Shannon,nrichardson@example.org,risk_weighted_assignment,0.65,Support source has no natural DataCo customer key; assigned into the selected customer spine.
1752,T6752,C000816,2942,Mary Taylor,Jennifer Wu,tracihill@example.org,risk_weighted_assignment,0.65,Support source has no natural DataCo customer key; assigned into the selected customer spine.
1753,T6753,C000913,3280,Kathleen Smith,Grace Lambert,carterpaula@example.net,risk_weighted_assignment,0.65,Support source has no natural DataCo customer key; assigned into the selected customer spine.
1754,T6754,C001069,8217,Virginia Cantrell,Louis Lowe,dcollier@example.com,risk_weighted_assignment,0.65,Support source has no natural DataCo customer key; assigned into the selected customer spine.
1755,T6755,C001080,2703,Kimberly Smith,Sally Hartman,tbutler@example.net,risk_weighted_assignment,0.65,Support source has no natural DataCo customer key; assigned into the selected customer spine.
1756,T6756,C001081,1670,Keith Callahan,Christina Lopez,michaelconley@example.net,risk_weighted_assignment,0.65,Support source has no natural DataCo customer key; assigned into the selected customer spine.
1757,T6757,C001106,10563,Mary Smith,Frank Scott,jordanjorge@example.org,risk_weighted_assignment,0.65,Support source has no natural DataCo customer key; assigned into the selected customer spine.
1758,T6758,C001127,8043,Mary Herrera,Diana Ortiz,jenniferchen@example.com,risk_weighted_assignment,0.65,Support source has no natural DataCo customer key; assigned into the selected customer spine.
1759,T6759,C001211,3713,Helen Smith,Edward French,lauraholloway@example.org,risk_weighted_assignment,0.65,Support source has no natural DataCo customer key; assigned into the selected customer spine.
1760,T6760,C001307,53,Katherine Smith,Taylor Taylor,smithjames@example.net,risk_weighted_assignment,0.65,Support source has no natural DataCo customer key; assigned into the selected customer spine.
1761,T6761,C001325,7986,Mary Steele,Joshua Gibson,jessicagarrett@example.org,risk_weighted_assignment,0.65,Support source has no natural DataCo customer key; assigned into the selected customer spine.
1762,T6762,C001435,11443,Mary Smith,Melinda Atkins,gmiles@example.net,risk_weighted_assignment,0.65,Support source has no natural DataCo customer key; assigned into the selected customer spine.
1763,T6763,C001509,6457,Dorothy Coleman,Peter Flowers,amanda40@example.org,risk_weighted_assignment,0.65,Support source has no natural DataCo customer key; assigned into the selected customer spine.
1764,T6764,C001557,10668,Mary Smith,Valerie Larsen,psimpson@example.net,risk_weighted_assignment,0.65,Support source has no natural DataCo customer key; assigned into the selected customer spine.
1765,T6765,C001610,5129,Dennis Smith,Erica Scott DVM,millsdenise@example.net,risk_weighted_assignment,0.65,Support source has no natural DataCo customer key; assigned into the selected customer spine.
1766,T6766,C001741,11950,Daniel Harris,Amber Erickson,edward52@example.org,risk_weighted_assignment,0.65,Support source has no natural DataCo customer key; assigned into the selected customer spine.
1767,T6767,C001781,3696,Martha Holloway,Michael Wright,daviesryan@example.org,risk_weighted_assignment,0.65,Support source has no natural DataCo customer key; assigned into the selected customer spine.
1768,T6768,C001792,8321,Kenneth Smith,Patricia Rodgers,janet62@example.com,risk_weighted_assignment,0.65,Support source has no natural DataCo customer key; assigned into the selected customer spine.
1769,T6769,C001909,11509,Sharon Wood,Vanessa White,heather75@example.org,risk_weighted_assignment,0.65,Support source has no natural DataCo customer key; assigned into the selected customer spine.
1770,T6770,C001977,11672,Charles Burns,Christine Perez,reyesmichael@example.org,risk_weighted_assignment,0.65,Support source has no natural DataCo customer key; assigned into the selected customer spine.
1771,T6771,C000143,7892,Michael Hayes,Matthew Jimenez,aaron89@example.com,risk_weighted_assignment,0.65,Support source has no natural DataCo customer key; assigned into the selected customer spine.
1772,T6772,C000171,58,Michael Edwards,Justin Padilla,galvarez@example.net,risk_weighted_assignment,0.65,Support source has no natural DataCo customer key; assigned into the selected customer spine.
1773,T6773,C000201,5028,Joseph Lucero,Elizabeth Palmer,riosjanet@example.org,risk_weighted_assignment,0.65,Support source has no natural DataCo customer key; assigned into the selected customer spine.
1774,T6774,C000349,10635,Donna Torres,Darrell Harris,adam22@example.com,risk_weighted_assignment,0.65,Support source has no natural DataCo customer key; assigned into the selected customer spine.
1775,T6775,C000411,1535,Frank Livingston,Emily Wiley,wardangela@example.com,risk_weighted_assignment,0.65,Support source has no natural DataCo customer key; assigned into the selected customer spine.
1776,T6776,C000432,698,Mary Smith,Sally Zuniga,johnkelly@example.net,risk_weighted_assignment,0.65,Support source has no natural DataCo customer key; assigned into the selected customer spine.
1777,T6777,C000437,2514,Mary Luna,David Bray,woodjustin@example.com,risk_weighted_assignment,0.65,Support source has no natural DataCo customer key; assigned into the selected customer spine.
1778,T6778,C000453,1261,Victoria Hancock,Jennifer Cox,raymond67@example.com,risk_weighted_assignment,0.65,Support source has no natural DataCo customer key; assigned into the selected customer spine.
1779,T6779,C000519,5331,Victoria Hines,Christopher Neal,stephanie49@example.net,risk_weighted_assignment,0.65,Support source has no natural DataCo customer key; assigned into the selected customer spine.
1780,T6780,C000550,9018,Mary Smith,Roberta Cunningham,rodriguezeric@example.net,risk_weighted_assignment,0.65,Support source has no natural DataCo customer key; assigned into the selected customer spine.
1781,T6781,C000555,3813,Andrew Smith,Samuel Morgan,glynch@example.com,risk_weighted_assignment,0.65,Support source has no natural DataCo customer key; assigned into the selected customer spine.
1782,T6782,C000700,241,Janet Carter,April Turner,arnoldcrystal@example.com,risk_weighted_assignment,0.65,Support source has no natural DataCo customer key; assigned into the selected customer spine.
1783,T6783,C000767,373,George Sandoval,Michael Chen,williamscheryl@example.com,risk_weighted_assignment,0.65,Support source has no natural DataCo customer key; assigned into the selected customer spine.
1784,T6784,C000904,11275,Kyle Wheeler,Carrie Johnson,gloriaoneal@example.net,risk_weighted_assignment,0.65,Support source has no natural DataCo customer key; assigned into the selected customer spine.
1785,T6785,C000949,408,Elizabeth Raymond,Alexis Allen,mooreeric@example.net,risk_weighted_assignment,0.65,Support source has no natural DataCo customer key; assigned into the selected customer spine.
1786,T6786,C000977,625,Terry Smith,Ashley Gutierrez,ebernard@example.net,risk_weighted_assignment,0.65,Support source has no natural DataCo customer key; assigned into the selected customer spine.
1787,T6787,C000992,3235,Lori Baker,Karen Ward,tstewart@example.net,risk_weighted_assignment,0.65,Support source has no natural DataCo customer key; assigned into the selected customer spine.
1788,T6788,C001142,11659,Steven Gonzalez,Emily Bailey,adamsrose@example.net,risk_weighted_assignment,0.65,Support source has no natural DataCo customer key; assigned into the selected customer spine.
1789,T6789,C001259,8256,James Parker,Russell Peterson,huffsusan@example.org,risk_weighted_assignment,0.65,Support source has no natural DataCo customer key; assigned into the selected customer spine.
1790,T6790,C001350,6739,Matthew Mullins,Robert Bullock,idiaz@example.com,risk_weighted_assignment,0.65,Support source has no natural DataCo customer key; assigned into the selected customer spine.
1791,T6791,C001378,4113,Frank Smith,Ashley Baker,kellymorgan@example.com,risk_weighted_assignment,0.65,Support source has no natural DataCo customer key; assigned into the selected customer spine.
1792,T6792,C001450,7439,Mary Flores,Michelle Hawkins,ymcclain@example.com,risk_weighted_assignment,0.65,Support source has no natural DataCo customer key; assigned into the selected customer spine.
1793,T6793,C001541,2988,Amy Torres,David Smith,diana22@example.org,risk_weighted_assignment,0.65,Support source has no natural DataCo customer key; assigned into the selected customer spine.
1794,T6794,C001625,12026,George Smith,Andrew Hudson,larry12@example.org,risk_weighted_assignment,0.65,Support source has no natural DataCo customer key; assigned into the selected customer spine.
1795,T6795,C001753,7824,Mary Jackson,Michael Townsend,mcarlson@example.com,risk_weighted_assignment,0.65,Support source has no natural DataCo customer key; assigned into the selected customer spine.
1796,T6796,C001814,224,Mary Hernandez,Ryan Ewing,williamwagner@example.net,risk_weighted_assignment,0.65,Support source has no natural DataCo customer key; assigned into the selected customer spine.
1797,T6797,C001836,7594,Mary Smith,Chad Porter,obrienbrenda@example.net,risk_weighted_assignment,0.65,Support source has no natural DataCo customer key; assigned into the selected customer spine.
1798,T6798,C001947,11330,Arthur Johnson,Warren Gallagher,edwinwarren@example.net,risk_weighted_assignment,0.65,Support source has no natural DataCo customer key; assigned into the selected customer spine.
1799,T6799,C001950,5449,Mary Smith,Sara Anderson,tanya98@example.net,risk_weighted_assignment,0.65,Support source has no natural DataCo customer key; assigned into the selected customer spine.
1800,T6800,C001951,8572,Victoria Smith,Julie Perry,orice@example.com,risk_weighted_assignment,0.65,Support source has no natural DataCo customer key; assigned into the selected customer spine.
1801,T6801,C000073,2444,Kenneth Smith,Stephanie Gutierrez,ronaldrichards@example.org,risk_weighted_assignment,0.65,Support source has no natural DataCo customer key; assigned into the selected customer spine.
1802,T6802,C000378,8920,Linda Smith,Brian Mahoney,boylekelly@example.org,risk_weighted_assignment,0.65,Support source has no natural DataCo customer key; assigned into the selected customer spine.
1803,T6803,C000384,10831,Larry Smith,Jasmine Foley,wpham@example.com,risk_weighted_assignment,0.65,Support source has no natural DataCo customer key; assigned into the selected customer spine.
1804,T6804,C000564,5049,Mary Walton,Jessica Potts,conleykenneth@example.net,risk_weighted_assignment,0.65,Support source has no natural DataCo customer key; assigned into the selected customer spine.
1805,T6805,C000804,10278,Mary Farrell,Kristie Edwards,lindaparker@example.com,risk_weighted_assignment,0.65,Support source has no natural DataCo customer key; assigned into the selected customer spine.
1806,T6806,C000883,6480,Ryan Austin,Michael Mendoza,johnsonjennifer@example.org,risk_weighted_assignment,0.65,Support source has no natural DataCo customer key; assigned into the selected customer spine.
1807,T6807,C000914,3506,Samantha Graham,Edward Hughes,christopherhickman@example.org,risk_weighted_assignment,0.65,Support source has no natural DataCo customer key; assigned into the selected customer spine.
1808,T6808,C001177,599,Doris Smith,Melissa Bowman,jackrodriguez@example.org,risk_weighted_assignment,0.65,Support source has no natural DataCo customer key; assigned into the selected customer spine.
1809,T6809,C001191,2256,Mary Smith,Amber Cherry,ismith@example.net,risk_weighted_assignment,0.65,Support source has no natural DataCo customer key; assigned into the selected customer spine.
1810,T6810,C001225,308,Alan Berger,Darlene Thompson,arthur50@example.com,risk_weighted_assignment,0.65,Support source has no natural DataCo customer key; assigned into the selected customer spine.
1811,T6811,C001374,1851,Mary Smith,Sandy Rivas,carl84@example.com,risk_weighted_assignment,0.65,Support source has no natural DataCo customer key; assigned into the selected customer spine.
1812,T6812,C001511,6318,Gerald Garza,Rachel Wright,shannonlester@example.net,risk_weighted_assignment,0.65,Support source has no natural DataCo customer key; assigned into the selected customer spine.
1813,T6813,C001517,9541,Richard Leach,Robert Adams,lauramacias@example.com,risk_weighted_assignment,0.65,Support source has no natural DataCo customer key; assigned into the selected customer spine.
1814,T6814,C001691,7705,Julia Robinson,Charles Kelly,williamstewart@example.com,risk_weighted_assignment,0.65,Support source has no natural DataCo customer key; assigned into the selected customer spine.
1815,T6815,C001718,9245,Joshua Rodriguez,Eddie Stewart,stewartblake@example.com,risk_weighted_assignment,0.65,Support source has no natural DataCo customer key; assigned into the selected customer spine.
1816,T6816,C001831,11452,Kathleen Orr,Heather Davis,joseph45@example.org,risk_weighted_assignment,0.65,Support source has no natural DataCo customer key; assigned into the selected customer spine.
1817,T6817,C001952,12129,Mary Perkins,Roberto Mckinney,zcox@example.org,risk_weighted_assignment,0.65,Support source has no natural DataCo customer key; assigned into the selected customer spine.
1818,T6818,C001956,4487,Rebecca Knight,Amy Rodriguez,yhamilton@example.com,risk_weighted_assignment,0.65,Support source has no natural DataCo customer key; assigned into the selected customer spine.
1819,T6819,C001987,6616,Shirley Smith,Sara Vaughan,ltucker@example.com,risk_weighted_assignment,0.65,Support source has no natural DataCo customer key; assigned into the selected customer spine.
1820,T6820,C000030,5216,Mary Pitts,Eugene Frazier,shelleyjensen@example.net,risk_weighted_assignment,0.65,Support source has no natural DataCo customer key; assigned into the selected customer spine.
1821,T6821,C000118,12180,Mary Allen,Peter Watts,ypierce@example.org,risk_weighted_assignment,0.65,Support source has no natural DataCo customer key; assigned into the selected customer spine.
1822,T6822,C000203,1107,Nicole Miller,Cindy Carey,wallacejason@example.net,risk_weighted_assignment,0.65,Support source has no natural DataCo customer key; assigned into the selected customer spine.
1823,T6823,C000360,6623,Christian Turner,Michelle Wong,ygardner@example.net,risk_weighted_assignment,0.65,Support source has no natural DataCo customer key; assigned into the selected customer spine.
1824,T6824,C000396,6473,Mary Castillo,Kayla Flores,velasquezphillip@example.com,risk_weighted_assignment,0.65,Support source has no natural DataCo customer key; assigned into the selected customer spine.
1825,T6825,C000640,9528,Mary Flores,Anna Moore,dustindouglas@example.net,risk_weighted_assignment,0.65,Support source has no natural DataCo customer key; assigned into the selected customer spine.
1826,T6826,C000654,12123,Jeremy Tucker,Angela Humphrey,joshua84@example.com,risk_weighted_assignment,0.65,Support source has no natural DataCo customer key; assigned into the selected customer spine.
1827,T6827,C000834,5411,Robert Crane,Regina Copeland,charlescooper@example.com,risk_weighted_assignment,0.65,Support source has no natural DataCo customer key; assigned into the selected customer spine.
1828,T6828,C000953,7016,Jack Sloan,Lisa Stark,daviskathy@example.net,risk_weighted_assignment,0.65,Support source has no natural DataCo customer key; assigned into the selected customer spine.
1829,T6829,C000957,3482,Mary Horton,Dillon Bennett,mary43@example.com,risk_weighted_assignment,0.65,Support source has no natural DataCo customer key; assigned into the selected customer spine.
1830,T6830,C001083,6788,Mary Allen,Sara Hamilton,lroberts@example.com,risk_weighted_assignment,0.65,Support source has no natural DataCo customer key; assigned into the selected customer spine.
1831,T6831,C001094,2578,Mary Blake,Shannon Smith,lmurray@example.net,risk_weighted_assignment,0.65,Support source has no natural DataCo customer key; assigned into the selected customer spine.
1832,T6832,C001105,9002,Mary Mullins,Daniel Stokes,drodriguez@example.net,risk_weighted_assignment,0.65,Support source has no natural DataCo customer key; assigned into the selected customer spine.
1833,T6833,C001198,8376,Catherine Moreno,Michelle Nelson,benjamin39@example.org,risk_weighted_assignment,0.65,Support source has no natural DataCo customer key; assigned into the selected customer spine.
1834,T6834,C001222,531,Paul Burns,William Cruz,bowen@example.org,risk_weighted_assignment,0.65,Support source has no natural DataCo customer key; assigned into the selected customer spine.
1835,T6835,C001285,2091,Doris Smith,Teresa Hayes,jacobgarcia@example.com,risk_weighted_assignment,0.65,Support source has no natural DataCo customer key; assigned into the selected customer spine.
1836,T6836,C001365,6184,James Potter,Kathleen Richards,richard66@example.com,risk_weighted_assignment,0.65,Support source has no natural DataCo customer key; assigned into the selected customer spine.
1837,T6837,C001392,6724,Benjamin Smith,David James,skramer@example.com,risk_weighted_assignment,0.65,Support source has no natural DataCo customer key; assigned into the selected customer spine.
1838,T6838,C001521,9514,Mary Bowen,Ashley Spears,vanessa03@example.com,risk_weighted_assignment,0.65,Support source has no natural DataCo customer key; assigned into the selected customer spine.
1839,T6839,C001745,3189,Bryan Smith,Tina Brown,mary24@example.com,risk_weighted_assignment,0.65,Support source has no natural DataCo customer key; assigned into the selected customer spine.
1840,T6840,C001825,10769,Mary Edwards,Mark Miller,jburgess@example.com,risk_weighted_assignment,0.65,Support source has no natural DataCo customer key; assigned into the selected customer spine.
1841,T6841,C001838,6677,Patrick Smith,David Lee,christopher67@example.net,risk_weighted_assignment,0.65,Support source has no natural DataCo customer key; assigned into the selected customer spine.
1842,T6842,C001849,2402,Mary Smith,Victoria Holt,randall15@example.com,risk_weighted_assignment,0.65,Support source has no natural DataCo customer key; assigned into the selected customer spine.
1843,T6843,C000040,9271,Christopher Smith,Nathaniel Walls,lovehunter@example.net,risk_weighted_assignment,0.65,Support source has no natural DataCo customer key; assigned into the selected customer spine.
1844,T6844,C000141,2595,Amy Smith,April Clark,villarrealmark@example.net,risk_weighted_assignment,0.65,Support source has no natural DataCo customer key; assigned into the selected customer spine.
1845,T6845,C000394,2564,Phillip Smith,Johnathan Meadows,deleonlindsey@example.com,risk_weighted_assignment,0.65,Support source has no natural DataCo customer key; assigned into the selected customer spine.
1846,T6846,C000395,1100,Megan Moyer,Mike Hansen,upadilla@example.net,risk_weighted_assignment,0.65,Support source has no natural DataCo customer key; assigned into the selected customer spine.
1847,T6847,C000408,633,Mary Campbell,Jorge Willis,jenniferkoch@example.org,risk_weighted_assignment,0.65,Support source has no natural DataCo customer key; assigned into the selected customer spine.
1848,T6848,C000428,8812,Mary Woodward,Tammie Carter,achen@example.com,risk_weighted_assignment,0.65,Support source has no natural DataCo customer key; assigned into the selected customer spine.
1849,T6849,C000632,1725,Mary Dyer,Taylor Powell,moorelisa@example.org,risk_weighted_assignment,0.65,Support source has no natural DataCo customer key; assigned into the selected customer spine.
1850,T6850,C000879,8974,Mary Schultz,Bruce Thomas MD,vhancock@example.org,risk_weighted_assignment,0.65,Support source has no natural DataCo customer key; assigned into the selected customer spine.
1851,T6851,C001088,3758,Scott Smith,Ana Medina,joshuafrancis@example.net,risk_weighted_assignment,0.65,Support source has no natural DataCo customer key; assigned into the selected customer spine.
1852,T6852,C001214,5941,Douglas Smith,James Santos,aaron49@example.org,risk_weighted_assignment,0.65,Support source has no natural DataCo customer key; assigned into the selected customer spine.
1853,T6853,C001224,8715,Mary Adams,Brandon Hall,jhubbard@example.com,risk_weighted_assignment,0.65,Support source has no natural DataCo customer key; assigned into the selected customer spine.
1854,T6854,C001504,11968,Emily Winters,Mr. Christopher Martinez,cowanfrank@example.net,risk_weighted_assignment,0.65,Support source has no natural DataCo customer key; assigned into the selected customer spine.
1855,T6855,C001676,5525,Kevin Smith,David George,kim10@example.com,risk_weighted_assignment,0.65,Support source has no natural DataCo customer key; assigned into the selected customer spine.
1856,T6856,C001786,8883,Marie Davis,Andrea Patterson,jeffreyrowland@example.com,risk_weighted_assignment,0.65,Support source has no natural DataCo customer key; assigned into the selected customer spine.
1857,T6857,C000007,3710,Ashley Smith,Patrick Smith,bradleykeith@example.net,risk_weighted_assignment,0.65,Support source has no natural DataCo customer key; assigned into the selected customer spine.
1858,T6858,C000038,11017,Rachel Prince,Charlene Andrews,kreid@example.net,risk_weighted_assignment,0.65,Support source has no natural DataCo customer key; assigned into the selected customer spine.
1859,T6859,C000049,9737,Benjamin Smith,Emily Nunez,sbrown@example.com,risk_weighted_assignment,0.65,Support source has no natural DataCo customer key; assigned into the selected customer spine.
1860,T6860,C000214,11887,Christopher Smith,Frances Riley,phelpschristian@example.net,risk_weighted_assignment,0.65,Support source has no natural DataCo customer key; assigned into the selected customer spine.
1861,T6861,C000305,6266,Deborah Hunter,Melissa Burnett,thomas54@example.org,risk_weighted_assignment,0.65,Support source has no natural DataCo customer key; assigned into the selected customer spine.
1862,T6862,C000366,1721,Jeremy Hart,Renee Carey,patricia76@example.net,risk_weighted_assignment,0.65,Support source has no natural DataCo customer key; assigned into the selected customer spine.
1863,T6863,C000625,548,Ryan Horton,Lisa Moore,jessicaevans@example.org,risk_weighted_assignment,0.65,Support source has no natural DataCo customer key; assigned into the selected customer spine.
1864,T6864,C000690,11457,Jonathan Smith,Debra Saunders,jonathan45@example.org,risk_weighted_assignment,0.65,Support source has no natural DataCo customer key; assigned into the selected customer spine.
1865,T6865,C000697,4806,Mary Smith,Elizabeth Hamilton,gouldmelissa@example.net,risk_weighted_assignment,0.65,Support source has no natural DataCo customer key; assigned into the selected customer spine.
1866,T6866,C000704,4045,Mary Neal,Daniel Rodriguez,cliffordwright@example.org,risk_weighted_assignment,0.65,Support source has no natural DataCo customer key; assigned into the selected customer spine.
1867,T6867,C000820,7215,Patricia Ruiz,Robert Steele,gillespiedarlene@example.net,risk_weighted_assignment,0.65,Support source has no natural DataCo customer key; assigned into the selected customer spine.
1868,T6868,C000948,8578,Kevin Graham,Adrienne Smith MD,timothygonzalez@example.org,risk_weighted_assignment,0.65,Support source has no natural DataCo customer key; assigned into the selected customer spine.
1869,T6869,C001141,10160,Denise Potter,Emily Vasquez,seth16@example.org,risk_weighted_assignment,0.65,Support source has no natural DataCo customer key; assigned into the selected customer spine.
1870,T6870,C001179,10172,Mary Pugh,Wesley Wilson,nrodriguez@example.org,risk_weighted_assignment,0.65,Support source has no natural DataCo customer key; assigned into the selected customer spine.
1871,T6871,C001235,11163,Jane Price,Kristen Fitzpatrick,scunningham@example.net,risk_weighted_assignment,0.65,Support source has no natural DataCo customer key; assigned into the selected customer spine.
1872,T6872,C001248,11106,Mary Navarro,James Bass,jessica61@example.com,risk_weighted_assignment,0.65,Support source has no natural DataCo customer key; assigned into the selected customer spine.
1873,T6873,C001459,538,Joshua Livingston,Martha Rodriguez,haley71@example.org,risk_weighted_assignment,0.65,Support source has no natural DataCo customer key; assigned into the selected customer spine.
1874,T6874,C001475,7905,Cynthia Garcia,Jennifer Lynch,srollins@example.com,risk_weighted_assignment,0.65,Support source has no natural DataCo customer key; assigned into the selected customer spine.
1875,T6875,C001512,1376,Mary Austin,Jaclyn Holland,fadams@example.org,risk_weighted_assignment,0.65,Support source has no natural DataCo customer key; assigned into the selected customer spine.
1876,T6876,C001629,7606,Mary Khan,Adam Lee,mwise@example.org,risk_weighted_assignment,0.65,Support source has no natural DataCo customer key; assigned into the selected customer spine.
1877,T6877,C001772,1773,Joan Carr,Patrick Hood,mary32@example.org,risk_weighted_assignment,0.65,Support source has no natural DataCo customer key; assigned into the selected customer spine.
1878,T6878,C001789,8459,Mary Rivers,Dustin Martin,patrickforbes@example.net,risk_weighted_assignment,0.65,Support source has no natural DataCo customer key; assigned into the selected customer spine.
1879,T6879,C001857,9366,Mary Church,Joy Wilson,jhardy@example.com,risk_weighted_assignment,0.65,Support source has no natural DataCo customer key; assigned into the selected customer spine.
1880,T6880,C001942,3453,Mary Smith,Teresa Hines,kreeves@example.org,risk_weighted_assignment,0.65,Support source has no natural DataCo customer key; assigned into the selected customer spine.
1881,T6881,C001957,4193,Daniel Haas,Jason Taylor,johndougherty@example.org,risk_weighted_assignment,0.65,Support source has no natural DataCo customer key; assigned into the selected customer spine.
1882,T6882,C000401,3297,Bryan Lewis,Brandon Berg,ahowe@example.org,risk_weighted_assignment,0.65,Support source has no natural DataCo customer key; assigned into the selected customer spine.
1883,T6883,C000718,7050,Mary Holloway,Sharon Snyder,jackieclark@example.net,risk_weighted_assignment,0.65,Support source has no natural DataCo customer key; assigned into the selected customer spine.
1884,T6884,C000774,9785,Barbara Barnes,Alexandra Wells,daniel57@example.org,risk_weighted_assignment,0.65,Support source has no natural DataCo customer key; assigned into the selected customer spine.
1885,T6885,C000943,11761,Lauren Coleman,Lydia Anderson,clee@example.org,risk_weighted_assignment,0.65,Support source has no natural DataCo customer key; assigned into the selected customer spine.
1886,T6886,C001024,9517,Angela Vargas,Jason Hamilton,tracy45@example.org,risk_weighted_assignment,0.65,Support source has no natural DataCo customer key; assigned into the selected customer spine.
1887,T6887,C001434,6926,Ashley Powell,Carol Gallagher,christopher34@example.net,risk_weighted_assignment,0.65,Support source has no natural DataCo customer key; assigned into the selected customer spine.
1888,T6888,C001503,6416,Mary Smith,Stephen Johnson,casekimberly@example.net,risk_weighted_assignment,0.65,Support source has no natural DataCo customer key; assigned into the selected customer spine.
1889,T6889,C001607,946,Mary Smith,Ricky Gibson,paul58@example.com,risk_weighted_assignment,0.65,Support source has no natural DataCo customer key; assigned into the selected customer spine.
1890,T6890,C001791,5653,Jean Schultz,Jennifer Jordan,smartinez@example.org,risk_weighted_assignment,0.65,Support source has no natural DataCo customer key; assigned into the selected customer spine.
1891,T6891,C000064,898,Cheryl Smith,Todd Adkins,nfrench@example.org,risk_weighted_assignment,0.65,Support source has no natural DataCo customer key; assigned into the selected customer spine.
1892,T6892,C000614,4568,Mary Hodge,Chelsey Martin,ycohen@example.com,risk_weighted_assignment,0.65,Support source has no natural DataCo customer key; assigned into the selected customer spine.
1893,T6893,C000629,7571,Amber Booth,Veronica Moore,stephenbryant@example.com,risk_weighted_assignment,0.65,Support source has no natural DataCo customer key; assigned into the selected customer spine.
1894,T6894,C000779,4258,Charles Rogers,Jacqueline Johnston,jennifer77@example.com,risk_weighted_assignment,0.65,Support source has no natural DataCo customer key; assigned into the selected customer spine.
1895,T6895,C000895,616,Nancy Mcclure,Joseph Key,thomasbrenda@example.com,risk_weighted_assignment,0.65,Support source has no natural DataCo customer key; assigned into the selected customer spine.
1896,T6896,C000987,9314,Olivia Smith,Brittany Osborne,kjones@example.org,risk_weighted_assignment,0.65,Support source has no natural DataCo customer key; assigned into the selected customer spine.
1897,T6897,C001052,371,Adam Marquez,Andrew Tran,john33@example.net,risk_weighted_assignment,0.65,Support source has no natural DataCo customer key; assigned into the selected customer spine.
1898,T6898,C001059,1505,Mary Smith,Yesenia Thompson,smoran@example.org,risk_weighted_assignment,0.65,Support source has no natural DataCo customer key; assigned into the selected customer spine.
1899,T6899,C001210,2111,Joan Smith,Samantha Anthony,justinwagner@example.org,risk_weighted_assignment,0.65,Support source has no natural DataCo customer key; assigned into the selected customer spine.
1900,T6900,C001342,8005,Robert Lambert,Jessica Ford,newtonbruce@example.org,risk_weighted_assignment,0.65,Support source has no natural DataCo customer key; assigned into the selected customer spine.
1901,T6901,C001560,9168,Martha Evans,Thomas Garner,anne82@example.com,risk_weighted_assignment,0.65,Support source has no natural DataCo customer key; assigned into the selected customer spine.
1902,T6902,C001688,6402,Mary Frazier,Kathy Rodriguez,banksalexander@example.org,risk_weighted_assignment,0.65,Support source has no natural DataCo customer key; assigned into the selected customer spine.
1903,T6903,C001729,8229,Mary Mcfarland,Stephen Williams,timothyblackwell@example.com,risk_weighted_assignment,0.65,Support source has no natural DataCo customer key; assigned into the selected customer spine.
1904,T6904,C001992,2922,Madison Russo,Dustin Brewer,othornton@example.org,risk_weighted_assignment,0.65,Support source has no natural DataCo customer key; assigned into the selected customer spine.
1905,T6905,C000039,5146,Harry Graves,Alex Henderson,jordanheather@example.org,risk_weighted_assignment,0.65,Support source has no natural DataCo customer key; assigned into the selected customer spine.
1906,T6906,C000119,8015,Mary Blackburn,Cynthia Good,randybaxter@example.net,risk_weighted_assignment,0.65,Support source has no natural DataCo customer key; assigned into the selected customer spine.
1907,T6907,C000439,9513,Brian Rice,Allison King,millerchristine@example.net,risk_weighted_assignment,0.65,Support source has no natural DataCo customer key; assigned into the selected customer spine.
1908,T6908,C000452,5784,Matthew Wolfe,Dr. Christian Morris,leslielynch@example.com,risk_weighted_assignment,0.65,Support source has no natural DataCo customer key; assigned into the selected customer spine.
1909,T6909,C000493,603,Austin Smith,Jennifer Banks,fmcneil@example.net,risk_weighted_assignment,0.65,Support source has no natural DataCo customer key; assigned into the selected customer spine.
1910,T6910,C000617,2687,Kelly Smith,Sarah Harris,sandy98@example.org,risk_weighted_assignment,0.65,Support source has no natural DataCo customer key; assigned into the selected customer spine.
1911,T6911,C001196,2627,Mary King,Malik Robles,jferguson@example.net,risk_weighted_assignment,0.65,Support source has no natural DataCo customer key; assigned into the selected customer spine.
1912,T6912,C001415,10312,Evelyn Lowe,Alan Ford,martin46@example.org,risk_weighted_assignment,0.65,Support source has no natural DataCo customer key; assigned into the selected customer spine.
1913,T6913,C001419,4169,Mary Palmer,Edward Watkins,seanmiller@example.org,risk_weighted_assignment,0.65,Support source has no natural DataCo customer key; assigned into the selected customer spine.
1914,T6914,C001580,6727,Mary Velasquez,Matthew Morales,robertsonbryan@example.org,risk_weighted_assignment,0.65,Support source has no natural DataCo customer key; assigned into the selected customer spine.
1915,T6915,C001590,2461,Maria Smith,Jonathan Jones,deniseyoung@example.net,risk_weighted_assignment,0.65,Support source has no natural DataCo customer key; assigned into the selected customer spine.
1916,T6916,C001591,10642,James Smith,Scott Armstrong,jessica36@example.com,risk_weighted_assignment,0.65,Support source has no natural DataCo customer key; assigned into the selected customer spine.
1917,T6917,C001630,5249,Robert Huffman,Jillian Hill,bradysusan@example.org,risk_weighted_assignment,0.65,Support source has no natural DataCo customer key; assigned into the selected customer spine.
1918,T6918,C001674,5622,Ronald Hall,Dominique Douglas,ttran@example.org,risk_weighted_assignment,0.65,Support source has no natural DataCo customer key; assigned into the selected customer spine.
1919,T6919,C001811,6222,Stephanie Smith,Brittany Gonzalez,susan68@example.org,risk_weighted_assignment,0.65,Support source has no natural DataCo customer key; assigned into the selected customer spine.
1920,T6920,C001858,2652,Martha Santiago,Diane Ward,allisonpage@example.net,risk_weighted_assignment,0.65,Support source has no natural DataCo customer key; assigned into the selected customer spine.
1921,T6921,C001873,222,Frank Ruiz,Patricia Parker,stephanie82@example.org,risk_weighted_assignment,0.65,Support source has no natural DataCo customer key; assigned into the selected customer spine.
1922,T6922,C001874,7180,Mary Walton,Jamie Williams,jonathan42@example.com,risk_weighted_assignment,0.65,Support source has no natural DataCo customer key; assigned into the selected customer spine.
1923,T6923,C001908,1475,Mary Smith,Linda Rodriguez,mariacruz@example.net,risk_weighted_assignment,0.65,Support source has no natural DataCo customer key; assigned into the selected customer spine.
1924,T6924,C001919,11681,Roy Jackson,Lisa Perez,shepherdchristopher@example.com,risk_weighted_assignment,0.65,Support source has no natural DataCo customer key; assigned into the selected customer spine.
1925,T6925,C001961,5704,Matthew Smith,Jaime Lewis,fmoreno@example.org,risk_weighted_assignment,0.65,Support source has no natural DataCo customer key; assigned into the selected customer spine.
1926,T6926,C000276,10198,Mary Smith,Roberta Kennedy,david43@example.org,risk_weighted_assignment,0.65,Support source has no natural DataCo customer key; assigned into the selected customer spine.
1927,T6927,C000513,2417,Mary Mullins,Justin Garcia,sandra51@example.org,risk_weighted_assignment,0.65,Support source has no natural DataCo customer key; assigned into the selected customer spine.
1928,T6928,C000536,1169,Mary Smith,Courtney Shaw,luis92@example.org,risk_weighted_assignment,0.65,Support source has no natural DataCo customer key; assigned into the selected customer spine.
1929,T6929,C000743,8800,John Smith,Jack Velazquez,flemingmichael@example.org,risk_weighted_assignment,0.65,Support source has no natural DataCo customer key; assigned into the selected customer spine.
1930,T6930,C000996,11148,Lisa Keith,Daniel Reed,mcmillaneric@example.net,risk_weighted_assignment,0.65,Support source has no natural DataCo customer key; assigned into the selected customer spine.
1931,T6931,C001036,10765,Mary Byrd,Matthew Evans,burnsadam@example.com,risk_weighted_assignment,0.65,Support source has no natural DataCo customer key; assigned into the selected customer spine.
1932,T6932,C001200,8432,William Ellis,James Williams,jefferyking@example.org,risk_weighted_assignment,0.65,Support source has no natural DataCo customer key; assigned into the selected customer spine.
1933,T6933,C001486,3291,Mary Parrish,Debbie Holt,lynn02@example.com,risk_weighted_assignment,0.65,Support source has no natural DataCo customer key; assigned into the selected customer spine.
1934,T6934,C001505,5987,Mary Smith,Fernando Johnson,edwardsrobin@example.org,risk_weighted_assignment,0.65,Support source has no natural DataCo customer key; assigned into the selected customer spine.
1935,T6935,C001644,10637,Matthew Smith,Mark Good,abailey@example.org,risk_weighted_assignment,0.65,Support source has no natural DataCo customer key; assigned into the selected customer spine.
1936,T6936,C000390,6970,Helen Long,Ronald Moore,christina34@example.com,risk_weighted_assignment,0.65,Support source has no natural DataCo customer key; assigned into the selected customer spine.
1937,T6937,C000470,11960,Ryan Allen,Pamela Lee,wward@example.net,risk_weighted_assignment,0.65,Support source has no natural DataCo customer key; assigned into the selected customer spine.
1938,T6938,C000652,7316,Marilyn Wu,Jennifer Mclean,holmesthomas@example.org,risk_weighted_assignment,0.65,Support source has no natural DataCo customer key; assigned into the selected customer spine.
1939,T6939,C000694,867,Catherine Smith,Tina Montgomery,maria45@example.com,risk_weighted_assignment,0.65,Support source has no natural DataCo customer key; assigned into the selected customer spine.
1940,T6940,C000873,7602,Brian Mitchell,Evan Medina,douglas54@example.com,risk_weighted_assignment,0.65,Support source has no natural DataCo customer key; assigned into the selected customer spine.
1941,T6941,C001203,5158,Ashley Smith,George Bowman,jessica97@example.net,risk_weighted_assignment,0.65,Support source has no natural DataCo customer key; assigned into the selected customer spine.
1942,T6942,C001899,1574,Mary Smith,Steven Wilkins,kenneth43@example.org,risk_weighted_assignment,0.65,Support source has no natural DataCo customer key; assigned into the selected customer spine.
1943,T6943,C001924,3119,Shirley Hinton,Brent Andrews,fmarshall@example.org,risk_weighted_assignment,0.65,Support source has no natural DataCo customer key; assigned into the selected customer spine.
1944,T6944,C001933,109,Mary Thompson,Kayla Holland,mathewhartman@example.net,risk_weighted_assignment,0.65,Support source has no natural DataCo customer key; assigned into the selected customer spine.
1945,T6945,C000175,6977,Mary Short,Katie Lucas,matthew74@example.net,risk_weighted_assignment,0.65,Support source has no natural DataCo customer key; assigned into the selected customer spine.
1946,T6946,C000192,1136,Mary Smith,Michael Hill,rosebarbara@example.net,risk_weighted_assignment,0.65,Support source has no natural DataCo customer key; assigned into the selected customer spine.
1947,T6947,C000311,3038,Mary Schmidt,Kevin Obrien,garyjackson@example.net,risk_weighted_assignment,0.65,Support source has no natural DataCo customer key; assigned into the selected customer spine.
1948,T6948,C000702,5071,Andrew Campos,Cassidy Herman,smithcathy@example.com,risk_weighted_assignment,0.65,Support source has no natural DataCo customer key; assigned into the selected customer spine.
1949,T6949,C000791,4595,Christian Smith,Kurt Gutierrez,hendersonjacob@example.com,risk_weighted_assignment,0.65,Support source has no natural DataCo customer key; assigned into the selected customer spine.
1950,T6950,C001008,9523,Dylan Jackson,Jennifer Weiss,monicadiaz@example.org,risk_weighted_assignment,0.65,Support source has no natural DataCo customer key; assigned into the selected customer spine.
1951,T6951,C001084,1532,Mary Bailey,Mrs. Danielle Johnson,tdunn@example.net,risk_weighted_assignment,0.65,Support source has no natural DataCo customer key; assigned into the selected customer spine.
1952,T6952,C001257,9317,Mary Smith,Frank Russell,carmstrong@example.net,risk_weighted_assignment,0.65,Support source has no natural DataCo customer key; assigned into the selected customer spine.
1953,T6953,C001341,986,Catherine Hawkins,Michele Ferrell,cantuamber@example.org,risk_weighted_assignment,0.65,Support source has no natural DataCo customer key; assigned into the selected customer spine.
1954,T6954,C001455,4297,Mary Torres,Daniel Graham,shannon01@example.org,risk_weighted_assignment,0.65,Support source has no natural DataCo customer key; assigned into the selected customer spine.
1955,T6955,C001802,2593,Mary Nichols,Mr. Anthony Booth,sthompson@example.com,risk_weighted_assignment,0.65,Support source has no natural DataCo customer key; assigned into the selected customer spine.
1956,T6956,C001815,9281,Ann Smith,Michael Cruz,vsanders@example.org,risk_weighted_assignment,0.65,Support source has no natural DataCo customer key; assigned into the selected customer spine.
1957,T6957,C000033,9727,Mary Cruz,Robert Johnson,christine65@example.org,risk_weighted_assignment,0.65,Support source has no natural DataCo customer key; assigned into the selected customer spine.
1958,T6958,C000750,9103,Nathan Smith,Krista Martin,david65@example.org,risk_weighted_assignment,0.65,Support source has no natural DataCo customer key; assigned into the selected customer spine.
1959,T6959,C001332,7850,Mary Lara,Michelle Davidson,erinholder@example.net,risk_weighted_assignment,0.65,Support source has no natural DataCo customer key; assigned into the selected customer spine.
1960,T6960,C001538,9402,Amber Smith,Lauren Weaver,paul33@example.com,risk_weighted_assignment,0.65,Support source has no natural DataCo customer key; assigned into the selected customer spine.
1961,T6961,C001686,5225,Mary Smith,Charles Anthony,nicholsjames@example.com,risk_weighted_assignment,0.65,Support source has no natural DataCo customer key; assigned into the selected customer spine.
1962,T6962,C001850,2243,George Mayer,Michael King,tbutler@example.net,risk_weighted_assignment,0.65,Support source has no natural DataCo customer key; assigned into the selected customer spine.
1963,T6963,C000167,9897,Marilyn Smith,Kristen Smith,bettymcintyre@example.org,risk_weighted_assignment,0.65,Support source has no natural DataCo customer key; assigned into the selected customer spine.
1964,T6964,C001018,7787,Robert Christensen,Matthew Roberts,rodriguezashley@example.com,risk_weighted_assignment,0.65,Support source has no natural DataCo customer key; assigned into the selected customer spine.
1965,T6965,C001359,10884,Zachary Smith,John Martin,boydjeffery@example.org,risk_weighted_assignment,0.65,Support source has no natural DataCo customer key; assigned into the selected customer spine.
1966,T6966,C001549,5722,Mary Smith,Debra Smith,brownrebecca@example.net,risk_weighted_assignment,0.65,Support source has no natural DataCo customer key; assigned into the selected customer spine.
1967,T6967,C001556,4140,Brandon Smith,Eric Mora,xcabrera@example.com,risk_weighted_assignment,0.65,Support source has no natural DataCo customer key; assigned into the selected customer spine.
1968,T6968,C001817,5326,Sean Spencer,Aaron Pope,nwilliams@example.net,risk_weighted_assignment,0.65,Support source has no natural DataCo customer key; assigned into the selected customer spine.
1969,T6969,C000979,8628,Frances Meyer,Richard Smith,erin98@example.net,risk_weighted_assignment,0.65,Support source has no natural DataCo customer key; assigned into the selected customer spine.
1970,T6970,C001439,10162,Joseph Livingston,Elizabeth Mckenzie,shanecharles@example.net,risk_weighted_assignment,0.65,Support source has no natural DataCo customer key; assigned into the selected customer spine.
1971,T6971,C001604,8763,Pamela Williams,Melissa Howard,mendozabryce@example.org,risk_weighted_assignment,0.65,Support source has no natural DataCo customer key; assigned into the selected customer spine.
1972,T6972,C001783,11637,Mary Smith,Richard Bridges,thomasmedina@example.net,risk_weighted_assignment,0.65,Support source has no natural DataCo customer key; assigned into the selected customer spine.
1973,T6973,C001866,630,Jacob Smith,Charles Davis,martinerin@example.org,risk_weighted_assignment,0.65,Support source has no natural DataCo customer key; assigned into the selected customer spine.
1974,T6974,C001458,737,Lawrence Smith,Tiffany Mitchell,danny16@example.org,risk_weighted_assignment,0.65,Support source has no natural DataCo customer key; assigned into the selected customer spine.
1975,T6975,C001637,3406,Mary Smith,Wendy Smith,robert82@example.net,risk_weighted_assignment,0.65,Support source has no natural DataCo customer key; assigned into the selected customer spine.
1976,T6976,C000912,3206,Mary Smith,Randall Stuart,denisedaniel@example.net,risk_weighted_assignment,0.65,Support source has no natural DataCo customer key; assigned into the selected customer spine.
1977,T6977,C001148,247,Angela Smith,Kimberly Smith,carrollmichael@example.com,risk_weighted_assignment,0.65,Support source has no natural DataCo customer key; assigned into the selected customer spine.
1978,T6978,C001164,4470,Mary Smith,Daniel Boyle,ryan35@example.com,risk_weighted_assignment,0.65,Support source has no natural DataCo customer key; assigned into the selected customer spine.
1979,T6979,C001657,7144,Douglas Haley,Tammy Sanchez,nandersen@example.com,risk_weighted_assignment,0.65,Support source has no natural DataCo customer key; assigned into the selected customer spine.
1980,T6980,C001123,11584,Jeffrey Wilcox,Jordan Barker,armstrongamanda@example.org,risk_weighted_assignment,0.65,Support source has no natural DataCo customer key; assigned into the selected customer spine.
1981,T6981,C000277,10108,Jose Smith,Charles Taylor,patrick33@example.com,risk_weighted_assignment,0.65,Support source has no natural DataCo customer key; assigned into the selected customer spine.
1982,T6982,C001779,9831,Daniel Smith,Alejandro Delgado,daniel18@example.net,risk_weighted_assignment,0.65,Support source has no natural DataCo customer key; assigned into the selected customer spine.
1983,T6983,C001872,11711,Mary Park,Sara Acevedo,hbauer@example.com,risk_weighted_assignment,0.65,Support source has no natural DataCo customer key; assigned into the selected customer spine.
1984,T6984,C000499,5410,Mary Davis,John Woods,dparsons@example.org,risk_weighted_assignment,0.65,Support source has no natural DataCo customer key; assigned into the selected customer spine.
1985,T6985,C000744,5382,Mary Smith,Timothy Hernandez,johnsondavid@example.org,risk_weighted_assignment,0.65,Support source has no natural DataCo customer key; assigned into the selected customer spine.
1986,T6986,C000827,12201,Mary Burton,Monica Curtis,timothylarson@example.org,risk_weighted_assignment,0.65,Support source has no natural DataCo customer key; assigned into the selected customer spine.
1987,T6987,C000833,11606,Mary Cisneros,Ashley Walker,juanmurray@example.net,risk_weighted_assignment,0.65,Support source has no natural DataCo customer key; assigned into the selected customer spine.
1988,T6988,C001617,2277,Ruth Arnold,Jacqueline Porter,christopherwhite@example.com,risk_weighted_assignment,0.65,Support source has no natural DataCo customer key; assigned into the selected customer spine.
1989,T6989,C001839,700,Mary Cummings,Jennifer Stewart,barbara82@example.org,risk_weighted_assignment,0.65,Support source has no natural DataCo customer key; assigned into the selected customer spine.
1990,T6990,C001682,10678,Martha Prince,Alyssa Lucas,william55@example.net,risk_weighted_assignment,0.65,Support source has no natural DataCo customer key; assigned into the selected customer spine.
1991,T6991,C000096,1780,Larry Sharp,Michael Martin,dbush@example.net,risk_weighted_assignment,0.65,Support source has no natural DataCo customer key; assigned into the selected customer spine.
1992,T6992,C000358,4150,Jordan Riley,Christopher Jones,amy03@example.net,risk_weighted_assignment,0.65,Support source has no natural DataCo customer key; assigned into the selected customer spine.
1993,T6993,C000622,5364,Thomas Colon,Curtis Payne,jorgeburns@example.com,risk_weighted_assignment,0.65,Support source has no natural DataCo customer key; assigned into the selected customer spine.
1994,T6994,C001143,10340,Nicholas Stevens,Diana Howard,tbrown@example.net,risk_weighted_assignment,0.65,Support source has no natural DataCo customer key; assigned into the selected customer spine.
1995,T6995,C001223,11772,Mary Smith,Sarah Jones,yjones@example.com,risk_weighted_assignment,0.65,Support source has no natural DataCo customer key; assigned into the selected customer spine.
1996,T6996,C001272,6872,Mary Lloyd,Victor Ford,noneal@example.net,risk_weighted_assignment,0.65,Support source has no natural DataCo customer key; assigned into the selected customer spine.
1997,T6997,C001594,8963,Ruth Bush,Mariah Barr,margaretnewton@example.net,risk_weighted_assignment,0.65,Support source has no natural DataCo customer key; assigned into the selected customer spine.
1998,T6998,C001763,2780,Mary Smith,Christopher Eaton,thomas36@example.org,risk_weighted_assignment,0.65,Support source has no natural DataCo customer key; assigned into the selected customer spine.
1999,T6999,C001885,4492,Pamela Hubbard,Richard Hunter,briangarcia@example.org,risk_weighted_assignment,0.65,Support source has no natural DataCo customer key; assigned into the selected customer spine.
2000,T7000,C001903,4342,David Hartman,Misty Martinez,shanewalker@example.com,risk_weighted_assignment,0.65,Support source has no natural DataCo customer key; assigned into the selected customer spine.
