engagement_id,customer_id,source_customer_id,customer_full_name,event_date,event_type,campaign,channel,engagement_score
ENG000001,C000001,791,Mary Smith,2026-05-06,campaign_open,Retention Pulse,Email,8
ENG000002,C000001,791,Mary Smith,2026-05-07,campaign_click,Retention Pulse,Email,12
ENG000003,C000001,791,Mary Smith,2026-05-08,account_page_view,Service Recovery,Portal,22
ENG000004,C000001,791,Mary Smith,2026-05-09,unsubscribe_risk,Escalation Follow-up,Email,-10
ENG000005,C000002,9371,Mary Patterson,2026-05-06,campaign_open,Retention Pulse,Email,8
ENG000006,C000002,9371,Mary Patterson,2026-05-07,campaign_click,Retention Pulse,Email,12
ENG000007,C000002,9371,Mary Patterson,2026-05-08,account_page_view,Service Recovery,Portal,22
ENG000008,C000002,9371,Mary Patterson,2026-05-09,unsubscribe_risk,Escalation Follow-up,Email,-10
ENG000009,C000003,8766,Mary Duncan,2026-05-06,campaign_open,Retention Pulse,Email,8
ENG000010,C000003,8766,Mary Duncan,2026-05-07,campaign_click,Retention Pulse,Email,12
ENG000011,C000003,8766,Mary Duncan,2026-05-08,account_page_view,Service Recovery,Portal,22
ENG000012,C000003,8766,Mary Duncan,2026-05-09,unsubscribe_risk,Escalation Follow-up,Email,-10
ENG000013,C000004,1657,Betty Phillips,2026-05-06,campaign_open,Retention Pulse,Email,8
ENG000014,C000004,1657,Betty Phillips,2026-05-07,campaign_click,Retention Pulse,Email,12
ENG000015,C000004,1657,Betty Phillips,2026-05-08,account_page_view,Service Recovery,Portal,22
ENG000016,C000004,1657,Betty Phillips,2026-05-09,unsubscribe_risk,Escalation Follow-up,Email,-10
ENG000017,C000005,2641,Betty Spears,2026-05-06,campaign_open,Retention Pulse,Email,8
ENG000018,C000005,2641,Betty Spears,2026-05-07,campaign_click,Retention Pulse,Email,12
ENG000019,C000005,2641,Betty Spears,2026-05-08,account_page_view,Service Recovery,Portal,22
ENG000020,C000005,2641,Betty Spears,2026-05-09,unsubscribe_risk,Escalation Follow-up,Email,-10
ENG000021,C000006,1288,Evelyn Thompson,2026-05-06,campaign_open,Retention Pulse,Email,8
ENG000022,C000006,1288,Evelyn Thompson,2026-05-07,campaign_click,Retention Pulse,Email,12
ENG000023,C000006,1288,Evelyn Thompson,2026-05-08,account_page_view,Service Recovery,Portal,22
ENG000024,C000006,1288,Evelyn Thompson,2026-05-09,unsubscribe_risk,Escalation Follow-up,Email,-10
ENG000025,C000007,3710,Ashley Smith,2026-05-06,campaign_open,Retention Pulse,Email,8
ENG000026,C000007,3710,Ashley Smith,2026-05-07,campaign_click,Retention Pulse,Email,12
ENG000027,C000007,3710,Ashley Smith,2026-05-08,account_page_view,Service Recovery,Portal,22
ENG000028,C000007,3710,Ashley Smith,2026-05-09,unsubscribe_risk,Escalation Follow-up,Email,-10
ENG000029,C000008,4249,Mary Butler,2026-05-06,campaign_open,Retention Pulse,Email,8
ENG000030,C000008,4249,Mary Butler,2026-05-07,campaign_click,Retention Pulse,Email,12
ENG000031,C000008,4249,Mary Butler,2026-05-08,account_page_view,Service Recovery,Portal,22
ENG000032,C000008,4249,Mary Butler,2026-05-09,unsubscribe_risk,Escalation Follow-up,Email,-10
ENG000033,C000009,5654,Jerry Smith,2026-05-06,campaign_open,Retention Pulse,Email,8
ENG000034,C000009,5654,Jerry Smith,2026-05-07,campaign_click,Retention Pulse,Email,12
ENG000035,C000009,5654,Jerry Smith,2026-05-08,account_page_view,Service Recovery,Portal,22
ENG000036,C000009,5654,Jerry Smith,2026-05-09,unsubscribe_risk,Escalation Follow-up,Email,-10
ENG000037,C000010,5624,Mary Mata,2026-05-06,campaign_open,Retention Pulse,Email,8
ENG000038,C000010,5624,Mary Mata,2026-05-07,campaign_click,Retention Pulse,Email,12
ENG000039,C000010,5624,Mary Mata,2026-05-08,account_page_view,Service Recovery,Portal,22
ENG000040,C000010,5624,Mary Mata,2026-05-09,unsubscribe_risk,Escalation Follow-up,Email,-10
ENG000041,C000011,5715,Kelly Smith,2026-05-06,campaign_open,Retention Pulse,Email,8
ENG000042,C000011,5715,Kelly Smith,2026-05-07,campaign_click,Retention Pulse,Email,12
ENG000043,C000011,5715,Kelly Smith,2026-05-08,account_page_view,Service Recovery,Portal,22
ENG000044,C000011,5715,Kelly Smith,2026-05-09,unsubscribe_risk,Escalation Follow-up,Email,-10
ENG000045,C000012,1464,Amber Dixon,2026-05-06,campaign_open,Retention Pulse,Email,8
ENG000046,C000012,1464,Amber Dixon,2026-05-07,campaign_click,Retention Pulse,Email,12
ENG000047,C000012,1464,Amber Dixon,2026-05-08,account_page_view,Service Recovery,Portal,22
ENG000048,C000012,1464,Amber Dixon,2026-05-09,unsubscribe_risk,Escalation Follow-up,Email,-10
ENG000049,C000013,10235,Joseph Singh,2026-05-06,campaign_open,Retention Pulse,Email,8
ENG000050,C000013,10235,Joseph Singh,2026-05-07,campaign_click,Retention Pulse,Email,12
ENG000051,C000013,10235,Joseph Singh,2026-05-08,account_page_view,Service Recovery,Portal,22
ENG000052,C000013,10235,Joseph Singh,2026-05-09,unsubscribe_risk,Escalation Follow-up,Email,-10
ENG000053,C000014,664,Bobby Jimenez,2026-05-06,campaign_open,Retention Pulse,Email,8
ENG000054,C000014,664,Bobby Jimenez,2026-05-07,campaign_click,Retention Pulse,Email,12
ENG000055,C000014,664,Bobby Jimenez,2026-05-08,account_page_view,Service Recovery,Portal,22
ENG000056,C000014,664,Bobby Jimenez,2026-05-09,unsubscribe_risk,Escalation Follow-up,Email,-10
ENG000057,C000015,10351,Teresa Gray,2026-05-06,campaign_open,Retention Pulse,Email,8
ENG000058,C000015,10351,Teresa Gray,2026-05-07,campaign_click,Retention Pulse,Email,12
ENG000059,C000015,10351,Teresa Gray,2026-05-08,account_page_view,Service Recovery,Portal,22
ENG000060,C000015,10351,Teresa Gray,2026-05-09,unsubscribe_risk,Escalation Follow-up,Email,-10
ENG000061,C000016,2292,Ashley Smith,2026-05-06,campaign_open,Retention Pulse,Email,8
ENG000062,C000016,2292,Ashley Smith,2026-05-07,campaign_click,Retention Pulse,Email,12
ENG000063,C000016,2292,Ashley Smith,2026-05-08,account_page_view,Service Recovery,Portal,22
ENG000064,C000016,2292,Ashley Smith,2026-05-09,unsubscribe_risk,Escalation Follow-up,Email,-10
ENG000065,C000017,4663,Paul Smith,2026-05-06,campaign_open,Retention Pulse,Email,8
ENG000066,C000017,4663,Paul Smith,2026-05-07,campaign_click,Retention Pulse,Email,12
ENG000067,C000017,4663,Paul Smith,2026-05-08,account_page_view,Service Recovery,Portal,22
ENG000068,C000017,4663,Paul Smith,2026-05-09,unsubscribe_risk,Escalation Follow-up,Email,-10
ENG000069,C000018,3708,Judy Miller,2026-05-06,campaign_open,Retention Pulse,Email,8
ENG000070,C000018,3708,Judy Miller,2026-05-07,campaign_click,Retention Pulse,Email,12
ENG000071,C000018,3708,Judy Miller,2026-05-08,account_page_view,Service Recovery,Portal,22
ENG000072,C000018,3708,Judy Miller,2026-05-09,unsubscribe_risk,Escalation Follow-up,Email,-10
ENG000073,C000019,12284,Mary Smith,2026-05-06,campaign_open,Retention Pulse,Email,8
ENG000074,C000019,12284,Mary Smith,2026-05-07,campaign_click,Retention Pulse,Email,12
ENG000075,C000019,12284,Mary Smith,2026-05-08,account_page_view,Service Recovery,Portal,22
ENG000076,C000019,12284,Mary Smith,2026-05-09,unsubscribe_risk,Escalation Follow-up,Email,-10
ENG000077,C000020,7200,Katherine Smith,2026-05-06,campaign_open,Retention Pulse,Email,8
ENG000078,C000020,7200,Katherine Smith,2026-05-07,campaign_click,Retention Pulse,Email,12
ENG000079,C000020,7200,Katherine Smith,2026-05-08,promo_response,Reactivation,Email,18
ENG000080,C000021,5927,Christopher Cooper,2026-05-06,campaign_open,Retention Pulse,Email,8
ENG000081,C000021,5927,Christopher Cooper,2026-05-07,campaign_click,Retention Pulse,Email,12
ENG000082,C000021,5927,Christopher Cooper,2026-05-08,promo_response,Reactivation,Email,18
ENG000083,C000022,5004,Dorothy Friedman,2026-05-06,campaign_open,Retention Pulse,Email,8
ENG000084,C000022,5004,Dorothy Friedman,2026-05-07,campaign_click,Retention Pulse,Email,12
ENG000085,C000022,5004,Dorothy Friedman,2026-05-08,promo_response,Reactivation,Email,18
ENG000086,C000023,1443,Denise Cohen,2026-05-06,campaign_open,Retention Pulse,Email,8
ENG000087,C000023,1443,Denise Cohen,2026-05-07,campaign_click,Retention Pulse,Email,12
ENG000088,C000023,1443,Denise Cohen,2026-05-08,account_page_view,Service Recovery,Portal,22
ENG000089,C000023,1443,Denise Cohen,2026-05-09,unsubscribe_risk,Escalation Follow-up,Email,-10
ENG000090,C000024,6316,Kyle Smith,2026-05-06,campaign_open,Retention Pulse,Email,8
ENG000091,C000024,6316,Kyle Smith,2026-05-07,campaign_click,Retention Pulse,Email,12
ENG000092,C000024,6316,Kyle Smith,2026-05-08,account_page_view,Service Recovery,Portal,22
ENG000093,C000024,6316,Kyle Smith,2026-05-09,unsubscribe_risk,Escalation Follow-up,Email,-10
ENG000094,C000025,12431,Mary Rios,2026-05-06,campaign_open,Retention Pulse,Email,8
ENG000095,C000025,12431,Mary Rios,2026-05-07,campaign_click,Retention Pulse,Email,12
ENG000096,C000025,12431,Mary Rios,2026-05-08,account_page_view,Service Recovery,Portal,22
ENG000097,C000025,12431,Mary Rios,2026-05-09,unsubscribe_risk,Escalation Follow-up,Email,-10
ENG000098,C000026,5897,Mary Griffin,2026-05-06,campaign_open,Retention Pulse,Email,8
ENG000099,C000026,5897,Mary Griffin,2026-05-07,campaign_click,Retention Pulse,Email,12
ENG000100,C000026,5897,Mary Griffin,2026-05-08,promo_response,Reactivation,Email,18
ENG000101,C000027,2774,Sandra Smith,2026-05-06,campaign_open,Retention Pulse,Email,8
ENG000102,C000027,2774,Sandra Smith,2026-05-07,campaign_click,Retention Pulse,Email,12
ENG000103,C000027,2774,Sandra Smith,2026-05-08,promo_response,Reactivation,Email,18
ENG000104,C000028,1011,Mary Smith,2026-05-06,campaign_open,Retention Pulse,Email,8
ENG000105,C000028,1011,Mary Smith,2026-05-07,campaign_click,Retention Pulse,Email,12
ENG000106,C000028,1011,Mary Smith,2026-05-08,account_page_view,Service Recovery,Portal,22
ENG000107,C000028,1011,Mary Smith,2026-05-09,unsubscribe_risk,Escalation Follow-up,Email,-10
ENG000108,C000029,6950,Nicholas Smith,2026-05-06,campaign_open,Retention Pulse,Email,8
ENG000109,C000029,6950,Nicholas Smith,2026-05-07,campaign_click,Retention Pulse,Email,12
ENG000110,C000029,6950,Nicholas Smith,2026-05-08,promo_response,Reactivation,Email,18
ENG000111,C000030,5216,Mary Pitts,2026-05-06,campaign_open,Retention Pulse,Email,8
ENG000112,C000030,5216,Mary Pitts,2026-05-07,campaign_click,Retention Pulse,Email,12
ENG000113,C000030,5216,Mary Pitts,2026-05-08,promo_response,Reactivation,Email,18
ENG000114,C000031,9300,Mary Smith,2026-05-06,campaign_open,Retention Pulse,Email,8
ENG000115,C000031,9300,Mary Smith,2026-05-07,campaign_click,Retention Pulse,Email,12
ENG000116,C000031,9300,Mary Smith,2026-05-08,promo_response,Reactivation,Email,18
ENG000117,C000032,10591,Deborah Humphrey,2026-05-06,campaign_open,Retention Pulse,Email,8
ENG000118,C000032,10591,Deborah Humphrey,2026-05-07,campaign_click,Retention Pulse,Email,12
ENG000119,C000032,10591,Deborah Humphrey,2026-05-08,account_page_view,Service Recovery,Portal,22
ENG000120,C000032,10591,Deborah Humphrey,2026-05-09,unsubscribe_risk,Escalation Follow-up,Email,-10
ENG000121,C000033,9727,Mary Cruz,2026-05-06,campaign_open,Retention Pulse,Email,8
ENG000122,C000033,9727,Mary Cruz,2026-05-07,campaign_click,Retention Pulse,Email,12
ENG000123,C000033,9727,Mary Cruz,2026-05-08,promo_response,Reactivation,Email,18
ENG000124,C000034,9557,Mary Figueroa,2026-05-06,campaign_open,Retention Pulse,Email,8
ENG000125,C000034,9557,Mary Figueroa,2026-05-07,campaign_click,Retention Pulse,Email,12
ENG000126,C000034,9557,Mary Figueroa,2026-05-08,account_page_view,Service Recovery,Portal,22
ENG000127,C000034,9557,Mary Figueroa,2026-05-09,unsubscribe_risk,Escalation Follow-up,Email,-10
ENG000128,C000035,6375,Mary Smith,2026-05-06,campaign_open,Retention Pulse,Email,8
ENG000129,C000035,6375,Mary Smith,2026-05-07,campaign_click,Retention Pulse,Email,12
ENG000130,C000035,6375,Mary Smith,2026-05-08,account_page_view,Service Recovery,Portal,22
ENG000131,C000035,6375,Mary Smith,2026-05-09,unsubscribe_risk,Escalation Follow-up,Email,-10
ENG000132,C000036,4781,Janet Smith,2026-05-06,campaign_open,Retention Pulse,Email,8
ENG000133,C000036,4781,Janet Smith,2026-05-07,campaign_click,Retention Pulse,Email,12
ENG000134,C000036,4781,Janet Smith,2026-05-08,account_page_view,Service Recovery,Portal,22
ENG000135,C000036,4781,Janet Smith,2026-05-09,unsubscribe_risk,Escalation Follow-up,Email,-10
ENG000136,C000037,2723,Mary Brady,2026-05-06,campaign_open,Retention Pulse,Email,8
ENG000137,C000037,2723,Mary Brady,2026-05-07,campaign_click,Retention Pulse,Email,12
ENG000138,C000037,2723,Mary Brady,2026-05-08,account_page_view,Service Recovery,Portal,22
ENG000139,C000037,2723,Mary Brady,2026-05-09,unsubscribe_risk,Escalation Follow-up,Email,-10
ENG000140,C000038,11017,Rachel Prince,2026-05-06,campaign_open,Retention Pulse,Email,8
ENG000141,C000038,11017,Rachel Prince,2026-05-07,campaign_click,Retention Pulse,Email,12
ENG000142,C000038,11017,Rachel Prince,2026-05-08,account_page_view,Service Recovery,Portal,22
ENG000143,C000038,11017,Rachel Prince,2026-05-09,unsubscribe_risk,Escalation Follow-up,Email,-10
ENG000144,C000039,5146,Harry Graves,2026-05-06,campaign_open,Retention Pulse,Email,8
ENG000145,C000039,5146,Harry Graves,2026-05-07,campaign_click,Retention Pulse,Email,12
ENG000146,C000039,5146,Harry Graves,2026-05-08,promo_response,Reactivation,Email,18
ENG000147,C000040,9271,Christopher Smith,2026-05-06,campaign_open,Retention Pulse,Email,8
ENG000148,C000040,9271,Christopher Smith,2026-05-07,campaign_click,Retention Pulse,Email,12
ENG000149,C000040,9271,Christopher Smith,2026-05-08,account_page_view,Service Recovery,Portal,22
ENG000150,C000040,9271,Christopher Smith,2026-05-09,unsubscribe_risk,Escalation Follow-up,Email,-10
ENG000151,C000041,12285,Patrick Mcgee,2026-05-06,campaign_open,Retention Pulse,Email,8
ENG000152,C000041,12285,Patrick Mcgee,2026-05-07,campaign_click,Retention Pulse,Email,12
ENG000153,C000041,12285,Patrick Mcgee,2026-05-08,account_page_view,Service Recovery,Portal,22
ENG000154,C000041,12285,Patrick Mcgee,2026-05-09,unsubscribe_risk,Escalation Follow-up,Email,-10
ENG000155,C000042,8517,Debra Smith,2026-05-06,campaign_open,Retention Pulse,Email,8
ENG000156,C000042,8517,Debra Smith,2026-05-07,campaign_click,Retention Pulse,Email,12
ENG000157,C000042,8517,Debra Smith,2026-05-08,account_page_view,Service Recovery,Portal,22
ENG000158,C000042,8517,Debra Smith,2026-05-09,unsubscribe_risk,Escalation Follow-up,Email,-10
ENG000159,C000043,7218,Mary Nguyen,2026-05-06,campaign_open,Retention Pulse,Email,8
ENG000160,C000043,7218,Mary Nguyen,2026-05-07,campaign_click,Retention Pulse,Email,12
ENG000161,C000043,7218,Mary Nguyen,2026-05-08,account_page_view,Service Recovery,Portal,22
ENG000162,C000043,7218,Mary Nguyen,2026-05-09,unsubscribe_risk,Escalation Follow-up,Email,-10
ENG000163,C000044,749,Jesse Matthews,2026-05-06,campaign_open,Retention Pulse,Email,8
ENG000164,C000044,749,Jesse Matthews,2026-05-07,campaign_click,Retention Pulse,Email,12
ENG000165,C000044,749,Jesse Matthews,2026-05-08,account_page_view,Service Recovery,Portal,22
ENG000166,C000044,749,Jesse Matthews,2026-05-09,unsubscribe_risk,Escalation Follow-up,Email,-10
ENG000167,C000045,10777,Martha Smith,2026-05-06,campaign_open,Retention Pulse,Email,8
ENG000168,C000045,10777,Martha Smith,2026-05-07,campaign_click,Retention Pulse,Email,12
ENG000169,C000045,10777,Martha Smith,2026-05-08,promo_response,Reactivation,Email,18
ENG000170,C000046,1492,Gerald Patel,2026-05-06,campaign_open,Retention Pulse,Email,8
ENG000171,C000046,1492,Gerald Patel,2026-05-07,campaign_click,Retention Pulse,Email,12
ENG000172,C000046,1492,Gerald Patel,2026-05-08,account_page_view,Service Recovery,Portal,22
ENG000173,C000046,1492,Gerald Patel,2026-05-09,unsubscribe_risk,Escalation Follow-up,Email,-10
ENG000174,C000047,5691,James Brown,2026-05-06,campaign_open,Retention Pulse,Email,8
ENG000175,C000047,5691,James Brown,2026-05-07,campaign_click,Retention Pulse,Email,12
ENG000176,C000047,5691,James Brown,2026-05-08,account_page_view,Service Recovery,Portal,22
ENG000177,C000047,5691,James Brown,2026-05-09,unsubscribe_risk,Escalation Follow-up,Email,-10
ENG000178,C000048,5217,David Smith,2026-05-06,campaign_open,Retention Pulse,Email,8
ENG000179,C000048,5217,David Smith,2026-05-07,campaign_click,Retention Pulse,Email,12
ENG000180,C000048,5217,David Smith,2026-05-08,account_page_view,Service Recovery,Portal,22
ENG000181,C000048,5217,David Smith,2026-05-09,unsubscribe_risk,Escalation Follow-up,Email,-10
ENG000182,C000049,9737,Benjamin Smith,2026-05-06,campaign_open,Retention Pulse,Email,8
ENG000183,C000049,9737,Benjamin Smith,2026-05-07,campaign_click,Retention Pulse,Email,12
ENG000184,C000049,9737,Benjamin Smith,2026-05-08,promo_response,Reactivation,Email,18
ENG000185,C000050,10371,Joseph Smith,2026-05-06,campaign_open,Retention Pulse,Email,8
ENG000186,C000050,10371,Joseph Smith,2026-05-07,campaign_click,Retention Pulse,Email,12
ENG000187,C000050,10371,Joseph Smith,2026-05-08,promo_response,Reactivation,Email,18
ENG000188,C000051,341,Mary Smith,2026-05-06,campaign_open,Retention Pulse,Email,8
ENG000189,C000051,341,Mary Smith,2026-05-07,campaign_click,Retention Pulse,Email,12
ENG000190,C000051,341,Mary Smith,2026-05-08,account_page_view,Service Recovery,Portal,22
ENG000191,C000051,341,Mary Smith,2026-05-09,unsubscribe_risk,Escalation Follow-up,Email,-10
ENG000192,C000052,2484,Sarah Smith,2026-05-06,campaign_open,Retention Pulse,Email,8
ENG000193,C000052,2484,Sarah Smith,2026-05-07,campaign_click,Retention Pulse,Email,12
ENG000194,C000052,2484,Sarah Smith,2026-05-08,account_page_view,Service Recovery,Portal,22
ENG000195,C000052,2484,Sarah Smith,2026-05-09,unsubscribe_risk,Escalation Follow-up,Email,-10
ENG000196,C000053,9883,Michelle Waters,2026-05-06,campaign_open,Retention Pulse,Email,8
ENG000197,C000053,9883,Michelle Waters,2026-05-07,campaign_click,Retention Pulse,Email,12
ENG000198,C000053,9883,Michelle Waters,2026-05-08,account_page_view,Service Recovery,Portal,22
ENG000199,C000053,9883,Michelle Waters,2026-05-09,unsubscribe_risk,Escalation Follow-up,Email,-10
ENG000200,C000054,9494,Robert Gilmore,2026-05-06,campaign_open,Retention Pulse,Email,8
ENG000201,C000054,9494,Robert Gilmore,2026-05-07,campaign_click,Retention Pulse,Email,12
ENG000202,C000054,9494,Robert Gilmore,2026-05-08,account_page_view,Service Recovery,Portal,22
ENG000203,C000054,9494,Robert Gilmore,2026-05-09,unsubscribe_risk,Escalation Follow-up,Email,-10
ENG000204,C000055,5283,Jacob Guerrero,2026-05-06,campaign_open,Retention Pulse,Email,8
ENG000205,C000055,5283,Jacob Guerrero,2026-05-07,campaign_click,Retention Pulse,Email,12
ENG000206,C000055,5283,Jacob Guerrero,2026-05-08,account_page_view,Service Recovery,Portal,22
ENG000207,C000055,5283,Jacob Guerrero,2026-05-09,unsubscribe_risk,Escalation Follow-up,Email,-10
ENG000208,C000056,1695,Amanda Marquez,2026-05-06,campaign_open,Retention Pulse,Email,8
ENG000209,C000056,1695,Amanda Marquez,2026-05-07,campaign_click,Retention Pulse,Email,12
ENG000210,C000056,1695,Amanda Marquez,2026-05-08,account_page_view,Service Recovery,Portal,22
ENG000211,C000056,1695,Amanda Marquez,2026-05-09,unsubscribe_risk,Escalation Follow-up,Email,-10
ENG000212,C000057,1920,Stephanie Archer,2026-05-06,campaign_open,Retention Pulse,Email,8
ENG000213,C000057,1920,Stephanie Archer,2026-05-07,campaign_click,Retention Pulse,Email,12
ENG000214,C000057,1920,Stephanie Archer,2026-05-08,promo_response,Reactivation,Email,18
ENG000215,C000058,11065,Aaron Smith,2026-05-06,campaign_open,Retention Pulse,Email,8
ENG000216,C000058,11065,Aaron Smith,2026-05-07,campaign_click,Retention Pulse,Email,12
ENG000217,C000058,11065,Aaron Smith,2026-05-08,promo_response,Reactivation,Email,18
ENG000218,C000059,9962,Diana Smith,2026-05-06,campaign_open,Retention Pulse,Email,8
ENG000219,C000059,9962,Diana Smith,2026-05-07,campaign_click,Retention Pulse,Email,12
ENG000220,C000059,9962,Diana Smith,2026-05-08,account_page_view,Service Recovery,Portal,22
ENG000221,C000059,9962,Diana Smith,2026-05-09,unsubscribe_risk,Escalation Follow-up,Email,-10
ENG000222,C000060,5053,Mary Smith,2026-05-06,campaign_open,Retention Pulse,Email,8
ENG000223,C000060,5053,Mary Smith,2026-05-07,campaign_click,Retention Pulse,Email,12
ENG000224,C000060,5053,Mary Smith,2026-05-08,account_page_view,Service Recovery,Portal,22
ENG000225,C000060,5053,Mary Smith,2026-05-09,unsubscribe_risk,Escalation Follow-up,Email,-10
ENG000226,C000061,773,Dylan Horton,2026-05-06,campaign_open,Retention Pulse,Email,8
ENG000227,C000061,773,Dylan Horton,2026-05-07,campaign_click,Retention Pulse,Email,12
ENG000228,C000061,773,Dylan Horton,2026-05-08,account_page_view,Service Recovery,Portal,22
ENG000229,C000061,773,Dylan Horton,2026-05-09,unsubscribe_risk,Escalation Follow-up,Email,-10
ENG000230,C000062,11431,Willie Sanders,2026-05-06,campaign_open,Retention Pulse,Email,8
ENG000231,C000062,11431,Willie Sanders,2026-05-07,campaign_click,Retention Pulse,Email,12
ENG000232,C000062,11431,Willie Sanders,2026-05-08,account_page_view,Service Recovery,Portal,22
ENG000233,C000062,11431,Willie Sanders,2026-05-09,unsubscribe_risk,Escalation Follow-up,Email,-10
ENG000234,C000063,7631,Alexander Nguyen,2026-05-06,campaign_open,Retention Pulse,Email,8
ENG000235,C000063,7631,Alexander Nguyen,2026-05-07,campaign_click,Retention Pulse,Email,12
ENG000236,C000063,7631,Alexander Nguyen,2026-05-08,promo_response,Reactivation,Email,18
ENG000237,C000064,898,Cheryl Smith,2026-05-06,campaign_open,Retention Pulse,Email,8
ENG000238,C000064,898,Cheryl Smith,2026-05-07,campaign_click,Retention Pulse,Email,12
ENG000239,C000064,898,Cheryl Smith,2026-05-08,promo_response,Reactivation,Email,18
ENG000240,C000065,11888,Frank Barrett,2026-05-06,campaign_open,Retention Pulse,Email,8
ENG000241,C000065,11888,Frank Barrett,2026-05-07,campaign_click,Retention Pulse,Email,12
ENG000242,C000065,11888,Frank Barrett,2026-05-08,account_page_view,Service Recovery,Portal,22
ENG000243,C000065,11888,Frank Barrett,2026-05-09,unsubscribe_risk,Escalation Follow-up,Email,-10
ENG000244,C000066,450,Kathryn Carter,2026-05-06,campaign_open,Retention Pulse,Email,8
ENG000245,C000066,450,Kathryn Carter,2026-05-07,campaign_click,Retention Pulse,Email,12
ENG000246,C000066,450,Kathryn Carter,2026-05-08,account_page_view,Service Recovery,Portal,22
ENG000247,C000066,450,Kathryn Carter,2026-05-09,unsubscribe_risk,Escalation Follow-up,Email,-10
ENG000248,C000067,9821,Deborah Smith,2026-05-06,campaign_open,Retention Pulse,Email,8
ENG000249,C000067,9821,Deborah Smith,2026-05-07,campaign_click,Retention Pulse,Email,12
ENG000250,C000067,9821,Deborah Smith,2026-05-08,account_page_view,Service Recovery,Portal,22
ENG000251,C000067,9821,Deborah Smith,2026-05-09,unsubscribe_risk,Escalation Follow-up,Email,-10
ENG000252,C000068,5648,Joshua Smith,2026-05-06,campaign_open,Retention Pulse,Email,8
ENG000253,C000068,5648,Joshua Smith,2026-05-07,campaign_click,Retention Pulse,Email,12
ENG000254,C000068,5648,Joshua Smith,2026-05-08,account_page_view,Service Recovery,Portal,22
ENG000255,C000068,5648,Joshua Smith,2026-05-09,unsubscribe_risk,Escalation Follow-up,Email,-10
ENG000256,C000069,1577,Mary Smith,2026-05-06,campaign_open,Retention Pulse,Email,8
ENG000257,C000069,1577,Mary Smith,2026-05-07,campaign_click,Retention Pulse,Email,12
ENG000258,C000069,1577,Mary Smith,2026-05-08,account_page_view,Service Recovery,Portal,22
ENG000259,C000069,1577,Mary Smith,2026-05-09,unsubscribe_risk,Escalation Follow-up,Email,-10
ENG000260,C000070,10744,Samantha Smith,2026-05-06,campaign_open,Retention Pulse,Email,8
ENG000261,C000070,10744,Samantha Smith,2026-05-07,campaign_click,Retention Pulse,Email,12
ENG000262,C000070,10744,Samantha Smith,2026-05-08,account_page_view,Service Recovery,Portal,22
ENG000263,C000070,10744,Samantha Smith,2026-05-09,unsubscribe_risk,Escalation Follow-up,Email,-10
ENG000264,C000071,5454,Mary Smith,2026-05-06,campaign_open,Retention Pulse,Email,8
ENG000265,C000071,5454,Mary Smith,2026-05-07,campaign_click,Retention Pulse,Email,12
ENG000266,C000071,5454,Mary Smith,2026-05-08,account_page_view,Service Recovery,Portal,22
ENG000267,C000071,5454,Mary Smith,2026-05-09,unsubscribe_risk,Escalation Follow-up,Email,-10
ENG000268,C000072,6305,Mary Smith,2026-05-06,campaign_open,Retention Pulse,Email,8
ENG000269,C000072,6305,Mary Smith,2026-05-07,campaign_click,Retention Pulse,Email,12
ENG000270,C000072,6305,Mary Smith,2026-05-08,account_page_view,Service Recovery,Portal,22
ENG000271,C000072,6305,Mary Smith,2026-05-09,unsubscribe_risk,Escalation Follow-up,Email,-10
ENG000272,C000073,2444,Kenneth Smith,2026-05-06,campaign_open,Retention Pulse,Email,8
ENG000273,C000073,2444,Kenneth Smith,2026-05-07,campaign_click,Retention Pulse,Email,12
ENG000274,C000073,2444,Kenneth Smith,2026-05-08,promo_response,Reactivation,Email,18
ENG000275,C000074,11048,Randy Ball,2026-05-06,campaign_open,Retention Pulse,Email,8
ENG000276,C000074,11048,Randy Ball,2026-05-07,campaign_click,Retention Pulse,Email,12
ENG000277,C000074,11048,Randy Ball,2026-05-08,account_page_view,Service Recovery,Portal,22
ENG000278,C000074,11048,Randy Ball,2026-05-09,unsubscribe_risk,Escalation Follow-up,Email,-10
ENG000279,C000075,11768,Virginia Smith,2026-05-06,campaign_open,Retention Pulse,Email,8
ENG000280,C000075,11768,Virginia Smith,2026-05-07,campaign_click,Retention Pulse,Email,12
ENG000281,C000075,11768,Virginia Smith,2026-05-08,account_page_view,Service Recovery,Portal,22
ENG000282,C000075,11768,Virginia Smith,2026-05-09,unsubscribe_risk,Escalation Follow-up,Email,-10
ENG000283,C000076,2970,Kenneth Smith,2026-05-06,campaign_open,Retention Pulse,Email,8
ENG000284,C000076,2970,Kenneth Smith,2026-05-07,campaign_click,Retention Pulse,Email,12
ENG000285,C000076,2970,Kenneth Smith,2026-05-08,account_page_view,Service Recovery,Portal,22
ENG000286,C000076,2970,Kenneth Smith,2026-05-09,unsubscribe_risk,Escalation Follow-up,Email,-10
ENG000287,C000077,2041,Paul Garcia,2026-05-06,campaign_open,Retention Pulse,Email,8
ENG000288,C000077,2041,Paul Garcia,2026-05-07,campaign_click,Retention Pulse,Email,12
ENG000289,C000077,2041,Paul Garcia,2026-05-08,account_page_view,Service Recovery,Portal,22
ENG000290,C000077,2041,Paul Garcia,2026-05-09,unsubscribe_risk,Escalation Follow-up,Email,-10
ENG000291,C000078,468,Mary Stone,2026-05-06,campaign_open,Retention Pulse,Email,8
ENG000292,C000078,468,Mary Stone,2026-05-07,campaign_click,Retention Pulse,Email,12
ENG000293,C000078,468,Mary Stone,2026-05-08,account_page_view,Service Recovery,Portal,22
ENG000294,C000078,468,Mary Stone,2026-05-09,unsubscribe_risk,Escalation Follow-up,Email,-10
ENG000295,C000079,5293,Michelle Callahan,2026-05-06,campaign_open,Retention Pulse,Email,8
ENG000296,C000079,5293,Michelle Callahan,2026-05-07,campaign_click,Retention Pulse,Email,12
ENG000297,C000079,5293,Michelle Callahan,2026-05-08,account_page_view,Service Recovery,Portal,22
ENG000298,C000079,5293,Michelle Callahan,2026-05-09,unsubscribe_risk,Escalation Follow-up,Email,-10
ENG000299,C000080,7445,Mary Smith,2026-05-06,campaign_open,Retention Pulse,Email,8
ENG000300,C000080,7445,Mary Smith,2026-05-07,campaign_click,Retention Pulse,Email,12
ENG000301,C000080,7445,Mary Smith,2026-05-08,account_page_view,Service Recovery,Portal,22
ENG000302,C000080,7445,Mary Smith,2026-05-09,unsubscribe_risk,Escalation Follow-up,Email,-10
ENG000303,C000081,10291,Ann Smith,2026-05-06,campaign_open,Retention Pulse,Email,8
ENG000304,C000081,10291,Ann Smith,2026-05-07,campaign_click,Retention Pulse,Email,12
ENG000305,C000081,10291,Ann Smith,2026-05-08,account_page_view,Service Recovery,Portal,22
ENG000306,C000081,10291,Ann Smith,2026-05-09,unsubscribe_risk,Escalation Follow-up,Email,-10
ENG000307,C000082,10263,Katherine Bailey,2026-05-06,campaign_open,Retention Pulse,Email,8
ENG000308,C000082,10263,Katherine Bailey,2026-05-07,campaign_click,Retention Pulse,Email,12
ENG000309,C000082,10263,Katherine Bailey,2026-05-08,promo_response,Reactivation,Email,18
ENG000310,C000083,9358,Mary Smith,2026-05-06,campaign_open,Retention Pulse,Email,8
ENG000311,C000083,9358,Mary Smith,2026-05-07,campaign_click,Retention Pulse,Email,12
ENG000312,C000083,9358,Mary Smith,2026-05-08,account_page_view,Service Recovery,Portal,22
ENG000313,C000083,9358,Mary Smith,2026-05-09,unsubscribe_risk,Escalation Follow-up,Email,-10
ENG000314,C000084,6615,Mary Meadows,2026-05-06,campaign_open,Retention Pulse,Email,8
ENG000315,C000084,6615,Mary Meadows,2026-05-07,campaign_click,Retention Pulse,Email,12
ENG000316,C000084,6615,Mary Meadows,2026-05-08,account_page_view,Service Recovery,Portal,22
ENG000317,C000084,6615,Mary Meadows,2026-05-09,unsubscribe_risk,Escalation Follow-up,Email,-10
ENG000318,C000085,6341,Daniel Smith,2026-05-06,campaign_open,Retention Pulse,Email,8
ENG000319,C000085,6341,Daniel Smith,2026-05-07,campaign_click,Retention Pulse,Email,12
ENG000320,C000085,6341,Daniel Smith,2026-05-08,promo_response,Reactivation,Email,18
ENG000321,C000086,3938,Mary Smith,2026-05-06,campaign_open,Retention Pulse,Email,8
ENG000322,C000086,3938,Mary Smith,2026-05-07,campaign_click,Retention Pulse,Email,12
ENG000323,C000086,3938,Mary Smith,2026-05-08,account_page_view,Service Recovery,Portal,22
ENG000324,C000086,3938,Mary Smith,2026-05-09,unsubscribe_risk,Escalation Follow-up,Email,-10
ENG000325,C000087,3957,Thomas Smith,2026-05-06,campaign_open,Retention Pulse,Email,8
ENG000326,C000087,3957,Thomas Smith,2026-05-07,campaign_click,Retention Pulse,Email,12
ENG000327,C000087,3957,Thomas Smith,2026-05-08,account_page_view,Service Recovery,Portal,22
ENG000328,C000087,3957,Thomas Smith,2026-05-09,unsubscribe_risk,Escalation Follow-up,Email,-10
ENG000329,C000088,3420,Kenneth Price,2026-05-06,campaign_open,Retention Pulse,Email,8
ENG000330,C000088,3420,Kenneth Price,2026-05-07,campaign_click,Retention Pulse,Email,12
ENG000331,C000088,3420,Kenneth Price,2026-05-08,account_page_view,Service Recovery,Portal,22
ENG000332,C000088,3420,Kenneth Price,2026-05-09,unsubscribe_risk,Escalation Follow-up,Email,-10
ENG000333,C000089,4116,Mary Smith,2026-05-06,campaign_open,Retention Pulse,Email,8
ENG000334,C000089,4116,Mary Smith,2026-05-07,campaign_click,Retention Pulse,Email,12
ENG000335,C000089,4116,Mary Smith,2026-05-08,account_page_view,Service Recovery,Portal,22
ENG000336,C000089,4116,Mary Smith,2026-05-09,unsubscribe_risk,Escalation Follow-up,Email,-10
ENG000337,C000090,9580,Mary Robbins,2026-05-06,campaign_open,Retention Pulse,Email,8
ENG000338,C000090,9580,Mary Robbins,2026-05-07,campaign_click,Retention Pulse,Email,12
ENG000339,C000090,9580,Mary Robbins,2026-05-08,account_page_view,Service Recovery,Portal,22
ENG000340,C000090,9580,Mary Robbins,2026-05-09,unsubscribe_risk,Escalation Follow-up,Email,-10
ENG000341,C000091,5803,Rebecca Stewart,2026-05-06,campaign_open,Retention Pulse,Email,8
ENG000342,C000091,5803,Rebecca Stewart,2026-05-07,campaign_click,Retention Pulse,Email,12
ENG000343,C000091,5803,Rebecca Stewart,2026-05-08,promo_response,Reactivation,Email,18
ENG000344,C000092,7962,Justin Smith,2026-05-06,campaign_open,Retention Pulse,Email,8
ENG000345,C000092,7962,Justin Smith,2026-05-07,campaign_click,Retention Pulse,Email,12
ENG000346,C000092,7962,Justin Smith,2026-05-08,account_page_view,Service Recovery,Portal,22
ENG000347,C000092,7962,Justin Smith,2026-05-09,unsubscribe_risk,Escalation Follow-up,Email,-10
ENG000348,C000093,1540,Mary Mckee,2026-05-06,campaign_open,Retention Pulse,Email,8
ENG000349,C000093,1540,Mary Mckee,2026-05-07,campaign_click,Retention Pulse,Email,12
ENG000350,C000093,1540,Mary Mckee,2026-05-08,account_page_view,Service Recovery,Portal,22
ENG000351,C000093,1540,Mary Mckee,2026-05-09,unsubscribe_risk,Escalation Follow-up,Email,-10
ENG000352,C000094,687,Ronald Harrison,2026-05-06,campaign_open,Retention Pulse,Email,8
ENG000353,C000094,687,Ronald Harrison,2026-05-07,campaign_click,Retention Pulse,Email,12
ENG000354,C000094,687,Ronald Harrison,2026-05-08,account_page_view,Service Recovery,Portal,22
ENG000355,C000094,687,Ronald Harrison,2026-05-09,unsubscribe_risk,Escalation Follow-up,Email,-10
ENG000356,C000095,5582,Gloria Larson,2026-05-06,campaign_open,Retention Pulse,Email,8
ENG000357,C000095,5582,Gloria Larson,2026-05-07,campaign_click,Retention Pulse,Email,12
ENG000358,C000095,5582,Gloria Larson,2026-05-08,promo_response,Reactivation,Email,18
ENG000359,C000096,1780,Larry Sharp,2026-05-06,campaign_open,Retention Pulse,Email,8
ENG000360,C000096,1780,Larry Sharp,2026-05-07,campaign_click,Retention Pulse,Email,12
ENG000361,C000096,1780,Larry Sharp,2026-05-08,promo_response,Reactivation,Email,18
ENG000362,C000097,11645,Mary Ward,2026-05-06,campaign_open,Retention Pulse,Email,8
ENG000363,C000097,11645,Mary Ward,2026-05-07,campaign_click,Retention Pulse,Email,12
ENG000364,C000097,11645,Mary Ward,2026-05-08,account_page_view,Service Recovery,Portal,22
ENG000365,C000097,11645,Mary Ward,2026-05-09,unsubscribe_risk,Escalation Follow-up,Email,-10
ENG000366,C000098,7670,Anna Smith,2026-05-06,campaign_open,Retention Pulse,Email,8
ENG000367,C000098,7670,Anna Smith,2026-05-07,campaign_click,Retention Pulse,Email,12
ENG000368,C000098,7670,Anna Smith,2026-05-08,account_page_view,Service Recovery,Portal,22
ENG000369,C000098,7670,Anna Smith,2026-05-09,unsubscribe_risk,Escalation Follow-up,Email,-10
ENG000370,C000099,2851,Mary Huffman,2026-05-06,campaign_open,Retention Pulse,Email,8
ENG000371,C000099,2851,Mary Huffman,2026-05-07,campaign_click,Retention Pulse,Email,12
ENG000372,C000099,2851,Mary Huffman,2026-05-08,account_page_view,Service Recovery,Portal,22
ENG000373,C000099,2851,Mary Huffman,2026-05-09,unsubscribe_risk,Escalation Follow-up,Email,-10
ENG000374,C000100,11378,Mary Foster,2026-05-06,campaign_open,Retention Pulse,Email,8
ENG000375,C000100,11378,Mary Foster,2026-05-07,campaign_click,Retention Pulse,Email,12
ENG000376,C000100,11378,Mary Foster,2026-05-08,account_page_view,Service Recovery,Portal,22
ENG000377,C000100,11378,Mary Foster,2026-05-09,unsubscribe_risk,Escalation Follow-up,Email,-10
ENG000378,C000101,12226,Nicholas Smith,2026-05-06,campaign_open,Retention Pulse,Email,8
ENG000379,C000101,12226,Nicholas Smith,2026-05-07,campaign_click,Retention Pulse,Email,12
ENG000380,C000101,12226,Nicholas Smith,2026-05-08,account_page_view,Service Recovery,Portal,22
ENG000381,C000101,12226,Nicholas Smith,2026-05-09,unsubscribe_risk,Escalation Follow-up,Email,-10
ENG000382,C000102,11344,Mary Sparks,2026-05-06,campaign_open,Retention Pulse,Email,8
ENG000383,C000102,11344,Mary Sparks,2026-05-07,campaign_click,Retention Pulse,Email,12
ENG000384,C000102,11344,Mary Sparks,2026-05-08,account_page_view,Service Recovery,Portal,22
ENG000385,C000102,11344,Mary Sparks,2026-05-09,unsubscribe_risk,Escalation Follow-up,Email,-10
ENG000386,C000103,9337,Mary Smith,2026-05-06,campaign_open,Retention Pulse,Email,8
ENG000387,C000103,9337,Mary Smith,2026-05-07,campaign_click,Retention Pulse,Email,12
ENG000388,C000103,9337,Mary Smith,2026-05-08,account_page_view,Service Recovery,Portal,22
ENG000389,C000103,9337,Mary Smith,2026-05-09,unsubscribe_risk,Escalation Follow-up,Email,-10
ENG000390,C000104,11654,Michelle Acosta,2026-05-06,campaign_open,Retention Pulse,Email,8
ENG000391,C000104,11654,Michelle Acosta,2026-05-07,campaign_click,Retention Pulse,Email,12
ENG000392,C000104,11654,Michelle Acosta,2026-05-08,account_page_view,Service Recovery,Portal,22
ENG000393,C000104,11654,Michelle Acosta,2026-05-09,unsubscribe_risk,Escalation Follow-up,Email,-10
ENG000394,C000105,6285,Mary Garcia,2026-05-06,campaign_open,Retention Pulse,Email,8
ENG000395,C000105,6285,Mary Garcia,2026-05-07,campaign_click,Retention Pulse,Email,12
ENG000396,C000105,6285,Mary Garcia,2026-05-08,account_page_view,Service Recovery,Portal,22
ENG000397,C000105,6285,Mary Garcia,2026-05-09,unsubscribe_risk,Escalation Follow-up,Email,-10
ENG000398,C000106,467,James Smith,2026-05-06,campaign_open,Retention Pulse,Email,8
ENG000399,C000106,467,James Smith,2026-05-07,campaign_click,Retention Pulse,Email,12
ENG000400,C000106,467,James Smith,2026-05-08,account_page_view,Service Recovery,Portal,22
ENG000401,C000106,467,James Smith,2026-05-09,unsubscribe_risk,Escalation Follow-up,Email,-10
ENG000402,C000107,9490,Mary Glass,2026-05-06,campaign_open,Retention Pulse,Email,8
ENG000403,C000107,9490,Mary Glass,2026-05-07,campaign_click,Retention Pulse,Email,12
ENG000404,C000107,9490,Mary Glass,2026-05-08,account_page_view,Service Recovery,Portal,22
ENG000405,C000107,9490,Mary Glass,2026-05-09,unsubscribe_risk,Escalation Follow-up,Email,-10
ENG000406,C000108,7417,Mary Soto,2026-05-06,campaign_open,Retention Pulse,Email,8
ENG000407,C000108,7417,Mary Soto,2026-05-07,campaign_click,Retention Pulse,Email,12
ENG000408,C000108,7417,Mary Soto,2026-05-08,account_page_view,Service Recovery,Portal,22
ENG000409,C000108,7417,Mary Soto,2026-05-09,unsubscribe_risk,Escalation Follow-up,Email,-10
ENG000410,C000109,4812,Nathan Fritz,2026-05-06,campaign_open,Retention Pulse,Email,8
ENG000411,C000109,4812,Nathan Fritz,2026-05-07,campaign_click,Retention Pulse,Email,12
ENG000412,C000109,4812,Nathan Fritz,2026-05-08,account_page_view,Service Recovery,Portal,22
ENG000413,C000109,4812,Nathan Fritz,2026-05-09,unsubscribe_risk,Escalation Follow-up,Email,-10
ENG000414,C000110,9697,Stephen Williams,2026-05-06,campaign_open,Retention Pulse,Email,8
ENG000415,C000110,9697,Stephen Williams,2026-05-07,campaign_click,Retention Pulse,Email,12
ENG000416,C000110,9697,Stephen Williams,2026-05-08,account_page_view,Service Recovery,Portal,22
ENG000417,C000110,9697,Stephen Williams,2026-05-09,unsubscribe_risk,Escalation Follow-up,Email,-10
ENG000418,C000111,5828,Katherine Oconnell,2026-05-06,campaign_open,Retention Pulse,Email,8
ENG000419,C000111,5828,Katherine Oconnell,2026-05-07,campaign_click,Retention Pulse,Email,12
ENG000420,C000111,5828,Katherine Oconnell,2026-05-08,account_page_view,Service Recovery,Portal,22
ENG000421,C000111,5828,Katherine Oconnell,2026-05-09,unsubscribe_risk,Escalation Follow-up,Email,-10
ENG000422,C000112,6050,Rebecca Arnold,2026-05-06,campaign_open,Retention Pulse,Email,8
ENG000423,C000112,6050,Rebecca Arnold,2026-05-07,campaign_click,Retention Pulse,Email,12
ENG000424,C000112,6050,Rebecca Arnold,2026-05-08,account_page_view,Service Recovery,Portal,22
ENG000425,C000112,6050,Rebecca Arnold,2026-05-09,unsubscribe_risk,Escalation Follow-up,Email,-10
ENG000426,C000113,7954,Danielle Smith,2026-05-06,campaign_open,Retention Pulse,Email,8
ENG000427,C000113,7954,Danielle Smith,2026-05-07,campaign_click,Retention Pulse,Email,12
ENG000428,C000113,7954,Danielle Smith,2026-05-08,account_page_view,Service Recovery,Portal,22
ENG000429,C000113,7954,Danielle Smith,2026-05-09,unsubscribe_risk,Escalation Follow-up,Email,-10
ENG000430,C000114,3979,Mary Wagner,2026-05-06,campaign_open,Retention Pulse,Email,8
ENG000431,C000114,3979,Mary Wagner,2026-05-07,campaign_click,Retention Pulse,Email,12
ENG000432,C000114,3979,Mary Wagner,2026-05-08,account_page_view,Service Recovery,Portal,22
ENG000433,C000114,3979,Mary Wagner,2026-05-09,unsubscribe_risk,Escalation Follow-up,Email,-10
ENG000434,C000115,11656,Mary Wyatt,2026-05-06,campaign_open,Retention Pulse,Email,8
ENG000435,C000115,11656,Mary Wyatt,2026-05-07,campaign_click,Retention Pulse,Email,12
ENG000436,C000115,11656,Mary Wyatt,2026-05-08,promo_response,Reactivation,Email,18
ENG000437,C000116,2813,Mary Smith,2026-05-06,campaign_open,Retention Pulse,Email,8
ENG000438,C000116,2813,Mary Smith,2026-05-07,campaign_click,Retention Pulse,Email,12
ENG000439,C000116,2813,Mary Smith,2026-05-08,account_page_view,Service Recovery,Portal,22
ENG000440,C000116,2813,Mary Smith,2026-05-09,unsubscribe_risk,Escalation Follow-up,Email,-10
ENG000441,C000117,6696,Mary Spencer,2026-05-06,campaign_open,Retention Pulse,Email,8
ENG000442,C000117,6696,Mary Spencer,2026-05-07,campaign_click,Retention Pulse,Email,12
ENG000443,C000117,6696,Mary Spencer,2026-05-08,account_page_view,Service Recovery,Portal,22
ENG000444,C000117,6696,Mary Spencer,2026-05-09,unsubscribe_risk,Escalation Follow-up,Email,-10
ENG000445,C000118,12180,Mary Allen,2026-05-06,campaign_open,Retention Pulse,Email,8
ENG000446,C000118,12180,Mary Allen,2026-05-07,campaign_click,Retention Pulse,Email,12
ENG000447,C000118,12180,Mary Allen,2026-05-08,promo_response,Reactivation,Email,18
ENG000448,C000119,8015,Mary Blackburn,2026-05-06,campaign_open,Retention Pulse,Email,8
ENG000449,C000119,8015,Mary Blackburn,2026-05-07,campaign_click,Retention Pulse,Email,12
ENG000450,C000119,8015,Mary Blackburn,2026-05-08,account_page_view,Service Recovery,Portal,22
ENG000451,C000119,8015,Mary Blackburn,2026-05-09,unsubscribe_risk,Escalation Follow-up,Email,-10
ENG000452,C000120,3369,Joseph Clark,2026-05-06,campaign_open,Retention Pulse,Email,8
ENG000453,C000120,3369,Joseph Clark,2026-05-07,campaign_click,Retention Pulse,Email,12
ENG000454,C000120,3369,Joseph Clark,2026-05-08,promo_response,Reactivation,Email,18
ENG000455,C000121,3554,Michael Smith,2026-05-06,campaign_open,Retention Pulse,Email,8
ENG000456,C000121,3554,Michael Smith,2026-05-07,campaign_click,Retention Pulse,Email,12
ENG000457,C000121,3554,Michael Smith,2026-05-08,account_page_view,Service Recovery,Portal,22
ENG000458,C000121,3554,Michael Smith,2026-05-09,unsubscribe_risk,Escalation Follow-up,Email,-10
ENG000459,C000122,8314,Angela Walsh,2026-05-06,campaign_open,Retention Pulse,Email,8
ENG000460,C000122,8314,Angela Walsh,2026-05-07,campaign_click,Retention Pulse,Email,12
ENG000461,C000122,8314,Angela Walsh,2026-05-08,account_page_view,Service Recovery,Portal,22
ENG000462,C000122,8314,Angela Walsh,2026-05-09,unsubscribe_risk,Escalation Follow-up,Email,-10
ENG000463,C000123,154,Emily May,2026-05-06,campaign_open,Retention Pulse,Email,8
ENG000464,C000123,154,Emily May,2026-05-07,campaign_click,Retention Pulse,Email,12
ENG000465,C000123,154,Emily May,2026-05-08,account_page_view,Service Recovery,Portal,22
ENG000466,C000123,154,Emily May,2026-05-09,unsubscribe_risk,Escalation Follow-up,Email,-10
ENG000467,C000124,10549,Mary Atkinson,2026-05-06,campaign_open,Retention Pulse,Email,8
ENG000468,C000124,10549,Mary Atkinson,2026-05-07,campaign_click,Retention Pulse,Email,12
ENG000469,C000124,10549,Mary Atkinson,2026-05-08,account_page_view,Service Recovery,Portal,22
ENG000470,C000124,10549,Mary Atkinson,2026-05-09,unsubscribe_risk,Escalation Follow-up,Email,-10
ENG000471,C000125,3879,Melissa Davis,2026-05-06,campaign_open,Retention Pulse,Email,8
ENG000472,C000125,3879,Melissa Davis,2026-05-07,campaign_click,Retention Pulse,Email,12
ENG000473,C000125,3879,Melissa Davis,2026-05-08,account_page_view,Service Recovery,Portal,22
ENG000474,C000125,3879,Melissa Davis,2026-05-09,unsubscribe_risk,Escalation Follow-up,Email,-10
ENG000475,C000126,8018,Ruth Shepherd,2026-05-06,campaign_open,Retention Pulse,Email,8
ENG000476,C000126,8018,Ruth Shepherd,2026-05-07,campaign_click,Retention Pulse,Email,12
ENG000477,C000126,8018,Ruth Shepherd,2026-05-08,promo_response,Reactivation,Email,18
ENG000478,C000127,4022,Mary Harding,2026-05-06,campaign_open,Retention Pulse,Email,8
ENG000479,C000127,4022,Mary Harding,2026-05-07,campaign_click,Retention Pulse,Email,12
ENG000480,C000127,4022,Mary Harding,2026-05-08,account_page_view,Service Recovery,Portal,22
ENG000481,C000127,4022,Mary Harding,2026-05-09,unsubscribe_risk,Escalation Follow-up,Email,-10
ENG000482,C000128,9743,David Smith,2026-05-06,campaign_open,Retention Pulse,Email,8
ENG000483,C000128,9743,David Smith,2026-05-07,campaign_click,Retention Pulse,Email,12
ENG000484,C000128,9743,David Smith,2026-05-08,account_page_view,Service Recovery,Portal,22
ENG000485,C000128,9743,David Smith,2026-05-09,unsubscribe_risk,Escalation Follow-up,Email,-10
ENG000486,C000129,3199,Ashley Hernandez,2026-05-06,campaign_open,Retention Pulse,Email,8
ENG000487,C000129,3199,Ashley Hernandez,2026-05-07,campaign_click,Retention Pulse,Email,12
ENG000488,C000129,3199,Ashley Hernandez,2026-05-08,account_page_view,Service Recovery,Portal,22
ENG000489,C000129,3199,Ashley Hernandez,2026-05-09,unsubscribe_risk,Escalation Follow-up,Email,-10
ENG000490,C000130,12039,Mary Wilson,2026-05-06,campaign_open,Retention Pulse,Email,8
ENG000491,C000130,12039,Mary Wilson,2026-05-07,campaign_click,Retention Pulse,Email,12
ENG000492,C000130,12039,Mary Wilson,2026-05-08,account_page_view,Service Recovery,Portal,22
ENG000493,C000130,12039,Mary Wilson,2026-05-09,unsubscribe_risk,Escalation Follow-up,Email,-10
ENG000494,C000131,2074,Mary Gross,2026-05-06,campaign_open,Retention Pulse,Email,8
ENG000495,C000131,2074,Mary Gross,2026-05-07,campaign_click,Retention Pulse,Email,12
ENG000496,C000131,2074,Mary Gross,2026-05-08,account_page_view,Service Recovery,Portal,22
ENG000497,C000131,2074,Mary Gross,2026-05-09,unsubscribe_risk,Escalation Follow-up,Email,-10
ENG000498,C000132,11426,Mary Smith,2026-05-06,campaign_open,Retention Pulse,Email,8
ENG000499,C000132,11426,Mary Smith,2026-05-07,campaign_click,Retention Pulse,Email,12
ENG000500,C000132,11426,Mary Smith,2026-05-08,account_page_view,Service Recovery,Portal,22
ENG000501,C000132,11426,Mary Smith,2026-05-09,unsubscribe_risk,Escalation Follow-up,Email,-10
ENG000502,C000133,11983,Mary Bell,2026-05-06,campaign_open,Retention Pulse,Email,8
ENG000503,C000133,11983,Mary Bell,2026-05-07,campaign_click,Retention Pulse,Email,12
ENG000504,C000133,11983,Mary Bell,2026-05-08,account_page_view,Service Recovery,Portal,22
ENG000505,C000133,11983,Mary Bell,2026-05-09,unsubscribe_risk,Escalation Follow-up,Email,-10
ENG000506,C000134,10175,Michael Gibson,2026-05-06,campaign_open,Retention Pulse,Email,8
ENG000507,C000134,10175,Michael Gibson,2026-05-07,campaign_click,Retention Pulse,Email,12
ENG000508,C000134,10175,Michael Gibson,2026-05-08,promo_response,Reactivation,Email,18
ENG000509,C000135,6049,Patricia Smith,2026-05-06,campaign_open,Retention Pulse,Email,8
ENG000510,C000135,6049,Patricia Smith,2026-05-07,campaign_click,Retention Pulse,Email,12
ENG000511,C000135,6049,Patricia Smith,2026-05-08,promo_response,Reactivation,Email,18
ENG000512,C000136,8170,Rachel Smith,2026-05-06,campaign_open,Retention Pulse,Email,8
ENG000513,C000136,8170,Rachel Smith,2026-05-07,campaign_click,Retention Pulse,Email,12
ENG000514,C000136,8170,Rachel Smith,2026-05-08,account_page_view,Service Recovery,Portal,22
ENG000515,C000136,8170,Rachel Smith,2026-05-09,unsubscribe_risk,Escalation Follow-up,Email,-10
ENG000516,C000137,5168,Mary Smith,2026-05-06,campaign_open,Retention Pulse,Email,8
ENG000517,C000137,5168,Mary Smith,2026-05-07,campaign_click,Retention Pulse,Email,12
ENG000518,C000137,5168,Mary Smith,2026-05-08,account_page_view,Service Recovery,Portal,22
ENG000519,C000137,5168,Mary Smith,2026-05-09,unsubscribe_risk,Escalation Follow-up,Email,-10
ENG000520,C000138,8964,Mary Berger,2026-05-06,campaign_open,Retention Pulse,Email,8
ENG000521,C000138,8964,Mary Berger,2026-05-07,campaign_click,Retention Pulse,Email,12
ENG000522,C000138,8964,Mary Berger,2026-05-08,account_page_view,Service Recovery,Portal,22
ENG000523,C000138,8964,Mary Berger,2026-05-09,unsubscribe_risk,Escalation Follow-up,Email,-10
ENG000524,C000139,2224,Ann Mercado,2026-05-06,campaign_open,Retention Pulse,Email,8
ENG000525,C000139,2224,Ann Mercado,2026-05-07,campaign_click,Retention Pulse,Email,12
ENG000526,C000139,2224,Ann Mercado,2026-05-08,account_page_view,Service Recovery,Portal,22
ENG000527,C000139,2224,Ann Mercado,2026-05-09,unsubscribe_risk,Escalation Follow-up,Email,-10
ENG000528,C000140,5001,Ann Waller,2026-05-06,campaign_open,Retention Pulse,Email,8
ENG000529,C000140,5001,Ann Waller,2026-05-07,campaign_click,Retention Pulse,Email,12
ENG000530,C000140,5001,Ann Waller,2026-05-08,promo_response,Reactivation,Email,18
ENG000531,C000141,2595,Amy Smith,2026-05-06,campaign_open,Retention Pulse,Email,8
ENG000532,C000141,2595,Amy Smith,2026-05-07,campaign_click,Retention Pulse,Email,12
ENG000533,C000141,2595,Amy Smith,2026-05-08,promo_response,Reactivation,Email,18
ENG000534,C000142,3550,Mary Garner,2026-05-06,campaign_open,Retention Pulse,Email,8
ENG000535,C000142,3550,Mary Garner,2026-05-07,campaign_click,Retention Pulse,Email,12
ENG000536,C000142,3550,Mary Garner,2026-05-08,account_page_view,Service Recovery,Portal,22
ENG000537,C000142,3550,Mary Garner,2026-05-09,unsubscribe_risk,Escalation Follow-up,Email,-10
ENG000538,C000143,7892,Michael Hayes,2026-05-06,campaign_open,Retention Pulse,Email,8
ENG000539,C000143,7892,Michael Hayes,2026-05-07,campaign_click,Retention Pulse,Email,12
ENG000540,C000143,7892,Michael Hayes,2026-05-08,account_page_view,Service Recovery,Portal,22
ENG000541,C000143,7892,Michael Hayes,2026-05-09,unsubscribe_risk,Escalation Follow-up,Email,-10
ENG000542,C000144,7358,Michael Simpson,2026-05-06,campaign_open,Retention Pulse,Email,8
ENG000543,C000144,7358,Michael Simpson,2026-05-07,campaign_click,Retention Pulse,Email,12
ENG000544,C000144,7358,Michael Simpson,2026-05-08,account_page_view,Service Recovery,Portal,22
ENG000545,C000144,7358,Michael Simpson,2026-05-09,unsubscribe_risk,Escalation Follow-up,Email,-10
ENG000546,C000145,437,Cynthia Benjamin,2026-05-06,campaign_open,Retention Pulse,Email,8
ENG000547,C000145,437,Cynthia Benjamin,2026-05-07,campaign_click,Retention Pulse,Email,12
ENG000548,C000145,437,Cynthia Benjamin,2026-05-08,account_page_view,Service Recovery,Portal,22
ENG000549,C000145,437,Cynthia Benjamin,2026-05-09,unsubscribe_risk,Escalation Follow-up,Email,-10
ENG000550,C000146,2740,Robert Williams,2026-05-06,campaign_open,Retention Pulse,Email,8
ENG000551,C000146,2740,Robert Williams,2026-05-07,campaign_click,Retention Pulse,Email,12
ENG000552,C000146,2740,Robert Williams,2026-05-08,promo_response,Reactivation,Email,18
ENG000553,C000147,10829,Anthony Smith,2026-05-06,campaign_open,Retention Pulse,Email,8
ENG000554,C000147,10829,Anthony Smith,2026-05-07,campaign_click,Retention Pulse,Email,12
ENG000555,C000147,10829,Anthony Smith,2026-05-08,promo_response,Reactivation,Email,18
ENG000556,C000148,1012,Mark Watts,2026-05-06,campaign_open,Retention Pulse,Email,8
ENG000557,C000148,1012,Mark Watts,2026-05-07,campaign_click,Retention Pulse,Email,12
ENG000558,C000148,1012,Mark Watts,2026-05-08,account_page_view,Service Recovery,Portal,22
ENG000559,C000148,1012,Mark Watts,2026-05-09,unsubscribe_risk,Escalation Follow-up,Email,-10
ENG000560,C000149,5563,Paul Trevino,2026-05-06,campaign_open,Retention Pulse,Email,8
ENG000561,C000149,5563,Paul Trevino,2026-05-07,campaign_click,Retention Pulse,Email,12
ENG000562,C000149,5563,Paul Trevino,2026-05-08,promo_response,Reactivation,Email,18
ENG000563,C000150,5173,Mary Smith,2026-05-06,campaign_open,Retention Pulse,Email,8
ENG000564,C000150,5173,Mary Smith,2026-05-07,campaign_click,Retention Pulse,Email,12
ENG000565,C000150,5173,Mary Smith,2026-05-08,account_page_view,Service Recovery,Portal,22
ENG000566,C000150,5173,Mary Smith,2026-05-09,unsubscribe_risk,Escalation Follow-up,Email,-10
ENG000567,C000151,4491,Mary Banks,2026-05-06,campaign_open,Retention Pulse,Email,8
ENG000568,C000151,4491,Mary Banks,2026-05-07,campaign_click,Retention Pulse,Email,12
ENG000569,C000151,4491,Mary Banks,2026-05-08,account_page_view,Service Recovery,Portal,22
ENG000570,C000151,4491,Mary Banks,2026-05-09,unsubscribe_risk,Escalation Follow-up,Email,-10
ENG000571,C000152,2113,David Smith,2026-05-06,campaign_open,Retention Pulse,Email,8
ENG000572,C000152,2113,David Smith,2026-05-07,campaign_click,Retention Pulse,Email,12
ENG000573,C000152,2113,David Smith,2026-05-08,account_page_view,Service Recovery,Portal,22
ENG000574,C000152,2113,David Smith,2026-05-09,unsubscribe_risk,Escalation Follow-up,Email,-10
ENG000575,C000153,5371,Emma Robinson,2026-05-06,campaign_open,Retention Pulse,Email,8
ENG000576,C000153,5371,Emma Robinson,2026-05-07,campaign_click,Retention Pulse,Email,12
ENG000577,C000153,5371,Emma Robinson,2026-05-08,account_page_view,Service Recovery,Portal,22
ENG000578,C000153,5371,Emma Robinson,2026-05-09,unsubscribe_risk,Escalation Follow-up,Email,-10
ENG000579,C000154,1588,Mary Smith,2026-05-06,campaign_open,Retention Pulse,Email,8
ENG000580,C000154,1588,Mary Smith,2026-05-07,campaign_click,Retention Pulse,Email,12
ENG000581,C000154,1588,Mary Smith,2026-05-08,account_page_view,Service Recovery,Portal,22
ENG000582,C000154,1588,Mary Smith,2026-05-09,unsubscribe_risk,Escalation Follow-up,Email,-10
ENG000583,C000155,9515,Victoria Smith,2026-05-06,campaign_open,Retention Pulse,Email,8
ENG000584,C000155,9515,Victoria Smith,2026-05-07,campaign_click,Retention Pulse,Email,12
ENG000585,C000155,9515,Victoria Smith,2026-05-08,account_page_view,Service Recovery,Portal,22
ENG000586,C000155,9515,Victoria Smith,2026-05-09,unsubscribe_risk,Escalation Follow-up,Email,-10
ENG000587,C000156,482,Megan Moreno,2026-05-06,campaign_open,Retention Pulse,Email,8
ENG000588,C000156,482,Megan Moreno,2026-05-07,campaign_click,Retention Pulse,Email,12
ENG000589,C000156,482,Megan Moreno,2026-05-08,account_page_view,Service Recovery,Portal,22
ENG000590,C000156,482,Megan Moreno,2026-05-09,unsubscribe_risk,Escalation Follow-up,Email,-10
ENG000591,C000157,11503,Juan Curry,2026-05-06,campaign_open,Retention Pulse,Email,8
ENG000592,C000157,11503,Juan Curry,2026-05-07,campaign_click,Retention Pulse,Email,12
ENG000593,C000157,11503,Juan Curry,2026-05-08,promo_response,Reactivation,Email,18
ENG000594,C000158,6812,Sharon Smith,2026-05-06,campaign_open,Retention Pulse,Email,8
ENG000595,C000158,6812,Sharon Smith,2026-05-07,campaign_click,Retention Pulse,Email,12
ENG000596,C000158,6812,Sharon Smith,2026-05-08,account_page_view,Service Recovery,Portal,22
ENG000597,C000158,6812,Sharon Smith,2026-05-09,unsubscribe_risk,Escalation Follow-up,Email,-10
ENG000598,C000159,5493,Mary Cochran,2026-05-06,campaign_open,Retention Pulse,Email,8
ENG000599,C000159,5493,Mary Cochran,2026-05-07,campaign_click,Retention Pulse,Email,12
ENG000600,C000159,5493,Mary Cochran,2026-05-08,account_page_view,Service Recovery,Portal,22
ENG000601,C000159,5493,Mary Cochran,2026-05-09,unsubscribe_risk,Escalation Follow-up,Email,-10
ENG000602,C000160,5072,Jacob Smith,2026-05-06,campaign_open,Retention Pulse,Email,8
ENG000603,C000160,5072,Jacob Smith,2026-05-07,campaign_click,Retention Pulse,Email,12
ENG000604,C000160,5072,Jacob Smith,2026-05-08,account_page_view,Service Recovery,Portal,22
ENG000605,C000160,5072,Jacob Smith,2026-05-09,unsubscribe_risk,Escalation Follow-up,Email,-10
ENG000606,C000161,12420,Nathan Adams,2026-05-06,campaign_open,Retention Pulse,Email,8
ENG000607,C000161,12420,Nathan Adams,2026-05-07,campaign_click,Retention Pulse,Email,12
ENG000608,C000161,12420,Nathan Adams,2026-05-08,promo_response,Reactivation,Email,18
ENG000609,C000162,3889,Mary Smith,2026-05-06,campaign_open,Retention Pulse,Email,8
ENG000610,C000162,3889,Mary Smith,2026-05-07,campaign_click,Retention Pulse,Email,12
ENG000611,C000162,3889,Mary Smith,2026-05-08,account_page_view,Service Recovery,Portal,22
ENG000612,C000162,3889,Mary Smith,2026-05-09,unsubscribe_risk,Escalation Follow-up,Email,-10
ENG000613,C000163,230,Kimberly Smith,2026-05-06,campaign_open,Retention Pulse,Email,8
ENG000614,C000163,230,Kimberly Smith,2026-05-07,campaign_click,Retention Pulse,Email,12
ENG000615,C000163,230,Kimberly Smith,2026-05-08,account_page_view,Service Recovery,Portal,22
ENG000616,C000163,230,Kimberly Smith,2026-05-09,unsubscribe_risk,Escalation Follow-up,Email,-10
ENG000617,C000164,1025,Megan Todd,2026-05-06,campaign_open,Retention Pulse,Email,8
ENG000618,C000164,1025,Megan Todd,2026-05-07,campaign_click,Retention Pulse,Email,12
ENG000619,C000164,1025,Megan Todd,2026-05-08,account_page_view,Service Recovery,Portal,22
ENG000620,C000164,1025,Megan Todd,2026-05-09,unsubscribe_risk,Escalation Follow-up,Email,-10
ENG000621,C000165,4539,Jacqueline James,2026-05-06,campaign_open,Retention Pulse,Email,8
ENG000622,C000165,4539,Jacqueline James,2026-05-07,campaign_click,Retention Pulse,Email,12
ENG000623,C000165,4539,Jacqueline James,2026-05-08,account_page_view,Service Recovery,Portal,22
ENG000624,C000165,4539,Jacqueline James,2026-05-09,unsubscribe_risk,Escalation Follow-up,Email,-10
ENG000625,C000166,8820,Jessica Smith,2026-05-06,campaign_open,Retention Pulse,Email,8
ENG000626,C000166,8820,Jessica Smith,2026-05-07,campaign_click,Retention Pulse,Email,12
ENG000627,C000166,8820,Jessica Smith,2026-05-08,account_page_view,Service Recovery,Portal,22
ENG000628,C000166,8820,Jessica Smith,2026-05-09,unsubscribe_risk,Escalation Follow-up,Email,-10
ENG000629,C000167,9897,Marilyn Smith,2026-05-06,campaign_open,Retention Pulse,Email,8
ENG000630,C000167,9897,Marilyn Smith,2026-05-07,campaign_click,Retention Pulse,Email,12
ENG000631,C000167,9897,Marilyn Smith,2026-05-08,promo_response,Reactivation,Email,18
ENG000632,C000168,5867,Beverly Jackson,2026-05-06,campaign_open,Retention Pulse,Email,8
ENG000633,C000168,5867,Beverly Jackson,2026-05-07,campaign_click,Retention Pulse,Email,12
ENG000634,C000168,5867,Beverly Jackson,2026-05-08,account_page_view,Service Recovery,Portal,22
ENG000635,C000168,5867,Beverly Jackson,2026-05-09,unsubscribe_risk,Escalation Follow-up,Email,-10
ENG000636,C000169,9073,Thomas Skinner,2026-05-06,campaign_open,Retention Pulse,Email,8
ENG000637,C000169,9073,Thomas Skinner,2026-05-07,campaign_click,Retention Pulse,Email,12
ENG000638,C000169,9073,Thomas Skinner,2026-05-08,account_page_view,Service Recovery,Portal,22
ENG000639,C000169,9073,Thomas Skinner,2026-05-09,unsubscribe_risk,Escalation Follow-up,Email,-10
ENG000640,C000170,6303,Mary Smith,2026-05-06,campaign_open,Retention Pulse,Email,8
ENG000641,C000170,6303,Mary Smith,2026-05-07,campaign_click,Retention Pulse,Email,12
ENG000642,C000170,6303,Mary Smith,2026-05-08,account_page_view,Service Recovery,Portal,22
ENG000643,C000170,6303,Mary Smith,2026-05-09,unsubscribe_risk,Escalation Follow-up,Email,-10
ENG000644,C000171,58,Michael Edwards,2026-05-06,campaign_open,Retention Pulse,Email,8
ENG000645,C000171,58,Michael Edwards,2026-05-07,campaign_click,Retention Pulse,Email,12
ENG000646,C000171,58,Michael Edwards,2026-05-08,account_page_view,Service Recovery,Portal,22
ENG000647,C000171,58,Michael Edwards,2026-05-09,unsubscribe_risk,Escalation Follow-up,Email,-10
ENG000648,C000172,7139,Mary Smith,2026-05-06,campaign_open,Retention Pulse,Email,8
ENG000649,C000172,7139,Mary Smith,2026-05-07,campaign_click,Retention Pulse,Email,12
ENG000650,C000172,7139,Mary Smith,2026-05-08,promo_response,Reactivation,Email,18
ENG000651,C000173,1599,Andrew Smith,2026-05-06,campaign_open,Retention Pulse,Email,8
ENG000652,C000173,1599,Andrew Smith,2026-05-07,campaign_click,Retention Pulse,Email,12
ENG000653,C000173,1599,Andrew Smith,2026-05-08,account_page_view,Service Recovery,Portal,22
ENG000654,C000173,1599,Andrew Smith,2026-05-09,unsubscribe_risk,Escalation Follow-up,Email,-10
ENG000655,C000174,9368,Mary Cabrera,2026-05-06,campaign_open,Retention Pulse,Email,8
ENG000656,C000174,9368,Mary Cabrera,2026-05-07,campaign_click,Retention Pulse,Email,12
ENG000657,C000174,9368,Mary Cabrera,2026-05-08,account_page_view,Service Recovery,Portal,22
ENG000658,C000174,9368,Mary Cabrera,2026-05-09,unsubscribe_risk,Escalation Follow-up,Email,-10
ENG000659,C000175,6977,Mary Short,2026-05-06,campaign_open,Retention Pulse,Email,8
ENG000660,C000175,6977,Mary Short,2026-05-07,campaign_click,Retention Pulse,Email,12
ENG000661,C000175,6977,Mary Short,2026-05-08,promo_response,Reactivation,Email,18
ENG000662,C000176,4627,Eric Lang,2026-05-06,campaign_open,Retention Pulse,Email,8
ENG000663,C000176,4627,Eric Lang,2026-05-07,campaign_click,Retention Pulse,Email,12
ENG000664,C000176,4627,Eric Lang,2026-05-08,account_page_view,Service Recovery,Portal,22
ENG000665,C000176,4627,Eric Lang,2026-05-09,unsubscribe_risk,Escalation Follow-up,Email,-10
ENG000666,C000177,3259,Mary Gallegos,2026-05-06,campaign_open,Retention Pulse,Email,8
ENG000667,C000177,3259,Mary Gallegos,2026-05-07,campaign_click,Retention Pulse,Email,12
ENG000668,C000177,3259,Mary Gallegos,2026-05-08,account_page_view,Service Recovery,Portal,22
ENG000669,C000177,3259,Mary Gallegos,2026-05-09,unsubscribe_risk,Escalation Follow-up,Email,-10
ENG000670,C000178,172,Lauren Rush,2026-05-06,campaign_open,Retention Pulse,Email,8
ENG000671,C000178,172,Lauren Rush,2026-05-07,campaign_click,Retention Pulse,Email,12
ENG000672,C000178,172,Lauren Rush,2026-05-08,account_page_view,Service Recovery,Portal,22
ENG000673,C000178,172,Lauren Rush,2026-05-09,unsubscribe_risk,Escalation Follow-up,Email,-10
ENG000674,C000179,6143,Deborah Barber,2026-05-06,campaign_open,Retention Pulse,Email,8
ENG000675,C000179,6143,Deborah Barber,2026-05-07,campaign_click,Retention Pulse,Email,12
ENG000676,C000179,6143,Deborah Barber,2026-05-08,promo_response,Reactivation,Email,18
ENG000677,C000180,5778,Evelyn Smith,2026-05-06,campaign_open,Retention Pulse,Email,8
ENG000678,C000180,5778,Evelyn Smith,2026-05-07,campaign_click,Retention Pulse,Email,12
ENG000679,C000180,5778,Evelyn Smith,2026-05-08,account_page_view,Service Recovery,Portal,22
ENG000680,C000180,5778,Evelyn Smith,2026-05-09,unsubscribe_risk,Escalation Follow-up,Email,-10
ENG000681,C000181,10111,Mary Garcia,2026-05-06,campaign_open,Retention Pulse,Email,8
ENG000682,C000181,10111,Mary Garcia,2026-05-07,campaign_click,Retention Pulse,Email,12
ENG000683,C000181,10111,Mary Garcia,2026-05-08,account_page_view,Service Recovery,Portal,22
ENG000684,C000181,10111,Mary Garcia,2026-05-09,unsubscribe_risk,Escalation Follow-up,Email,-10
ENG000685,C000182,1932,Shirley Perez,2026-05-06,campaign_open,Retention Pulse,Email,8
ENG000686,C000182,1932,Shirley Perez,2026-05-07,campaign_click,Retention Pulse,Email,12
ENG000687,C000182,1932,Shirley Perez,2026-05-08,promo_response,Reactivation,Email,18
ENG000688,C000183,7857,Jean Bentley,2026-05-06,campaign_open,Retention Pulse,Email,8
ENG000689,C000183,7857,Jean Bentley,2026-05-07,campaign_click,Retention Pulse,Email,12
ENG000690,C000183,7857,Jean Bentley,2026-05-08,account_page_view,Service Recovery,Portal,22
ENG000691,C000183,7857,Jean Bentley,2026-05-09,unsubscribe_risk,Escalation Follow-up,Email,-10
ENG000692,C000184,1844,Teresa Smith,2026-05-06,campaign_open,Retention Pulse,Email,8
ENG000693,C000184,1844,Teresa Smith,2026-05-07,campaign_click,Retention Pulse,Email,12
ENG000694,C000184,1844,Teresa Smith,2026-05-08,account_page_view,Service Recovery,Portal,22
ENG000695,C000184,1844,Teresa Smith,2026-05-09,unsubscribe_risk,Escalation Follow-up,Email,-10
ENG000696,C000185,6953,Benjamin Smith,2026-05-06,campaign_open,Retention Pulse,Email,8
ENG000697,C000185,6953,Benjamin Smith,2026-05-07,campaign_click,Retention Pulse,Email,12
ENG000698,C000185,6953,Benjamin Smith,2026-05-08,account_page_view,Service Recovery,Portal,22
ENG000699,C000185,6953,Benjamin Smith,2026-05-09,unsubscribe_risk,Escalation Follow-up,Email,-10
ENG000700,C000186,10601,Patrick Mayo,2026-05-06,campaign_open,Retention Pulse,Email,8
ENG000701,C000186,10601,Patrick Mayo,2026-05-07,campaign_click,Retention Pulse,Email,12
ENG000702,C000186,10601,Patrick Mayo,2026-05-08,account_page_view,Service Recovery,Portal,22
ENG000703,C000186,10601,Patrick Mayo,2026-05-09,unsubscribe_risk,Escalation Follow-up,Email,-10
ENG000704,C000187,1537,Linda Murray,2026-05-06,campaign_open,Retention Pulse,Email,8
ENG000705,C000187,1537,Linda Murray,2026-05-07,campaign_click,Retention Pulse,Email,12
ENG000706,C000187,1537,Linda Murray,2026-05-08,account_page_view,Service Recovery,Portal,22
ENG000707,C000187,1537,Linda Murray,2026-05-09,unsubscribe_risk,Escalation Follow-up,Email,-10
ENG000708,C000188,4181,Aaron Hudson,2026-05-06,campaign_open,Retention Pulse,Email,8
ENG000709,C000188,4181,Aaron Hudson,2026-05-07,campaign_click,Retention Pulse,Email,12
ENG000710,C000188,4181,Aaron Hudson,2026-05-08,promo_response,Reactivation,Email,18
ENG000711,C000189,7597,Catherine Smith,2026-05-06,campaign_open,Retention Pulse,Email,8
ENG000712,C000189,7597,Catherine Smith,2026-05-07,campaign_click,Retention Pulse,Email,12
ENG000713,C000189,7597,Catherine Smith,2026-05-08,account_page_view,Service Recovery,Portal,22
ENG000714,C000189,7597,Catherine Smith,2026-05-09,unsubscribe_risk,Escalation Follow-up,Email,-10
ENG000715,C000190,7717,Terry Smith,2026-05-06,campaign_open,Retention Pulse,Email,8
ENG000716,C000190,7717,Terry Smith,2026-05-07,campaign_click,Retention Pulse,Email,12
ENG000717,C000190,7717,Terry Smith,2026-05-08,account_page_view,Service Recovery,Portal,22
ENG000718,C000190,7717,Terry Smith,2026-05-09,unsubscribe_risk,Escalation Follow-up,Email,-10
ENG000719,C000191,10129,Mary Kidd,2026-05-06,campaign_open,Retention Pulse,Email,8
ENG000720,C000191,10129,Mary Kidd,2026-05-07,campaign_click,Retention Pulse,Email,12
ENG000721,C000191,10129,Mary Kidd,2026-05-08,promo_response,Reactivation,Email,18
ENG000722,C000192,1136,Mary Smith,2026-05-06,campaign_open,Retention Pulse,Email,8
ENG000723,C000192,1136,Mary Smith,2026-05-07,campaign_click,Retention Pulse,Email,12
ENG000724,C000192,1136,Mary Smith,2026-05-08,promo_response,Reactivation,Email,18
ENG000725,C000193,11132,Jonathan Washington,2026-05-06,campaign_open,Retention Pulse,Email,8
ENG000726,C000193,11132,Jonathan Washington,2026-05-07,campaign_click,Retention Pulse,Email,12
ENG000727,C000193,11132,Jonathan Washington,2026-05-08,account_page_view,Service Recovery,Portal,22
ENG000728,C000193,11132,Jonathan Washington,2026-05-09,unsubscribe_risk,Escalation Follow-up,Email,-10
ENG000729,C000194,5560,Mary Rodriguez,2026-05-06,campaign_open,Retention Pulse,Email,8
ENG000730,C000194,5560,Mary Rodriguez,2026-05-07,campaign_click,Retention Pulse,Email,12
ENG000731,C000194,5560,Mary Rodriguez,2026-05-08,account_page_view,Service Recovery,Portal,22
ENG000732,C000194,5560,Mary Rodriguez,2026-05-09,unsubscribe_risk,Escalation Follow-up,Email,-10
ENG000733,C000195,11337,Mary Howell,2026-05-06,campaign_open,Retention Pulse,Email,8
ENG000734,C000195,11337,Mary Howell,2026-05-07,campaign_click,Retention Pulse,Email,12
ENG000735,C000195,11337,Mary Howell,2026-05-08,account_page_view,Service Recovery,Portal,22
ENG000736,C000195,11337,Mary Howell,2026-05-09,unsubscribe_risk,Escalation Follow-up,Email,-10
ENG000737,C000196,1148,Mary Anderson,2026-05-06,campaign_open,Retention Pulse,Email,8
ENG000738,C000196,1148,Mary Anderson,2026-05-07,campaign_click,Retention Pulse,Email,12
ENG000739,C000196,1148,Mary Anderson,2026-05-08,account_page_view,Service Recovery,Portal,22
ENG000740,C000196,1148,Mary Anderson,2026-05-09,unsubscribe_risk,Escalation Follow-up,Email,-10
ENG000741,C000197,4394,Christopher Smith,2026-05-06,campaign_open,Retention Pulse,Email,8
ENG000742,C000197,4394,Christopher Smith,2026-05-07,campaign_click,Retention Pulse,Email,12
ENG000743,C000197,4394,Christopher Smith,2026-05-08,account_page_view,Service Recovery,Portal,22
ENG000744,C000197,4394,Christopher Smith,2026-05-09,unsubscribe_risk,Escalation Follow-up,Email,-10
ENG000745,C000198,11534,Mary Kim,2026-05-06,campaign_open,Retention Pulse,Email,8
ENG000746,C000198,11534,Mary Kim,2026-05-07,campaign_click,Retention Pulse,Email,12
ENG000747,C000198,11534,Mary Kim,2026-05-08,account_page_view,Service Recovery,Portal,22
ENG000748,C000198,11534,Mary Kim,2026-05-09,unsubscribe_risk,Escalation Follow-up,Email,-10
ENG000749,C000199,12406,Mary Michael,2026-05-06,campaign_open,Retention Pulse,Email,8
ENG000750,C000199,12406,Mary Michael,2026-05-07,campaign_click,Retention Pulse,Email,12
ENG000751,C000199,12406,Mary Michael,2026-05-08,account_page_view,Service Recovery,Portal,22
ENG000752,C000199,12406,Mary Michael,2026-05-09,unsubscribe_risk,Escalation Follow-up,Email,-10
ENG000753,C000200,11475,Mary Garner,2026-05-06,campaign_open,Retention Pulse,Email,8
ENG000754,C000200,11475,Mary Garner,2026-05-07,campaign_click,Retention Pulse,Email,12
ENG000755,C000200,11475,Mary Garner,2026-05-08,promo_response,Reactivation,Email,18
ENG000756,C000201,5028,Joseph Lucero,2026-05-06,campaign_open,Retention Pulse,Email,8
ENG000757,C000201,5028,Joseph Lucero,2026-05-07,campaign_click,Retention Pulse,Email,12
ENG000758,C000201,5028,Joseph Lucero,2026-05-08,promo_response,Reactivation,Email,18
ENG000759,C000202,2197,Joseph Smith,2026-05-06,campaign_open,Retention Pulse,Email,8
ENG000760,C000202,2197,Joseph Smith,2026-05-07,campaign_click,Retention Pulse,Email,12
ENG000761,C000202,2197,Joseph Smith,2026-05-08,account_page_view,Service Recovery,Portal,22
ENG000762,C000202,2197,Joseph Smith,2026-05-09,unsubscribe_risk,Escalation Follow-up,Email,-10
ENG000763,C000203,1107,Nicole Miller,2026-05-06,campaign_open,Retention Pulse,Email,8
ENG000764,C000203,1107,Nicole Miller,2026-05-07,campaign_click,Retention Pulse,Email,12
ENG000765,C000203,1107,Nicole Miller,2026-05-08,promo_response,Reactivation,Email,18
ENG000766,C000204,10699,Mary Lee,2026-05-06,campaign_open,Retention Pulse,Email,8
ENG000767,C000204,10699,Mary Lee,2026-05-07,campaign_click,Retention Pulse,Email,12
ENG000768,C000204,10699,Mary Lee,2026-05-08,account_page_view,Service Recovery,Portal,22
ENG000769,C000204,10699,Mary Lee,2026-05-09,unsubscribe_risk,Escalation Follow-up,Email,-10
ENG000770,C000205,9760,Mary Wolf,2026-05-06,campaign_open,Retention Pulse,Email,8
ENG000771,C000205,9760,Mary Wolf,2026-05-07,campaign_click,Retention Pulse,Email,12
ENG000772,C000205,9760,Mary Wolf,2026-05-08,account_page_view,Service Recovery,Portal,22
ENG000773,C000205,9760,Mary Wolf,2026-05-09,unsubscribe_risk,Escalation Follow-up,Email,-10
ENG000774,C000206,2229,Mary Hunt,2026-05-06,campaign_open,Retention Pulse,Email,8
ENG000775,C000206,2229,Mary Hunt,2026-05-07,campaign_click,Retention Pulse,Email,12
ENG000776,C000206,2229,Mary Hunt,2026-05-08,promo_response,Reactivation,Email,18
ENG000777,C000207,1445,Linda Ortiz,2026-05-06,campaign_open,Retention Pulse,Email,8
ENG000778,C000207,1445,Linda Ortiz,2026-05-07,campaign_click,Retention Pulse,Email,12
ENG000779,C000207,1445,Linda Ortiz,2026-05-08,account_page_view,Service Recovery,Portal,22
ENG000780,C000207,1445,Linda Ortiz,2026-05-09,unsubscribe_risk,Escalation Follow-up,Email,-10
ENG000781,C000208,8861,Mary Smith,2026-05-06,campaign_open,Retention Pulse,Email,8
ENG000782,C000208,8861,Mary Smith,2026-05-07,campaign_click,Retention Pulse,Email,12
ENG000783,C000208,8861,Mary Smith,2026-05-08,account_page_view,Service Recovery,Portal,22
ENG000784,C000208,8861,Mary Smith,2026-05-09,unsubscribe_risk,Escalation Follow-up,Email,-10
ENG000785,C000209,7633,Emily Smith,2026-05-06,campaign_open,Retention Pulse,Email,8
ENG000786,C000209,7633,Emily Smith,2026-05-07,campaign_click,Retention Pulse,Email,12
ENG000787,C000209,7633,Emily Smith,2026-05-08,account_page_view,Service Recovery,Portal,22
ENG000788,C000209,7633,Emily Smith,2026-05-09,unsubscribe_risk,Escalation Follow-up,Email,-10
ENG000789,C000210,6664,Mary Hall,2026-05-06,campaign_open,Retention Pulse,Email,8
ENG000790,C000210,6664,Mary Hall,2026-05-07,campaign_click,Retention Pulse,Email,12
ENG000791,C000210,6664,Mary Hall,2026-05-08,account_page_view,Service Recovery,Portal,22
ENG000792,C000210,6664,Mary Hall,2026-05-09,unsubscribe_risk,Escalation Follow-up,Email,-10
ENG000793,C000211,11985,Jennifer Moss,2026-05-06,campaign_open,Retention Pulse,Email,8
ENG000794,C000211,11985,Jennifer Moss,2026-05-07,campaign_click,Retention Pulse,Email,12
ENG000795,C000211,11985,Jennifer Moss,2026-05-08,account_page_view,Service Recovery,Portal,22
ENG000796,C000211,11985,Jennifer Moss,2026-05-09,unsubscribe_risk,Escalation Follow-up,Email,-10
ENG000797,C000212,4659,Paul Smith,2026-05-06,campaign_open,Retention Pulse,Email,8
ENG000798,C000212,4659,Paul Smith,2026-05-07,campaign_click,Retention Pulse,Email,12
ENG000799,C000212,4659,Paul Smith,2026-05-08,account_page_view,Service Recovery,Portal,22
ENG000800,C000212,4659,Paul Smith,2026-05-09,unsubscribe_risk,Escalation Follow-up,Email,-10
ENG000801,C000213,4530,Mary Smith,2026-05-06,campaign_open,Retention Pulse,Email,8
ENG000802,C000213,4530,Mary Smith,2026-05-07,campaign_click,Retention Pulse,Email,12
ENG000803,C000213,4530,Mary Smith,2026-05-08,account_page_view,Service Recovery,Portal,22
ENG000804,C000213,4530,Mary Smith,2026-05-09,unsubscribe_risk,Escalation Follow-up,Email,-10
ENG000805,C000214,11887,Christopher Smith,2026-05-06,campaign_open,Retention Pulse,Email,8
ENG000806,C000214,11887,Christopher Smith,2026-05-07,campaign_click,Retention Pulse,Email,12
ENG000807,C000214,11887,Christopher Smith,2026-05-08,account_page_view,Service Recovery,Portal,22
ENG000808,C000214,11887,Christopher Smith,2026-05-09,unsubscribe_risk,Escalation Follow-up,Email,-10
ENG000809,C000215,5015,Mary Gutierrez,2026-05-06,campaign_open,Retention Pulse,Email,8
ENG000810,C000215,5015,Mary Gutierrez,2026-05-07,campaign_click,Retention Pulse,Email,12
ENG000811,C000215,5015,Mary Gutierrez,2026-05-08,account_page_view,Service Recovery,Portal,22
ENG000812,C000215,5015,Mary Gutierrez,2026-05-09,unsubscribe_risk,Escalation Follow-up,Email,-10
ENG000813,C000216,7001,Mary Weeks,2026-05-06,campaign_open,Retention Pulse,Email,8
ENG000814,C000216,7001,Mary Weeks,2026-05-07,campaign_click,Retention Pulse,Email,12
ENG000815,C000216,7001,Mary Weeks,2026-05-08,account_page_view,Service Recovery,Portal,22
ENG000816,C000216,7001,Mary Weeks,2026-05-09,unsubscribe_risk,Escalation Follow-up,Email,-10
ENG000817,C000217,5875,Mary Rodgers,2026-05-06,campaign_open,Retention Pulse,Email,8
ENG000818,C000217,5875,Mary Rodgers,2026-05-07,campaign_click,Retention Pulse,Email,12
ENG000819,C000217,5875,Mary Rodgers,2026-05-08,account_page_view,Service Recovery,Portal,22
ENG000820,C000217,5875,Mary Rodgers,2026-05-09,unsubscribe_risk,Escalation Follow-up,Email,-10
ENG000821,C000218,12221,Betty Sanchez,2026-05-06,campaign_open,Retention Pulse,Email,8
ENG000822,C000218,12221,Betty Sanchez,2026-05-07,campaign_click,Retention Pulse,Email,12
ENG000823,C000218,12221,Betty Sanchez,2026-05-08,account_page_view,Service Recovery,Portal,22
ENG000824,C000218,12221,Betty Sanchez,2026-05-09,unsubscribe_risk,Escalation Follow-up,Email,-10
ENG000825,C000219,7305,David Smith,2026-05-06,campaign_open,Retention Pulse,Email,8
ENG000826,C000219,7305,David Smith,2026-05-07,campaign_click,Retention Pulse,Email,12
ENG000827,C000219,7305,David Smith,2026-05-08,account_page_view,Service Recovery,Portal,22
ENG000828,C000219,7305,David Smith,2026-05-09,unsubscribe_risk,Escalation Follow-up,Email,-10
ENG000829,C000220,2220,James Smith,2026-05-06,campaign_open,Retention Pulse,Email,8
ENG000830,C000220,2220,James Smith,2026-05-07,campaign_click,Retention Pulse,Email,12
ENG000831,C000220,2220,James Smith,2026-05-08,account_page_view,Service Recovery,Portal,22
ENG000832,C000220,2220,James Smith,2026-05-09,unsubscribe_risk,Escalation Follow-up,Email,-10
ENG000833,C000221,197,Ruth Smith,2026-05-06,campaign_open,Retention Pulse,Email,8
ENG000834,C000221,197,Ruth Smith,2026-05-07,campaign_click,Retention Pulse,Email,12
ENG000835,C000221,197,Ruth Smith,2026-05-08,account_page_view,Service Recovery,Portal,22
ENG000836,C000221,197,Ruth Smith,2026-05-09,unsubscribe_risk,Escalation Follow-up,Email,-10
ENG000837,C000222,11733,Christopher Chan,2026-05-06,campaign_open,Retention Pulse,Email,8
ENG000838,C000222,11733,Christopher Chan,2026-05-07,campaign_click,Retention Pulse,Email,12
ENG000839,C000222,11733,Christopher Chan,2026-05-08,account_page_view,Service Recovery,Portal,22
ENG000840,C000222,11733,Christopher Chan,2026-05-09,unsubscribe_risk,Escalation Follow-up,Email,-10
ENG000841,C000223,6587,Heather Henson,2026-05-06,campaign_open,Retention Pulse,Email,8
ENG000842,C000223,6587,Heather Henson,2026-05-07,campaign_click,Retention Pulse,Email,12
ENG000843,C000223,6587,Heather Henson,2026-05-08,account_page_view,Service Recovery,Portal,22
ENG000844,C000223,6587,Heather Henson,2026-05-09,unsubscribe_risk,Escalation Follow-up,Email,-10
ENG000845,C000224,1417,Rachel Smith,2026-05-06,campaign_open,Retention Pulse,Email,8
ENG000846,C000224,1417,Rachel Smith,2026-05-07,campaign_click,Retention Pulse,Email,12
ENG000847,C000224,1417,Rachel Smith,2026-05-08,account_page_view,Service Recovery,Portal,22
ENG000848,C000224,1417,Rachel Smith,2026-05-09,unsubscribe_risk,Escalation Follow-up,Email,-10
ENG000849,C000225,8522,Mary Smith,2026-05-06,campaign_open,Retention Pulse,Email,8
ENG000850,C000225,8522,Mary Smith,2026-05-07,campaign_click,Retention Pulse,Email,12
ENG000851,C000225,8522,Mary Smith,2026-05-08,account_page_view,Service Recovery,Portal,22
ENG000852,C000225,8522,Mary Smith,2026-05-09,unsubscribe_risk,Escalation Follow-up,Email,-10
ENG000853,C000226,3556,Mary Lane,2026-05-06,campaign_open,Retention Pulse,Email,8
ENG000854,C000226,3556,Mary Lane,2026-05-07,campaign_click,Retention Pulse,Email,12
ENG000855,C000226,3556,Mary Lane,2026-05-08,account_page_view,Service Recovery,Portal,22
ENG000856,C000226,3556,Mary Lane,2026-05-09,unsubscribe_risk,Escalation Follow-up,Email,-10
ENG000857,C000227,11947,Mary Smith,2026-05-06,campaign_open,Retention Pulse,Email,8
ENG000858,C000227,11947,Mary Smith,2026-05-07,campaign_click,Retention Pulse,Email,12
ENG000859,C000227,11947,Mary Smith,2026-05-08,account_page_view,Service Recovery,Portal,22
ENG000860,C000227,11947,Mary Smith,2026-05-09,unsubscribe_risk,Escalation Follow-up,Email,-10
ENG000861,C000228,123,Mary Mann,2026-05-06,campaign_open,Retention Pulse,Email,8
ENG000862,C000228,123,Mary Mann,2026-05-07,campaign_click,Retention Pulse,Email,12
ENG000863,C000228,123,Mary Mann,2026-05-08,account_page_view,Service Recovery,Portal,22
ENG000864,C000228,123,Mary Mann,2026-05-09,unsubscribe_risk,Escalation Follow-up,Email,-10
ENG000865,C000229,2860,George Smith,2026-05-06,campaign_open,Retention Pulse,Email,8
ENG000866,C000229,2860,George Smith,2026-05-07,campaign_click,Retention Pulse,Email,12
ENG000867,C000229,2860,George Smith,2026-05-08,account_page_view,Service Recovery,Portal,22
ENG000868,C000229,2860,George Smith,2026-05-09,unsubscribe_risk,Escalation Follow-up,Email,-10
ENG000869,C000230,5583,Mary Skinner,2026-05-06,campaign_open,Retention Pulse,Email,8
ENG000870,C000230,5583,Mary Skinner,2026-05-07,campaign_click,Retention Pulse,Email,12
ENG000871,C000230,5583,Mary Skinner,2026-05-08,account_page_view,Service Recovery,Portal,22
ENG000872,C000230,5583,Mary Skinner,2026-05-09,unsubscribe_risk,Escalation Follow-up,Email,-10
ENG000873,C000231,9502,Matthew Love,2026-05-06,campaign_open,Retention Pulse,Email,8
ENG000874,C000231,9502,Matthew Love,2026-05-07,campaign_click,Retention Pulse,Email,12
ENG000875,C000231,9502,Matthew Love,2026-05-08,account_page_view,Service Recovery,Portal,22
ENG000876,C000231,9502,Matthew Love,2026-05-09,unsubscribe_risk,Escalation Follow-up,Email,-10
ENG000877,C000232,7852,Mary Greene,2026-05-06,campaign_open,Retention Pulse,Email,8
ENG000878,C000232,7852,Mary Greene,2026-05-07,campaign_click,Retention Pulse,Email,12
ENG000879,C000232,7852,Mary Greene,2026-05-08,promo_response,Reactivation,Email,18
ENG000880,C000233,221,Mary Cox,2026-05-06,campaign_open,Retention Pulse,Email,8
ENG000881,C000233,221,Mary Cox,2026-05-07,campaign_click,Retention Pulse,Email,12
ENG000882,C000233,221,Mary Cox,2026-05-08,account_page_view,Service Recovery,Portal,22
ENG000883,C000233,221,Mary Cox,2026-05-09,unsubscribe_risk,Escalation Follow-up,Email,-10
ENG000884,C000234,6101,Mary Smith,2026-05-06,campaign_open,Retention Pulse,Email,8
ENG000885,C000234,6101,Mary Smith,2026-05-07,campaign_click,Retention Pulse,Email,12
ENG000886,C000234,6101,Mary Smith,2026-05-08,account_page_view,Service Recovery,Portal,22
ENG000887,C000234,6101,Mary Smith,2026-05-09,unsubscribe_risk,Escalation Follow-up,Email,-10
ENG000888,C000235,7926,Bobby Castillo,2026-05-06,campaign_open,Retention Pulse,Email,8
ENG000889,C000235,7926,Bobby Castillo,2026-05-07,campaign_click,Retention Pulse,Email,12
ENG000890,C000235,7926,Bobby Castillo,2026-05-08,account_page_view,Service Recovery,Portal,22
ENG000891,C000235,7926,Bobby Castillo,2026-05-09,unsubscribe_risk,Escalation Follow-up,Email,-10
ENG000892,C000236,1826,Matthew Smith,2026-05-06,campaign_open,Retention Pulse,Email,8
ENG000893,C000236,1826,Matthew Smith,2026-05-07,campaign_click,Retention Pulse,Email,12
ENG000894,C000236,1826,Matthew Smith,2026-05-08,account_page_view,Service Recovery,Portal,22
ENG000895,C000236,1826,Matthew Smith,2026-05-09,unsubscribe_risk,Escalation Follow-up,Email,-10
ENG000896,C000237,938,Cheryl Smith,2026-05-06,campaign_open,Retention Pulse,Email,8
ENG000897,C000237,938,Cheryl Smith,2026-05-07,campaign_click,Retention Pulse,Email,12
ENG000898,C000237,938,Cheryl Smith,2026-05-08,account_page_view,Service Recovery,Portal,22
ENG000899,C000237,938,Cheryl Smith,2026-05-09,unsubscribe_risk,Escalation Follow-up,Email,-10
ENG000900,C000238,2330,Sharon Sellers,2026-05-06,campaign_open,Retention Pulse,Email,8
ENG000901,C000238,2330,Sharon Sellers,2026-05-07,campaign_click,Retention Pulse,Email,12
ENG000902,C000238,2330,Sharon Sellers,2026-05-08,account_page_view,Service Recovery,Portal,22
ENG000903,C000238,2330,Sharon Sellers,2026-05-09,unsubscribe_risk,Escalation Follow-up,Email,-10
ENG000904,C000239,7273,Mary Smith,2026-05-06,campaign_open,Retention Pulse,Email,8
ENG000905,C000239,7273,Mary Smith,2026-05-07,campaign_click,Retention Pulse,Email,12
ENG000906,C000239,7273,Mary Smith,2026-05-08,account_page_view,Service Recovery,Portal,22
ENG000907,C000239,7273,Mary Smith,2026-05-09,unsubscribe_risk,Escalation Follow-up,Email,-10
ENG000908,C000240,1948,Peter Smith,2026-05-06,campaign_open,Retention Pulse,Email,8
ENG000909,C000240,1948,Peter Smith,2026-05-07,campaign_click,Retention Pulse,Email,12
ENG000910,C000240,1948,Peter Smith,2026-05-08,account_page_view,Service Recovery,Portal,22
ENG000911,C000240,1948,Peter Smith,2026-05-09,unsubscribe_risk,Escalation Follow-up,Email,-10
ENG000912,C000241,7211,Kathleen Smith,2026-05-06,campaign_open,Retention Pulse,Email,8
ENG000913,C000241,7211,Kathleen Smith,2026-05-07,campaign_click,Retention Pulse,Email,12
ENG000914,C000241,7211,Kathleen Smith,2026-05-08,account_page_view,Service Recovery,Portal,22
ENG000915,C000241,7211,Kathleen Smith,2026-05-09,unsubscribe_risk,Escalation Follow-up,Email,-10
ENG000916,C000242,685,Crystal Smith,2026-05-06,campaign_open,Retention Pulse,Email,8
ENG000917,C000242,685,Crystal Smith,2026-05-07,campaign_click,Retention Pulse,Email,12
ENG000918,C000242,685,Crystal Smith,2026-05-08,account_page_view,Service Recovery,Portal,22
ENG000919,C000242,685,Crystal Smith,2026-05-09,unsubscribe_risk,Escalation Follow-up,Email,-10
ENG000920,C000243,9504,Mary Smith,2026-05-06,campaign_open,Retention Pulse,Email,8
ENG000921,C000243,9504,Mary Smith,2026-05-07,campaign_click,Retention Pulse,Email,12
ENG000922,C000243,9504,Mary Smith,2026-05-08,account_page_view,Service Recovery,Portal,22
ENG000923,C000243,9504,Mary Smith,2026-05-09,unsubscribe_risk,Escalation Follow-up,Email,-10
ENG000924,C000244,5952,Jacob Smith,2026-05-06,campaign_open,Retention Pulse,Email,8
ENG000925,C000244,5952,Jacob Smith,2026-05-07,campaign_click,Retention Pulse,Email,12
ENG000926,C000244,5952,Jacob Smith,2026-05-08,account_page_view,Service Recovery,Portal,22
ENG000927,C000244,5952,Jacob Smith,2026-05-09,unsubscribe_risk,Escalation Follow-up,Email,-10
ENG000928,C000245,1747,Mary Booker,2026-05-06,campaign_open,Retention Pulse,Email,8
ENG000929,C000245,1747,Mary Booker,2026-05-07,campaign_click,Retention Pulse,Email,12
ENG000930,C000245,1747,Mary Booker,2026-05-08,account_page_view,Service Recovery,Portal,22
ENG000931,C000245,1747,Mary Booker,2026-05-09,unsubscribe_risk,Escalation Follow-up,Email,-10
ENG000932,C000246,2773,Linda Hale,2026-05-06,campaign_open,Retention Pulse,Email,8
ENG000933,C000246,2773,Linda Hale,2026-05-07,campaign_click,Retention Pulse,Email,12
ENG000934,C000246,2773,Linda Hale,2026-05-08,account_page_view,Service Recovery,Portal,22
ENG000935,C000246,2773,Linda Hale,2026-05-09,unsubscribe_risk,Escalation Follow-up,Email,-10
ENG000936,C000247,10375,Joan James,2026-05-06,campaign_open,Retention Pulse,Email,8
ENG000937,C000247,10375,Joan James,2026-05-07,campaign_click,Retention Pulse,Email,12
ENG000938,C000247,10375,Joan James,2026-05-08,account_page_view,Service Recovery,Portal,22
ENG000939,C000247,10375,Joan James,2026-05-09,unsubscribe_risk,Escalation Follow-up,Email,-10
ENG000940,C000248,5054,Paul Thomas,2026-05-06,campaign_open,Retention Pulse,Email,8
ENG000941,C000248,5054,Paul Thomas,2026-05-07,campaign_click,Retention Pulse,Email,12
ENG000942,C000248,5054,Paul Thomas,2026-05-08,promo_response,Reactivation,Email,18
ENG000943,C000249,1426,Mary Conner,2026-05-06,campaign_open,Retention Pulse,Email,8
ENG000944,C000249,1426,Mary Conner,2026-05-07,campaign_click,Retention Pulse,Email,12
ENG000945,C000249,1426,Mary Conner,2026-05-08,account_page_view,Service Recovery,Portal,22
ENG000946,C000249,1426,Mary Conner,2026-05-09,unsubscribe_risk,Escalation Follow-up,Email,-10
ENG000947,C000250,6660,Christine Smith,2026-05-06,campaign_open,Retention Pulse,Email,8
ENG000948,C000250,6660,Christine Smith,2026-05-07,campaign_click,Retention Pulse,Email,12
ENG000949,C000250,6660,Christine Smith,2026-05-08,account_page_view,Service Recovery,Portal,22
ENG000950,C000250,6660,Christine Smith,2026-05-09,unsubscribe_risk,Escalation Follow-up,Email,-10
ENG000951,C000251,11218,Louis Novak,2026-05-06,campaign_open,Retention Pulse,Email,8
ENG000952,C000251,11218,Louis Novak,2026-05-07,campaign_click,Retention Pulse,Email,12
ENG000953,C000251,11218,Louis Novak,2026-05-08,account_page_view,Service Recovery,Portal,22
ENG000954,C000251,11218,Louis Novak,2026-05-09,unsubscribe_risk,Escalation Follow-up,Email,-10
ENG000955,C000252,2626,Laura Smith,2026-05-06,campaign_open,Retention Pulse,Email,8
ENG000956,C000252,2626,Laura Smith,2026-05-07,campaign_click,Retention Pulse,Email,12
ENG000957,C000252,2626,Laura Smith,2026-05-08,promo_response,Reactivation,Email,18
ENG000958,C000253,4460,Mary Smith,2026-05-06,campaign_open,Retention Pulse,Email,8
ENG000959,C000253,4460,Mary Smith,2026-05-07,campaign_click,Retention Pulse,Email,12
ENG000960,C000253,4460,Mary Smith,2026-05-08,account_page_view,Service Recovery,Portal,22
ENG000961,C000253,4460,Mary Smith,2026-05-09,unsubscribe_risk,Escalation Follow-up,Email,-10
ENG000962,C000254,11738,Samuel Bryan,2026-05-06,campaign_open,Retention Pulse,Email,8
ENG000963,C000254,11738,Samuel Bryan,2026-05-07,campaign_click,Retention Pulse,Email,12
ENG000964,C000254,11738,Samuel Bryan,2026-05-08,account_page_view,Service Recovery,Portal,22
ENG000965,C000254,11738,Samuel Bryan,2026-05-09,unsubscribe_risk,Escalation Follow-up,Email,-10
ENG000966,C000255,11156,Jessica Valdez,2026-05-06,campaign_open,Retention Pulse,Email,8
ENG000967,C000255,11156,Jessica Valdez,2026-05-07,campaign_click,Retention Pulse,Email,12
ENG000968,C000255,11156,Jessica Valdez,2026-05-08,account_page_view,Service Recovery,Portal,22
ENG000969,C000255,11156,Jessica Valdez,2026-05-09,unsubscribe_risk,Escalation Follow-up,Email,-10
ENG000970,C000256,11833,Mary Weaver,2026-05-06,campaign_open,Retention Pulse,Email,8
ENG000971,C000256,11833,Mary Weaver,2026-05-07,campaign_click,Retention Pulse,Email,12
ENG000972,C000256,11833,Mary Weaver,2026-05-08,account_page_view,Service Recovery,Portal,22
ENG000973,C000256,11833,Mary Weaver,2026-05-09,unsubscribe_risk,Escalation Follow-up,Email,-10
ENG000974,C000257,7460,Ethan Smith,2026-05-06,campaign_open,Retention Pulse,Email,8
ENG000975,C000257,7460,Ethan Smith,2026-05-07,campaign_click,Retention Pulse,Email,12
ENG000976,C000257,7460,Ethan Smith,2026-05-08,promo_response,Reactivation,Email,18
ENG000977,C000258,8016,Patricia Smith,2026-05-06,campaign_open,Retention Pulse,Email,8
ENG000978,C000258,8016,Patricia Smith,2026-05-07,campaign_click,Retention Pulse,Email,12
ENG000979,C000258,8016,Patricia Smith,2026-05-08,account_page_view,Service Recovery,Portal,22
ENG000980,C000258,8016,Patricia Smith,2026-05-09,unsubscribe_risk,Escalation Follow-up,Email,-10
ENG000981,C000259,2389,Mary Smith,2026-05-06,campaign_open,Retention Pulse,Email,8
ENG000982,C000259,2389,Mary Smith,2026-05-07,campaign_click,Retention Pulse,Email,12
ENG000983,C000259,2389,Mary Smith,2026-05-08,account_page_view,Service Recovery,Portal,22
ENG000984,C000259,2389,Mary Smith,2026-05-09,unsubscribe_risk,Escalation Follow-up,Email,-10
ENG000985,C000260,3303,Mary Robinson,2026-05-06,campaign_open,Retention Pulse,Email,8
ENG000986,C000260,3303,Mary Robinson,2026-05-07,campaign_click,Retention Pulse,Email,12
ENG000987,C000260,3303,Mary Robinson,2026-05-08,account_page_view,Service Recovery,Portal,22
ENG000988,C000260,3303,Mary Robinson,2026-05-09,unsubscribe_risk,Escalation Follow-up,Email,-10
ENG000989,C000261,6643,Nicholas Smith,2026-05-06,campaign_open,Retention Pulse,Email,8
ENG000990,C000261,6643,Nicholas Smith,2026-05-07,campaign_click,Retention Pulse,Email,12
ENG000991,C000261,6643,Nicholas Smith,2026-05-08,account_page_view,Service Recovery,Portal,22
ENG000992,C000261,6643,Nicholas Smith,2026-05-09,unsubscribe_risk,Escalation Follow-up,Email,-10
ENG000993,C000262,11134,Robert Lopez,2026-05-06,campaign_open,Retention Pulse,Email,8
ENG000994,C000262,11134,Robert Lopez,2026-05-07,campaign_click,Retention Pulse,Email,12
ENG000995,C000262,11134,Robert Lopez,2026-05-08,promo_response,Reactivation,Email,18
ENG000996,C000263,6137,Eric Smith,2026-05-06,campaign_open,Retention Pulse,Email,8
ENG000997,C000263,6137,Eric Smith,2026-05-07,campaign_click,Retention Pulse,Email,12
ENG000998,C000263,6137,Eric Smith,2026-05-08,account_page_view,Service Recovery,Portal,22
ENG000999,C000263,6137,Eric Smith,2026-05-09,unsubscribe_risk,Escalation Follow-up,Email,-10
ENG001000,C000264,10610,Nancy Bryant,2026-05-06,campaign_open,Retention Pulse,Email,8
ENG001001,C000264,10610,Nancy Bryant,2026-05-07,campaign_click,Retention Pulse,Email,12
ENG001002,C000264,10610,Nancy Bryant,2026-05-08,account_page_view,Service Recovery,Portal,22
ENG001003,C000264,10610,Nancy Bryant,2026-05-09,unsubscribe_risk,Escalation Follow-up,Email,-10
ENG001004,C000265,9928,Mary Smith,2026-05-06,campaign_open,Retention Pulse,Email,8
ENG001005,C000265,9928,Mary Smith,2026-05-07,campaign_click,Retention Pulse,Email,12
ENG001006,C000265,9928,Mary Smith,2026-05-08,account_page_view,Service Recovery,Portal,22
ENG001007,C000265,9928,Mary Smith,2026-05-09,unsubscribe_risk,Escalation Follow-up,Email,-10
ENG001008,C000266,7789,Mary Sullivan,2026-05-06,campaign_open,Retention Pulse,Email,8
ENG001009,C000266,7789,Mary Sullivan,2026-05-07,campaign_click,Retention Pulse,Email,12
ENG001010,C000266,7789,Mary Sullivan,2026-05-08,account_page_view,Service Recovery,Portal,22
ENG001011,C000266,7789,Mary Sullivan,2026-05-09,unsubscribe_risk,Escalation Follow-up,Email,-10
ENG001012,C000267,8156,Hannah Smith,2026-05-06,campaign_open,Retention Pulse,Email,8
ENG001013,C000267,8156,Hannah Smith,2026-05-07,campaign_click,Retention Pulse,Email,12
ENG001014,C000267,8156,Hannah Smith,2026-05-08,promo_response,Reactivation,Email,18
ENG001015,C000268,11295,Mary Ayala,2026-05-06,campaign_open,Retention Pulse,Email,8
ENG001016,C000268,11295,Mary Ayala,2026-05-07,campaign_click,Retention Pulse,Email,12
ENG001017,C000268,11295,Mary Ayala,2026-05-08,promo_response,Reactivation,Email,18
ENG001018,C000269,2021,Theresa Smith,2026-05-06,campaign_open,Retention Pulse,Email,8
ENG001019,C000269,2021,Theresa Smith,2026-05-07,campaign_click,Retention Pulse,Email,12
ENG001020,C000269,2021,Theresa Smith,2026-05-08,promo_response,Reactivation,Email,18
ENG001021,C000270,6474,Madison Smith,2026-05-06,campaign_open,Retention Pulse,Email,8
ENG001022,C000270,6474,Madison Smith,2026-05-07,campaign_click,Retention Pulse,Email,12
ENG001023,C000270,6474,Madison Smith,2026-05-08,account_page_view,Service Recovery,Portal,22
ENG001024,C000270,6474,Madison Smith,2026-05-09,unsubscribe_risk,Escalation Follow-up,Email,-10
ENG001025,C000271,6213,Michael Richardson,2026-05-06,campaign_open,Retention Pulse,Email,8
ENG001026,C000271,6213,Michael Richardson,2026-05-07,campaign_click,Retention Pulse,Email,12
ENG001027,C000271,6213,Michael Richardson,2026-05-08,account_page_view,Service Recovery,Portal,22
ENG001028,C000271,6213,Michael Richardson,2026-05-09,unsubscribe_risk,Escalation Follow-up,Email,-10
ENG001029,C000272,8652,Kenneth Newman,2026-05-06,campaign_open,Retention Pulse,Email,8
ENG001030,C000272,8652,Kenneth Newman,2026-05-07,campaign_click,Retention Pulse,Email,12
ENG001031,C000272,8652,Kenneth Newman,2026-05-08,account_page_view,Service Recovery,Portal,22
ENG001032,C000272,8652,Kenneth Newman,2026-05-09,unsubscribe_risk,Escalation Follow-up,Email,-10
ENG001033,C000273,2303,Brittany Smith,2026-05-06,campaign_open,Retention Pulse,Email,8
ENG001034,C000273,2303,Brittany Smith,2026-05-07,campaign_click,Retention Pulse,Email,12
ENG001035,C000273,2303,Brittany Smith,2026-05-08,account_page_view,Service Recovery,Portal,22
ENG001036,C000273,2303,Brittany Smith,2026-05-09,unsubscribe_risk,Escalation Follow-up,Email,-10
ENG001037,C000274,11931,Elizabeth Howell,2026-05-06,campaign_open,Retention Pulse,Email,8
ENG001038,C000274,11931,Elizabeth Howell,2026-05-07,campaign_click,Retention Pulse,Email,12
ENG001039,C000274,11931,Elizabeth Howell,2026-05-08,account_page_view,Service Recovery,Portal,22
ENG001040,C000274,11931,Elizabeth Howell,2026-05-09,unsubscribe_risk,Escalation Follow-up,Email,-10
ENG001041,C000275,5477,Mary Smith,2026-05-06,campaign_open,Retention Pulse,Email,8
ENG001042,C000275,5477,Mary Smith,2026-05-07,campaign_click,Retention Pulse,Email,12
ENG001043,C000275,5477,Mary Smith,2026-05-08,account_page_view,Service Recovery,Portal,22
ENG001044,C000275,5477,Mary Smith,2026-05-09,unsubscribe_risk,Escalation Follow-up,Email,-10
ENG001045,C000276,10198,Mary Smith,2026-05-06,campaign_open,Retention Pulse,Email,8
ENG001046,C000276,10198,Mary Smith,2026-05-07,campaign_click,Retention Pulse,Email,12
ENG001047,C000276,10198,Mary Smith,2026-05-08,promo_response,Reactivation,Email,18
ENG001048,C000277,10108,Jose Smith,2026-05-06,campaign_open,Retention Pulse,Email,8
ENG001049,C000277,10108,Jose Smith,2026-05-07,campaign_click,Retention Pulse,Email,12
ENG001050,C000277,10108,Jose Smith,2026-05-08,promo_response,Reactivation,Email,18
ENG001051,C000278,4599,Mary Smith,2026-05-06,campaign_open,Retention Pulse,Email,8
ENG001052,C000278,4599,Mary Smith,2026-05-07,campaign_click,Retention Pulse,Email,12
ENG001053,C000278,4599,Mary Smith,2026-05-08,account_page_view,Service Recovery,Portal,22
ENG001054,C000278,4599,Mary Smith,2026-05-09,unsubscribe_risk,Escalation Follow-up,Email,-10
ENG001055,C000279,8052,Pamela Smith,2026-05-06,campaign_open,Retention Pulse,Email,8
ENG001056,C000279,8052,Pamela Smith,2026-05-07,campaign_click,Retention Pulse,Email,12
ENG001057,C000279,8052,Pamela Smith,2026-05-08,account_page_view,Service Recovery,Portal,22
ENG001058,C000279,8052,Pamela Smith,2026-05-09,unsubscribe_risk,Escalation Follow-up,Email,-10
ENG001059,C000280,4588,Melissa Rosario,2026-05-06,campaign_open,Retention Pulse,Email,8
ENG001060,C000280,4588,Melissa Rosario,2026-05-07,campaign_click,Retention Pulse,Email,12
ENG001061,C000280,4588,Melissa Rosario,2026-05-08,account_page_view,Service Recovery,Portal,22
ENG001062,C000280,4588,Melissa Rosario,2026-05-09,unsubscribe_risk,Escalation Follow-up,Email,-10
ENG001063,C000281,1285,Ruth Petersen,2026-05-06,campaign_open,Retention Pulse,Email,8
ENG001064,C000281,1285,Ruth Petersen,2026-05-07,campaign_click,Retention Pulse,Email,12
ENG001065,C000281,1285,Ruth Petersen,2026-05-08,account_page_view,Service Recovery,Portal,22
ENG001066,C000281,1285,Ruth Petersen,2026-05-09,unsubscribe_risk,Escalation Follow-up,Email,-10
ENG001067,C000282,5491,Sharon Smith,2026-05-06,campaign_open,Retention Pulse,Email,8
ENG001068,C000282,5491,Sharon Smith,2026-05-07,campaign_click,Retention Pulse,Email,12
ENG001069,C000282,5491,Sharon Smith,2026-05-08,account_page_view,Service Recovery,Portal,22
ENG001070,C000282,5491,Sharon Smith,2026-05-09,unsubscribe_risk,Escalation Follow-up,Email,-10
ENG001071,C000283,8380,Brittany Smith,2026-05-06,campaign_open,Retention Pulse,Email,8
ENG001072,C000283,8380,Brittany Smith,2026-05-07,campaign_click,Retention Pulse,Email,12
ENG001073,C000283,8380,Brittany Smith,2026-05-08,account_page_view,Service Recovery,Portal,22
ENG001074,C000283,8380,Brittany Smith,2026-05-09,unsubscribe_risk,Escalation Follow-up,Email,-10
ENG001075,C000284,3031,Carol Smith,2026-05-06,campaign_open,Retention Pulse,Email,8
ENG001076,C000284,3031,Carol Smith,2026-05-07,campaign_click,Retention Pulse,Email,12
ENG001077,C000284,3031,Carol Smith,2026-05-08,account_page_view,Service Recovery,Portal,22
ENG001078,C000284,3031,Carol Smith,2026-05-09,unsubscribe_risk,Escalation Follow-up,Email,-10
ENG001079,C000285,12094,Mary Smith,2026-05-06,campaign_open,Retention Pulse,Email,8
ENG001080,C000285,12094,Mary Smith,2026-05-07,campaign_click,Retention Pulse,Email,12
ENG001081,C000285,12094,Mary Smith,2026-05-08,account_page_view,Service Recovery,Portal,22
ENG001082,C000285,12094,Mary Smith,2026-05-09,unsubscribe_risk,Escalation Follow-up,Email,-10
ENG001083,C000286,11112,Jessica Cowan,2026-05-06,campaign_open,Retention Pulse,Email,8
ENG001084,C000286,11112,Jessica Cowan,2026-05-07,campaign_click,Retention Pulse,Email,12
ENG001085,C000286,11112,Jessica Cowan,2026-05-08,account_page_view,Service Recovery,Portal,22
ENG001086,C000286,11112,Jessica Cowan,2026-05-09,unsubscribe_risk,Escalation Follow-up,Email,-10
ENG001087,C000287,1824,Julia Tucker,2026-05-06,campaign_open,Retention Pulse,Email,8
ENG001088,C000287,1824,Julia Tucker,2026-05-07,campaign_click,Retention Pulse,Email,12
ENG001089,C000287,1824,Julia Tucker,2026-05-08,account_page_view,Service Recovery,Portal,22
ENG001090,C000287,1824,Julia Tucker,2026-05-09,unsubscribe_risk,Escalation Follow-up,Email,-10
ENG001091,C000288,5519,Deborah Archer,2026-05-06,campaign_open,Retention Pulse,Email,8
ENG001092,C000288,5519,Deborah Archer,2026-05-07,campaign_click,Retention Pulse,Email,12
ENG001093,C000288,5519,Deborah Archer,2026-05-08,account_page_view,Service Recovery,Portal,22
ENG001094,C000288,5519,Deborah Archer,2026-05-09,unsubscribe_risk,Escalation Follow-up,Email,-10
ENG001095,C000289,6893,Deborah Smith,2026-05-06,campaign_open,Retention Pulse,Email,8
ENG001096,C000289,6893,Deborah Smith,2026-05-07,campaign_click,Retention Pulse,Email,12
ENG001097,C000289,6893,Deborah Smith,2026-05-08,account_page_view,Service Recovery,Portal,22
ENG001098,C000289,6893,Deborah Smith,2026-05-09,unsubscribe_risk,Escalation Follow-up,Email,-10
ENG001099,C000290,10672,Mary Smith,2026-05-06,campaign_open,Retention Pulse,Email,8
ENG001100,C000290,10672,Mary Smith,2026-05-07,campaign_click,Retention Pulse,Email,12
ENG001101,C000290,10672,Mary Smith,2026-05-08,promo_response,Reactivation,Email,18
ENG001102,C000291,5138,William Rivera,2026-05-06,campaign_open,Retention Pulse,Email,8
ENG001103,C000291,5138,William Rivera,2026-05-07,campaign_click,Retention Pulse,Email,12
ENG001104,C000291,5138,William Rivera,2026-05-08,account_page_view,Service Recovery,Portal,22
ENG001105,C000291,5138,William Rivera,2026-05-09,unsubscribe_risk,Escalation Follow-up,Email,-10
ENG001106,C000292,10707,Mary Hansen,2026-05-06,campaign_open,Retention Pulse,Email,8
ENG001107,C000292,10707,Mary Hansen,2026-05-07,campaign_click,Retention Pulse,Email,12
ENG001108,C000292,10707,Mary Hansen,2026-05-08,account_page_view,Service Recovery,Portal,22
ENG001109,C000292,10707,Mary Hansen,2026-05-09,unsubscribe_risk,Escalation Follow-up,Email,-10
ENG001110,C000293,10761,David Smith,2026-05-06,campaign_open,Retention Pulse,Email,8
ENG001111,C000293,10761,David Smith,2026-05-07,campaign_click,Retention Pulse,Email,12
ENG001112,C000293,10761,David Smith,2026-05-08,account_page_view,Service Recovery,Portal,22
ENG001113,C000293,10761,David Smith,2026-05-09,unsubscribe_risk,Escalation Follow-up,Email,-10
ENG001114,C000294,1578,Lisa Harper,2026-05-06,campaign_open,Retention Pulse,Email,8
ENG001115,C000294,1578,Lisa Harper,2026-05-07,campaign_click,Retention Pulse,Email,12
ENG001116,C000294,1578,Lisa Harper,2026-05-08,account_page_view,Service Recovery,Portal,22
ENG001117,C000294,1578,Lisa Harper,2026-05-09,unsubscribe_risk,Escalation Follow-up,Email,-10
ENG001118,C000295,8511,Mary Smith,2026-05-06,campaign_open,Retention Pulse,Email,8
ENG001119,C000295,8511,Mary Smith,2026-05-07,campaign_click,Retention Pulse,Email,12
ENG001120,C000295,8511,Mary Smith,2026-05-08,account_page_view,Service Recovery,Portal,22
ENG001121,C000295,8511,Mary Smith,2026-05-09,unsubscribe_risk,Escalation Follow-up,Email,-10
ENG001122,C000296,7664,Brandon Walker,2026-05-06,campaign_open,Retention Pulse,Email,8
ENG001123,C000296,7664,Brandon Walker,2026-05-07,campaign_click,Retention Pulse,Email,12
ENG001124,C000296,7664,Brandon Walker,2026-05-08,account_page_view,Service Recovery,Portal,22
ENG001125,C000296,7664,Brandon Walker,2026-05-09,unsubscribe_risk,Escalation Follow-up,Email,-10
ENG001126,C000297,1636,Julie Petersen,2026-05-06,campaign_open,Retention Pulse,Email,8
ENG001127,C000297,1636,Julie Petersen,2026-05-07,campaign_click,Retention Pulse,Email,12
ENG001128,C000297,1636,Julie Petersen,2026-05-08,account_page_view,Service Recovery,Portal,22
ENG001129,C000297,1636,Julie Petersen,2026-05-09,unsubscribe_risk,Escalation Follow-up,Email,-10
ENG001130,C000298,9107,Mark Nunez,2026-05-06,campaign_open,Retention Pulse,Email,8
ENG001131,C000298,9107,Mark Nunez,2026-05-07,campaign_click,Retention Pulse,Email,12
ENG001132,C000298,9107,Mark Nunez,2026-05-08,account_page_view,Service Recovery,Portal,22
ENG001133,C000298,9107,Mark Nunez,2026-05-09,unsubscribe_risk,Escalation Follow-up,Email,-10
ENG001134,C000299,7060,Virginia Carroll,2026-05-06,campaign_open,Retention Pulse,Email,8
ENG001135,C000299,7060,Virginia Carroll,2026-05-07,campaign_click,Retention Pulse,Email,12
ENG001136,C000299,7060,Virginia Carroll,2026-05-08,account_page_view,Service Recovery,Portal,22
ENG001137,C000299,7060,Virginia Carroll,2026-05-09,unsubscribe_risk,Escalation Follow-up,Email,-10
ENG001138,C000300,9597,Lori Perez,2026-05-06,campaign_open,Retention Pulse,Email,8
ENG001139,C000300,9597,Lori Perez,2026-05-07,campaign_click,Retention Pulse,Email,12
ENG001140,C000300,9597,Lori Perez,2026-05-08,account_page_view,Service Recovery,Portal,22
ENG001141,C000300,9597,Lori Perez,2026-05-09,unsubscribe_risk,Escalation Follow-up,Email,-10
ENG001142,C000301,7435,Susan Smith,2026-05-06,campaign_open,Retention Pulse,Email,8
ENG001143,C000301,7435,Susan Smith,2026-05-07,campaign_click,Retention Pulse,Email,12
ENG001144,C000301,7435,Susan Smith,2026-05-08,account_page_view,Service Recovery,Portal,22
ENG001145,C000301,7435,Susan Smith,2026-05-09,unsubscribe_risk,Escalation Follow-up,Email,-10
ENG001146,C000302,4517,Mary Cline,2026-05-06,campaign_open,Retention Pulse,Email,8
ENG001147,C000302,4517,Mary Cline,2026-05-07,campaign_click,Retention Pulse,Email,12
ENG001148,C000302,4517,Mary Cline,2026-05-08,promo_response,Reactivation,Email,18
ENG001149,C000303,8078,Janet Thomas,2026-05-06,campaign_open,Retention Pulse,Email,8
ENG001150,C000303,8078,Janet Thomas,2026-05-07,campaign_click,Retention Pulse,Email,12
ENG001151,C000303,8078,Janet Thomas,2026-05-08,account_page_view,Service Recovery,Portal,22
ENG001152,C000303,8078,Janet Thomas,2026-05-09,unsubscribe_risk,Escalation Follow-up,Email,-10
ENG001153,C000304,5321,Robert Rowe,2026-05-06,campaign_open,Retention Pulse,Email,8
ENG001154,C000304,5321,Robert Rowe,2026-05-07,campaign_click,Retention Pulse,Email,12
ENG001155,C000304,5321,Robert Rowe,2026-05-08,account_page_view,Service Recovery,Portal,22
ENG001156,C000304,5321,Robert Rowe,2026-05-09,unsubscribe_risk,Escalation Follow-up,Email,-10
ENG001157,C000305,6266,Deborah Hunter,2026-05-06,campaign_open,Retention Pulse,Email,8
ENG001158,C000305,6266,Deborah Hunter,2026-05-07,campaign_click,Retention Pulse,Email,12
ENG001159,C000305,6266,Deborah Hunter,2026-05-08,promo_response,Reactivation,Email,18
ENG001160,C000306,6130,Donald Rodriguez,2026-05-06,campaign_open,Retention Pulse,Email,8
ENG001161,C000306,6130,Donald Rodriguez,2026-05-07,campaign_click,Retention Pulse,Email,12
ENG001162,C000306,6130,Donald Rodriguez,2026-05-08,account_page_view,Service Recovery,Portal,22
ENG001163,C000306,6130,Donald Rodriguez,2026-05-09,unsubscribe_risk,Escalation Follow-up,Email,-10
ENG001164,C000307,3781,Richard Lara,2026-05-06,campaign_open,Retention Pulse,Email,8
ENG001165,C000307,3781,Richard Lara,2026-05-07,campaign_click,Retention Pulse,Email,12
ENG001166,C000307,3781,Richard Lara,2026-05-08,account_page_view,Service Recovery,Portal,22
ENG001167,C000307,3781,Richard Lara,2026-05-09,unsubscribe_risk,Escalation Follow-up,Email,-10
ENG001168,C000308,8664,Mary Smith,2026-05-06,campaign_open,Retention Pulse,Email,8
ENG001169,C000308,8664,Mary Smith,2026-05-07,campaign_click,Retention Pulse,Email,12
ENG001170,C000308,8664,Mary Smith,2026-05-08,account_page_view,Service Recovery,Portal,22
ENG001171,C000308,8664,Mary Smith,2026-05-09,unsubscribe_risk,Escalation Follow-up,Email,-10
ENG001172,C000309,11305,Mary Hartman,2026-05-06,campaign_open,Retention Pulse,Email,8
ENG001173,C000309,11305,Mary Hartman,2026-05-07,campaign_click,Retention Pulse,Email,12
ENG001174,C000309,11305,Mary Hartman,2026-05-08,promo_response,Reactivation,Email,18
ENG001175,C000310,9740,Mary Smith,2026-05-06,campaign_open,Retention Pulse,Email,8
ENG001176,C000310,9740,Mary Smith,2026-05-07,campaign_click,Retention Pulse,Email,12
ENG001177,C000310,9740,Mary Smith,2026-05-08,account_page_view,Service Recovery,Portal,22
ENG001178,C000310,9740,Mary Smith,2026-05-09,unsubscribe_risk,Escalation Follow-up,Email,-10
ENG001179,C000311,3038,Mary Schmidt,2026-05-06,campaign_open,Retention Pulse,Email,8
ENG001180,C000311,3038,Mary Schmidt,2026-05-07,campaign_click,Retention Pulse,Email,12
ENG001181,C000311,3038,Mary Schmidt,2026-05-08,promo_response,Reactivation,Email,18
ENG001182,C000312,8071,Gary Baker,2026-05-06,campaign_open,Retention Pulse,Email,8
ENG001183,C000312,8071,Gary Baker,2026-05-07,campaign_click,Retention Pulse,Email,12
ENG001184,C000312,8071,Gary Baker,2026-05-08,account_page_view,Service Recovery,Portal,22
ENG001185,C000312,8071,Gary Baker,2026-05-09,unsubscribe_risk,Escalation Follow-up,Email,-10
ENG001186,C000313,4454,Robert Smith,2026-05-06,campaign_open,Retention Pulse,Email,8
ENG001187,C000313,4454,Robert Smith,2026-05-07,campaign_click,Retention Pulse,Email,12
ENG001188,C000313,4454,Robert Smith,2026-05-08,account_page_view,Service Recovery,Portal,22
ENG001189,C000313,4454,Robert Smith,2026-05-09,unsubscribe_risk,Escalation Follow-up,Email,-10
ENG001190,C000314,10008,Arthur Garrison,2026-05-06,campaign_open,Retention Pulse,Email,8
ENG001191,C000314,10008,Arthur Garrison,2026-05-07,campaign_click,Retention Pulse,Email,12
ENG001192,C000314,10008,Arthur Garrison,2026-05-08,promo_response,Reactivation,Email,18
ENG001193,C000315,1979,Kimberly Kramer,2026-05-06,campaign_open,Retention Pulse,Email,8
ENG001194,C000315,1979,Kimberly Kramer,2026-05-07,campaign_click,Retention Pulse,Email,12
ENG001195,C000315,1979,Kimberly Kramer,2026-05-08,account_page_view,Service Recovery,Portal,22
ENG001196,C000315,1979,Kimberly Kramer,2026-05-09,unsubscribe_risk,Escalation Follow-up,Email,-10
ENG001197,C000316,9833,Jacob Smith,2026-05-06,campaign_open,Retention Pulse,Email,8
ENG001198,C000316,9833,Jacob Smith,2026-05-07,campaign_click,Retention Pulse,Email,12
ENG001199,C000316,9833,Jacob Smith,2026-05-08,account_page_view,Service Recovery,Portal,22
ENG001200,C000316,9833,Jacob Smith,2026-05-09,unsubscribe_risk,Escalation Follow-up,Email,-10
ENG001201,C000317,4290,Lori Davis,2026-05-06,campaign_open,Retention Pulse,Email,8
ENG001202,C000317,4290,Lori Davis,2026-05-07,campaign_click,Retention Pulse,Email,12
ENG001203,C000317,4290,Lori Davis,2026-05-08,account_page_view,Service Recovery,Portal,22
ENG001204,C000317,4290,Lori Davis,2026-05-09,unsubscribe_risk,Escalation Follow-up,Email,-10
ENG001205,C000318,11884,Evelyn Contreras,2026-05-06,campaign_open,Retention Pulse,Email,8
ENG001206,C000318,11884,Evelyn Contreras,2026-05-07,campaign_click,Retention Pulse,Email,12
ENG001207,C000318,11884,Evelyn Contreras,2026-05-08,account_page_view,Service Recovery,Portal,22
ENG001208,C000318,11884,Evelyn Contreras,2026-05-09,unsubscribe_risk,Escalation Follow-up,Email,-10
ENG001209,C000319,3983,Mary Smith,2026-05-06,campaign_open,Retention Pulse,Email,8
ENG001210,C000319,3983,Mary Smith,2026-05-07,campaign_click,Retention Pulse,Email,12
ENG001211,C000319,3983,Mary Smith,2026-05-08,account_page_view,Service Recovery,Portal,22
ENG001212,C000319,3983,Mary Smith,2026-05-09,unsubscribe_risk,Escalation Follow-up,Email,-10
ENG001213,C000320,5175,Mary Sullivan,2026-05-06,campaign_open,Retention Pulse,Email,8
ENG001214,C000320,5175,Mary Sullivan,2026-05-07,campaign_click,Retention Pulse,Email,12
ENG001215,C000320,5175,Mary Sullivan,2026-05-08,promo_response,Reactivation,Email,18
ENG001216,C000321,1664,Mary Arnold,2026-05-06,campaign_open,Retention Pulse,Email,8
ENG001217,C000321,1664,Mary Arnold,2026-05-07,campaign_click,Retention Pulse,Email,12
ENG001218,C000321,1664,Mary Arnold,2026-05-08,account_page_view,Service Recovery,Portal,22
ENG001219,C000321,1664,Mary Arnold,2026-05-09,unsubscribe_risk,Escalation Follow-up,Email,-10
ENG001220,C000322,5752,Barbara Smith,2026-05-06,campaign_open,Retention Pulse,Email,8
ENG001221,C000322,5752,Barbara Smith,2026-05-07,campaign_click,Retention Pulse,Email,12
ENG001222,C000322,5752,Barbara Smith,2026-05-08,account_page_view,Service Recovery,Portal,22
ENG001223,C000322,5752,Barbara Smith,2026-05-09,unsubscribe_risk,Escalation Follow-up,Email,-10
ENG001224,C000323,4980,Mary Wilson,2026-05-06,campaign_open,Retention Pulse,Email,8
ENG001225,C000323,4980,Mary Wilson,2026-05-07,campaign_click,Retention Pulse,Email,12
ENG001226,C000323,4980,Mary Wilson,2026-05-08,account_page_view,Service Recovery,Portal,22
ENG001227,C000323,4980,Mary Wilson,2026-05-09,unsubscribe_risk,Escalation Follow-up,Email,-10
ENG001228,C000324,3800,Shawn Smith,2026-05-06,campaign_open,Retention Pulse,Email,8
ENG001229,C000324,3800,Shawn Smith,2026-05-07,campaign_click,Retention Pulse,Email,12
ENG001230,C000324,3800,Shawn Smith,2026-05-08,account_page_view,Service Recovery,Portal,22
ENG001231,C000324,3800,Shawn Smith,2026-05-09,unsubscribe_risk,Escalation Follow-up,Email,-10
ENG001232,C000325,291,John Smith,2026-05-06,campaign_open,Retention Pulse,Email,8
ENG001233,C000325,291,John Smith,2026-05-07,campaign_click,Retention Pulse,Email,12
ENG001234,C000325,291,John Smith,2026-05-08,account_page_view,Service Recovery,Portal,22
ENG001235,C000325,291,John Smith,2026-05-09,unsubscribe_risk,Escalation Follow-up,Email,-10
ENG001236,C000326,10185,Austin Buck,2026-05-06,campaign_open,Retention Pulse,Email,8
ENG001237,C000326,10185,Austin Buck,2026-05-07,campaign_click,Retention Pulse,Email,12
ENG001238,C000326,10185,Austin Buck,2026-05-08,account_page_view,Service Recovery,Portal,22
ENG001239,C000326,10185,Austin Buck,2026-05-09,unsubscribe_risk,Escalation Follow-up,Email,-10
ENG001240,C000327,7190,Mary Mckinney,2026-05-06,campaign_open,Retention Pulse,Email,8
ENG001241,C000327,7190,Mary Mckinney,2026-05-07,campaign_click,Retention Pulse,Email,12
ENG001242,C000327,7190,Mary Mckinney,2026-05-08,account_page_view,Service Recovery,Portal,22
ENG001243,C000327,7190,Mary Mckinney,2026-05-09,unsubscribe_risk,Escalation Follow-up,Email,-10
ENG001244,C000328,4697,Kathryn Singh,2026-05-06,campaign_open,Retention Pulse,Email,8
ENG001245,C000328,4697,Kathryn Singh,2026-05-07,campaign_click,Retention Pulse,Email,12
ENG001246,C000328,4697,Kathryn Singh,2026-05-08,account_page_view,Service Recovery,Portal,22
ENG001247,C000328,4697,Kathryn Singh,2026-05-09,unsubscribe_risk,Escalation Follow-up,Email,-10
ENG001248,C000329,3735,Mary Lewis,2026-05-06,campaign_open,Retention Pulse,Email,8
ENG001249,C000329,3735,Mary Lewis,2026-05-07,campaign_click,Retention Pulse,Email,12
ENG001250,C000329,3735,Mary Lewis,2026-05-08,account_page_view,Service Recovery,Portal,22
ENG001251,C000329,3735,Mary Lewis,2026-05-09,unsubscribe_risk,Escalation Follow-up,Email,-10
ENG001252,C000330,2462,Lawrence Kent,2026-05-06,campaign_open,Retention Pulse,Email,8
ENG001253,C000330,2462,Lawrence Kent,2026-05-07,campaign_click,Retention Pulse,Email,12
ENG001254,C000330,2462,Lawrence Kent,2026-05-08,account_page_view,Service Recovery,Portal,22
ENG001255,C000330,2462,Lawrence Kent,2026-05-09,unsubscribe_risk,Escalation Follow-up,Email,-10
ENG001256,C000331,8524,Ruth Farrell,2026-05-06,campaign_open,Retention Pulse,Email,8
ENG001257,C000331,8524,Ruth Farrell,2026-05-07,campaign_click,Retention Pulse,Email,12
ENG001258,C000331,8524,Ruth Farrell,2026-05-08,account_page_view,Service Recovery,Portal,22
ENG001259,C000331,8524,Ruth Farrell,2026-05-09,unsubscribe_risk,Escalation Follow-up,Email,-10
ENG001260,C000332,697,Harold Pratt,2026-05-06,campaign_open,Retention Pulse,Email,8
ENG001261,C000332,697,Harold Pratt,2026-05-07,campaign_click,Retention Pulse,Email,12
ENG001262,C000332,697,Harold Pratt,2026-05-08,account_page_view,Service Recovery,Portal,22
ENG001263,C000332,697,Harold Pratt,2026-05-09,unsubscribe_risk,Escalation Follow-up,Email,-10
ENG001264,C000333,12,Christopher Smith,2026-05-06,campaign_open,Retention Pulse,Email,8
ENG001265,C000333,12,Christopher Smith,2026-05-07,campaign_click,Retention Pulse,Email,12
ENG001266,C000333,12,Christopher Smith,2026-05-08,promo_response,Reactivation,Email,18
ENG001267,C000334,8847,Ruth Brown,2026-05-06,campaign_open,Retention Pulse,Email,8
ENG001268,C000334,8847,Ruth Brown,2026-05-07,campaign_click,Retention Pulse,Email,12
ENG001269,C000334,8847,Ruth Brown,2026-05-08,account_page_view,Service Recovery,Portal,22
ENG001270,C000334,8847,Ruth Brown,2026-05-09,unsubscribe_risk,Escalation Follow-up,Email,-10
ENG001271,C000335,12205,Roy Smith,2026-05-06,campaign_open,Retention Pulse,Email,8
ENG001272,C000335,12205,Roy Smith,2026-05-07,campaign_click,Retention Pulse,Email,12
ENG001273,C000335,12205,Roy Smith,2026-05-08,account_page_view,Service Recovery,Portal,22
ENG001274,C000335,12205,Roy Smith,2026-05-09,unsubscribe_risk,Escalation Follow-up,Email,-10
ENG001275,C000336,2537,Mary Smith,2026-05-06,campaign_open,Retention Pulse,Email,8
ENG001276,C000336,2537,Mary Smith,2026-05-07,campaign_click,Retention Pulse,Email,12
ENG001277,C000336,2537,Mary Smith,2026-05-08,account_page_view,Service Recovery,Portal,22
ENG001278,C000336,2537,Mary Smith,2026-05-09,unsubscribe_risk,Escalation Follow-up,Email,-10
ENG001279,C000337,11901,Mary Smith,2026-05-06,campaign_open,Retention Pulse,Email,8
ENG001280,C000337,11901,Mary Smith,2026-05-07,campaign_click,Retention Pulse,Email,12
ENG001281,C000337,11901,Mary Smith,2026-05-08,account_page_view,Service Recovery,Portal,22
ENG001282,C000337,11901,Mary Smith,2026-05-09,unsubscribe_risk,Escalation Follow-up,Email,-10
ENG001283,C000338,1014,Mary Maxwell,2026-05-06,campaign_open,Retention Pulse,Email,8
ENG001284,C000338,1014,Mary Maxwell,2026-05-07,campaign_click,Retention Pulse,Email,12
ENG001285,C000338,1014,Mary Maxwell,2026-05-08,account_page_view,Service Recovery,Portal,22
ENG001286,C000338,1014,Mary Maxwell,2026-05-09,unsubscribe_risk,Escalation Follow-up,Email,-10
ENG001287,C000339,8192,Kathryn Marshall,2026-05-06,campaign_open,Retention Pulse,Email,8
ENG001288,C000339,8192,Kathryn Marshall,2026-05-07,campaign_click,Retention Pulse,Email,12
ENG001289,C000339,8192,Kathryn Marshall,2026-05-08,account_page_view,Service Recovery,Portal,22
ENG001290,C000339,8192,Kathryn Marshall,2026-05-09,unsubscribe_risk,Escalation Follow-up,Email,-10
ENG001291,C000340,1972,Marilyn Smith,2026-05-06,campaign_open,Retention Pulse,Email,8
ENG001292,C000340,1972,Marilyn Smith,2026-05-07,campaign_click,Retention Pulse,Email,12
ENG001293,C000340,1972,Marilyn Smith,2026-05-08,account_page_view,Service Recovery,Portal,22
ENG001294,C000340,1972,Marilyn Smith,2026-05-09,unsubscribe_risk,Escalation Follow-up,Email,-10
ENG001295,C000341,11422,Mary Jones,2026-05-06,campaign_open,Retention Pulse,Email,8
ENG001296,C000341,11422,Mary Jones,2026-05-07,campaign_click,Retention Pulse,Email,12
ENG001297,C000341,11422,Mary Jones,2026-05-08,account_page_view,Service Recovery,Portal,22
ENG001298,C000341,11422,Mary Jones,2026-05-09,unsubscribe_risk,Escalation Follow-up,Email,-10
ENG001299,C000342,4936,Kyle Smith,2026-05-06,campaign_open,Retention Pulse,Email,8
ENG001300,C000342,4936,Kyle Smith,2026-05-07,campaign_click,Retention Pulse,Email,12
ENG001301,C000342,4936,Kyle Smith,2026-05-08,account_page_view,Service Recovery,Portal,22
ENG001302,C000342,4936,Kyle Smith,2026-05-09,unsubscribe_risk,Escalation Follow-up,Email,-10
ENG001303,C000343,2842,Charles Johnson,2026-05-06,campaign_open,Retention Pulse,Email,8
ENG001304,C000343,2842,Charles Johnson,2026-05-07,campaign_click,Retention Pulse,Email,12
ENG001305,C000343,2842,Charles Johnson,2026-05-08,account_page_view,Service Recovery,Portal,22
ENG001306,C000343,2842,Charles Johnson,2026-05-09,unsubscribe_risk,Escalation Follow-up,Email,-10
ENG001307,C000344,2625,Betty Wyatt,2026-05-06,campaign_open,Retention Pulse,Email,8
ENG001308,C000344,2625,Betty Wyatt,2026-05-07,campaign_click,Retention Pulse,Email,12
ENG001309,C000344,2625,Betty Wyatt,2026-05-08,promo_response,Reactivation,Email,18
ENG001310,C000345,10634,Mary King,2026-05-06,campaign_open,Retention Pulse,Email,8
ENG001311,C000345,10634,Mary King,2026-05-07,campaign_click,Retention Pulse,Email,12
ENG001312,C000345,10634,Mary King,2026-05-08,promo_response,Reactivation,Email,18
ENG001313,C000346,12235,Jane Smith,2026-05-06,campaign_open,Retention Pulse,Email,8
ENG001314,C000346,12235,Jane Smith,2026-05-07,campaign_click,Retention Pulse,Email,12
ENG001315,C000346,12235,Jane Smith,2026-05-08,account_page_view,Service Recovery,Portal,22
ENG001316,C000346,12235,Jane Smith,2026-05-09,unsubscribe_risk,Escalation Follow-up,Email,-10
ENG001317,C000347,9213,Jennifer Williamson,2026-05-06,campaign_open,Retention Pulse,Email,8
ENG001318,C000347,9213,Jennifer Williamson,2026-05-07,campaign_click,Retention Pulse,Email,12
ENG001319,C000347,9213,Jennifer Williamson,2026-05-08,account_page_view,Service Recovery,Portal,22
ENG001320,C000347,9213,Jennifer Williamson,2026-05-09,unsubscribe_risk,Escalation Follow-up,Email,-10
ENG001321,C000348,1782,Robert Smith,2026-05-06,campaign_open,Retention Pulse,Email,8
ENG001322,C000348,1782,Robert Smith,2026-05-07,campaign_click,Retention Pulse,Email,12
ENG001323,C000348,1782,Robert Smith,2026-05-08,account_page_view,Service Recovery,Portal,22
ENG001324,C000348,1782,Robert Smith,2026-05-09,unsubscribe_risk,Escalation Follow-up,Email,-10
ENG001325,C000349,10635,Donna Torres,2026-05-06,campaign_open,Retention Pulse,Email,8
ENG001326,C000349,10635,Donna Torres,2026-05-07,campaign_click,Retention Pulse,Email,12
ENG001327,C000349,10635,Donna Torres,2026-05-08,promo_response,Reactivation,Email,18
ENG001328,C000350,1054,Barbara Cooley,2026-05-06,campaign_open,Retention Pulse,Email,8
ENG001329,C000350,1054,Barbara Cooley,2026-05-07,campaign_click,Retention Pulse,Email,12
ENG001330,C000350,1054,Barbara Cooley,2026-05-08,account_page_view,Service Recovery,Portal,22
ENG001331,C000350,1054,Barbara Cooley,2026-05-09,unsubscribe_risk,Escalation Follow-up,Email,-10
ENG001332,C000351,7278,Mary Liu,2026-05-06,campaign_open,Retention Pulse,Email,8
ENG001333,C000351,7278,Mary Liu,2026-05-07,campaign_click,Retention Pulse,Email,12
ENG001334,C000351,7278,Mary Liu,2026-05-08,promo_response,Reactivation,Email,18
ENG001335,C000352,10447,Mary Smith,2026-05-06,campaign_open,Retention Pulse,Email,8
ENG001336,C000352,10447,Mary Smith,2026-05-07,campaign_click,Retention Pulse,Email,12
ENG001337,C000352,10447,Mary Smith,2026-05-08,account_page_view,Service Recovery,Portal,22
ENG001338,C000352,10447,Mary Smith,2026-05-09,unsubscribe_risk,Escalation Follow-up,Email,-10
ENG001339,C000353,2180,Shirley Smith,2026-05-06,campaign_open,Retention Pulse,Email,8
ENG001340,C000353,2180,Shirley Smith,2026-05-07,campaign_click,Retention Pulse,Email,12
ENG001341,C000353,2180,Shirley Smith,2026-05-08,account_page_view,Service Recovery,Portal,22
ENG001342,C000353,2180,Shirley Smith,2026-05-09,unsubscribe_risk,Escalation Follow-up,Email,-10
ENG001343,C000354,10013,Jessica Smith,2026-05-06,campaign_open,Retention Pulse,Email,8
ENG001344,C000354,10013,Jessica Smith,2026-05-07,campaign_click,Retention Pulse,Email,12
ENG001345,C000354,10013,Jessica Smith,2026-05-08,account_page_view,Service Recovery,Portal,22
ENG001346,C000354,10013,Jessica Smith,2026-05-09,unsubscribe_risk,Escalation Follow-up,Email,-10
ENG001347,C000355,5682,Mary Proctor,2026-05-06,campaign_open,Retention Pulse,Email,8
ENG001348,C000355,5682,Mary Proctor,2026-05-07,campaign_click,Retention Pulse,Email,12
ENG001349,C000355,5682,Mary Proctor,2026-05-08,promo_response,Reactivation,Email,18
ENG001350,C000356,12329,Scott Norman,2026-05-06,campaign_open,Retention Pulse,Email,8
ENG001351,C000356,12329,Scott Norman,2026-05-07,campaign_click,Retention Pulse,Email,12
ENG001352,C000356,12329,Scott Norman,2026-05-08,account_page_view,Service Recovery,Portal,22
ENG001353,C000356,12329,Scott Norman,2026-05-09,unsubscribe_risk,Escalation Follow-up,Email,-10
ENG001354,C000357,3099,Brittany Copeland,2026-05-06,campaign_open,Retention Pulse,Email,8
ENG001355,C000357,3099,Brittany Copeland,2026-05-07,campaign_click,Retention Pulse,Email,12
ENG001356,C000357,3099,Brittany Copeland,2026-05-08,account_page_view,Service Recovery,Portal,22
ENG001357,C000357,3099,Brittany Copeland,2026-05-09,unsubscribe_risk,Escalation Follow-up,Email,-10
ENG001358,C000358,4150,Jordan Riley,2026-05-06,campaign_open,Retention Pulse,Email,8
ENG001359,C000358,4150,Jordan Riley,2026-05-07,campaign_click,Retention Pulse,Email,12
ENG001360,C000358,4150,Jordan Riley,2026-05-08,promo_response,Reactivation,Email,18
ENG001361,C000359,7432,Betty Smith,2026-05-06,campaign_open,Retention Pulse,Email,8
ENG001362,C000359,7432,Betty Smith,2026-05-07,campaign_click,Retention Pulse,Email,12
ENG001363,C000359,7432,Betty Smith,2026-05-08,account_page_view,Service Recovery,Portal,22
ENG001364,C000359,7432,Betty Smith,2026-05-09,unsubscribe_risk,Escalation Follow-up,Email,-10
ENG001365,C000360,6623,Christian Turner,2026-05-06,campaign_open,Retention Pulse,Email,8
ENG001366,C000360,6623,Christian Turner,2026-05-07,campaign_click,Retention Pulse,Email,12
ENG001367,C000360,6623,Christian Turner,2026-05-08,promo_response,Reactivation,Email,18
ENG001368,C000361,1149,Cynthia Harper,2026-05-06,campaign_open,Retention Pulse,Email,8
ENG001369,C000361,1149,Cynthia Harper,2026-05-07,campaign_click,Retention Pulse,Email,12
ENG001370,C000361,1149,Cynthia Harper,2026-05-08,account_page_view,Service Recovery,Portal,22
ENG001371,C000361,1149,Cynthia Harper,2026-05-09,unsubscribe_risk,Escalation Follow-up,Email,-10
ENG001372,C000362,1937,Mary Werner,2026-05-06,campaign_open,Retention Pulse,Email,8
ENG001373,C000362,1937,Mary Werner,2026-05-07,campaign_click,Retention Pulse,Email,12
ENG001374,C000362,1937,Mary Werner,2026-05-08,account_page_view,Service Recovery,Portal,22
ENG001375,C000362,1937,Mary Werner,2026-05-09,unsubscribe_risk,Escalation Follow-up,Email,-10
ENG001376,C000363,3635,Catherine Flowers,2026-05-06,campaign_open,Retention Pulse,Email,8
ENG001377,C000363,3635,Catherine Flowers,2026-05-07,campaign_click,Retention Pulse,Email,12
ENG001378,C000363,3635,Catherine Flowers,2026-05-08,account_page_view,Service Recovery,Portal,22
ENG001379,C000363,3635,Catherine Flowers,2026-05-09,unsubscribe_risk,Escalation Follow-up,Email,-10
ENG001380,C000364,10982,Joan Harris,2026-05-06,campaign_open,Retention Pulse,Email,8
ENG001381,C000364,10982,Joan Harris,2026-05-07,campaign_click,Retention Pulse,Email,12
ENG001382,C000364,10982,Joan Harris,2026-05-08,account_page_view,Service Recovery,Portal,22
ENG001383,C000364,10982,Joan Harris,2026-05-09,unsubscribe_risk,Escalation Follow-up,Email,-10
ENG001384,C000365,3529,Victoria Weaver,2026-05-06,campaign_open,Retention Pulse,Email,8
ENG001385,C000365,3529,Victoria Weaver,2026-05-07,campaign_click,Retention Pulse,Email,12
ENG001386,C000365,3529,Victoria Weaver,2026-05-08,account_page_view,Service Recovery,Portal,22
ENG001387,C000365,3529,Victoria Weaver,2026-05-09,unsubscribe_risk,Escalation Follow-up,Email,-10
ENG001388,C000366,1721,Jeremy Hart,2026-05-06,campaign_open,Retention Pulse,Email,8
ENG001389,C000366,1721,Jeremy Hart,2026-05-07,campaign_click,Retention Pulse,Email,12
ENG001390,C000366,1721,Jeremy Hart,2026-05-08,promo_response,Reactivation,Email,18
ENG001391,C000367,5446,Mary Smith,2026-05-06,campaign_open,Retention Pulse,Email,8
ENG001392,C000367,5446,Mary Smith,2026-05-07,campaign_click,Retention Pulse,Email,12
ENG001393,C000367,5446,Mary Smith,2026-05-08,promo_response,Reactivation,Email,18
ENG001394,C000368,3257,Julia Mcconnell,2026-05-06,campaign_open,Retention Pulse,Email,8
ENG001395,C000368,3257,Julia Mcconnell,2026-05-07,campaign_click,Retention Pulse,Email,12
ENG001396,C000368,3257,Julia Mcconnell,2026-05-08,account_page_view,Service Recovery,Portal,22
ENG001397,C000368,3257,Julia Mcconnell,2026-05-09,unsubscribe_risk,Escalation Follow-up,Email,-10
ENG001398,C000369,9153,Sharon Jenkins,2026-05-06,campaign_open,Retention Pulse,Email,8
ENG001399,C000369,9153,Sharon Jenkins,2026-05-07,campaign_click,Retention Pulse,Email,12
ENG001400,C000369,9153,Sharon Jenkins,2026-05-08,account_page_view,Service Recovery,Portal,22
ENG001401,C000369,9153,Sharon Jenkins,2026-05-09,unsubscribe_risk,Escalation Follow-up,Email,-10
ENG001402,C000370,542,Mary Smith,2026-05-06,campaign_open,Retention Pulse,Email,8
ENG001403,C000370,542,Mary Smith,2026-05-07,campaign_click,Retention Pulse,Email,12
ENG001404,C000370,542,Mary Smith,2026-05-08,account_page_view,Service Recovery,Portal,22
ENG001405,C000370,542,Mary Smith,2026-05-09,unsubscribe_risk,Escalation Follow-up,Email,-10
ENG001406,C000371,3337,Jeffrey Smith,2026-05-06,campaign_open,Retention Pulse,Email,8
ENG001407,C000371,3337,Jeffrey Smith,2026-05-07,campaign_click,Retention Pulse,Email,12
ENG001408,C000371,3337,Jeffrey Smith,2026-05-08,account_page_view,Service Recovery,Portal,22
ENG001409,C000371,3337,Jeffrey Smith,2026-05-09,unsubscribe_risk,Escalation Follow-up,Email,-10
ENG001410,C000372,4514,Carl Nicholson,2026-05-06,campaign_open,Retention Pulse,Email,8
ENG001411,C000372,4514,Carl Nicholson,2026-05-07,campaign_click,Retention Pulse,Email,12
ENG001412,C000372,4514,Carl Nicholson,2026-05-08,promo_response,Reactivation,Email,18
ENG001413,C000373,2205,Wayne Rodriguez,2026-05-06,campaign_open,Retention Pulse,Email,8
ENG001414,C000373,2205,Wayne Rodriguez,2026-05-07,campaign_click,Retention Pulse,Email,12
ENG001415,C000373,2205,Wayne Rodriguez,2026-05-08,account_page_view,Service Recovery,Portal,22
ENG001416,C000373,2205,Wayne Rodriguez,2026-05-09,unsubscribe_risk,Escalation Follow-up,Email,-10
ENG001417,C000374,12106,Mary Smith,2026-05-06,campaign_open,Retention Pulse,Email,8
ENG001418,C000374,12106,Mary Smith,2026-05-07,campaign_click,Retention Pulse,Email,12
ENG001419,C000374,12106,Mary Smith,2026-05-08,account_page_view,Service Recovery,Portal,22
ENG001420,C000374,12106,Mary Smith,2026-05-09,unsubscribe_risk,Escalation Follow-up,Email,-10
ENG001421,C000375,634,Jack Edwards,2026-05-06,campaign_open,Retention Pulse,Email,8
ENG001422,C000375,634,Jack Edwards,2026-05-07,campaign_click,Retention Pulse,Email,12
ENG001423,C000375,634,Jack Edwards,2026-05-08,account_page_view,Service Recovery,Portal,22
ENG001424,C000375,634,Jack Edwards,2026-05-09,unsubscribe_risk,Escalation Follow-up,Email,-10
ENG001425,C000376,5904,Catherine Peterson,2026-05-06,campaign_open,Retention Pulse,Email,8
ENG001426,C000376,5904,Catherine Peterson,2026-05-07,campaign_click,Retention Pulse,Email,12
ENG001427,C000376,5904,Catherine Peterson,2026-05-08,promo_response,Reactivation,Email,18
ENG001428,C000377,3498,Elizabeth Ramos,2026-05-06,campaign_open,Retention Pulse,Email,8
ENG001429,C000377,3498,Elizabeth Ramos,2026-05-07,campaign_click,Retention Pulse,Email,12
ENG001430,C000377,3498,Elizabeth Ramos,2026-05-08,account_page_view,Service Recovery,Portal,22
ENG001431,C000377,3498,Elizabeth Ramos,2026-05-09,unsubscribe_risk,Escalation Follow-up,Email,-10
ENG001432,C000378,8920,Linda Smith,2026-05-06,campaign_open,Retention Pulse,Email,8
ENG001433,C000378,8920,Linda Smith,2026-05-07,campaign_click,Retention Pulse,Email,12
ENG001434,C000378,8920,Linda Smith,2026-05-08,promo_response,Reactivation,Email,18
ENG001435,C000379,3603,Susan Smith,2026-05-06,campaign_open,Retention Pulse,Email,8
ENG001436,C000379,3603,Susan Smith,2026-05-07,campaign_click,Retention Pulse,Email,12
ENG001437,C000379,3603,Susan Smith,2026-05-08,account_page_view,Service Recovery,Portal,22
ENG001438,C000379,3603,Susan Smith,2026-05-09,unsubscribe_risk,Escalation Follow-up,Email,-10
ENG001439,C000380,5739,Mary Palmer,2026-05-06,campaign_open,Retention Pulse,Email,8
ENG001440,C000380,5739,Mary Palmer,2026-05-07,campaign_click,Retention Pulse,Email,12
ENG001441,C000380,5739,Mary Palmer,2026-05-08,promo_response,Reactivation,Email,18
ENG001442,C000381,7744,Kathleen Kelley,2026-05-06,campaign_open,Retention Pulse,Email,8
ENG001443,C000381,7744,Kathleen Kelley,2026-05-07,campaign_click,Retention Pulse,Email,12
ENG001444,C000381,7744,Kathleen Kelley,2026-05-08,promo_response,Reactivation,Email,18
ENG001445,C000382,7457,Cheryl Smith,2026-05-06,campaign_open,Retention Pulse,Email,8
ENG001446,C000382,7457,Cheryl Smith,2026-05-07,campaign_click,Retention Pulse,Email,12
ENG001447,C000382,7457,Cheryl Smith,2026-05-08,promo_response,Reactivation,Email,18
ENG001448,C000383,5395,Mary Bell,2026-05-06,campaign_open,Retention Pulse,Email,8
ENG001449,C000383,5395,Mary Bell,2026-05-07,campaign_click,Retention Pulse,Email,12
ENG001450,C000383,5395,Mary Bell,2026-05-08,account_page_view,Service Recovery,Portal,22
ENG001451,C000383,5395,Mary Bell,2026-05-09,unsubscribe_risk,Escalation Follow-up,Email,-10
ENG001452,C000384,10831,Larry Smith,2026-05-06,campaign_open,Retention Pulse,Email,8
ENG001453,C000384,10831,Larry Smith,2026-05-07,campaign_click,Retention Pulse,Email,12
ENG001454,C000384,10831,Larry Smith,2026-05-08,promo_response,Reactivation,Email,18
ENG001455,C000385,2708,Jennifer Dominguez,2026-05-06,campaign_open,Retention Pulse,Email,8
ENG001456,C000385,2708,Jennifer Dominguez,2026-05-07,campaign_click,Retention Pulse,Email,12
ENG001457,C000385,2708,Jennifer Dominguez,2026-05-08,account_page_view,Service Recovery,Portal,22
ENG001458,C000385,2708,Jennifer Dominguez,2026-05-09,unsubscribe_risk,Escalation Follow-up,Email,-10
ENG001459,C000386,688,Kathy Gross,2026-05-06,campaign_open,Retention Pulse,Email,8
ENG001460,C000386,688,Kathy Gross,2026-05-07,campaign_click,Retention Pulse,Email,12
ENG001461,C000386,688,Kathy Gross,2026-05-08,account_page_view,Service Recovery,Portal,22
ENG001462,C000386,688,Kathy Gross,2026-05-09,unsubscribe_risk,Escalation Follow-up,Email,-10
ENG001463,C000387,8090,Mary Martinez,2026-05-06,campaign_open,Retention Pulse,Email,8
ENG001464,C000387,8090,Mary Martinez,2026-05-07,campaign_click,Retention Pulse,Email,12
ENG001465,C000387,8090,Mary Martinez,2026-05-08,account_page_view,Service Recovery,Portal,22
ENG001466,C000387,8090,Mary Martinez,2026-05-09,unsubscribe_risk,Escalation Follow-up,Email,-10
ENG001467,C000388,9590,Adam Smith,2026-05-06,campaign_open,Retention Pulse,Email,8
ENG001468,C000388,9590,Adam Smith,2026-05-07,campaign_click,Retention Pulse,Email,12
ENG001469,C000388,9590,Adam Smith,2026-05-08,account_page_view,Service Recovery,Portal,22
ENG001470,C000388,9590,Adam Smith,2026-05-09,unsubscribe_risk,Escalation Follow-up,Email,-10
ENG001471,C000389,9377,Carol Leach,2026-05-06,campaign_open,Retention Pulse,Email,8
ENG001472,C000389,9377,Carol Leach,2026-05-07,campaign_click,Retention Pulse,Email,12
ENG001473,C000389,9377,Carol Leach,2026-05-08,account_page_view,Service Recovery,Portal,22
ENG001474,C000389,9377,Carol Leach,2026-05-09,unsubscribe_risk,Escalation Follow-up,Email,-10
ENG001475,C000390,6970,Helen Long,2026-05-06,campaign_open,Retention Pulse,Email,8
ENG001476,C000390,6970,Helen Long,2026-05-07,campaign_click,Retention Pulse,Email,12
ENG001477,C000390,6970,Helen Long,2026-05-08,promo_response,Reactivation,Email,18
ENG001478,C000391,5197,Brenda Jordan,2026-05-06,campaign_open,Retention Pulse,Email,8
ENG001479,C000391,5197,Brenda Jordan,2026-05-07,campaign_click,Retention Pulse,Email,12
ENG001480,C000391,5197,Brenda Jordan,2026-05-08,promo_response,Reactivation,Email,18
ENG001481,C000392,9871,Jonathan Smith,2026-05-06,campaign_open,Retention Pulse,Email,8
ENG001482,C000392,9871,Jonathan Smith,2026-05-07,campaign_click,Retention Pulse,Email,12
ENG001483,C000392,9871,Jonathan Smith,2026-05-08,account_page_view,Service Recovery,Portal,22
ENG001484,C000392,9871,Jonathan Smith,2026-05-09,unsubscribe_risk,Escalation Follow-up,Email,-10
ENG001485,C000393,6959,Joan Lin,2026-05-06,campaign_open,Retention Pulse,Email,8
ENG001486,C000393,6959,Joan Lin,2026-05-07,campaign_click,Retention Pulse,Email,12
ENG001487,C000393,6959,Joan Lin,2026-05-08,account_page_view,Service Recovery,Portal,22
ENG001488,C000393,6959,Joan Lin,2026-05-09,unsubscribe_risk,Escalation Follow-up,Email,-10
ENG001489,C000394,2564,Phillip Smith,2026-05-06,campaign_open,Retention Pulse,Email,8
ENG001490,C000394,2564,Phillip Smith,2026-05-07,campaign_click,Retention Pulse,Email,12
ENG001491,C000394,2564,Phillip Smith,2026-05-08,account_page_view,Service Recovery,Portal,22
ENG001492,C000394,2564,Phillip Smith,2026-05-09,unsubscribe_risk,Escalation Follow-up,Email,-10
ENG001493,C000395,1100,Megan Moyer,2026-05-06,campaign_open,Retention Pulse,Email,8
ENG001494,C000395,1100,Megan Moyer,2026-05-07,campaign_click,Retention Pulse,Email,12
ENG001495,C000395,1100,Megan Moyer,2026-05-08,promo_response,Reactivation,Email,18
ENG001496,C000396,6473,Mary Castillo,2026-05-06,campaign_open,Retention Pulse,Email,8
ENG001497,C000396,6473,Mary Castillo,2026-05-07,campaign_click,Retention Pulse,Email,12
ENG001498,C000396,6473,Mary Castillo,2026-05-08,promo_response,Reactivation,Email,18
ENG001499,C000397,5755,Marie Shah,2026-05-06,campaign_open,Retention Pulse,Email,8
ENG001500,C000397,5755,Marie Shah,2026-05-07,campaign_click,Retention Pulse,Email,12
ENG001501,C000397,5755,Marie Shah,2026-05-08,promo_response,Reactivation,Email,18
ENG001502,C000398,1379,Raymond Harvey,2026-05-06,campaign_open,Retention Pulse,Email,8
ENG001503,C000398,1379,Raymond Harvey,2026-05-07,campaign_click,Retention Pulse,Email,12
ENG001504,C000398,1379,Raymond Harvey,2026-05-08,promo_response,Reactivation,Email,18
ENG001505,C000399,8368,Susan Smith,2026-05-06,campaign_open,Retention Pulse,Email,8
ENG001506,C000399,8368,Susan Smith,2026-05-07,campaign_click,Retention Pulse,Email,12
ENG001507,C000399,8368,Susan Smith,2026-05-08,account_page_view,Service Recovery,Portal,22
ENG001508,C000399,8368,Susan Smith,2026-05-09,unsubscribe_risk,Escalation Follow-up,Email,-10
ENG001509,C000400,3373,Mary Willis,2026-05-06,campaign_open,Retention Pulse,Email,8
ENG001510,C000400,3373,Mary Willis,2026-05-07,campaign_click,Retention Pulse,Email,12
ENG001511,C000400,3373,Mary Willis,2026-05-08,account_page_view,Service Recovery,Portal,22
ENG001512,C000400,3373,Mary Willis,2026-05-09,unsubscribe_risk,Escalation Follow-up,Email,-10
ENG001513,C000401,3297,Bryan Lewis,2026-05-06,campaign_open,Retention Pulse,Email,8
ENG001514,C000401,3297,Bryan Lewis,2026-05-07,campaign_click,Retention Pulse,Email,12
ENG001515,C000401,3297,Bryan Lewis,2026-05-08,promo_response,Reactivation,Email,18
ENG001516,C000402,8917,Mary Smith,2026-05-06,campaign_open,Retention Pulse,Email,8
ENG001517,C000402,8917,Mary Smith,2026-05-07,campaign_click,Retention Pulse,Email,12
ENG001518,C000402,8917,Mary Smith,2026-05-08,promo_response,Reactivation,Email,18
ENG001519,C000403,194,Mary Bates,2026-05-06,campaign_open,Retention Pulse,Email,8
ENG001520,C000403,194,Mary Bates,2026-05-07,campaign_click,Retention Pulse,Email,12
ENG001521,C000403,194,Mary Bates,2026-05-08,account_page_view,Service Recovery,Portal,22
ENG001522,C000403,194,Mary Bates,2026-05-09,unsubscribe_risk,Escalation Follow-up,Email,-10
ENG001523,C000404,6862,Mary Taylor,2026-05-06,campaign_open,Retention Pulse,Email,8
ENG001524,C000404,6862,Mary Taylor,2026-05-07,campaign_click,Retention Pulse,Email,12
ENG001525,C000404,6862,Mary Taylor,2026-05-08,account_page_view,Service Recovery,Portal,22
ENG001526,C000404,6862,Mary Taylor,2026-05-09,unsubscribe_risk,Escalation Follow-up,Email,-10
ENG001527,C000405,3816,Dorothy Smith,2026-05-06,campaign_open,Retention Pulse,Email,8
ENG001528,C000405,3816,Dorothy Smith,2026-05-07,campaign_click,Retention Pulse,Email,12
ENG001529,C000405,3816,Dorothy Smith,2026-05-08,account_page_view,Service Recovery,Portal,22
ENG001530,C000405,3816,Dorothy Smith,2026-05-09,unsubscribe_risk,Escalation Follow-up,Email,-10
ENG001531,C000406,8012,Gregory Smith,2026-05-06,campaign_open,Retention Pulse,Email,8
ENG001532,C000406,8012,Gregory Smith,2026-05-07,campaign_click,Retention Pulse,Email,12
ENG001533,C000406,8012,Gregory Smith,2026-05-08,promo_response,Reactivation,Email,18
ENG001534,C000407,4770,Andrea Malone,2026-05-06,campaign_open,Retention Pulse,Email,8
ENG001535,C000407,4770,Andrea Malone,2026-05-07,campaign_click,Retention Pulse,Email,12
ENG001536,C000407,4770,Andrea Malone,2026-05-08,account_page_view,Service Recovery,Portal,22
ENG001537,C000407,4770,Andrea Malone,2026-05-09,unsubscribe_risk,Escalation Follow-up,Email,-10
ENG001538,C000408,633,Mary Campbell,2026-05-06,campaign_open,Retention Pulse,Email,8
ENG001539,C000408,633,Mary Campbell,2026-05-07,campaign_click,Retention Pulse,Email,12
ENG001540,C000408,633,Mary Campbell,2026-05-08,promo_response,Reactivation,Email,18
ENG001541,C000409,1868,Mary Riddle,2026-05-06,campaign_open,Retention Pulse,Email,8
ENG001542,C000409,1868,Mary Riddle,2026-05-07,campaign_click,Retention Pulse,Email,12
ENG001543,C000409,1868,Mary Riddle,2026-05-08,promo_response,Reactivation,Email,18
ENG001544,C000410,7082,Adam Blair,2026-05-06,campaign_open,Retention Pulse,Email,8
ENG001545,C000410,7082,Adam Blair,2026-05-07,campaign_click,Retention Pulse,Email,12
ENG001546,C000410,7082,Adam Blair,2026-05-08,account_page_view,Service Recovery,Portal,22
ENG001547,C000410,7082,Adam Blair,2026-05-09,unsubscribe_risk,Escalation Follow-up,Email,-10
ENG001548,C000411,1535,Frank Livingston,2026-05-06,campaign_open,Retention Pulse,Email,8
ENG001549,C000411,1535,Frank Livingston,2026-05-07,campaign_click,Retention Pulse,Email,12
ENG001550,C000411,1535,Frank Livingston,2026-05-08,promo_response,Reactivation,Email,18
ENG001551,C000412,1503,Mary Garner,2026-05-06,campaign_open,Retention Pulse,Email,8
ENG001552,C000412,1503,Mary Garner,2026-05-07,campaign_click,Retention Pulse,Email,12
ENG001553,C000412,1503,Mary Garner,2026-05-08,account_page_view,Service Recovery,Portal,22
ENG001554,C000412,1503,Mary Garner,2026-05-09,unsubscribe_risk,Escalation Follow-up,Email,-10
ENG001555,C000413,6836,Virginia Smith,2026-05-06,campaign_open,Retention Pulse,Email,8
ENG001556,C000413,6836,Virginia Smith,2026-05-07,campaign_click,Retention Pulse,Email,12
ENG001557,C000413,6836,Virginia Smith,2026-05-08,account_page_view,Service Recovery,Portal,22
ENG001558,C000413,6836,Virginia Smith,2026-05-09,unsubscribe_risk,Escalation Follow-up,Email,-10
ENG001559,C000414,5570,Mary Smith,2026-05-06,campaign_open,Retention Pulse,Email,8
ENG001560,C000414,5570,Mary Smith,2026-05-07,campaign_click,Retention Pulse,Email,12
ENG001561,C000414,5570,Mary Smith,2026-05-08,account_page_view,Service Recovery,Portal,22
ENG001562,C000414,5570,Mary Smith,2026-05-09,unsubscribe_risk,Escalation Follow-up,Email,-10
ENG001563,C000415,5821,Jessica Humphrey,2026-05-06,campaign_open,Retention Pulse,Email,8
ENG001564,C000415,5821,Jessica Humphrey,2026-05-07,campaign_click,Retention Pulse,Email,12
ENG001565,C000415,5821,Jessica Humphrey,2026-05-08,promo_response,Reactivation,Email,18
ENG001566,C000416,8290,Benjamin Jennings,2026-05-06,campaign_open,Retention Pulse,Email,8
ENG001567,C000416,8290,Benjamin Jennings,2026-05-07,campaign_click,Retention Pulse,Email,12
ENG001568,C000416,8290,Benjamin Jennings,2026-05-08,account_page_view,Service Recovery,Portal,22
ENG001569,C000416,8290,Benjamin Jennings,2026-05-09,unsubscribe_risk,Escalation Follow-up,Email,-10
ENG001570,C000417,4596,Mary Burns,2026-05-06,campaign_open,Retention Pulse,Email,8
ENG001571,C000417,4596,Mary Burns,2026-05-07,campaign_click,Retention Pulse,Email,12
ENG001572,C000417,4596,Mary Burns,2026-05-08,account_page_view,Service Recovery,Portal,22
ENG001573,C000417,4596,Mary Burns,2026-05-09,unsubscribe_risk,Escalation Follow-up,Email,-10
ENG001574,C000418,1222,Michael Garcia,2026-05-06,campaign_open,Retention Pulse,Email,8
ENG001575,C000418,1222,Michael Garcia,2026-05-07,campaign_click,Retention Pulse,Email,12
ENG001576,C000418,1222,Michael Garcia,2026-05-08,account_page_view,Service Recovery,Portal,22
ENG001577,C000418,1222,Michael Garcia,2026-05-09,unsubscribe_risk,Escalation Follow-up,Email,-10
ENG001578,C000419,5606,Teresa White,2026-05-06,campaign_open,Retention Pulse,Email,8
ENG001579,C000419,5606,Teresa White,2026-05-07,campaign_click,Retention Pulse,Email,12
ENG001580,C000419,5606,Teresa White,2026-05-08,account_page_view,Service Recovery,Portal,22
ENG001581,C000419,5606,Teresa White,2026-05-09,unsubscribe_risk,Escalation Follow-up,Email,-10
ENG001582,C000420,6230,Kenneth Cameron,2026-05-06,campaign_open,Retention Pulse,Email,8
ENG001583,C000420,6230,Kenneth Cameron,2026-05-07,campaign_click,Retention Pulse,Email,12
ENG001584,C000420,6230,Kenneth Cameron,2026-05-08,account_page_view,Service Recovery,Portal,22
ENG001585,C000420,6230,Kenneth Cameron,2026-05-09,unsubscribe_risk,Escalation Follow-up,Email,-10
ENG001586,C000421,7123,Carl Smith,2026-05-06,campaign_open,Retention Pulse,Email,8
ENG001587,C000421,7123,Carl Smith,2026-05-07,campaign_click,Retention Pulse,Email,12
ENG001588,C000421,7123,Carl Smith,2026-05-08,account_page_view,Service Recovery,Portal,22
ENG001589,C000421,7123,Carl Smith,2026-05-09,unsubscribe_risk,Escalation Follow-up,Email,-10
ENG001590,C000422,8382,Joshua Mullins,2026-05-06,campaign_open,Retention Pulse,Email,8
ENG001591,C000422,8382,Joshua Mullins,2026-05-07,campaign_click,Retention Pulse,Email,12
ENG001592,C000422,8382,Joshua Mullins,2026-05-08,promo_response,Reactivation,Email,18
ENG001593,C000423,6948,Mary Smith,2026-05-06,campaign_open,Retention Pulse,Email,8
ENG001594,C000423,6948,Mary Smith,2026-05-07,campaign_click,Retention Pulse,Email,12
ENG001595,C000423,6948,Mary Smith,2026-05-08,account_page_view,Service Recovery,Portal,22
ENG001596,C000423,6948,Mary Smith,2026-05-09,unsubscribe_risk,Escalation Follow-up,Email,-10
ENG001597,C000424,6806,Catherine Guerra,2026-05-06,campaign_open,Retention Pulse,Email,8
ENG001598,C000424,6806,Catherine Guerra,2026-05-07,campaign_click,Retention Pulse,Email,12
ENG001599,C000424,6806,Catherine Guerra,2026-05-08,account_page_view,Service Recovery,Portal,22
ENG001600,C000424,6806,Catherine Guerra,2026-05-09,unsubscribe_risk,Escalation Follow-up,Email,-10
ENG001601,C000425,6110,Mary Smith,2026-05-06,campaign_open,Retention Pulse,Email,8
ENG001602,C000425,6110,Mary Smith,2026-05-07,campaign_click,Retention Pulse,Email,12
ENG001603,C000425,6110,Mary Smith,2026-05-08,account_page_view,Service Recovery,Portal,22
ENG001604,C000425,6110,Mary Smith,2026-05-09,unsubscribe_risk,Escalation Follow-up,Email,-10
ENG001605,C000426,8971,Mary Gill,2026-05-06,campaign_open,Retention Pulse,Email,8
ENG001606,C000426,8971,Mary Gill,2026-05-07,campaign_click,Retention Pulse,Email,12
ENG001607,C000426,8971,Mary Gill,2026-05-08,account_page_view,Service Recovery,Portal,22
ENG001608,C000426,8971,Mary Gill,2026-05-09,unsubscribe_risk,Escalation Follow-up,Email,-10
ENG001609,C000427,5013,Mary Peters,2026-05-06,campaign_open,Retention Pulse,Email,8
ENG001610,C000427,5013,Mary Peters,2026-05-07,campaign_click,Retention Pulse,Email,12
ENG001611,C000427,5013,Mary Peters,2026-05-08,account_page_view,Service Recovery,Portal,22
ENG001612,C000427,5013,Mary Peters,2026-05-09,unsubscribe_risk,Escalation Follow-up,Email,-10
ENG001613,C000428,8812,Mary Woodward,2026-05-06,campaign_open,Retention Pulse,Email,8
ENG001614,C000428,8812,Mary Woodward,2026-05-07,campaign_click,Retention Pulse,Email,12
ENG001615,C000428,8812,Mary Woodward,2026-05-08,account_page_view,Service Recovery,Portal,22
ENG001616,C000428,8812,Mary Woodward,2026-05-09,unsubscribe_risk,Escalation Follow-up,Email,-10
ENG001617,C000429,10612,Anna Smith,2026-05-06,campaign_open,Retention Pulse,Email,8
ENG001618,C000429,10612,Anna Smith,2026-05-07,campaign_click,Retention Pulse,Email,12
ENG001619,C000429,10612,Anna Smith,2026-05-08,account_page_view,Service Recovery,Portal,22
ENG001620,C000429,10612,Anna Smith,2026-05-09,unsubscribe_risk,Escalation Follow-up,Email,-10
ENG001621,C000430,10845,John Smith,2026-05-06,campaign_open,Retention Pulse,Email,8
ENG001622,C000430,10845,John Smith,2026-05-07,campaign_click,Retention Pulse,Email,12
ENG001623,C000430,10845,John Smith,2026-05-08,account_page_view,Service Recovery,Portal,22
ENG001624,C000430,10845,John Smith,2026-05-09,unsubscribe_risk,Escalation Follow-up,Email,-10
ENG001625,C000431,5097,Jennifer Moore,2026-05-06,campaign_open,Retention Pulse,Email,8
ENG001626,C000431,5097,Jennifer Moore,2026-05-07,campaign_click,Retention Pulse,Email,12
ENG001627,C000431,5097,Jennifer Moore,2026-05-08,account_page_view,Service Recovery,Portal,22
ENG001628,C000431,5097,Jennifer Moore,2026-05-09,unsubscribe_risk,Escalation Follow-up,Email,-10
ENG001629,C000432,698,Mary Smith,2026-05-06,campaign_open,Retention Pulse,Email,8
ENG001630,C000432,698,Mary Smith,2026-05-07,campaign_click,Retention Pulse,Email,12
ENG001631,C000432,698,Mary Smith,2026-05-08,promo_response,Reactivation,Email,18
ENG001632,C000433,8166,Patricia Smith,2026-05-06,campaign_open,Retention Pulse,Email,8
ENG001633,C000433,8166,Patricia Smith,2026-05-07,campaign_click,Retention Pulse,Email,12
ENG001634,C000433,8166,Patricia Smith,2026-05-08,account_page_view,Service Recovery,Portal,22
ENG001635,C000433,8166,Patricia Smith,2026-05-09,unsubscribe_risk,Escalation Follow-up,Email,-10
ENG001636,C000434,8171,Benjamin Cole,2026-05-06,campaign_open,Retention Pulse,Email,8
ENG001637,C000434,8171,Benjamin Cole,2026-05-07,campaign_click,Retention Pulse,Email,12
ENG001638,C000434,8171,Benjamin Cole,2026-05-08,account_page_view,Service Recovery,Portal,22
ENG001639,C000434,8171,Benjamin Cole,2026-05-09,unsubscribe_risk,Escalation Follow-up,Email,-10
ENG001640,C000435,10501,Jennifer Richardson,2026-05-06,campaign_open,Retention Pulse,Email,8
ENG001641,C000435,10501,Jennifer Richardson,2026-05-07,campaign_click,Retention Pulse,Email,12
ENG001642,C000435,10501,Jennifer Richardson,2026-05-08,promo_response,Reactivation,Email,18
ENG001643,C000436,5264,Mary Smith,2026-05-06,campaign_open,Retention Pulse,Email,8
ENG001644,C000436,5264,Mary Smith,2026-05-07,campaign_click,Retention Pulse,Email,12
ENG001645,C000436,5264,Mary Smith,2026-05-08,promo_response,Reactivation,Email,18
ENG001646,C000437,2514,Mary Luna,2026-05-06,campaign_open,Retention Pulse,Email,8
ENG001647,C000437,2514,Mary Luna,2026-05-07,campaign_click,Retention Pulse,Email,12
ENG001648,C000437,2514,Mary Luna,2026-05-08,promo_response,Reactivation,Email,18
ENG001649,C000438,3593,Christina Lewis,2026-05-06,campaign_open,Retention Pulse,Email,8
ENG001650,C000438,3593,Christina Lewis,2026-05-07,campaign_click,Retention Pulse,Email,12
ENG001651,C000438,3593,Christina Lewis,2026-05-08,account_page_view,Service Recovery,Portal,22
ENG001652,C000438,3593,Christina Lewis,2026-05-09,unsubscribe_risk,Escalation Follow-up,Email,-10
ENG001653,C000439,9513,Brian Rice,2026-05-06,campaign_open,Retention Pulse,Email,8
ENG001654,C000439,9513,Brian Rice,2026-05-07,campaign_click,Retention Pulse,Email,12
ENG001655,C000439,9513,Brian Rice,2026-05-08,promo_response,Reactivation,Email,18
ENG001656,C000440,2755,Andrew Smith,2026-05-06,campaign_open,Retention Pulse,Email,8
ENG001657,C000440,2755,Andrew Smith,2026-05-07,campaign_click,Retention Pulse,Email,12
ENG001658,C000440,2755,Andrew Smith,2026-05-08,account_page_view,Service Recovery,Portal,22
ENG001659,C000440,2755,Andrew Smith,2026-05-09,unsubscribe_risk,Escalation Follow-up,Email,-10
ENG001660,C000441,11755,Mary Jackson,2026-05-06,campaign_open,Retention Pulse,Email,8
ENG001661,C000441,11755,Mary Jackson,2026-05-07,campaign_click,Retention Pulse,Email,12
ENG001662,C000441,11755,Mary Jackson,2026-05-08,account_page_view,Service Recovery,Portal,22
ENG001663,C000441,11755,Mary Jackson,2026-05-09,unsubscribe_risk,Escalation Follow-up,Email,-10
ENG001664,C000442,173,Jose Smith,2026-05-06,campaign_open,Retention Pulse,Email,8
ENG001665,C000442,173,Jose Smith,2026-05-07,campaign_click,Retention Pulse,Email,12
ENG001666,C000442,173,Jose Smith,2026-05-08,promo_response,Reactivation,Email,18
ENG001667,C000443,3051,John Johnson,2026-05-06,campaign_open,Retention Pulse,Email,8
ENG001668,C000443,3051,John Johnson,2026-05-07,campaign_click,Retention Pulse,Email,12
ENG001669,C000443,3051,John Johnson,2026-05-08,account_page_view,Service Recovery,Portal,22
ENG001670,C000443,3051,John Johnson,2026-05-09,unsubscribe_risk,Escalation Follow-up,Email,-10
ENG001671,C000444,9119,Mary Smith,2026-05-06,campaign_open,Retention Pulse,Email,8
ENG001672,C000444,9119,Mary Smith,2026-05-07,campaign_click,Retention Pulse,Email,12
ENG001673,C000444,9119,Mary Smith,2026-05-08,account_page_view,Service Recovery,Portal,22
ENG001674,C000444,9119,Mary Smith,2026-05-09,unsubscribe_risk,Escalation Follow-up,Email,-10
ENG001675,C000445,4512,Jane Anderson,2026-05-06,campaign_open,Retention Pulse,Email,8
ENG001676,C000445,4512,Jane Anderson,2026-05-07,campaign_click,Retention Pulse,Email,12
ENG001677,C000445,4512,Jane Anderson,2026-05-08,account_page_view,Service Recovery,Portal,22
ENG001678,C000445,4512,Jane Anderson,2026-05-09,unsubscribe_risk,Escalation Follow-up,Email,-10
ENG001679,C000446,9436,Mary Torres,2026-05-06,campaign_open,Retention Pulse,Email,8
ENG001680,C000446,9436,Mary Torres,2026-05-07,campaign_click,Retention Pulse,Email,12
ENG001681,C000446,9436,Mary Torres,2026-05-08,account_page_view,Service Recovery,Portal,22
ENG001682,C000446,9436,Mary Torres,2026-05-09,unsubscribe_risk,Escalation Follow-up,Email,-10
ENG001683,C000447,9489,Danielle Dixon,2026-05-06,campaign_open,Retention Pulse,Email,8
ENG001684,C000447,9489,Danielle Dixon,2026-05-07,campaign_click,Retention Pulse,Email,12
ENG001685,C000447,9489,Danielle Dixon,2026-05-08,account_page_view,Service Recovery,Portal,22
ENG001686,C000447,9489,Danielle Dixon,2026-05-09,unsubscribe_risk,Escalation Follow-up,Email,-10
ENG001687,C000448,6789,Jessica Mcintosh,2026-05-06,campaign_open,Retention Pulse,Email,8
ENG001688,C000448,6789,Jessica Mcintosh,2026-05-07,campaign_click,Retention Pulse,Email,12
ENG001689,C000448,6789,Jessica Mcintosh,2026-05-08,account_page_view,Service Recovery,Portal,22
ENG001690,C000448,6789,Jessica Mcintosh,2026-05-09,unsubscribe_risk,Escalation Follow-up,Email,-10
ENG001691,C000449,9876,Mary Smith,2026-05-06,campaign_open,Retention Pulse,Email,8
ENG001692,C000449,9876,Mary Smith,2026-05-07,campaign_click,Retention Pulse,Email,12
ENG001693,C000449,9876,Mary Smith,2026-05-08,promo_response,Reactivation,Email,18
ENG001694,C000450,9353,Michael Scott,2026-05-06,campaign_open,Retention Pulse,Email,8
ENG001695,C000450,9353,Michael Scott,2026-05-07,campaign_click,Retention Pulse,Email,12
ENG001696,C000450,9353,Michael Scott,2026-05-08,account_page_view,Service Recovery,Portal,22
ENG001697,C000450,9353,Michael Scott,2026-05-09,unsubscribe_risk,Escalation Follow-up,Email,-10
ENG001698,C000451,238,Charles Turner,2026-05-06,campaign_open,Retention Pulse,Email,8
ENG001699,C000451,238,Charles Turner,2026-05-07,campaign_click,Retention Pulse,Email,12
ENG001700,C000451,238,Charles Turner,2026-05-08,account_page_view,Service Recovery,Portal,22
ENG001701,C000451,238,Charles Turner,2026-05-09,unsubscribe_risk,Escalation Follow-up,Email,-10
ENG001702,C000452,5784,Matthew Wolfe,2026-05-06,campaign_open,Retention Pulse,Email,8
ENG001703,C000452,5784,Matthew Wolfe,2026-05-07,campaign_click,Retention Pulse,Email,12
ENG001704,C000452,5784,Matthew Wolfe,2026-05-08,promo_response,Reactivation,Email,18
ENG001705,C000453,1261,Victoria Hancock,2026-05-06,campaign_open,Retention Pulse,Email,8
ENG001706,C000453,1261,Victoria Hancock,2026-05-07,campaign_click,Retention Pulse,Email,12
ENG001707,C000453,1261,Victoria Hancock,2026-05-08,promo_response,Reactivation,Email,18
ENG001708,C000454,2508,Brandon Adkins,2026-05-06,campaign_open,Retention Pulse,Email,8
ENG001709,C000454,2508,Brandon Adkins,2026-05-07,campaign_click,Retention Pulse,Email,12
ENG001710,C000454,2508,Brandon Adkins,2026-05-08,account_page_view,Service Recovery,Portal,22
ENG001711,C000454,2508,Brandon Adkins,2026-05-09,unsubscribe_risk,Escalation Follow-up,Email,-10
ENG001712,C000455,10211,Jeffrey Smith,2026-05-06,campaign_open,Retention Pulse,Email,8
ENG001713,C000455,10211,Jeffrey Smith,2026-05-07,campaign_click,Retention Pulse,Email,12
ENG001714,C000455,10211,Jeffrey Smith,2026-05-08,account_page_view,Service Recovery,Portal,22
ENG001715,C000455,10211,Jeffrey Smith,2026-05-09,unsubscribe_risk,Escalation Follow-up,Email,-10
ENG001716,C000456,11741,Mary Smith,2026-05-06,campaign_open,Retention Pulse,Email,8
ENG001717,C000456,11741,Mary Smith,2026-05-07,campaign_click,Retention Pulse,Email,12
ENG001718,C000456,11741,Mary Smith,2026-05-08,account_page_view,Service Recovery,Portal,22
ENG001719,C000456,11741,Mary Smith,2026-05-09,unsubscribe_risk,Escalation Follow-up,Email,-10
ENG001720,C000457,8666,Mary Smith,2026-05-06,campaign_open,Retention Pulse,Email,8
ENG001721,C000457,8666,Mary Smith,2026-05-07,campaign_click,Retention Pulse,Email,12
ENG001722,C000457,8666,Mary Smith,2026-05-08,account_page_view,Service Recovery,Portal,22
ENG001723,C000457,8666,Mary Smith,2026-05-09,unsubscribe_risk,Escalation Follow-up,Email,-10
ENG001724,C000458,6156,Mary Hernandez,2026-05-06,campaign_open,Retention Pulse,Email,8
ENG001725,C000458,6156,Mary Hernandez,2026-05-07,campaign_click,Retention Pulse,Email,12
ENG001726,C000458,6156,Mary Hernandez,2026-05-08,account_page_view,Service Recovery,Portal,22
ENG001727,C000458,6156,Mary Hernandez,2026-05-09,unsubscribe_risk,Escalation Follow-up,Email,-10
ENG001728,C000459,10653,Mary Smith,2026-05-06,campaign_open,Retention Pulse,Email,8
ENG001729,C000459,10653,Mary Smith,2026-05-07,campaign_click,Retention Pulse,Email,12
ENG001730,C000459,10653,Mary Smith,2026-05-08,account_page_view,Service Recovery,Portal,22
ENG001731,C000459,10653,Mary Smith,2026-05-09,unsubscribe_risk,Escalation Follow-up,Email,-10
ENG001732,C000460,7830,Christina Carroll,2026-05-06,campaign_open,Retention Pulse,Email,8
ENG001733,C000460,7830,Christina Carroll,2026-05-07,campaign_click,Retention Pulse,Email,12
ENG001734,C000460,7830,Christina Carroll,2026-05-08,account_page_view,Service Recovery,Portal,22
ENG001735,C000460,7830,Christina Carroll,2026-05-09,unsubscribe_risk,Escalation Follow-up,Email,-10
ENG001736,C000461,5873,Jerry Clark,2026-05-06,campaign_open,Retention Pulse,Email,8
ENG001737,C000461,5873,Jerry Clark,2026-05-07,campaign_click,Retention Pulse,Email,12
ENG001738,C000461,5873,Jerry Clark,2026-05-08,account_page_view,Service Recovery,Portal,22
ENG001739,C000461,5873,Jerry Clark,2026-05-09,unsubscribe_risk,Escalation Follow-up,Email,-10
ENG001740,C000462,3295,Maria Joseph,2026-05-06,campaign_open,Retention Pulse,Email,8
ENG001741,C000462,3295,Maria Joseph,2026-05-07,campaign_click,Retention Pulse,Email,12
ENG001742,C000462,3295,Maria Joseph,2026-05-08,account_page_view,Service Recovery,Portal,22
ENG001743,C000462,3295,Maria Joseph,2026-05-09,unsubscribe_risk,Escalation Follow-up,Email,-10
ENG001744,C000463,4257,William Smith,2026-05-06,campaign_open,Retention Pulse,Email,8
ENG001745,C000463,4257,William Smith,2026-05-07,campaign_click,Retention Pulse,Email,12
ENG001746,C000463,4257,William Smith,2026-05-08,account_page_view,Service Recovery,Portal,22
ENG001747,C000463,4257,William Smith,2026-05-09,unsubscribe_risk,Escalation Follow-up,Email,-10
ENG001748,C000464,10967,Alexander Cunningham,2026-05-06,campaign_open,Retention Pulse,Email,8
ENG001749,C000464,10967,Alexander Cunningham,2026-05-07,campaign_click,Retention Pulse,Email,12
ENG001750,C000464,10967,Alexander Cunningham,2026-05-08,account_page_view,Service Recovery,Portal,22
ENG001751,C000464,10967,Alexander Cunningham,2026-05-09,unsubscribe_risk,Escalation Follow-up,Email,-10
ENG001752,C000465,10438,Barbara Johnston,2026-05-06,campaign_open,Retention Pulse,Email,8
ENG001753,C000465,10438,Barbara Johnston,2026-05-07,campaign_click,Retention Pulse,Email,12
ENG001754,C000465,10438,Barbara Johnston,2026-05-08,promo_response,Reactivation,Email,18
ENG001755,C000466,8027,James Smith,2026-05-06,campaign_open,Retention Pulse,Email,8
ENG001756,C000466,8027,James Smith,2026-05-07,campaign_click,Retention Pulse,Email,12
ENG001757,C000466,8027,James Smith,2026-05-08,promo_response,Reactivation,Email,18
ENG001758,C000467,1658,Dylan Conner,2026-05-06,campaign_open,Retention Pulse,Email,8
ENG001759,C000467,1658,Dylan Conner,2026-05-07,campaign_click,Retention Pulse,Email,12
ENG001760,C000467,1658,Dylan Conner,2026-05-08,account_page_view,Service Recovery,Portal,22
ENG001761,C000467,1658,Dylan Conner,2026-05-09,unsubscribe_risk,Escalation Follow-up,Email,-10
ENG001762,C000468,2872,Mary Ortiz,2026-05-06,campaign_open,Retention Pulse,Email,8
ENG001763,C000468,2872,Mary Ortiz,2026-05-07,campaign_click,Retention Pulse,Email,12
ENG001764,C000468,2872,Mary Ortiz,2026-05-08,account_page_view,Service Recovery,Portal,22
ENG001765,C000468,2872,Mary Ortiz,2026-05-09,unsubscribe_risk,Escalation Follow-up,Email,-10
ENG001766,C000469,10555,Mary Howell,2026-05-06,campaign_open,Retention Pulse,Email,8
ENG001767,C000469,10555,Mary Howell,2026-05-07,campaign_click,Retention Pulse,Email,12
ENG001768,C000469,10555,Mary Howell,2026-05-08,account_page_view,Service Recovery,Portal,22
ENG001769,C000469,10555,Mary Howell,2026-05-09,unsubscribe_risk,Escalation Follow-up,Email,-10
ENG001770,C000470,11960,Ryan Allen,2026-05-06,campaign_open,Retention Pulse,Email,8
ENG001771,C000470,11960,Ryan Allen,2026-05-07,campaign_click,Retention Pulse,Email,12
ENG001772,C000470,11960,Ryan Allen,2026-05-08,promo_response,Reactivation,Email,18
ENG001773,C000471,679,Grace Smith,2026-05-06,campaign_open,Retention Pulse,Email,8
ENG001774,C000471,679,Grace Smith,2026-05-07,campaign_click,Retention Pulse,Email,12
ENG001775,C000471,679,Grace Smith,2026-05-08,account_page_view,Service Recovery,Portal,22
ENG001776,C000471,679,Grace Smith,2026-05-09,unsubscribe_risk,Escalation Follow-up,Email,-10
ENG001777,C000472,9692,Carolyn Price,2026-05-06,campaign_open,Retention Pulse,Email,8
ENG001778,C000472,9692,Carolyn Price,2026-05-07,campaign_click,Retention Pulse,Email,12
ENG001779,C000472,9692,Carolyn Price,2026-05-08,account_page_view,Service Recovery,Portal,22
ENG001780,C000472,9692,Carolyn Price,2026-05-09,unsubscribe_risk,Escalation Follow-up,Email,-10
ENG001781,C000473,6125,Jeremy Pennington,2026-05-06,campaign_open,Retention Pulse,Email,8
ENG001782,C000473,6125,Jeremy Pennington,2026-05-07,campaign_click,Retention Pulse,Email,12
ENG001783,C000473,6125,Jeremy Pennington,2026-05-08,account_page_view,Service Recovery,Portal,22
ENG001784,C000473,6125,Jeremy Pennington,2026-05-09,unsubscribe_risk,Escalation Follow-up,Email,-10
ENG001785,C000474,5549,Kathryn Smith,2026-05-06,campaign_open,Retention Pulse,Email,8
ENG001786,C000474,5549,Kathryn Smith,2026-05-07,campaign_click,Retention Pulse,Email,12
ENG001787,C000474,5549,Kathryn Smith,2026-05-08,account_page_view,Service Recovery,Portal,22
ENG001788,C000474,5549,Kathryn Smith,2026-05-09,unsubscribe_risk,Escalation Follow-up,Email,-10
ENG001789,C000475,10307,Bobby Miller,2026-05-06,campaign_open,Retention Pulse,Email,8
ENG001790,C000475,10307,Bobby Miller,2026-05-07,campaign_click,Retention Pulse,Email,12
ENG001791,C000475,10307,Bobby Miller,2026-05-08,account_page_view,Service Recovery,Portal,22
ENG001792,C000475,10307,Bobby Miller,2026-05-09,unsubscribe_risk,Escalation Follow-up,Email,-10
ENG001793,C000476,10407,William Clay,2026-05-06,campaign_open,Retention Pulse,Email,8
ENG001794,C000476,10407,William Clay,2026-05-07,campaign_click,Retention Pulse,Email,12
ENG001795,C000476,10407,William Clay,2026-05-08,account_page_view,Service Recovery,Portal,22
ENG001796,C000476,10407,William Clay,2026-05-09,unsubscribe_risk,Escalation Follow-up,Email,-10
ENG001797,C000477,2553,Hannah Ellison,2026-05-06,campaign_open,Retention Pulse,Email,8
ENG001798,C000477,2553,Hannah Ellison,2026-05-07,campaign_click,Retention Pulse,Email,12
ENG001799,C000477,2553,Hannah Ellison,2026-05-08,account_page_view,Service Recovery,Portal,22
ENG001800,C000477,2553,Hannah Ellison,2026-05-09,unsubscribe_risk,Escalation Follow-up,Email,-10
ENG001801,C000478,5579,Mary Hurley,2026-05-06,campaign_open,Retention Pulse,Email,8
ENG001802,C000478,5579,Mary Hurley,2026-05-07,campaign_click,Retention Pulse,Email,12
ENG001803,C000478,5579,Mary Hurley,2026-05-08,account_page_view,Service Recovery,Portal,22
ENG001804,C000478,5579,Mary Hurley,2026-05-09,unsubscribe_risk,Escalation Follow-up,Email,-10
ENG001805,C000479,4406,Mary Smith,2026-05-06,campaign_open,Retention Pulse,Email,8
ENG001806,C000479,4406,Mary Smith,2026-05-07,campaign_click,Retention Pulse,Email,12
ENG001807,C000479,4406,Mary Smith,2026-05-08,account_page_view,Service Recovery,Portal,22
ENG001808,C000479,4406,Mary Smith,2026-05-09,unsubscribe_risk,Escalation Follow-up,Email,-10
ENG001809,C000480,2278,Marie Smith,2026-05-06,campaign_open,Retention Pulse,Email,8
ENG001810,C000480,2278,Marie Smith,2026-05-07,campaign_click,Retention Pulse,Email,12
ENG001811,C000480,2278,Marie Smith,2026-05-08,promo_response,Reactivation,Email,18
ENG001812,C000481,10735,Albert Valdez,2026-05-06,campaign_open,Retention Pulse,Email,8
ENG001813,C000481,10735,Albert Valdez,2026-05-07,campaign_click,Retention Pulse,Email,12
ENG001814,C000481,10735,Albert Valdez,2026-05-08,account_page_view,Service Recovery,Portal,22
ENG001815,C000481,10735,Albert Valdez,2026-05-09,unsubscribe_risk,Escalation Follow-up,Email,-10
ENG001816,C000482,8895,Mary Ferguson,2026-05-06,campaign_open,Retention Pulse,Email,8
ENG001817,C000482,8895,Mary Ferguson,2026-05-07,campaign_click,Retention Pulse,Email,12
ENG001818,C000482,8895,Mary Ferguson,2026-05-08,account_page_view,Service Recovery,Portal,22
ENG001819,C000482,8895,Mary Ferguson,2026-05-09,unsubscribe_risk,Escalation Follow-up,Email,-10
ENG001820,C000483,578,Dylan Knapp,2026-05-06,campaign_open,Retention Pulse,Email,8
ENG001821,C000483,578,Dylan Knapp,2026-05-07,campaign_click,Retention Pulse,Email,12
ENG001822,C000483,578,Dylan Knapp,2026-05-08,account_page_view,Service Recovery,Portal,22
ENG001823,C000483,578,Dylan Knapp,2026-05-09,unsubscribe_risk,Escalation Follow-up,Email,-10
ENG001824,C000484,8769,Mary Cantrell,2026-05-06,campaign_open,Retention Pulse,Email,8
ENG001825,C000484,8769,Mary Cantrell,2026-05-07,campaign_click,Retention Pulse,Email,12
ENG001826,C000484,8769,Mary Cantrell,2026-05-08,promo_response,Reactivation,Email,18
ENG001827,C000485,5311,Mary Smith,2026-05-06,campaign_open,Retention Pulse,Email,8
ENG001828,C000485,5311,Mary Smith,2026-05-07,campaign_click,Retention Pulse,Email,12
ENG001829,C000485,5311,Mary Smith,2026-05-08,account_page_view,Service Recovery,Portal,22
ENG001830,C000485,5311,Mary Smith,2026-05-09,unsubscribe_risk,Escalation Follow-up,Email,-10
ENG001831,C000486,10081,Mary Castillo,2026-05-06,campaign_open,Retention Pulse,Email,8
ENG001832,C000486,10081,Mary Castillo,2026-05-07,campaign_click,Retention Pulse,Email,12
ENG001833,C000486,10081,Mary Castillo,2026-05-08,account_page_view,Service Recovery,Portal,22
ENG001834,C000486,10081,Mary Castillo,2026-05-09,unsubscribe_risk,Escalation Follow-up,Email,-10
ENG001835,C000487,4013,Gloria Thornton,2026-05-06,campaign_open,Retention Pulse,Email,8
ENG001836,C000487,4013,Gloria Thornton,2026-05-07,campaign_click,Retention Pulse,Email,12
ENG001837,C000487,4013,Gloria Thornton,2026-05-08,account_page_view,Service Recovery,Portal,22
ENG001838,C000487,4013,Gloria Thornton,2026-05-09,unsubscribe_risk,Escalation Follow-up,Email,-10
ENG001839,C000488,3655,Karen Conway,2026-05-06,campaign_open,Retention Pulse,Email,8
ENG001840,C000488,3655,Karen Conway,2026-05-07,campaign_click,Retention Pulse,Email,12
ENG001841,C000488,3655,Karen Conway,2026-05-08,promo_response,Reactivation,Email,18
ENG001842,C000489,2555,Mary Long,2026-05-06,campaign_open,Retention Pulse,Email,8
ENG001843,C000489,2555,Mary Long,2026-05-07,campaign_click,Retention Pulse,Email,12
ENG001844,C000489,2555,Mary Long,2026-05-08,promo_response,Reactivation,Email,18
ENG001845,C000490,3755,Eugene Smith,2026-05-06,campaign_open,Retention Pulse,Email,8
ENG001846,C000490,3755,Eugene Smith,2026-05-07,campaign_click,Retention Pulse,Email,12
ENG001847,C000490,3755,Eugene Smith,2026-05-08,promo_response,Reactivation,Email,18
ENG001848,C000491,3423,Mary Smith,2026-05-06,campaign_open,Retention Pulse,Email,8
ENG001849,C000491,3423,Mary Smith,2026-05-07,campaign_click,Retention Pulse,Email,12
ENG001850,C000491,3423,Mary Smith,2026-05-08,account_page_view,Service Recovery,Portal,22
ENG001851,C000491,3423,Mary Smith,2026-05-09,unsubscribe_risk,Escalation Follow-up,Email,-10
ENG001852,C000492,3838,Joseph Jackson,2026-05-06,campaign_open,Retention Pulse,Email,8
ENG001853,C000492,3838,Joseph Jackson,2026-05-07,campaign_click,Retention Pulse,Email,12
ENG001854,C000492,3838,Joseph Jackson,2026-05-08,account_page_view,Service Recovery,Portal,22
ENG001855,C000492,3838,Joseph Jackson,2026-05-09,unsubscribe_risk,Escalation Follow-up,Email,-10
ENG001856,C000493,603,Austin Smith,2026-05-06,campaign_open,Retention Pulse,Email,8
ENG001857,C000493,603,Austin Smith,2026-05-07,campaign_click,Retention Pulse,Email,12
ENG001858,C000493,603,Austin Smith,2026-05-08,account_page_view,Service Recovery,Portal,22
ENG001859,C000493,603,Austin Smith,2026-05-09,unsubscribe_risk,Escalation Follow-up,Email,-10
ENG001860,C000494,5200,Jennifer Little,2026-05-06,campaign_open,Retention Pulse,Email,8
ENG001861,C000494,5200,Jennifer Little,2026-05-07,campaign_click,Retention Pulse,Email,12
ENG001862,C000494,5200,Jennifer Little,2026-05-08,account_page_view,Service Recovery,Portal,22
ENG001863,C000494,5200,Jennifer Little,2026-05-09,unsubscribe_risk,Escalation Follow-up,Email,-10
ENG001864,C000495,6412,Mary Smith,2026-05-06,campaign_open,Retention Pulse,Email,8
ENG001865,C000495,6412,Mary Smith,2026-05-07,campaign_click,Retention Pulse,Email,12
ENG001866,C000495,6412,Mary Smith,2026-05-08,account_page_view,Service Recovery,Portal,22
ENG001867,C000495,6412,Mary Smith,2026-05-09,unsubscribe_risk,Escalation Follow-up,Email,-10
ENG001868,C000496,2373,Mary Smith,2026-05-06,campaign_open,Retention Pulse,Email,8
ENG001869,C000496,2373,Mary Smith,2026-05-07,campaign_click,Retention Pulse,Email,12
ENG001870,C000496,2373,Mary Smith,2026-05-08,promo_response,Reactivation,Email,18
ENG001871,C000497,11793,Thomas Riley,2026-05-06,campaign_open,Retention Pulse,Email,8
ENG001872,C000497,11793,Thomas Riley,2026-05-07,campaign_click,Retention Pulse,Email,12
ENG001873,C000497,11793,Thomas Riley,2026-05-08,account_page_view,Service Recovery,Portal,22
ENG001874,C000497,11793,Thomas Riley,2026-05-09,unsubscribe_risk,Escalation Follow-up,Email,-10
ENG001875,C000498,11513,David Smith,2026-05-06,campaign_open,Retention Pulse,Email,8
ENG001876,C000498,11513,David Smith,2026-05-07,campaign_click,Retention Pulse,Email,12
ENG001877,C000498,11513,David Smith,2026-05-08,account_page_view,Service Recovery,Portal,22
ENG001878,C000498,11513,David Smith,2026-05-09,unsubscribe_risk,Escalation Follow-up,Email,-10
ENG001879,C000499,5410,Mary Davis,2026-05-06,campaign_open,Retention Pulse,Email,8
ENG001880,C000499,5410,Mary Davis,2026-05-07,campaign_click,Retention Pulse,Email,12
ENG001881,C000499,5410,Mary Davis,2026-05-08,promo_response,Reactivation,Email,18
ENG001882,C000500,1865,Mary Romero,2026-05-06,campaign_open,Retention Pulse,Email,8
ENG001883,C000500,1865,Mary Romero,2026-05-07,campaign_click,Retention Pulse,Email,12
ENG001884,C000500,1865,Mary Romero,2026-05-08,account_page_view,Service Recovery,Portal,22
ENG001885,C000500,1865,Mary Romero,2026-05-09,unsubscribe_risk,Escalation Follow-up,Email,-10
ENG001886,C000501,4930,Mary Preston,2026-05-06,campaign_open,Retention Pulse,Email,8
ENG001887,C000501,4930,Mary Preston,2026-05-07,campaign_click,Retention Pulse,Email,12
ENG001888,C000501,4930,Mary Preston,2026-05-08,account_page_view,Service Recovery,Portal,22
ENG001889,C000501,4930,Mary Preston,2026-05-09,unsubscribe_risk,Escalation Follow-up,Email,-10
ENG001890,C000502,827,Tyler Smith,2026-05-06,campaign_open,Retention Pulse,Email,8
ENG001891,C000502,827,Tyler Smith,2026-05-07,campaign_click,Retention Pulse,Email,12
ENG001892,C000502,827,Tyler Smith,2026-05-08,promo_response,Reactivation,Email,18
ENG001893,C000503,1802,Cynthia Smith,2026-05-06,campaign_open,Retention Pulse,Email,8
ENG001894,C000503,1802,Cynthia Smith,2026-05-07,campaign_click,Retention Pulse,Email,12
ENG001895,C000503,1802,Cynthia Smith,2026-05-08,account_page_view,Service Recovery,Portal,22
ENG001896,C000503,1802,Cynthia Smith,2026-05-09,unsubscribe_risk,Escalation Follow-up,Email,-10
ENG001897,C000504,2447,Mary Smith,2026-05-06,campaign_open,Retention Pulse,Email,8
ENG001898,C000504,2447,Mary Smith,2026-05-07,campaign_click,Retention Pulse,Email,12
ENG001899,C000504,2447,Mary Smith,2026-05-08,account_page_view,Service Recovery,Portal,22
ENG001900,C000504,2447,Mary Smith,2026-05-09,unsubscribe_risk,Escalation Follow-up,Email,-10
ENG001901,C000505,9731,Mary Smith,2026-05-06,campaign_open,Retention Pulse,Email,8
ENG001902,C000505,9731,Mary Smith,2026-05-07,campaign_click,Retention Pulse,Email,12
ENG001903,C000505,9731,Mary Smith,2026-05-08,promo_response,Reactivation,Email,18
ENG001904,C000506,9053,William Smith,2026-05-06,campaign_open,Retention Pulse,Email,8
ENG001905,C000506,9053,William Smith,2026-05-07,campaign_click,Retention Pulse,Email,12
ENG001906,C000506,9053,William Smith,2026-05-08,account_page_view,Service Recovery,Portal,22
ENG001907,C000506,9053,William Smith,2026-05-09,unsubscribe_risk,Escalation Follow-up,Email,-10
ENG001908,C000507,12107,Sharon Patterson,2026-05-06,campaign_open,Retention Pulse,Email,8
ENG001909,C000507,12107,Sharon Patterson,2026-05-07,campaign_click,Retention Pulse,Email,12
ENG001910,C000507,12107,Sharon Patterson,2026-05-08,account_page_view,Service Recovery,Portal,22
ENG001911,C000507,12107,Sharon Patterson,2026-05-09,unsubscribe_risk,Escalation Follow-up,Email,-10
ENG001912,C000508,8995,Mary Smith,2026-05-06,campaign_open,Retention Pulse,Email,8
ENG001913,C000508,8995,Mary Smith,2026-05-07,campaign_click,Retention Pulse,Email,12
ENG001914,C000508,8995,Mary Smith,2026-05-08,promo_response,Reactivation,Email,18
ENG001915,C000509,6092,Mary Smith,2026-05-06,campaign_open,Retention Pulse,Email,8
ENG001916,C000509,6092,Mary Smith,2026-05-07,campaign_click,Retention Pulse,Email,12
ENG001917,C000509,6092,Mary Smith,2026-05-08,account_page_view,Service Recovery,Portal,22
ENG001918,C000509,6092,Mary Smith,2026-05-09,unsubscribe_risk,Escalation Follow-up,Email,-10
ENG001919,C000510,10559,Mary Jones,2026-05-06,campaign_open,Retention Pulse,Email,8
ENG001920,C000510,10559,Mary Jones,2026-05-07,campaign_click,Retention Pulse,Email,12
ENG001921,C000510,10559,Mary Jones,2026-05-08,account_page_view,Service Recovery,Portal,22
ENG001922,C000510,10559,Mary Jones,2026-05-09,unsubscribe_risk,Escalation Follow-up,Email,-10
ENG001923,C000511,3471,Mary Franco,2026-05-06,campaign_open,Retention Pulse,Email,8
ENG001924,C000511,3471,Mary Franco,2026-05-07,campaign_click,Retention Pulse,Email,12
ENG001925,C000511,3471,Mary Franco,2026-05-08,promo_response,Reactivation,Email,18
ENG001926,C000512,11421,Tiffany Brown,2026-05-06,campaign_open,Retention Pulse,Email,8
ENG001927,C000512,11421,Tiffany Brown,2026-05-07,campaign_click,Retention Pulse,Email,12
ENG001928,C000512,11421,Tiffany Brown,2026-05-08,account_page_view,Service Recovery,Portal,22
ENG001929,C000512,11421,Tiffany Brown,2026-05-09,unsubscribe_risk,Escalation Follow-up,Email,-10
ENG001930,C000513,2417,Mary Mullins,2026-05-06,campaign_open,Retention Pulse,Email,8
ENG001931,C000513,2417,Mary Mullins,2026-05-07,campaign_click,Retention Pulse,Email,12
ENG001932,C000513,2417,Mary Mullins,2026-05-08,promo_response,Reactivation,Email,18
ENG001933,C000514,2581,Mary Smith,2026-05-06,campaign_open,Retention Pulse,Email,8
ENG001934,C000514,2581,Mary Smith,2026-05-07,campaign_click,Retention Pulse,Email,12
ENG001935,C000514,2581,Mary Smith,2026-05-08,account_page_view,Service Recovery,Portal,22
ENG001936,C000514,2581,Mary Smith,2026-05-09,unsubscribe_risk,Escalation Follow-up,Email,-10
ENG001937,C000515,4444,Russell Sullivan,2026-05-06,campaign_open,Retention Pulse,Email,8
ENG001938,C000515,4444,Russell Sullivan,2026-05-07,campaign_click,Retention Pulse,Email,12
ENG001939,C000515,4444,Russell Sullivan,2026-05-08,account_page_view,Service Recovery,Portal,22
ENG001940,C000515,4444,Russell Sullivan,2026-05-09,unsubscribe_risk,Escalation Follow-up,Email,-10
ENG001941,C000516,1989,Richard Leach,2026-05-06,campaign_open,Retention Pulse,Email,8
ENG001942,C000516,1989,Richard Leach,2026-05-07,campaign_click,Retention Pulse,Email,12
ENG001943,C000516,1989,Richard Leach,2026-05-08,account_page_view,Service Recovery,Portal,22
ENG001944,C000516,1989,Richard Leach,2026-05-09,unsubscribe_risk,Escalation Follow-up,Email,-10
ENG001945,C000517,5533,Mary Harrison,2026-05-06,campaign_open,Retention Pulse,Email,8
ENG001946,C000517,5533,Mary Harrison,2026-05-07,campaign_click,Retention Pulse,Email,12
ENG001947,C000517,5533,Mary Harrison,2026-05-08,account_page_view,Service Recovery,Portal,22
ENG001948,C000517,5533,Mary Harrison,2026-05-09,unsubscribe_risk,Escalation Follow-up,Email,-10
ENG001949,C000518,6898,Nathan Butler,2026-05-06,campaign_open,Retention Pulse,Email,8
ENG001950,C000518,6898,Nathan Butler,2026-05-07,campaign_click,Retention Pulse,Email,12
ENG001951,C000518,6898,Nathan Butler,2026-05-08,account_page_view,Service Recovery,Portal,22
ENG001952,C000518,6898,Nathan Butler,2026-05-09,unsubscribe_risk,Escalation Follow-up,Email,-10
ENG001953,C000519,5331,Victoria Hines,2026-05-06,campaign_open,Retention Pulse,Email,8
ENG001954,C000519,5331,Victoria Hines,2026-05-07,campaign_click,Retention Pulse,Email,12
ENG001955,C000519,5331,Victoria Hines,2026-05-08,promo_response,Reactivation,Email,18
ENG001956,C000520,6514,Crystal Contreras,2026-05-06,campaign_open,Retention Pulse,Email,8
ENG001957,C000520,6514,Crystal Contreras,2026-05-07,campaign_click,Retention Pulse,Email,12
ENG001958,C000520,6514,Crystal Contreras,2026-05-08,account_page_view,Service Recovery,Portal,22
ENG001959,C000520,6514,Crystal Contreras,2026-05-09,unsubscribe_risk,Escalation Follow-up,Email,-10
ENG001960,C000521,640,Jean Smith,2026-05-06,campaign_open,Retention Pulse,Email,8
ENG001961,C000521,640,Jean Smith,2026-05-07,campaign_click,Retention Pulse,Email,12
ENG001962,C000521,640,Jean Smith,2026-05-08,account_page_view,Service Recovery,Portal,22
ENG001963,C000521,640,Jean Smith,2026-05-09,unsubscribe_risk,Escalation Follow-up,Email,-10
ENG001964,C000522,10650,Donna Carter,2026-05-06,campaign_open,Retention Pulse,Email,8
ENG001965,C000522,10650,Donna Carter,2026-05-07,campaign_click,Retention Pulse,Email,12
ENG001966,C000522,10650,Donna Carter,2026-05-08,account_page_view,Service Recovery,Portal,22
ENG001967,C000522,10650,Donna Carter,2026-05-09,unsubscribe_risk,Escalation Follow-up,Email,-10
ENG001968,C000523,1962,Marie Smith,2026-05-06,campaign_open,Retention Pulse,Email,8
ENG001969,C000523,1962,Marie Smith,2026-05-07,campaign_click,Retention Pulse,Email,12
ENG001970,C000523,1962,Marie Smith,2026-05-08,account_page_view,Service Recovery,Portal,22
ENG001971,C000523,1962,Marie Smith,2026-05-09,unsubscribe_risk,Escalation Follow-up,Email,-10
ENG001972,C000524,2826,Lisa Wallace,2026-05-06,campaign_open,Retention Pulse,Email,8
ENG001973,C000524,2826,Lisa Wallace,2026-05-07,campaign_click,Retention Pulse,Email,12
ENG001974,C000524,2826,Lisa Wallace,2026-05-08,account_page_view,Service Recovery,Portal,22
ENG001975,C000524,2826,Lisa Wallace,2026-05-09,unsubscribe_risk,Escalation Follow-up,Email,-10
ENG001976,C000525,142,Heather Smith,2026-05-06,campaign_open,Retention Pulse,Email,8
ENG001977,C000525,142,Heather Smith,2026-05-07,campaign_click,Retention Pulse,Email,12
ENG001978,C000525,142,Heather Smith,2026-05-08,account_page_view,Service Recovery,Portal,22
ENG001979,C000525,142,Heather Smith,2026-05-09,unsubscribe_risk,Escalation Follow-up,Email,-10
ENG001980,C000526,2451,Joshua Garcia,2026-05-06,campaign_open,Retention Pulse,Email,8
ENG001981,C000526,2451,Joshua Garcia,2026-05-07,campaign_click,Retention Pulse,Email,12
ENG001982,C000526,2451,Joshua Garcia,2026-05-08,account_page_view,Service Recovery,Portal,22
ENG001983,C000526,2451,Joshua Garcia,2026-05-09,unsubscribe_risk,Escalation Follow-up,Email,-10
ENG001984,C000527,9971,Mary Smith,2026-05-06,campaign_open,Retention Pulse,Email,8
ENG001985,C000527,9971,Mary Smith,2026-05-07,campaign_click,Retention Pulse,Email,12
ENG001986,C000527,9971,Mary Smith,2026-05-08,account_page_view,Service Recovery,Portal,22
ENG001987,C000527,9971,Mary Smith,2026-05-09,unsubscribe_risk,Escalation Follow-up,Email,-10
ENG001988,C000528,335,Mary Smith,2026-05-06,campaign_open,Retention Pulse,Email,8
ENG001989,C000528,335,Mary Smith,2026-05-07,campaign_click,Retention Pulse,Email,12
ENG001990,C000528,335,Mary Smith,2026-05-08,account_page_view,Service Recovery,Portal,22
ENG001991,C000528,335,Mary Smith,2026-05-09,unsubscribe_risk,Escalation Follow-up,Email,-10
ENG001992,C000529,2433,James Smith,2026-05-06,campaign_open,Retention Pulse,Email,8
ENG001993,C000529,2433,James Smith,2026-05-07,campaign_click,Retention Pulse,Email,12
ENG001994,C000529,2433,James Smith,2026-05-08,promo_response,Reactivation,Email,18
ENG001995,C000530,1739,Justin Smith,2026-05-06,campaign_open,Retention Pulse,Email,8
ENG001996,C000530,1739,Justin Smith,2026-05-07,campaign_click,Retention Pulse,Email,12
ENG001997,C000530,1739,Justin Smith,2026-05-08,account_page_view,Service Recovery,Portal,22
ENG001998,C000530,1739,Justin Smith,2026-05-09,unsubscribe_risk,Escalation Follow-up,Email,-10
ENG001999,C000531,8613,Mary Kirk,2026-05-06,campaign_open,Retention Pulse,Email,8
ENG002000,C000531,8613,Mary Kirk,2026-05-07,campaign_click,Retention Pulse,Email,12
ENG002001,C000531,8613,Mary Kirk,2026-05-08,promo_response,Reactivation,Email,18
ENG002002,C000532,11403,Mary Smith,2026-05-06,campaign_open,Retention Pulse,Email,8
ENG002003,C000532,11403,Mary Smith,2026-05-07,campaign_click,Retention Pulse,Email,12
ENG002004,C000532,11403,Mary Smith,2026-05-08,account_page_view,Service Recovery,Portal,22
ENG002005,C000532,11403,Mary Smith,2026-05-09,unsubscribe_risk,Escalation Follow-up,Email,-10
ENG002006,C000533,4943,Paul Sosa,2026-05-06,campaign_open,Retention Pulse,Email,8
ENG002007,C000533,4943,Paul Sosa,2026-05-07,campaign_click,Retention Pulse,Email,12
ENG002008,C000533,4943,Paul Sosa,2026-05-08,account_page_view,Service Recovery,Portal,22
ENG002009,C000533,4943,Paul Sosa,2026-05-09,unsubscribe_risk,Escalation Follow-up,Email,-10
ENG002010,C000534,1512,Mary Rowe,2026-05-06,campaign_open,Retention Pulse,Email,8
ENG002011,C000534,1512,Mary Rowe,2026-05-07,campaign_click,Retention Pulse,Email,12
ENG002012,C000534,1512,Mary Rowe,2026-05-08,account_page_view,Service Recovery,Portal,22
ENG002013,C000534,1512,Mary Rowe,2026-05-09,unsubscribe_risk,Escalation Follow-up,Email,-10
ENG002014,C000535,4435,George Cross,2026-05-06,campaign_open,Retention Pulse,Email,8
ENG002015,C000535,4435,George Cross,2026-05-07,campaign_click,Retention Pulse,Email,12
ENG002016,C000535,4435,George Cross,2026-05-08,account_page_view,Service Recovery,Portal,22
ENG002017,C000535,4435,George Cross,2026-05-09,unsubscribe_risk,Escalation Follow-up,Email,-10
ENG002018,C000536,1169,Mary Smith,2026-05-06,campaign_open,Retention Pulse,Email,8
ENG002019,C000536,1169,Mary Smith,2026-05-07,campaign_click,Retention Pulse,Email,12
ENG002020,C000536,1169,Mary Smith,2026-05-08,promo_response,Reactivation,Email,18
ENG002021,C000537,731,Robert Smith,2026-05-06,campaign_open,Retention Pulse,Email,8
ENG002022,C000537,731,Robert Smith,2026-05-07,campaign_click,Retention Pulse,Email,12
ENG002023,C000537,731,Robert Smith,2026-05-08,account_page_view,Service Recovery,Portal,22
ENG002024,C000537,731,Robert Smith,2026-05-09,unsubscribe_risk,Escalation Follow-up,Email,-10
ENG002025,C000538,1804,Kathleen Lee,2026-05-06,campaign_open,Retention Pulse,Email,8
ENG002026,C000538,1804,Kathleen Lee,2026-05-07,campaign_click,Retention Pulse,Email,12
ENG002027,C000538,1804,Kathleen Lee,2026-05-08,account_page_view,Service Recovery,Portal,22
ENG002028,C000538,1804,Kathleen Lee,2026-05-09,unsubscribe_risk,Escalation Follow-up,Email,-10
ENG002029,C000539,6461,Patricia Delgado,2026-05-06,campaign_open,Retention Pulse,Email,8
ENG002030,C000539,6461,Patricia Delgado,2026-05-07,campaign_click,Retention Pulse,Email,12
ENG002031,C000539,6461,Patricia Delgado,2026-05-08,account_page_view,Service Recovery,Portal,22
ENG002032,C000539,6461,Patricia Delgado,2026-05-09,unsubscribe_risk,Escalation Follow-up,Email,-10
ENG002033,C000540,4187,Jesse Mack,2026-05-06,campaign_open,Retention Pulse,Email,8
ENG002034,C000540,4187,Jesse Mack,2026-05-07,campaign_click,Retention Pulse,Email,12
ENG002035,C000540,4187,Jesse Mack,2026-05-08,account_page_view,Service Recovery,Portal,22
ENG002036,C000540,4187,Jesse Mack,2026-05-09,unsubscribe_risk,Escalation Follow-up,Email,-10
ENG002037,C000541,7401,Mary Moore,2026-05-06,campaign_open,Retention Pulse,Email,8
ENG002038,C000541,7401,Mary Moore,2026-05-07,campaign_click,Retention Pulse,Email,12
ENG002039,C000541,7401,Mary Moore,2026-05-08,promo_response,Reactivation,Email,18
ENG002040,C000542,4008,Diana Smith,2026-05-06,campaign_open,Retention Pulse,Email,8
ENG002041,C000542,4008,Diana Smith,2026-05-07,campaign_click,Retention Pulse,Email,12
ENG002042,C000542,4008,Diana Smith,2026-05-08,account_page_view,Service Recovery,Portal,22
ENG002043,C000542,4008,Diana Smith,2026-05-09,unsubscribe_risk,Escalation Follow-up,Email,-10
ENG002044,C000543,1901,Jacob Smith,2026-05-06,campaign_open,Retention Pulse,Email,8
ENG002045,C000543,1901,Jacob Smith,2026-05-07,campaign_click,Retention Pulse,Email,12
ENG002046,C000543,1901,Jacob Smith,2026-05-08,account_page_view,Service Recovery,Portal,22
ENG002047,C000543,1901,Jacob Smith,2026-05-09,unsubscribe_risk,Escalation Follow-up,Email,-10
ENG002048,C000544,1853,Mary Austin,2026-05-06,campaign_open,Retention Pulse,Email,8
ENG002049,C000544,1853,Mary Austin,2026-05-07,campaign_click,Retention Pulse,Email,12
ENG002050,C000544,1853,Mary Austin,2026-05-08,account_page_view,Service Recovery,Portal,22
ENG002051,C000544,1853,Mary Austin,2026-05-09,unsubscribe_risk,Escalation Follow-up,Email,-10
ENG002052,C000545,6581,Christian Smith,2026-05-06,campaign_open,Retention Pulse,Email,8
ENG002053,C000545,6581,Christian Smith,2026-05-07,campaign_click,Retention Pulse,Email,12
ENG002054,C000545,6581,Christian Smith,2026-05-08,account_page_view,Service Recovery,Portal,22
ENG002055,C000545,6581,Christian Smith,2026-05-09,unsubscribe_risk,Escalation Follow-up,Email,-10
ENG002056,C000546,11120,Mary Smith,2026-05-06,campaign_open,Retention Pulse,Email,8
ENG002057,C000546,11120,Mary Smith,2026-05-07,campaign_click,Retention Pulse,Email,12
ENG002058,C000546,11120,Mary Smith,2026-05-08,promo_response,Reactivation,Email,18
ENG002059,C000547,11523,Mary Mayer,2026-05-06,campaign_open,Retention Pulse,Email,8
ENG002060,C000547,11523,Mary Mayer,2026-05-07,campaign_click,Retention Pulse,Email,12
ENG002061,C000547,11523,Mary Mayer,2026-05-08,promo_response,Reactivation,Email,18
ENG002062,C000548,9586,Mary Olson,2026-05-06,campaign_open,Retention Pulse,Email,8
ENG002063,C000548,9586,Mary Olson,2026-05-07,campaign_click,Retention Pulse,Email,12
ENG002064,C000548,9586,Mary Olson,2026-05-08,promo_response,Reactivation,Email,18
ENG002065,C000549,2528,Mary Acevedo,2026-05-06,campaign_open,Retention Pulse,Email,8
ENG002066,C000549,2528,Mary Acevedo,2026-05-07,campaign_click,Retention Pulse,Email,12
ENG002067,C000549,2528,Mary Acevedo,2026-05-08,account_page_view,Service Recovery,Portal,22
ENG002068,C000549,2528,Mary Acevedo,2026-05-09,unsubscribe_risk,Escalation Follow-up,Email,-10
ENG002069,C000550,9018,Mary Smith,2026-05-06,campaign_open,Retention Pulse,Email,8
ENG002070,C000550,9018,Mary Smith,2026-05-07,campaign_click,Retention Pulse,Email,12
ENG002071,C000550,9018,Mary Smith,2026-05-08,account_page_view,Service Recovery,Portal,22
ENG002072,C000550,9018,Mary Smith,2026-05-09,unsubscribe_risk,Escalation Follow-up,Email,-10
ENG002073,C000551,10490,Brenda Ramirez,2026-05-06,campaign_open,Retention Pulse,Email,8
ENG002074,C000551,10490,Brenda Ramirez,2026-05-07,campaign_click,Retention Pulse,Email,12
ENG002075,C000551,10490,Brenda Ramirez,2026-05-08,account_page_view,Service Recovery,Portal,22
ENG002076,C000551,10490,Brenda Ramirez,2026-05-09,unsubscribe_risk,Escalation Follow-up,Email,-10
ENG002077,C000552,8869,Thomas Lambert,2026-05-06,campaign_open,Retention Pulse,Email,8
ENG002078,C000552,8869,Thomas Lambert,2026-05-07,campaign_click,Retention Pulse,Email,12
ENG002079,C000552,8869,Thomas Lambert,2026-05-08,account_page_view,Service Recovery,Portal,22
ENG002080,C000552,8869,Thomas Lambert,2026-05-09,unsubscribe_risk,Escalation Follow-up,Email,-10
ENG002081,C000553,10253,Kyle Smith,2026-05-06,campaign_open,Retention Pulse,Email,8
ENG002082,C000553,10253,Kyle Smith,2026-05-07,campaign_click,Retention Pulse,Email,12
ENG002083,C000553,10253,Kyle Smith,2026-05-08,account_page_view,Service Recovery,Portal,22
ENG002084,C000553,10253,Kyle Smith,2026-05-09,unsubscribe_risk,Escalation Follow-up,Email,-10
ENG002085,C000554,10051,Kathryn Smith,2026-05-06,campaign_open,Retention Pulse,Email,8
ENG002086,C000554,10051,Kathryn Smith,2026-05-07,campaign_click,Retention Pulse,Email,12
ENG002087,C000554,10051,Kathryn Smith,2026-05-08,promo_response,Reactivation,Email,18
ENG002088,C000555,3813,Andrew Smith,2026-05-06,campaign_open,Retention Pulse,Email,8
ENG002089,C000555,3813,Andrew Smith,2026-05-07,campaign_click,Retention Pulse,Email,12
ENG002090,C000555,3813,Andrew Smith,2026-05-08,promo_response,Reactivation,Email,18
ENG002091,C000556,9636,Mary Cruz,2026-05-06,campaign_open,Retention Pulse,Email,8
ENG002092,C000556,9636,Mary Cruz,2026-05-07,campaign_click,Retention Pulse,Email,12
ENG002093,C000556,9636,Mary Cruz,2026-05-08,account_page_view,Service Recovery,Portal,22
ENG002094,C000556,9636,Mary Cruz,2026-05-09,unsubscribe_risk,Escalation Follow-up,Email,-10
ENG002095,C000557,5207,Catherine Erickson,2026-05-06,campaign_open,Retention Pulse,Email,8
ENG002096,C000557,5207,Catherine Erickson,2026-05-07,campaign_click,Retention Pulse,Email,12
ENG002097,C000557,5207,Catherine Erickson,2026-05-08,account_page_view,Service Recovery,Portal,22
ENG002098,C000557,5207,Catherine Erickson,2026-05-09,unsubscribe_risk,Escalation Follow-up,Email,-10
ENG002099,C000558,11124,Mary Bowman,2026-05-06,campaign_open,Retention Pulse,Email,8
ENG002100,C000558,11124,Mary Bowman,2026-05-07,campaign_click,Retention Pulse,Email,12
ENG002101,C000558,11124,Mary Bowman,2026-05-08,account_page_view,Service Recovery,Portal,22
ENG002102,C000558,11124,Mary Bowman,2026-05-09,unsubscribe_risk,Escalation Follow-up,Email,-10
ENG002103,C000559,5190,Mary Smith,2026-05-06,campaign_open,Retention Pulse,Email,8
ENG002104,C000559,5190,Mary Smith,2026-05-07,campaign_click,Retention Pulse,Email,12
ENG002105,C000559,5190,Mary Smith,2026-05-08,account_page_view,Service Recovery,Portal,22
ENG002106,C000559,5190,Mary Smith,2026-05-09,unsubscribe_risk,Escalation Follow-up,Email,-10
ENG002107,C000560,5658,Michael Wiley,2026-05-06,campaign_open,Retention Pulse,Email,8
ENG002108,C000560,5658,Michael Wiley,2026-05-07,campaign_click,Retention Pulse,Email,12
ENG002109,C000560,5658,Michael Wiley,2026-05-08,account_page_view,Service Recovery,Portal,22
ENG002110,C000560,5658,Michael Wiley,2026-05-09,unsubscribe_risk,Escalation Follow-up,Email,-10
ENG002111,C000561,3136,Mary Sharp,2026-05-06,campaign_open,Retention Pulse,Email,8
ENG002112,C000561,3136,Mary Sharp,2026-05-07,campaign_click,Retention Pulse,Email,12
ENG002113,C000561,3136,Mary Sharp,2026-05-08,account_page_view,Service Recovery,Portal,22
ENG002114,C000561,3136,Mary Sharp,2026-05-09,unsubscribe_risk,Escalation Follow-up,Email,-10
ENG002115,C000562,2540,Patricia Smith,2026-05-06,campaign_open,Retention Pulse,Email,8
ENG002116,C000562,2540,Patricia Smith,2026-05-07,campaign_click,Retention Pulse,Email,12
ENG002117,C000562,2540,Patricia Smith,2026-05-08,account_page_view,Service Recovery,Portal,22
ENG002118,C000562,2540,Patricia Smith,2026-05-09,unsubscribe_risk,Escalation Follow-up,Email,-10
ENG002119,C000563,6448,Mary Lawrence,2026-05-06,campaign_open,Retention Pulse,Email,8
ENG002120,C000563,6448,Mary Lawrence,2026-05-07,campaign_click,Retention Pulse,Email,12
ENG002121,C000563,6448,Mary Lawrence,2026-05-08,account_page_view,Service Recovery,Portal,22
ENG002122,C000563,6448,Mary Lawrence,2026-05-09,unsubscribe_risk,Escalation Follow-up,Email,-10
ENG002123,C000564,5049,Mary Walton,2026-05-06,campaign_open,Retention Pulse,Email,8
ENG002124,C000564,5049,Mary Walton,2026-05-07,campaign_click,Retention Pulse,Email,12
ENG002125,C000564,5049,Mary Walton,2026-05-08,promo_response,Reactivation,Email,18
ENG002126,C000565,7,Melissa Wilcox,2026-05-06,campaign_open,Retention Pulse,Email,8
ENG002127,C000565,7,Melissa Wilcox,2026-05-07,campaign_click,Retention Pulse,Email,12
ENG002128,C000565,7,Melissa Wilcox,2026-05-08,account_page_view,Service Recovery,Portal,22
ENG002129,C000565,7,Melissa Wilcox,2026-05-09,unsubscribe_risk,Escalation Follow-up,Email,-10
ENG002130,C000566,10500,Mary Smith,2026-05-06,campaign_open,Retention Pulse,Email,8
ENG002131,C000566,10500,Mary Smith,2026-05-07,campaign_click,Retention Pulse,Email,12
ENG002132,C000566,10500,Mary Smith,2026-05-08,account_page_view,Service Recovery,Portal,22
ENG002133,C000566,10500,Mary Smith,2026-05-09,unsubscribe_risk,Escalation Follow-up,Email,-10
ENG002134,C000567,5267,Mary Smith,2026-05-06,campaign_open,Retention Pulse,Email,8
ENG002135,C000567,5267,Mary Smith,2026-05-07,campaign_click,Retention Pulse,Email,12
ENG002136,C000567,5267,Mary Smith,2026-05-08,account_page_view,Service Recovery,Portal,22
ENG002137,C000567,5267,Mary Smith,2026-05-09,unsubscribe_risk,Escalation Follow-up,Email,-10
ENG002138,C000568,10327,Laura Sparks,2026-05-06,campaign_open,Retention Pulse,Email,8
ENG002139,C000568,10327,Laura Sparks,2026-05-07,campaign_click,Retention Pulse,Email,12
ENG002140,C000568,10327,Laura Sparks,2026-05-08,promo_response,Reactivation,Email,18
ENG002141,C000569,1571,Betty Bishop,2026-05-06,campaign_open,Retention Pulse,Email,8
ENG002142,C000569,1571,Betty Bishop,2026-05-07,campaign_click,Retention Pulse,Email,12
ENG002143,C000569,1571,Betty Bishop,2026-05-08,promo_response,Reactivation,Email,18
ENG002144,C000570,6553,Larry House,2026-05-06,campaign_open,Retention Pulse,Email,8
ENG002145,C000570,6553,Larry House,2026-05-07,campaign_click,Retention Pulse,Email,12
ENG002146,C000570,6553,Larry House,2026-05-08,account_page_view,Service Recovery,Portal,22
ENG002147,C000570,6553,Larry House,2026-05-09,unsubscribe_risk,Escalation Follow-up,Email,-10
ENG002148,C000571,8370,Mary Smith,2026-05-06,campaign_open,Retention Pulse,Email,8
ENG002149,C000571,8370,Mary Smith,2026-05-07,campaign_click,Retention Pulse,Email,12
ENG002150,C000571,8370,Mary Smith,2026-05-08,account_page_view,Service Recovery,Portal,22
ENG002151,C000571,8370,Mary Smith,2026-05-09,unsubscribe_risk,Escalation Follow-up,Email,-10
ENG002152,C000572,5815,Mary Proctor,2026-05-06,campaign_open,Retention Pulse,Email,8
ENG002153,C000572,5815,Mary Proctor,2026-05-07,campaign_click,Retention Pulse,Email,12
ENG002154,C000572,5815,Mary Proctor,2026-05-08,account_page_view,Service Recovery,Portal,22
ENG002155,C000572,5815,Mary Proctor,2026-05-09,unsubscribe_risk,Escalation Follow-up,Email,-10
ENG002156,C000573,1282,Mary Smith,2026-05-06,campaign_open,Retention Pulse,Email,8
ENG002157,C000573,1282,Mary Smith,2026-05-07,campaign_click,Retention Pulse,Email,12
ENG002158,C000573,1282,Mary Smith,2026-05-08,promo_response,Reactivation,Email,18
ENG002159,C000574,6065,Thomas Simmons,2026-05-06,campaign_open,Retention Pulse,Email,8
ENG002160,C000574,6065,Thomas Simmons,2026-05-07,campaign_click,Retention Pulse,Email,12
ENG002161,C000574,6065,Thomas Simmons,2026-05-08,account_page_view,Service Recovery,Portal,22
ENG002162,C000574,6065,Thomas Simmons,2026-05-09,unsubscribe_risk,Escalation Follow-up,Email,-10
ENG002163,C000575,1810,James Miller,2026-05-06,campaign_open,Retention Pulse,Email,8
ENG002164,C000575,1810,James Miller,2026-05-07,campaign_click,Retention Pulse,Email,12
ENG002165,C000575,1810,James Miller,2026-05-08,account_page_view,Service Recovery,Portal,22
ENG002166,C000575,1810,James Miller,2026-05-09,unsubscribe_risk,Escalation Follow-up,Email,-10
ENG002167,C000576,6430,Mary Jackson,2026-05-06,campaign_open,Retention Pulse,Email,8
ENG002168,C000576,6430,Mary Jackson,2026-05-07,campaign_click,Retention Pulse,Email,12
ENG002169,C000576,6430,Mary Jackson,2026-05-08,account_page_view,Service Recovery,Portal,22
ENG002170,C000576,6430,Mary Jackson,2026-05-09,unsubscribe_risk,Escalation Follow-up,Email,-10
ENG002171,C000577,6388,Emma Smith,2026-05-06,campaign_open,Retention Pulse,Email,8
ENG002172,C000577,6388,Emma Smith,2026-05-07,campaign_click,Retention Pulse,Email,12
ENG002173,C000577,6388,Emma Smith,2026-05-08,promo_response,Reactivation,Email,18
ENG002174,C000578,5687,Mary Chapman,2026-05-06,campaign_open,Retention Pulse,Email,8
ENG002175,C000578,5687,Mary Chapman,2026-05-07,campaign_click,Retention Pulse,Email,12
ENG002176,C000578,5687,Mary Chapman,2026-05-08,promo_response,Reactivation,Email,18
ENG002177,C000579,2683,Mary Gallegos,2026-05-06,campaign_open,Retention Pulse,Email,8
ENG002178,C000579,2683,Mary Gallegos,2026-05-07,campaign_click,Retention Pulse,Email,12
ENG002179,C000579,2683,Mary Gallegos,2026-05-08,account_page_view,Service Recovery,Portal,22
ENG002180,C000579,2683,Mary Gallegos,2026-05-09,unsubscribe_risk,Escalation Follow-up,Email,-10
ENG002181,C000580,6255,Joshua Smith,2026-05-06,campaign_open,Retention Pulse,Email,8
ENG002182,C000580,6255,Joshua Smith,2026-05-07,campaign_click,Retention Pulse,Email,12
ENG002183,C000580,6255,Joshua Smith,2026-05-08,account_page_view,Service Recovery,Portal,22
ENG002184,C000580,6255,Joshua Smith,2026-05-09,unsubscribe_risk,Escalation Follow-up,Email,-10
ENG002185,C000581,10071,Mary Lawrence,2026-05-06,campaign_open,Retention Pulse,Email,8
ENG002186,C000581,10071,Mary Lawrence,2026-05-07,campaign_click,Retention Pulse,Email,12
ENG002187,C000581,10071,Mary Lawrence,2026-05-08,account_page_view,Service Recovery,Portal,22
ENG002188,C000581,10071,Mary Lawrence,2026-05-09,unsubscribe_risk,Escalation Follow-up,Email,-10
ENG002189,C000582,7749,Amy Gibson,2026-05-06,campaign_open,Retention Pulse,Email,8
ENG002190,C000582,7749,Amy Gibson,2026-05-07,campaign_click,Retention Pulse,Email,12
ENG002191,C000582,7749,Amy Gibson,2026-05-08,account_page_view,Service Recovery,Portal,22
ENG002192,C000582,7749,Amy Gibson,2026-05-09,unsubscribe_risk,Escalation Follow-up,Email,-10
ENG002193,C000583,7777,Evelyn Rogers,2026-05-06,campaign_open,Retention Pulse,Email,8
ENG002194,C000583,7777,Evelyn Rogers,2026-05-07,campaign_click,Retention Pulse,Email,12
ENG002195,C000583,7777,Evelyn Rogers,2026-05-08,account_page_view,Service Recovery,Portal,22
ENG002196,C000583,7777,Evelyn Rogers,2026-05-09,unsubscribe_risk,Escalation Follow-up,Email,-10
ENG002197,C000584,3830,William Smith,2026-05-06,campaign_open,Retention Pulse,Email,8
ENG002198,C000584,3830,William Smith,2026-05-07,campaign_click,Retention Pulse,Email,12
ENG002199,C000584,3830,William Smith,2026-05-08,account_page_view,Service Recovery,Portal,22
ENG002200,C000584,3830,William Smith,2026-05-09,unsubscribe_risk,Escalation Follow-up,Email,-10
ENG002201,C000585,11056,Larry Booker,2026-05-06,campaign_open,Retention Pulse,Email,8
ENG002202,C000585,11056,Larry Booker,2026-05-07,campaign_click,Retention Pulse,Email,12
ENG002203,C000585,11056,Larry Booker,2026-05-08,account_page_view,Service Recovery,Portal,22
ENG002204,C000585,11056,Larry Booker,2026-05-09,unsubscribe_risk,Escalation Follow-up,Email,-10
ENG002205,C000586,11576,Richard Andrade,2026-05-06,campaign_open,Retention Pulse,Email,8
ENG002206,C000586,11576,Richard Andrade,2026-05-07,campaign_click,Retention Pulse,Email,12
ENG002207,C000586,11576,Richard Andrade,2026-05-08,account_page_view,Service Recovery,Portal,22
ENG002208,C000586,11576,Richard Andrade,2026-05-09,unsubscribe_risk,Escalation Follow-up,Email,-10
ENG002209,C000587,7575,Mary Romero,2026-05-06,campaign_open,Retention Pulse,Email,8
ENG002210,C000587,7575,Mary Romero,2026-05-07,campaign_click,Retention Pulse,Email,12
ENG002211,C000587,7575,Mary Romero,2026-05-08,account_page_view,Service Recovery,Portal,22
ENG002212,C000587,7575,Mary Romero,2026-05-09,unsubscribe_risk,Escalation Follow-up,Email,-10
ENG002213,C000588,10849,Hannah Simpson,2026-05-06,campaign_open,Retention Pulse,Email,8
ENG002214,C000588,10849,Hannah Simpson,2026-05-07,campaign_click,Retention Pulse,Email,12
ENG002215,C000588,10849,Hannah Simpson,2026-05-08,account_page_view,Service Recovery,Portal,22
ENG002216,C000588,10849,Hannah Simpson,2026-05-09,unsubscribe_risk,Escalation Follow-up,Email,-10
ENG002217,C000589,4914,Mary Curtis,2026-05-06,campaign_open,Retention Pulse,Email,8
ENG002218,C000589,4914,Mary Curtis,2026-05-07,campaign_click,Retention Pulse,Email,12
ENG002219,C000589,4914,Mary Curtis,2026-05-08,account_page_view,Service Recovery,Portal,22
ENG002220,C000589,4914,Mary Curtis,2026-05-09,unsubscribe_risk,Escalation Follow-up,Email,-10
ENG002221,C000590,10258,Joyce Gonzalez,2026-05-06,campaign_open,Retention Pulse,Email,8
ENG002222,C000590,10258,Joyce Gonzalez,2026-05-07,campaign_click,Retention Pulse,Email,12
ENG002223,C000590,10258,Joyce Gonzalez,2026-05-08,account_page_view,Service Recovery,Portal,22
ENG002224,C000590,10258,Joyce Gonzalez,2026-05-09,unsubscribe_risk,Escalation Follow-up,Email,-10
ENG002225,C000591,1544,Brittany Marquez,2026-05-06,campaign_open,Retention Pulse,Email,8
ENG002226,C000591,1544,Brittany Marquez,2026-05-07,campaign_click,Retention Pulse,Email,12
ENG002227,C000591,1544,Brittany Marquez,2026-05-08,promo_response,Reactivation,Email,18
ENG002228,C000592,10886,Scott Smith,2026-05-06,campaign_open,Retention Pulse,Email,8
ENG002229,C000592,10886,Scott Smith,2026-05-07,campaign_click,Retention Pulse,Email,12
ENG002230,C000592,10886,Scott Smith,2026-05-08,account_page_view,Service Recovery,Portal,22
ENG002231,C000592,10886,Scott Smith,2026-05-09,unsubscribe_risk,Escalation Follow-up,Email,-10
ENG002232,C000593,4318,Mary Fletcher,2026-05-06,campaign_open,Retention Pulse,Email,8
ENG002233,C000593,4318,Mary Fletcher,2026-05-07,campaign_click,Retention Pulse,Email,12
ENG002234,C000593,4318,Mary Fletcher,2026-05-08,account_page_view,Service Recovery,Portal,22
ENG002235,C000593,4318,Mary Fletcher,2026-05-09,unsubscribe_risk,Escalation Follow-up,Email,-10
ENG002236,C000594,12064,Tammy Smith,2026-05-06,campaign_open,Retention Pulse,Email,8
ENG002237,C000594,12064,Tammy Smith,2026-05-07,campaign_click,Retention Pulse,Email,12
ENG002238,C000594,12064,Tammy Smith,2026-05-08,account_page_view,Service Recovery,Portal,22
ENG002239,C000594,12064,Tammy Smith,2026-05-09,unsubscribe_risk,Escalation Follow-up,Email,-10
ENG002240,C000595,10965,Robert Smith,2026-05-06,campaign_open,Retention Pulse,Email,8
ENG002241,C000595,10965,Robert Smith,2026-05-07,campaign_click,Retention Pulse,Email,12
ENG002242,C000595,10965,Robert Smith,2026-05-08,account_page_view,Service Recovery,Portal,22
ENG002243,C000595,10965,Robert Smith,2026-05-09,unsubscribe_risk,Escalation Follow-up,Email,-10
ENG002244,C000596,11068,Roger Smith,2026-05-06,campaign_open,Retention Pulse,Email,8
ENG002245,C000596,11068,Roger Smith,2026-05-07,campaign_click,Retention Pulse,Email,12
ENG002246,C000596,11068,Roger Smith,2026-05-08,account_page_view,Service Recovery,Portal,22
ENG002247,C000596,11068,Roger Smith,2026-05-09,unsubscribe_risk,Escalation Follow-up,Email,-10
ENG002248,C000597,10834,Susan Sullivan,2026-05-06,campaign_open,Retention Pulse,Email,8
ENG002249,C000597,10834,Susan Sullivan,2026-05-07,campaign_click,Retention Pulse,Email,12
ENG002250,C000597,10834,Susan Sullivan,2026-05-08,account_page_view,Service Recovery,Portal,22
ENG002251,C000597,10834,Susan Sullivan,2026-05-09,unsubscribe_risk,Escalation Follow-up,Email,-10
ENG002252,C000598,9761,Helen Smith,2026-05-06,campaign_open,Retention Pulse,Email,8
ENG002253,C000598,9761,Helen Smith,2026-05-07,campaign_click,Retention Pulse,Email,12
ENG002254,C000598,9761,Helen Smith,2026-05-08,promo_response,Reactivation,Email,18
ENG002255,C000599,5047,Shirley Whitehead,2026-05-06,campaign_open,Retention Pulse,Email,8
ENG002256,C000599,5047,Shirley Whitehead,2026-05-07,campaign_click,Retention Pulse,Email,12
ENG002257,C000599,5047,Shirley Whitehead,2026-05-08,account_page_view,Service Recovery,Portal,22
ENG002258,C000599,5047,Shirley Whitehead,2026-05-09,unsubscribe_risk,Escalation Follow-up,Email,-10
ENG002259,C000600,7268,Mary Reed,2026-05-06,campaign_open,Retention Pulse,Email,8
ENG002260,C000600,7268,Mary Reed,2026-05-07,campaign_click,Retention Pulse,Email,12
ENG002261,C000600,7268,Mary Reed,2026-05-08,account_page_view,Service Recovery,Portal,22
ENG002262,C000600,7268,Mary Reed,2026-05-09,unsubscribe_risk,Escalation Follow-up,Email,-10
ENG002263,C000601,801,Elizabeth Parker,2026-05-06,campaign_open,Retention Pulse,Email,8
ENG002264,C000601,801,Elizabeth Parker,2026-05-07,campaign_click,Retention Pulse,Email,12
ENG002265,C000601,801,Elizabeth Parker,2026-05-08,account_page_view,Service Recovery,Portal,22
ENG002266,C000601,801,Elizabeth Parker,2026-05-09,unsubscribe_risk,Escalation Follow-up,Email,-10
ENG002267,C000602,1607,Mary Ortiz,2026-05-06,campaign_open,Retention Pulse,Email,8
ENG002268,C000602,1607,Mary Ortiz,2026-05-07,campaign_click,Retention Pulse,Email,12
ENG002269,C000602,1607,Mary Ortiz,2026-05-08,account_page_view,Service Recovery,Portal,22
ENG002270,C000602,1607,Mary Ortiz,2026-05-09,unsubscribe_risk,Escalation Follow-up,Email,-10
ENG002271,C000603,10493,Frances Taylor,2026-05-06,campaign_open,Retention Pulse,Email,8
ENG002272,C000603,10493,Frances Taylor,2026-05-07,campaign_click,Retention Pulse,Email,12
ENG002273,C000603,10493,Frances Taylor,2026-05-08,account_page_view,Service Recovery,Portal,22
ENG002274,C000603,10493,Frances Taylor,2026-05-09,unsubscribe_risk,Escalation Follow-up,Email,-10
ENG002275,C000604,3184,Tyler Smith,2026-05-06,campaign_open,Retention Pulse,Email,8
ENG002276,C000604,3184,Tyler Smith,2026-05-07,campaign_click,Retention Pulse,Email,12
ENG002277,C000604,3184,Tyler Smith,2026-05-08,account_page_view,Service Recovery,Portal,22
ENG002278,C000604,3184,Tyler Smith,2026-05-09,unsubscribe_risk,Escalation Follow-up,Email,-10
ENG002279,C000605,2217,Mary Martinez,2026-05-06,campaign_open,Retention Pulse,Email,8
ENG002280,C000605,2217,Mary Martinez,2026-05-07,campaign_click,Retention Pulse,Email,12
ENG002281,C000605,2217,Mary Martinez,2026-05-08,promo_response,Reactivation,Email,18
ENG002282,C000606,11128,Timothy Lyons,2026-05-06,campaign_open,Retention Pulse,Email,8
ENG002283,C000606,11128,Timothy Lyons,2026-05-07,campaign_click,Retention Pulse,Email,12
ENG002284,C000606,11128,Timothy Lyons,2026-05-08,promo_response,Reactivation,Email,18
ENG002285,C000607,9702,Katherine Tyler,2026-05-06,campaign_open,Retention Pulse,Email,8
ENG002286,C000607,9702,Katherine Tyler,2026-05-07,campaign_click,Retention Pulse,Email,12
ENG002287,C000607,9702,Katherine Tyler,2026-05-08,promo_response,Reactivation,Email,18
ENG002288,C000608,1927,Laura Stevens,2026-05-06,campaign_open,Retention Pulse,Email,8
ENG002289,C000608,1927,Laura Stevens,2026-05-07,campaign_click,Retention Pulse,Email,12
ENG002290,C000608,1927,Laura Stevens,2026-05-08,account_page_view,Service Recovery,Portal,22
ENG002291,C000608,1927,Laura Stevens,2026-05-09,unsubscribe_risk,Escalation Follow-up,Email,-10
ENG002292,C000609,11516,Kevin Smith,2026-05-06,campaign_open,Retention Pulse,Email,8
ENG002293,C000609,11516,Kevin Smith,2026-05-07,campaign_click,Retention Pulse,Email,12
ENG002294,C000609,11516,Kevin Smith,2026-05-08,account_page_view,Service Recovery,Portal,22
ENG002295,C000609,11516,Kevin Smith,2026-05-09,unsubscribe_risk,Escalation Follow-up,Email,-10
ENG002296,C000610,3302,Terry Smith,2026-05-06,campaign_open,Retention Pulse,Email,8
ENG002297,C000610,3302,Terry Smith,2026-05-07,campaign_click,Retention Pulse,Email,12
ENG002298,C000610,3302,Terry Smith,2026-05-08,account_page_view,Service Recovery,Portal,22
ENG002299,C000610,3302,Terry Smith,2026-05-09,unsubscribe_risk,Escalation Follow-up,Email,-10
ENG002300,C000611,7762,Mary Roberson,2026-05-06,campaign_open,Retention Pulse,Email,8
ENG002301,C000611,7762,Mary Roberson,2026-05-07,campaign_click,Retention Pulse,Email,12
ENG002302,C000611,7762,Mary Roberson,2026-05-08,account_page_view,Service Recovery,Portal,22
ENG002303,C000611,7762,Mary Roberson,2026-05-09,unsubscribe_risk,Escalation Follow-up,Email,-10
ENG002304,C000612,2549,Stephanie Smith,2026-05-06,campaign_open,Retention Pulse,Email,8
ENG002305,C000612,2549,Stephanie Smith,2026-05-07,campaign_click,Retention Pulse,Email,12
ENG002306,C000612,2549,Stephanie Smith,2026-05-08,account_page_view,Service Recovery,Portal,22
ENG002307,C000612,2549,Stephanie Smith,2026-05-09,unsubscribe_risk,Escalation Follow-up,Email,-10
ENG002308,C000613,3180,Raymond Smith,2026-05-06,campaign_open,Retention Pulse,Email,8
ENG002309,C000613,3180,Raymond Smith,2026-05-07,campaign_click,Retention Pulse,Email,12
ENG002310,C000613,3180,Raymond Smith,2026-05-08,account_page_view,Service Recovery,Portal,22
ENG002311,C000613,3180,Raymond Smith,2026-05-09,unsubscribe_risk,Escalation Follow-up,Email,-10
ENG002312,C000614,4568,Mary Hodge,2026-05-06,campaign_open,Retention Pulse,Email,8
ENG002313,C000614,4568,Mary Hodge,2026-05-07,campaign_click,Retention Pulse,Email,12
ENG002314,C000614,4568,Mary Hodge,2026-05-08,promo_response,Reactivation,Email,18
ENG002315,C000615,12189,Judith Hicks,2026-05-06,campaign_open,Retention Pulse,Email,8
ENG002316,C000615,12189,Judith Hicks,2026-05-07,campaign_click,Retention Pulse,Email,12
ENG002317,C000615,12189,Judith Hicks,2026-05-08,account_page_view,Service Recovery,Portal,22
ENG002318,C000615,12189,Judith Hicks,2026-05-09,unsubscribe_risk,Escalation Follow-up,Email,-10
ENG002319,C000616,6359,Jerry Smith,2026-05-06,campaign_open,Retention Pulse,Email,8
ENG002320,C000616,6359,Jerry Smith,2026-05-07,campaign_click,Retention Pulse,Email,12
ENG002321,C000616,6359,Jerry Smith,2026-05-08,promo_response,Reactivation,Email,18
ENG002322,C000617,2687,Kelly Smith,2026-05-06,campaign_open,Retention Pulse,Email,8
ENG002323,C000617,2687,Kelly Smith,2026-05-07,campaign_click,Retention Pulse,Email,12
ENG002324,C000617,2687,Kelly Smith,2026-05-08,promo_response,Reactivation,Email,18
ENG002325,C000618,7802,Mary Acevedo,2026-05-06,campaign_open,Retention Pulse,Email,8
ENG002326,C000618,7802,Mary Acevedo,2026-05-07,campaign_click,Retention Pulse,Email,12
ENG002327,C000618,7802,Mary Acevedo,2026-05-08,account_page_view,Service Recovery,Portal,22
ENG002328,C000618,7802,Mary Acevedo,2026-05-09,unsubscribe_risk,Escalation Follow-up,Email,-10
ENG002329,C000619,9161,Mary Smith,2026-05-06,campaign_open,Retention Pulse,Email,8
ENG002330,C000619,9161,Mary Smith,2026-05-07,campaign_click,Retention Pulse,Email,12
ENG002331,C000619,9161,Mary Smith,2026-05-08,account_page_view,Service Recovery,Portal,22
ENG002332,C000619,9161,Mary Smith,2026-05-09,unsubscribe_risk,Escalation Follow-up,Email,-10
ENG002333,C000620,8637,Mary Smith,2026-05-06,campaign_open,Retention Pulse,Email,8
ENG002334,C000620,8637,Mary Smith,2026-05-07,campaign_click,Retention Pulse,Email,12
ENG002335,C000620,8637,Mary Smith,2026-05-08,promo_response,Reactivation,Email,18
ENG002336,C000621,4704,Henry James,2026-05-06,campaign_open,Retention Pulse,Email,8
ENG002337,C000621,4704,Henry James,2026-05-07,campaign_click,Retention Pulse,Email,12
ENG002338,C000621,4704,Henry James,2026-05-08,account_page_view,Service Recovery,Portal,22
ENG002339,C000621,4704,Henry James,2026-05-09,unsubscribe_risk,Escalation Follow-up,Email,-10
ENG002340,C000622,5364,Thomas Colon,2026-05-06,campaign_open,Retention Pulse,Email,8
ENG002341,C000622,5364,Thomas Colon,2026-05-07,campaign_click,Retention Pulse,Email,12
ENG002342,C000622,5364,Thomas Colon,2026-05-08,account_page_view,Service Recovery,Portal,22
ENG002343,C000622,5364,Thomas Colon,2026-05-09,unsubscribe_risk,Escalation Follow-up,Email,-10
ENG002344,C000623,11417,Kenneth Whitney,2026-05-06,campaign_open,Retention Pulse,Email,8
ENG002345,C000623,11417,Kenneth Whitney,2026-05-07,campaign_click,Retention Pulse,Email,12
ENG002346,C000623,11417,Kenneth Whitney,2026-05-08,account_page_view,Service Recovery,Portal,22
ENG002347,C000623,11417,Kenneth Whitney,2026-05-09,unsubscribe_risk,Escalation Follow-up,Email,-10
ENG002348,C000624,6060,Michael Smith,2026-05-06,campaign_open,Retention Pulse,Email,8
ENG002349,C000624,6060,Michael Smith,2026-05-07,campaign_click,Retention Pulse,Email,12
ENG002350,C000624,6060,Michael Smith,2026-05-08,promo_response,Reactivation,Email,18
ENG002351,C000625,548,Ryan Horton,2026-05-06,campaign_open,Retention Pulse,Email,8
ENG002352,C000625,548,Ryan Horton,2026-05-07,campaign_click,Retention Pulse,Email,12
ENG002353,C000625,548,Ryan Horton,2026-05-08,promo_response,Reactivation,Email,18
ENG002354,C000626,11554,Hannah Marshall,2026-05-06,campaign_open,Retention Pulse,Email,8
ENG002355,C000626,11554,Hannah Marshall,2026-05-07,campaign_click,Retention Pulse,Email,12
ENG002356,C000626,11554,Hannah Marshall,2026-05-08,account_page_view,Service Recovery,Portal,22
ENG002357,C000626,11554,Hannah Marshall,2026-05-09,unsubscribe_risk,Escalation Follow-up,Email,-10
ENG002358,C000627,8579,Mary Conrad,2026-05-06,campaign_open,Retention Pulse,Email,8
ENG002359,C000627,8579,Mary Conrad,2026-05-07,campaign_click,Retention Pulse,Email,12
ENG002360,C000627,8579,Mary Conrad,2026-05-08,promo_response,Reactivation,Email,18
ENG002361,C000628,6428,Mary Smith,2026-05-06,campaign_open,Retention Pulse,Email,8
ENG002362,C000628,6428,Mary Smith,2026-05-07,campaign_click,Retention Pulse,Email,12
ENG002363,C000628,6428,Mary Smith,2026-05-08,account_page_view,Service Recovery,Portal,22
ENG002364,C000628,6428,Mary Smith,2026-05-09,unsubscribe_risk,Escalation Follow-up,Email,-10
ENG002365,C000629,7571,Amber Booth,2026-05-06,campaign_open,Retention Pulse,Email,8
ENG002366,C000629,7571,Amber Booth,2026-05-07,campaign_click,Retention Pulse,Email,12
ENG002367,C000629,7571,Amber Booth,2026-05-08,promo_response,Reactivation,Email,18
ENG002368,C000630,1832,Mary Valenzuela,2026-05-06,campaign_open,Retention Pulse,Email,8
ENG002369,C000630,1832,Mary Valenzuela,2026-05-07,campaign_click,Retention Pulse,Email,12
ENG002370,C000630,1832,Mary Valenzuela,2026-05-08,account_page_view,Service Recovery,Portal,22
ENG002371,C000630,1832,Mary Valenzuela,2026-05-09,unsubscribe_risk,Escalation Follow-up,Email,-10
ENG002372,C000631,4552,Janice Smith,2026-05-06,campaign_open,Retention Pulse,Email,8
ENG002373,C000631,4552,Janice Smith,2026-05-07,campaign_click,Retention Pulse,Email,12
ENG002374,C000631,4552,Janice Smith,2026-05-08,account_page_view,Service Recovery,Portal,22
ENG002375,C000631,4552,Janice Smith,2026-05-09,unsubscribe_risk,Escalation Follow-up,Email,-10
ENG002376,C000632,1725,Mary Dyer,2026-05-06,campaign_open,Retention Pulse,Email,8
ENG002377,C000632,1725,Mary Dyer,2026-05-07,campaign_click,Retention Pulse,Email,12
ENG002378,C000632,1725,Mary Dyer,2026-05-08,promo_response,Reactivation,Email,18
ENG002379,C000633,2800,Edward Hernandez,2026-05-06,campaign_open,Retention Pulse,Email,8
ENG002380,C000633,2800,Edward Hernandez,2026-05-07,campaign_click,Retention Pulse,Email,12
ENG002381,C000633,2800,Edward Hernandez,2026-05-08,account_page_view,Service Recovery,Portal,22
ENG002382,C000633,2800,Edward Hernandez,2026-05-09,unsubscribe_risk,Escalation Follow-up,Email,-10
ENG002383,C000634,8285,Eric Smith,2026-05-06,campaign_open,Retention Pulse,Email,8
ENG002384,C000634,8285,Eric Smith,2026-05-07,campaign_click,Retention Pulse,Email,12
ENG002385,C000634,8285,Eric Smith,2026-05-08,promo_response,Reactivation,Email,18
ENG002386,C000635,4464,Mary Johnson,2026-05-06,campaign_open,Retention Pulse,Email,8
ENG002387,C000635,4464,Mary Johnson,2026-05-07,campaign_click,Retention Pulse,Email,12
ENG002388,C000635,4464,Mary Johnson,2026-05-08,promo_response,Reactivation,Email,18
ENG002389,C000636,2844,Robert Smith,2026-05-06,campaign_open,Retention Pulse,Email,8
ENG002390,C000636,2844,Robert Smith,2026-05-07,campaign_click,Retention Pulse,Email,12
ENG002391,C000636,2844,Robert Smith,2026-05-08,account_page_view,Service Recovery,Portal,22
ENG002392,C000636,2844,Robert Smith,2026-05-09,unsubscribe_risk,Escalation Follow-up,Email,-10
ENG002393,C000637,8954,Mary Hayden,2026-05-06,campaign_open,Retention Pulse,Email,8
ENG002394,C000637,8954,Mary Hayden,2026-05-07,campaign_click,Retention Pulse,Email,12
ENG002395,C000637,8954,Mary Hayden,2026-05-08,account_page_view,Service Recovery,Portal,22
ENG002396,C000637,8954,Mary Hayden,2026-05-09,unsubscribe_risk,Escalation Follow-up,Email,-10
ENG002397,C000638,9603,Mary Moore,2026-05-06,campaign_open,Retention Pulse,Email,8
ENG002398,C000638,9603,Mary Moore,2026-05-07,campaign_click,Retention Pulse,Email,12
ENG002399,C000638,9603,Mary Moore,2026-05-08,account_page_view,Service Recovery,Portal,22
ENG002400,C000638,9603,Mary Moore,2026-05-09,unsubscribe_risk,Escalation Follow-up,Email,-10
ENG002401,C000639,8254,Jesse Esparza,2026-05-06,campaign_open,Retention Pulse,Email,8
ENG002402,C000639,8254,Jesse Esparza,2026-05-07,campaign_click,Retention Pulse,Email,12
ENG002403,C000639,8254,Jesse Esparza,2026-05-08,account_page_view,Service Recovery,Portal,22
ENG002404,C000639,8254,Jesse Esparza,2026-05-09,unsubscribe_risk,Escalation Follow-up,Email,-10
ENG002405,C000640,9528,Mary Flores,2026-05-06,campaign_open,Retention Pulse,Email,8
ENG002406,C000640,9528,Mary Flores,2026-05-07,campaign_click,Retention Pulse,Email,12
ENG002407,C000640,9528,Mary Flores,2026-05-08,promo_response,Reactivation,Email,18
ENG002408,C000641,4200,Ralph Campbell,2026-05-06,campaign_open,Retention Pulse,Email,8
ENG002409,C000641,4200,Ralph Campbell,2026-05-07,campaign_click,Retention Pulse,Email,12
ENG002410,C000641,4200,Ralph Campbell,2026-05-08,account_page_view,Service Recovery,Portal,22
ENG002411,C000641,4200,Ralph Campbell,2026-05-09,unsubscribe_risk,Escalation Follow-up,Email,-10
ENG002412,C000642,564,Mary Mccann,2026-05-06,campaign_open,Retention Pulse,Email,8
ENG002413,C000642,564,Mary Mccann,2026-05-07,campaign_click,Retention Pulse,Email,12
ENG002414,C000642,564,Mary Mccann,2026-05-08,account_page_view,Service Recovery,Portal,22
ENG002415,C000642,564,Mary Mccann,2026-05-09,unsubscribe_risk,Escalation Follow-up,Email,-10
ENG002416,C000643,1387,Mary Smith,2026-05-06,campaign_open,Retention Pulse,Email,8
ENG002417,C000643,1387,Mary Smith,2026-05-07,campaign_click,Retention Pulse,Email,12
ENG002418,C000643,1387,Mary Smith,2026-05-08,account_page_view,Service Recovery,Portal,22
ENG002419,C000643,1387,Mary Smith,2026-05-09,unsubscribe_risk,Escalation Follow-up,Email,-10
ENG002420,C000644,12238,Rebecca Gallagher,2026-05-06,campaign_open,Retention Pulse,Email,8
ENG002421,C000644,12238,Rebecca Gallagher,2026-05-07,campaign_click,Retention Pulse,Email,12
ENG002422,C000644,12238,Rebecca Gallagher,2026-05-08,account_page_view,Service Recovery,Portal,22
ENG002423,C000644,12238,Rebecca Gallagher,2026-05-09,unsubscribe_risk,Escalation Follow-up,Email,-10
ENG002424,C000645,6907,Timothy Smith,2026-05-06,campaign_open,Retention Pulse,Email,8
ENG002425,C000645,6907,Timothy Smith,2026-05-07,campaign_click,Retention Pulse,Email,12
ENG002426,C000645,6907,Timothy Smith,2026-05-08,account_page_view,Service Recovery,Portal,22
ENG002427,C000645,6907,Timothy Smith,2026-05-09,unsubscribe_risk,Escalation Follow-up,Email,-10
ENG002428,C000646,7616,Mary Mason,2026-05-06,campaign_open,Retention Pulse,Email,8
ENG002429,C000646,7616,Mary Mason,2026-05-07,campaign_click,Retention Pulse,Email,12
ENG002430,C000646,7616,Mary Mason,2026-05-08,account_page_view,Service Recovery,Portal,22
ENG002431,C000646,7616,Mary Mason,2026-05-09,unsubscribe_risk,Escalation Follow-up,Email,-10
ENG002432,C000647,4807,Raymond Rodgers,2026-05-06,campaign_open,Retention Pulse,Email,8
ENG002433,C000647,4807,Raymond Rodgers,2026-05-07,campaign_click,Retention Pulse,Email,12
ENG002434,C000647,4807,Raymond Rodgers,2026-05-08,account_page_view,Service Recovery,Portal,22
ENG002435,C000647,4807,Raymond Rodgers,2026-05-09,unsubscribe_risk,Escalation Follow-up,Email,-10
ENG002436,C000648,7940,Mary Mejia,2026-05-06,campaign_open,Retention Pulse,Email,8
ENG002437,C000648,7940,Mary Mejia,2026-05-07,campaign_click,Retention Pulse,Email,12
ENG002438,C000648,7940,Mary Mejia,2026-05-08,account_page_view,Service Recovery,Portal,22
ENG002439,C000648,7940,Mary Mejia,2026-05-09,unsubscribe_risk,Escalation Follow-up,Email,-10
ENG002440,C000649,9077,Sean Smith,2026-05-06,campaign_open,Retention Pulse,Email,8
ENG002441,C000649,9077,Sean Smith,2026-05-07,campaign_click,Retention Pulse,Email,12
ENG002442,C000649,9077,Sean Smith,2026-05-08,account_page_view,Service Recovery,Portal,22
ENG002443,C000649,9077,Sean Smith,2026-05-09,unsubscribe_risk,Escalation Follow-up,Email,-10
ENG002444,C000650,3304,Amanda Gibson,2026-05-06,campaign_open,Retention Pulse,Email,8
ENG002445,C000650,3304,Amanda Gibson,2026-05-07,campaign_click,Retention Pulse,Email,12
ENG002446,C000650,3304,Amanda Gibson,2026-05-08,account_page_view,Service Recovery,Portal,22
ENG002447,C000650,3304,Amanda Gibson,2026-05-09,unsubscribe_risk,Escalation Follow-up,Email,-10
ENG002448,C000651,2071,Walter Howard,2026-05-06,campaign_open,Retention Pulse,Email,8
ENG002449,C000651,2071,Walter Howard,2026-05-07,campaign_click,Retention Pulse,Email,12
ENG002450,C000651,2071,Walter Howard,2026-05-08,account_page_view,Service Recovery,Portal,22
ENG002451,C000651,2071,Walter Howard,2026-05-09,unsubscribe_risk,Escalation Follow-up,Email,-10
ENG002452,C000652,7316,Marilyn Wu,2026-05-06,campaign_open,Retention Pulse,Email,8
ENG002453,C000652,7316,Marilyn Wu,2026-05-07,campaign_click,Retention Pulse,Email,12
ENG002454,C000652,7316,Marilyn Wu,2026-05-08,promo_response,Reactivation,Email,18
ENG002455,C000653,10533,Michael Smith,2026-05-06,campaign_open,Retention Pulse,Email,8
ENG002456,C000653,10533,Michael Smith,2026-05-07,campaign_click,Retention Pulse,Email,12
ENG002457,C000653,10533,Michael Smith,2026-05-08,promo_response,Reactivation,Email,18
ENG002458,C000654,12123,Jeremy Tucker,2026-05-06,campaign_open,Retention Pulse,Email,8
ENG002459,C000654,12123,Jeremy Tucker,2026-05-07,campaign_click,Retention Pulse,Email,12
ENG002460,C000654,12123,Jeremy Tucker,2026-05-08,promo_response,Reactivation,Email,18
ENG002461,C000655,7176,Mary Hudson,2026-05-06,campaign_open,Retention Pulse,Email,8
ENG002462,C000655,7176,Mary Hudson,2026-05-07,campaign_click,Retention Pulse,Email,12
ENG002463,C000655,7176,Mary Hudson,2026-05-08,account_page_view,Service Recovery,Portal,22
ENG002464,C000655,7176,Mary Hudson,2026-05-09,unsubscribe_risk,Escalation Follow-up,Email,-10
ENG002465,C000656,11224,Mary Smith,2026-05-06,campaign_open,Retention Pulse,Email,8
ENG002466,C000656,11224,Mary Smith,2026-05-07,campaign_click,Retention Pulse,Email,12
ENG002467,C000656,11224,Mary Smith,2026-05-08,account_page_view,Service Recovery,Portal,22
ENG002468,C000656,11224,Mary Smith,2026-05-09,unsubscribe_risk,Escalation Follow-up,Email,-10
ENG002469,C000657,11430,Mary Miller,2026-05-06,campaign_open,Retention Pulse,Email,8
ENG002470,C000657,11430,Mary Miller,2026-05-07,campaign_click,Retention Pulse,Email,12
ENG002471,C000657,11430,Mary Miller,2026-05-08,promo_response,Reactivation,Email,18
ENG002472,C000658,10916,Randy Smith,2026-05-06,campaign_open,Retention Pulse,Email,8
ENG002473,C000658,10916,Randy Smith,2026-05-07,campaign_click,Retention Pulse,Email,12
ENG002474,C000658,10916,Randy Smith,2026-05-08,account_page_view,Service Recovery,Portal,22
ENG002475,C000658,10916,Randy Smith,2026-05-09,unsubscribe_risk,Escalation Follow-up,Email,-10
ENG002476,C000659,4212,Robert Mendez,2026-05-06,campaign_open,Retention Pulse,Email,8
ENG002477,C000659,4212,Robert Mendez,2026-05-07,campaign_click,Retention Pulse,Email,12
ENG002478,C000659,4212,Robert Mendez,2026-05-08,account_page_view,Service Recovery,Portal,22
ENG002479,C000659,4212,Robert Mendez,2026-05-09,unsubscribe_risk,Escalation Follow-up,Email,-10
ENG002480,C000660,2384,Mary Mays,2026-05-06,campaign_open,Retention Pulse,Email,8
ENG002481,C000660,2384,Mary Mays,2026-05-07,campaign_click,Retention Pulse,Email,12
ENG002482,C000660,2384,Mary Mays,2026-05-08,account_page_view,Service Recovery,Portal,22
ENG002483,C000660,2384,Mary Mays,2026-05-09,unsubscribe_risk,Escalation Follow-up,Email,-10
ENG002484,C000661,12019,Mary Walters,2026-05-06,campaign_open,Retention Pulse,Email,8
ENG002485,C000661,12019,Mary Walters,2026-05-07,campaign_click,Retention Pulse,Email,12
ENG002486,C000661,12019,Mary Walters,2026-05-08,account_page_view,Service Recovery,Portal,22
ENG002487,C000661,12019,Mary Walters,2026-05-09,unsubscribe_risk,Escalation Follow-up,Email,-10
ENG002488,C000662,12075,Aaron Carr,2026-05-06,campaign_open,Retention Pulse,Email,8
ENG002489,C000662,12075,Aaron Carr,2026-05-07,campaign_click,Retention Pulse,Email,12
ENG002490,C000662,12075,Aaron Carr,2026-05-08,account_page_view,Service Recovery,Portal,22
ENG002491,C000662,12075,Aaron Carr,2026-05-09,unsubscribe_risk,Escalation Follow-up,Email,-10
ENG002492,C000663,4399,Richard Smith,2026-05-06,campaign_open,Retention Pulse,Email,8
ENG002493,C000663,4399,Richard Smith,2026-05-07,campaign_click,Retention Pulse,Email,12
ENG002494,C000663,4399,Richard Smith,2026-05-08,account_page_view,Service Recovery,Portal,22
ENG002495,C000663,4399,Richard Smith,2026-05-09,unsubscribe_risk,Escalation Follow-up,Email,-10
ENG002496,C000664,6393,Mary Smith,2026-05-06,campaign_open,Retention Pulse,Email,8
ENG002497,C000664,6393,Mary Smith,2026-05-07,campaign_click,Retention Pulse,Email,12
ENG002498,C000664,6393,Mary Smith,2026-05-08,account_page_view,Service Recovery,Portal,22
ENG002499,C000664,6393,Mary Smith,2026-05-09,unsubscribe_risk,Escalation Follow-up,Email,-10
ENG002500,C000665,10398,Mary Pierce,2026-05-06,campaign_open,Retention Pulse,Email,8
ENG002501,C000665,10398,Mary Pierce,2026-05-07,campaign_click,Retention Pulse,Email,12
ENG002502,C000665,10398,Mary Pierce,2026-05-08,account_page_view,Service Recovery,Portal,22
ENG002503,C000665,10398,Mary Pierce,2026-05-09,unsubscribe_risk,Escalation Follow-up,Email,-10
ENG002504,C000666,10095,Michelle Smith,2026-05-06,campaign_open,Retention Pulse,Email,8
ENG002505,C000666,10095,Michelle Smith,2026-05-07,campaign_click,Retention Pulse,Email,12
ENG002506,C000666,10095,Michelle Smith,2026-05-08,account_page_view,Service Recovery,Portal,22
ENG002507,C000666,10095,Michelle Smith,2026-05-09,unsubscribe_risk,Escalation Follow-up,Email,-10
ENG002508,C000667,5085,Janet Jones,2026-05-06,campaign_open,Retention Pulse,Email,8
ENG002509,C000667,5085,Janet Jones,2026-05-07,campaign_click,Retention Pulse,Email,12
ENG002510,C000667,5085,Janet Jones,2026-05-08,account_page_view,Service Recovery,Portal,22
ENG002511,C000667,5085,Janet Jones,2026-05-09,unsubscribe_risk,Escalation Follow-up,Email,-10
ENG002512,C000668,3187,Mary Clark,2026-05-06,campaign_open,Retention Pulse,Email,8
ENG002513,C000668,3187,Mary Clark,2026-05-07,campaign_click,Retention Pulse,Email,12
ENG002514,C000668,3187,Mary Clark,2026-05-08,account_page_view,Service Recovery,Portal,22
ENG002515,C000668,3187,Mary Clark,2026-05-09,unsubscribe_risk,Escalation Follow-up,Email,-10
ENG002516,C000669,11835,Tammy Smith,2026-05-06,campaign_open,Retention Pulse,Email,8
ENG002517,C000669,11835,Tammy Smith,2026-05-07,campaign_click,Retention Pulse,Email,12
ENG002518,C000669,11835,Tammy Smith,2026-05-08,account_page_view,Service Recovery,Portal,22
ENG002519,C000669,11835,Tammy Smith,2026-05-09,unsubscribe_risk,Escalation Follow-up,Email,-10
ENG002520,C000670,9946,Bryan Kaufman,2026-05-06,campaign_open,Retention Pulse,Email,8
ENG002521,C000670,9946,Bryan Kaufman,2026-05-07,campaign_click,Retention Pulse,Email,12
ENG002522,C000670,9946,Bryan Kaufman,2026-05-08,account_page_view,Service Recovery,Portal,22
ENG002523,C000670,9946,Bryan Kaufman,2026-05-09,unsubscribe_risk,Escalation Follow-up,Email,-10
ENG002524,C000671,3447,Sara Andersen,2026-05-06,campaign_open,Retention Pulse,Email,8
ENG002525,C000671,3447,Sara Andersen,2026-05-07,campaign_click,Retention Pulse,Email,12
ENG002526,C000671,3447,Sara Andersen,2026-05-08,account_page_view,Service Recovery,Portal,22
ENG002527,C000671,3447,Sara Andersen,2026-05-09,unsubscribe_risk,Escalation Follow-up,Email,-10
ENG002528,C000672,2362,Samantha Smith,2026-05-06,campaign_open,Retention Pulse,Email,8
ENG002529,C000672,2362,Samantha Smith,2026-05-07,campaign_click,Retention Pulse,Email,12
ENG002530,C000672,2362,Samantha Smith,2026-05-08,account_page_view,Service Recovery,Portal,22
ENG002531,C000672,2362,Samantha Smith,2026-05-09,unsubscribe_risk,Escalation Follow-up,Email,-10
ENG002532,C000673,1906,Raymond Smith,2026-05-06,campaign_open,Retention Pulse,Email,8
ENG002533,C000673,1906,Raymond Smith,2026-05-07,campaign_click,Retention Pulse,Email,12
ENG002534,C000673,1906,Raymond Smith,2026-05-08,account_page_view,Service Recovery,Portal,22
ENG002535,C000673,1906,Raymond Smith,2026-05-09,unsubscribe_risk,Escalation Follow-up,Email,-10
ENG002536,C000674,5936,Michael Davis,2026-05-06,campaign_open,Retention Pulse,Email,8
ENG002537,C000674,5936,Michael Davis,2026-05-07,campaign_click,Retention Pulse,Email,12
ENG002538,C000674,5936,Michael Davis,2026-05-08,account_page_view,Service Recovery,Portal,22
ENG002539,C000674,5936,Michael Davis,2026-05-09,unsubscribe_risk,Escalation Follow-up,Email,-10
ENG002540,C000675,1373,Mary Smith,2026-05-06,campaign_open,Retention Pulse,Email,8
ENG002541,C000675,1373,Mary Smith,2026-05-07,campaign_click,Retention Pulse,Email,12
ENG002542,C000675,1373,Mary Smith,2026-05-08,account_page_view,Service Recovery,Portal,22
ENG002543,C000675,1373,Mary Smith,2026-05-09,unsubscribe_risk,Escalation Follow-up,Email,-10
ENG002544,C000676,6288,Catherine Johnson,2026-05-06,campaign_open,Retention Pulse,Email,8
ENG002545,C000676,6288,Catherine Johnson,2026-05-07,campaign_click,Retention Pulse,Email,12
ENG002546,C000676,6288,Catherine Johnson,2026-05-08,account_page_view,Service Recovery,Portal,22
ENG002547,C000676,6288,Catherine Johnson,2026-05-09,unsubscribe_risk,Escalation Follow-up,Email,-10
ENG002548,C000677,4667,Cheryl Gonzalez,2026-05-06,campaign_open,Retention Pulse,Email,8
ENG002549,C000677,4667,Cheryl Gonzalez,2026-05-07,campaign_click,Retention Pulse,Email,12
ENG002550,C000677,4667,Cheryl Gonzalez,2026-05-08,account_page_view,Service Recovery,Portal,22
ENG002551,C000677,4667,Cheryl Gonzalez,2026-05-09,unsubscribe_risk,Escalation Follow-up,Email,-10
ENG002552,C000678,2016,Jonathan Wilson,2026-05-06,campaign_open,Retention Pulse,Email,8
ENG002553,C000678,2016,Jonathan Wilson,2026-05-07,campaign_click,Retention Pulse,Email,12
ENG002554,C000678,2016,Jonathan Wilson,2026-05-08,promo_response,Reactivation,Email,18
ENG002555,C000679,9875,Christian Calderon,2026-05-06,campaign_open,Retention Pulse,Email,8
ENG002556,C000679,9875,Christian Calderon,2026-05-07,campaign_click,Retention Pulse,Email,12
ENG002557,C000679,9875,Christian Calderon,2026-05-08,promo_response,Reactivation,Email,18
ENG002558,C000680,2893,Russell Wyatt,2026-05-06,campaign_open,Retention Pulse,Email,8
ENG002559,C000680,2893,Russell Wyatt,2026-05-07,campaign_click,Retention Pulse,Email,12
ENG002560,C000680,2893,Russell Wyatt,2026-05-08,account_page_view,Service Recovery,Portal,22
ENG002561,C000680,2893,Russell Wyatt,2026-05-09,unsubscribe_risk,Escalation Follow-up,Email,-10
ENG002562,C000681,9930,Nathan Smith,2026-05-06,campaign_open,Retention Pulse,Email,8
ENG002563,C000681,9930,Nathan Smith,2026-05-07,campaign_click,Retention Pulse,Email,12
ENG002564,C000681,9930,Nathan Smith,2026-05-08,promo_response,Reactivation,Email,18
ENG002565,C000682,3762,Juan Smith,2026-05-06,campaign_open,Retention Pulse,Email,8
ENG002566,C000682,3762,Juan Smith,2026-05-07,campaign_click,Retention Pulse,Email,12
ENG002567,C000682,3762,Juan Smith,2026-05-08,account_page_view,Service Recovery,Portal,22
ENG002568,C000682,3762,Juan Smith,2026-05-09,unsubscribe_risk,Escalation Follow-up,Email,-10
ENG002569,C000683,2335,Harold Howell,2026-05-06,campaign_open,Retention Pulse,Email,8
ENG002570,C000683,2335,Harold Howell,2026-05-07,campaign_click,Retention Pulse,Email,12
ENG002571,C000683,2335,Harold Howell,2026-05-08,account_page_view,Service Recovery,Portal,22
ENG002572,C000683,2335,Harold Howell,2026-05-09,unsubscribe_risk,Escalation Follow-up,Email,-10
ENG002573,C000684,7829,Raymond Smith,2026-05-06,campaign_open,Retention Pulse,Email,8
ENG002574,C000684,7829,Raymond Smith,2026-05-07,campaign_click,Retention Pulse,Email,12
ENG002575,C000684,7829,Raymond Smith,2026-05-08,account_page_view,Service Recovery,Portal,22
ENG002576,C000684,7829,Raymond Smith,2026-05-09,unsubscribe_risk,Escalation Follow-up,Email,-10
ENG002577,C000685,9432,Hannah Smith,2026-05-06,campaign_open,Retention Pulse,Email,8
ENG002578,C000685,9432,Hannah Smith,2026-05-07,campaign_click,Retention Pulse,Email,12
ENG002579,C000685,9432,Hannah Smith,2026-05-08,account_page_view,Service Recovery,Portal,22
ENG002580,C000685,9432,Hannah Smith,2026-05-09,unsubscribe_risk,Escalation Follow-up,Email,-10
ENG002581,C000686,1833,Ronald Smith,2026-05-06,campaign_open,Retention Pulse,Email,8
ENG002582,C000686,1833,Ronald Smith,2026-05-07,campaign_click,Retention Pulse,Email,12
ENG002583,C000686,1833,Ronald Smith,2026-05-08,promo_response,Reactivation,Email,18
ENG002584,C000687,3754,Mary Sims,2026-05-06,campaign_open,Retention Pulse,Email,8
ENG002585,C000687,3754,Mary Sims,2026-05-07,campaign_click,Retention Pulse,Email,12
ENG002586,C000687,3754,Mary Sims,2026-05-08,account_page_view,Service Recovery,Portal,22
ENG002587,C000687,3754,Mary Sims,2026-05-09,unsubscribe_risk,Escalation Follow-up,Email,-10
ENG002588,C000688,2969,Mary Fernandez,2026-05-06,campaign_open,Retention Pulse,Email,8
ENG002589,C000688,2969,Mary Fernandez,2026-05-07,campaign_click,Retention Pulse,Email,12
ENG002590,C000688,2969,Mary Fernandez,2026-05-08,account_page_view,Service Recovery,Portal,22
ENG002591,C000688,2969,Mary Fernandez,2026-05-09,unsubscribe_risk,Escalation Follow-up,Email,-10
ENG002592,C000689,6086,Mary Hutchinson,2026-05-06,campaign_open,Retention Pulse,Email,8
ENG002593,C000689,6086,Mary Hutchinson,2026-05-07,campaign_click,Retention Pulse,Email,12
ENG002594,C000689,6086,Mary Hutchinson,2026-05-08,account_page_view,Service Recovery,Portal,22
ENG002595,C000689,6086,Mary Hutchinson,2026-05-09,unsubscribe_risk,Escalation Follow-up,Email,-10
ENG002596,C000690,11457,Jonathan Smith,2026-05-06,campaign_open,Retention Pulse,Email,8
ENG002597,C000690,11457,Jonathan Smith,2026-05-07,campaign_click,Retention Pulse,Email,12
ENG002598,C000690,11457,Jonathan Smith,2026-05-08,promo_response,Reactivation,Email,18
ENG002599,C000691,7282,Jennifer Clark,2026-05-06,campaign_open,Retention Pulse,Email,8
ENG002600,C000691,7282,Jennifer Clark,2026-05-07,campaign_click,Retention Pulse,Email,12
ENG002601,C000691,7282,Jennifer Clark,2026-05-08,account_page_view,Service Recovery,Portal,22
ENG002602,C000691,7282,Jennifer Clark,2026-05-09,unsubscribe_risk,Escalation Follow-up,Email,-10
ENG002603,C000692,972,Mary Smith,2026-05-06,campaign_open,Retention Pulse,Email,8
ENG002604,C000692,972,Mary Smith,2026-05-07,campaign_click,Retention Pulse,Email,12
ENG002605,C000692,972,Mary Smith,2026-05-08,account_page_view,Service Recovery,Portal,22
ENG002606,C000692,972,Mary Smith,2026-05-09,unsubscribe_risk,Escalation Follow-up,Email,-10
ENG002607,C000693,12076,Mary Smith,2026-05-06,campaign_open,Retention Pulse,Email,8
ENG002608,C000693,12076,Mary Smith,2026-05-07,campaign_click,Retention Pulse,Email,12
ENG002609,C000693,12076,Mary Smith,2026-05-08,account_page_view,Service Recovery,Portal,22
ENG002610,C000693,12076,Mary Smith,2026-05-09,unsubscribe_risk,Escalation Follow-up,Email,-10
ENG002611,C000694,867,Catherine Smith,2026-05-06,campaign_open,Retention Pulse,Email,8
ENG002612,C000694,867,Catherine Smith,2026-05-07,campaign_click,Retention Pulse,Email,12
ENG002613,C000694,867,Catherine Smith,2026-05-08,account_page_view,Service Recovery,Portal,22
ENG002614,C000694,867,Catherine Smith,2026-05-09,unsubscribe_risk,Escalation Follow-up,Email,-10
ENG002615,C000695,2909,Sarah Snyder,2026-05-06,campaign_open,Retention Pulse,Email,8
ENG002616,C000695,2909,Sarah Snyder,2026-05-07,campaign_click,Retention Pulse,Email,12
ENG002617,C000695,2909,Sarah Snyder,2026-05-08,account_page_view,Service Recovery,Portal,22
ENG002618,C000695,2909,Sarah Snyder,2026-05-09,unsubscribe_risk,Escalation Follow-up,Email,-10
ENG002619,C000696,5640,Matthew Smith,2026-05-06,campaign_open,Retention Pulse,Email,8
ENG002620,C000696,5640,Matthew Smith,2026-05-07,campaign_click,Retention Pulse,Email,12
ENG002621,C000696,5640,Matthew Smith,2026-05-08,account_page_view,Service Recovery,Portal,22
ENG002622,C000696,5640,Matthew Smith,2026-05-09,unsubscribe_risk,Escalation Follow-up,Email,-10
ENG002623,C000697,4806,Mary Smith,2026-05-06,campaign_open,Retention Pulse,Email,8
ENG002624,C000697,4806,Mary Smith,2026-05-07,campaign_click,Retention Pulse,Email,12
ENG002625,C000697,4806,Mary Smith,2026-05-08,promo_response,Reactivation,Email,18
ENG002626,C000698,1910,Helen Price,2026-05-06,campaign_open,Retention Pulse,Email,8
ENG002627,C000698,1910,Helen Price,2026-05-07,campaign_click,Retention Pulse,Email,12
ENG002628,C000698,1910,Helen Price,2026-05-08,account_page_view,Service Recovery,Portal,22
ENG002629,C000698,1910,Helen Price,2026-05-09,unsubscribe_risk,Escalation Follow-up,Email,-10
ENG002630,C000699,6725,Mary Alexander,2026-05-06,campaign_open,Retention Pulse,Email,8
ENG002631,C000699,6725,Mary Alexander,2026-05-07,campaign_click,Retention Pulse,Email,12
ENG002632,C000699,6725,Mary Alexander,2026-05-08,account_page_view,Service Recovery,Portal,22
ENG002633,C000699,6725,Mary Alexander,2026-05-09,unsubscribe_risk,Escalation Follow-up,Email,-10
ENG002634,C000700,241,Janet Carter,2026-05-06,campaign_open,Retention Pulse,Email,8
ENG002635,C000700,241,Janet Carter,2026-05-07,campaign_click,Retention Pulse,Email,12
ENG002636,C000700,241,Janet Carter,2026-05-08,promo_response,Reactivation,Email,18
ENG002637,C000701,4939,Carol Jackson,2026-05-06,campaign_open,Retention Pulse,Email,8
ENG002638,C000701,4939,Carol Jackson,2026-05-07,campaign_click,Retention Pulse,Email,12
ENG002639,C000701,4939,Carol Jackson,2026-05-08,account_page_view,Service Recovery,Portal,22
ENG002640,C000701,4939,Carol Jackson,2026-05-09,unsubscribe_risk,Escalation Follow-up,Email,-10
ENG002641,C000702,5071,Andrew Campos,2026-05-06,campaign_open,Retention Pulse,Email,8
ENG002642,C000702,5071,Andrew Campos,2026-05-07,campaign_click,Retention Pulse,Email,12
ENG002643,C000702,5071,Andrew Campos,2026-05-08,promo_response,Reactivation,Email,18
ENG002644,C000703,465,Shawn Smith,2026-05-06,campaign_open,Retention Pulse,Email,8
ENG002645,C000703,465,Shawn Smith,2026-05-07,campaign_click,Retention Pulse,Email,12
ENG002646,C000703,465,Shawn Smith,2026-05-08,account_page_view,Service Recovery,Portal,22
ENG002647,C000703,465,Shawn Smith,2026-05-09,unsubscribe_risk,Escalation Follow-up,Email,-10
ENG002648,C000704,4045,Mary Neal,2026-05-06,campaign_open,Retention Pulse,Email,8
ENG002649,C000704,4045,Mary Neal,2026-05-07,campaign_click,Retention Pulse,Email,12
ENG002650,C000704,4045,Mary Neal,2026-05-08,account_page_view,Service Recovery,Portal,22
ENG002651,C000704,4045,Mary Neal,2026-05-09,unsubscribe_risk,Escalation Follow-up,Email,-10
ENG002652,C000705,3977,Mary Smith,2026-05-06,campaign_open,Retention Pulse,Email,8
ENG002653,C000705,3977,Mary Smith,2026-05-07,campaign_click,Retention Pulse,Email,12
ENG002654,C000705,3977,Mary Smith,2026-05-08,account_page_view,Service Recovery,Portal,22
ENG002655,C000705,3977,Mary Smith,2026-05-09,unsubscribe_risk,Escalation Follow-up,Email,-10
ENG002656,C000706,6256,Mary Murray,2026-05-06,campaign_open,Retention Pulse,Email,8
ENG002657,C000706,6256,Mary Murray,2026-05-07,campaign_click,Retention Pulse,Email,12
ENG002658,C000706,6256,Mary Murray,2026-05-08,account_page_view,Service Recovery,Portal,22
ENG002659,C000706,6256,Mary Murray,2026-05-09,unsubscribe_risk,Escalation Follow-up,Email,-10
ENG002660,C000707,11397,Mary Mercer,2026-05-06,campaign_open,Retention Pulse,Email,8
ENG002661,C000707,11397,Mary Mercer,2026-05-07,campaign_click,Retention Pulse,Email,12
ENG002662,C000707,11397,Mary Mercer,2026-05-08,account_page_view,Service Recovery,Portal,22
ENG002663,C000707,11397,Mary Mercer,2026-05-09,unsubscribe_risk,Escalation Follow-up,Email,-10
ENG002664,C000708,8719,John Smith,2026-05-06,campaign_open,Retention Pulse,Email,8
ENG002665,C000708,8719,John Smith,2026-05-07,campaign_click,Retention Pulse,Email,12
ENG002666,C000708,8719,John Smith,2026-05-08,account_page_view,Service Recovery,Portal,22
ENG002667,C000708,8719,John Smith,2026-05-09,unsubscribe_risk,Escalation Follow-up,Email,-10
ENG002668,C000709,5440,Mary Malone,2026-05-06,campaign_open,Retention Pulse,Email,8
ENG002669,C000709,5440,Mary Malone,2026-05-07,campaign_click,Retention Pulse,Email,12
ENG002670,C000709,5440,Mary Malone,2026-05-08,account_page_view,Service Recovery,Portal,22
ENG002671,C000709,5440,Mary Malone,2026-05-09,unsubscribe_risk,Escalation Follow-up,Email,-10
ENG002672,C000710,744,Gary Hodges,2026-05-06,campaign_open,Retention Pulse,Email,8
ENG002673,C000710,744,Gary Hodges,2026-05-07,campaign_click,Retention Pulse,Email,12
ENG002674,C000710,744,Gary Hodges,2026-05-08,account_page_view,Service Recovery,Portal,22
ENG002675,C000710,744,Gary Hodges,2026-05-09,unsubscribe_risk,Escalation Follow-up,Email,-10
ENG002676,C000711,11936,Mary Smith,2026-05-06,campaign_open,Retention Pulse,Email,8
ENG002677,C000711,11936,Mary Smith,2026-05-07,campaign_click,Retention Pulse,Email,12
ENG002678,C000711,11936,Mary Smith,2026-05-08,promo_response,Reactivation,Email,18
ENG002679,C000712,5824,James Smith,2026-05-06,campaign_open,Retention Pulse,Email,8
ENG002680,C000712,5824,James Smith,2026-05-07,campaign_click,Retention Pulse,Email,12
ENG002681,C000712,5824,James Smith,2026-05-08,account_page_view,Service Recovery,Portal,22
ENG002682,C000712,5824,James Smith,2026-05-09,unsubscribe_risk,Escalation Follow-up,Email,-10
ENG002683,C000713,7327,Tammy Hood,2026-05-06,campaign_open,Retention Pulse,Email,8
ENG002684,C000713,7327,Tammy Hood,2026-05-07,campaign_click,Retention Pulse,Email,12
ENG002685,C000713,7327,Tammy Hood,2026-05-08,account_page_view,Service Recovery,Portal,22
ENG002686,C000713,7327,Tammy Hood,2026-05-09,unsubscribe_risk,Escalation Follow-up,Email,-10
ENG002687,C000714,3523,Mary Mcgee,2026-05-06,campaign_open,Retention Pulse,Email,8
ENG002688,C000714,3523,Mary Mcgee,2026-05-07,campaign_click,Retention Pulse,Email,12
ENG002689,C000714,3523,Mary Mcgee,2026-05-08,promo_response,Reactivation,Email,18
ENG002690,C000715,1940,Katherine Smith,2026-05-06,campaign_open,Retention Pulse,Email,8
ENG002691,C000715,1940,Katherine Smith,2026-05-07,campaign_click,Retention Pulse,Email,12
ENG002692,C000715,1940,Katherine Smith,2026-05-08,account_page_view,Service Recovery,Portal,22
ENG002693,C000715,1940,Katherine Smith,2026-05-09,unsubscribe_risk,Escalation Follow-up,Email,-10
ENG002694,C000716,7868,Michael Smith,2026-05-06,campaign_open,Retention Pulse,Email,8
ENG002695,C000716,7868,Michael Smith,2026-05-07,campaign_click,Retention Pulse,Email,12
ENG002696,C000716,7868,Michael Smith,2026-05-08,promo_response,Reactivation,Email,18
ENG002697,C000717,6470,Douglas Smith,2026-05-06,campaign_open,Retention Pulse,Email,8
ENG002698,C000717,6470,Douglas Smith,2026-05-07,campaign_click,Retention Pulse,Email,12
ENG002699,C000717,6470,Douglas Smith,2026-05-08,account_page_view,Service Recovery,Portal,22
ENG002700,C000717,6470,Douglas Smith,2026-05-09,unsubscribe_risk,Escalation Follow-up,Email,-10
ENG002701,C000718,7050,Mary Holloway,2026-05-06,campaign_open,Retention Pulse,Email,8
ENG002702,C000718,7050,Mary Holloway,2026-05-07,campaign_click,Retention Pulse,Email,12
ENG002703,C000718,7050,Mary Holloway,2026-05-08,promo_response,Reactivation,Email,18
ENG002704,C000719,6350,Mary Wilson,2026-05-06,campaign_open,Retention Pulse,Email,8
ENG002705,C000719,6350,Mary Wilson,2026-05-07,campaign_click,Retention Pulse,Email,12
ENG002706,C000719,6350,Mary Wilson,2026-05-08,account_page_view,Service Recovery,Portal,22
ENG002707,C000719,6350,Mary Wilson,2026-05-09,unsubscribe_risk,Escalation Follow-up,Email,-10
ENG002708,C000720,1158,Emily Price,2026-05-06,campaign_open,Retention Pulse,Email,8
ENG002709,C000720,1158,Emily Price,2026-05-07,campaign_click,Retention Pulse,Email,12
ENG002710,C000720,1158,Emily Price,2026-05-08,promo_response,Reactivation,Email,18
ENG002711,C000721,2037,Jacob Clark,2026-05-06,campaign_open,Retention Pulse,Email,8
ENG002712,C000721,2037,Jacob Clark,2026-05-07,campaign_click,Retention Pulse,Email,12
ENG002713,C000721,2037,Jacob Clark,2026-05-08,account_page_view,Service Recovery,Portal,22
ENG002714,C000721,2037,Jacob Clark,2026-05-09,unsubscribe_risk,Escalation Follow-up,Email,-10
ENG002715,C000722,3577,Michael Martin,2026-05-06,campaign_open,Retention Pulse,Email,8
ENG002716,C000722,3577,Michael Martin,2026-05-07,campaign_click,Retention Pulse,Email,12
ENG002717,C000722,3577,Michael Martin,2026-05-08,account_page_view,Service Recovery,Portal,22
ENG002718,C000722,3577,Michael Martin,2026-05-09,unsubscribe_risk,Escalation Follow-up,Email,-10
ENG002719,C000723,6707,Grace Smith,2026-05-06,campaign_open,Retention Pulse,Email,8
ENG002720,C000723,6707,Grace Smith,2026-05-07,campaign_click,Retention Pulse,Email,12
ENG002721,C000723,6707,Grace Smith,2026-05-08,account_page_view,Service Recovery,Portal,22
ENG002722,C000723,6707,Grace Smith,2026-05-09,unsubscribe_risk,Escalation Follow-up,Email,-10
ENG002723,C000724,10681,Mary Hatfield,2026-05-06,campaign_open,Retention Pulse,Email,8
ENG002724,C000724,10681,Mary Hatfield,2026-05-07,campaign_click,Retention Pulse,Email,12
ENG002725,C000724,10681,Mary Hatfield,2026-05-08,promo_response,Reactivation,Email,18
ENG002726,C000725,5490,Mary Richardson,2026-05-06,campaign_open,Retention Pulse,Email,8
ENG002727,C000725,5490,Mary Richardson,2026-05-07,campaign_click,Retention Pulse,Email,12
ENG002728,C000725,5490,Mary Richardson,2026-05-08,account_page_view,Service Recovery,Portal,22
ENG002729,C000725,5490,Mary Richardson,2026-05-09,unsubscribe_risk,Escalation Follow-up,Email,-10
ENG002730,C000726,5965,Richard Parker,2026-05-06,campaign_open,Retention Pulse,Email,8
ENG002731,C000726,5965,Richard Parker,2026-05-07,campaign_click,Retention Pulse,Email,12
ENG002732,C000726,5965,Richard Parker,2026-05-08,account_page_view,Service Recovery,Portal,22
ENG002733,C000726,5965,Richard Parker,2026-05-09,unsubscribe_risk,Escalation Follow-up,Email,-10
ENG002734,C000727,10543,Jonathan Smith,2026-05-06,campaign_open,Retention Pulse,Email,8
ENG002735,C000727,10543,Jonathan Smith,2026-05-07,campaign_click,Retention Pulse,Email,12
ENG002736,C000727,10543,Jonathan Smith,2026-05-08,account_page_view,Service Recovery,Portal,22
ENG002737,C000727,10543,Jonathan Smith,2026-05-09,unsubscribe_risk,Escalation Follow-up,Email,-10
ENG002738,C000728,3138,Barbara Nelson,2026-05-06,campaign_open,Retention Pulse,Email,8
ENG002739,C000728,3138,Barbara Nelson,2026-05-07,campaign_click,Retention Pulse,Email,12
ENG002740,C000728,3138,Barbara Nelson,2026-05-08,account_page_view,Service Recovery,Portal,22
ENG002741,C000728,3138,Barbara Nelson,2026-05-09,unsubscribe_risk,Escalation Follow-up,Email,-10
ENG002742,C000729,388,Robert Smith,2026-05-06,campaign_open,Retention Pulse,Email,8
ENG002743,C000729,388,Robert Smith,2026-05-07,campaign_click,Retention Pulse,Email,12
ENG002744,C000729,388,Robert Smith,2026-05-08,account_page_view,Service Recovery,Portal,22
ENG002745,C000729,388,Robert Smith,2026-05-09,unsubscribe_risk,Escalation Follow-up,Email,-10
ENG002746,C000730,11777,Melissa Marsh,2026-05-06,campaign_open,Retention Pulse,Email,8
ENG002747,C000730,11777,Melissa Marsh,2026-05-07,campaign_click,Retention Pulse,Email,12
ENG002748,C000730,11777,Melissa Marsh,2026-05-08,account_page_view,Service Recovery,Portal,22
ENG002749,C000730,11777,Melissa Marsh,2026-05-09,unsubscribe_risk,Escalation Follow-up,Email,-10
ENG002750,C000731,10077,Judith Smith,2026-05-06,campaign_open,Retention Pulse,Email,8
ENG002751,C000731,10077,Judith Smith,2026-05-07,campaign_click,Retention Pulse,Email,12
ENG002752,C000731,10077,Judith Smith,2026-05-08,promo_response,Reactivation,Email,18
ENG002753,C000732,8930,Jordan Mcgee,2026-05-06,campaign_open,Retention Pulse,Email,8
ENG002754,C000732,8930,Jordan Mcgee,2026-05-07,campaign_click,Retention Pulse,Email,12
ENG002755,C000732,8930,Jordan Mcgee,2026-05-08,promo_response,Reactivation,Email,18
ENG002756,C000733,364,Jason Mcmahon,2026-05-06,campaign_open,Retention Pulse,Email,8
ENG002757,C000733,364,Jason Mcmahon,2026-05-07,campaign_click,Retention Pulse,Email,12
ENG002758,C000733,364,Jason Mcmahon,2026-05-08,account_page_view,Service Recovery,Portal,22
ENG002759,C000733,364,Jason Mcmahon,2026-05-09,unsubscribe_risk,Escalation Follow-up,Email,-10
ENG002760,C000734,11492,Evelyn Allen,2026-05-06,campaign_open,Retention Pulse,Email,8
ENG002761,C000734,11492,Evelyn Allen,2026-05-07,campaign_click,Retention Pulse,Email,12
ENG002762,C000734,11492,Evelyn Allen,2026-05-08,account_page_view,Service Recovery,Portal,22
ENG002763,C000734,11492,Evelyn Allen,2026-05-09,unsubscribe_risk,Escalation Follow-up,Email,-10
ENG002764,C000735,4904,Bruce Smith,2026-05-06,campaign_open,Retention Pulse,Email,8
ENG002765,C000735,4904,Bruce Smith,2026-05-07,campaign_click,Retention Pulse,Email,12
ENG002766,C000735,4904,Bruce Smith,2026-05-08,account_page_view,Service Recovery,Portal,22
ENG002767,C000735,4904,Bruce Smith,2026-05-09,unsubscribe_risk,Escalation Follow-up,Email,-10
ENG002768,C000736,3365,William Crawford,2026-05-06,campaign_open,Retention Pulse,Email,8
ENG002769,C000736,3365,William Crawford,2026-05-07,campaign_click,Retention Pulse,Email,12
ENG002770,C000736,3365,William Crawford,2026-05-08,account_page_view,Service Recovery,Portal,22
ENG002771,C000736,3365,William Crawford,2026-05-09,unsubscribe_risk,Escalation Follow-up,Email,-10
ENG002772,C000737,682,Emma Smith,2026-05-06,campaign_open,Retention Pulse,Email,8
ENG002773,C000737,682,Emma Smith,2026-05-07,campaign_click,Retention Pulse,Email,12
ENG002774,C000737,682,Emma Smith,2026-05-08,account_page_view,Service Recovery,Portal,22
ENG002775,C000737,682,Emma Smith,2026-05-09,unsubscribe_risk,Escalation Follow-up,Email,-10
ENG002776,C000738,11542,Mary Perkins,2026-05-06,campaign_open,Retention Pulse,Email,8
ENG002777,C000738,11542,Mary Perkins,2026-05-07,campaign_click,Retention Pulse,Email,12
ENG002778,C000738,11542,Mary Perkins,2026-05-08,account_page_view,Service Recovery,Portal,22
ENG002779,C000738,11542,Mary Perkins,2026-05-09,unsubscribe_risk,Escalation Follow-up,Email,-10
ENG002780,C000739,5068,Anna Smith,2026-05-06,campaign_open,Retention Pulse,Email,8
ENG002781,C000739,5068,Anna Smith,2026-05-07,campaign_click,Retention Pulse,Email,12
ENG002782,C000739,5068,Anna Smith,2026-05-08,account_page_view,Service Recovery,Portal,22
ENG002783,C000739,5068,Anna Smith,2026-05-09,unsubscribe_risk,Escalation Follow-up,Email,-10
ENG002784,C000740,10213,Justin Huff,2026-05-06,campaign_open,Retention Pulse,Email,8
ENG002785,C000740,10213,Justin Huff,2026-05-07,campaign_click,Retention Pulse,Email,12
ENG002786,C000740,10213,Justin Huff,2026-05-08,account_page_view,Service Recovery,Portal,22
ENG002787,C000740,10213,Justin Huff,2026-05-09,unsubscribe_risk,Escalation Follow-up,Email,-10
ENG002788,C000741,10331,Megan Collier,2026-05-06,campaign_open,Retention Pulse,Email,8
ENG002789,C000741,10331,Megan Collier,2026-05-07,campaign_click,Retention Pulse,Email,12
ENG002790,C000741,10331,Megan Collier,2026-05-08,promo_response,Reactivation,Email,18
ENG002791,C000742,10815,Dennis Smith,2026-05-06,campaign_open,Retention Pulse,Email,8
ENG002792,C000742,10815,Dennis Smith,2026-05-07,campaign_click,Retention Pulse,Email,12
ENG002793,C000742,10815,Dennis Smith,2026-05-08,account_page_view,Service Recovery,Portal,22
ENG002794,C000742,10815,Dennis Smith,2026-05-09,unsubscribe_risk,Escalation Follow-up,Email,-10
ENG002795,C000743,8800,John Smith,2026-05-06,campaign_open,Retention Pulse,Email,8
ENG002796,C000743,8800,John Smith,2026-05-07,campaign_click,Retention Pulse,Email,12
ENG002797,C000743,8800,John Smith,2026-05-08,account_page_view,Service Recovery,Portal,22
ENG002798,C000743,8800,John Smith,2026-05-09,unsubscribe_risk,Escalation Follow-up,Email,-10
ENG002799,C000744,5382,Mary Smith,2026-05-06,campaign_open,Retention Pulse,Email,8
ENG002800,C000744,5382,Mary Smith,2026-05-07,campaign_click,Retention Pulse,Email,12
ENG002801,C000744,5382,Mary Smith,2026-05-08,promo_response,Reactivation,Email,18
ENG002802,C000745,4721,Scott Keith,2026-05-06,campaign_open,Retention Pulse,Email,8
ENG002803,C000745,4721,Scott Keith,2026-05-07,campaign_click,Retention Pulse,Email,12
ENG002804,C000745,4721,Scott Keith,2026-05-08,account_page_view,Service Recovery,Portal,22
ENG002805,C000745,4721,Scott Keith,2026-05-09,unsubscribe_risk,Escalation Follow-up,Email,-10
ENG002806,C000746,7317,Mary Smith,2026-05-06,campaign_open,Retention Pulse,Email,8
ENG002807,C000746,7317,Mary Smith,2026-05-07,campaign_click,Retention Pulse,Email,12
ENG002808,C000746,7317,Mary Smith,2026-05-08,account_page_view,Service Recovery,Portal,22
ENG002809,C000746,7317,Mary Smith,2026-05-09,unsubscribe_risk,Escalation Follow-up,Email,-10
ENG002810,C000747,9283,Mary Smith,2026-05-06,campaign_open,Retention Pulse,Email,8
ENG002811,C000747,9283,Mary Smith,2026-05-07,campaign_click,Retention Pulse,Email,12
ENG002812,C000747,9283,Mary Smith,2026-05-08,promo_response,Reactivation,Email,18
ENG002813,C000748,11109,William Smith,2026-05-06,campaign_open,Retention Pulse,Email,8
ENG002814,C000748,11109,William Smith,2026-05-07,campaign_click,Retention Pulse,Email,12
ENG002815,C000748,11109,William Smith,2026-05-08,account_page_view,Service Recovery,Portal,22
ENG002816,C000748,11109,William Smith,2026-05-09,unsubscribe_risk,Escalation Follow-up,Email,-10
ENG002817,C000749,11766,Mary Mason,2026-05-06,campaign_open,Retention Pulse,Email,8
ENG002818,C000749,11766,Mary Mason,2026-05-07,campaign_click,Retention Pulse,Email,12
ENG002819,C000749,11766,Mary Mason,2026-05-08,account_page_view,Service Recovery,Portal,22
ENG002820,C000749,11766,Mary Mason,2026-05-09,unsubscribe_risk,Escalation Follow-up,Email,-10
ENG002821,C000750,9103,Nathan Smith,2026-05-06,campaign_open,Retention Pulse,Email,8
ENG002822,C000750,9103,Nathan Smith,2026-05-07,campaign_click,Retention Pulse,Email,12
ENG002823,C000750,9103,Nathan Smith,2026-05-08,promo_response,Reactivation,Email,18
ENG002824,C000751,2087,Mary Burton,2026-05-06,campaign_open,Retention Pulse,Email,8
ENG002825,C000751,2087,Mary Burton,2026-05-07,campaign_click,Retention Pulse,Email,12
ENG002826,C000751,2087,Mary Burton,2026-05-08,account_page_view,Service Recovery,Portal,22
ENG002827,C000751,2087,Mary Burton,2026-05-09,unsubscribe_risk,Escalation Follow-up,Email,-10
ENG002828,C000752,1627,Mary Gonzales,2026-05-06,campaign_open,Retention Pulse,Email,8
ENG002829,C000752,1627,Mary Gonzales,2026-05-07,campaign_click,Retention Pulse,Email,12
ENG002830,C000752,1627,Mary Gonzales,2026-05-08,account_page_view,Service Recovery,Portal,22
ENG002831,C000752,1627,Mary Gonzales,2026-05-09,unsubscribe_risk,Escalation Follow-up,Email,-10
ENG002832,C000753,5033,Mary Smith,2026-05-06,campaign_open,Retention Pulse,Email,8
ENG002833,C000753,5033,Mary Smith,2026-05-07,campaign_click,Retention Pulse,Email,12
ENG002834,C000753,5033,Mary Smith,2026-05-08,promo_response,Reactivation,Email,18
ENG002835,C000754,11700,Ruth Smith,2026-05-06,campaign_open,Retention Pulse,Email,8
ENG002836,C000754,11700,Ruth Smith,2026-05-07,campaign_click,Retention Pulse,Email,12
ENG002837,C000754,11700,Ruth Smith,2026-05-08,account_page_view,Service Recovery,Portal,22
ENG002838,C000754,11700,Ruth Smith,2026-05-09,unsubscribe_risk,Escalation Follow-up,Email,-10
ENG002839,C000755,2833,Eric Vega,2026-05-06,campaign_open,Retention Pulse,Email,8
ENG002840,C000755,2833,Eric Vega,2026-05-07,campaign_click,Retention Pulse,Email,12
ENG002841,C000755,2833,Eric Vega,2026-05-08,account_page_view,Service Recovery,Portal,22
ENG002842,C000755,2833,Eric Vega,2026-05-09,unsubscribe_risk,Escalation Follow-up,Email,-10
ENG002843,C000756,72,Frank Gillespie,2026-05-06,campaign_open,Retention Pulse,Email,8
ENG002844,C000756,72,Frank Gillespie,2026-05-07,campaign_click,Retention Pulse,Email,12
ENG002845,C000756,72,Frank Gillespie,2026-05-08,account_page_view,Service Recovery,Portal,22
ENG002846,C000756,72,Frank Gillespie,2026-05-09,unsubscribe_risk,Escalation Follow-up,Email,-10
ENG002847,C000757,4700,Mary Campbell,2026-05-06,campaign_open,Retention Pulse,Email,8
ENG002848,C000757,4700,Mary Campbell,2026-05-07,campaign_click,Retention Pulse,Email,12
ENG002849,C000757,4700,Mary Campbell,2026-05-08,account_page_view,Service Recovery,Portal,22
ENG002850,C000757,4700,Mary Campbell,2026-05-09,unsubscribe_risk,Escalation Follow-up,Email,-10
ENG002851,C000758,502,Jennifer May,2026-05-06,campaign_open,Retention Pulse,Email,8
ENG002852,C000758,502,Jennifer May,2026-05-07,campaign_click,Retention Pulse,Email,12
ENG002853,C000758,502,Jennifer May,2026-05-08,account_page_view,Service Recovery,Portal,22
ENG002854,C000758,502,Jennifer May,2026-05-09,unsubscribe_risk,Escalation Follow-up,Email,-10
ENG002855,C000759,11784,Mary Cunningham,2026-05-06,campaign_open,Retention Pulse,Email,8
ENG002856,C000759,11784,Mary Cunningham,2026-05-07,campaign_click,Retention Pulse,Email,12
ENG002857,C000759,11784,Mary Cunningham,2026-05-08,account_page_view,Service Recovery,Portal,22
ENG002858,C000759,11784,Mary Cunningham,2026-05-09,unsubscribe_risk,Escalation Follow-up,Email,-10
ENG002859,C000760,8420,Gregory Fitzpatrick,2026-05-06,campaign_open,Retention Pulse,Email,8
ENG002860,C000760,8420,Gregory Fitzpatrick,2026-05-07,campaign_click,Retention Pulse,Email,12
ENG002861,C000760,8420,Gregory Fitzpatrick,2026-05-08,account_page_view,Service Recovery,Portal,22
ENG002862,C000760,8420,Gregory Fitzpatrick,2026-05-09,unsubscribe_risk,Escalation Follow-up,Email,-10
ENG002863,C000761,3501,Rachel Davila,2026-05-06,campaign_open,Retention Pulse,Email,8
ENG002864,C000761,3501,Rachel Davila,2026-05-07,campaign_click,Retention Pulse,Email,12
ENG002865,C000761,3501,Rachel Davila,2026-05-08,account_page_view,Service Recovery,Portal,22
ENG002866,C000761,3501,Rachel Davila,2026-05-09,unsubscribe_risk,Escalation Follow-up,Email,-10
ENG002867,C000762,4969,Mary Smith,2026-05-06,campaign_open,Retention Pulse,Email,8
ENG002868,C000762,4969,Mary Smith,2026-05-07,campaign_click,Retention Pulse,Email,12
ENG002869,C000762,4969,Mary Smith,2026-05-08,account_page_view,Service Recovery,Portal,22
ENG002870,C000762,4969,Mary Smith,2026-05-09,unsubscribe_risk,Escalation Follow-up,Email,-10
ENG002871,C000763,847,Jerry Ferguson,2026-05-06,campaign_open,Retention Pulse,Email,8
ENG002872,C000763,847,Jerry Ferguson,2026-05-07,campaign_click,Retention Pulse,Email,12
ENG002873,C000763,847,Jerry Ferguson,2026-05-08,account_page_view,Service Recovery,Portal,22
ENG002874,C000763,847,Jerry Ferguson,2026-05-09,unsubscribe_risk,Escalation Follow-up,Email,-10
ENG002875,C000764,10572,Mary Smith,2026-05-06,campaign_open,Retention Pulse,Email,8
ENG002876,C000764,10572,Mary Smith,2026-05-07,campaign_click,Retention Pulse,Email,12
ENG002877,C000764,10572,Mary Smith,2026-05-08,account_page_view,Service Recovery,Portal,22
ENG002878,C000764,10572,Mary Smith,2026-05-09,unsubscribe_risk,Escalation Follow-up,Email,-10
ENG002879,C000765,8065,Margaret Smith,2026-05-06,campaign_open,Retention Pulse,Email,8
ENG002880,C000765,8065,Margaret Smith,2026-05-07,campaign_click,Retention Pulse,Email,12
ENG002881,C000765,8065,Margaret Smith,2026-05-08,account_page_view,Service Recovery,Portal,22
ENG002882,C000765,8065,Margaret Smith,2026-05-09,unsubscribe_risk,Escalation Follow-up,Email,-10
ENG002883,C000766,1106,Daniel Smith,2026-05-06,campaign_open,Retention Pulse,Email,8
ENG002884,C000766,1106,Daniel Smith,2026-05-07,campaign_click,Retention Pulse,Email,12
ENG002885,C000766,1106,Daniel Smith,2026-05-08,account_page_view,Service Recovery,Portal,22
ENG002886,C000766,1106,Daniel Smith,2026-05-09,unsubscribe_risk,Escalation Follow-up,Email,-10
ENG002887,C000767,373,George Sandoval,2026-05-06,campaign_open,Retention Pulse,Email,8
ENG002888,C000767,373,George Sandoval,2026-05-07,campaign_click,Retention Pulse,Email,12
ENG002889,C000767,373,George Sandoval,2026-05-08,promo_response,Reactivation,Email,18
ENG002890,C000768,483,Mary Smith,2026-05-06,campaign_open,Retention Pulse,Email,8
ENG002891,C000768,483,Mary Smith,2026-05-07,campaign_click,Retention Pulse,Email,12
ENG002892,C000768,483,Mary Smith,2026-05-08,promo_response,Reactivation,Email,18
ENG002893,C000769,2824,Mary Bray,2026-05-06,campaign_open,Retention Pulse,Email,8
ENG002894,C000769,2824,Mary Bray,2026-05-07,campaign_click,Retention Pulse,Email,12
ENG002895,C000769,2824,Mary Bray,2026-05-08,account_page_view,Service Recovery,Portal,22
ENG002896,C000769,2824,Mary Bray,2026-05-09,unsubscribe_risk,Escalation Follow-up,Email,-10
ENG002897,C000770,6263,John Smith,2026-05-06,campaign_open,Retention Pulse,Email,8
ENG002898,C000770,6263,John Smith,2026-05-07,campaign_click,Retention Pulse,Email,12
ENG002899,C000770,6263,John Smith,2026-05-08,account_page_view,Service Recovery,Portal,22
ENG002900,C000770,6263,John Smith,2026-05-09,unsubscribe_risk,Escalation Follow-up,Email,-10
ENG002901,C000771,11313,Mary Smith,2026-05-06,campaign_open,Retention Pulse,Email,8
ENG002902,C000771,11313,Mary Smith,2026-05-07,campaign_click,Retention Pulse,Email,12
ENG002903,C000771,11313,Mary Smith,2026-05-08,account_page_view,Service Recovery,Portal,22
ENG002904,C000771,11313,Mary Smith,2026-05-09,unsubscribe_risk,Escalation Follow-up,Email,-10
ENG002905,C000772,40,Mary Smith,2026-05-06,campaign_open,Retention Pulse,Email,8
ENG002906,C000772,40,Mary Smith,2026-05-07,campaign_click,Retention Pulse,Email,12
ENG002907,C000772,40,Mary Smith,2026-05-08,account_page_view,Service Recovery,Portal,22
ENG002908,C000772,40,Mary Smith,2026-05-09,unsubscribe_risk,Escalation Follow-up,Email,-10
ENG002909,C000773,10521,Mary Wood,2026-05-06,campaign_open,Retention Pulse,Email,8
ENG002910,C000773,10521,Mary Wood,2026-05-07,campaign_click,Retention Pulse,Email,12
ENG002911,C000773,10521,Mary Wood,2026-05-08,promo_response,Reactivation,Email,18
ENG002912,C000774,9785,Barbara Barnes,2026-05-06,campaign_open,Retention Pulse,Email,8
ENG002913,C000774,9785,Barbara Barnes,2026-05-07,campaign_click,Retention Pulse,Email,12
ENG002914,C000774,9785,Barbara Barnes,2026-05-08,account_page_view,Service Recovery,Portal,22
ENG002915,C000774,9785,Barbara Barnes,2026-05-09,unsubscribe_risk,Escalation Follow-up,Email,-10
ENG002916,C000775,6281,Eugene Calderon,2026-05-06,campaign_open,Retention Pulse,Email,8
ENG002917,C000775,6281,Eugene Calderon,2026-05-07,campaign_click,Retention Pulse,Email,12
ENG002918,C000775,6281,Eugene Calderon,2026-05-08,account_page_view,Service Recovery,Portal,22
ENG002919,C000775,6281,Eugene Calderon,2026-05-09,unsubscribe_risk,Escalation Follow-up,Email,-10
ENG002920,C000776,8587,James Roy,2026-05-06,campaign_open,Retention Pulse,Email,8
ENG002921,C000776,8587,James Roy,2026-05-07,campaign_click,Retention Pulse,Email,12
ENG002922,C000776,8587,James Roy,2026-05-08,account_page_view,Service Recovery,Portal,22
ENG002923,C000776,8587,James Roy,2026-05-09,unsubscribe_risk,Escalation Follow-up,Email,-10
ENG002924,C000777,3336,Sandra Hunter,2026-05-06,campaign_open,Retention Pulse,Email,8
ENG002925,C000777,3336,Sandra Hunter,2026-05-07,campaign_click,Retention Pulse,Email,12
ENG002926,C000777,3336,Sandra Hunter,2026-05-08,account_page_view,Service Recovery,Portal,22
ENG002927,C000777,3336,Sandra Hunter,2026-05-09,unsubscribe_risk,Escalation Follow-up,Email,-10
ENG002928,C000778,12341,Roy Fields,2026-05-06,campaign_open,Retention Pulse,Email,8
ENG002929,C000778,12341,Roy Fields,2026-05-07,campaign_click,Retention Pulse,Email,12
ENG002930,C000778,12341,Roy Fields,2026-05-08,account_page_view,Service Recovery,Portal,22
ENG002931,C000778,12341,Roy Fields,2026-05-09,unsubscribe_risk,Escalation Follow-up,Email,-10
ENG002932,C000779,4258,Charles Rogers,2026-05-06,campaign_open,Retention Pulse,Email,8
ENG002933,C000779,4258,Charles Rogers,2026-05-07,campaign_click,Retention Pulse,Email,12
ENG002934,C000779,4258,Charles Rogers,2026-05-08,promo_response,Reactivation,Email,18
ENG002935,C000780,9341,Karen Collins,2026-05-06,campaign_open,Retention Pulse,Email,8
ENG002936,C000780,9341,Karen Collins,2026-05-07,campaign_click,Retention Pulse,Email,12
ENG002937,C000780,9341,Karen Collins,2026-05-08,account_page_view,Service Recovery,Portal,22
ENG002938,C000780,9341,Karen Collins,2026-05-09,unsubscribe_risk,Escalation Follow-up,Email,-10
ENG002939,C000781,4991,Mary Krause,2026-05-06,campaign_open,Retention Pulse,Email,8
ENG002940,C000781,4991,Mary Krause,2026-05-07,campaign_click,Retention Pulse,Email,12
ENG002941,C000781,4991,Mary Krause,2026-05-08,account_page_view,Service Recovery,Portal,22
ENG002942,C000781,4991,Mary Krause,2026-05-09,unsubscribe_risk,Escalation Follow-up,Email,-10
ENG002943,C000782,9671,Jennifer Smith,2026-05-06,campaign_open,Retention Pulse,Email,8
ENG002944,C000782,9671,Jennifer Smith,2026-05-07,campaign_click,Retention Pulse,Email,12
ENG002945,C000782,9671,Jennifer Smith,2026-05-08,promo_response,Reactivation,Email,18
ENG002946,C000783,7790,Edward Castaneda,2026-05-06,campaign_open,Retention Pulse,Email,8
ENG002947,C000783,7790,Edward Castaneda,2026-05-07,campaign_click,Retention Pulse,Email,12
ENG002948,C000783,7790,Edward Castaneda,2026-05-08,account_page_view,Service Recovery,Portal,22
ENG002949,C000783,7790,Edward Castaneda,2026-05-09,unsubscribe_risk,Escalation Follow-up,Email,-10
ENG002950,C000784,4557,David Sutton,2026-05-06,campaign_open,Retention Pulse,Email,8
ENG002951,C000784,4557,David Sutton,2026-05-07,campaign_click,Retention Pulse,Email,12
ENG002952,C000784,4557,David Sutton,2026-05-08,account_page_view,Service Recovery,Portal,22
ENG002953,C000784,4557,David Sutton,2026-05-09,unsubscribe_risk,Escalation Follow-up,Email,-10
ENG002954,C000785,12013,Katherine Kramer,2026-05-06,campaign_open,Retention Pulse,Email,8
ENG002955,C000785,12013,Katherine Kramer,2026-05-07,campaign_click,Retention Pulse,Email,12
ENG002956,C000785,12013,Katherine Kramer,2026-05-08,account_page_view,Service Recovery,Portal,22
ENG002957,C000785,12013,Katherine Kramer,2026-05-09,unsubscribe_risk,Escalation Follow-up,Email,-10
ENG002958,C000786,9459,Stephen Bond,2026-05-06,campaign_open,Retention Pulse,Email,8
ENG002959,C000786,9459,Stephen Bond,2026-05-07,campaign_click,Retention Pulse,Email,12
ENG002960,C000786,9459,Stephen Bond,2026-05-08,account_page_view,Service Recovery,Portal,22
ENG002961,C000786,9459,Stephen Bond,2026-05-09,unsubscribe_risk,Escalation Follow-up,Email,-10
ENG002962,C000787,6229,Mary Smith,2026-05-06,campaign_open,Retention Pulse,Email,8
ENG002963,C000787,6229,Mary Smith,2026-05-07,campaign_click,Retention Pulse,Email,12
ENG002964,C000787,6229,Mary Smith,2026-05-08,account_page_view,Service Recovery,Portal,22
ENG002965,C000787,6229,Mary Smith,2026-05-09,unsubscribe_risk,Escalation Follow-up,Email,-10
ENG002966,C000788,3020,Mary Smith,2026-05-06,campaign_open,Retention Pulse,Email,8
ENG002967,C000788,3020,Mary Smith,2026-05-07,campaign_click,Retention Pulse,Email,12
ENG002968,C000788,3020,Mary Smith,2026-05-08,account_page_view,Service Recovery,Portal,22
ENG002969,C000788,3020,Mary Smith,2026-05-09,unsubscribe_risk,Escalation Follow-up,Email,-10
ENG002970,C000789,7988,Mary Rice,2026-05-06,campaign_open,Retention Pulse,Email,8
ENG002971,C000789,7988,Mary Rice,2026-05-07,campaign_click,Retention Pulse,Email,12
ENG002972,C000789,7988,Mary Rice,2026-05-08,account_page_view,Service Recovery,Portal,22
ENG002973,C000789,7988,Mary Rice,2026-05-09,unsubscribe_risk,Escalation Follow-up,Email,-10
ENG002974,C000790,12432,Angela Smith,2026-05-06,campaign_open,Retention Pulse,Email,8
ENG002975,C000790,12432,Angela Smith,2026-05-07,campaign_click,Retention Pulse,Email,12
ENG002976,C000790,12432,Angela Smith,2026-05-08,account_page_view,Service Recovery,Portal,22
ENG002977,C000790,12432,Angela Smith,2026-05-09,unsubscribe_risk,Escalation Follow-up,Email,-10
ENG002978,C000791,4595,Christian Smith,2026-05-06,campaign_open,Retention Pulse,Email,8
ENG002979,C000791,4595,Christian Smith,2026-05-07,campaign_click,Retention Pulse,Email,12
ENG002980,C000791,4595,Christian Smith,2026-05-08,promo_response,Reactivation,Email,18
ENG002981,C000792,12347,Ralph Preston,2026-05-06,campaign_open,Retention Pulse,Email,8
ENG002982,C000792,12347,Ralph Preston,2026-05-07,campaign_click,Retention Pulse,Email,12
ENG002983,C000792,12347,Ralph Preston,2026-05-08,account_page_view,Service Recovery,Portal,22
ENG002984,C000792,12347,Ralph Preston,2026-05-09,unsubscribe_risk,Escalation Follow-up,Email,-10
ENG002985,C000793,569,Mary Frye,2026-05-06,campaign_open,Retention Pulse,Email,8
ENG002986,C000793,569,Mary Frye,2026-05-07,campaign_click,Retention Pulse,Email,12
ENG002987,C000793,569,Mary Frye,2026-05-08,promo_response,Reactivation,Email,18
ENG002988,C000794,4582,Brian House,2026-05-06,campaign_open,Retention Pulse,Email,8
ENG002989,C000794,4582,Brian House,2026-05-07,campaign_click,Retention Pulse,Email,12
ENG002990,C000794,4582,Brian House,2026-05-08,account_page_view,Service Recovery,Portal,22
ENG002991,C000794,4582,Brian House,2026-05-09,unsubscribe_risk,Escalation Follow-up,Email,-10
ENG002992,C000795,9819,Crystal Smith,2026-05-06,campaign_open,Retention Pulse,Email,8
ENG002993,C000795,9819,Crystal Smith,2026-05-07,campaign_click,Retention Pulse,Email,12
ENG002994,C000795,9819,Crystal Smith,2026-05-08,account_page_view,Service Recovery,Portal,22
ENG002995,C000795,9819,Crystal Smith,2026-05-09,unsubscribe_risk,Escalation Follow-up,Email,-10
ENG002996,C000796,771,Patricia Smith,2026-05-06,campaign_open,Retention Pulse,Email,8
ENG002997,C000796,771,Patricia Smith,2026-05-07,campaign_click,Retention Pulse,Email,12
ENG002998,C000796,771,Patricia Smith,2026-05-08,account_page_view,Service Recovery,Portal,22
ENG002999,C000796,771,Patricia Smith,2026-05-09,unsubscribe_risk,Escalation Follow-up,Email,-10
ENG003000,C000797,5672,Mary Smith,2026-05-06,campaign_open,Retention Pulse,Email,8
ENG003001,C000797,5672,Mary Smith,2026-05-07,campaign_click,Retention Pulse,Email,12
ENG003002,C000797,5672,Mary Smith,2026-05-08,account_page_view,Service Recovery,Portal,22
ENG003003,C000797,5672,Mary Smith,2026-05-09,unsubscribe_risk,Escalation Follow-up,Email,-10
ENG003004,C000798,3229,Teresa Smith,2026-05-06,campaign_open,Retention Pulse,Email,8
ENG003005,C000798,3229,Teresa Smith,2026-05-07,campaign_click,Retention Pulse,Email,12
ENG003006,C000798,3229,Teresa Smith,2026-05-08,promo_response,Reactivation,Email,18
ENG003007,C000799,4376,Scott Smith,2026-05-06,campaign_open,Retention Pulse,Email,8
ENG003008,C000799,4376,Scott Smith,2026-05-07,campaign_click,Retention Pulse,Email,12
ENG003009,C000799,4376,Scott Smith,2026-05-08,account_page_view,Service Recovery,Portal,22
ENG003010,C000799,4376,Scott Smith,2026-05-09,unsubscribe_risk,Escalation Follow-up,Email,-10
ENG003011,C000800,12210,Mary Smith,2026-05-06,campaign_open,Retention Pulse,Email,8
ENG003012,C000800,12210,Mary Smith,2026-05-07,campaign_click,Retention Pulse,Email,12
ENG003013,C000800,12210,Mary Smith,2026-05-08,account_page_view,Service Recovery,Portal,22
ENG003014,C000800,12210,Mary Smith,2026-05-09,unsubscribe_risk,Escalation Follow-up,Email,-10
ENG003015,C000801,10992,Barbara Duran,2026-05-06,campaign_open,Retention Pulse,Email,8
ENG003016,C000801,10992,Barbara Duran,2026-05-07,campaign_click,Retention Pulse,Email,12
ENG003017,C000801,10992,Barbara Duran,2026-05-08,promo_response,Reactivation,Email,18
ENG003018,C000802,10803,Laura Carey,2026-05-06,campaign_open,Retention Pulse,Email,8
ENG003019,C000802,10803,Laura Carey,2026-05-07,campaign_click,Retention Pulse,Email,12
ENG003020,C000802,10803,Laura Carey,2026-05-08,account_page_view,Service Recovery,Portal,22
ENG003021,C000802,10803,Laura Carey,2026-05-09,unsubscribe_risk,Escalation Follow-up,Email,-10
ENG003022,C000803,7298,Mary Barnes,2026-05-06,campaign_open,Retention Pulse,Email,8
ENG003023,C000803,7298,Mary Barnes,2026-05-07,campaign_click,Retention Pulse,Email,12
ENG003024,C000803,7298,Mary Barnes,2026-05-08,account_page_view,Service Recovery,Portal,22
ENG003025,C000803,7298,Mary Barnes,2026-05-09,unsubscribe_risk,Escalation Follow-up,Email,-10
ENG003026,C000804,10278,Mary Farrell,2026-05-06,campaign_open,Retention Pulse,Email,8
ENG003027,C000804,10278,Mary Farrell,2026-05-07,campaign_click,Retention Pulse,Email,12
ENG003028,C000804,10278,Mary Farrell,2026-05-08,account_page_view,Service Recovery,Portal,22
ENG003029,C000804,10278,Mary Farrell,2026-05-09,unsubscribe_risk,Escalation Follow-up,Email,-10
ENG003030,C000805,8697,Gerald Smith,2026-05-06,campaign_open,Retention Pulse,Email,8
ENG003031,C000805,8697,Gerald Smith,2026-05-07,campaign_click,Retention Pulse,Email,12
ENG003032,C000805,8697,Gerald Smith,2026-05-08,account_page_view,Service Recovery,Portal,22
ENG003033,C000805,8697,Gerald Smith,2026-05-09,unsubscribe_risk,Escalation Follow-up,Email,-10
ENG003034,C000806,9248,Mary Luna,2026-05-06,campaign_open,Retention Pulse,Email,8
ENG003035,C000806,9248,Mary Luna,2026-05-07,campaign_click,Retention Pulse,Email,12
ENG003036,C000806,9248,Mary Luna,2026-05-08,promo_response,Reactivation,Email,18
ENG003037,C000807,9898,Mary Moon,2026-05-06,campaign_open,Retention Pulse,Email,8
ENG003038,C000807,9898,Mary Moon,2026-05-07,campaign_click,Retention Pulse,Email,12
ENG003039,C000807,9898,Mary Moon,2026-05-08,promo_response,Reactivation,Email,18
ENG003040,C000808,5907,Mary Proctor,2026-05-06,campaign_open,Retention Pulse,Email,8
ENG003041,C000808,5907,Mary Proctor,2026-05-07,campaign_click,Retention Pulse,Email,12
ENG003042,C000808,5907,Mary Proctor,2026-05-08,account_page_view,Service Recovery,Portal,22
ENG003043,C000808,5907,Mary Proctor,2026-05-09,unsubscribe_risk,Escalation Follow-up,Email,-10
ENG003044,C000809,245,Deborah Smith,2026-05-06,campaign_open,Retention Pulse,Email,8
ENG003045,C000809,245,Deborah Smith,2026-05-07,campaign_click,Retention Pulse,Email,12
ENG003046,C000809,245,Deborah Smith,2026-05-08,account_page_view,Service Recovery,Portal,22
ENG003047,C000809,245,Deborah Smith,2026-05-09,unsubscribe_risk,Escalation Follow-up,Email,-10
ENG003048,C000810,6459,Vincent Valenzuela,2026-05-06,campaign_open,Retention Pulse,Email,8
ENG003049,C000810,6459,Vincent Valenzuela,2026-05-07,campaign_click,Retention Pulse,Email,12
ENG003050,C000810,6459,Vincent Valenzuela,2026-05-08,account_page_view,Service Recovery,Portal,22
ENG003051,C000810,6459,Vincent Valenzuela,2026-05-09,unsubscribe_risk,Escalation Follow-up,Email,-10
ENG003052,C000811,9325,Mary Navarro,2026-05-06,campaign_open,Retention Pulse,Email,8
ENG003053,C000811,9325,Mary Navarro,2026-05-07,campaign_click,Retention Pulse,Email,12
ENG003054,C000811,9325,Mary Navarro,2026-05-08,account_page_view,Service Recovery,Portal,22
ENG003055,C000811,9325,Mary Navarro,2026-05-09,unsubscribe_risk,Escalation Follow-up,Email,-10
ENG003056,C000812,4863,Elizabeth Smith,2026-05-06,campaign_open,Retention Pulse,Email,8
ENG003057,C000812,4863,Elizabeth Smith,2026-05-07,campaign_click,Retention Pulse,Email,12
ENG003058,C000812,4863,Elizabeth Smith,2026-05-08,account_page_view,Service Recovery,Portal,22
ENG003059,C000812,4863,Elizabeth Smith,2026-05-09,unsubscribe_risk,Escalation Follow-up,Email,-10
ENG003060,C000813,12192,Mary Carlson,2026-05-06,campaign_open,Retention Pulse,Email,8
ENG003061,C000813,12192,Mary Carlson,2026-05-07,campaign_click,Retention Pulse,Email,12
ENG003062,C000813,12192,Mary Carlson,2026-05-08,promo_response,Reactivation,Email,18
ENG003063,C000814,9375,George Smith,2026-05-06,campaign_open,Retention Pulse,Email,8
ENG003064,C000814,9375,George Smith,2026-05-07,campaign_click,Retention Pulse,Email,12
ENG003065,C000814,9375,George Smith,2026-05-08,account_page_view,Service Recovery,Portal,22
ENG003066,C000814,9375,George Smith,2026-05-09,unsubscribe_risk,Escalation Follow-up,Email,-10
ENG003067,C000815,6529,Aaron Smith,2026-05-06,campaign_open,Retention Pulse,Email,8
ENG003068,C000815,6529,Aaron Smith,2026-05-07,campaign_click,Retention Pulse,Email,12
ENG003069,C000815,6529,Aaron Smith,2026-05-08,account_page_view,Service Recovery,Portal,22
ENG003070,C000815,6529,Aaron Smith,2026-05-09,unsubscribe_risk,Escalation Follow-up,Email,-10
ENG003071,C000816,2942,Mary Taylor,2026-05-06,campaign_open,Retention Pulse,Email,8
ENG003072,C000816,2942,Mary Taylor,2026-05-07,campaign_click,Retention Pulse,Email,12
ENG003073,C000816,2942,Mary Taylor,2026-05-08,promo_response,Reactivation,Email,18
ENG003074,C000817,12291,Jennifer Sims,2026-05-06,campaign_open,Retention Pulse,Email,8
ENG003075,C000817,12291,Jennifer Sims,2026-05-07,campaign_click,Retention Pulse,Email,12
ENG003076,C000817,12291,Jennifer Sims,2026-05-08,account_page_view,Service Recovery,Portal,22
ENG003077,C000817,12291,Jennifer Sims,2026-05-09,unsubscribe_risk,Escalation Follow-up,Email,-10
ENG003078,C000818,9690,Edward Mccoy,2026-05-06,campaign_open,Retention Pulse,Email,8
ENG003079,C000818,9690,Edward Mccoy,2026-05-07,campaign_click,Retention Pulse,Email,12
ENG003080,C000818,9690,Edward Mccoy,2026-05-08,account_page_view,Service Recovery,Portal,22
ENG003081,C000818,9690,Edward Mccoy,2026-05-09,unsubscribe_risk,Escalation Follow-up,Email,-10
ENG003082,C000819,9003,Judy Duran,2026-05-06,campaign_open,Retention Pulse,Email,8
ENG003083,C000819,9003,Judy Duran,2026-05-07,campaign_click,Retention Pulse,Email,12
ENG003084,C000819,9003,Judy Duran,2026-05-08,account_page_view,Service Recovery,Portal,22
ENG003085,C000819,9003,Judy Duran,2026-05-09,unsubscribe_risk,Escalation Follow-up,Email,-10
ENG003086,C000820,7215,Patricia Ruiz,2026-05-06,campaign_open,Retention Pulse,Email,8
ENG003087,C000820,7215,Patricia Ruiz,2026-05-07,campaign_click,Retention Pulse,Email,12
ENG003088,C000820,7215,Patricia Ruiz,2026-05-08,promo_response,Reactivation,Email,18
ENG003089,C000821,3074,Mary Smith,2026-05-06,campaign_open,Retention Pulse,Email,8
ENG003090,C000821,3074,Mary Smith,2026-05-07,campaign_click,Retention Pulse,Email,12
ENG003091,C000821,3074,Mary Smith,2026-05-08,account_page_view,Service Recovery,Portal,22
ENG003092,C000821,3074,Mary Smith,2026-05-09,unsubscribe_risk,Escalation Follow-up,Email,-10
ENG003093,C000822,3272,Julie Smith,2026-05-06,campaign_open,Retention Pulse,Email,8
ENG003094,C000822,3272,Julie Smith,2026-05-07,campaign_click,Retention Pulse,Email,12
ENG003095,C000822,3272,Julie Smith,2026-05-08,account_page_view,Service Recovery,Portal,22
ENG003096,C000822,3272,Julie Smith,2026-05-09,unsubscribe_risk,Escalation Follow-up,Email,-10
ENG003097,C000823,8618,Joan Trujillo,2026-05-06,campaign_open,Retention Pulse,Email,8
ENG003098,C000823,8618,Joan Trujillo,2026-05-07,campaign_click,Retention Pulse,Email,12
ENG003099,C000823,8618,Joan Trujillo,2026-05-08,account_page_view,Service Recovery,Portal,22
ENG003100,C000823,8618,Joan Trujillo,2026-05-09,unsubscribe_risk,Escalation Follow-up,Email,-10
ENG003101,C000824,3323,Megan Meyers,2026-05-06,campaign_open,Retention Pulse,Email,8
ENG003102,C000824,3323,Megan Meyers,2026-05-07,campaign_click,Retention Pulse,Email,12
ENG003103,C000824,3323,Megan Meyers,2026-05-08,account_page_view,Service Recovery,Portal,22
ENG003104,C000824,3323,Megan Meyers,2026-05-09,unsubscribe_risk,Escalation Follow-up,Email,-10
ENG003105,C000825,6342,Kimberly Blair,2026-05-06,campaign_open,Retention Pulse,Email,8
ENG003106,C000825,6342,Kimberly Blair,2026-05-07,campaign_click,Retention Pulse,Email,12
ENG003107,C000825,6342,Kimberly Blair,2026-05-08,account_page_view,Service Recovery,Portal,22
ENG003108,C000825,6342,Kimberly Blair,2026-05-09,unsubscribe_risk,Escalation Follow-up,Email,-10
ENG003109,C000826,11263,Mary Keller,2026-05-06,campaign_open,Retention Pulse,Email,8
ENG003110,C000826,11263,Mary Keller,2026-05-07,campaign_click,Retention Pulse,Email,12
ENG003111,C000826,11263,Mary Keller,2026-05-08,account_page_view,Service Recovery,Portal,22
ENG003112,C000826,11263,Mary Keller,2026-05-09,unsubscribe_risk,Escalation Follow-up,Email,-10
ENG003113,C000827,12201,Mary Burton,2026-05-06,campaign_open,Retention Pulse,Email,8
ENG003114,C000827,12201,Mary Burton,2026-05-07,campaign_click,Retention Pulse,Email,12
ENG003115,C000827,12201,Mary Burton,2026-05-08,promo_response,Reactivation,Email,18
ENG003116,C000828,5946,Daniel Smith,2026-05-06,campaign_open,Retention Pulse,Email,8
ENG003117,C000828,5946,Daniel Smith,2026-05-07,campaign_click,Retention Pulse,Email,12
ENG003118,C000828,5946,Daniel Smith,2026-05-08,account_page_view,Service Recovery,Portal,22
ENG003119,C000828,5946,Daniel Smith,2026-05-09,unsubscribe_risk,Escalation Follow-up,Email,-10
ENG003120,C000829,5301,Mary Ward,2026-05-06,campaign_open,Retention Pulse,Email,8
ENG003121,C000829,5301,Mary Ward,2026-05-07,campaign_click,Retention Pulse,Email,12
ENG003122,C000829,5301,Mary Ward,2026-05-08,account_page_view,Service Recovery,Portal,22
ENG003123,C000829,5301,Mary Ward,2026-05-09,unsubscribe_risk,Escalation Follow-up,Email,-10
ENG003124,C000830,1762,Nicholas Smith,2026-05-06,campaign_open,Retention Pulse,Email,8
ENG003125,C000830,1762,Nicholas Smith,2026-05-07,campaign_click,Retention Pulse,Email,12
ENG003126,C000830,1762,Nicholas Smith,2026-05-08,account_page_view,Service Recovery,Portal,22
ENG003127,C000830,1762,Nicholas Smith,2026-05-09,unsubscribe_risk,Escalation Follow-up,Email,-10
ENG003128,C000831,7013,Amber Smith,2026-05-06,campaign_open,Retention Pulse,Email,8
ENG003129,C000831,7013,Amber Smith,2026-05-07,campaign_click,Retention Pulse,Email,12
ENG003130,C000831,7013,Amber Smith,2026-05-08,account_page_view,Service Recovery,Portal,22
ENG003131,C000831,7013,Amber Smith,2026-05-09,unsubscribe_risk,Escalation Follow-up,Email,-10
ENG003132,C000832,3868,Rachel Smith,2026-05-06,campaign_open,Retention Pulse,Email,8
ENG003133,C000832,3868,Rachel Smith,2026-05-07,campaign_click,Retention Pulse,Email,12
ENG003134,C000832,3868,Rachel Smith,2026-05-08,account_page_view,Service Recovery,Portal,22
ENG003135,C000832,3868,Rachel Smith,2026-05-09,unsubscribe_risk,Escalation Follow-up,Email,-10
ENG003136,C000833,11606,Mary Cisneros,2026-05-06,campaign_open,Retention Pulse,Email,8
ENG003137,C000833,11606,Mary Cisneros,2026-05-07,campaign_click,Retention Pulse,Email,12
ENG003138,C000833,11606,Mary Cisneros,2026-05-08,account_page_view,Service Recovery,Portal,22
ENG003139,C000833,11606,Mary Cisneros,2026-05-09,unsubscribe_risk,Escalation Follow-up,Email,-10
ENG003140,C000834,5411,Robert Crane,2026-05-06,campaign_open,Retention Pulse,Email,8
ENG003141,C000834,5411,Robert Crane,2026-05-07,campaign_click,Retention Pulse,Email,12
ENG003142,C000834,5411,Robert Crane,2026-05-08,promo_response,Reactivation,Email,18
ENG003143,C000835,1731,Michelle Bennett,2026-05-06,campaign_open,Retention Pulse,Email,8
ENG003144,C000835,1731,Michelle Bennett,2026-05-07,campaign_click,Retention Pulse,Email,12
ENG003145,C000835,1731,Michelle Bennett,2026-05-08,account_page_view,Service Recovery,Portal,22
ENG003146,C000835,1731,Michelle Bennett,2026-05-09,unsubscribe_risk,Escalation Follow-up,Email,-10
ENG003147,C000836,11133,Mary Smith,2026-05-06,campaign_open,Retention Pulse,Email,8
ENG003148,C000836,11133,Mary Smith,2026-05-07,campaign_click,Retention Pulse,Email,12
ENG003149,C000836,11133,Mary Smith,2026-05-08,promo_response,Reactivation,Email,18
ENG003150,C000837,2429,Mary Roberts,2026-05-06,campaign_open,Retention Pulse,Email,8
ENG003151,C000837,2429,Mary Roberts,2026-05-07,campaign_click,Retention Pulse,Email,12
ENG003152,C000837,2429,Mary Roberts,2026-05-08,account_page_view,Service Recovery,Portal,22
ENG003153,C000837,2429,Mary Roberts,2026-05-09,unsubscribe_risk,Escalation Follow-up,Email,-10
ENG003154,C000838,5741,Mary Spencer,2026-05-06,campaign_open,Retention Pulse,Email,8
ENG003155,C000838,5741,Mary Spencer,2026-05-07,campaign_click,Retention Pulse,Email,12
ENG003156,C000838,5741,Mary Spencer,2026-05-08,account_page_view,Service Recovery,Portal,22
ENG003157,C000838,5741,Mary Spencer,2026-05-09,unsubscribe_risk,Escalation Follow-up,Email,-10
ENG003158,C000839,1498,Peter Bray,2026-05-06,campaign_open,Retention Pulse,Email,8
ENG003159,C000839,1498,Peter Bray,2026-05-07,campaign_click,Retention Pulse,Email,12
ENG003160,C000839,1498,Peter Bray,2026-05-08,account_page_view,Service Recovery,Portal,22
ENG003161,C000839,1498,Peter Bray,2026-05-09,unsubscribe_risk,Escalation Follow-up,Email,-10
ENG003162,C000840,455,Jeffrey Smith,2026-05-06,campaign_open,Retention Pulse,Email,8
ENG003163,C000840,455,Jeffrey Smith,2026-05-07,campaign_click,Retention Pulse,Email,12
ENG003164,C000840,455,Jeffrey Smith,2026-05-08,account_page_view,Service Recovery,Portal,22
ENG003165,C000840,455,Jeffrey Smith,2026-05-09,unsubscribe_risk,Escalation Follow-up,Email,-10
ENG003166,C000841,10854,Mary Coleman,2026-05-06,campaign_open,Retention Pulse,Email,8
ENG003167,C000841,10854,Mary Coleman,2026-05-07,campaign_click,Retention Pulse,Email,12
ENG003168,C000841,10854,Mary Coleman,2026-05-08,account_page_view,Service Recovery,Portal,22
ENG003169,C000841,10854,Mary Coleman,2026-05-09,unsubscribe_risk,Escalation Follow-up,Email,-10
ENG003170,C000842,1589,Matthew Brennan,2026-05-06,campaign_open,Retention Pulse,Email,8
ENG003171,C000842,1589,Matthew Brennan,2026-05-07,campaign_click,Retention Pulse,Email,12
ENG003172,C000842,1589,Matthew Brennan,2026-05-08,account_page_view,Service Recovery,Portal,22
ENG003173,C000842,1589,Matthew Brennan,2026-05-09,unsubscribe_risk,Escalation Follow-up,Email,-10
ENG003174,C000843,433,Mary Smith,2026-05-06,campaign_open,Retention Pulse,Email,8
ENG003175,C000843,433,Mary Smith,2026-05-07,campaign_click,Retention Pulse,Email,12
ENG003176,C000843,433,Mary Smith,2026-05-08,account_page_view,Service Recovery,Portal,22
ENG003177,C000843,433,Mary Smith,2026-05-09,unsubscribe_risk,Escalation Follow-up,Email,-10
ENG003178,C000844,9872,Mary Aguilar,2026-05-06,campaign_open,Retention Pulse,Email,8
ENG003179,C000844,9872,Mary Aguilar,2026-05-07,campaign_click,Retention Pulse,Email,12
ENG003180,C000844,9872,Mary Aguilar,2026-05-08,account_page_view,Service Recovery,Portal,22
ENG003181,C000844,9872,Mary Aguilar,2026-05-09,unsubscribe_risk,Escalation Follow-up,Email,-10
ENG003182,C000845,5093,Sara Rice,2026-05-06,campaign_open,Retention Pulse,Email,8
ENG003183,C000845,5093,Sara Rice,2026-05-07,campaign_click,Retention Pulse,Email,12
ENG003184,C000845,5093,Sara Rice,2026-05-08,account_page_view,Service Recovery,Portal,22
ENG003185,C000845,5093,Sara Rice,2026-05-09,unsubscribe_risk,Escalation Follow-up,Email,-10
ENG003186,C000846,2609,Mary Smith,2026-05-06,campaign_open,Retention Pulse,Email,8
ENG003187,C000846,2609,Mary Smith,2026-05-07,campaign_click,Retention Pulse,Email,12
ENG003188,C000846,2609,Mary Smith,2026-05-08,account_page_view,Service Recovery,Portal,22
ENG003189,C000846,2609,Mary Smith,2026-05-09,unsubscribe_risk,Escalation Follow-up,Email,-10
ENG003190,C000847,4159,Mary Castillo,2026-05-06,campaign_open,Retention Pulse,Email,8
ENG003191,C000847,4159,Mary Castillo,2026-05-07,campaign_click,Retention Pulse,Email,12
ENG003192,C000847,4159,Mary Castillo,2026-05-08,account_page_view,Service Recovery,Portal,22
ENG003193,C000847,4159,Mary Castillo,2026-05-09,unsubscribe_risk,Escalation Follow-up,Email,-10
ENG003194,C000848,1225,Mary Smith,2026-05-06,campaign_open,Retention Pulse,Email,8
ENG003195,C000848,1225,Mary Smith,2026-05-07,campaign_click,Retention Pulse,Email,12
ENG003196,C000848,1225,Mary Smith,2026-05-08,promo_response,Reactivation,Email,18
ENG003197,C000849,3676,Mary Smith,2026-05-06,campaign_open,Retention Pulse,Email,8
ENG003198,C000849,3676,Mary Smith,2026-05-07,campaign_click,Retention Pulse,Email,12
ENG003199,C000849,3676,Mary Smith,2026-05-08,account_page_view,Service Recovery,Portal,22
ENG003200,C000849,3676,Mary Smith,2026-05-09,unsubscribe_risk,Escalation Follow-up,Email,-10
ENG003201,C000850,4911,Mary Smith,2026-05-06,campaign_open,Retention Pulse,Email,8
ENG003202,C000850,4911,Mary Smith,2026-05-07,campaign_click,Retention Pulse,Email,12
ENG003203,C000850,4911,Mary Smith,2026-05-08,account_page_view,Service Recovery,Portal,22
ENG003204,C000850,4911,Mary Smith,2026-05-09,unsubscribe_risk,Escalation Follow-up,Email,-10
ENG003205,C000851,6319,Mary Merritt,2026-05-06,campaign_open,Retention Pulse,Email,8
ENG003206,C000851,6319,Mary Merritt,2026-05-07,campaign_click,Retention Pulse,Email,12
ENG003207,C000851,6319,Mary Merritt,2026-05-08,account_page_view,Service Recovery,Portal,22
ENG003208,C000851,6319,Mary Merritt,2026-05-09,unsubscribe_risk,Escalation Follow-up,Email,-10
ENG003209,C000852,174,Mary Perez,2026-05-06,campaign_open,Retention Pulse,Email,8
ENG003210,C000852,174,Mary Perez,2026-05-07,campaign_click,Retention Pulse,Email,12
ENG003211,C000852,174,Mary Perez,2026-05-08,promo_response,Reactivation,Email,18
ENG003212,C000853,8198,Mary Frank,2026-05-06,campaign_open,Retention Pulse,Email,8
ENG003213,C000853,8198,Mary Frank,2026-05-07,campaign_click,Retention Pulse,Email,12
ENG003214,C000853,8198,Mary Frank,2026-05-08,account_page_view,Service Recovery,Portal,22
ENG003215,C000853,8198,Mary Frank,2026-05-09,unsubscribe_risk,Escalation Follow-up,Email,-10
ENG003216,C000854,8981,Mary Bennett,2026-05-06,campaign_open,Retention Pulse,Email,8
ENG003217,C000854,8981,Mary Bennett,2026-05-07,campaign_click,Retention Pulse,Email,12
ENG003218,C000854,8981,Mary Bennett,2026-05-08,account_page_view,Service Recovery,Portal,22
ENG003219,C000854,8981,Mary Bennett,2026-05-09,unsubscribe_risk,Escalation Follow-up,Email,-10
ENG003220,C000855,7677,Mary Bonilla,2026-05-06,campaign_open,Retention Pulse,Email,8
ENG003221,C000855,7677,Mary Bonilla,2026-05-07,campaign_click,Retention Pulse,Email,12
ENG003222,C000855,7677,Mary Bonilla,2026-05-08,account_page_view,Service Recovery,Portal,22
ENG003223,C000855,7677,Mary Bonilla,2026-05-09,unsubscribe_risk,Escalation Follow-up,Email,-10
ENG003224,C000856,987,Cheryl Smith,2026-05-06,campaign_open,Retention Pulse,Email,8
ENG003225,C000856,987,Cheryl Smith,2026-05-07,campaign_click,Retention Pulse,Email,12
ENG003226,C000856,987,Cheryl Smith,2026-05-08,promo_response,Reactivation,Email,18
ENG003227,C000857,2155,Joshua Mckinney,2026-05-06,campaign_open,Retention Pulse,Email,8
ENG003228,C000857,2155,Joshua Mckinney,2026-05-07,campaign_click,Retention Pulse,Email,12
ENG003229,C000857,2155,Joshua Mckinney,2026-05-08,account_page_view,Service Recovery,Portal,22
ENG003230,C000857,2155,Joshua Mckinney,2026-05-09,unsubscribe_risk,Escalation Follow-up,Email,-10
ENG003231,C000858,3581,Mary Pugh,2026-05-06,campaign_open,Retention Pulse,Email,8
ENG003232,C000858,3581,Mary Pugh,2026-05-07,campaign_click,Retention Pulse,Email,12
ENG003233,C000858,3581,Mary Pugh,2026-05-08,account_page_view,Service Recovery,Portal,22
ENG003234,C000858,3581,Mary Pugh,2026-05-09,unsubscribe_risk,Escalation Follow-up,Email,-10
ENG003235,C000859,5302,Betty Smith,2026-05-06,campaign_open,Retention Pulse,Email,8
ENG003236,C000859,5302,Betty Smith,2026-05-07,campaign_click,Retention Pulse,Email,12
ENG003237,C000859,5302,Betty Smith,2026-05-08,account_page_view,Service Recovery,Portal,22
ENG003238,C000859,5302,Betty Smith,2026-05-09,unsubscribe_risk,Escalation Follow-up,Email,-10
ENG003239,C000860,12207,Jose Smith,2026-05-06,campaign_open,Retention Pulse,Email,8
ENG003240,C000860,12207,Jose Smith,2026-05-07,campaign_click,Retention Pulse,Email,12
ENG003241,C000860,12207,Jose Smith,2026-05-08,account_page_view,Service Recovery,Portal,22
ENG003242,C000860,12207,Jose Smith,2026-05-09,unsubscribe_risk,Escalation Follow-up,Email,-10
ENG003243,C000861,1806,Roger Smith,2026-05-06,campaign_open,Retention Pulse,Email,8
ENG003244,C000861,1806,Roger Smith,2026-05-07,campaign_click,Retention Pulse,Email,12
ENG003245,C000861,1806,Roger Smith,2026-05-08,account_page_view,Service Recovery,Portal,22
ENG003246,C000861,1806,Roger Smith,2026-05-09,unsubscribe_risk,Escalation Follow-up,Email,-10
ENG003247,C000862,4618,Andrea Smith,2026-05-06,campaign_open,Retention Pulse,Email,8
ENG003248,C000862,4618,Andrea Smith,2026-05-07,campaign_click,Retention Pulse,Email,12
ENG003249,C000862,4618,Andrea Smith,2026-05-08,account_page_view,Service Recovery,Portal,22
ENG003250,C000862,4618,Andrea Smith,2026-05-09,unsubscribe_risk,Escalation Follow-up,Email,-10
ENG003251,C000863,4931,Arthur Smith,2026-05-06,campaign_open,Retention Pulse,Email,8
ENG003252,C000863,4931,Arthur Smith,2026-05-07,campaign_click,Retention Pulse,Email,12
ENG003253,C000863,4931,Arthur Smith,2026-05-08,account_page_view,Service Recovery,Portal,22
ENG003254,C000863,4931,Arthur Smith,2026-05-09,unsubscribe_risk,Escalation Follow-up,Email,-10
ENG003255,C000864,3531,Amanda Foster,2026-05-06,campaign_open,Retention Pulse,Email,8
ENG003256,C000864,3531,Amanda Foster,2026-05-07,campaign_click,Retention Pulse,Email,12
ENG003257,C000864,3531,Amanda Foster,2026-05-08,account_page_view,Service Recovery,Portal,22
ENG003258,C000864,3531,Amanda Foster,2026-05-09,unsubscribe_risk,Escalation Follow-up,Email,-10
ENG003259,C000865,5971,Philip Johnson,2026-05-06,campaign_open,Retention Pulse,Email,8
ENG003260,C000865,5971,Philip Johnson,2026-05-07,campaign_click,Retention Pulse,Email,12
ENG003261,C000865,5971,Philip Johnson,2026-05-08,account_page_view,Service Recovery,Portal,22
ENG003262,C000865,5971,Philip Johnson,2026-05-09,unsubscribe_risk,Escalation Follow-up,Email,-10
ENG003263,C000866,9789,Daniel Valdez,2026-05-06,campaign_open,Retention Pulse,Email,8
ENG003264,C000866,9789,Daniel Valdez,2026-05-07,campaign_click,Retention Pulse,Email,12
ENG003265,C000866,9789,Daniel Valdez,2026-05-08,account_page_view,Service Recovery,Portal,22
ENG003266,C000866,9789,Daniel Valdez,2026-05-09,unsubscribe_risk,Escalation Follow-up,Email,-10
ENG003267,C000867,7186,Mary Meadows,2026-05-06,campaign_open,Retention Pulse,Email,8
ENG003268,C000867,7186,Mary Meadows,2026-05-07,campaign_click,Retention Pulse,Email,12
ENG003269,C000867,7186,Mary Meadows,2026-05-08,account_page_view,Service Recovery,Portal,22
ENG003270,C000867,7186,Mary Meadows,2026-05-09,unsubscribe_risk,Escalation Follow-up,Email,-10
ENG003271,C000868,1619,Laura Smith,2026-05-06,campaign_open,Retention Pulse,Email,8
ENG003272,C000868,1619,Laura Smith,2026-05-07,campaign_click,Retention Pulse,Email,12
ENG003273,C000868,1619,Laura Smith,2026-05-08,account_page_view,Service Recovery,Portal,22
ENG003274,C000868,1619,Laura Smith,2026-05-09,unsubscribe_risk,Escalation Follow-up,Email,-10
ENG003275,C000869,2134,Mary Gibbs,2026-05-06,campaign_open,Retention Pulse,Email,8
ENG003276,C000869,2134,Mary Gibbs,2026-05-07,campaign_click,Retention Pulse,Email,12
ENG003277,C000869,2134,Mary Gibbs,2026-05-08,promo_response,Reactivation,Email,18
ENG003278,C000870,2027,Jennifer Mills,2026-05-06,campaign_open,Retention Pulse,Email,8
ENG003279,C000870,2027,Jennifer Mills,2026-05-07,campaign_click,Retention Pulse,Email,12
ENG003280,C000870,2027,Jennifer Mills,2026-05-08,account_page_view,Service Recovery,Portal,22
ENG003281,C000870,2027,Jennifer Mills,2026-05-09,unsubscribe_risk,Escalation Follow-up,Email,-10
ENG003282,C000871,9563,Pamela Murphy,2026-05-06,campaign_open,Retention Pulse,Email,8
ENG003283,C000871,9563,Pamela Murphy,2026-05-07,campaign_click,Retention Pulse,Email,12
ENG003284,C000871,9563,Pamela Murphy,2026-05-08,promo_response,Reactivation,Email,18
ENG003285,C000872,4654,Alexander Smith,2026-05-06,campaign_open,Retention Pulse,Email,8
ENG003286,C000872,4654,Alexander Smith,2026-05-07,campaign_click,Retention Pulse,Email,12
ENG003287,C000872,4654,Alexander Smith,2026-05-08,account_page_view,Service Recovery,Portal,22
ENG003288,C000872,4654,Alexander Smith,2026-05-09,unsubscribe_risk,Escalation Follow-up,Email,-10
ENG003289,C000873,7602,Brian Mitchell,2026-05-06,campaign_open,Retention Pulse,Email,8
ENG003290,C000873,7602,Brian Mitchell,2026-05-07,campaign_click,Retention Pulse,Email,12
ENG003291,C000873,7602,Brian Mitchell,2026-05-08,promo_response,Reactivation,Email,18
ENG003292,C000874,9967,Linda Herman,2026-05-06,campaign_open,Retention Pulse,Email,8
ENG003293,C000874,9967,Linda Herman,2026-05-07,campaign_click,Retention Pulse,Email,12
ENG003294,C000874,9967,Linda Herman,2026-05-08,promo_response,Reactivation,Email,18
ENG003295,C000875,7158,Mary Todd,2026-05-06,campaign_open,Retention Pulse,Email,8
ENG003296,C000875,7158,Mary Todd,2026-05-07,campaign_click,Retention Pulse,Email,12
ENG003297,C000875,7158,Mary Todd,2026-05-08,account_page_view,Service Recovery,Portal,22
ENG003298,C000875,7158,Mary Todd,2026-05-09,unsubscribe_risk,Escalation Follow-up,Email,-10
ENG003299,C000876,7960,Ethan Thomas,2026-05-06,campaign_open,Retention Pulse,Email,8
ENG003300,C000876,7960,Ethan Thomas,2026-05-07,campaign_click,Retention Pulse,Email,12
ENG003301,C000876,7960,Ethan Thomas,2026-05-08,account_page_view,Service Recovery,Portal,22
ENG003302,C000876,7960,Ethan Thomas,2026-05-09,unsubscribe_risk,Escalation Follow-up,Email,-10
ENG003303,C000877,7590,Robert Johnson,2026-05-06,campaign_open,Retention Pulse,Email,8
ENG003304,C000877,7590,Robert Johnson,2026-05-07,campaign_click,Retention Pulse,Email,12
ENG003305,C000877,7590,Robert Johnson,2026-05-08,account_page_view,Service Recovery,Portal,22
ENG003306,C000877,7590,Robert Johnson,2026-05-09,unsubscribe_risk,Escalation Follow-up,Email,-10
ENG003307,C000878,2252,Mary Smith,2026-05-06,campaign_open,Retention Pulse,Email,8
ENG003308,C000878,2252,Mary Smith,2026-05-07,campaign_click,Retention Pulse,Email,12
ENG003309,C000878,2252,Mary Smith,2026-05-08,account_page_view,Service Recovery,Portal,22
ENG003310,C000878,2252,Mary Smith,2026-05-09,unsubscribe_risk,Escalation Follow-up,Email,-10
ENG003311,C000879,8974,Mary Schultz,2026-05-06,campaign_open,Retention Pulse,Email,8
ENG003312,C000879,8974,Mary Schultz,2026-05-07,campaign_click,Retention Pulse,Email,12
ENG003313,C000879,8974,Mary Schultz,2026-05-08,promo_response,Reactivation,Email,18
ENG003314,C000880,2600,Deborah Smith,2026-05-06,campaign_open,Retention Pulse,Email,8
ENG003315,C000880,2600,Deborah Smith,2026-05-07,campaign_click,Retention Pulse,Email,12
ENG003316,C000880,2600,Deborah Smith,2026-05-08,account_page_view,Service Recovery,Portal,22
ENG003317,C000880,2600,Deborah Smith,2026-05-09,unsubscribe_risk,Escalation Follow-up,Email,-10
ENG003318,C000881,5787,Jordan Medina,2026-05-06,campaign_open,Retention Pulse,Email,8
ENG003319,C000881,5787,Jordan Medina,2026-05-07,campaign_click,Retention Pulse,Email,12
ENG003320,C000881,5787,Jordan Medina,2026-05-08,account_page_view,Service Recovery,Portal,22
ENG003321,C000881,5787,Jordan Medina,2026-05-09,unsubscribe_risk,Escalation Follow-up,Email,-10
ENG003322,C000882,8174,Jane Simmons,2026-05-06,campaign_open,Retention Pulse,Email,8
ENG003323,C000882,8174,Jane Simmons,2026-05-07,campaign_click,Retention Pulse,Email,12
ENG003324,C000882,8174,Jane Simmons,2026-05-08,account_page_view,Service Recovery,Portal,22
ENG003325,C000882,8174,Jane Simmons,2026-05-09,unsubscribe_risk,Escalation Follow-up,Email,-10
ENG003326,C000883,6480,Ryan Austin,2026-05-06,campaign_open,Retention Pulse,Email,8
ENG003327,C000883,6480,Ryan Austin,2026-05-07,campaign_click,Retention Pulse,Email,12
ENG003328,C000883,6480,Ryan Austin,2026-05-08,promo_response,Reactivation,Email,18
ENG003329,C000884,6472,Albert Smith,2026-05-06,campaign_open,Retention Pulse,Email,8
ENG003330,C000884,6472,Albert Smith,2026-05-07,campaign_click,Retention Pulse,Email,12
ENG003331,C000884,6472,Albert Smith,2026-05-08,account_page_view,Service Recovery,Portal,22
ENG003332,C000884,6472,Albert Smith,2026-05-09,unsubscribe_risk,Escalation Follow-up,Email,-10
ENG003333,C000885,4907,Amanda Lopez,2026-05-06,campaign_open,Retention Pulse,Email,8
ENG003334,C000885,4907,Amanda Lopez,2026-05-07,campaign_click,Retention Pulse,Email,12
ENG003335,C000885,4907,Amanda Lopez,2026-05-08,account_page_view,Service Recovery,Portal,22
ENG003336,C000885,4907,Amanda Lopez,2026-05-09,unsubscribe_risk,Escalation Follow-up,Email,-10
ENG003337,C000886,12301,John Smith,2026-05-06,campaign_open,Retention Pulse,Email,8
ENG003338,C000886,12301,John Smith,2026-05-07,campaign_click,Retention Pulse,Email,12
ENG003339,C000886,12301,John Smith,2026-05-08,account_page_view,Service Recovery,Portal,22
ENG003340,C000886,12301,John Smith,2026-05-09,unsubscribe_risk,Escalation Follow-up,Email,-10
ENG003341,C000887,2365,Sara Smith,2026-05-06,campaign_open,Retention Pulse,Email,8
ENG003342,C000887,2365,Sara Smith,2026-05-07,campaign_click,Retention Pulse,Email,12
ENG003343,C000887,2365,Sara Smith,2026-05-08,account_page_view,Service Recovery,Portal,22
ENG003344,C000887,2365,Sara Smith,2026-05-09,unsubscribe_risk,Escalation Follow-up,Email,-10
ENG003345,C000888,11678,Olivia Smith,2026-05-06,campaign_open,Retention Pulse,Email,8
ENG003346,C000888,11678,Olivia Smith,2026-05-07,campaign_click,Retention Pulse,Email,12
ENG003347,C000888,11678,Olivia Smith,2026-05-08,account_page_view,Service Recovery,Portal,22
ENG003348,C000888,11678,Olivia Smith,2026-05-09,unsubscribe_risk,Escalation Follow-up,Email,-10
ENG003349,C000889,11089,Mary Smith,2026-05-06,campaign_open,Retention Pulse,Email,8
ENG003350,C000889,11089,Mary Smith,2026-05-07,campaign_click,Retention Pulse,Email,12
ENG003351,C000889,11089,Mary Smith,2026-05-08,account_page_view,Service Recovery,Portal,22
ENG003352,C000889,11089,Mary Smith,2026-05-09,unsubscribe_risk,Escalation Follow-up,Email,-10
ENG003353,C000890,11061,Joseph Webster,2026-05-06,campaign_open,Retention Pulse,Email,8
ENG003354,C000890,11061,Joseph Webster,2026-05-07,campaign_click,Retention Pulse,Email,12
ENG003355,C000890,11061,Joseph Webster,2026-05-08,account_page_view,Service Recovery,Portal,22
ENG003356,C000890,11061,Joseph Webster,2026-05-09,unsubscribe_risk,Escalation Follow-up,Email,-10
ENG003357,C000891,8986,Mary Smith,2026-05-06,campaign_open,Retention Pulse,Email,8
ENG003358,C000891,8986,Mary Smith,2026-05-07,campaign_click,Retention Pulse,Email,12
ENG003359,C000891,8986,Mary Smith,2026-05-08,account_page_view,Service Recovery,Portal,22
ENG003360,C000891,8986,Mary Smith,2026-05-09,unsubscribe_risk,Escalation Follow-up,Email,-10
ENG003361,C000892,9847,Mary Smith,2026-05-06,campaign_open,Retention Pulse,Email,8
ENG003362,C000892,9847,Mary Smith,2026-05-07,campaign_click,Retention Pulse,Email,12
ENG003363,C000892,9847,Mary Smith,2026-05-08,account_page_view,Service Recovery,Portal,22
ENG003364,C000892,9847,Mary Smith,2026-05-09,unsubscribe_risk,Escalation Follow-up,Email,-10
ENG003365,C000893,5186,Jason Robinson,2026-05-06,campaign_open,Retention Pulse,Email,8
ENG003366,C000893,5186,Jason Robinson,2026-05-07,campaign_click,Retention Pulse,Email,12
ENG003367,C000893,5186,Jason Robinson,2026-05-08,account_page_view,Service Recovery,Portal,22
ENG003368,C000893,5186,Jason Robinson,2026-05-09,unsubscribe_risk,Escalation Follow-up,Email,-10
ENG003369,C000894,9510,Steven Wright,2026-05-06,campaign_open,Retention Pulse,Email,8
ENG003370,C000894,9510,Steven Wright,2026-05-07,campaign_click,Retention Pulse,Email,12
ENG003371,C000894,9510,Steven Wright,2026-05-08,promo_response,Reactivation,Email,18
ENG003372,C000895,616,Nancy Mcclure,2026-05-06,campaign_open,Retention Pulse,Email,8
ENG003373,C000895,616,Nancy Mcclure,2026-05-07,campaign_click,Retention Pulse,Email,12
ENG003374,C000895,616,Nancy Mcclure,2026-05-08,promo_response,Reactivation,Email,18
ENG003375,C000896,1688,Mary Blake,2026-05-06,campaign_open,Retention Pulse,Email,8
ENG003376,C000896,1688,Mary Blake,2026-05-07,campaign_click,Retention Pulse,Email,12
ENG003377,C000896,1688,Mary Blake,2026-05-08,account_page_view,Service Recovery,Portal,22
ENG003378,C000896,1688,Mary Blake,2026-05-09,unsubscribe_risk,Escalation Follow-up,Email,-10
ENG003379,C000897,8203,Nicole Harrison,2026-05-06,campaign_open,Retention Pulse,Email,8
ENG003380,C000897,8203,Nicole Harrison,2026-05-07,campaign_click,Retention Pulse,Email,12
ENG003381,C000897,8203,Nicole Harrison,2026-05-08,account_page_view,Service Recovery,Portal,22
ENG003382,C000897,8203,Nicole Harrison,2026-05-09,unsubscribe_risk,Escalation Follow-up,Email,-10
ENG003383,C000898,6236,Mary Martinez,2026-05-06,campaign_open,Retention Pulse,Email,8
ENG003384,C000898,6236,Mary Martinez,2026-05-07,campaign_click,Retention Pulse,Email,12
ENG003385,C000898,6236,Mary Martinez,2026-05-08,account_page_view,Service Recovery,Portal,22
ENG003386,C000898,6236,Mary Martinez,2026-05-09,unsubscribe_risk,Escalation Follow-up,Email,-10
ENG003387,C000899,1685,Cheryl Buchanan,2026-05-06,campaign_open,Retention Pulse,Email,8
ENG003388,C000899,1685,Cheryl Buchanan,2026-05-07,campaign_click,Retention Pulse,Email,12
ENG003389,C000899,1685,Cheryl Buchanan,2026-05-08,account_page_view,Service Recovery,Portal,22
ENG003390,C000899,1685,Cheryl Buchanan,2026-05-09,unsubscribe_risk,Escalation Follow-up,Email,-10
ENG003391,C000900,9969,Mary Wright,2026-05-06,campaign_open,Retention Pulse,Email,8
ENG003392,C000900,9969,Mary Wright,2026-05-07,campaign_click,Retention Pulse,Email,12
ENG003393,C000900,9969,Mary Wright,2026-05-08,account_page_view,Service Recovery,Portal,22
ENG003394,C000900,9969,Mary Wright,2026-05-09,unsubscribe_risk,Escalation Follow-up,Email,-10
ENG003395,C000901,4186,Joseph Smith,2026-05-06,campaign_open,Retention Pulse,Email,8
ENG003396,C000901,4186,Joseph Smith,2026-05-07,campaign_click,Retention Pulse,Email,12
ENG003397,C000901,4186,Joseph Smith,2026-05-08,account_page_view,Service Recovery,Portal,22
ENG003398,C000901,4186,Joseph Smith,2026-05-09,unsubscribe_risk,Escalation Follow-up,Email,-10
ENG003399,C000902,9392,Sean Smith,2026-05-06,campaign_open,Retention Pulse,Email,8
ENG003400,C000902,9392,Sean Smith,2026-05-07,campaign_click,Retention Pulse,Email,12
ENG003401,C000902,9392,Sean Smith,2026-05-08,promo_response,Reactivation,Email,18
ENG003402,C000903,11817,Mary Smith,2026-05-06,campaign_open,Retention Pulse,Email,8
ENG003403,C000903,11817,Mary Smith,2026-05-07,campaign_click,Retention Pulse,Email,12
ENG003404,C000903,11817,Mary Smith,2026-05-08,account_page_view,Service Recovery,Portal,22
ENG003405,C000903,11817,Mary Smith,2026-05-09,unsubscribe_risk,Escalation Follow-up,Email,-10
ENG003406,C000904,11275,Kyle Wheeler,2026-05-06,campaign_open,Retention Pulse,Email,8
ENG003407,C000904,11275,Kyle Wheeler,2026-05-07,campaign_click,Retention Pulse,Email,12
ENG003408,C000904,11275,Kyle Wheeler,2026-05-08,account_page_view,Service Recovery,Portal,22
ENG003409,C000904,11275,Kyle Wheeler,2026-05-09,unsubscribe_risk,Escalation Follow-up,Email,-10
ENG003410,C000905,6168,Arthur Li,2026-05-06,campaign_open,Retention Pulse,Email,8
ENG003411,C000905,6168,Arthur Li,2026-05-07,campaign_click,Retention Pulse,Email,12
ENG003412,C000905,6168,Arthur Li,2026-05-08,account_page_view,Service Recovery,Portal,22
ENG003413,C000905,6168,Arthur Li,2026-05-09,unsubscribe_risk,Escalation Follow-up,Email,-10
ENG003414,C000906,10118,Mary Reynolds,2026-05-06,campaign_open,Retention Pulse,Email,8
ENG003415,C000906,10118,Mary Reynolds,2026-05-07,campaign_click,Retention Pulse,Email,12
ENG003416,C000906,10118,Mary Reynolds,2026-05-08,account_page_view,Service Recovery,Portal,22
ENG003417,C000906,10118,Mary Reynolds,2026-05-09,unsubscribe_risk,Escalation Follow-up,Email,-10
ENG003418,C000907,1024,Paul Alvarado,2026-05-06,campaign_open,Retention Pulse,Email,8
ENG003419,C000907,1024,Paul Alvarado,2026-05-07,campaign_click,Retention Pulse,Email,12
ENG003420,C000907,1024,Paul Alvarado,2026-05-08,account_page_view,Service Recovery,Portal,22
ENG003421,C000907,1024,Paul Alvarado,2026-05-09,unsubscribe_risk,Escalation Follow-up,Email,-10
ENG003422,C000908,5865,David Middleton,2026-05-06,campaign_open,Retention Pulse,Email,8
ENG003423,C000908,5865,David Middleton,2026-05-07,campaign_click,Retention Pulse,Email,12
ENG003424,C000908,5865,David Middleton,2026-05-08,promo_response,Reactivation,Email,18
ENG003425,C000909,2291,Mary Mcdonald,2026-05-06,campaign_open,Retention Pulse,Email,8
ENG003426,C000909,2291,Mary Mcdonald,2026-05-07,campaign_click,Retention Pulse,Email,12
ENG003427,C000909,2291,Mary Mcdonald,2026-05-08,promo_response,Reactivation,Email,18
ENG003428,C000910,2669,Dorothy Buck,2026-05-06,campaign_open,Retention Pulse,Email,8
ENG003429,C000910,2669,Dorothy Buck,2026-05-07,campaign_click,Retention Pulse,Email,12
ENG003430,C000910,2669,Dorothy Buck,2026-05-08,promo_response,Reactivation,Email,18
ENG003431,C000911,4901,Brenda Smith,2026-05-06,campaign_open,Retention Pulse,Email,8
ENG003432,C000911,4901,Brenda Smith,2026-05-07,campaign_click,Retention Pulse,Email,12
ENG003433,C000911,4901,Brenda Smith,2026-05-08,account_page_view,Service Recovery,Portal,22
ENG003434,C000911,4901,Brenda Smith,2026-05-09,unsubscribe_risk,Escalation Follow-up,Email,-10
ENG003435,C000912,3206,Mary Smith,2026-05-06,campaign_open,Retention Pulse,Email,8
ENG003436,C000912,3206,Mary Smith,2026-05-07,campaign_click,Retention Pulse,Email,12
ENG003437,C000912,3206,Mary Smith,2026-05-08,promo_response,Reactivation,Email,18
ENG003438,C000913,3280,Kathleen Smith,2026-05-06,campaign_open,Retention Pulse,Email,8
ENG003439,C000913,3280,Kathleen Smith,2026-05-07,campaign_click,Retention Pulse,Email,12
ENG003440,C000913,3280,Kathleen Smith,2026-05-08,account_page_view,Service Recovery,Portal,22
ENG003441,C000913,3280,Kathleen Smith,2026-05-09,unsubscribe_risk,Escalation Follow-up,Email,-10
ENG003442,C000914,3506,Samantha Graham,2026-05-06,campaign_open,Retention Pulse,Email,8
ENG003443,C000914,3506,Samantha Graham,2026-05-07,campaign_click,Retention Pulse,Email,12
ENG003444,C000914,3506,Samantha Graham,2026-05-08,promo_response,Reactivation,Email,18
ENG003445,C000915,1430,Henry Smith,2026-05-06,campaign_open,Retention Pulse,Email,8
ENG003446,C000915,1430,Henry Smith,2026-05-07,campaign_click,Retention Pulse,Email,12
ENG003447,C000915,1430,Henry Smith,2026-05-08,account_page_view,Service Recovery,Portal,22
ENG003448,C000915,1430,Henry Smith,2026-05-09,unsubscribe_risk,Escalation Follow-up,Email,-10
ENG003449,C000916,8681,Cynthia Smith,2026-05-06,campaign_open,Retention Pulse,Email,8
ENG003450,C000916,8681,Cynthia Smith,2026-05-07,campaign_click,Retention Pulse,Email,12
ENG003451,C000916,8681,Cynthia Smith,2026-05-08,account_page_view,Service Recovery,Portal,22
ENG003452,C000916,8681,Cynthia Smith,2026-05-09,unsubscribe_risk,Escalation Follow-up,Email,-10
ENG003453,C000917,2769,Mary Hendricks,2026-05-06,campaign_open,Retention Pulse,Email,8
ENG003454,C000917,2769,Mary Hendricks,2026-05-07,campaign_click,Retention Pulse,Email,12
ENG003455,C000917,2769,Mary Hendricks,2026-05-08,account_page_view,Service Recovery,Portal,22
ENG003456,C000917,2769,Mary Hendricks,2026-05-09,unsubscribe_risk,Escalation Follow-up,Email,-10
ENG003457,C000918,10554,Justin Smith,2026-05-06,campaign_open,Retention Pulse,Email,8
ENG003458,C000918,10554,Justin Smith,2026-05-07,campaign_click,Retention Pulse,Email,12
ENG003459,C000918,10554,Justin Smith,2026-05-08,promo_response,Reactivation,Email,18
ENG003460,C000919,7887,Mary Keller,2026-05-06,campaign_open,Retention Pulse,Email,8
ENG003461,C000919,7887,Mary Keller,2026-05-07,campaign_click,Retention Pulse,Email,12
ENG003462,C000919,7887,Mary Keller,2026-05-08,account_page_view,Service Recovery,Portal,22
ENG003463,C000919,7887,Mary Keller,2026-05-09,unsubscribe_risk,Escalation Follow-up,Email,-10
ENG003464,C000920,7848,Jessica Smith,2026-05-06,campaign_open,Retention Pulse,Email,8
ENG003465,C000920,7848,Jessica Smith,2026-05-07,campaign_click,Retention Pulse,Email,12
ENG003466,C000920,7848,Jessica Smith,2026-05-08,account_page_view,Service Recovery,Portal,22
ENG003467,C000920,7848,Jessica Smith,2026-05-09,unsubscribe_risk,Escalation Follow-up,Email,-10
ENG003468,C000921,5644,Carl Horn,2026-05-06,campaign_open,Retention Pulse,Email,8
ENG003469,C000921,5644,Carl Horn,2026-05-07,campaign_click,Retention Pulse,Email,12
ENG003470,C000921,5644,Carl Horn,2026-05-08,account_page_view,Service Recovery,Portal,22
ENG003471,C000921,5644,Carl Horn,2026-05-09,unsubscribe_risk,Escalation Follow-up,Email,-10
ENG003472,C000922,9589,Jacqueline Arroyo,2026-05-06,campaign_open,Retention Pulse,Email,8
ENG003473,C000922,9589,Jacqueline Arroyo,2026-05-07,campaign_click,Retention Pulse,Email,12
ENG003474,C000922,9589,Jacqueline Arroyo,2026-05-08,account_page_view,Service Recovery,Portal,22
ENG003475,C000922,9589,Jacqueline Arroyo,2026-05-09,unsubscribe_risk,Escalation Follow-up,Email,-10
ENG003476,C000923,4238,Bryan Griffin,2026-05-06,campaign_open,Retention Pulse,Email,8
ENG003477,C000923,4238,Bryan Griffin,2026-05-07,campaign_click,Retention Pulse,Email,12
ENG003478,C000923,4238,Bryan Griffin,2026-05-08,account_page_view,Service Recovery,Portal,22
ENG003479,C000923,4238,Bryan Griffin,2026-05-09,unsubscribe_risk,Escalation Follow-up,Email,-10
ENG003480,C000924,12213,Mary Smith,2026-05-06,campaign_open,Retention Pulse,Email,8
ENG003481,C000924,12213,Mary Smith,2026-05-07,campaign_click,Retention Pulse,Email,12
ENG003482,C000924,12213,Mary Smith,2026-05-08,account_page_view,Service Recovery,Portal,22
ENG003483,C000924,12213,Mary Smith,2026-05-09,unsubscribe_risk,Escalation Follow-up,Email,-10
ENG003484,C000925,8084,Mary Smith,2026-05-06,campaign_open,Retention Pulse,Email,8
ENG003485,C000925,8084,Mary Smith,2026-05-07,campaign_click,Retention Pulse,Email,12
ENG003486,C000925,8084,Mary Smith,2026-05-08,account_page_view,Service Recovery,Portal,22
ENG003487,C000925,8084,Mary Smith,2026-05-09,unsubscribe_risk,Escalation Follow-up,Email,-10
ENG003488,C000926,2083,Mary Smith,2026-05-06,campaign_open,Retention Pulse,Email,8
ENG003489,C000926,2083,Mary Smith,2026-05-07,campaign_click,Retention Pulse,Email,12
ENG003490,C000926,2083,Mary Smith,2026-05-08,account_page_view,Service Recovery,Portal,22
ENG003491,C000926,2083,Mary Smith,2026-05-09,unsubscribe_risk,Escalation Follow-up,Email,-10
ENG003492,C000927,2680,Jennifer Ferguson,2026-05-06,campaign_open,Retention Pulse,Email,8
ENG003493,C000927,2680,Jennifer Ferguson,2026-05-07,campaign_click,Retention Pulse,Email,12
ENG003494,C000927,2680,Jennifer Ferguson,2026-05-08,account_page_view,Service Recovery,Portal,22
ENG003495,C000927,2680,Jennifer Ferguson,2026-05-09,unsubscribe_risk,Escalation Follow-up,Email,-10
ENG003496,C000928,5657,Mary James,2026-05-06,campaign_open,Retention Pulse,Email,8
ENG003497,C000928,5657,Mary James,2026-05-07,campaign_click,Retention Pulse,Email,12
ENG003498,C000928,5657,Mary James,2026-05-08,account_page_view,Service Recovery,Portal,22
ENG003499,C000928,5657,Mary James,2026-05-09,unsubscribe_risk,Escalation Follow-up,Email,-10
ENG003500,C000929,9992,Mary Smith,2026-05-06,campaign_open,Retention Pulse,Email,8
ENG003501,C000929,9992,Mary Smith,2026-05-07,campaign_click,Retention Pulse,Email,12
ENG003502,C000929,9992,Mary Smith,2026-05-08,account_page_view,Service Recovery,Portal,22
ENG003503,C000929,9992,Mary Smith,2026-05-09,unsubscribe_risk,Escalation Follow-up,Email,-10
ENG003504,C000930,4959,Laura Baldwin,2026-05-06,campaign_open,Retention Pulse,Email,8
ENG003505,C000930,4959,Laura Baldwin,2026-05-07,campaign_click,Retention Pulse,Email,12
ENG003506,C000930,4959,Laura Baldwin,2026-05-08,account_page_view,Service Recovery,Portal,22
ENG003507,C000930,4959,Laura Baldwin,2026-05-09,unsubscribe_risk,Escalation Follow-up,Email,-10
ENG003508,C000931,4561,Scott Stone,2026-05-06,campaign_open,Retention Pulse,Email,8
ENG003509,C000931,4561,Scott Stone,2026-05-07,campaign_click,Retention Pulse,Email,12
ENG003510,C000931,4561,Scott Stone,2026-05-08,account_page_view,Service Recovery,Portal,22
ENG003511,C000931,4561,Scott Stone,2026-05-09,unsubscribe_risk,Escalation Follow-up,Email,-10
ENG003512,C000932,11662,Mary Smith,2026-05-06,campaign_open,Retention Pulse,Email,8
ENG003513,C000932,11662,Mary Smith,2026-05-07,campaign_click,Retention Pulse,Email,12
ENG003514,C000932,11662,Mary Smith,2026-05-08,account_page_view,Service Recovery,Portal,22
ENG003515,C000932,11662,Mary Smith,2026-05-09,unsubscribe_risk,Escalation Follow-up,Email,-10
ENG003516,C000933,5011,William Berg,2026-05-06,campaign_open,Retention Pulse,Email,8
ENG003517,C000933,5011,William Berg,2026-05-07,campaign_click,Retention Pulse,Email,12
ENG003518,C000933,5011,William Berg,2026-05-08,account_page_view,Service Recovery,Portal,22
ENG003519,C000933,5011,William Berg,2026-05-09,unsubscribe_risk,Escalation Follow-up,Email,-10
ENG003520,C000934,1946,Diane Smith,2026-05-06,campaign_open,Retention Pulse,Email,8
ENG003521,C000934,1946,Diane Smith,2026-05-07,campaign_click,Retention Pulse,Email,12
ENG003522,C000934,1946,Diane Smith,2026-05-08,account_page_view,Service Recovery,Portal,22
ENG003523,C000934,1946,Diane Smith,2026-05-09,unsubscribe_risk,Escalation Follow-up,Email,-10
ENG003524,C000935,3128,Karen Turner,2026-05-06,campaign_open,Retention Pulse,Email,8
ENG003525,C000935,3128,Karen Turner,2026-05-07,campaign_click,Retention Pulse,Email,12
ENG003526,C000935,3128,Karen Turner,2026-05-08,account_page_view,Service Recovery,Portal,22
ENG003527,C000935,3128,Karen Turner,2026-05-09,unsubscribe_risk,Escalation Follow-up,Email,-10
ENG003528,C000936,11694,Margaret Rios,2026-05-06,campaign_open,Retention Pulse,Email,8
ENG003529,C000936,11694,Margaret Rios,2026-05-07,campaign_click,Retention Pulse,Email,12
ENG003530,C000936,11694,Margaret Rios,2026-05-08,account_page_view,Service Recovery,Portal,22
ENG003531,C000936,11694,Margaret Rios,2026-05-09,unsubscribe_risk,Escalation Follow-up,Email,-10
ENG003532,C000937,8462,Helen Smith,2026-05-06,campaign_open,Retention Pulse,Email,8
ENG003533,C000937,8462,Helen Smith,2026-05-07,campaign_click,Retention Pulse,Email,12
ENG003534,C000937,8462,Helen Smith,2026-05-08,promo_response,Reactivation,Email,18
ENG003535,C000938,5413,Mary Smith,2026-05-06,campaign_open,Retention Pulse,Email,8
ENG003536,C000938,5413,Mary Smith,2026-05-07,campaign_click,Retention Pulse,Email,12
ENG003537,C000938,5413,Mary Smith,2026-05-08,account_page_view,Service Recovery,Portal,22
ENG003538,C000938,5413,Mary Smith,2026-05-09,unsubscribe_risk,Escalation Follow-up,Email,-10
ENG003539,C000939,11448,Mary Tucker,2026-05-06,campaign_open,Retention Pulse,Email,8
ENG003540,C000939,11448,Mary Tucker,2026-05-07,campaign_click,Retention Pulse,Email,12
ENG003541,C000939,11448,Mary Tucker,2026-05-08,account_page_view,Service Recovery,Portal,22
ENG003542,C000939,11448,Mary Tucker,2026-05-09,unsubscribe_risk,Escalation Follow-up,Email,-10
ENG003543,C000940,11630,Mary Clark,2026-05-06,campaign_open,Retention Pulse,Email,8
ENG003544,C000940,11630,Mary Clark,2026-05-07,campaign_click,Retention Pulse,Email,12
ENG003545,C000940,11630,Mary Clark,2026-05-08,account_page_view,Service Recovery,Portal,22
ENG003546,C000940,11630,Mary Clark,2026-05-09,unsubscribe_risk,Escalation Follow-up,Email,-10
ENG003547,C000941,6307,Gregory Smith,2026-05-06,campaign_open,Retention Pulse,Email,8
ENG003548,C000941,6307,Gregory Smith,2026-05-07,campaign_click,Retention Pulse,Email,12
ENG003549,C000941,6307,Gregory Smith,2026-05-08,promo_response,Reactivation,Email,18
ENG003550,C000942,8757,Tyler Gutierrez,2026-05-06,campaign_open,Retention Pulse,Email,8
ENG003551,C000942,8757,Tyler Gutierrez,2026-05-07,campaign_click,Retention Pulse,Email,12
ENG003552,C000942,8757,Tyler Gutierrez,2026-05-08,account_page_view,Service Recovery,Portal,22
ENG003553,C000942,8757,Tyler Gutierrez,2026-05-09,unsubscribe_risk,Escalation Follow-up,Email,-10
ENG003554,C000943,11761,Lauren Coleman,2026-05-06,campaign_open,Retention Pulse,Email,8
ENG003555,C000943,11761,Lauren Coleman,2026-05-07,campaign_click,Retention Pulse,Email,12
ENG003556,C000943,11761,Lauren Coleman,2026-05-08,promo_response,Reactivation,Email,18
ENG003557,C000944,9704,Mary Mcneil,2026-05-06,campaign_open,Retention Pulse,Email,8
ENG003558,C000944,9704,Mary Mcneil,2026-05-07,campaign_click,Retention Pulse,Email,12
ENG003559,C000944,9704,Mary Mcneil,2026-05-08,promo_response,Reactivation,Email,18
ENG003560,C000945,396,Deborah Smith,2026-05-06,campaign_open,Retention Pulse,Email,8
ENG003561,C000945,396,Deborah Smith,2026-05-07,campaign_click,Retention Pulse,Email,12
ENG003562,C000945,396,Deborah Smith,2026-05-08,account_page_view,Service Recovery,Portal,22
ENG003563,C000945,396,Deborah Smith,2026-05-09,unsubscribe_risk,Escalation Follow-up,Email,-10
ENG003564,C000946,9640,Andrea Leonard,2026-05-06,campaign_open,Retention Pulse,Email,8
ENG003565,C000946,9640,Andrea Leonard,2026-05-07,campaign_click,Retention Pulse,Email,12
ENG003566,C000946,9640,Andrea Leonard,2026-05-08,promo_response,Reactivation,Email,18
ENG003567,C000947,5296,Evelyn Jefferson,2026-05-06,campaign_open,Retention Pulse,Email,8
ENG003568,C000947,5296,Evelyn Jefferson,2026-05-07,campaign_click,Retention Pulse,Email,12
ENG003569,C000947,5296,Evelyn Jefferson,2026-05-08,account_page_view,Service Recovery,Portal,22
ENG003570,C000947,5296,Evelyn Jefferson,2026-05-09,unsubscribe_risk,Escalation Follow-up,Email,-10
ENG003571,C000948,8578,Kevin Graham,2026-05-06,campaign_open,Retention Pulse,Email,8
ENG003572,C000948,8578,Kevin Graham,2026-05-07,campaign_click,Retention Pulse,Email,12
ENG003573,C000948,8578,Kevin Graham,2026-05-08,promo_response,Reactivation,Email,18
ENG003574,C000949,408,Elizabeth Raymond,2026-05-06,campaign_open,Retention Pulse,Email,8
ENG003575,C000949,408,Elizabeth Raymond,2026-05-07,campaign_click,Retention Pulse,Email,12
ENG003576,C000949,408,Elizabeth Raymond,2026-05-08,promo_response,Reactivation,Email,18
ENG003577,C000950,4496,Joseph Hoffman,2026-05-06,campaign_open,Retention Pulse,Email,8
ENG003578,C000950,4496,Joseph Hoffman,2026-05-07,campaign_click,Retention Pulse,Email,12
ENG003579,C000950,4496,Joseph Hoffman,2026-05-08,promo_response,Reactivation,Email,18
ENG003580,C000951,11127,Mary Tucker,2026-05-06,campaign_open,Retention Pulse,Email,8
ENG003581,C000951,11127,Mary Tucker,2026-05-07,campaign_click,Retention Pulse,Email,12
ENG003582,C000951,11127,Mary Tucker,2026-05-08,account_page_view,Service Recovery,Portal,22
ENG003583,C000951,11127,Mary Tucker,2026-05-09,unsubscribe_risk,Escalation Follow-up,Email,-10
ENG003584,C000952,3133,Ruth Becker,2026-05-06,campaign_open,Retention Pulse,Email,8
ENG003585,C000952,3133,Ruth Becker,2026-05-07,campaign_click,Retention Pulse,Email,12
ENG003586,C000952,3133,Ruth Becker,2026-05-08,account_page_view,Service Recovery,Portal,22
ENG003587,C000952,3133,Ruth Becker,2026-05-09,unsubscribe_risk,Escalation Follow-up,Email,-10
ENG003588,C000953,7016,Jack Sloan,2026-05-06,campaign_open,Retention Pulse,Email,8
ENG003589,C000953,7016,Jack Sloan,2026-05-07,campaign_click,Retention Pulse,Email,12
ENG003590,C000953,7016,Jack Sloan,2026-05-08,account_page_view,Service Recovery,Portal,22
ENG003591,C000953,7016,Jack Sloan,2026-05-09,unsubscribe_risk,Escalation Follow-up,Email,-10
ENG003592,C000954,5050,Susan Nicholson,2026-05-06,campaign_open,Retention Pulse,Email,8
ENG003593,C000954,5050,Susan Nicholson,2026-05-07,campaign_click,Retention Pulse,Email,12
ENG003594,C000954,5050,Susan Nicholson,2026-05-08,promo_response,Reactivation,Email,18
ENG003595,C000955,4768,Amanda Hays,2026-05-06,campaign_open,Retention Pulse,Email,8
ENG003596,C000955,4768,Amanda Hays,2026-05-07,campaign_click,Retention Pulse,Email,12
ENG003597,C000955,4768,Amanda Hays,2026-05-08,account_page_view,Service Recovery,Portal,22
ENG003598,C000955,4768,Amanda Hays,2026-05-09,unsubscribe_risk,Escalation Follow-up,Email,-10
ENG003599,C000956,12362,Mary Smith,2026-05-06,campaign_open,Retention Pulse,Email,8
ENG003600,C000956,12362,Mary Smith,2026-05-07,campaign_click,Retention Pulse,Email,12
ENG003601,C000956,12362,Mary Smith,2026-05-08,account_page_view,Service Recovery,Portal,22
ENG003602,C000956,12362,Mary Smith,2026-05-09,unsubscribe_risk,Escalation Follow-up,Email,-10
ENG003603,C000957,3482,Mary Horton,2026-05-06,campaign_open,Retention Pulse,Email,8
ENG003604,C000957,3482,Mary Horton,2026-05-07,campaign_click,Retention Pulse,Email,12
ENG003605,C000957,3482,Mary Horton,2026-05-08,promo_response,Reactivation,Email,18
ENG003606,C000958,866,James Davies,2026-05-06,campaign_open,Retention Pulse,Email,8
ENG003607,C000958,866,James Davies,2026-05-07,campaign_click,Retention Pulse,Email,12
ENG003608,C000958,866,James Davies,2026-05-08,account_page_view,Service Recovery,Portal,22
ENG003609,C000958,866,James Davies,2026-05-09,unsubscribe_risk,Escalation Follow-up,Email,-10
ENG003610,C000959,8948,Russell Smith,2026-05-06,campaign_open,Retention Pulse,Email,8
ENG003611,C000959,8948,Russell Smith,2026-05-07,campaign_click,Retention Pulse,Email,12
ENG003612,C000959,8948,Russell Smith,2026-05-08,account_page_view,Service Recovery,Portal,22
ENG003613,C000959,8948,Russell Smith,2026-05-09,unsubscribe_risk,Escalation Follow-up,Email,-10
ENG003614,C000960,9039,Amber Wall,2026-05-06,campaign_open,Retention Pulse,Email,8
ENG003615,C000960,9039,Amber Wall,2026-05-07,campaign_click,Retention Pulse,Email,12
ENG003616,C000960,9039,Amber Wall,2026-05-08,account_page_view,Service Recovery,Portal,22
ENG003617,C000960,9039,Amber Wall,2026-05-09,unsubscribe_risk,Escalation Follow-up,Email,-10
ENG003618,C000961,3993,Mary Crawford,2026-05-06,campaign_open,Retention Pulse,Email,8
ENG003619,C000961,3993,Mary Crawford,2026-05-07,campaign_click,Retention Pulse,Email,12
ENG003620,C000961,3993,Mary Crawford,2026-05-08,promo_response,Reactivation,Email,18
ENG003621,C000962,9405,Ashley Smith,2026-05-06,campaign_open,Retention Pulse,Email,8
ENG003622,C000962,9405,Ashley Smith,2026-05-07,campaign_click,Retention Pulse,Email,12
ENG003623,C000962,9405,Ashley Smith,2026-05-08,promo_response,Reactivation,Email,18
ENG003624,C000963,7042,Mary Hudson,2026-05-06,campaign_open,Retention Pulse,Email,8
ENG003625,C000963,7042,Mary Hudson,2026-05-07,campaign_click,Retention Pulse,Email,12
ENG003626,C000963,7042,Mary Hudson,2026-05-08,account_page_view,Service Recovery,Portal,22
ENG003627,C000963,7042,Mary Hudson,2026-05-09,unsubscribe_risk,Escalation Follow-up,Email,-10
ENG003628,C000964,11806,Mildred Hester,2026-05-06,campaign_open,Retention Pulse,Email,8
ENG003629,C000964,11806,Mildred Hester,2026-05-07,campaign_click,Retention Pulse,Email,12
ENG003630,C000964,11806,Mildred Hester,2026-05-08,account_page_view,Service Recovery,Portal,22
ENG003631,C000964,11806,Mildred Hester,2026-05-09,unsubscribe_risk,Escalation Follow-up,Email,-10
ENG003632,C000965,8658,Mary Allen,2026-05-06,campaign_open,Retention Pulse,Email,8
ENG003633,C000965,8658,Mary Allen,2026-05-07,campaign_click,Retention Pulse,Email,12
ENG003634,C000965,8658,Mary Allen,2026-05-08,account_page_view,Service Recovery,Portal,22
ENG003635,C000965,8658,Mary Allen,2026-05-09,unsubscribe_risk,Escalation Follow-up,Email,-10
ENG003636,C000966,4320,Jordan Taylor,2026-05-06,campaign_open,Retention Pulse,Email,8
ENG003637,C000966,4320,Jordan Taylor,2026-05-07,campaign_click,Retention Pulse,Email,12
ENG003638,C000966,4320,Jordan Taylor,2026-05-08,account_page_view,Service Recovery,Portal,22
ENG003639,C000966,4320,Jordan Taylor,2026-05-09,unsubscribe_risk,Escalation Follow-up,Email,-10
ENG003640,C000967,5727,Mary Smith,2026-05-06,campaign_open,Retention Pulse,Email,8
ENG003641,C000967,5727,Mary Smith,2026-05-07,campaign_click,Retention Pulse,Email,12
ENG003642,C000967,5727,Mary Smith,2026-05-08,account_page_view,Service Recovery,Portal,22
ENG003643,C000967,5727,Mary Smith,2026-05-09,unsubscribe_risk,Escalation Follow-up,Email,-10
ENG003644,C000968,5084,Edward Smith,2026-05-06,campaign_open,Retention Pulse,Email,8
ENG003645,C000968,5084,Edward Smith,2026-05-07,campaign_click,Retention Pulse,Email,12
ENG003646,C000968,5084,Edward Smith,2026-05-08,account_page_view,Service Recovery,Portal,22
ENG003647,C000968,5084,Edward Smith,2026-05-09,unsubscribe_risk,Escalation Follow-up,Email,-10
ENG003648,C000969,4164,Mary Smith,2026-05-06,campaign_open,Retention Pulse,Email,8
ENG003649,C000969,4164,Mary Smith,2026-05-07,campaign_click,Retention Pulse,Email,12
ENG003650,C000969,4164,Mary Smith,2026-05-08,account_page_view,Service Recovery,Portal,22
ENG003651,C000969,4164,Mary Smith,2026-05-09,unsubscribe_risk,Escalation Follow-up,Email,-10
ENG003652,C000970,11262,Laura Lopez,2026-05-06,campaign_open,Retention Pulse,Email,8
ENG003653,C000970,11262,Laura Lopez,2026-05-07,campaign_click,Retention Pulse,Email,12
ENG003654,C000970,11262,Laura Lopez,2026-05-08,account_page_view,Service Recovery,Portal,22
ENG003655,C000970,11262,Laura Lopez,2026-05-09,unsubscribe_risk,Escalation Follow-up,Email,-10
ENG003656,C000971,242,Mary Stein,2026-05-06,campaign_open,Retention Pulse,Email,8
ENG003657,C000971,242,Mary Stein,2026-05-07,campaign_click,Retention Pulse,Email,12
ENG003658,C000971,242,Mary Stein,2026-05-08,account_page_view,Service Recovery,Portal,22
ENG003659,C000971,242,Mary Stein,2026-05-09,unsubscribe_risk,Escalation Follow-up,Email,-10
ENG003660,C000972,8542,Jane Rich,2026-05-06,campaign_open,Retention Pulse,Email,8
ENG003661,C000972,8542,Jane Rich,2026-05-07,campaign_click,Retention Pulse,Email,12
ENG003662,C000972,8542,Jane Rich,2026-05-08,account_page_view,Service Recovery,Portal,22
ENG003663,C000972,8542,Jane Rich,2026-05-09,unsubscribe_risk,Escalation Follow-up,Email,-10
ENG003664,C000973,12373,Mary Herman,2026-05-06,campaign_open,Retention Pulse,Email,8
ENG003665,C000973,12373,Mary Herman,2026-05-07,campaign_click,Retention Pulse,Email,12
ENG003666,C000973,12373,Mary Herman,2026-05-08,account_page_view,Service Recovery,Portal,22
ENG003667,C000973,12373,Mary Herman,2026-05-09,unsubscribe_risk,Escalation Follow-up,Email,-10
ENG003668,C000974,2250,Amanda Smith,2026-05-06,campaign_open,Retention Pulse,Email,8
ENG003669,C000974,2250,Amanda Smith,2026-05-07,campaign_click,Retention Pulse,Email,12
ENG003670,C000974,2250,Amanda Smith,2026-05-08,account_page_view,Service Recovery,Portal,22
ENG003671,C000974,2250,Amanda Smith,2026-05-09,unsubscribe_risk,Escalation Follow-up,Email,-10
ENG003672,C000975,9560,Mary Oneill,2026-05-06,campaign_open,Retention Pulse,Email,8
ENG003673,C000975,9560,Mary Oneill,2026-05-07,campaign_click,Retention Pulse,Email,12
ENG003674,C000975,9560,Mary Oneill,2026-05-08,promo_response,Reactivation,Email,18
ENG003675,C000976,4199,Mary Smith,2026-05-06,campaign_open,Retention Pulse,Email,8
ENG003676,C000976,4199,Mary Smith,2026-05-07,campaign_click,Retention Pulse,Email,12
ENG003677,C000976,4199,Mary Smith,2026-05-08,promo_response,Reactivation,Email,18
ENG003678,C000977,625,Terry Smith,2026-05-06,campaign_open,Retention Pulse,Email,8
ENG003679,C000977,625,Terry Smith,2026-05-07,campaign_click,Retention Pulse,Email,12
ENG003680,C000977,625,Terry Smith,2026-05-08,promo_response,Reactivation,Email,18
ENG003681,C000978,11388,Mary Rangel,2026-05-06,campaign_open,Retention Pulse,Email,8
ENG003682,C000978,11388,Mary Rangel,2026-05-07,campaign_click,Retention Pulse,Email,12
ENG003683,C000978,11388,Mary Rangel,2026-05-08,account_page_view,Service Recovery,Portal,22
ENG003684,C000978,11388,Mary Rangel,2026-05-09,unsubscribe_risk,Escalation Follow-up,Email,-10
ENG003685,C000979,8628,Frances Meyer,2026-05-06,campaign_open,Retention Pulse,Email,8
ENG003686,C000979,8628,Frances Meyer,2026-05-07,campaign_click,Retention Pulse,Email,12
ENG003687,C000979,8628,Frances Meyer,2026-05-08,promo_response,Reactivation,Email,18
ENG003688,C000980,639,Elizabeth Pittman,2026-05-06,campaign_open,Retention Pulse,Email,8
ENG003689,C000980,639,Elizabeth Pittman,2026-05-07,campaign_click,Retention Pulse,Email,12
ENG003690,C000980,639,Elizabeth Pittman,2026-05-08,account_page_view,Service Recovery,Portal,22
ENG003691,C000980,639,Elizabeth Pittman,2026-05-09,unsubscribe_risk,Escalation Follow-up,Email,-10
ENG003692,C000981,1092,George Garcia,2026-05-06,campaign_open,Retention Pulse,Email,8
ENG003693,C000981,1092,George Garcia,2026-05-07,campaign_click,Retention Pulse,Email,12
ENG003694,C000981,1092,George Garcia,2026-05-08,account_page_view,Service Recovery,Portal,22
ENG003695,C000981,1092,George Garcia,2026-05-09,unsubscribe_risk,Escalation Follow-up,Email,-10
ENG003696,C000982,3763,Mary Martinez,2026-05-06,campaign_open,Retention Pulse,Email,8
ENG003697,C000982,3763,Mary Martinez,2026-05-07,campaign_click,Retention Pulse,Email,12
ENG003698,C000982,3763,Mary Martinez,2026-05-08,account_page_view,Service Recovery,Portal,22
ENG003699,C000982,3763,Mary Martinez,2026-05-09,unsubscribe_risk,Escalation Follow-up,Email,-10
ENG003700,C000983,6969,Mary Smith,2026-05-06,campaign_open,Retention Pulse,Email,8
ENG003701,C000983,6969,Mary Smith,2026-05-07,campaign_click,Retention Pulse,Email,12
ENG003702,C000983,6969,Mary Smith,2026-05-08,account_page_view,Service Recovery,Portal,22
ENG003703,C000983,6969,Mary Smith,2026-05-09,unsubscribe_risk,Escalation Follow-up,Email,-10
ENG003704,C000984,7223,Mary Smith,2026-05-06,campaign_open,Retention Pulse,Email,8
ENG003705,C000984,7223,Mary Smith,2026-05-07,campaign_click,Retention Pulse,Email,12
ENG003706,C000984,7223,Mary Smith,2026-05-08,account_page_view,Service Recovery,Portal,22
ENG003707,C000984,7223,Mary Smith,2026-05-09,unsubscribe_risk,Escalation Follow-up,Email,-10
ENG003708,C000985,9260,Joyce Smith,2026-05-06,campaign_open,Retention Pulse,Email,8
ENG003709,C000985,9260,Joyce Smith,2026-05-07,campaign_click,Retention Pulse,Email,12
ENG003710,C000985,9260,Joyce Smith,2026-05-08,account_page_view,Service Recovery,Portal,22
ENG003711,C000985,9260,Joyce Smith,2026-05-09,unsubscribe_risk,Escalation Follow-up,Email,-10
ENG003712,C000986,11668,Jean Smith,2026-05-06,campaign_open,Retention Pulse,Email,8
ENG003713,C000986,11668,Jean Smith,2026-05-07,campaign_click,Retention Pulse,Email,12
ENG003714,C000986,11668,Jean Smith,2026-05-08,account_page_view,Service Recovery,Portal,22
ENG003715,C000986,11668,Jean Smith,2026-05-09,unsubscribe_risk,Escalation Follow-up,Email,-10
ENG003716,C000987,9314,Olivia Smith,2026-05-06,campaign_open,Retention Pulse,Email,8
ENG003717,C000987,9314,Olivia Smith,2026-05-07,campaign_click,Retention Pulse,Email,12
ENG003718,C000987,9314,Olivia Smith,2026-05-08,promo_response,Reactivation,Email,18
ENG003719,C000988,11861,Brittany Bentley,2026-05-06,campaign_open,Retention Pulse,Email,8
ENG003720,C000988,11861,Brittany Bentley,2026-05-07,campaign_click,Retention Pulse,Email,12
ENG003721,C000988,11861,Brittany Bentley,2026-05-08,account_page_view,Service Recovery,Portal,22
ENG003722,C000988,11861,Brittany Bentley,2026-05-09,unsubscribe_risk,Escalation Follow-up,Email,-10
ENG003723,C000989,192,Mary Hall,2026-05-06,campaign_open,Retention Pulse,Email,8
ENG003724,C000989,192,Mary Hall,2026-05-07,campaign_click,Retention Pulse,Email,12
ENG003725,C000989,192,Mary Hall,2026-05-08,promo_response,Reactivation,Email,18
ENG003726,C000990,12253,Mary Chan,2026-05-06,campaign_open,Retention Pulse,Email,8
ENG003727,C000990,12253,Mary Chan,2026-05-07,campaign_click,Retention Pulse,Email,12
ENG003728,C000990,12253,Mary Chan,2026-05-08,account_page_view,Service Recovery,Portal,22
ENG003729,C000990,12253,Mary Chan,2026-05-09,unsubscribe_risk,Escalation Follow-up,Email,-10
ENG003730,C000991,888,Mary Smith,2026-05-06,campaign_open,Retention Pulse,Email,8
ENG003731,C000991,888,Mary Smith,2026-05-07,campaign_click,Retention Pulse,Email,12
ENG003732,C000991,888,Mary Smith,2026-05-08,account_page_view,Service Recovery,Portal,22
ENG003733,C000991,888,Mary Smith,2026-05-09,unsubscribe_risk,Escalation Follow-up,Email,-10
ENG003734,C000992,3235,Lori Baker,2026-05-06,campaign_open,Retention Pulse,Email,8
ENG003735,C000992,3235,Lori Baker,2026-05-07,campaign_click,Retention Pulse,Email,12
ENG003736,C000992,3235,Lori Baker,2026-05-08,promo_response,Reactivation,Email,18
ENG003737,C000993,6740,Brian Smith,2026-05-06,campaign_open,Retention Pulse,Email,8
ENG003738,C000993,6740,Brian Smith,2026-05-07,campaign_click,Retention Pulse,Email,12
ENG003739,C000993,6740,Brian Smith,2026-05-08,account_page_view,Service Recovery,Portal,22
ENG003740,C000993,6740,Brian Smith,2026-05-09,unsubscribe_risk,Escalation Follow-up,Email,-10
ENG003741,C000994,10778,Mary Mercado,2026-05-06,campaign_open,Retention Pulse,Email,8
ENG003742,C000994,10778,Mary Mercado,2026-05-07,campaign_click,Retention Pulse,Email,12
ENG003743,C000994,10778,Mary Mercado,2026-05-08,account_page_view,Service Recovery,Portal,22
ENG003744,C000994,10778,Mary Mercado,2026-05-09,unsubscribe_risk,Escalation Follow-up,Email,-10
ENG003745,C000995,8125,Philip Robbins,2026-05-06,campaign_open,Retention Pulse,Email,8
ENG003746,C000995,8125,Philip Robbins,2026-05-07,campaign_click,Retention Pulse,Email,12
ENG003747,C000995,8125,Philip Robbins,2026-05-08,promo_response,Reactivation,Email,18
ENG003748,C000996,11148,Lisa Keith,2026-05-06,campaign_open,Retention Pulse,Email,8
ENG003749,C000996,11148,Lisa Keith,2026-05-07,campaign_click,Retention Pulse,Email,12
ENG003750,C000996,11148,Lisa Keith,2026-05-08,promo_response,Reactivation,Email,18
ENG003751,C000997,4698,Mary Collier,2026-05-06,campaign_open,Retention Pulse,Email,8
ENG003752,C000997,4698,Mary Collier,2026-05-07,campaign_click,Retention Pulse,Email,12
ENG003753,C000997,4698,Mary Collier,2026-05-08,account_page_view,Service Recovery,Portal,22
ENG003754,C000997,4698,Mary Collier,2026-05-09,unsubscribe_risk,Escalation Follow-up,Email,-10
ENG003755,C000998,8790,Mary Keller,2026-05-06,campaign_open,Retention Pulse,Email,8
ENG003756,C000998,8790,Mary Keller,2026-05-07,campaign_click,Retention Pulse,Email,12
ENG003757,C000998,8790,Mary Keller,2026-05-08,account_page_view,Service Recovery,Portal,22
ENG003758,C000998,8790,Mary Keller,2026-05-09,unsubscribe_risk,Escalation Follow-up,Email,-10
ENG003759,C000999,620,Roger Smith,2026-05-06,campaign_open,Retention Pulse,Email,8
ENG003760,C000999,620,Roger Smith,2026-05-07,campaign_click,Retention Pulse,Email,12
ENG003761,C000999,620,Roger Smith,2026-05-08,account_page_view,Service Recovery,Portal,22
ENG003762,C000999,620,Roger Smith,2026-05-09,unsubscribe_risk,Escalation Follow-up,Email,-10
ENG003763,C001000,9191,Marie Smith,2026-05-06,campaign_open,Retention Pulse,Email,8
ENG003764,C001000,9191,Marie Smith,2026-05-07,campaign_click,Retention Pulse,Email,12
ENG003765,C001000,9191,Marie Smith,2026-05-08,account_page_view,Service Recovery,Portal,22
ENG003766,C001000,9191,Marie Smith,2026-05-09,unsubscribe_risk,Escalation Follow-up,Email,-10
ENG003767,C001001,9273,Bobby Smith,2026-05-06,campaign_open,Retention Pulse,Email,8
ENG003768,C001001,9273,Bobby Smith,2026-05-07,campaign_click,Retention Pulse,Email,12
ENG003769,C001001,9273,Bobby Smith,2026-05-08,account_page_view,Service Recovery,Portal,22
ENG003770,C001001,9273,Bobby Smith,2026-05-09,unsubscribe_risk,Escalation Follow-up,Email,-10
ENG003771,C001002,5481,Mary Hall,2026-05-06,campaign_open,Retention Pulse,Email,8
ENG003772,C001002,5481,Mary Hall,2026-05-07,campaign_click,Retention Pulse,Email,12
ENG003773,C001002,5481,Mary Hall,2026-05-08,promo_response,Reactivation,Email,18
ENG003774,C001003,1715,Mary Henson,2026-05-06,campaign_open,Retention Pulse,Email,8
ENG003775,C001003,1715,Mary Henson,2026-05-07,campaign_click,Retention Pulse,Email,12
ENG003776,C001003,1715,Mary Henson,2026-05-08,account_page_view,Service Recovery,Portal,22
ENG003777,C001003,1715,Mary Henson,2026-05-09,unsubscribe_risk,Escalation Follow-up,Email,-10
ENG003778,C001004,1494,Rebecca Ortiz,2026-05-06,campaign_open,Retention Pulse,Email,8
ENG003779,C001004,1494,Rebecca Ortiz,2026-05-07,campaign_click,Retention Pulse,Email,12
ENG003780,C001004,1494,Rebecca Ortiz,2026-05-08,account_page_view,Service Recovery,Portal,22
ENG003781,C001004,1494,Rebecca Ortiz,2026-05-09,unsubscribe_risk,Escalation Follow-up,Email,-10
ENG003782,C001005,10457,Elizabeth Watkins,2026-05-06,campaign_open,Retention Pulse,Email,8
ENG003783,C001005,10457,Elizabeth Watkins,2026-05-07,campaign_click,Retention Pulse,Email,12
ENG003784,C001005,10457,Elizabeth Watkins,2026-05-08,account_page_view,Service Recovery,Portal,22
ENG003785,C001005,10457,Elizabeth Watkins,2026-05-09,unsubscribe_risk,Escalation Follow-up,Email,-10
ENG003786,C001006,5298,Lisa Moore,2026-05-06,campaign_open,Retention Pulse,Email,8
ENG003787,C001006,5298,Lisa Moore,2026-05-07,campaign_click,Retention Pulse,Email,12
ENG003788,C001006,5298,Lisa Moore,2026-05-08,promo_response,Reactivation,Email,18
ENG003789,C001007,8398,Mary Williams,2026-05-06,campaign_open,Retention Pulse,Email,8
ENG003790,C001007,8398,Mary Williams,2026-05-07,campaign_click,Retention Pulse,Email,12
ENG003791,C001007,8398,Mary Williams,2026-05-08,account_page_view,Service Recovery,Portal,22
ENG003792,C001007,8398,Mary Williams,2026-05-09,unsubscribe_risk,Escalation Follow-up,Email,-10
ENG003793,C001008,9523,Dylan Jackson,2026-05-06,campaign_open,Retention Pulse,Email,8
ENG003794,C001008,9523,Dylan Jackson,2026-05-07,campaign_click,Retention Pulse,Email,12
ENG003795,C001008,9523,Dylan Jackson,2026-05-08,promo_response,Reactivation,Email,18
ENG003796,C001009,10567,Diana Smith,2026-05-06,campaign_open,Retention Pulse,Email,8
ENG003797,C001009,10567,Diana Smith,2026-05-07,campaign_click,Retention Pulse,Email,12
ENG003798,C001009,10567,Diana Smith,2026-05-08,account_page_view,Service Recovery,Portal,22
ENG003799,C001009,10567,Diana Smith,2026-05-09,unsubscribe_risk,Escalation Follow-up,Email,-10
ENG003800,C001010,8220,Michael Smith,2026-05-06,campaign_open,Retention Pulse,Email,8
ENG003801,C001010,8220,Michael Smith,2026-05-07,campaign_click,Retention Pulse,Email,12
ENG003802,C001010,8220,Michael Smith,2026-05-08,promo_response,Reactivation,Email,18
ENG003803,C001011,3071,Mary Meadows,2026-05-06,campaign_open,Retention Pulse,Email,8
ENG003804,C001011,3071,Mary Meadows,2026-05-07,campaign_click,Retention Pulse,Email,12
ENG003805,C001011,3071,Mary Meadows,2026-05-08,promo_response,Reactivation,Email,18
ENG003806,C001012,6573,Joseph Noble,2026-05-06,campaign_open,Retention Pulse,Email,8
ENG003807,C001012,6573,Joseph Noble,2026-05-07,campaign_click,Retention Pulse,Email,12
ENG003808,C001012,6573,Joseph Noble,2026-05-08,account_page_view,Service Recovery,Portal,22
ENG003809,C001012,6573,Joseph Noble,2026-05-09,unsubscribe_risk,Escalation Follow-up,Email,-10
ENG003810,C001013,8478,Mary Sweeney,2026-05-06,campaign_open,Retention Pulse,Email,8
ENG003811,C001013,8478,Mary Sweeney,2026-05-07,campaign_click,Retention Pulse,Email,12
ENG003812,C001013,8478,Mary Sweeney,2026-05-08,promo_response,Reactivation,Email,18
ENG003813,C001014,10348,Alice Barnes,2026-05-06,campaign_open,Retention Pulse,Email,8
ENG003814,C001014,10348,Alice Barnes,2026-05-07,campaign_click,Retention Pulse,Email,12
ENG003815,C001014,10348,Alice Barnes,2026-05-08,account_page_view,Service Recovery,Portal,22
ENG003816,C001014,10348,Alice Barnes,2026-05-09,unsubscribe_risk,Escalation Follow-up,Email,-10
ENG003817,C001015,8817,Mary Smith,2026-05-06,campaign_open,Retention Pulse,Email,8
ENG003818,C001015,8817,Mary Smith,2026-05-07,campaign_click,Retention Pulse,Email,12
ENG003819,C001015,8817,Mary Smith,2026-05-08,promo_response,Reactivation,Email,18
ENG003820,C001016,4967,Mary Maldonado,2026-05-06,campaign_open,Retention Pulse,Email,8
ENG003821,C001016,4967,Mary Maldonado,2026-05-07,campaign_click,Retention Pulse,Email,12
ENG003822,C001016,4967,Mary Maldonado,2026-05-08,account_page_view,Service Recovery,Portal,22
ENG003823,C001016,4967,Mary Maldonado,2026-05-09,unsubscribe_risk,Escalation Follow-up,Email,-10
ENG003824,C001017,1365,Evelyn Smith,2026-05-06,campaign_open,Retention Pulse,Email,8
ENG003825,C001017,1365,Evelyn Smith,2026-05-07,campaign_click,Retention Pulse,Email,12
ENG003826,C001017,1365,Evelyn Smith,2026-05-08,account_page_view,Service Recovery,Portal,22
ENG003827,C001017,1365,Evelyn Smith,2026-05-09,unsubscribe_risk,Escalation Follow-up,Email,-10
ENG003828,C001018,7787,Robert Christensen,2026-05-06,campaign_open,Retention Pulse,Email,8
ENG003829,C001018,7787,Robert Christensen,2026-05-07,campaign_click,Retention Pulse,Email,12
ENG003830,C001018,7787,Robert Christensen,2026-05-08,promo_response,Reactivation,Email,18
ENG003831,C001019,10934,Tiffany Walker,2026-05-06,campaign_open,Retention Pulse,Email,8
ENG003832,C001019,10934,Tiffany Walker,2026-05-07,campaign_click,Retention Pulse,Email,12
ENG003833,C001019,10934,Tiffany Walker,2026-05-08,account_page_view,Service Recovery,Portal,22
ENG003834,C001019,10934,Tiffany Walker,2026-05-09,unsubscribe_risk,Escalation Follow-up,Email,-10
ENG003835,C001020,11058,Charles Wright,2026-05-06,campaign_open,Retention Pulse,Email,8
ENG003836,C001020,11058,Charles Wright,2026-05-07,campaign_click,Retention Pulse,Email,12
ENG003837,C001020,11058,Charles Wright,2026-05-08,account_page_view,Service Recovery,Portal,22
ENG003838,C001020,11058,Charles Wright,2026-05-09,unsubscribe_risk,Escalation Follow-up,Email,-10
ENG003839,C001021,10545,Kenneth Smith,2026-05-06,campaign_open,Retention Pulse,Email,8
ENG003840,C001021,10545,Kenneth Smith,2026-05-07,campaign_click,Retention Pulse,Email,12
ENG003841,C001021,10545,Kenneth Smith,2026-05-08,account_page_view,Service Recovery,Portal,22
ENG003842,C001021,10545,Kenneth Smith,2026-05-09,unsubscribe_risk,Escalation Follow-up,Email,-10
ENG003843,C001022,907,Samantha Kline,2026-05-06,campaign_open,Retention Pulse,Email,8
ENG003844,C001022,907,Samantha Kline,2026-05-07,campaign_click,Retention Pulse,Email,12
ENG003845,C001022,907,Samantha Kline,2026-05-08,account_page_view,Service Recovery,Portal,22
ENG003846,C001022,907,Samantha Kline,2026-05-09,unsubscribe_risk,Escalation Follow-up,Email,-10
ENG003847,C001023,12038,Patricia Smith,2026-05-06,campaign_open,Retention Pulse,Email,8
ENG003848,C001023,12038,Patricia Smith,2026-05-07,campaign_click,Retention Pulse,Email,12
ENG003849,C001023,12038,Patricia Smith,2026-05-08,promo_response,Reactivation,Email,18
ENG003850,C001024,9517,Angela Vargas,2026-05-06,campaign_open,Retention Pulse,Email,8
ENG003851,C001024,9517,Angela Vargas,2026-05-07,campaign_click,Retention Pulse,Email,12
ENG003852,C001024,9517,Angela Vargas,2026-05-08,promo_response,Reactivation,Email,18
ENG003853,C001025,9356,Nancy Johnson,2026-05-06,campaign_open,Retention Pulse,Email,8
ENG003854,C001025,9356,Nancy Johnson,2026-05-07,campaign_click,Retention Pulse,Email,12
ENG003855,C001025,9356,Nancy Johnson,2026-05-08,account_page_view,Service Recovery,Portal,22
ENG003856,C001025,9356,Nancy Johnson,2026-05-09,unsubscribe_risk,Escalation Follow-up,Email,-10
ENG003857,C001026,4278,Andrew Smith,2026-05-06,campaign_open,Retention Pulse,Email,8
ENG003858,C001026,4278,Andrew Smith,2026-05-07,campaign_click,Retention Pulse,Email,12
ENG003859,C001026,4278,Andrew Smith,2026-05-08,account_page_view,Service Recovery,Portal,22
ENG003860,C001026,4278,Andrew Smith,2026-05-09,unsubscribe_risk,Escalation Follow-up,Email,-10
ENG003861,C001027,7005,James Carpenter,2026-05-06,campaign_open,Retention Pulse,Email,8
ENG003862,C001027,7005,James Carpenter,2026-05-07,campaign_click,Retention Pulse,Email,12
ENG003863,C001027,7005,James Carpenter,2026-05-08,account_page_view,Service Recovery,Portal,22
ENG003864,C001027,7005,James Carpenter,2026-05-09,unsubscribe_risk,Escalation Follow-up,Email,-10
ENG003865,C001028,10891,Mary Smith,2026-05-06,campaign_open,Retention Pulse,Email,8
ENG003866,C001028,10891,Mary Smith,2026-05-07,campaign_click,Retention Pulse,Email,12
ENG003867,C001028,10891,Mary Smith,2026-05-08,account_page_view,Service Recovery,Portal,22
ENG003868,C001028,10891,Mary Smith,2026-05-09,unsubscribe_risk,Escalation Follow-up,Email,-10
ENG003869,C001029,7980,Jennifer Ortiz,2026-05-06,campaign_open,Retention Pulse,Email,8
ENG003870,C001029,7980,Jennifer Ortiz,2026-05-07,campaign_click,Retention Pulse,Email,12
ENG003871,C001029,7980,Jennifer Ortiz,2026-05-08,account_page_view,Service Recovery,Portal,22
ENG003872,C001029,7980,Jennifer Ortiz,2026-05-09,unsubscribe_risk,Escalation Follow-up,Email,-10
ENG003873,C001030,1990,Kathryn Smith,2026-05-06,campaign_open,Retention Pulse,Email,8
ENG003874,C001030,1990,Kathryn Smith,2026-05-07,campaign_click,Retention Pulse,Email,12
ENG003875,C001030,1990,Kathryn Smith,2026-05-08,account_page_view,Service Recovery,Portal,22
ENG003876,C001030,1990,Kathryn Smith,2026-05-09,unsubscribe_risk,Escalation Follow-up,Email,-10
ENG003877,C001031,6405,Mary Anderson,2026-05-06,campaign_open,Retention Pulse,Email,8
ENG003878,C001031,6405,Mary Anderson,2026-05-07,campaign_click,Retention Pulse,Email,12
ENG003879,C001031,6405,Mary Anderson,2026-05-08,account_page_view,Service Recovery,Portal,22
ENG003880,C001031,6405,Mary Anderson,2026-05-09,unsubscribe_risk,Escalation Follow-up,Email,-10
ENG003881,C001032,9990,Mary Smith,2026-05-06,campaign_open,Retention Pulse,Email,8
ENG003882,C001032,9990,Mary Smith,2026-05-07,campaign_click,Retention Pulse,Email,12
ENG003883,C001032,9990,Mary Smith,2026-05-08,account_page_view,Service Recovery,Portal,22
ENG003884,C001032,9990,Mary Smith,2026-05-09,unsubscribe_risk,Escalation Follow-up,Email,-10
ENG003885,C001033,3033,Kevin Larsen,2026-05-06,campaign_open,Retention Pulse,Email,8
ENG003886,C001033,3033,Kevin Larsen,2026-05-07,campaign_click,Retention Pulse,Email,12
ENG003887,C001033,3033,Kevin Larsen,2026-05-08,account_page_view,Service Recovery,Portal,22
ENG003888,C001033,3033,Kevin Larsen,2026-05-09,unsubscribe_risk,Escalation Follow-up,Email,-10
ENG003889,C001034,326,Shirley Stafford,2026-05-06,campaign_open,Retention Pulse,Email,8
ENG003890,C001034,326,Shirley Stafford,2026-05-07,campaign_click,Retention Pulse,Email,12
ENG003891,C001034,326,Shirley Stafford,2026-05-08,account_page_view,Service Recovery,Portal,22
ENG003892,C001034,326,Shirley Stafford,2026-05-09,unsubscribe_risk,Escalation Follow-up,Email,-10
ENG003893,C001035,586,Patricia Jefferson,2026-05-06,campaign_open,Retention Pulse,Email,8
ENG003894,C001035,586,Patricia Jefferson,2026-05-07,campaign_click,Retention Pulse,Email,12
ENG003895,C001035,586,Patricia Jefferson,2026-05-08,account_page_view,Service Recovery,Portal,22
ENG003896,C001035,586,Patricia Jefferson,2026-05-09,unsubscribe_risk,Escalation Follow-up,Email,-10
ENG003897,C001036,10765,Mary Byrd,2026-05-06,campaign_open,Retention Pulse,Email,8
ENG003898,C001036,10765,Mary Byrd,2026-05-07,campaign_click,Retention Pulse,Email,12
ENG003899,C001036,10765,Mary Byrd,2026-05-08,account_page_view,Service Recovery,Portal,22
ENG003900,C001036,10765,Mary Byrd,2026-05-09,unsubscribe_risk,Escalation Follow-up,Email,-10
ENG003901,C001037,254,Diana Hale,2026-05-06,campaign_open,Retention Pulse,Email,8
ENG003902,C001037,254,Diana Hale,2026-05-07,campaign_click,Retention Pulse,Email,12
ENG003903,C001037,254,Diana Hale,2026-05-08,account_page_view,Service Recovery,Portal,22
ENG003904,C001037,254,Diana Hale,2026-05-09,unsubscribe_risk,Escalation Follow-up,Email,-10
ENG003905,C001038,9607,Mary Smith,2026-05-06,campaign_open,Retention Pulse,Email,8
ENG003906,C001038,9607,Mary Smith,2026-05-07,campaign_click,Retention Pulse,Email,12
ENG003907,C001038,9607,Mary Smith,2026-05-08,account_page_view,Service Recovery,Portal,22
ENG003908,C001038,9607,Mary Smith,2026-05-09,unsubscribe_risk,Escalation Follow-up,Email,-10
ENG003909,C001039,12384,Raymond Berry,2026-05-06,campaign_open,Retention Pulse,Email,8
ENG003910,C001039,12384,Raymond Berry,2026-05-07,campaign_click,Retention Pulse,Email,12
ENG003911,C001039,12384,Raymond Berry,2026-05-08,account_page_view,Service Recovery,Portal,22
ENG003912,C001039,12384,Raymond Berry,2026-05-09,unsubscribe_risk,Escalation Follow-up,Email,-10
ENG003913,C001040,1624,Walter Huerta,2026-05-06,campaign_open,Retention Pulse,Email,8
ENG003914,C001040,1624,Walter Huerta,2026-05-07,campaign_click,Retention Pulse,Email,12
ENG003915,C001040,1624,Walter Huerta,2026-05-08,account_page_view,Service Recovery,Portal,22
ENG003916,C001040,1624,Walter Huerta,2026-05-09,unsubscribe_risk,Escalation Follow-up,Email,-10
ENG003917,C001041,7974,Mary Shaw,2026-05-06,campaign_open,Retention Pulse,Email,8
ENG003918,C001041,7974,Mary Shaw,2026-05-07,campaign_click,Retention Pulse,Email,12
ENG003919,C001041,7974,Mary Shaw,2026-05-08,account_page_view,Service Recovery,Portal,22
ENG003920,C001041,7974,Mary Shaw,2026-05-09,unsubscribe_risk,Escalation Follow-up,Email,-10
ENG003921,C001042,5878,Sharon Smith,2026-05-06,campaign_open,Retention Pulse,Email,8
ENG003922,C001042,5878,Sharon Smith,2026-05-07,campaign_click,Retention Pulse,Email,12
ENG003923,C001042,5878,Sharon Smith,2026-05-08,account_page_view,Service Recovery,Portal,22
ENG003924,C001042,5878,Sharon Smith,2026-05-09,unsubscribe_risk,Escalation Follow-up,Email,-10
ENG003925,C001043,3580,Jessica Larson,2026-05-06,campaign_open,Retention Pulse,Email,8
ENG003926,C001043,3580,Jessica Larson,2026-05-07,campaign_click,Retention Pulse,Email,12
ENG003927,C001043,3580,Jessica Larson,2026-05-08,account_page_view,Service Recovery,Portal,22
ENG003928,C001043,3580,Jessica Larson,2026-05-09,unsubscribe_risk,Escalation Follow-up,Email,-10
ENG003929,C001044,3167,Janice Ward,2026-05-06,campaign_open,Retention Pulse,Email,8
ENG003930,C001044,3167,Janice Ward,2026-05-07,campaign_click,Retention Pulse,Email,12
ENG003931,C001044,3167,Janice Ward,2026-05-08,account_page_view,Service Recovery,Portal,22
ENG003932,C001044,3167,Janice Ward,2026-05-09,unsubscribe_risk,Escalation Follow-up,Email,-10
ENG003933,C001045,9879,Linda Ibarra,2026-05-06,campaign_open,Retention Pulse,Email,8
ENG003934,C001045,9879,Linda Ibarra,2026-05-07,campaign_click,Retention Pulse,Email,12
ENG003935,C001045,9879,Linda Ibarra,2026-05-08,account_page_view,Service Recovery,Portal,22
ENG003936,C001045,9879,Linda Ibarra,2026-05-09,unsubscribe_risk,Escalation Follow-up,Email,-10
ENG003937,C001046,9721,Mary Smith,2026-05-06,campaign_open,Retention Pulse,Email,8
ENG003938,C001046,9721,Mary Smith,2026-05-07,campaign_click,Retention Pulse,Email,12
ENG003939,C001046,9721,Mary Smith,2026-05-08,account_page_view,Service Recovery,Portal,22
ENG003940,C001046,9721,Mary Smith,2026-05-09,unsubscribe_risk,Escalation Follow-up,Email,-10
ENG003941,C001047,2334,Mary Morgan,2026-05-06,campaign_open,Retention Pulse,Email,8
ENG003942,C001047,2334,Mary Morgan,2026-05-07,campaign_click,Retention Pulse,Email,12
ENG003943,C001047,2334,Mary Morgan,2026-05-08,account_page_view,Service Recovery,Portal,22
ENG003944,C001047,2334,Mary Morgan,2026-05-09,unsubscribe_risk,Escalation Follow-up,Email,-10
ENG003945,C001048,10269,Mary Flowers,2026-05-06,campaign_open,Retention Pulse,Email,8
ENG003946,C001048,10269,Mary Flowers,2026-05-07,campaign_click,Retention Pulse,Email,12
ENG003947,C001048,10269,Mary Flowers,2026-05-08,account_page_view,Service Recovery,Portal,22
ENG003948,C001048,10269,Mary Flowers,2026-05-09,unsubscribe_risk,Escalation Follow-up,Email,-10
ENG003949,C001049,434,Michael Torres,2026-05-06,campaign_open,Retention Pulse,Email,8
ENG003950,C001049,434,Michael Torres,2026-05-07,campaign_click,Retention Pulse,Email,12
ENG003951,C001049,434,Michael Torres,2026-05-08,account_page_view,Service Recovery,Portal,22
ENG003952,C001049,434,Michael Torres,2026-05-09,unsubscribe_risk,Escalation Follow-up,Email,-10
ENG003953,C001050,4276,Jacqueline Page,2026-05-06,campaign_open,Retention Pulse,Email,8
ENG003954,C001050,4276,Jacqueline Page,2026-05-07,campaign_click,Retention Pulse,Email,12
ENG003955,C001050,4276,Jacqueline Page,2026-05-08,account_page_view,Service Recovery,Portal,22
ENG003956,C001050,4276,Jacqueline Page,2026-05-09,unsubscribe_risk,Escalation Follow-up,Email,-10
ENG003957,C001051,10170,Mary Tyler,2026-05-06,campaign_open,Retention Pulse,Email,8
ENG003958,C001051,10170,Mary Tyler,2026-05-07,campaign_click,Retention Pulse,Email,12
ENG003959,C001051,10170,Mary Tyler,2026-05-08,account_page_view,Service Recovery,Portal,22
ENG003960,C001051,10170,Mary Tyler,2026-05-09,unsubscribe_risk,Escalation Follow-up,Email,-10
ENG003961,C001052,371,Adam Marquez,2026-05-06,campaign_open,Retention Pulse,Email,8
ENG003962,C001052,371,Adam Marquez,2026-05-07,campaign_click,Retention Pulse,Email,12
ENG003963,C001052,371,Adam Marquez,2026-05-08,promo_response,Reactivation,Email,18
ENG003964,C001053,11677,Christine Smith,2026-05-06,campaign_open,Retention Pulse,Email,8
ENG003965,C001053,11677,Christine Smith,2026-05-07,campaign_click,Retention Pulse,Email,12
ENG003966,C001053,11677,Christine Smith,2026-05-08,account_page_view,Service Recovery,Portal,22
ENG003967,C001053,11677,Christine Smith,2026-05-09,unsubscribe_risk,Escalation Follow-up,Email,-10
ENG003968,C001054,3918,Mary Smith,2026-05-06,campaign_open,Retention Pulse,Email,8
ENG003969,C001054,3918,Mary Smith,2026-05-07,campaign_click,Retention Pulse,Email,12
ENG003970,C001054,3918,Mary Smith,2026-05-08,account_page_view,Service Recovery,Portal,22
ENG003971,C001054,3918,Mary Smith,2026-05-09,unsubscribe_risk,Escalation Follow-up,Email,-10
ENG003972,C001055,7757,Donna Davis,2026-05-06,campaign_open,Retention Pulse,Email,8
ENG003973,C001055,7757,Donna Davis,2026-05-07,campaign_click,Retention Pulse,Email,12
ENG003974,C001055,7757,Donna Davis,2026-05-08,account_page_view,Service Recovery,Portal,22
ENG003975,C001055,7757,Donna Davis,2026-05-09,unsubscribe_risk,Escalation Follow-up,Email,-10
ENG003976,C001056,3678,Alice Castro,2026-05-06,campaign_open,Retention Pulse,Email,8
ENG003977,C001056,3678,Alice Castro,2026-05-07,campaign_click,Retention Pulse,Email,12
ENG003978,C001056,3678,Alice Castro,2026-05-08,account_page_view,Service Recovery,Portal,22
ENG003979,C001056,3678,Alice Castro,2026-05-09,unsubscribe_risk,Escalation Follow-up,Email,-10
ENG003980,C001057,11306,Gerald Beasley,2026-05-06,campaign_open,Retention Pulse,Email,8
ENG003981,C001057,11306,Gerald Beasley,2026-05-07,campaign_click,Retention Pulse,Email,12
ENG003982,C001057,11306,Gerald Beasley,2026-05-08,account_page_view,Service Recovery,Portal,22
ENG003983,C001057,11306,Gerald Beasley,2026-05-09,unsubscribe_risk,Escalation Follow-up,Email,-10
ENG003984,C001058,7771,Janice Jackson,2026-05-06,campaign_open,Retention Pulse,Email,8
ENG003985,C001058,7771,Janice Jackson,2026-05-07,campaign_click,Retention Pulse,Email,12
ENG003986,C001058,7771,Janice Jackson,2026-05-08,account_page_view,Service Recovery,Portal,22
ENG003987,C001058,7771,Janice Jackson,2026-05-09,unsubscribe_risk,Escalation Follow-up,Email,-10
ENG003988,C001059,1505,Mary Smith,2026-05-06,campaign_open,Retention Pulse,Email,8
ENG003989,C001059,1505,Mary Smith,2026-05-07,campaign_click,Retention Pulse,Email,12
ENG003990,C001059,1505,Mary Smith,2026-05-08,promo_response,Reactivation,Email,18
ENG003991,C001060,5024,Thomas Klein,2026-05-06,campaign_open,Retention Pulse,Email,8
ENG003992,C001060,5024,Thomas Klein,2026-05-07,campaign_click,Retention Pulse,Email,12
ENG003993,C001060,5024,Thomas Klein,2026-05-08,account_page_view,Service Recovery,Portal,22
ENG003994,C001060,5024,Thomas Klein,2026-05-09,unsubscribe_risk,Escalation Follow-up,Email,-10
ENG003995,C001061,1576,Dorothy Melton,2026-05-06,campaign_open,Retention Pulse,Email,8
ENG003996,C001061,1576,Dorothy Melton,2026-05-07,campaign_click,Retention Pulse,Email,12
ENG003997,C001061,1576,Dorothy Melton,2026-05-08,account_page_view,Service Recovery,Portal,22
ENG003998,C001061,1576,Dorothy Melton,2026-05-09,unsubscribe_risk,Escalation Follow-up,Email,-10
ENG003999,C001062,4861,Rebecca Smith,2026-05-06,campaign_open,Retention Pulse,Email,8
ENG004000,C001062,4861,Rebecca Smith,2026-05-07,campaign_click,Retention Pulse,Email,12
ENG004001,C001062,4861,Rebecca Smith,2026-05-08,account_page_view,Service Recovery,Portal,22
ENG004002,C001062,4861,Rebecca Smith,2026-05-09,unsubscribe_risk,Escalation Follow-up,Email,-10
ENG004003,C001063,8233,Mary Hanna,2026-05-06,campaign_open,Retention Pulse,Email,8
ENG004004,C001063,8233,Mary Hanna,2026-05-07,campaign_click,Retention Pulse,Email,12
ENG004005,C001063,8233,Mary Hanna,2026-05-08,account_page_view,Service Recovery,Portal,22
ENG004006,C001063,8233,Mary Hanna,2026-05-09,unsubscribe_risk,Escalation Follow-up,Email,-10
ENG004007,C001064,11077,Andrew Smith,2026-05-06,campaign_open,Retention Pulse,Email,8
ENG004008,C001064,11077,Andrew Smith,2026-05-07,campaign_click,Retention Pulse,Email,12
ENG004009,C001064,11077,Andrew Smith,2026-05-08,account_page_view,Service Recovery,Portal,22
ENG004010,C001064,11077,Andrew Smith,2026-05-09,unsubscribe_risk,Escalation Follow-up,Email,-10
ENG004011,C001065,5548,Michael Crawford,2026-05-06,campaign_open,Retention Pulse,Email,8
ENG004012,C001065,5548,Michael Crawford,2026-05-07,campaign_click,Retention Pulse,Email,12
ENG004013,C001065,5548,Michael Crawford,2026-05-08,account_page_view,Service Recovery,Portal,22
ENG004014,C001065,5548,Michael Crawford,2026-05-09,unsubscribe_risk,Escalation Follow-up,Email,-10
ENG004015,C001066,647,Mary Rios,2026-05-06,campaign_open,Retention Pulse,Email,8
ENG004016,C001066,647,Mary Rios,2026-05-07,campaign_click,Retention Pulse,Email,12
ENG004017,C001066,647,Mary Rios,2026-05-08,account_page_view,Service Recovery,Portal,22
ENG004018,C001066,647,Mary Rios,2026-05-09,unsubscribe_risk,Escalation Follow-up,Email,-10
ENG004019,C001067,6759,Matthew Smith,2026-05-06,campaign_open,Retention Pulse,Email,8
ENG004020,C001067,6759,Matthew Smith,2026-05-07,campaign_click,Retention Pulse,Email,12
ENG004021,C001067,6759,Matthew Smith,2026-05-08,account_page_view,Service Recovery,Portal,22
ENG004022,C001067,6759,Matthew Smith,2026-05-09,unsubscribe_risk,Escalation Follow-up,Email,-10
ENG004023,C001068,9197,Mary Sutton,2026-05-06,campaign_open,Retention Pulse,Email,8
ENG004024,C001068,9197,Mary Sutton,2026-05-07,campaign_click,Retention Pulse,Email,12
ENG004025,C001068,9197,Mary Sutton,2026-05-08,account_page_view,Service Recovery,Portal,22
ENG004026,C001068,9197,Mary Sutton,2026-05-09,unsubscribe_risk,Escalation Follow-up,Email,-10
ENG004027,C001069,8217,Virginia Cantrell,2026-05-06,campaign_open,Retention Pulse,Email,8
ENG004028,C001069,8217,Virginia Cantrell,2026-05-07,campaign_click,Retention Pulse,Email,12
ENG004029,C001069,8217,Virginia Cantrell,2026-05-08,promo_response,Reactivation,Email,18
ENG004030,C001070,4916,Larry Smith,2026-05-06,campaign_open,Retention Pulse,Email,8
ENG004031,C001070,4916,Larry Smith,2026-05-07,campaign_click,Retention Pulse,Email,12
ENG004032,C001070,4916,Larry Smith,2026-05-08,account_page_view,Service Recovery,Portal,22
ENG004033,C001070,4916,Larry Smith,2026-05-09,unsubscribe_risk,Escalation Follow-up,Email,-10
ENG004034,C001071,8365,Matthew Norman,2026-05-06,campaign_open,Retention Pulse,Email,8
ENG004035,C001071,8365,Matthew Norman,2026-05-07,campaign_click,Retention Pulse,Email,12
ENG004036,C001071,8365,Matthew Norman,2026-05-08,account_page_view,Service Recovery,Portal,22
ENG004037,C001071,8365,Matthew Norman,2026-05-09,unsubscribe_risk,Escalation Follow-up,Email,-10
ENG004038,C001072,10888,Mary Cline,2026-05-06,campaign_open,Retention Pulse,Email,8
ENG004039,C001072,10888,Mary Cline,2026-05-07,campaign_click,Retention Pulse,Email,12
ENG004040,C001072,10888,Mary Cline,2026-05-08,promo_response,Reactivation,Email,18
ENG004041,C001073,9726,Steven Smith,2026-05-06,campaign_open,Retention Pulse,Email,8
ENG004042,C001073,9726,Steven Smith,2026-05-07,campaign_click,Retention Pulse,Email,12
ENG004043,C001073,9726,Steven Smith,2026-05-08,account_page_view,Service Recovery,Portal,22
ENG004044,C001073,9726,Steven Smith,2026-05-09,unsubscribe_risk,Escalation Follow-up,Email,-10
ENG004045,C001074,9074,Margaret Smith,2026-05-06,campaign_open,Retention Pulse,Email,8
ENG004046,C001074,9074,Margaret Smith,2026-05-07,campaign_click,Retention Pulse,Email,12
ENG004047,C001074,9074,Margaret Smith,2026-05-08,account_page_view,Service Recovery,Portal,22
ENG004048,C001074,9074,Margaret Smith,2026-05-09,unsubscribe_risk,Escalation Follow-up,Email,-10
ENG004049,C001075,6571,Brenda Gonzalez,2026-05-06,campaign_open,Retention Pulse,Email,8
ENG004050,C001075,6571,Brenda Gonzalez,2026-05-07,campaign_click,Retention Pulse,Email,12
ENG004051,C001075,6571,Brenda Gonzalez,2026-05-08,account_page_view,Service Recovery,Portal,22
ENG004052,C001075,6571,Brenda Gonzalez,2026-05-09,unsubscribe_risk,Escalation Follow-up,Email,-10
ENG004053,C001076,6746,Anthony Sanchez,2026-05-06,campaign_open,Retention Pulse,Email,8
ENG004054,C001076,6746,Anthony Sanchez,2026-05-07,campaign_click,Retention Pulse,Email,12
ENG004055,C001076,6746,Anthony Sanchez,2026-05-08,account_page_view,Service Recovery,Portal,22
ENG004056,C001076,6746,Anthony Sanchez,2026-05-09,unsubscribe_risk,Escalation Follow-up,Email,-10
ENG004057,C001077,5660,Mary Maldonado,2026-05-06,campaign_open,Retention Pulse,Email,8
ENG004058,C001077,5660,Mary Maldonado,2026-05-07,campaign_click,Retention Pulse,Email,12
ENG004059,C001077,5660,Mary Maldonado,2026-05-08,account_page_view,Service Recovery,Portal,22
ENG004060,C001077,5660,Mary Maldonado,2026-05-09,unsubscribe_risk,Escalation Follow-up,Email,-10
ENG004061,C001078,4265,Debra Smith,2026-05-06,campaign_open,Retention Pulse,Email,8
ENG004062,C001078,4265,Debra Smith,2026-05-07,campaign_click,Retention Pulse,Email,12
ENG004063,C001078,4265,Debra Smith,2026-05-08,account_page_view,Service Recovery,Portal,22
ENG004064,C001078,4265,Debra Smith,2026-05-09,unsubscribe_risk,Escalation Follow-up,Email,-10
ENG004065,C001079,4190,Mary Martinez,2026-05-06,campaign_open,Retention Pulse,Email,8
ENG004066,C001079,4190,Mary Martinez,2026-05-07,campaign_click,Retention Pulse,Email,12
ENG004067,C001079,4190,Mary Martinez,2026-05-08,account_page_view,Service Recovery,Portal,22
ENG004068,C001079,4190,Mary Martinez,2026-05-09,unsubscribe_risk,Escalation Follow-up,Email,-10
ENG004069,C001080,2703,Kimberly Smith,2026-05-06,campaign_open,Retention Pulse,Email,8
ENG004070,C001080,2703,Kimberly Smith,2026-05-07,campaign_click,Retention Pulse,Email,12
ENG004071,C001080,2703,Kimberly Smith,2026-05-08,promo_response,Reactivation,Email,18
ENG004072,C001081,1670,Keith Callahan,2026-05-06,campaign_open,Retention Pulse,Email,8
ENG004073,C001081,1670,Keith Callahan,2026-05-07,campaign_click,Retention Pulse,Email,12
ENG004074,C001081,1670,Keith Callahan,2026-05-08,promo_response,Reactivation,Email,18
ENG004075,C001082,1466,Stephen Cole,2026-05-06,campaign_open,Retention Pulse,Email,8
ENG004076,C001082,1466,Stephen Cole,2026-05-07,campaign_click,Retention Pulse,Email,12
ENG004077,C001082,1466,Stephen Cole,2026-05-08,account_page_view,Service Recovery,Portal,22
ENG004078,C001082,1466,Stephen Cole,2026-05-09,unsubscribe_risk,Escalation Follow-up,Email,-10
ENG004079,C001083,6788,Mary Allen,2026-05-06,campaign_open,Retention Pulse,Email,8
ENG004080,C001083,6788,Mary Allen,2026-05-07,campaign_click,Retention Pulse,Email,12
ENG004081,C001083,6788,Mary Allen,2026-05-08,promo_response,Reactivation,Email,18
ENG004082,C001084,1532,Mary Bailey,2026-05-06,campaign_open,Retention Pulse,Email,8
ENG004083,C001084,1532,Mary Bailey,2026-05-07,campaign_click,Retention Pulse,Email,12
ENG004084,C001084,1532,Mary Bailey,2026-05-08,promo_response,Reactivation,Email,18
ENG004085,C001085,3468,Mary Romero,2026-05-06,campaign_open,Retention Pulse,Email,8
ENG004086,C001085,3468,Mary Romero,2026-05-07,campaign_click,Retention Pulse,Email,12
ENG004087,C001085,3468,Mary Romero,2026-05-08,account_page_view,Service Recovery,Portal,22
ENG004088,C001085,3468,Mary Romero,2026-05-09,unsubscribe_risk,Escalation Follow-up,Email,-10
ENG004089,C001086,4929,Janet Harvey,2026-05-06,campaign_open,Retention Pulse,Email,8
ENG004090,C001086,4929,Janet Harvey,2026-05-07,campaign_click,Retention Pulse,Email,12
ENG004091,C001086,4929,Janet Harvey,2026-05-08,account_page_view,Service Recovery,Portal,22
ENG004092,C001086,4929,Janet Harvey,2026-05-09,unsubscribe_risk,Escalation Follow-up,Email,-10
ENG004093,C001087,376,Grace Sanchez,2026-05-06,campaign_open,Retention Pulse,Email,8
ENG004094,C001087,376,Grace Sanchez,2026-05-07,campaign_click,Retention Pulse,Email,12
ENG004095,C001087,376,Grace Sanchez,2026-05-08,account_page_view,Service Recovery,Portal,22
ENG004096,C001087,376,Grace Sanchez,2026-05-09,unsubscribe_risk,Escalation Follow-up,Email,-10
ENG004097,C001088,3758,Scott Smith,2026-05-06,campaign_open,Retention Pulse,Email,8
ENG004098,C001088,3758,Scott Smith,2026-05-07,campaign_click,Retention Pulse,Email,12
ENG004099,C001088,3758,Scott Smith,2026-05-08,promo_response,Reactivation,Email,18
ENG004100,C001089,10072,Richard Smith,2026-05-06,campaign_open,Retention Pulse,Email,8
ENG004101,C001089,10072,Richard Smith,2026-05-07,campaign_click,Retention Pulse,Email,12
ENG004102,C001089,10072,Richard Smith,2026-05-08,promo_response,Reactivation,Email,18
ENG004103,C001090,8754,Paul Sanchez,2026-05-06,campaign_open,Retention Pulse,Email,8
ENG004104,C001090,8754,Paul Sanchez,2026-05-07,campaign_click,Retention Pulse,Email,12
ENG004105,C001090,8754,Paul Sanchez,2026-05-08,account_page_view,Service Recovery,Portal,22
ENG004106,C001090,8754,Paul Sanchez,2026-05-09,unsubscribe_risk,Escalation Follow-up,Email,-10
ENG004107,C001091,4422,Mary Schwartz,2026-05-06,campaign_open,Retention Pulse,Email,8
ENG004108,C001091,4422,Mary Schwartz,2026-05-07,campaign_click,Retention Pulse,Email,12
ENG004109,C001091,4422,Mary Schwartz,2026-05-08,account_page_view,Service Recovery,Portal,22
ENG004110,C001091,4422,Mary Schwartz,2026-05-09,unsubscribe_risk,Escalation Follow-up,Email,-10
ENG004111,C001092,12117,Helen Smith,2026-05-06,campaign_open,Retention Pulse,Email,8
ENG004112,C001092,12117,Helen Smith,2026-05-07,campaign_click,Retention Pulse,Email,12
ENG004113,C001092,12117,Helen Smith,2026-05-08,account_page_view,Service Recovery,Portal,22
ENG004114,C001092,12117,Helen Smith,2026-05-09,unsubscribe_risk,Escalation Follow-up,Email,-10
ENG004115,C001093,10617,Ruth Smith,2026-05-06,campaign_open,Retention Pulse,Email,8
ENG004116,C001093,10617,Ruth Smith,2026-05-07,campaign_click,Retention Pulse,Email,12
ENG004117,C001093,10617,Ruth Smith,2026-05-08,account_page_view,Service Recovery,Portal,22
ENG004118,C001093,10617,Ruth Smith,2026-05-09,unsubscribe_risk,Escalation Follow-up,Email,-10
ENG004119,C001094,2578,Mary Blake,2026-05-06,campaign_open,Retention Pulse,Email,8
ENG004120,C001094,2578,Mary Blake,2026-05-07,campaign_click,Retention Pulse,Email,12
ENG004121,C001094,2578,Mary Blake,2026-05-08,promo_response,Reactivation,Email,18
ENG004122,C001095,11115,Michelle Smith,2026-05-06,campaign_open,Retention Pulse,Email,8
ENG004123,C001095,11115,Michelle Smith,2026-05-07,campaign_click,Retention Pulse,Email,12
ENG004124,C001095,11115,Michelle Smith,2026-05-08,account_page_view,Service Recovery,Portal,22
ENG004125,C001095,11115,Michelle Smith,2026-05-09,unsubscribe_risk,Escalation Follow-up,Email,-10
ENG004126,C001096,1997,Amy Callahan,2026-05-06,campaign_open,Retention Pulse,Email,8
ENG004127,C001096,1997,Amy Callahan,2026-05-07,campaign_click,Retention Pulse,Email,12
ENG004128,C001096,1997,Amy Callahan,2026-05-08,account_page_view,Service Recovery,Portal,22
ENG004129,C001096,1997,Amy Callahan,2026-05-09,unsubscribe_risk,Escalation Follow-up,Email,-10
ENG004130,C001097,2610,Virginia Johnson,2026-05-06,campaign_open,Retention Pulse,Email,8
ENG004131,C001097,2610,Virginia Johnson,2026-05-07,campaign_click,Retention Pulse,Email,12
ENG004132,C001097,2610,Virginia Johnson,2026-05-08,account_page_view,Service Recovery,Portal,22
ENG004133,C001097,2610,Virginia Johnson,2026-05-09,unsubscribe_risk,Escalation Follow-up,Email,-10
ENG004134,C001098,4707,Victoria Smith,2026-05-06,campaign_open,Retention Pulse,Email,8
ENG004135,C001098,4707,Victoria Smith,2026-05-07,campaign_click,Retention Pulse,Email,12
ENG004136,C001098,4707,Victoria Smith,2026-05-08,account_page_view,Service Recovery,Portal,22
ENG004137,C001098,4707,Victoria Smith,2026-05-09,unsubscribe_risk,Escalation Follow-up,Email,-10
ENG004138,C001099,6418,Olivia Owens,2026-05-06,campaign_open,Retention Pulse,Email,8
ENG004139,C001099,6418,Olivia Owens,2026-05-07,campaign_click,Retention Pulse,Email,12
ENG004140,C001099,6418,Olivia Owens,2026-05-08,promo_response,Reactivation,Email,18
ENG004141,C001100,10273,Mary Smith,2026-05-06,campaign_open,Retention Pulse,Email,8
ENG004142,C001100,10273,Mary Smith,2026-05-07,campaign_click,Retention Pulse,Email,12
ENG004143,C001100,10273,Mary Smith,2026-05-08,account_page_view,Service Recovery,Portal,22
ENG004144,C001100,10273,Mary Smith,2026-05-09,unsubscribe_risk,Escalation Follow-up,Email,-10
ENG004145,C001101,2157,Danielle Holt,2026-05-06,campaign_open,Retention Pulse,Email,8
ENG004146,C001101,2157,Danielle Holt,2026-05-07,campaign_click,Retention Pulse,Email,12
ENG004147,C001101,2157,Danielle Holt,2026-05-08,account_page_view,Service Recovery,Portal,22
ENG004148,C001101,2157,Danielle Holt,2026-05-09,unsubscribe_risk,Escalation Follow-up,Email,-10
ENG004149,C001102,2830,Maria Baker,2026-05-06,campaign_open,Retention Pulse,Email,8
ENG004150,C001102,2830,Maria Baker,2026-05-07,campaign_click,Retention Pulse,Email,12
ENG004151,C001102,2830,Maria Baker,2026-05-08,account_page_view,Service Recovery,Portal,22
ENG004152,C001102,2830,Maria Baker,2026-05-09,unsubscribe_risk,Escalation Follow-up,Email,-10
ENG004153,C001103,10687,George Weeks,2026-05-06,campaign_open,Retention Pulse,Email,8
ENG004154,C001103,10687,George Weeks,2026-05-07,campaign_click,Retention Pulse,Email,12
ENG004155,C001103,10687,George Weeks,2026-05-08,account_page_view,Service Recovery,Portal,22
ENG004156,C001103,10687,George Weeks,2026-05-09,unsubscribe_risk,Escalation Follow-up,Email,-10
ENG004157,C001104,9887,Margaret Valenzuela,2026-05-06,campaign_open,Retention Pulse,Email,8
ENG004158,C001104,9887,Margaret Valenzuela,2026-05-07,campaign_click,Retention Pulse,Email,12
ENG004159,C001104,9887,Margaret Valenzuela,2026-05-08,account_page_view,Service Recovery,Portal,22
ENG004160,C001104,9887,Margaret Valenzuela,2026-05-09,unsubscribe_risk,Escalation Follow-up,Email,-10
ENG004161,C001105,9002,Mary Mullins,2026-05-06,campaign_open,Retention Pulse,Email,8
ENG004162,C001105,9002,Mary Mullins,2026-05-07,campaign_click,Retention Pulse,Email,12
ENG004163,C001105,9002,Mary Mullins,2026-05-08,promo_response,Reactivation,Email,18
ENG004164,C001106,10563,Mary Smith,2026-05-06,campaign_open,Retention Pulse,Email,8
ENG004165,C001106,10563,Mary Smith,2026-05-07,campaign_click,Retention Pulse,Email,12
ENG004166,C001106,10563,Mary Smith,2026-05-08,promo_response,Reactivation,Email,18
ENG004167,C001107,12382,Jennifer Smith,2026-05-06,campaign_open,Retention Pulse,Email,8
ENG004168,C001107,12382,Jennifer Smith,2026-05-07,campaign_click,Retention Pulse,Email,12
ENG004169,C001107,12382,Jennifer Smith,2026-05-08,account_page_view,Service Recovery,Portal,22
ENG004170,C001107,12382,Jennifer Smith,2026-05-09,unsubscribe_risk,Escalation Follow-up,Email,-10
ENG004171,C001108,7143,Mary Burnett,2026-05-06,campaign_open,Retention Pulse,Email,8
ENG004172,C001108,7143,Mary Burnett,2026-05-07,campaign_click,Retention Pulse,Email,12
ENG004173,C001108,7143,Mary Burnett,2026-05-08,account_page_view,Service Recovery,Portal,22
ENG004174,C001108,7143,Mary Burnett,2026-05-09,unsubscribe_risk,Escalation Follow-up,Email,-10
ENG004175,C001109,1921,Larry Smith,2026-05-06,campaign_open,Retention Pulse,Email,8
ENG004176,C001109,1921,Larry Smith,2026-05-07,campaign_click,Retention Pulse,Email,12
ENG004177,C001109,1921,Larry Smith,2026-05-08,promo_response,Reactivation,Email,18
ENG004178,C001110,4109,Scott Shaffer,2026-05-06,campaign_open,Retention Pulse,Email,8
ENG004179,C001110,4109,Scott Shaffer,2026-05-07,campaign_click,Retention Pulse,Email,12
ENG004180,C001110,4109,Scott Shaffer,2026-05-08,account_page_view,Service Recovery,Portal,22
ENG004181,C001110,4109,Scott Shaffer,2026-05-09,unsubscribe_risk,Escalation Follow-up,Email,-10
ENG004182,C001111,5198,Mary Smith,2026-05-06,campaign_open,Retention Pulse,Email,8
ENG004183,C001111,5198,Mary Smith,2026-05-07,campaign_click,Retention Pulse,Email,12
ENG004184,C001111,5198,Mary Smith,2026-05-08,account_page_view,Service Recovery,Portal,22
ENG004185,C001111,5198,Mary Smith,2026-05-09,unsubscribe_risk,Escalation Follow-up,Email,-10
ENG004186,C001112,10620,Mary Smith,2026-05-06,campaign_open,Retention Pulse,Email,8
ENG004187,C001112,10620,Mary Smith,2026-05-07,campaign_click,Retention Pulse,Email,12
ENG004188,C001112,10620,Mary Smith,2026-05-08,promo_response,Reactivation,Email,18
ENG004189,C001113,9581,Deborah Smith,2026-05-06,campaign_open,Retention Pulse,Email,8
ENG004190,C001113,9581,Deborah Smith,2026-05-07,campaign_click,Retention Pulse,Email,12
ENG004191,C001113,9581,Deborah Smith,2026-05-08,account_page_view,Service Recovery,Portal,22
ENG004192,C001113,9581,Deborah Smith,2026-05-09,unsubscribe_risk,Escalation Follow-up,Email,-10
ENG004193,C001114,6081,Lauren Bennett,2026-05-06,campaign_open,Retention Pulse,Email,8
ENG004194,C001114,6081,Lauren Bennett,2026-05-07,campaign_click,Retention Pulse,Email,12
ENG004195,C001114,6081,Lauren Bennett,2026-05-08,promo_response,Reactivation,Email,18
ENG004196,C001115,11235,Judy Church,2026-05-06,campaign_open,Retention Pulse,Email,8
ENG004197,C001115,11235,Judy Church,2026-05-07,campaign_click,Retention Pulse,Email,12
ENG004198,C001115,11235,Judy Church,2026-05-08,account_page_view,Service Recovery,Portal,22
ENG004199,C001115,11235,Judy Church,2026-05-09,unsubscribe_risk,Escalation Follow-up,Email,-10
ENG004200,C001116,8300,Mary Reynolds,2026-05-06,campaign_open,Retention Pulse,Email,8
ENG004201,C001116,8300,Mary Reynolds,2026-05-07,campaign_click,Retention Pulse,Email,12
ENG004202,C001116,8300,Mary Reynolds,2026-05-08,account_page_view,Service Recovery,Portal,22
ENG004203,C001116,8300,Mary Reynolds,2026-05-09,unsubscribe_risk,Escalation Follow-up,Email,-10
ENG004204,C001117,6165,Mary Gardner,2026-05-06,campaign_open,Retention Pulse,Email,8
ENG004205,C001117,6165,Mary Gardner,2026-05-07,campaign_click,Retention Pulse,Email,12
ENG004206,C001117,6165,Mary Gardner,2026-05-08,account_page_view,Service Recovery,Portal,22
ENG004207,C001117,6165,Mary Gardner,2026-05-09,unsubscribe_risk,Escalation Follow-up,Email,-10
ENG004208,C001118,11984,Richard Smith,2026-05-06,campaign_open,Retention Pulse,Email,8
ENG004209,C001118,11984,Richard Smith,2026-05-07,campaign_click,Retention Pulse,Email,12
ENG004210,C001118,11984,Richard Smith,2026-05-08,account_page_view,Service Recovery,Portal,22
ENG004211,C001118,11984,Richard Smith,2026-05-09,unsubscribe_risk,Escalation Follow-up,Email,-10
ENG004212,C001119,6023,Shirley Webb,2026-05-06,campaign_open,Retention Pulse,Email,8
ENG004213,C001119,6023,Shirley Webb,2026-05-07,campaign_click,Retention Pulse,Email,12
ENG004214,C001119,6023,Shirley Webb,2026-05-08,account_page_view,Service Recovery,Portal,22
ENG004215,C001119,6023,Shirley Webb,2026-05-09,unsubscribe_risk,Escalation Follow-up,Email,-10
ENG004216,C001120,11407,Steven Powers,2026-05-06,campaign_open,Retention Pulse,Email,8
ENG004217,C001120,11407,Steven Powers,2026-05-07,campaign_click,Retention Pulse,Email,12
ENG004218,C001120,11407,Steven Powers,2026-05-08,account_page_view,Service Recovery,Portal,22
ENG004219,C001120,11407,Steven Powers,2026-05-09,unsubscribe_risk,Escalation Follow-up,Email,-10
ENG004220,C001121,10928,Sharon Smith,2026-05-06,campaign_open,Retention Pulse,Email,8
ENG004221,C001121,10928,Sharon Smith,2026-05-07,campaign_click,Retention Pulse,Email,12
ENG004222,C001121,10928,Sharon Smith,2026-05-08,account_page_view,Service Recovery,Portal,22
ENG004223,C001121,10928,Sharon Smith,2026-05-09,unsubscribe_risk,Escalation Follow-up,Email,-10
ENG004224,C001122,859,Dorothy Hawkins,2026-05-06,campaign_open,Retention Pulse,Email,8
ENG004225,C001122,859,Dorothy Hawkins,2026-05-07,campaign_click,Retention Pulse,Email,12
ENG004226,C001122,859,Dorothy Hawkins,2026-05-08,account_page_view,Service Recovery,Portal,22
ENG004227,C001122,859,Dorothy Hawkins,2026-05-09,unsubscribe_risk,Escalation Follow-up,Email,-10
ENG004228,C001123,11584,Jeffrey Wilcox,2026-05-06,campaign_open,Retention Pulse,Email,8
ENG004229,C001123,11584,Jeffrey Wilcox,2026-05-07,campaign_click,Retention Pulse,Email,12
ENG004230,C001123,11584,Jeffrey Wilcox,2026-05-08,promo_response,Reactivation,Email,18
ENG004231,C001124,5403,Mary Smith,2026-05-06,campaign_open,Retention Pulse,Email,8
ENG004232,C001124,5403,Mary Smith,2026-05-07,campaign_click,Retention Pulse,Email,12
ENG004233,C001124,5403,Mary Smith,2026-05-08,promo_response,Reactivation,Email,18
ENG004234,C001125,4815,Jerry Smith,2026-05-06,campaign_open,Retention Pulse,Email,8
ENG004235,C001125,4815,Jerry Smith,2026-05-07,campaign_click,Retention Pulse,Email,12
ENG004236,C001125,4815,Jerry Smith,2026-05-08,account_page_view,Service Recovery,Portal,22
ENG004237,C001125,4815,Jerry Smith,2026-05-09,unsubscribe_risk,Escalation Follow-up,Email,-10
ENG004238,C001126,5594,Mary Davidson,2026-05-06,campaign_open,Retention Pulse,Email,8
ENG004239,C001126,5594,Mary Davidson,2026-05-07,campaign_click,Retention Pulse,Email,12
ENG004240,C001126,5594,Mary Davidson,2026-05-08,account_page_view,Service Recovery,Portal,22
ENG004241,C001126,5594,Mary Davidson,2026-05-09,unsubscribe_risk,Escalation Follow-up,Email,-10
ENG004242,C001127,8043,Mary Herrera,2026-05-06,campaign_open,Retention Pulse,Email,8
ENG004243,C001127,8043,Mary Herrera,2026-05-07,campaign_click,Retention Pulse,Email,12
ENG004244,C001127,8043,Mary Herrera,2026-05-08,promo_response,Reactivation,Email,18
ENG004245,C001128,3509,Mary Perry,2026-05-06,campaign_open,Retention Pulse,Email,8
ENG004246,C001128,3509,Mary Perry,2026-05-07,campaign_click,Retention Pulse,Email,12
ENG004247,C001128,3509,Mary Perry,2026-05-08,account_page_view,Service Recovery,Portal,22
ENG004248,C001128,3509,Mary Perry,2026-05-09,unsubscribe_risk,Escalation Follow-up,Email,-10
ENG004249,C001129,11765,Steven Smith,2026-05-06,campaign_open,Retention Pulse,Email,8
ENG004250,C001129,11765,Steven Smith,2026-05-07,campaign_click,Retention Pulse,Email,12
ENG004251,C001129,11765,Steven Smith,2026-05-08,account_page_view,Service Recovery,Portal,22
ENG004252,C001129,11765,Steven Smith,2026-05-09,unsubscribe_risk,Escalation Follow-up,Email,-10
ENG004253,C001130,5671,Jacqueline Lam,2026-05-06,campaign_open,Retention Pulse,Email,8
ENG004254,C001130,5671,Jacqueline Lam,2026-05-07,campaign_click,Retention Pulse,Email,12
ENG004255,C001130,5671,Jacqueline Lam,2026-05-08,account_page_view,Service Recovery,Portal,22
ENG004256,C001130,5671,Jacqueline Lam,2026-05-09,unsubscribe_risk,Escalation Follow-up,Email,-10
ENG004257,C001131,1558,Mary Smith,2026-05-06,campaign_open,Retention Pulse,Email,8
ENG004258,C001131,1558,Mary Smith,2026-05-07,campaign_click,Retention Pulse,Email,12
ENG004259,C001131,1558,Mary Smith,2026-05-08,promo_response,Reactivation,Email,18
ENG004260,C001132,4432,Kenneth Gillespie,2026-05-06,campaign_open,Retention Pulse,Email,8
ENG004261,C001132,4432,Kenneth Gillespie,2026-05-07,campaign_click,Retention Pulse,Email,12
ENG004262,C001132,4432,Kenneth Gillespie,2026-05-08,account_page_view,Service Recovery,Portal,22
ENG004263,C001132,4432,Kenneth Gillespie,2026-05-09,unsubscribe_risk,Escalation Follow-up,Email,-10
ENG004264,C001133,9162,Christina Carter,2026-05-06,campaign_open,Retention Pulse,Email,8
ENG004265,C001133,9162,Christina Carter,2026-05-07,campaign_click,Retention Pulse,Email,12
ENG004266,C001133,9162,Christina Carter,2026-05-08,account_page_view,Service Recovery,Portal,22
ENG004267,C001133,9162,Christina Carter,2026-05-09,unsubscribe_risk,Escalation Follow-up,Email,-10
ENG004268,C001134,5938,Donna Smith,2026-05-06,campaign_open,Retention Pulse,Email,8
ENG004269,C001134,5938,Donna Smith,2026-05-07,campaign_click,Retention Pulse,Email,12
ENG004270,C001134,5938,Donna Smith,2026-05-08,promo_response,Reactivation,Email,18
ENG004271,C001135,4005,Virginia Dyer,2026-05-06,campaign_open,Retention Pulse,Email,8
ENG004272,C001135,4005,Virginia Dyer,2026-05-07,campaign_click,Retention Pulse,Email,12
ENG004273,C001135,4005,Virginia Dyer,2026-05-08,promo_response,Reactivation,Email,18
ENG004274,C001136,9632,Mary Tate,2026-05-06,campaign_open,Retention Pulse,Email,8
ENG004275,C001136,9632,Mary Tate,2026-05-07,campaign_click,Retention Pulse,Email,12
ENG004276,C001136,9632,Mary Tate,2026-05-08,account_page_view,Service Recovery,Portal,22
ENG004277,C001136,9632,Mary Tate,2026-05-09,unsubscribe_risk,Escalation Follow-up,Email,-10
ENG004278,C001137,10514,Mary Page,2026-05-06,campaign_open,Retention Pulse,Email,8
ENG004279,C001137,10514,Mary Page,2026-05-07,campaign_click,Retention Pulse,Email,12
ENG004280,C001137,10514,Mary Page,2026-05-08,account_page_view,Service Recovery,Portal,22
ENG004281,C001137,10514,Mary Page,2026-05-09,unsubscribe_risk,Escalation Follow-up,Email,-10
ENG004282,C001138,2298,Elizabeth Smith,2026-05-06,campaign_open,Retention Pulse,Email,8
ENG004283,C001138,2298,Elizabeth Smith,2026-05-07,campaign_click,Retention Pulse,Email,12
ENG004284,C001138,2298,Elizabeth Smith,2026-05-08,account_page_view,Service Recovery,Portal,22
ENG004285,C001138,2298,Elizabeth Smith,2026-05-09,unsubscribe_risk,Escalation Follow-up,Email,-10
ENG004286,C001139,12132,Mary Larson,2026-05-06,campaign_open,Retention Pulse,Email,8
ENG004287,C001139,12132,Mary Larson,2026-05-07,campaign_click,Retention Pulse,Email,12
ENG004288,C001139,12132,Mary Larson,2026-05-08,account_page_view,Service Recovery,Portal,22
ENG004289,C001139,12132,Mary Larson,2026-05-09,unsubscribe_risk,Escalation Follow-up,Email,-10
ENG004290,C001140,9009,Mary Sanchez,2026-05-06,campaign_open,Retention Pulse,Email,8
ENG004291,C001140,9009,Mary Sanchez,2026-05-07,campaign_click,Retention Pulse,Email,12
ENG004292,C001140,9009,Mary Sanchez,2026-05-08,promo_response,Reactivation,Email,18
ENG004293,C001141,10160,Denise Potter,2026-05-06,campaign_open,Retention Pulse,Email,8
ENG004294,C001141,10160,Denise Potter,2026-05-07,campaign_click,Retention Pulse,Email,12
ENG004295,C001141,10160,Denise Potter,2026-05-08,promo_response,Reactivation,Email,18
ENG004296,C001142,11659,Steven Gonzalez,2026-05-06,campaign_open,Retention Pulse,Email,8
ENG004297,C001142,11659,Steven Gonzalez,2026-05-07,campaign_click,Retention Pulse,Email,12
ENG004298,C001142,11659,Steven Gonzalez,2026-05-08,promo_response,Reactivation,Email,18
ENG004299,C001143,10340,Nicholas Stevens,2026-05-06,campaign_open,Retention Pulse,Email,8
ENG004300,C001143,10340,Nicholas Stevens,2026-05-07,campaign_click,Retention Pulse,Email,12
ENG004301,C001143,10340,Nicholas Stevens,2026-05-08,promo_response,Reactivation,Email,18
ENG004302,C001144,2169,Betty Ayala,2026-05-06,campaign_open,Retention Pulse,Email,8
ENG004303,C001144,2169,Betty Ayala,2026-05-07,campaign_click,Retention Pulse,Email,12
ENG004304,C001144,2169,Betty Ayala,2026-05-08,account_page_view,Service Recovery,Portal,22
ENG004305,C001144,2169,Betty Ayala,2026-05-09,unsubscribe_risk,Escalation Follow-up,Email,-10
ENG004306,C001145,9639,Mary Smith,2026-05-06,campaign_open,Retention Pulse,Email,8
ENG004307,C001145,9639,Mary Smith,2026-05-07,campaign_click,Retention Pulse,Email,12
ENG004308,C001145,9639,Mary Smith,2026-05-08,account_page_view,Service Recovery,Portal,22
ENG004309,C001145,9639,Mary Smith,2026-05-09,unsubscribe_risk,Escalation Follow-up,Email,-10
ENG004310,C001146,6992,Christopher Thompson,2026-05-06,campaign_open,Retention Pulse,Email,8
ENG004311,C001146,6992,Christopher Thompson,2026-05-07,campaign_click,Retention Pulse,Email,12
ENG004312,C001146,6992,Christopher Thompson,2026-05-08,promo_response,Reactivation,Email,18
ENG004313,C001147,5976,William Estrada,2026-05-06,campaign_open,Retention Pulse,Email,8
ENG004314,C001147,5976,William Estrada,2026-05-07,campaign_click,Retention Pulse,Email,12
ENG004315,C001147,5976,William Estrada,2026-05-08,promo_response,Reactivation,Email,18
ENG004316,C001148,247,Angela Smith,2026-05-06,campaign_open,Retention Pulse,Email,8
ENG004317,C001148,247,Angela Smith,2026-05-07,campaign_click,Retention Pulse,Email,12
ENG004318,C001148,247,Angela Smith,2026-05-08,promo_response,Reactivation,Email,18
ENG004319,C001149,956,Karen Smith,2026-05-06,campaign_open,Retention Pulse,Email,8
ENG004320,C001149,956,Karen Smith,2026-05-07,campaign_click,Retention Pulse,Email,12
ENG004321,C001149,956,Karen Smith,2026-05-08,account_page_view,Service Recovery,Portal,22
ENG004322,C001149,956,Karen Smith,2026-05-09,unsubscribe_risk,Escalation Follow-up,Email,-10
ENG004323,C001150,7975,Eugene Davila,2026-05-06,campaign_open,Retention Pulse,Email,8
ENG004324,C001150,7975,Eugene Davila,2026-05-07,campaign_click,Retention Pulse,Email,12
ENG004325,C001150,7975,Eugene Davila,2026-05-08,account_page_view,Service Recovery,Portal,22
ENG004326,C001150,7975,Eugene Davila,2026-05-09,unsubscribe_risk,Escalation Follow-up,Email,-10
ENG004327,C001151,1255,Richard Goodman,2026-05-06,campaign_open,Retention Pulse,Email,8
ENG004328,C001151,1255,Richard Goodman,2026-05-07,campaign_click,Retention Pulse,Email,12
ENG004329,C001151,1255,Richard Goodman,2026-05-08,account_page_view,Service Recovery,Portal,22
ENG004330,C001151,1255,Richard Goodman,2026-05-09,unsubscribe_risk,Escalation Follow-up,Email,-10
ENG004331,C001152,5388,David Ashley,2026-05-06,campaign_open,Retention Pulse,Email,8
ENG004332,C001152,5388,David Ashley,2026-05-07,campaign_click,Retention Pulse,Email,12
ENG004333,C001152,5388,David Ashley,2026-05-08,account_page_view,Service Recovery,Portal,22
ENG004334,C001152,5388,David Ashley,2026-05-09,unsubscribe_risk,Escalation Follow-up,Email,-10
ENG004335,C001153,5564,Mary Smith,2026-05-06,campaign_open,Retention Pulse,Email,8
ENG004336,C001153,5564,Mary Smith,2026-05-07,campaign_click,Retention Pulse,Email,12
ENG004337,C001153,5564,Mary Smith,2026-05-08,account_page_view,Service Recovery,Portal,22
ENG004338,C001153,5564,Mary Smith,2026-05-09,unsubscribe_risk,Escalation Follow-up,Email,-10
ENG004339,C001154,3926,Ann Allison,2026-05-06,campaign_open,Retention Pulse,Email,8
ENG004340,C001154,3926,Ann Allison,2026-05-07,campaign_click,Retention Pulse,Email,12
ENG004341,C001154,3926,Ann Allison,2026-05-08,account_page_view,Service Recovery,Portal,22
ENG004342,C001154,3926,Ann Allison,2026-05-09,unsubscribe_risk,Escalation Follow-up,Email,-10
ENG004343,C001155,8808,Kenneth Smith,2026-05-06,campaign_open,Retention Pulse,Email,8
ENG004344,C001155,8808,Kenneth Smith,2026-05-07,campaign_click,Retention Pulse,Email,12
ENG004345,C001155,8808,Kenneth Smith,2026-05-08,account_page_view,Service Recovery,Portal,22
ENG004346,C001155,8808,Kenneth Smith,2026-05-09,unsubscribe_risk,Escalation Follow-up,Email,-10
ENG004347,C001156,1058,Martha Smith,2026-05-06,campaign_open,Retention Pulse,Email,8
ENG004348,C001156,1058,Martha Smith,2026-05-07,campaign_click,Retention Pulse,Email,12
ENG004349,C001156,1058,Martha Smith,2026-05-08,account_page_view,Service Recovery,Portal,22
ENG004350,C001156,1058,Martha Smith,2026-05-09,unsubscribe_risk,Escalation Follow-up,Email,-10
ENG004351,C001157,436,Mary Smith,2026-05-06,campaign_open,Retention Pulse,Email,8
ENG004352,C001157,436,Mary Smith,2026-05-07,campaign_click,Retention Pulse,Email,12
ENG004353,C001157,436,Mary Smith,2026-05-08,account_page_view,Service Recovery,Portal,22
ENG004354,C001157,436,Mary Smith,2026-05-09,unsubscribe_risk,Escalation Follow-up,Email,-10
ENG004355,C001158,5165,Mary Smith,2026-05-06,campaign_open,Retention Pulse,Email,8
ENG004356,C001158,5165,Mary Smith,2026-05-07,campaign_click,Retention Pulse,Email,12
ENG004357,C001158,5165,Mary Smith,2026-05-08,promo_response,Reactivation,Email,18
ENG004358,C001159,10796,Debra Hardy,2026-05-06,campaign_open,Retention Pulse,Email,8
ENG004359,C001159,10796,Debra Hardy,2026-05-07,campaign_click,Retention Pulse,Email,12
ENG004360,C001159,10796,Debra Hardy,2026-05-08,account_page_view,Service Recovery,Portal,22
ENG004361,C001159,10796,Debra Hardy,2026-05-09,unsubscribe_risk,Escalation Follow-up,Email,-10
ENG004362,C001160,5775,Joyce Garcia,2026-05-06,campaign_open,Retention Pulse,Email,8
ENG004363,C001160,5775,Joyce Garcia,2026-05-07,campaign_click,Retention Pulse,Email,12
ENG004364,C001160,5775,Joyce Garcia,2026-05-08,account_page_view,Service Recovery,Portal,22
ENG004365,C001160,5775,Joyce Garcia,2026-05-09,unsubscribe_risk,Escalation Follow-up,Email,-10
ENG004366,C001161,4025,Janet Schmidt,2026-05-06,campaign_open,Retention Pulse,Email,8
ENG004367,C001161,4025,Janet Schmidt,2026-05-07,campaign_click,Retention Pulse,Email,12
ENG004368,C001161,4025,Janet Schmidt,2026-05-08,account_page_view,Service Recovery,Portal,22
ENG004369,C001161,4025,Janet Schmidt,2026-05-09,unsubscribe_risk,Escalation Follow-up,Email,-10
ENG004370,C001162,6109,Zachary Tate,2026-05-06,campaign_open,Retention Pulse,Email,8
ENG004371,C001162,6109,Zachary Tate,2026-05-07,campaign_click,Retention Pulse,Email,12
ENG004372,C001162,6109,Zachary Tate,2026-05-08,account_page_view,Service Recovery,Portal,22
ENG004373,C001162,6109,Zachary Tate,2026-05-09,unsubscribe_risk,Escalation Follow-up,Email,-10
ENG004374,C001163,9554,Mary Hayes,2026-05-06,campaign_open,Retention Pulse,Email,8
ENG004375,C001163,9554,Mary Hayes,2026-05-07,campaign_click,Retention Pulse,Email,12
ENG004376,C001163,9554,Mary Hayes,2026-05-08,account_page_view,Service Recovery,Portal,22
ENG004377,C001163,9554,Mary Hayes,2026-05-09,unsubscribe_risk,Escalation Follow-up,Email,-10
ENG004378,C001164,4470,Mary Smith,2026-05-06,campaign_open,Retention Pulse,Email,8
ENG004379,C001164,4470,Mary Smith,2026-05-07,campaign_click,Retention Pulse,Email,12
ENG004380,C001164,4470,Mary Smith,2026-05-08,promo_response,Reactivation,Email,18
ENG004381,C001165,5147,Mary Hurst,2026-05-06,campaign_open,Retention Pulse,Email,8
ENG004382,C001165,5147,Mary Hurst,2026-05-07,campaign_click,Retention Pulse,Email,12
ENG004383,C001165,5147,Mary Hurst,2026-05-08,account_page_view,Service Recovery,Portal,22
ENG004384,C001165,5147,Mary Hurst,2026-05-09,unsubscribe_risk,Escalation Follow-up,Email,-10
ENG004385,C001166,10552,Mary Finley,2026-05-06,campaign_open,Retention Pulse,Email,8
ENG004386,C001166,10552,Mary Finley,2026-05-07,campaign_click,Retention Pulse,Email,12
ENG004387,C001166,10552,Mary Finley,2026-05-08,account_page_view,Service Recovery,Portal,22
ENG004388,C001166,10552,Mary Finley,2026-05-09,unsubscribe_risk,Escalation Follow-up,Email,-10
ENG004389,C001167,6854,Mary Wade,2026-05-06,campaign_open,Retention Pulse,Email,8
ENG004390,C001167,6854,Mary Wade,2026-05-07,campaign_click,Retention Pulse,Email,12
ENG004391,C001167,6854,Mary Wade,2026-05-08,account_page_view,Service Recovery,Portal,22
ENG004392,C001167,6854,Mary Wade,2026-05-09,unsubscribe_risk,Escalation Follow-up,Email,-10
ENG004393,C001168,11512,Mary Randall,2026-05-06,campaign_open,Retention Pulse,Email,8
ENG004394,C001168,11512,Mary Randall,2026-05-07,campaign_click,Retention Pulse,Email,12
ENG004395,C001168,11512,Mary Randall,2026-05-08,account_page_view,Service Recovery,Portal,22
ENG004396,C001168,11512,Mary Randall,2026-05-09,unsubscribe_risk,Escalation Follow-up,Email,-10
ENG004397,C001169,1843,Frank Garcia,2026-05-06,campaign_open,Retention Pulse,Email,8
ENG004398,C001169,1843,Frank Garcia,2026-05-07,campaign_click,Retention Pulse,Email,12
ENG004399,C001169,1843,Frank Garcia,2026-05-08,account_page_view,Service Recovery,Portal,22
ENG004400,C001169,1843,Frank Garcia,2026-05-09,unsubscribe_risk,Escalation Follow-up,Email,-10
ENG004401,C001170,7910,Mary Camacho,2026-05-06,campaign_open,Retention Pulse,Email,8
ENG004402,C001170,7910,Mary Camacho,2026-05-07,campaign_click,Retention Pulse,Email,12
ENG004403,C001170,7910,Mary Camacho,2026-05-08,account_page_view,Service Recovery,Portal,22
ENG004404,C001170,7910,Mary Camacho,2026-05-09,unsubscribe_risk,Escalation Follow-up,Email,-10
ENG004405,C001171,7716,David Middleton,2026-05-06,campaign_open,Retention Pulse,Email,8
ENG004406,C001171,7716,David Middleton,2026-05-07,campaign_click,Retention Pulse,Email,12
ENG004407,C001171,7716,David Middleton,2026-05-08,account_page_view,Service Recovery,Portal,22
ENG004408,C001171,7716,David Middleton,2026-05-09,unsubscribe_risk,Escalation Follow-up,Email,-10
ENG004409,C001172,7593,Roger Bowman,2026-05-06,campaign_open,Retention Pulse,Email,8
ENG004410,C001172,7593,Roger Bowman,2026-05-07,campaign_click,Retention Pulse,Email,12
ENG004411,C001172,7593,Roger Bowman,2026-05-08,account_page_view,Service Recovery,Portal,22
ENG004412,C001172,7593,Roger Bowman,2026-05-09,unsubscribe_risk,Escalation Follow-up,Email,-10
ENG004413,C001173,11285,Christian Smith,2026-05-06,campaign_open,Retention Pulse,Email,8
ENG004414,C001173,11285,Christian Smith,2026-05-07,campaign_click,Retention Pulse,Email,12
ENG004415,C001173,11285,Christian Smith,2026-05-08,promo_response,Reactivation,Email,18
ENG004416,C001174,10685,Amy Walker,2026-05-06,campaign_open,Retention Pulse,Email,8
ENG004417,C001174,10685,Amy Walker,2026-05-07,campaign_click,Retention Pulse,Email,12
ENG004418,C001174,10685,Amy Walker,2026-05-08,account_page_view,Service Recovery,Portal,22
ENG004419,C001174,10685,Amy Walker,2026-05-09,unsubscribe_risk,Escalation Follow-up,Email,-10
ENG004420,C001175,7511,Mary Park,2026-05-06,campaign_open,Retention Pulse,Email,8
ENG004421,C001175,7511,Mary Park,2026-05-07,campaign_click,Retention Pulse,Email,12
ENG004422,C001175,7511,Mary Park,2026-05-08,account_page_view,Service Recovery,Portal,22
ENG004423,C001175,7511,Mary Park,2026-05-09,unsubscribe_risk,Escalation Follow-up,Email,-10
ENG004424,C001176,11767,Joshua Huynh,2026-05-06,campaign_open,Retention Pulse,Email,8
ENG004425,C001176,11767,Joshua Huynh,2026-05-07,campaign_click,Retention Pulse,Email,12
ENG004426,C001176,11767,Joshua Huynh,2026-05-08,account_page_view,Service Recovery,Portal,22
ENG004427,C001176,11767,Joshua Huynh,2026-05-09,unsubscribe_risk,Escalation Follow-up,Email,-10
ENG004428,C001177,599,Doris Smith,2026-05-06,campaign_open,Retention Pulse,Email,8
ENG004429,C001177,599,Doris Smith,2026-05-07,campaign_click,Retention Pulse,Email,12
ENG004430,C001177,599,Doris Smith,2026-05-08,promo_response,Reactivation,Email,18
ENG004431,C001178,1448,Mary Murray,2026-05-06,campaign_open,Retention Pulse,Email,8
ENG004432,C001178,1448,Mary Murray,2026-05-07,campaign_click,Retention Pulse,Email,12
ENG004433,C001178,1448,Mary Murray,2026-05-08,promo_response,Reactivation,Email,18
ENG004434,C001179,10172,Mary Pugh,2026-05-06,campaign_open,Retention Pulse,Email,8
ENG004435,C001179,10172,Mary Pugh,2026-05-07,campaign_click,Retention Pulse,Email,12
ENG004436,C001179,10172,Mary Pugh,2026-05-08,account_page_view,Service Recovery,Portal,22
ENG004437,C001179,10172,Mary Pugh,2026-05-09,unsubscribe_risk,Escalation Follow-up,Email,-10
ENG004438,C001180,1871,Mary Mcknight,2026-05-06,campaign_open,Retention Pulse,Email,8
ENG004439,C001180,1871,Mary Mcknight,2026-05-07,campaign_click,Retention Pulse,Email,12
ENG004440,C001180,1871,Mary Mcknight,2026-05-08,promo_response,Reactivation,Email,18
ENG004441,C001181,1847,Mary Smith,2026-05-06,campaign_open,Retention Pulse,Email,8
ENG004442,C001181,1847,Mary Smith,2026-05-07,campaign_click,Retention Pulse,Email,12
ENG004443,C001181,1847,Mary Smith,2026-05-08,account_page_view,Service Recovery,Portal,22
ENG004444,C001181,1847,Mary Smith,2026-05-09,unsubscribe_risk,Escalation Follow-up,Email,-10
ENG004445,C001182,11689,Samantha Parker,2026-05-06,campaign_open,Retention Pulse,Email,8
ENG004446,C001182,11689,Samantha Parker,2026-05-07,campaign_click,Retention Pulse,Email,12
ENG004447,C001182,11689,Samantha Parker,2026-05-08,account_page_view,Service Recovery,Portal,22
ENG004448,C001182,11689,Samantha Parker,2026-05-09,unsubscribe_risk,Escalation Follow-up,Email,-10
ENG004449,C001183,6025,Mary Smith,2026-05-06,campaign_open,Retention Pulse,Email,8
ENG004450,C001183,6025,Mary Smith,2026-05-07,campaign_click,Retention Pulse,Email,12
ENG004451,C001183,6025,Mary Smith,2026-05-08,account_page_view,Service Recovery,Portal,22
ENG004452,C001183,6025,Mary Smith,2026-05-09,unsubscribe_risk,Escalation Follow-up,Email,-10
ENG004453,C001184,4579,William Zimmerman,2026-05-06,campaign_open,Retention Pulse,Email,8
ENG004454,C001184,4579,William Zimmerman,2026-05-07,campaign_click,Retention Pulse,Email,12
ENG004455,C001184,4579,William Zimmerman,2026-05-08,account_page_view,Service Recovery,Portal,22
ENG004456,C001184,4579,William Zimmerman,2026-05-09,unsubscribe_risk,Escalation Follow-up,Email,-10
ENG004457,C001185,2403,Christopher Hall,2026-05-06,campaign_open,Retention Pulse,Email,8
ENG004458,C001185,2403,Christopher Hall,2026-05-07,campaign_click,Retention Pulse,Email,12
ENG004459,C001185,2403,Christopher Hall,2026-05-08,account_page_view,Service Recovery,Portal,22
ENG004460,C001185,2403,Christopher Hall,2026-05-09,unsubscribe_risk,Escalation Follow-up,Email,-10
ENG004461,C001186,7949,Mary Barrera,2026-05-06,campaign_open,Retention Pulse,Email,8
ENG004462,C001186,7949,Mary Barrera,2026-05-07,campaign_click,Retention Pulse,Email,12
ENG004463,C001186,7949,Mary Barrera,2026-05-08,account_page_view,Service Recovery,Portal,22
ENG004464,C001186,7949,Mary Barrera,2026-05-09,unsubscribe_risk,Escalation Follow-up,Email,-10
ENG004465,C001187,3127,Jessica Smith,2026-05-06,campaign_open,Retention Pulse,Email,8
ENG004466,C001187,3127,Jessica Smith,2026-05-07,campaign_click,Retention Pulse,Email,12
ENG004467,C001187,3127,Jessica Smith,2026-05-08,promo_response,Reactivation,Email,18
ENG004468,C001188,11116,Mary Wu,2026-05-06,campaign_open,Retention Pulse,Email,8
ENG004469,C001188,11116,Mary Wu,2026-05-07,campaign_click,Retention Pulse,Email,12
ENG004470,C001188,11116,Mary Wu,2026-05-08,account_page_view,Service Recovery,Portal,22
ENG004471,C001188,11116,Mary Wu,2026-05-09,unsubscribe_risk,Escalation Follow-up,Email,-10
ENG004472,C001189,8488,Teresa Allen,2026-05-06,campaign_open,Retention Pulse,Email,8
ENG004473,C001189,8488,Teresa Allen,2026-05-07,campaign_click,Retention Pulse,Email,12
ENG004474,C001189,8488,Teresa Allen,2026-05-08,account_page_view,Service Recovery,Portal,22
ENG004475,C001189,8488,Teresa Allen,2026-05-09,unsubscribe_risk,Escalation Follow-up,Email,-10
ENG004476,C001190,329,Samantha Higgins,2026-05-06,campaign_open,Retention Pulse,Email,8
ENG004477,C001190,329,Samantha Higgins,2026-05-07,campaign_click,Retention Pulse,Email,12
ENG004478,C001190,329,Samantha Higgins,2026-05-08,account_page_view,Service Recovery,Portal,22
ENG004479,C001190,329,Samantha Higgins,2026-05-09,unsubscribe_risk,Escalation Follow-up,Email,-10
ENG004480,C001191,2256,Mary Smith,2026-05-06,campaign_open,Retention Pulse,Email,8
ENG004481,C001191,2256,Mary Smith,2026-05-07,campaign_click,Retention Pulse,Email,12
ENG004482,C001191,2256,Mary Smith,2026-05-08,promo_response,Reactivation,Email,18
ENG004483,C001192,6521,Mary Hanson,2026-05-06,campaign_open,Retention Pulse,Email,8
ENG004484,C001192,6521,Mary Hanson,2026-05-07,campaign_click,Retention Pulse,Email,12
ENG004485,C001192,6521,Mary Hanson,2026-05-08,promo_response,Reactivation,Email,18
ENG004486,C001193,10766,Rose Roman,2026-05-06,campaign_open,Retention Pulse,Email,8
ENG004487,C001193,10766,Rose Roman,2026-05-07,campaign_click,Retention Pulse,Email,12
ENG004488,C001193,10766,Rose Roman,2026-05-08,account_page_view,Service Recovery,Portal,22
ENG004489,C001193,10766,Rose Roman,2026-05-09,unsubscribe_risk,Escalation Follow-up,Email,-10
ENG004490,C001194,2446,Paul Hamilton,2026-05-06,campaign_open,Retention Pulse,Email,8
ENG004491,C001194,2446,Paul Hamilton,2026-05-07,campaign_click,Retention Pulse,Email,12
ENG004492,C001194,2446,Paul Hamilton,2026-05-08,promo_response,Reactivation,Email,18
ENG004493,C001195,8892,Russell Dennis,2026-05-06,campaign_open,Retention Pulse,Email,8
ENG004494,C001195,8892,Russell Dennis,2026-05-07,campaign_click,Retention Pulse,Email,12
ENG004495,C001195,8892,Russell Dennis,2026-05-08,account_page_view,Service Recovery,Portal,22
ENG004496,C001195,8892,Russell Dennis,2026-05-09,unsubscribe_risk,Escalation Follow-up,Email,-10
ENG004497,C001196,2627,Mary King,2026-05-06,campaign_open,Retention Pulse,Email,8
ENG004498,C001196,2627,Mary King,2026-05-07,campaign_click,Retention Pulse,Email,12
ENG004499,C001196,2627,Mary King,2026-05-08,promo_response,Reactivation,Email,18
ENG004500,C001197,6883,Mary Smith,2026-05-06,campaign_open,Retention Pulse,Email,8
ENG004501,C001197,6883,Mary Smith,2026-05-07,campaign_click,Retention Pulse,Email,12
ENG004502,C001197,6883,Mary Smith,2026-05-08,account_page_view,Service Recovery,Portal,22
ENG004503,C001197,6883,Mary Smith,2026-05-09,unsubscribe_risk,Escalation Follow-up,Email,-10
ENG004504,C001198,8376,Catherine Moreno,2026-05-06,campaign_open,Retention Pulse,Email,8
ENG004505,C001198,8376,Catherine Moreno,2026-05-07,campaign_click,Retention Pulse,Email,12
ENG004506,C001198,8376,Catherine Moreno,2026-05-08,promo_response,Reactivation,Email,18
ENG004507,C001199,10308,Mary Smith,2026-05-06,campaign_open,Retention Pulse,Email,8
ENG004508,C001199,10308,Mary Smith,2026-05-07,campaign_click,Retention Pulse,Email,12
ENG004509,C001199,10308,Mary Smith,2026-05-08,account_page_view,Service Recovery,Portal,22
ENG004510,C001199,10308,Mary Smith,2026-05-09,unsubscribe_risk,Escalation Follow-up,Email,-10
ENG004511,C001200,8432,William Ellis,2026-05-06,campaign_open,Retention Pulse,Email,8
ENG004512,C001200,8432,William Ellis,2026-05-07,campaign_click,Retention Pulse,Email,12
ENG004513,C001200,8432,William Ellis,2026-05-08,promo_response,Reactivation,Email,18
ENG004514,C001201,8529,Mary Watts,2026-05-06,campaign_open,Retention Pulse,Email,8
ENG004515,C001201,8529,Mary Watts,2026-05-07,campaign_click,Retention Pulse,Email,12
ENG004516,C001201,8529,Mary Watts,2026-05-08,account_page_view,Service Recovery,Portal,22
ENG004517,C001201,8529,Mary Watts,2026-05-09,unsubscribe_risk,Escalation Follow-up,Email,-10
ENG004518,C001202,2114,Timothy Vega,2026-05-06,campaign_open,Retention Pulse,Email,8
ENG004519,C001202,2114,Timothy Vega,2026-05-07,campaign_click,Retention Pulse,Email,12
ENG004520,C001202,2114,Timothy Vega,2026-05-08,promo_response,Reactivation,Email,18
ENG004521,C001203,5158,Ashley Smith,2026-05-06,campaign_open,Retention Pulse,Email,8
ENG004522,C001203,5158,Ashley Smith,2026-05-07,campaign_click,Retention Pulse,Email,12
ENG004523,C001203,5158,Ashley Smith,2026-05-08,promo_response,Reactivation,Email,18
ENG004524,C001204,5125,Mary Miller,2026-05-06,campaign_open,Retention Pulse,Email,8
ENG004525,C001204,5125,Mary Miller,2026-05-07,campaign_click,Retention Pulse,Email,12
ENG004526,C001204,5125,Mary Miller,2026-05-08,account_page_view,Service Recovery,Portal,22
ENG004527,C001204,5125,Mary Miller,2026-05-09,unsubscribe_risk,Escalation Follow-up,Email,-10
ENG004528,C001205,5989,Kathleen Becker,2026-05-06,campaign_open,Retention Pulse,Email,8
ENG004529,C001205,5989,Kathleen Becker,2026-05-07,campaign_click,Retention Pulse,Email,12
ENG004530,C001205,5989,Kathleen Becker,2026-05-08,account_page_view,Service Recovery,Portal,22
ENG004531,C001205,5989,Kathleen Becker,2026-05-09,unsubscribe_risk,Escalation Follow-up,Email,-10
ENG004532,C001206,10905,Lisa Warner,2026-05-06,campaign_open,Retention Pulse,Email,8
ENG004533,C001206,10905,Lisa Warner,2026-05-07,campaign_click,Retention Pulse,Email,12
ENG004534,C001206,10905,Lisa Warner,2026-05-08,account_page_view,Service Recovery,Portal,22
ENG004535,C001206,10905,Lisa Warner,2026-05-09,unsubscribe_risk,Escalation Follow-up,Email,-10
ENG004536,C001207,11362,Michael Harmon,2026-05-06,campaign_open,Retention Pulse,Email,8
ENG004537,C001207,11362,Michael Harmon,2026-05-07,campaign_click,Retention Pulse,Email,12
ENG004538,C001207,11362,Michael Harmon,2026-05-08,account_page_view,Service Recovery,Portal,22
ENG004539,C001207,11362,Michael Harmon,2026-05-09,unsubscribe_risk,Escalation Follow-up,Email,-10
ENG004540,C001208,6356,Mary Smith,2026-05-06,campaign_open,Retention Pulse,Email,8
ENG004541,C001208,6356,Mary Smith,2026-05-07,campaign_click,Retention Pulse,Email,12
ENG004542,C001208,6356,Mary Smith,2026-05-08,account_page_view,Service Recovery,Portal,22
ENG004543,C001208,6356,Mary Smith,2026-05-09,unsubscribe_risk,Escalation Follow-up,Email,-10
ENG004544,C001209,10899,William Soto,2026-05-06,campaign_open,Retention Pulse,Email,8
ENG004545,C001209,10899,William Soto,2026-05-07,campaign_click,Retention Pulse,Email,12
ENG004546,C001209,10899,William Soto,2026-05-08,account_page_view,Service Recovery,Portal,22
ENG004547,C001209,10899,William Soto,2026-05-09,unsubscribe_risk,Escalation Follow-up,Email,-10
ENG004548,C001210,2111,Joan Smith,2026-05-06,campaign_open,Retention Pulse,Email,8
ENG004549,C001210,2111,Joan Smith,2026-05-07,campaign_click,Retention Pulse,Email,12
ENG004550,C001210,2111,Joan Smith,2026-05-08,account_page_view,Service Recovery,Portal,22
ENG004551,C001210,2111,Joan Smith,2026-05-09,unsubscribe_risk,Escalation Follow-up,Email,-10
ENG004552,C001211,3713,Helen Smith,2026-05-06,campaign_open,Retention Pulse,Email,8
ENG004553,C001211,3713,Helen Smith,2026-05-07,campaign_click,Retention Pulse,Email,12
ENG004554,C001211,3713,Helen Smith,2026-05-08,promo_response,Reactivation,Email,18
ENG004555,C001212,2759,Carolyn Ritter,2026-05-06,campaign_open,Retention Pulse,Email,8
ENG004556,C001212,2759,Carolyn Ritter,2026-05-07,campaign_click,Retention Pulse,Email,12
ENG004557,C001212,2759,Carolyn Ritter,2026-05-08,account_page_view,Service Recovery,Portal,22
ENG004558,C001212,2759,Carolyn Ritter,2026-05-09,unsubscribe_risk,Escalation Follow-up,Email,-10
ENG004559,C001213,1567,Danielle Smith,2026-05-06,campaign_open,Retention Pulse,Email,8
ENG004560,C001213,1567,Danielle Smith,2026-05-07,campaign_click,Retention Pulse,Email,12
ENG004561,C001213,1567,Danielle Smith,2026-05-08,account_page_view,Service Recovery,Portal,22
ENG004562,C001213,1567,Danielle Smith,2026-05-09,unsubscribe_risk,Escalation Follow-up,Email,-10
ENG004563,C001214,5941,Douglas Smith,2026-05-06,campaign_open,Retention Pulse,Email,8
ENG004564,C001214,5941,Douglas Smith,2026-05-07,campaign_click,Retention Pulse,Email,12
ENG004565,C001214,5941,Douglas Smith,2026-05-08,promo_response,Reactivation,Email,18
ENG004566,C001215,6942,Jordan Moran,2026-05-06,campaign_open,Retention Pulse,Email,8
ENG004567,C001215,6942,Jordan Moran,2026-05-07,campaign_click,Retention Pulse,Email,12
ENG004568,C001215,6942,Jordan Moran,2026-05-08,account_page_view,Service Recovery,Portal,22
ENG004569,C001215,6942,Jordan Moran,2026-05-09,unsubscribe_risk,Escalation Follow-up,Email,-10
ENG004570,C001216,8919,Mary Conner,2026-05-06,campaign_open,Retention Pulse,Email,8
ENG004571,C001216,8919,Mary Conner,2026-05-07,campaign_click,Retention Pulse,Email,12
ENG004572,C001216,8919,Mary Conner,2026-05-08,promo_response,Reactivation,Email,18
ENG004573,C001217,11816,Tammy Cannon,2026-05-06,campaign_open,Retention Pulse,Email,8
ENG004574,C001217,11816,Tammy Cannon,2026-05-07,campaign_click,Retention Pulse,Email,12
ENG004575,C001217,11816,Tammy Cannon,2026-05-08,account_page_view,Service Recovery,Portal,22
ENG004576,C001217,11816,Tammy Cannon,2026-05-09,unsubscribe_risk,Escalation Follow-up,Email,-10
ENG004577,C001218,5203,Mary Chandler,2026-05-06,campaign_open,Retention Pulse,Email,8
ENG004578,C001218,5203,Mary Chandler,2026-05-07,campaign_click,Retention Pulse,Email,12
ENG004579,C001218,5203,Mary Chandler,2026-05-08,promo_response,Reactivation,Email,18
ENG004580,C001219,10344,Mary Smith,2026-05-06,campaign_open,Retention Pulse,Email,8
ENG004581,C001219,10344,Mary Smith,2026-05-07,campaign_click,Retention Pulse,Email,12
ENG004582,C001219,10344,Mary Smith,2026-05-08,promo_response,Reactivation,Email,18
ENG004583,C001220,55,Janet Farley,2026-05-06,campaign_open,Retention Pulse,Email,8
ENG004584,C001220,55,Janet Farley,2026-05-07,campaign_click,Retention Pulse,Email,12
ENG004585,C001220,55,Janet Farley,2026-05-08,account_page_view,Service Recovery,Portal,22
ENG004586,C001220,55,Janet Farley,2026-05-09,unsubscribe_risk,Escalation Follow-up,Email,-10
ENG004587,C001221,2156,Mary Smith,2026-05-06,campaign_open,Retention Pulse,Email,8
ENG004588,C001221,2156,Mary Smith,2026-05-07,campaign_click,Retention Pulse,Email,12
ENG004589,C001221,2156,Mary Smith,2026-05-08,account_page_view,Service Recovery,Portal,22
ENG004590,C001221,2156,Mary Smith,2026-05-09,unsubscribe_risk,Escalation Follow-up,Email,-10
ENG004591,C001222,531,Paul Burns,2026-05-06,campaign_open,Retention Pulse,Email,8
ENG004592,C001222,531,Paul Burns,2026-05-07,campaign_click,Retention Pulse,Email,12
ENG004593,C001222,531,Paul Burns,2026-05-08,promo_response,Reactivation,Email,18
ENG004594,C001223,11772,Mary Smith,2026-05-06,campaign_open,Retention Pulse,Email,8
ENG004595,C001223,11772,Mary Smith,2026-05-07,campaign_click,Retention Pulse,Email,12
ENG004596,C001223,11772,Mary Smith,2026-05-08,promo_response,Reactivation,Email,18
ENG004597,C001224,8715,Mary Adams,2026-05-06,campaign_open,Retention Pulse,Email,8
ENG004598,C001224,8715,Mary Adams,2026-05-07,campaign_click,Retention Pulse,Email,12
ENG004599,C001224,8715,Mary Adams,2026-05-08,promo_response,Reactivation,Email,18
ENG004600,C001225,308,Alan Berger,2026-05-06,campaign_open,Retention Pulse,Email,8
ENG004601,C001225,308,Alan Berger,2026-05-07,campaign_click,Retention Pulse,Email,12
ENG004602,C001225,308,Alan Berger,2026-05-08,promo_response,Reactivation,Email,18
ENG004603,C001226,12101,Samantha Smith,2026-05-06,campaign_open,Retention Pulse,Email,8
ENG004604,C001226,12101,Samantha Smith,2026-05-07,campaign_click,Retention Pulse,Email,12
ENG004605,C001226,12101,Samantha Smith,2026-05-08,account_page_view,Service Recovery,Portal,22
ENG004606,C001226,12101,Samantha Smith,2026-05-09,unsubscribe_risk,Escalation Follow-up,Email,-10
ENG004607,C001227,1812,Mary Smith,2026-05-06,campaign_open,Retention Pulse,Email,8
ENG004608,C001227,1812,Mary Smith,2026-05-07,campaign_click,Retention Pulse,Email,12
ENG004609,C001227,1812,Mary Smith,2026-05-08,account_page_view,Service Recovery,Portal,22
ENG004610,C001227,1812,Mary Smith,2026-05-09,unsubscribe_risk,Escalation Follow-up,Email,-10
ENG004611,C001228,2618,Nicole Jones,2026-05-06,campaign_open,Retention Pulse,Email,8
ENG004612,C001228,2618,Nicole Jones,2026-05-07,campaign_click,Retention Pulse,Email,12
ENG004613,C001228,2618,Nicole Jones,2026-05-08,account_page_view,Service Recovery,Portal,22
ENG004614,C001228,2618,Nicole Jones,2026-05-09,unsubscribe_risk,Escalation Follow-up,Email,-10
ENG004615,C001229,4462,Mary Dillon,2026-05-06,campaign_open,Retention Pulse,Email,8
ENG004616,C001229,4462,Mary Dillon,2026-05-07,campaign_click,Retention Pulse,Email,12
ENG004617,C001229,4462,Mary Dillon,2026-05-08,account_page_view,Service Recovery,Portal,22
ENG004618,C001229,4462,Mary Dillon,2026-05-09,unsubscribe_risk,Escalation Follow-up,Email,-10
ENG004619,C001230,11862,Mary Smith,2026-05-06,campaign_open,Retention Pulse,Email,8
ENG004620,C001230,11862,Mary Smith,2026-05-07,campaign_click,Retention Pulse,Email,12
ENG004621,C001230,11862,Mary Smith,2026-05-08,account_page_view,Service Recovery,Portal,22
ENG004622,C001230,11862,Mary Smith,2026-05-09,unsubscribe_risk,Escalation Follow-up,Email,-10
ENG004623,C001231,715,Mary Smith,2026-05-06,campaign_open,Retention Pulse,Email,8
ENG004624,C001231,715,Mary Smith,2026-05-07,campaign_click,Retention Pulse,Email,12
ENG004625,C001231,715,Mary Smith,2026-05-08,promo_response,Reactivation,Email,18
ENG004626,C001232,9924,Christine Smith,2026-05-06,campaign_open,Retention Pulse,Email,8
ENG004627,C001232,9924,Christine Smith,2026-05-07,campaign_click,Retention Pulse,Email,12
ENG004628,C001232,9924,Christine Smith,2026-05-08,account_page_view,Service Recovery,Portal,22
ENG004629,C001232,9924,Christine Smith,2026-05-09,unsubscribe_risk,Escalation Follow-up,Email,-10
ENG004630,C001233,10631,Frances Smith,2026-05-06,campaign_open,Retention Pulse,Email,8
ENG004631,C001233,10631,Frances Smith,2026-05-07,campaign_click,Retention Pulse,Email,12
ENG004632,C001233,10631,Frances Smith,2026-05-08,account_page_view,Service Recovery,Portal,22
ENG004633,C001233,10631,Frances Smith,2026-05-09,unsubscribe_risk,Escalation Follow-up,Email,-10
ENG004634,C001234,9823,Mary Camacho,2026-05-06,campaign_open,Retention Pulse,Email,8
ENG004635,C001234,9823,Mary Camacho,2026-05-07,campaign_click,Retention Pulse,Email,12
ENG004636,C001234,9823,Mary Camacho,2026-05-08,account_page_view,Service Recovery,Portal,22
ENG004637,C001234,9823,Mary Camacho,2026-05-09,unsubscribe_risk,Escalation Follow-up,Email,-10
ENG004638,C001235,11163,Jane Price,2026-05-06,campaign_open,Retention Pulse,Email,8
ENG004639,C001235,11163,Jane Price,2026-05-07,campaign_click,Retention Pulse,Email,12
ENG004640,C001235,11163,Jane Price,2026-05-08,promo_response,Reactivation,Email,18
ENG004641,C001236,4495,Mary White,2026-05-06,campaign_open,Retention Pulse,Email,8
ENG004642,C001236,4495,Mary White,2026-05-07,campaign_click,Retention Pulse,Email,12
ENG004643,C001236,4495,Mary White,2026-05-08,account_page_view,Service Recovery,Portal,22
ENG004644,C001236,4495,Mary White,2026-05-09,unsubscribe_risk,Escalation Follow-up,Email,-10
ENG004645,C001237,1848,Mary Brown,2026-05-06,campaign_open,Retention Pulse,Email,8
ENG004646,C001237,1848,Mary Brown,2026-05-07,campaign_click,Retention Pulse,Email,12
ENG004647,C001237,1848,Mary Brown,2026-05-08,account_page_view,Service Recovery,Portal,22
ENG004648,C001237,1848,Mary Brown,2026-05-09,unsubscribe_risk,Escalation Follow-up,Email,-10
ENG004649,C001238,12322,Mary Cain,2026-05-06,campaign_open,Retention Pulse,Email,8
ENG004650,C001238,12322,Mary Cain,2026-05-07,campaign_click,Retention Pulse,Email,12
ENG004651,C001238,12322,Mary Cain,2026-05-08,account_page_view,Service Recovery,Portal,22
ENG004652,C001238,12322,Mary Cain,2026-05-09,unsubscribe_risk,Escalation Follow-up,Email,-10
ENG004653,C001239,8612,Emma Smith,2026-05-06,campaign_open,Retention Pulse,Email,8
ENG004654,C001239,8612,Emma Smith,2026-05-07,campaign_click,Retention Pulse,Email,12
ENG004655,C001239,8612,Emma Smith,2026-05-08,account_page_view,Service Recovery,Portal,22
ENG004656,C001239,8612,Emma Smith,2026-05-09,unsubscribe_risk,Escalation Follow-up,Email,-10
ENG004657,C001240,8806,Amber Diaz,2026-05-06,campaign_open,Retention Pulse,Email,8
ENG004658,C001240,8806,Amber Diaz,2026-05-07,campaign_click,Retention Pulse,Email,12
ENG004659,C001240,8806,Amber Diaz,2026-05-08,promo_response,Reactivation,Email,18
ENG004660,C001241,1563,Carolyn Smith,2026-05-06,campaign_open,Retention Pulse,Email,8
ENG004661,C001241,1563,Carolyn Smith,2026-05-07,campaign_click,Retention Pulse,Email,12
ENG004662,C001241,1563,Carolyn Smith,2026-05-08,account_page_view,Service Recovery,Portal,22
ENG004663,C001241,1563,Carolyn Smith,2026-05-09,unsubscribe_risk,Escalation Follow-up,Email,-10
ENG004664,C001242,2469,Shawn Smith,2026-05-06,campaign_open,Retention Pulse,Email,8
ENG004665,C001242,2469,Shawn Smith,2026-05-07,campaign_click,Retention Pulse,Email,12
ENG004666,C001242,2469,Shawn Smith,2026-05-08,account_page_view,Service Recovery,Portal,22
ENG004667,C001242,2469,Shawn Smith,2026-05-09,unsubscribe_risk,Escalation Follow-up,Email,-10
ENG004668,C001243,1733,Margaret Smith,2026-05-06,campaign_open,Retention Pulse,Email,8
ENG004669,C001243,1733,Margaret Smith,2026-05-07,campaign_click,Retention Pulse,Email,12
ENG004670,C001243,1733,Margaret Smith,2026-05-08,account_page_view,Service Recovery,Portal,22
ENG004671,C001243,1733,Margaret Smith,2026-05-09,unsubscribe_risk,Escalation Follow-up,Email,-10
ENG004672,C001244,6838,Lisa Garcia,2026-05-06,campaign_open,Retention Pulse,Email,8
ENG004673,C001244,6838,Lisa Garcia,2026-05-07,campaign_click,Retention Pulse,Email,12
ENG004674,C001244,6838,Lisa Garcia,2026-05-08,account_page_view,Service Recovery,Portal,22
ENG004675,C001244,6838,Lisa Garcia,2026-05-09,unsubscribe_risk,Escalation Follow-up,Email,-10
ENG004676,C001245,728,Anthony Rosario,2026-05-06,campaign_open,Retention Pulse,Email,8
ENG004677,C001245,728,Anthony Rosario,2026-05-07,campaign_click,Retention Pulse,Email,12
ENG004678,C001245,728,Anthony Rosario,2026-05-08,account_page_view,Service Recovery,Portal,22
ENG004679,C001245,728,Anthony Rosario,2026-05-09,unsubscribe_risk,Escalation Follow-up,Email,-10
ENG004680,C001246,10453,Elizabeth Brewer,2026-05-06,campaign_open,Retention Pulse,Email,8
ENG004681,C001246,10453,Elizabeth Brewer,2026-05-07,campaign_click,Retention Pulse,Email,12
ENG004682,C001246,10453,Elizabeth Brewer,2026-05-08,account_page_view,Service Recovery,Portal,22
ENG004683,C001246,10453,Elizabeth Brewer,2026-05-09,unsubscribe_risk,Escalation Follow-up,Email,-10
ENG004684,C001247,6560,Melissa Smith,2026-05-06,campaign_open,Retention Pulse,Email,8
ENG004685,C001247,6560,Melissa Smith,2026-05-07,campaign_click,Retention Pulse,Email,12
ENG004686,C001247,6560,Melissa Smith,2026-05-08,account_page_view,Service Recovery,Portal,22
ENG004687,C001247,6560,Melissa Smith,2026-05-09,unsubscribe_risk,Escalation Follow-up,Email,-10
ENG004688,C001248,11106,Mary Navarro,2026-05-06,campaign_open,Retention Pulse,Email,8
ENG004689,C001248,11106,Mary Navarro,2026-05-07,campaign_click,Retention Pulse,Email,12
ENG004690,C001248,11106,Mary Navarro,2026-05-08,promo_response,Reactivation,Email,18
ENG004691,C001249,383,Evelyn Smith,2026-05-06,campaign_open,Retention Pulse,Email,8
ENG004692,C001249,383,Evelyn Smith,2026-05-07,campaign_click,Retention Pulse,Email,12
ENG004693,C001249,383,Evelyn Smith,2026-05-08,account_page_view,Service Recovery,Portal,22
ENG004694,C001249,383,Evelyn Smith,2026-05-09,unsubscribe_risk,Escalation Follow-up,Email,-10
ENG004695,C001250,12321,Helen Christensen,2026-05-06,campaign_open,Retention Pulse,Email,8
ENG004696,C001250,12321,Helen Christensen,2026-05-07,campaign_click,Retention Pulse,Email,12
ENG004697,C001250,12321,Helen Christensen,2026-05-08,account_page_view,Service Recovery,Portal,22
ENG004698,C001250,12321,Helen Christensen,2026-05-09,unsubscribe_risk,Escalation Follow-up,Email,-10
ENG004699,C001251,6672,Mary Conrad,2026-05-06,campaign_open,Retention Pulse,Email,8
ENG004700,C001251,6672,Mary Conrad,2026-05-07,campaign_click,Retention Pulse,Email,12
ENG004701,C001251,6672,Mary Conrad,2026-05-08,account_page_view,Service Recovery,Portal,22
ENG004702,C001251,6672,Mary Conrad,2026-05-09,unsubscribe_risk,Escalation Follow-up,Email,-10
ENG004703,C001252,9862,Mary Decker,2026-05-06,campaign_open,Retention Pulse,Email,8
ENG004704,C001252,9862,Mary Decker,2026-05-07,campaign_click,Retention Pulse,Email,12
ENG004705,C001252,9862,Mary Decker,2026-05-08,account_page_view,Service Recovery,Portal,22
ENG004706,C001252,9862,Mary Decker,2026-05-09,unsubscribe_risk,Escalation Follow-up,Email,-10
ENG004707,C001253,4875,Edward Peters,2026-05-06,campaign_open,Retention Pulse,Email,8
ENG004708,C001253,4875,Edward Peters,2026-05-07,campaign_click,Retention Pulse,Email,12
ENG004709,C001253,4875,Edward Peters,2026-05-08,account_page_view,Service Recovery,Portal,22
ENG004710,C001253,4875,Edward Peters,2026-05-09,unsubscribe_risk,Escalation Follow-up,Email,-10
ENG004711,C001254,846,Mary Powell,2026-05-06,campaign_open,Retention Pulse,Email,8
ENG004712,C001254,846,Mary Powell,2026-05-07,campaign_click,Retention Pulse,Email,12
ENG004713,C001254,846,Mary Powell,2026-05-08,account_page_view,Service Recovery,Portal,22
ENG004714,C001254,846,Mary Powell,2026-05-09,unsubscribe_risk,Escalation Follow-up,Email,-10
ENG004715,C001255,3677,Sandra Edwards,2026-05-06,campaign_open,Retention Pulse,Email,8
ENG004716,C001255,3677,Sandra Edwards,2026-05-07,campaign_click,Retention Pulse,Email,12
ENG004717,C001255,3677,Sandra Edwards,2026-05-08,account_page_view,Service Recovery,Portal,22
ENG004718,C001255,3677,Sandra Edwards,2026-05-09,unsubscribe_risk,Escalation Follow-up,Email,-10
ENG004719,C001256,8987,Kathleen Price,2026-05-06,campaign_open,Retention Pulse,Email,8
ENG004720,C001256,8987,Kathleen Price,2026-05-07,campaign_click,Retention Pulse,Email,12
ENG004721,C001256,8987,Kathleen Price,2026-05-08,account_page_view,Service Recovery,Portal,22
ENG004722,C001256,8987,Kathleen Price,2026-05-09,unsubscribe_risk,Escalation Follow-up,Email,-10
ENG004723,C001257,9317,Mary Smith,2026-05-06,campaign_open,Retention Pulse,Email,8
ENG004724,C001257,9317,Mary Smith,2026-05-07,campaign_click,Retention Pulse,Email,12
ENG004725,C001257,9317,Mary Smith,2026-05-08,promo_response,Reactivation,Email,18
ENG004726,C001258,1478,Anna Sanchez,2026-05-06,campaign_open,Retention Pulse,Email,8
ENG004727,C001258,1478,Anna Sanchez,2026-05-07,campaign_click,Retention Pulse,Email,12
ENG004728,C001258,1478,Anna Sanchez,2026-05-08,account_page_view,Service Recovery,Portal,22
ENG004729,C001258,1478,Anna Sanchez,2026-05-09,unsubscribe_risk,Escalation Follow-up,Email,-10
ENG004730,C001259,8256,James Parker,2026-05-06,campaign_open,Retention Pulse,Email,8
ENG004731,C001259,8256,James Parker,2026-05-07,campaign_click,Retention Pulse,Email,12
ENG004732,C001259,8256,James Parker,2026-05-08,promo_response,Reactivation,Email,18
ENG004733,C001260,9352,Mary Lewis,2026-05-06,campaign_open,Retention Pulse,Email,8
ENG004734,C001260,9352,Mary Lewis,2026-05-07,campaign_click,Retention Pulse,Email,12
ENG004735,C001260,9352,Mary Lewis,2026-05-08,account_page_view,Service Recovery,Portal,22
ENG004736,C001260,9352,Mary Lewis,2026-05-09,unsubscribe_risk,Escalation Follow-up,Email,-10
ENG004737,C001261,9974,Olivia Smith,2026-05-06,campaign_open,Retention Pulse,Email,8
ENG004738,C001261,9974,Olivia Smith,2026-05-07,campaign_click,Retention Pulse,Email,12
ENG004739,C001261,9974,Olivia Smith,2026-05-08,account_page_view,Service Recovery,Portal,22
ENG004740,C001261,9974,Olivia Smith,2026-05-09,unsubscribe_risk,Escalation Follow-up,Email,-10
ENG004741,C001262,5204,Andrew Smith,2026-05-06,campaign_open,Retention Pulse,Email,8
ENG004742,C001262,5204,Andrew Smith,2026-05-07,campaign_click,Retention Pulse,Email,12
ENG004743,C001262,5204,Andrew Smith,2026-05-08,account_page_view,Service Recovery,Portal,22
ENG004744,C001262,5204,Andrew Smith,2026-05-09,unsubscribe_risk,Escalation Follow-up,Email,-10
ENG004745,C001263,8989,Sarah Aguilar,2026-05-06,campaign_open,Retention Pulse,Email,8
ENG004746,C001263,8989,Sarah Aguilar,2026-05-07,campaign_click,Retention Pulse,Email,12
ENG004747,C001263,8989,Sarah Aguilar,2026-05-08,promo_response,Reactivation,Email,18
ENG004748,C001264,3021,Nancy Alvarado,2026-05-06,campaign_open,Retention Pulse,Email,8
ENG004749,C001264,3021,Nancy Alvarado,2026-05-07,campaign_click,Retention Pulse,Email,12
ENG004750,C001264,3021,Nancy Alvarado,2026-05-08,account_page_view,Service Recovery,Portal,22
ENG004751,C001264,3021,Nancy Alvarado,2026-05-09,unsubscribe_risk,Escalation Follow-up,Email,-10
ENG004752,C001265,5805,Raymond Bray,2026-05-06,campaign_open,Retention Pulse,Email,8
ENG004753,C001265,5805,Raymond Bray,2026-05-07,campaign_click,Retention Pulse,Email,12
ENG004754,C001265,5805,Raymond Bray,2026-05-08,account_page_view,Service Recovery,Portal,22
ENG004755,C001265,5805,Raymond Bray,2026-05-09,unsubscribe_risk,Escalation Follow-up,Email,-10
ENG004756,C001266,7743,Melissa Smith,2026-05-06,campaign_open,Retention Pulse,Email,8
ENG004757,C001266,7743,Melissa Smith,2026-05-07,campaign_click,Retention Pulse,Email,12
ENG004758,C001266,7743,Melissa Smith,2026-05-08,promo_response,Reactivation,Email,18
ENG004759,C001267,8447,Michael Smith,2026-05-06,campaign_open,Retention Pulse,Email,8
ENG004760,C001267,8447,Michael Smith,2026-05-07,campaign_click,Retention Pulse,Email,12
ENG004761,C001267,8447,Michael Smith,2026-05-08,account_page_view,Service Recovery,Portal,22
ENG004762,C001267,8447,Michael Smith,2026-05-09,unsubscribe_risk,Escalation Follow-up,Email,-10
ENG004763,C001268,7216,Mary Hendrix,2026-05-06,campaign_open,Retention Pulse,Email,8
ENG004764,C001268,7216,Mary Hendrix,2026-05-07,campaign_click,Retention Pulse,Email,12
ENG004765,C001268,7216,Mary Hendrix,2026-05-08,account_page_view,Service Recovery,Portal,22
ENG004766,C001268,7216,Mary Hendrix,2026-05-09,unsubscribe_risk,Escalation Follow-up,Email,-10
ENG004767,C001269,514,Mary Johnson,2026-05-06,campaign_open,Retention Pulse,Email,8
ENG004768,C001269,514,Mary Johnson,2026-05-07,campaign_click,Retention Pulse,Email,12
ENG004769,C001269,514,Mary Johnson,2026-05-08,account_page_view,Service Recovery,Portal,22
ENG004770,C001269,514,Mary Johnson,2026-05-09,unsubscribe_risk,Escalation Follow-up,Email,-10
ENG004771,C001270,3595,Joshua Lewis,2026-05-06,campaign_open,Retention Pulse,Email,8
ENG004772,C001270,3595,Joshua Lewis,2026-05-07,campaign_click,Retention Pulse,Email,12
ENG004773,C001270,3595,Joshua Lewis,2026-05-08,account_page_view,Service Recovery,Portal,22
ENG004774,C001270,3595,Joshua Lewis,2026-05-09,unsubscribe_risk,Escalation Follow-up,Email,-10
ENG004775,C001271,8167,Betty Roberts,2026-05-06,campaign_open,Retention Pulse,Email,8
ENG004776,C001271,8167,Betty Roberts,2026-05-07,campaign_click,Retention Pulse,Email,12
ENG004777,C001271,8167,Betty Roberts,2026-05-08,account_page_view,Service Recovery,Portal,22
ENG004778,C001271,8167,Betty Roberts,2026-05-09,unsubscribe_risk,Escalation Follow-up,Email,-10
ENG004779,C001272,6872,Mary Lloyd,2026-05-06,campaign_open,Retention Pulse,Email,8
ENG004780,C001272,6872,Mary Lloyd,2026-05-07,campaign_click,Retention Pulse,Email,12
ENG004781,C001272,6872,Mary Lloyd,2026-05-08,promo_response,Reactivation,Email,18
ENG004782,C001273,2960,Megan Rogers,2026-05-06,campaign_open,Retention Pulse,Email,8
ENG004783,C001273,2960,Megan Rogers,2026-05-07,campaign_click,Retention Pulse,Email,12
ENG004784,C001273,2960,Megan Rogers,2026-05-08,promo_response,Reactivation,Email,18
ENG004785,C001274,8674,Mary Rhodes,2026-05-06,campaign_open,Retention Pulse,Email,8
ENG004786,C001274,8674,Mary Rhodes,2026-05-07,campaign_click,Retention Pulse,Email,12
ENG004787,C001274,8674,Mary Rhodes,2026-05-08,account_page_view,Service Recovery,Portal,22
ENG004788,C001274,8674,Mary Rhodes,2026-05-09,unsubscribe_risk,Escalation Follow-up,Email,-10
ENG004789,C001275,4665,Jessica York,2026-05-06,campaign_open,Retention Pulse,Email,8
ENG004790,C001275,4665,Jessica York,2026-05-07,campaign_click,Retention Pulse,Email,12
ENG004791,C001275,4665,Jessica York,2026-05-08,account_page_view,Service Recovery,Portal,22
ENG004792,C001275,4665,Jessica York,2026-05-09,unsubscribe_risk,Escalation Follow-up,Email,-10
ENG004793,C001276,3631,Mary Smith,2026-05-06,campaign_open,Retention Pulse,Email,8
ENG004794,C001276,3631,Mary Smith,2026-05-07,campaign_click,Retention Pulse,Email,12
ENG004795,C001276,3631,Mary Smith,2026-05-08,account_page_view,Service Recovery,Portal,22
ENG004796,C001276,3631,Mary Smith,2026-05-09,unsubscribe_risk,Escalation Follow-up,Email,-10
ENG004797,C001277,1223,Richard Perry,2026-05-06,campaign_open,Retention Pulse,Email,8
ENG004798,C001277,1223,Richard Perry,2026-05-07,campaign_click,Retention Pulse,Email,12
ENG004799,C001277,1223,Richard Perry,2026-05-08,promo_response,Reactivation,Email,18
ENG004800,C001278,5943,Mary Sherman,2026-05-06,campaign_open,Retention Pulse,Email,8
ENG004801,C001278,5943,Mary Sherman,2026-05-07,campaign_click,Retention Pulse,Email,12
ENG004802,C001278,5943,Mary Sherman,2026-05-08,account_page_view,Service Recovery,Portal,22
ENG004803,C001278,5943,Mary Sherman,2026-05-09,unsubscribe_risk,Escalation Follow-up,Email,-10
ENG004804,C001279,3316,Mary Oconnor,2026-05-06,campaign_open,Retention Pulse,Email,8
ENG004805,C001279,3316,Mary Oconnor,2026-05-07,campaign_click,Retention Pulse,Email,12
ENG004806,C001279,3316,Mary Oconnor,2026-05-08,account_page_view,Service Recovery,Portal,22
ENG004807,C001279,3316,Mary Oconnor,2026-05-09,unsubscribe_risk,Escalation Follow-up,Email,-10
ENG004808,C001280,11667,Mary Brooks,2026-05-06,campaign_open,Retention Pulse,Email,8
ENG004809,C001280,11667,Mary Brooks,2026-05-07,campaign_click,Retention Pulse,Email,12
ENG004810,C001280,11667,Mary Brooks,2026-05-08,promo_response,Reactivation,Email,18
ENG004811,C001281,4798,Mary Smith,2026-05-06,campaign_open,Retention Pulse,Email,8
ENG004812,C001281,4798,Mary Smith,2026-05-07,campaign_click,Retention Pulse,Email,12
ENG004813,C001281,4798,Mary Smith,2026-05-08,account_page_view,Service Recovery,Portal,22
ENG004814,C001281,4798,Mary Smith,2026-05-09,unsubscribe_risk,Escalation Follow-up,Email,-10
ENG004815,C001282,5427,Betty Lester,2026-05-06,campaign_open,Retention Pulse,Email,8
ENG004816,C001282,5427,Betty Lester,2026-05-07,campaign_click,Retention Pulse,Email,12
ENG004817,C001282,5427,Betty Lester,2026-05-08,account_page_view,Service Recovery,Portal,22
ENG004818,C001282,5427,Betty Lester,2026-05-09,unsubscribe_risk,Escalation Follow-up,Email,-10
ENG004819,C001283,8260,Teresa Berg,2026-05-06,campaign_open,Retention Pulse,Email,8
ENG004820,C001283,8260,Teresa Berg,2026-05-07,campaign_click,Retention Pulse,Email,12
ENG004821,C001283,8260,Teresa Berg,2026-05-08,account_page_view,Service Recovery,Portal,22
ENG004822,C001283,8260,Teresa Berg,2026-05-09,unsubscribe_risk,Escalation Follow-up,Email,-10
ENG004823,C001284,8929,David Smith,2026-05-06,campaign_open,Retention Pulse,Email,8
ENG004824,C001284,8929,David Smith,2026-05-07,campaign_click,Retention Pulse,Email,12
ENG004825,C001284,8929,David Smith,2026-05-08,account_page_view,Service Recovery,Portal,22
ENG004826,C001284,8929,David Smith,2026-05-09,unsubscribe_risk,Escalation Follow-up,Email,-10
ENG004827,C001285,2091,Doris Smith,2026-05-06,campaign_open,Retention Pulse,Email,8
ENG004828,C001285,2091,Doris Smith,2026-05-07,campaign_click,Retention Pulse,Email,12
ENG004829,C001285,2091,Doris Smith,2026-05-08,account_page_view,Service Recovery,Portal,22
ENG004830,C001285,2091,Doris Smith,2026-05-09,unsubscribe_risk,Escalation Follow-up,Email,-10
ENG004831,C001286,5280,Mary Day,2026-05-06,campaign_open,Retention Pulse,Email,8
ENG004832,C001286,5280,Mary Day,2026-05-07,campaign_click,Retention Pulse,Email,12
ENG004833,C001286,5280,Mary Day,2026-05-08,account_page_view,Service Recovery,Portal,22
ENG004834,C001286,5280,Mary Day,2026-05-09,unsubscribe_risk,Escalation Follow-up,Email,-10
ENG004835,C001287,4683,Mary Lang,2026-05-06,campaign_open,Retention Pulse,Email,8
ENG004836,C001287,4683,Mary Lang,2026-05-07,campaign_click,Retention Pulse,Email,12
ENG004837,C001287,4683,Mary Lang,2026-05-08,promo_response,Reactivation,Email,18
ENG004838,C001288,927,Diana Smith,2026-05-06,campaign_open,Retention Pulse,Email,8
ENG004839,C001288,927,Diana Smith,2026-05-07,campaign_click,Retention Pulse,Email,12
ENG004840,C001288,927,Diana Smith,2026-05-08,account_page_view,Service Recovery,Portal,22
ENG004841,C001288,927,Diana Smith,2026-05-09,unsubscribe_risk,Escalation Follow-up,Email,-10
ENG004842,C001289,6179,Samuel Henderson,2026-05-06,campaign_open,Retention Pulse,Email,8
ENG004843,C001289,6179,Samuel Henderson,2026-05-07,campaign_click,Retention Pulse,Email,12
ENG004844,C001289,6179,Samuel Henderson,2026-05-08,account_page_view,Service Recovery,Portal,22
ENG004845,C001289,6179,Samuel Henderson,2026-05-09,unsubscribe_risk,Escalation Follow-up,Email,-10
ENG004846,C001290,1346,Mary Gutierrez,2026-05-06,campaign_open,Retention Pulse,Email,8
ENG004847,C001290,1346,Mary Gutierrez,2026-05-07,campaign_click,Retention Pulse,Email,12
ENG004848,C001290,1346,Mary Gutierrez,2026-05-08,account_page_view,Service Recovery,Portal,22
ENG004849,C001290,1346,Mary Gutierrez,2026-05-09,unsubscribe_risk,Escalation Follow-up,Email,-10
ENG004850,C001291,6737,Joyce Smith,2026-05-06,campaign_open,Retention Pulse,Email,8
ENG004851,C001291,6737,Joyce Smith,2026-05-07,campaign_click,Retention Pulse,Email,12
ENG004852,C001291,6737,Joyce Smith,2026-05-08,promo_response,Reactivation,Email,18
ENG004853,C001292,1298,Susan Fuller,2026-05-06,campaign_open,Retention Pulse,Email,8
ENG004854,C001292,1298,Susan Fuller,2026-05-07,campaign_click,Retention Pulse,Email,12
ENG004855,C001292,1298,Susan Fuller,2026-05-08,account_page_view,Service Recovery,Portal,22
ENG004856,C001292,1298,Susan Fuller,2026-05-09,unsubscribe_risk,Escalation Follow-up,Email,-10
ENG004857,C001293,9154,Anna Gillespie,2026-05-06,campaign_open,Retention Pulse,Email,8
ENG004858,C001293,9154,Anna Gillespie,2026-05-07,campaign_click,Retention Pulse,Email,12
ENG004859,C001293,9154,Anna Gillespie,2026-05-08,promo_response,Reactivation,Email,18
ENG004860,C001294,140,Amanda Smith,2026-05-06,campaign_open,Retention Pulse,Email,8
ENG004861,C001294,140,Amanda Smith,2026-05-07,campaign_click,Retention Pulse,Email,12
ENG004862,C001294,140,Amanda Smith,2026-05-08,account_page_view,Service Recovery,Portal,22
ENG004863,C001294,140,Amanda Smith,2026-05-09,unsubscribe_risk,Escalation Follow-up,Email,-10
ENG004864,C001295,3925,Mary Hicks,2026-05-06,campaign_open,Retention Pulse,Email,8
ENG004865,C001295,3925,Mary Hicks,2026-05-07,campaign_click,Retention Pulse,Email,12
ENG004866,C001295,3925,Mary Hicks,2026-05-08,account_page_view,Service Recovery,Portal,22
ENG004867,C001295,3925,Mary Hicks,2026-05-09,unsubscribe_risk,Escalation Follow-up,Email,-10
ENG004868,C001296,11039,Mary Torres,2026-05-06,campaign_open,Retention Pulse,Email,8
ENG004869,C001296,11039,Mary Torres,2026-05-07,campaign_click,Retention Pulse,Email,12
ENG004870,C001296,11039,Mary Torres,2026-05-08,account_page_view,Service Recovery,Portal,22
ENG004871,C001296,11039,Mary Torres,2026-05-09,unsubscribe_risk,Escalation Follow-up,Email,-10
ENG004872,C001297,252,Mary Frazier,2026-05-06,campaign_open,Retention Pulse,Email,8
ENG004873,C001297,252,Mary Frazier,2026-05-07,campaign_click,Retention Pulse,Email,12
ENG004874,C001297,252,Mary Frazier,2026-05-08,account_page_view,Service Recovery,Portal,22
ENG004875,C001297,252,Mary Frazier,2026-05-09,unsubscribe_risk,Escalation Follow-up,Email,-10
ENG004876,C001298,2092,Mary Hunter,2026-05-06,campaign_open,Retention Pulse,Email,8
ENG004877,C001298,2092,Mary Hunter,2026-05-07,campaign_click,Retention Pulse,Email,12
ENG004878,C001298,2092,Mary Hunter,2026-05-08,promo_response,Reactivation,Email,18
ENG004879,C001299,7099,Mary Smith,2026-05-06,campaign_open,Retention Pulse,Email,8
ENG004880,C001299,7099,Mary Smith,2026-05-07,campaign_click,Retention Pulse,Email,12
ENG004881,C001299,7099,Mary Smith,2026-05-08,account_page_view,Service Recovery,Portal,22
ENG004882,C001299,7099,Mary Smith,2026-05-09,unsubscribe_risk,Escalation Follow-up,Email,-10
ENG004883,C001300,354,Edward Peterson,2026-05-06,campaign_open,Retention Pulse,Email,8
ENG004884,C001300,354,Edward Peterson,2026-05-07,campaign_click,Retention Pulse,Email,12
ENG004885,C001300,354,Edward Peterson,2026-05-08,account_page_view,Service Recovery,Portal,22
ENG004886,C001300,354,Edward Peterson,2026-05-09,unsubscribe_risk,Escalation Follow-up,Email,-10
ENG004887,C001301,7795,Sandra Smith,2026-05-06,campaign_open,Retention Pulse,Email,8
ENG004888,C001301,7795,Sandra Smith,2026-05-07,campaign_click,Retention Pulse,Email,12
ENG004889,C001301,7795,Sandra Smith,2026-05-08,account_page_view,Service Recovery,Portal,22
ENG004890,C001301,7795,Sandra Smith,2026-05-09,unsubscribe_risk,Escalation Follow-up,Email,-10
ENG004891,C001302,2783,Mary Willis,2026-05-06,campaign_open,Retention Pulse,Email,8
ENG004892,C001302,2783,Mary Willis,2026-05-07,campaign_click,Retention Pulse,Email,12
ENG004893,C001302,2783,Mary Willis,2026-05-08,account_page_view,Service Recovery,Portal,22
ENG004894,C001302,2783,Mary Willis,2026-05-09,unsubscribe_risk,Escalation Follow-up,Email,-10
ENG004895,C001303,3660,Roger Smith,2026-05-06,campaign_open,Retention Pulse,Email,8
ENG004896,C001303,3660,Roger Smith,2026-05-07,campaign_click,Retention Pulse,Email,12
ENG004897,C001303,3660,Roger Smith,2026-05-08,account_page_view,Service Recovery,Portal,22
ENG004898,C001303,3660,Roger Smith,2026-05-09,unsubscribe_risk,Escalation Follow-up,Email,-10
ENG004899,C001304,10442,Mary Hall,2026-05-06,campaign_open,Retention Pulse,Email,8
ENG004900,C001304,10442,Mary Hall,2026-05-07,campaign_click,Retention Pulse,Email,12
ENG004901,C001304,10442,Mary Hall,2026-05-08,account_page_view,Service Recovery,Portal,22
ENG004902,C001304,10442,Mary Hall,2026-05-09,unsubscribe_risk,Escalation Follow-up,Email,-10
ENG004903,C001305,4876,Harry Smith,2026-05-06,campaign_open,Retention Pulse,Email,8
ENG004904,C001305,4876,Harry Smith,2026-05-07,campaign_click,Retention Pulse,Email,12
ENG004905,C001305,4876,Harry Smith,2026-05-08,account_page_view,Service Recovery,Portal,22
ENG004906,C001305,4876,Harry Smith,2026-05-09,unsubscribe_risk,Escalation Follow-up,Email,-10
ENG004907,C001306,9739,Sara Rich,2026-05-06,campaign_open,Retention Pulse,Email,8
ENG004908,C001306,9739,Sara Rich,2026-05-07,campaign_click,Retention Pulse,Email,12
ENG004909,C001306,9739,Sara Rich,2026-05-08,account_page_view,Service Recovery,Portal,22
ENG004910,C001306,9739,Sara Rich,2026-05-09,unsubscribe_risk,Escalation Follow-up,Email,-10
ENG004911,C001307,53,Katherine Smith,2026-05-06,campaign_open,Retention Pulse,Email,8
ENG004912,C001307,53,Katherine Smith,2026-05-07,campaign_click,Retention Pulse,Email,12
ENG004913,C001307,53,Katherine Smith,2026-05-08,promo_response,Reactivation,Email,18
ENG004914,C001308,10142,Teresa Smith,2026-05-06,campaign_open,Retention Pulse,Email,8
ENG004915,C001308,10142,Teresa Smith,2026-05-07,campaign_click,Retention Pulse,Email,12
ENG004916,C001308,10142,Teresa Smith,2026-05-08,promo_response,Reactivation,Email,18
ENG004917,C001309,11341,Mary Meyer,2026-05-06,campaign_open,Retention Pulse,Email,8
ENG004918,C001309,11341,Mary Meyer,2026-05-07,campaign_click,Retention Pulse,Email,12
ENG004919,C001309,11341,Mary Meyer,2026-05-08,account_page_view,Service Recovery,Portal,22
ENG004920,C001309,11341,Mary Meyer,2026-05-09,unsubscribe_risk,Escalation Follow-up,Email,-10
ENG004921,C001310,8889,Evelyn Brown,2026-05-06,campaign_open,Retention Pulse,Email,8
ENG004922,C001310,8889,Evelyn Brown,2026-05-07,campaign_click,Retention Pulse,Email,12
ENG004923,C001310,8889,Evelyn Brown,2026-05-08,account_page_view,Service Recovery,Portal,22
ENG004924,C001310,8889,Evelyn Brown,2026-05-09,unsubscribe_risk,Escalation Follow-up,Email,-10
ENG004925,C001311,7163,Mary Jones,2026-05-06,campaign_open,Retention Pulse,Email,8
ENG004926,C001311,7163,Mary Jones,2026-05-07,campaign_click,Retention Pulse,Email,12
ENG004927,C001311,7163,Mary Jones,2026-05-08,account_page_view,Service Recovery,Portal,22
ENG004928,C001311,7163,Mary Jones,2026-05-09,unsubscribe_risk,Escalation Follow-up,Email,-10
ENG004929,C001312,7864,Alice Smith,2026-05-06,campaign_open,Retention Pulse,Email,8
ENG004930,C001312,7864,Alice Smith,2026-05-07,campaign_click,Retention Pulse,Email,12
ENG004931,C001312,7864,Alice Smith,2026-05-08,account_page_view,Service Recovery,Portal,22
ENG004932,C001312,7864,Alice Smith,2026-05-09,unsubscribe_risk,Escalation Follow-up,Email,-10
ENG004933,C001313,10701,Amanda Smith,2026-05-06,campaign_open,Retention Pulse,Email,8
ENG004934,C001313,10701,Amanda Smith,2026-05-07,campaign_click,Retention Pulse,Email,12
ENG004935,C001313,10701,Amanda Smith,2026-05-08,account_page_view,Service Recovery,Portal,22
ENG004936,C001313,10701,Amanda Smith,2026-05-09,unsubscribe_risk,Escalation Follow-up,Email,-10
ENG004937,C001314,290,Mary Garza,2026-05-06,campaign_open,Retention Pulse,Email,8
ENG004938,C001314,290,Mary Garza,2026-05-07,campaign_click,Retention Pulse,Email,12
ENG004939,C001314,290,Mary Garza,2026-05-08,account_page_view,Service Recovery,Portal,22
ENG004940,C001314,290,Mary Garza,2026-05-09,unsubscribe_risk,Escalation Follow-up,Email,-10
ENG004941,C001315,11005,Christian Keller,2026-05-06,campaign_open,Retention Pulse,Email,8
ENG004942,C001315,11005,Christian Keller,2026-05-07,campaign_click,Retention Pulse,Email,12
ENG004943,C001315,11005,Christian Keller,2026-05-08,promo_response,Reactivation,Email,18
ENG004944,C001316,5051,Brenda Smith,2026-05-06,campaign_open,Retention Pulse,Email,8
ENG004945,C001316,5051,Brenda Smith,2026-05-07,campaign_click,Retention Pulse,Email,12
ENG004946,C001316,5051,Brenda Smith,2026-05-08,account_page_view,Service Recovery,Portal,22
ENG004947,C001316,5051,Brenda Smith,2026-05-09,unsubscribe_risk,Escalation Follow-up,Email,-10
ENG004948,C001317,10584,Mary Smith,2026-05-06,campaign_open,Retention Pulse,Email,8
ENG004949,C001317,10584,Mary Smith,2026-05-07,campaign_click,Retention Pulse,Email,12
ENG004950,C001317,10584,Mary Smith,2026-05-08,account_page_view,Service Recovery,Portal,22
ENG004951,C001317,10584,Mary Smith,2026-05-09,unsubscribe_risk,Escalation Follow-up,Email,-10
ENG004952,C001318,4400,Madison Morris,2026-05-06,campaign_open,Retention Pulse,Email,8
ENG004953,C001318,4400,Madison Morris,2026-05-07,campaign_click,Retention Pulse,Email,12
ENG004954,C001318,4400,Madison Morris,2026-05-08,account_page_view,Service Recovery,Portal,22
ENG004955,C001318,4400,Madison Morris,2026-05-09,unsubscribe_risk,Escalation Follow-up,Email,-10
ENG004956,C001319,2585,Kyle Rice,2026-05-06,campaign_open,Retention Pulse,Email,8
ENG004957,C001319,2585,Kyle Rice,2026-05-07,campaign_click,Retention Pulse,Email,12
ENG004958,C001319,2585,Kyle Rice,2026-05-08,account_page_view,Service Recovery,Portal,22
ENG004959,C001319,2585,Kyle Rice,2026-05-09,unsubscribe_risk,Escalation Follow-up,Email,-10
ENG004960,C001320,6003,Mary Smith,2026-05-06,campaign_open,Retention Pulse,Email,8
ENG004961,C001320,6003,Mary Smith,2026-05-07,campaign_click,Retention Pulse,Email,12
ENG004962,C001320,6003,Mary Smith,2026-05-08,account_page_view,Service Recovery,Portal,22
ENG004963,C001320,6003,Mary Smith,2026-05-09,unsubscribe_risk,Escalation Follow-up,Email,-10
ENG004964,C001321,12365,Mary Pearson,2026-05-06,campaign_open,Retention Pulse,Email,8
ENG004965,C001321,12365,Mary Pearson,2026-05-07,campaign_click,Retention Pulse,Email,12
ENG004966,C001321,12365,Mary Pearson,2026-05-08,account_page_view,Service Recovery,Portal,22
ENG004967,C001321,12365,Mary Pearson,2026-05-09,unsubscribe_risk,Escalation Follow-up,Email,-10
ENG004968,C001322,9058,Mary Ramos,2026-05-06,campaign_open,Retention Pulse,Email,8
ENG004969,C001322,9058,Mary Ramos,2026-05-07,campaign_click,Retention Pulse,Email,12
ENG004970,C001322,9058,Mary Ramos,2026-05-08,account_page_view,Service Recovery,Portal,22
ENG004971,C001322,9058,Mary Ramos,2026-05-09,unsubscribe_risk,Escalation Follow-up,Email,-10
ENG004972,C001323,8999,Paul Smith,2026-05-06,campaign_open,Retention Pulse,Email,8
ENG004973,C001323,8999,Paul Smith,2026-05-07,campaign_click,Retention Pulse,Email,12
ENG004974,C001323,8999,Paul Smith,2026-05-08,account_page_view,Service Recovery,Portal,22
ENG004975,C001323,8999,Paul Smith,2026-05-09,unsubscribe_risk,Escalation Follow-up,Email,-10
ENG004976,C001324,11897,Virginia Herrera,2026-05-06,campaign_open,Retention Pulse,Email,8
ENG004977,C001324,11897,Virginia Herrera,2026-05-07,campaign_click,Retention Pulse,Email,12
ENG004978,C001324,11897,Virginia Herrera,2026-05-08,account_page_view,Service Recovery,Portal,22
ENG004979,C001324,11897,Virginia Herrera,2026-05-09,unsubscribe_risk,Escalation Follow-up,Email,-10
ENG004980,C001325,7986,Mary Steele,2026-05-06,campaign_open,Retention Pulse,Email,8
ENG004981,C001325,7986,Mary Steele,2026-05-07,campaign_click,Retention Pulse,Email,12
ENG004982,C001325,7986,Mary Steele,2026-05-08,promo_response,Reactivation,Email,18
ENG004983,C001326,3224,Kevin Bowers,2026-05-06,campaign_open,Retention Pulse,Email,8
ENG004984,C001326,3224,Kevin Bowers,2026-05-07,campaign_click,Retention Pulse,Email,12
ENG004985,C001326,3224,Kevin Bowers,2026-05-08,account_page_view,Service Recovery,Portal,22
ENG004986,C001326,3224,Kevin Bowers,2026-05-09,unsubscribe_risk,Escalation Follow-up,Email,-10
ENG004987,C001327,6730,Mary Gallegos,2026-05-06,campaign_open,Retention Pulse,Email,8
ENG004988,C001327,6730,Mary Gallegos,2026-05-07,campaign_click,Retention Pulse,Email,12
ENG004989,C001327,6730,Mary Gallegos,2026-05-08,account_page_view,Service Recovery,Portal,22
ENG004990,C001327,6730,Mary Gallegos,2026-05-09,unsubscribe_risk,Escalation Follow-up,Email,-10
ENG004991,C001328,8298,Theresa Russell,2026-05-06,campaign_open,Retention Pulse,Email,8
ENG004992,C001328,8298,Theresa Russell,2026-05-07,campaign_click,Retention Pulse,Email,12
ENG004993,C001328,8298,Theresa Russell,2026-05-08,account_page_view,Service Recovery,Portal,22
ENG004994,C001328,8298,Theresa Russell,2026-05-09,unsubscribe_risk,Escalation Follow-up,Email,-10
ENG004995,C001329,6649,Mary Smith,2026-05-06,campaign_open,Retention Pulse,Email,8
ENG004996,C001329,6649,Mary Smith,2026-05-07,campaign_click,Retention Pulse,Email,12
ENG004997,C001329,6649,Mary Smith,2026-05-08,account_page_view,Service Recovery,Portal,22
ENG004998,C001329,6649,Mary Smith,2026-05-09,unsubscribe_risk,Escalation Follow-up,Email,-10
ENG004999,C001330,7043,Cheryl Smith,2026-05-06,campaign_open,Retention Pulse,Email,8
ENG005000,C001330,7043,Cheryl Smith,2026-05-07,campaign_click,Retention Pulse,Email,12
ENG005001,C001330,7043,Cheryl Smith,2026-05-08,promo_response,Reactivation,Email,18
ENG005002,C001331,3739,Terry Long,2026-05-06,campaign_open,Retention Pulse,Email,8
ENG005003,C001331,3739,Terry Long,2026-05-07,campaign_click,Retention Pulse,Email,12
ENG005004,C001331,3739,Terry Long,2026-05-08,account_page_view,Service Recovery,Portal,22
ENG005005,C001331,3739,Terry Long,2026-05-09,unsubscribe_risk,Escalation Follow-up,Email,-10
ENG005006,C001332,7850,Mary Lara,2026-05-06,campaign_open,Retention Pulse,Email,8
ENG005007,C001332,7850,Mary Lara,2026-05-07,campaign_click,Retention Pulse,Email,12
ENG005008,C001332,7850,Mary Lara,2026-05-08,account_page_view,Service Recovery,Portal,22
ENG005009,C001332,7850,Mary Lara,2026-05-09,unsubscribe_risk,Escalation Follow-up,Email,-10
ENG005010,C001333,7318,John Allen,2026-05-06,campaign_open,Retention Pulse,Email,8
ENG005011,C001333,7318,John Allen,2026-05-07,campaign_click,Retention Pulse,Email,12
ENG005012,C001333,7318,John Allen,2026-05-08,account_page_view,Service Recovery,Portal,22
ENG005013,C001333,7318,John Allen,2026-05-09,unsubscribe_risk,Escalation Follow-up,Email,-10
ENG005014,C001334,10925,Marie Abbott,2026-05-06,campaign_open,Retention Pulse,Email,8
ENG005015,C001334,10925,Marie Abbott,2026-05-07,campaign_click,Retention Pulse,Email,12
ENG005016,C001334,10925,Marie Abbott,2026-05-08,account_page_view,Service Recovery,Portal,22
ENG005017,C001334,10925,Marie Abbott,2026-05-09,unsubscribe_risk,Escalation Follow-up,Email,-10
ENG005018,C001335,10406,Michael Smith,2026-05-06,campaign_open,Retention Pulse,Email,8
ENG005019,C001335,10406,Michael Smith,2026-05-07,campaign_click,Retention Pulse,Email,12
ENG005020,C001335,10406,Michael Smith,2026-05-08,account_page_view,Service Recovery,Portal,22
ENG005021,C001335,10406,Michael Smith,2026-05-09,unsubscribe_risk,Escalation Follow-up,Email,-10
ENG005022,C001336,1383,Catherine Smith,2026-05-06,campaign_open,Retention Pulse,Email,8
ENG005023,C001336,1383,Catherine Smith,2026-05-07,campaign_click,Retention Pulse,Email,12
ENG005024,C001336,1383,Catherine Smith,2026-05-08,account_page_view,Service Recovery,Portal,22
ENG005025,C001336,1383,Catherine Smith,2026-05-09,unsubscribe_risk,Escalation Follow-up,Email,-10
ENG005026,C001337,6688,Mary Smith,2026-05-06,campaign_open,Retention Pulse,Email,8
ENG005027,C001337,6688,Mary Smith,2026-05-07,campaign_click,Retention Pulse,Email,12
ENG005028,C001337,6688,Mary Smith,2026-05-08,account_page_view,Service Recovery,Portal,22
ENG005029,C001337,6688,Mary Smith,2026-05-09,unsubscribe_risk,Escalation Follow-up,Email,-10
ENG005030,C001338,4308,William Smith,2026-05-06,campaign_open,Retention Pulse,Email,8
ENG005031,C001338,4308,William Smith,2026-05-07,campaign_click,Retention Pulse,Email,12
ENG005032,C001338,4308,William Smith,2026-05-08,account_page_view,Service Recovery,Portal,22
ENG005033,C001338,4308,William Smith,2026-05-09,unsubscribe_risk,Escalation Follow-up,Email,-10
ENG005034,C001339,7141,Mary Jackson,2026-05-06,campaign_open,Retention Pulse,Email,8
ENG005035,C001339,7141,Mary Jackson,2026-05-07,campaign_click,Retention Pulse,Email,12
ENG005036,C001339,7141,Mary Jackson,2026-05-08,account_page_view,Service Recovery,Portal,22
ENG005037,C001339,7141,Mary Jackson,2026-05-09,unsubscribe_risk,Escalation Follow-up,Email,-10
ENG005038,C001340,10022,Alice Smith,2026-05-06,campaign_open,Retention Pulse,Email,8
ENG005039,C001340,10022,Alice Smith,2026-05-07,campaign_click,Retention Pulse,Email,12
ENG005040,C001340,10022,Alice Smith,2026-05-08,account_page_view,Service Recovery,Portal,22
ENG005041,C001340,10022,Alice Smith,2026-05-09,unsubscribe_risk,Escalation Follow-up,Email,-10
ENG005042,C001341,986,Catherine Hawkins,2026-05-06,campaign_open,Retention Pulse,Email,8
ENG005043,C001341,986,Catherine Hawkins,2026-05-07,campaign_click,Retention Pulse,Email,12
ENG005044,C001341,986,Catherine Hawkins,2026-05-08,promo_response,Reactivation,Email,18
ENG005045,C001342,8005,Robert Lambert,2026-05-06,campaign_open,Retention Pulse,Email,8
ENG005046,C001342,8005,Robert Lambert,2026-05-07,campaign_click,Retention Pulse,Email,12
ENG005047,C001342,8005,Robert Lambert,2026-05-08,promo_response,Reactivation,Email,18
ENG005048,C001343,3296,Mary Smith,2026-05-06,campaign_open,Retention Pulse,Email,8
ENG005049,C001343,3296,Mary Smith,2026-05-07,campaign_click,Retention Pulse,Email,12
ENG005050,C001343,3296,Mary Smith,2026-05-08,account_page_view,Service Recovery,Portal,22
ENG005051,C001343,3296,Mary Smith,2026-05-09,unsubscribe_risk,Escalation Follow-up,Email,-10
ENG005052,C001344,452,Carl Smith,2026-05-06,campaign_open,Retention Pulse,Email,8
ENG005053,C001344,452,Carl Smith,2026-05-07,campaign_click,Retention Pulse,Email,12
ENG005054,C001344,452,Carl Smith,2026-05-08,account_page_view,Service Recovery,Portal,22
ENG005055,C001344,452,Carl Smith,2026-05-09,unsubscribe_risk,Escalation Follow-up,Email,-10
ENG005056,C001345,8675,Zachary Smith,2026-05-06,campaign_open,Retention Pulse,Email,8
ENG005057,C001345,8675,Zachary Smith,2026-05-07,campaign_click,Retention Pulse,Email,12
ENG005058,C001345,8675,Zachary Smith,2026-05-08,account_page_view,Service Recovery,Portal,22
ENG005059,C001345,8675,Zachary Smith,2026-05-09,unsubscribe_risk,Escalation Follow-up,Email,-10
ENG005060,C001346,5797,Roy Smith,2026-05-06,campaign_open,Retention Pulse,Email,8
ENG005061,C001346,5797,Roy Smith,2026-05-07,campaign_click,Retention Pulse,Email,12
ENG005062,C001346,5797,Roy Smith,2026-05-08,account_page_view,Service Recovery,Portal,22
ENG005063,C001346,5797,Roy Smith,2026-05-09,unsubscribe_risk,Escalation Follow-up,Email,-10
ENG005064,C001347,4713,Jack Smith,2026-05-06,campaign_open,Retention Pulse,Email,8
ENG005065,C001347,4713,Jack Smith,2026-05-07,campaign_click,Retention Pulse,Email,12
ENG005066,C001347,4713,Jack Smith,2026-05-08,account_page_view,Service Recovery,Portal,22
ENG005067,C001347,4713,Jack Smith,2026-05-09,unsubscribe_risk,Escalation Follow-up,Email,-10
ENG005068,C001348,12424,Judy Phillips,2026-05-06,campaign_open,Retention Pulse,Email,8
ENG005069,C001348,12424,Judy Phillips,2026-05-07,campaign_click,Retention Pulse,Email,12
ENG005070,C001348,12424,Judy Phillips,2026-05-08,promo_response,Reactivation,Email,18
ENG005071,C001349,9302,Melissa Smith,2026-05-06,campaign_open,Retention Pulse,Email,8
ENG005072,C001349,9302,Melissa Smith,2026-05-07,campaign_click,Retention Pulse,Email,12
ENG005073,C001349,9302,Melissa Smith,2026-05-08,account_page_view,Service Recovery,Portal,22
ENG005074,C001349,9302,Melissa Smith,2026-05-09,unsubscribe_risk,Escalation Follow-up,Email,-10
ENG005075,C001350,6739,Matthew Mullins,2026-05-06,campaign_open,Retention Pulse,Email,8
ENG005076,C001350,6739,Matthew Mullins,2026-05-07,campaign_click,Retention Pulse,Email,12
ENG005077,C001350,6739,Matthew Mullins,2026-05-08,promo_response,Reactivation,Email,18
ENG005078,C001351,4044,Stephen Smith,2026-05-06,campaign_open,Retention Pulse,Email,8
ENG005079,C001351,4044,Stephen Smith,2026-05-07,campaign_click,Retention Pulse,Email,12
ENG005080,C001351,4044,Stephen Smith,2026-05-08,promo_response,Reactivation,Email,18
ENG005081,C001352,12061,Ruth Huffman,2026-05-06,campaign_open,Retention Pulse,Email,8
ENG005082,C001352,12061,Ruth Huffman,2026-05-07,campaign_click,Retention Pulse,Email,12
ENG005083,C001352,12061,Ruth Huffman,2026-05-08,account_page_view,Service Recovery,Portal,22
ENG005084,C001352,12061,Ruth Huffman,2026-05-09,unsubscribe_risk,Escalation Follow-up,Email,-10
ENG005085,C001353,5300,Joseph Smith,2026-05-06,campaign_open,Retention Pulse,Email,8
ENG005086,C001353,5300,Joseph Smith,2026-05-07,campaign_click,Retention Pulse,Email,12
ENG005087,C001353,5300,Joseph Smith,2026-05-08,account_page_view,Service Recovery,Portal,22
ENG005088,C001353,5300,Joseph Smith,2026-05-09,unsubscribe_risk,Escalation Follow-up,Email,-10
ENG005089,C001354,2078,Roger Morales,2026-05-06,campaign_open,Retention Pulse,Email,8
ENG005090,C001354,2078,Roger Morales,2026-05-07,campaign_click,Retention Pulse,Email,12
ENG005091,C001354,2078,Roger Morales,2026-05-08,account_page_view,Service Recovery,Portal,22
ENG005092,C001354,2078,Roger Morales,2026-05-09,unsubscribe_risk,Escalation Follow-up,Email,-10
ENG005093,C001355,2717,Mary Smith,2026-05-06,campaign_open,Retention Pulse,Email,8
ENG005094,C001355,2717,Mary Smith,2026-05-07,campaign_click,Retention Pulse,Email,12
ENG005095,C001355,2717,Mary Smith,2026-05-08,account_page_view,Service Recovery,Portal,22
ENG005096,C001355,2717,Mary Smith,2026-05-09,unsubscribe_risk,Escalation Follow-up,Email,-10
ENG005097,C001356,10506,Mary Smith,2026-05-06,campaign_open,Retention Pulse,Email,8
ENG005098,C001356,10506,Mary Smith,2026-05-07,campaign_click,Retention Pulse,Email,12
ENG005099,C001356,10506,Mary Smith,2026-05-08,account_page_view,Service Recovery,Portal,22
ENG005100,C001356,10506,Mary Smith,2026-05-09,unsubscribe_risk,Escalation Follow-up,Email,-10
ENG005101,C001357,8768,Evelyn Bradford,2026-05-06,campaign_open,Retention Pulse,Email,8
ENG005102,C001357,8768,Evelyn Bradford,2026-05-07,campaign_click,Retention Pulse,Email,12
ENG005103,C001357,8768,Evelyn Bradford,2026-05-08,account_page_view,Service Recovery,Portal,22
ENG005104,C001357,8768,Evelyn Bradford,2026-05-09,unsubscribe_risk,Escalation Follow-up,Email,-10
ENG005105,C001358,2325,Mary Johnson,2026-05-06,campaign_open,Retention Pulse,Email,8
ENG005106,C001358,2325,Mary Johnson,2026-05-07,campaign_click,Retention Pulse,Email,12
ENG005107,C001358,2325,Mary Johnson,2026-05-08,account_page_view,Service Recovery,Portal,22
ENG005108,C001358,2325,Mary Johnson,2026-05-09,unsubscribe_risk,Escalation Follow-up,Email,-10
ENG005109,C001359,10884,Zachary Smith,2026-05-06,campaign_open,Retention Pulse,Email,8
ENG005110,C001359,10884,Zachary Smith,2026-05-07,campaign_click,Retention Pulse,Email,12
ENG005111,C001359,10884,Zachary Smith,2026-05-08,promo_response,Reactivation,Email,18
ENG005112,C001360,2727,Henry Smith,2026-05-06,campaign_open,Retention Pulse,Email,8
ENG005113,C001360,2727,Henry Smith,2026-05-07,campaign_click,Retention Pulse,Email,12
ENG005114,C001360,2727,Henry Smith,2026-05-08,account_page_view,Service Recovery,Portal,22
ENG005115,C001360,2727,Henry Smith,2026-05-09,unsubscribe_risk,Escalation Follow-up,Email,-10
ENG005116,C001361,11154,Pamela Dickerson,2026-05-06,campaign_open,Retention Pulse,Email,8
ENG005117,C001361,11154,Pamela Dickerson,2026-05-07,campaign_click,Retention Pulse,Email,12
ENG005118,C001361,11154,Pamela Dickerson,2026-05-08,account_page_view,Service Recovery,Portal,22
ENG005119,C001361,11154,Pamela Dickerson,2026-05-09,unsubscribe_risk,Escalation Follow-up,Email,-10
ENG005120,C001362,2367,Sean Smith,2026-05-06,campaign_open,Retention Pulse,Email,8
ENG005121,C001362,2367,Sean Smith,2026-05-07,campaign_click,Retention Pulse,Email,12
ENG005122,C001362,2367,Sean Smith,2026-05-08,account_page_view,Service Recovery,Portal,22
ENG005123,C001362,2367,Sean Smith,2026-05-09,unsubscribe_risk,Escalation Follow-up,Email,-10
ENG005124,C001363,990,Mary Ellison,2026-05-06,campaign_open,Retention Pulse,Email,8
ENG005125,C001363,990,Mary Ellison,2026-05-07,campaign_click,Retention Pulse,Email,12
ENG005126,C001363,990,Mary Ellison,2026-05-08,account_page_view,Service Recovery,Portal,22
ENG005127,C001363,990,Mary Ellison,2026-05-09,unsubscribe_risk,Escalation Follow-up,Email,-10
ENG005128,C001364,10954,Mary White,2026-05-06,campaign_open,Retention Pulse,Email,8
ENG005129,C001364,10954,Mary White,2026-05-07,campaign_click,Retention Pulse,Email,12
ENG005130,C001364,10954,Mary White,2026-05-08,account_page_view,Service Recovery,Portal,22
ENG005131,C001364,10954,Mary White,2026-05-09,unsubscribe_risk,Escalation Follow-up,Email,-10
ENG005132,C001365,6184,James Potter,2026-05-06,campaign_open,Retention Pulse,Email,8
ENG005133,C001365,6184,James Potter,2026-05-07,campaign_click,Retention Pulse,Email,12
ENG005134,C001365,6184,James Potter,2026-05-08,account_page_view,Service Recovery,Portal,22
ENG005135,C001365,6184,James Potter,2026-05-09,unsubscribe_risk,Escalation Follow-up,Email,-10
ENG005136,C001366,6199,Mary Jacobs,2026-05-06,campaign_open,Retention Pulse,Email,8
ENG005137,C001366,6199,Mary Jacobs,2026-05-07,campaign_click,Retention Pulse,Email,12
ENG005138,C001366,6199,Mary Jacobs,2026-05-08,account_page_view,Service Recovery,Portal,22
ENG005139,C001366,6199,Mary Jacobs,2026-05-09,unsubscribe_risk,Escalation Follow-up,Email,-10
ENG005140,C001367,4479,Billy Mooney,2026-05-06,campaign_open,Retention Pulse,Email,8
ENG005141,C001367,4479,Billy Mooney,2026-05-07,campaign_click,Retention Pulse,Email,12
ENG005142,C001367,4479,Billy Mooney,2026-05-08,account_page_view,Service Recovery,Portal,22
ENG005143,C001367,4479,Billy Mooney,2026-05-09,unsubscribe_risk,Escalation Follow-up,Email,-10
ENG005144,C001368,7492,Vincent Smith,2026-05-06,campaign_open,Retention Pulse,Email,8
ENG005145,C001368,7492,Vincent Smith,2026-05-07,campaign_click,Retention Pulse,Email,12
ENG005146,C001368,7492,Vincent Smith,2026-05-08,account_page_view,Service Recovery,Portal,22
ENG005147,C001368,7492,Vincent Smith,2026-05-09,unsubscribe_risk,Escalation Follow-up,Email,-10
ENG005148,C001369,10296,Mary Ramos,2026-05-06,campaign_open,Retention Pulse,Email,8
ENG005149,C001369,10296,Mary Ramos,2026-05-07,campaign_click,Retention Pulse,Email,12
ENG005150,C001369,10296,Mary Ramos,2026-05-08,account_page_view,Service Recovery,Portal,22
ENG005151,C001369,10296,Mary Ramos,2026-05-09,unsubscribe_risk,Escalation Follow-up,Email,-10
ENG005152,C001370,9126,Philip Anderson,2026-05-06,campaign_open,Retention Pulse,Email,8
ENG005153,C001370,9126,Philip Anderson,2026-05-07,campaign_click,Retention Pulse,Email,12
ENG005154,C001370,9126,Philip Anderson,2026-05-08,account_page_view,Service Recovery,Portal,22
ENG005155,C001370,9126,Philip Anderson,2026-05-09,unsubscribe_risk,Escalation Follow-up,Email,-10
ENG005156,C001371,4505,Mary Smith,2026-05-06,campaign_open,Retention Pulse,Email,8
ENG005157,C001371,4505,Mary Smith,2026-05-07,campaign_click,Retention Pulse,Email,12
ENG005158,C001371,4505,Mary Smith,2026-05-08,account_page_view,Service Recovery,Portal,22
ENG005159,C001371,4505,Mary Smith,2026-05-09,unsubscribe_risk,Escalation Follow-up,Email,-10
ENG005160,C001372,9609,Mary Lucero,2026-05-06,campaign_open,Retention Pulse,Email,8
ENG005161,C001372,9609,Mary Lucero,2026-05-07,campaign_click,Retention Pulse,Email,12
ENG005162,C001372,9609,Mary Lucero,2026-05-08,account_page_view,Service Recovery,Portal,22
ENG005163,C001372,9609,Mary Lucero,2026-05-09,unsubscribe_risk,Escalation Follow-up,Email,-10
ENG005164,C001373,1936,Jane Jennings,2026-05-06,campaign_open,Retention Pulse,Email,8
ENG005165,C001373,1936,Jane Jennings,2026-05-07,campaign_click,Retention Pulse,Email,12
ENG005166,C001373,1936,Jane Jennings,2026-05-08,account_page_view,Service Recovery,Portal,22
ENG005167,C001373,1936,Jane Jennings,2026-05-09,unsubscribe_risk,Escalation Follow-up,Email,-10
ENG005168,C001374,1851,Mary Smith,2026-05-06,campaign_open,Retention Pulse,Email,8
ENG005169,C001374,1851,Mary Smith,2026-05-07,campaign_click,Retention Pulse,Email,12
ENG005170,C001374,1851,Mary Smith,2026-05-08,promo_response,Reactivation,Email,18
ENG005171,C001375,2025,Mary Fleming,2026-05-06,campaign_open,Retention Pulse,Email,8
ENG005172,C001375,2025,Mary Fleming,2026-05-07,campaign_click,Retention Pulse,Email,12
ENG005173,C001375,2025,Mary Fleming,2026-05-08,account_page_view,Service Recovery,Portal,22
ENG005174,C001375,2025,Mary Fleming,2026-05-09,unsubscribe_risk,Escalation Follow-up,Email,-10
ENG005175,C001376,4253,Maria Smith,2026-05-06,campaign_open,Retention Pulse,Email,8
ENG005176,C001376,4253,Maria Smith,2026-05-07,campaign_click,Retention Pulse,Email,12
ENG005177,C001376,4253,Maria Smith,2026-05-08,account_page_view,Service Recovery,Portal,22
ENG005178,C001376,4253,Maria Smith,2026-05-09,unsubscribe_risk,Escalation Follow-up,Email,-10
ENG005179,C001377,6488,Mary Smith,2026-05-06,campaign_open,Retention Pulse,Email,8
ENG005180,C001377,6488,Mary Smith,2026-05-07,campaign_click,Retention Pulse,Email,12
ENG005181,C001377,6488,Mary Smith,2026-05-08,account_page_view,Service Recovery,Portal,22
ENG005182,C001377,6488,Mary Smith,2026-05-09,unsubscribe_risk,Escalation Follow-up,Email,-10
ENG005183,C001378,4113,Frank Smith,2026-05-06,campaign_open,Retention Pulse,Email,8
ENG005184,C001378,4113,Frank Smith,2026-05-07,campaign_click,Retention Pulse,Email,12
ENG005185,C001378,4113,Frank Smith,2026-05-08,account_page_view,Service Recovery,Portal,22
ENG005186,C001378,4113,Frank Smith,2026-05-09,unsubscribe_risk,Escalation Follow-up,Email,-10
ENG005187,C001379,5612,Mary Huang,2026-05-06,campaign_open,Retention Pulse,Email,8
ENG005188,C001379,5612,Mary Huang,2026-05-07,campaign_click,Retention Pulse,Email,12
ENG005189,C001379,5612,Mary Huang,2026-05-08,account_page_view,Service Recovery,Portal,22
ENG005190,C001379,5612,Mary Huang,2026-05-09,unsubscribe_risk,Escalation Follow-up,Email,-10
ENG005191,C001380,5234,Shirley Humphrey,2026-05-06,campaign_open,Retention Pulse,Email,8
ENG005192,C001380,5234,Shirley Humphrey,2026-05-07,campaign_click,Retention Pulse,Email,12
ENG005193,C001380,5234,Shirley Humphrey,2026-05-08,account_page_view,Service Recovery,Portal,22
ENG005194,C001380,5234,Shirley Humphrey,2026-05-09,unsubscribe_risk,Escalation Follow-up,Email,-10
ENG005195,C001381,1038,Christine Briggs,2026-05-06,campaign_open,Retention Pulse,Email,8
ENG005196,C001381,1038,Christine Briggs,2026-05-07,campaign_click,Retention Pulse,Email,12
ENG005197,C001381,1038,Christine Briggs,2026-05-08,account_page_view,Service Recovery,Portal,22
ENG005198,C001381,1038,Christine Briggs,2026-05-09,unsubscribe_risk,Escalation Follow-up,Email,-10
ENG005199,C001382,8499,Angela Smith,2026-05-06,campaign_open,Retention Pulse,Email,8
ENG005200,C001382,8499,Angela Smith,2026-05-07,campaign_click,Retention Pulse,Email,12
ENG005201,C001382,8499,Angela Smith,2026-05-08,promo_response,Reactivation,Email,18
ENG005202,C001383,8949,Mary Thompson,2026-05-06,campaign_open,Retention Pulse,Email,8
ENG005203,C001383,8949,Mary Thompson,2026-05-07,campaign_click,Retention Pulse,Email,12
ENG005204,C001383,8949,Mary Thompson,2026-05-08,account_page_view,Service Recovery,Portal,22
ENG005205,C001383,8949,Mary Thompson,2026-05-09,unsubscribe_risk,Escalation Follow-up,Email,-10
ENG005206,C001384,1393,Ryan Hodge,2026-05-06,campaign_open,Retention Pulse,Email,8
ENG005207,C001384,1393,Ryan Hodge,2026-05-07,campaign_click,Retention Pulse,Email,12
ENG005208,C001384,1393,Ryan Hodge,2026-05-08,account_page_view,Service Recovery,Portal,22
ENG005209,C001384,1393,Ryan Hodge,2026-05-09,unsubscribe_risk,Escalation Follow-up,Email,-10
ENG005210,C001385,4016,Mary Smith,2026-05-06,campaign_open,Retention Pulse,Email,8
ENG005211,C001385,4016,Mary Smith,2026-05-07,campaign_click,Retention Pulse,Email,12
ENG005212,C001385,4016,Mary Smith,2026-05-08,account_page_view,Service Recovery,Portal,22
ENG005213,C001385,4016,Mary Smith,2026-05-09,unsubscribe_risk,Escalation Follow-up,Email,-10
ENG005214,C001386,7403,Jason Smith,2026-05-06,campaign_open,Retention Pulse,Email,8
ENG005215,C001386,7403,Jason Smith,2026-05-07,campaign_click,Retention Pulse,Email,12
ENG005216,C001386,7403,Jason Smith,2026-05-08,account_page_view,Service Recovery,Portal,22
ENG005217,C001386,7403,Jason Smith,2026-05-09,unsubscribe_risk,Escalation Follow-up,Email,-10
ENG005218,C001387,10017,John Smith,2026-05-06,campaign_open,Retention Pulse,Email,8
ENG005219,C001387,10017,John Smith,2026-05-07,campaign_click,Retention Pulse,Email,12
ENG005220,C001387,10017,John Smith,2026-05-08,account_page_view,Service Recovery,Portal,22
ENG005221,C001387,10017,John Smith,2026-05-09,unsubscribe_risk,Escalation Follow-up,Email,-10
ENG005222,C001388,5012,Karen Smith,2026-05-06,campaign_open,Retention Pulse,Email,8
ENG005223,C001388,5012,Karen Smith,2026-05-07,campaign_click,Retention Pulse,Email,12
ENG005224,C001388,5012,Karen Smith,2026-05-08,account_page_view,Service Recovery,Portal,22
ENG005225,C001388,5012,Karen Smith,2026-05-09,unsubscribe_risk,Escalation Follow-up,Email,-10
ENG005226,C001389,7271,Karen Barber,2026-05-06,campaign_open,Retention Pulse,Email,8
ENG005227,C001389,7271,Karen Barber,2026-05-07,campaign_click,Retention Pulse,Email,12
ENG005228,C001389,7271,Karen Barber,2026-05-08,account_page_view,Service Recovery,Portal,22
ENG005229,C001389,7271,Karen Barber,2026-05-09,unsubscribe_risk,Escalation Follow-up,Email,-10
ENG005230,C001390,9463,Mary Key,2026-05-06,campaign_open,Retention Pulse,Email,8
ENG005231,C001390,9463,Mary Key,2026-05-07,campaign_click,Retention Pulse,Email,12
ENG005232,C001390,9463,Mary Key,2026-05-08,account_page_view,Service Recovery,Portal,22
ENG005233,C001390,9463,Mary Key,2026-05-09,unsubscribe_risk,Escalation Follow-up,Email,-10
ENG005234,C001391,187,Mildred Herrera,2026-05-06,campaign_open,Retention Pulse,Email,8
ENG005235,C001391,187,Mildred Herrera,2026-05-07,campaign_click,Retention Pulse,Email,12
ENG005236,C001391,187,Mildred Herrera,2026-05-08,account_page_view,Service Recovery,Portal,22
ENG005237,C001391,187,Mildred Herrera,2026-05-09,unsubscribe_risk,Escalation Follow-up,Email,-10
ENG005238,C001392,6724,Benjamin Smith,2026-05-06,campaign_open,Retention Pulse,Email,8
ENG005239,C001392,6724,Benjamin Smith,2026-05-07,campaign_click,Retention Pulse,Email,12
ENG005240,C001392,6724,Benjamin Smith,2026-05-08,account_page_view,Service Recovery,Portal,22
ENG005241,C001392,6724,Benjamin Smith,2026-05-09,unsubscribe_risk,Escalation Follow-up,Email,-10
ENG005242,C001393,6494,Brittany Smith,2026-05-06,campaign_open,Retention Pulse,Email,8
ENG005243,C001393,6494,Brittany Smith,2026-05-07,campaign_click,Retention Pulse,Email,12
ENG005244,C001393,6494,Brittany Smith,2026-05-08,promo_response,Reactivation,Email,18
ENG005245,C001394,1753,Sandra Smith,2026-05-06,campaign_open,Retention Pulse,Email,8
ENG005246,C001394,1753,Sandra Smith,2026-05-07,campaign_click,Retention Pulse,Email,12
ENG005247,C001394,1753,Sandra Smith,2026-05-08,promo_response,Reactivation,Email,18
ENG005248,C001395,9573,Grace Gould,2026-05-06,campaign_open,Retention Pulse,Email,8
ENG005249,C001395,9573,Grace Gould,2026-05-07,campaign_click,Retention Pulse,Email,12
ENG005250,C001395,9573,Grace Gould,2026-05-08,account_page_view,Service Recovery,Portal,22
ENG005251,C001395,9573,Grace Gould,2026-05-09,unsubscribe_risk,Escalation Follow-up,Email,-10
ENG005252,C001396,7844,Scott Smith,2026-05-06,campaign_open,Retention Pulse,Email,8
ENG005253,C001396,7844,Scott Smith,2026-05-07,campaign_click,Retention Pulse,Email,12
ENG005254,C001396,7844,Scott Smith,2026-05-08,account_page_view,Service Recovery,Portal,22
ENG005255,C001396,7844,Scott Smith,2026-05-09,unsubscribe_risk,Escalation Follow-up,Email,-10
ENG005256,C001397,10194,Bobby Walker,2026-05-06,campaign_open,Retention Pulse,Email,8
ENG005257,C001397,10194,Bobby Walker,2026-05-07,campaign_click,Retention Pulse,Email,12
ENG005258,C001397,10194,Bobby Walker,2026-05-08,account_page_view,Service Recovery,Portal,22
ENG005259,C001397,10194,Bobby Walker,2026-05-09,unsubscribe_risk,Escalation Follow-up,Email,-10
ENG005260,C001398,5297,Mary Smith,2026-05-06,campaign_open,Retention Pulse,Email,8
ENG005261,C001398,5297,Mary Smith,2026-05-07,campaign_click,Retention Pulse,Email,12
ENG005262,C001398,5297,Mary Smith,2026-05-08,promo_response,Reactivation,Email,18
ENG005263,C001399,7739,Kathy Morris,2026-05-06,campaign_open,Retention Pulse,Email,8
ENG005264,C001399,7739,Kathy Morris,2026-05-07,campaign_click,Retention Pulse,Email,12
ENG005265,C001399,7739,Kathy Morris,2026-05-08,account_page_view,Service Recovery,Portal,22
ENG005266,C001399,7739,Kathy Morris,2026-05-09,unsubscribe_risk,Escalation Follow-up,Email,-10
ENG005267,C001400,10898,James Knight,2026-05-06,campaign_open,Retention Pulse,Email,8
ENG005268,C001400,10898,James Knight,2026-05-07,campaign_click,Retention Pulse,Email,12
ENG005269,C001400,10898,James Knight,2026-05-08,account_page_view,Service Recovery,Portal,22
ENG005270,C001400,10898,James Knight,2026-05-09,unsubscribe_risk,Escalation Follow-up,Email,-10
ENG005271,C001401,4758,Mary Mendoza,2026-05-06,campaign_open,Retention Pulse,Email,8
ENG005272,C001401,4758,Mary Mendoza,2026-05-07,campaign_click,Retention Pulse,Email,12
ENG005273,C001401,4758,Mary Mendoza,2026-05-08,account_page_view,Service Recovery,Portal,22
ENG005274,C001401,4758,Mary Mendoza,2026-05-09,unsubscribe_risk,Escalation Follow-up,Email,-10
ENG005275,C001402,6088,Mary Brooks,2026-05-06,campaign_open,Retention Pulse,Email,8
ENG005276,C001402,6088,Mary Brooks,2026-05-07,campaign_click,Retention Pulse,Email,12
ENG005277,C001402,6088,Mary Brooks,2026-05-08,account_page_view,Service Recovery,Portal,22
ENG005278,C001402,6088,Mary Brooks,2026-05-09,unsubscribe_risk,Escalation Follow-up,Email,-10
ENG005279,C001403,3375,Mary Sanchez,2026-05-06,campaign_open,Retention Pulse,Email,8
ENG005280,C001403,3375,Mary Sanchez,2026-05-07,campaign_click,Retention Pulse,Email,12
ENG005281,C001403,3375,Mary Sanchez,2026-05-08,account_page_view,Service Recovery,Portal,22
ENG005282,C001403,3375,Mary Sanchez,2026-05-09,unsubscribe_risk,Escalation Follow-up,Email,-10
ENG005283,C001404,3493,Joseph Simmons,2026-05-06,campaign_open,Retention Pulse,Email,8
ENG005284,C001404,3493,Joseph Simmons,2026-05-07,campaign_click,Retention Pulse,Email,12
ENG005285,C001404,3493,Joseph Simmons,2026-05-08,account_page_view,Service Recovery,Portal,22
ENG005286,C001404,3493,Joseph Simmons,2026-05-09,unsubscribe_risk,Escalation Follow-up,Email,-10
ENG005287,C001405,259,Mary Bates,2026-05-06,campaign_open,Retention Pulse,Email,8
ENG005288,C001405,259,Mary Bates,2026-05-07,campaign_click,Retention Pulse,Email,12
ENG005289,C001405,259,Mary Bates,2026-05-08,account_page_view,Service Recovery,Portal,22
ENG005290,C001405,259,Mary Bates,2026-05-09,unsubscribe_risk,Escalation Follow-up,Email,-10
ENG005291,C001406,1013,Frances Smith,2026-05-06,campaign_open,Retention Pulse,Email,8
ENG005292,C001406,1013,Frances Smith,2026-05-07,campaign_click,Retention Pulse,Email,12
ENG005293,C001406,1013,Frances Smith,2026-05-08,account_page_view,Service Recovery,Portal,22
ENG005294,C001406,1013,Frances Smith,2026-05-09,unsubscribe_risk,Escalation Follow-up,Email,-10
ENG005295,C001407,11311,Julie White,2026-05-06,campaign_open,Retention Pulse,Email,8
ENG005296,C001407,11311,Julie White,2026-05-07,campaign_click,Retention Pulse,Email,12
ENG005297,C001407,11311,Julie White,2026-05-08,account_page_view,Service Recovery,Portal,22
ENG005298,C001407,11311,Julie White,2026-05-09,unsubscribe_risk,Escalation Follow-up,Email,-10
ENG005299,C001408,7595,Mary Meyer,2026-05-06,campaign_open,Retention Pulse,Email,8
ENG005300,C001408,7595,Mary Meyer,2026-05-07,campaign_click,Retention Pulse,Email,12
ENG005301,C001408,7595,Mary Meyer,2026-05-08,account_page_view,Service Recovery,Portal,22
ENG005302,C001408,7595,Mary Meyer,2026-05-09,unsubscribe_risk,Escalation Follow-up,Email,-10
ENG005303,C001409,11801,Shirley Smith,2026-05-06,campaign_open,Retention Pulse,Email,8
ENG005304,C001409,11801,Shirley Smith,2026-05-07,campaign_click,Retention Pulse,Email,12
ENG005305,C001409,11801,Shirley Smith,2026-05-08,account_page_view,Service Recovery,Portal,22
ENG005306,C001409,11801,Shirley Smith,2026-05-09,unsubscribe_risk,Escalation Follow-up,Email,-10
ENG005307,C001410,8038,Donald Smith,2026-05-06,campaign_open,Retention Pulse,Email,8
ENG005308,C001410,8038,Donald Smith,2026-05-07,campaign_click,Retention Pulse,Email,12
ENG005309,C001410,8038,Donald Smith,2026-05-08,account_page_view,Service Recovery,Portal,22
ENG005310,C001410,8038,Donald Smith,2026-05-09,unsubscribe_risk,Escalation Follow-up,Email,-10
ENG005311,C001411,11895,Timothy Walter,2026-05-06,campaign_open,Retention Pulse,Email,8
ENG005312,C001411,11895,Timothy Walter,2026-05-07,campaign_click,Retention Pulse,Email,12
ENG005313,C001411,11895,Timothy Walter,2026-05-08,account_page_view,Service Recovery,Portal,22
ENG005314,C001411,11895,Timothy Walter,2026-05-09,unsubscribe_risk,Escalation Follow-up,Email,-10
ENG005315,C001412,7667,Henry Maldonado,2026-05-06,campaign_open,Retention Pulse,Email,8
ENG005316,C001412,7667,Henry Maldonado,2026-05-07,campaign_click,Retention Pulse,Email,12
ENG005317,C001412,7667,Henry Maldonado,2026-05-08,account_page_view,Service Recovery,Portal,22
ENG005318,C001412,7667,Henry Maldonado,2026-05-09,unsubscribe_risk,Escalation Follow-up,Email,-10
ENG005319,C001413,1175,Mary Gray,2026-05-06,campaign_open,Retention Pulse,Email,8
ENG005320,C001413,1175,Mary Gray,2026-05-07,campaign_click,Retention Pulse,Email,12
ENG005321,C001413,1175,Mary Gray,2026-05-08,account_page_view,Service Recovery,Portal,22
ENG005322,C001413,1175,Mary Gray,2026-05-09,unsubscribe_risk,Escalation Follow-up,Email,-10
ENG005323,C001414,1735,Mary Gill,2026-05-06,campaign_open,Retention Pulse,Email,8
ENG005324,C001414,1735,Mary Gill,2026-05-07,campaign_click,Retention Pulse,Email,12
ENG005325,C001414,1735,Mary Gill,2026-05-08,account_page_view,Service Recovery,Portal,22
ENG005326,C001414,1735,Mary Gill,2026-05-09,unsubscribe_risk,Escalation Follow-up,Email,-10
ENG005327,C001415,10312,Evelyn Lowe,2026-05-06,campaign_open,Retention Pulse,Email,8
ENG005328,C001415,10312,Evelyn Lowe,2026-05-07,campaign_click,Retention Pulse,Email,12
ENG005329,C001415,10312,Evelyn Lowe,2026-05-08,promo_response,Reactivation,Email,18
ENG005330,C001416,6397,Mary Carr,2026-05-06,campaign_open,Retention Pulse,Email,8
ENG005331,C001416,6397,Mary Carr,2026-05-07,campaign_click,Retention Pulse,Email,12
ENG005332,C001416,6397,Mary Carr,2026-05-08,account_page_view,Service Recovery,Portal,22
ENG005333,C001416,6397,Mary Carr,2026-05-09,unsubscribe_risk,Escalation Follow-up,Email,-10
ENG005334,C001417,10951,Austin Weiss,2026-05-06,campaign_open,Retention Pulse,Email,8
ENG005335,C001417,10951,Austin Weiss,2026-05-07,campaign_click,Retention Pulse,Email,12
ENG005336,C001417,10951,Austin Weiss,2026-05-08,account_page_view,Service Recovery,Portal,22
ENG005337,C001417,10951,Austin Weiss,2026-05-09,unsubscribe_risk,Escalation Follow-up,Email,-10
ENG005338,C001418,2310,Mary Reeves,2026-05-06,campaign_open,Retention Pulse,Email,8
ENG005339,C001418,2310,Mary Reeves,2026-05-07,campaign_click,Retention Pulse,Email,12
ENG005340,C001418,2310,Mary Reeves,2026-05-08,promo_response,Reactivation,Email,18
ENG005341,C001419,4169,Mary Palmer,2026-05-06,campaign_open,Retention Pulse,Email,8
ENG005342,C001419,4169,Mary Palmer,2026-05-07,campaign_click,Retention Pulse,Email,12
ENG005343,C001419,4169,Mary Palmer,2026-05-08,promo_response,Reactivation,Email,18
ENG005344,C001420,4562,Mary Smith,2026-05-06,campaign_open,Retention Pulse,Email,8
ENG005345,C001420,4562,Mary Smith,2026-05-07,campaign_click,Retention Pulse,Email,12
ENG005346,C001420,4562,Mary Smith,2026-05-08,account_page_view,Service Recovery,Portal,22
ENG005347,C001420,4562,Mary Smith,2026-05-09,unsubscribe_risk,Escalation Follow-up,Email,-10
ENG005348,C001421,11929,Amy Smith,2026-05-06,campaign_open,Retention Pulse,Email,8
ENG005349,C001421,11929,Amy Smith,2026-05-07,campaign_click,Retention Pulse,Email,12
ENG005350,C001421,11929,Amy Smith,2026-05-08,promo_response,Reactivation,Email,18
ENG005351,C001422,642,Timothy Vasquez,2026-05-06,campaign_open,Retention Pulse,Email,8
ENG005352,C001422,642,Timothy Vasquez,2026-05-07,campaign_click,Retention Pulse,Email,12
ENG005353,C001422,642,Timothy Vasquez,2026-05-08,account_page_view,Service Recovery,Portal,22
ENG005354,C001422,642,Timothy Vasquez,2026-05-09,unsubscribe_risk,Escalation Follow-up,Email,-10
ENG005355,C001423,6178,Mary Smith,2026-05-06,campaign_open,Retention Pulse,Email,8
ENG005356,C001423,6178,Mary Smith,2026-05-07,campaign_click,Retention Pulse,Email,12
ENG005357,C001423,6178,Mary Smith,2026-05-08,account_page_view,Service Recovery,Portal,22
ENG005358,C001423,6178,Mary Smith,2026-05-09,unsubscribe_risk,Escalation Follow-up,Email,-10
ENG005359,C001424,5518,Patricia Smith,2026-05-06,campaign_open,Retention Pulse,Email,8
ENG005360,C001424,5518,Patricia Smith,2026-05-07,campaign_click,Retention Pulse,Email,12
ENG005361,C001424,5518,Patricia Smith,2026-05-08,account_page_view,Service Recovery,Portal,22
ENG005362,C001424,5518,Patricia Smith,2026-05-09,unsubscribe_risk,Escalation Follow-up,Email,-10
ENG005363,C001425,7112,Mark Harris,2026-05-06,campaign_open,Retention Pulse,Email,8
ENG005364,C001425,7112,Mark Harris,2026-05-07,campaign_click,Retention Pulse,Email,12
ENG005365,C001425,7112,Mark Harris,2026-05-08,account_page_view,Service Recovery,Portal,22
ENG005366,C001425,7112,Mark Harris,2026-05-09,unsubscribe_risk,Escalation Follow-up,Email,-10
ENG005367,C001426,8294,Mary Smith,2026-05-06,campaign_open,Retention Pulse,Email,8
ENG005368,C001426,8294,Mary Smith,2026-05-07,campaign_click,Retention Pulse,Email,12
ENG005369,C001426,8294,Mary Smith,2026-05-08,account_page_view,Service Recovery,Portal,22
ENG005370,C001426,8294,Mary Smith,2026-05-09,unsubscribe_risk,Escalation Follow-up,Email,-10
ENG005371,C001427,3428,Madison Joseph,2026-05-06,campaign_open,Retention Pulse,Email,8
ENG005372,C001427,3428,Madison Joseph,2026-05-07,campaign_click,Retention Pulse,Email,12
ENG005373,C001427,3428,Madison Joseph,2026-05-08,promo_response,Reactivation,Email,18
ENG005374,C001428,9912,David Phillips,2026-05-06,campaign_open,Retention Pulse,Email,8
ENG005375,C001428,9912,David Phillips,2026-05-07,campaign_click,Retention Pulse,Email,12
ENG005376,C001428,9912,David Phillips,2026-05-08,account_page_view,Service Recovery,Portal,22
ENG005377,C001428,9912,David Phillips,2026-05-09,unsubscribe_risk,Escalation Follow-up,Email,-10
ENG005378,C001429,3656,Willie Smith,2026-05-06,campaign_open,Retention Pulse,Email,8
ENG005379,C001429,3656,Willie Smith,2026-05-07,campaign_click,Retention Pulse,Email,12
ENG005380,C001429,3656,Willie Smith,2026-05-08,account_page_view,Service Recovery,Portal,22
ENG005381,C001429,3656,Willie Smith,2026-05-09,unsubscribe_risk,Escalation Follow-up,Email,-10
ENG005382,C001430,3503,Kathryn Davis,2026-05-06,campaign_open,Retention Pulse,Email,8
ENG005383,C001430,3503,Kathryn Davis,2026-05-07,campaign_click,Retention Pulse,Email,12
ENG005384,C001430,3503,Kathryn Davis,2026-05-08,account_page_view,Service Recovery,Portal,22
ENG005385,C001430,3503,Kathryn Davis,2026-05-09,unsubscribe_risk,Escalation Follow-up,Email,-10
ENG005386,C001431,9195,George Johns,2026-05-06,campaign_open,Retention Pulse,Email,8
ENG005387,C001431,9195,George Johns,2026-05-07,campaign_click,Retention Pulse,Email,12
ENG005388,C001431,9195,George Johns,2026-05-08,account_page_view,Service Recovery,Portal,22
ENG005389,C001431,9195,George Johns,2026-05-09,unsubscribe_risk,Escalation Follow-up,Email,-10
ENG005390,C001432,3066,Mary Smith,2026-05-06,campaign_open,Retention Pulse,Email,8
ENG005391,C001432,3066,Mary Smith,2026-05-07,campaign_click,Retention Pulse,Email,12
ENG005392,C001432,3066,Mary Smith,2026-05-08,promo_response,Reactivation,Email,18
ENG005393,C001433,2453,Stephen Smith,2026-05-06,campaign_open,Retention Pulse,Email,8
ENG005394,C001433,2453,Stephen Smith,2026-05-07,campaign_click,Retention Pulse,Email,12
ENG005395,C001433,2453,Stephen Smith,2026-05-08,account_page_view,Service Recovery,Portal,22
ENG005396,C001433,2453,Stephen Smith,2026-05-09,unsubscribe_risk,Escalation Follow-up,Email,-10
ENG005397,C001434,6926,Ashley Powell,2026-05-06,campaign_open,Retention Pulse,Email,8
ENG005398,C001434,6926,Ashley Powell,2026-05-07,campaign_click,Retention Pulse,Email,12
ENG005399,C001434,6926,Ashley Powell,2026-05-08,promo_response,Reactivation,Email,18
ENG005400,C001435,11443,Mary Smith,2026-05-06,campaign_open,Retention Pulse,Email,8
ENG005401,C001435,11443,Mary Smith,2026-05-07,campaign_click,Retention Pulse,Email,12
ENG005402,C001435,11443,Mary Smith,2026-05-08,promo_response,Reactivation,Email,18
ENG005403,C001436,984,Amy Smith,2026-05-06,campaign_open,Retention Pulse,Email,8
ENG005404,C001436,984,Amy Smith,2026-05-07,campaign_click,Retention Pulse,Email,12
ENG005405,C001436,984,Amy Smith,2026-05-08,account_page_view,Service Recovery,Portal,22
ENG005406,C001436,984,Amy Smith,2026-05-09,unsubscribe_risk,Escalation Follow-up,Email,-10
ENG005407,C001437,11189,Mary Hammond,2026-05-06,campaign_open,Retention Pulse,Email,8
ENG005408,C001437,11189,Mary Hammond,2026-05-07,campaign_click,Retention Pulse,Email,12
ENG005409,C001437,11189,Mary Hammond,2026-05-08,account_page_view,Service Recovery,Portal,22
ENG005410,C001437,11189,Mary Hammond,2026-05-09,unsubscribe_risk,Escalation Follow-up,Email,-10
ENG005411,C001438,9305,Mary Evans,2026-05-06,campaign_open,Retention Pulse,Email,8
ENG005412,C001438,9305,Mary Evans,2026-05-07,campaign_click,Retention Pulse,Email,12
ENG005413,C001438,9305,Mary Evans,2026-05-08,account_page_view,Service Recovery,Portal,22
ENG005414,C001438,9305,Mary Evans,2026-05-09,unsubscribe_risk,Escalation Follow-up,Email,-10
ENG005415,C001439,10162,Joseph Livingston,2026-05-06,campaign_open,Retention Pulse,Email,8
ENG005416,C001439,10162,Joseph Livingston,2026-05-07,campaign_click,Retention Pulse,Email,12
ENG005417,C001439,10162,Joseph Livingston,2026-05-08,promo_response,Reactivation,Email,18
ENG005418,C001440,11924,Mary Ramos,2026-05-06,campaign_open,Retention Pulse,Email,8
ENG005419,C001440,11924,Mary Ramos,2026-05-07,campaign_click,Retention Pulse,Email,12
ENG005420,C001440,11924,Mary Ramos,2026-05-08,promo_response,Reactivation,Email,18
ENG005421,C001441,10165,Joan Buckley,2026-05-06,campaign_open,Retention Pulse,Email,8
ENG005422,C001441,10165,Joan Buckley,2026-05-07,campaign_click,Retention Pulse,Email,12
ENG005423,C001441,10165,Joan Buckley,2026-05-08,account_page_view,Service Recovery,Portal,22
ENG005424,C001441,10165,Joan Buckley,2026-05-09,unsubscribe_risk,Escalation Follow-up,Email,-10
ENG005425,C001442,1273,Maria Evans,2026-05-06,campaign_open,Retention Pulse,Email,8
ENG005426,C001442,1273,Maria Evans,2026-05-07,campaign_click,Retention Pulse,Email,12
ENG005427,C001442,1273,Maria Evans,2026-05-08,account_page_view,Service Recovery,Portal,22
ENG005428,C001442,1273,Maria Evans,2026-05-09,unsubscribe_risk,Escalation Follow-up,Email,-10
ENG005429,C001443,11032,Mary Welch,2026-05-06,campaign_open,Retention Pulse,Email,8
ENG005430,C001443,11032,Mary Welch,2026-05-07,campaign_click,Retention Pulse,Email,12
ENG005431,C001443,11032,Mary Welch,2026-05-08,account_page_view,Service Recovery,Portal,22
ENG005432,C001443,11032,Mary Welch,2026-05-09,unsubscribe_risk,Escalation Follow-up,Email,-10
ENG005433,C001444,7234,Mary Bowers,2026-05-06,campaign_open,Retention Pulse,Email,8
ENG005434,C001444,7234,Mary Bowers,2026-05-07,campaign_click,Retention Pulse,Email,12
ENG005435,C001444,7234,Mary Bowers,2026-05-08,account_page_view,Service Recovery,Portal,22
ENG005436,C001444,7234,Mary Bowers,2026-05-09,unsubscribe_risk,Escalation Follow-up,Email,-10
ENG005437,C001445,3477,Mary Smith,2026-05-06,campaign_open,Retention Pulse,Email,8
ENG005438,C001445,3477,Mary Smith,2026-05-07,campaign_click,Retention Pulse,Email,12
ENG005439,C001445,3477,Mary Smith,2026-05-08,account_page_view,Service Recovery,Portal,22
ENG005440,C001445,3477,Mary Smith,2026-05-09,unsubscribe_risk,Escalation Follow-up,Email,-10
ENG005441,C001446,3944,James Smith,2026-05-06,campaign_open,Retention Pulse,Email,8
ENG005442,C001446,3944,James Smith,2026-05-07,campaign_click,Retention Pulse,Email,12
ENG005443,C001446,3944,James Smith,2026-05-08,account_page_view,Service Recovery,Portal,22
ENG005444,C001446,3944,James Smith,2026-05-09,unsubscribe_risk,Escalation Follow-up,Email,-10
ENG005445,C001447,6532,Mary Dixon,2026-05-06,campaign_open,Retention Pulse,Email,8
ENG005446,C001447,6532,Mary Dixon,2026-05-07,campaign_click,Retention Pulse,Email,12
ENG005447,C001447,6532,Mary Dixon,2026-05-08,account_page_view,Service Recovery,Portal,22
ENG005448,C001447,6532,Mary Dixon,2026-05-09,unsubscribe_risk,Escalation Follow-up,Email,-10
ENG005449,C001448,6014,Mary Washington,2026-05-06,campaign_open,Retention Pulse,Email,8
ENG005450,C001448,6014,Mary Washington,2026-05-07,campaign_click,Retention Pulse,Email,12
ENG005451,C001448,6014,Mary Washington,2026-05-08,account_page_view,Service Recovery,Portal,22
ENG005452,C001448,6014,Mary Washington,2026-05-09,unsubscribe_risk,Escalation Follow-up,Email,-10
ENG005453,C001449,11387,Larry Smith,2026-05-06,campaign_open,Retention Pulse,Email,8
ENG005454,C001449,11387,Larry Smith,2026-05-07,campaign_click,Retention Pulse,Email,12
ENG005455,C001449,11387,Larry Smith,2026-05-08,account_page_view,Service Recovery,Portal,22
ENG005456,C001449,11387,Larry Smith,2026-05-09,unsubscribe_risk,Escalation Follow-up,Email,-10
ENG005457,C001450,7439,Mary Flores,2026-05-06,campaign_open,Retention Pulse,Email,8
ENG005458,C001450,7439,Mary Flores,2026-05-07,campaign_click,Retention Pulse,Email,12
ENG005459,C001450,7439,Mary Flores,2026-05-08,promo_response,Reactivation,Email,18
ENG005460,C001451,6287,Mary Smith,2026-05-06,campaign_open,Retention Pulse,Email,8
ENG005461,C001451,6287,Mary Smith,2026-05-07,campaign_click,Retention Pulse,Email,12
ENG005462,C001451,6287,Mary Smith,2026-05-08,account_page_view,Service Recovery,Portal,22
ENG005463,C001451,6287,Mary Smith,2026-05-09,unsubscribe_risk,Escalation Follow-up,Email,-10
ENG005464,C001452,3567,Thomas Schroeder,2026-05-06,campaign_open,Retention Pulse,Email,8
ENG005465,C001452,3567,Thomas Schroeder,2026-05-07,campaign_click,Retention Pulse,Email,12
ENG005466,C001452,3567,Thomas Schroeder,2026-05-08,account_page_view,Service Recovery,Portal,22
ENG005467,C001452,3567,Thomas Schroeder,2026-05-09,unsubscribe_risk,Escalation Follow-up,Email,-10
ENG005468,C001453,6338,Sharon Snyder,2026-05-06,campaign_open,Retention Pulse,Email,8
ENG005469,C001453,6338,Sharon Snyder,2026-05-07,campaign_click,Retention Pulse,Email,12
ENG005470,C001453,6338,Sharon Snyder,2026-05-08,account_page_view,Service Recovery,Portal,22
ENG005471,C001453,6338,Sharon Snyder,2026-05-09,unsubscribe_risk,Escalation Follow-up,Email,-10
ENG005472,C001454,11352,Doris Peterson,2026-05-06,campaign_open,Retention Pulse,Email,8
ENG005473,C001454,11352,Doris Peterson,2026-05-07,campaign_click,Retention Pulse,Email,12
ENG005474,C001454,11352,Doris Peterson,2026-05-08,account_page_view,Service Recovery,Portal,22
ENG005475,C001454,11352,Doris Peterson,2026-05-09,unsubscribe_risk,Escalation Follow-up,Email,-10
ENG005476,C001455,4297,Mary Torres,2026-05-06,campaign_open,Retention Pulse,Email,8
ENG005477,C001455,4297,Mary Torres,2026-05-07,campaign_click,Retention Pulse,Email,12
ENG005478,C001455,4297,Mary Torres,2026-05-08,promo_response,Reactivation,Email,18
ENG005479,C001456,3197,Mary Holloway,2026-05-06,campaign_open,Retention Pulse,Email,8
ENG005480,C001456,3197,Mary Holloway,2026-05-07,campaign_click,Retention Pulse,Email,12
ENG005481,C001456,3197,Mary Holloway,2026-05-08,account_page_view,Service Recovery,Portal,22
ENG005482,C001456,3197,Mary Holloway,2026-05-09,unsubscribe_risk,Escalation Follow-up,Email,-10
ENG005483,C001457,4673,Wayne Hodges,2026-05-06,campaign_open,Retention Pulse,Email,8
ENG005484,C001457,4673,Wayne Hodges,2026-05-07,campaign_click,Retention Pulse,Email,12
ENG005485,C001457,4673,Wayne Hodges,2026-05-08,promo_response,Reactivation,Email,18
ENG005486,C001458,737,Lawrence Smith,2026-05-06,campaign_open,Retention Pulse,Email,8
ENG005487,C001458,737,Lawrence Smith,2026-05-07,campaign_click,Retention Pulse,Email,12
ENG005488,C001458,737,Lawrence Smith,2026-05-08,promo_response,Reactivation,Email,18
ENG005489,C001459,538,Joshua Livingston,2026-05-06,campaign_open,Retention Pulse,Email,8
ENG005490,C001459,538,Joshua Livingston,2026-05-07,campaign_click,Retention Pulse,Email,12
ENG005491,C001459,538,Joshua Livingston,2026-05-08,promo_response,Reactivation,Email,18
ENG005492,C001460,1961,Mary Holt,2026-05-06,campaign_open,Retention Pulse,Email,8
ENG005493,C001460,1961,Mary Holt,2026-05-07,campaign_click,Retention Pulse,Email,12
ENG005494,C001460,1961,Mary Holt,2026-05-08,account_page_view,Service Recovery,Portal,22
ENG005495,C001460,1961,Mary Holt,2026-05-09,unsubscribe_risk,Escalation Follow-up,Email,-10
ENG005496,C001461,2301,Mary Smith,2026-05-06,campaign_open,Retention Pulse,Email,8
ENG005497,C001461,2301,Mary Smith,2026-05-07,campaign_click,Retention Pulse,Email,12
ENG005498,C001461,2301,Mary Smith,2026-05-08,account_page_view,Service Recovery,Portal,22
ENG005499,C001461,2301,Mary Smith,2026-05-09,unsubscribe_risk,Escalation Follow-up,Email,-10
ENG005500,C001462,10518,Jesse Dawson,2026-05-06,campaign_open,Retention Pulse,Email,8
ENG005501,C001462,10518,Jesse Dawson,2026-05-07,campaign_click,Retention Pulse,Email,12
ENG005502,C001462,10518,Jesse Dawson,2026-05-08,account_page_view,Service Recovery,Portal,22
ENG005503,C001462,10518,Jesse Dawson,2026-05-09,unsubscribe_risk,Escalation Follow-up,Email,-10
ENG005504,C001463,6671,Randy Chambers,2026-05-06,campaign_open,Retention Pulse,Email,8
ENG005505,C001463,6671,Randy Chambers,2026-05-07,campaign_click,Retention Pulse,Email,12
ENG005506,C001463,6671,Randy Chambers,2026-05-08,account_page_view,Service Recovery,Portal,22
ENG005507,C001463,6671,Randy Chambers,2026-05-09,unsubscribe_risk,Escalation Follow-up,Email,-10
ENG005508,C001464,11073,Mary Smith,2026-05-06,campaign_open,Retention Pulse,Email,8
ENG005509,C001464,11073,Mary Smith,2026-05-07,campaign_click,Retention Pulse,Email,12
ENG005510,C001464,11073,Mary Smith,2026-05-08,promo_response,Reactivation,Email,18
ENG005511,C001465,8328,Donna Smith,2026-05-06,campaign_open,Retention Pulse,Email,8
ENG005512,C001465,8328,Donna Smith,2026-05-07,campaign_click,Retention Pulse,Email,12
ENG005513,C001465,8328,Donna Smith,2026-05-08,account_page_view,Service Recovery,Portal,22
ENG005514,C001465,8328,Donna Smith,2026-05-09,unsubscribe_risk,Escalation Follow-up,Email,-10
ENG005515,C001466,4926,Mary Smith,2026-05-06,campaign_open,Retention Pulse,Email,8
ENG005516,C001466,4926,Mary Smith,2026-05-07,campaign_click,Retention Pulse,Email,12
ENG005517,C001466,4926,Mary Smith,2026-05-08,account_page_view,Service Recovery,Portal,22
ENG005518,C001466,4926,Mary Smith,2026-05-09,unsubscribe_risk,Escalation Follow-up,Email,-10
ENG005519,C001467,6566,David Beck,2026-05-06,campaign_open,Retention Pulse,Email,8
ENG005520,C001467,6566,David Beck,2026-05-07,campaign_click,Retention Pulse,Email,12
ENG005521,C001467,6566,David Beck,2026-05-08,account_page_view,Service Recovery,Portal,22
ENG005522,C001467,6566,David Beck,2026-05-09,unsubscribe_risk,Escalation Follow-up,Email,-10
ENG005523,C001468,4624,Kenneth Matthews,2026-05-06,campaign_open,Retention Pulse,Email,8
ENG005524,C001468,4624,Kenneth Matthews,2026-05-07,campaign_click,Retention Pulse,Email,12
ENG005525,C001468,4624,Kenneth Matthews,2026-05-08,account_page_view,Service Recovery,Portal,22
ENG005526,C001468,4624,Kenneth Matthews,2026-05-09,unsubscribe_risk,Escalation Follow-up,Email,-10
ENG005527,C001469,3237,James Gonzalez,2026-05-06,campaign_open,Retention Pulse,Email,8
ENG005528,C001469,3237,James Gonzalez,2026-05-07,campaign_click,Retention Pulse,Email,12
ENG005529,C001469,3237,James Gonzalez,2026-05-08,account_page_view,Service Recovery,Portal,22
ENG005530,C001469,3237,James Gonzalez,2026-05-09,unsubscribe_risk,Escalation Follow-up,Email,-10
ENG005531,C001470,10942,Donald Smith,2026-05-06,campaign_open,Retention Pulse,Email,8
ENG005532,C001470,10942,Donald Smith,2026-05-07,campaign_click,Retention Pulse,Email,12
ENG005533,C001470,10942,Donald Smith,2026-05-08,account_page_view,Service Recovery,Portal,22
ENG005534,C001470,10942,Donald Smith,2026-05-09,unsubscribe_risk,Escalation Follow-up,Email,-10
ENG005535,C001471,6407,Steven Smith,2026-05-06,campaign_open,Retention Pulse,Email,8
ENG005536,C001471,6407,Steven Smith,2026-05-07,campaign_click,Retention Pulse,Email,12
ENG005537,C001471,6407,Steven Smith,2026-05-08,account_page_view,Service Recovery,Portal,22
ENG005538,C001471,6407,Steven Smith,2026-05-09,unsubscribe_risk,Escalation Follow-up,Email,-10
ENG005539,C001472,7738,Mary Smith,2026-05-06,campaign_open,Retention Pulse,Email,8
ENG005540,C001472,7738,Mary Smith,2026-05-07,campaign_click,Retention Pulse,Email,12
ENG005541,C001472,7738,Mary Smith,2026-05-08,account_page_view,Service Recovery,Portal,22
ENG005542,C001472,7738,Mary Smith,2026-05-09,unsubscribe_risk,Escalation Follow-up,Email,-10
ENG005543,C001473,10039,Mary Butler,2026-05-06,campaign_open,Retention Pulse,Email,8
ENG005544,C001473,10039,Mary Butler,2026-05-07,campaign_click,Retention Pulse,Email,12
ENG005545,C001473,10039,Mary Butler,2026-05-08,account_page_view,Service Recovery,Portal,22
ENG005546,C001473,10039,Mary Butler,2026-05-09,unsubscribe_risk,Escalation Follow-up,Email,-10
ENG005547,C001474,296,Mary Mullen,2026-05-06,campaign_open,Retention Pulse,Email,8
ENG005548,C001474,296,Mary Mullen,2026-05-07,campaign_click,Retention Pulse,Email,12
ENG005549,C001474,296,Mary Mullen,2026-05-08,account_page_view,Service Recovery,Portal,22
ENG005550,C001474,296,Mary Mullen,2026-05-09,unsubscribe_risk,Escalation Follow-up,Email,-10
ENG005551,C001475,7905,Cynthia Garcia,2026-05-06,campaign_open,Retention Pulse,Email,8
ENG005552,C001475,7905,Cynthia Garcia,2026-05-07,campaign_click,Retention Pulse,Email,12
ENG005553,C001475,7905,Cynthia Garcia,2026-05-08,promo_response,Reactivation,Email,18
ENG005554,C001476,6253,Mary Peterson,2026-05-06,campaign_open,Retention Pulse,Email,8
ENG005555,C001476,6253,Mary Peterson,2026-05-07,campaign_click,Retention Pulse,Email,12
ENG005556,C001476,6253,Mary Peterson,2026-05-08,account_page_view,Service Recovery,Portal,22
ENG005557,C001476,6253,Mary Peterson,2026-05-09,unsubscribe_risk,Escalation Follow-up,Email,-10
ENG005558,C001477,1882,Jacob Wood,2026-05-06,campaign_open,Retention Pulse,Email,8
ENG005559,C001477,1882,Jacob Wood,2026-05-07,campaign_click,Retention Pulse,Email,12
ENG005560,C001477,1882,Jacob Wood,2026-05-08,account_page_view,Service Recovery,Portal,22
ENG005561,C001477,1882,Jacob Wood,2026-05-09,unsubscribe_risk,Escalation Follow-up,Email,-10
ENG005562,C001478,8463,Nathan Burns,2026-05-06,campaign_open,Retention Pulse,Email,8
ENG005563,C001478,8463,Nathan Burns,2026-05-07,campaign_click,Retention Pulse,Email,12
ENG005564,C001478,8463,Nathan Burns,2026-05-08,account_page_view,Service Recovery,Portal,22
ENG005565,C001478,8463,Nathan Burns,2026-05-09,unsubscribe_risk,Escalation Follow-up,Email,-10
ENG005566,C001479,7758,Joyce Howe,2026-05-06,campaign_open,Retention Pulse,Email,8
ENG005567,C001479,7758,Joyce Howe,2026-05-07,campaign_click,Retention Pulse,Email,12
ENG005568,C001479,7758,Joyce Howe,2026-05-08,promo_response,Reactivation,Email,18
ENG005569,C001480,5683,Rachel Smith,2026-05-06,campaign_open,Retention Pulse,Email,8
ENG005570,C001480,5683,Rachel Smith,2026-05-07,campaign_click,Retention Pulse,Email,12
ENG005571,C001480,5683,Rachel Smith,2026-05-08,account_page_view,Service Recovery,Portal,22
ENG005572,C001480,5683,Rachel Smith,2026-05-09,unsubscribe_risk,Escalation Follow-up,Email,-10
ENG005573,C001481,7967,Samuel Jones,2026-05-06,campaign_open,Retention Pulse,Email,8
ENG005574,C001481,7967,Samuel Jones,2026-05-07,campaign_click,Retention Pulse,Email,12
ENG005575,C001481,7967,Samuel Jones,2026-05-08,account_page_view,Service Recovery,Portal,22
ENG005576,C001481,7967,Samuel Jones,2026-05-09,unsubscribe_risk,Escalation Follow-up,Email,-10
ENG005577,C001482,10277,Ann Smith,2026-05-06,campaign_open,Retention Pulse,Email,8
ENG005578,C001482,10277,Ann Smith,2026-05-07,campaign_click,Retention Pulse,Email,12
ENG005579,C001482,10277,Ann Smith,2026-05-08,account_page_view,Service Recovery,Portal,22
ENG005580,C001482,10277,Ann Smith,2026-05-09,unsubscribe_risk,Escalation Follow-up,Email,-10
ENG005581,C001483,12187,Mary Smith,2026-05-06,campaign_open,Retention Pulse,Email,8
ENG005582,C001483,12187,Mary Smith,2026-05-07,campaign_click,Retention Pulse,Email,12
ENG005583,C001483,12187,Mary Smith,2026-05-08,account_page_view,Service Recovery,Portal,22
ENG005584,C001483,12187,Mary Smith,2026-05-09,unsubscribe_risk,Escalation Follow-up,Email,-10
ENG005585,C001484,7992,Harold Smith,2026-05-06,campaign_open,Retention Pulse,Email,8
ENG005586,C001484,7992,Harold Smith,2026-05-07,campaign_click,Retention Pulse,Email,12
ENG005587,C001484,7992,Harold Smith,2026-05-08,promo_response,Reactivation,Email,18
ENG005588,C001485,11822,Christian Smith,2026-05-06,campaign_open,Retention Pulse,Email,8
ENG005589,C001485,11822,Christian Smith,2026-05-07,campaign_click,Retention Pulse,Email,12
ENG005590,C001485,11822,Christian Smith,2026-05-08,account_page_view,Service Recovery,Portal,22
ENG005591,C001485,11822,Christian Smith,2026-05-09,unsubscribe_risk,Escalation Follow-up,Email,-10
ENG005592,C001486,3291,Mary Parrish,2026-05-06,campaign_open,Retention Pulse,Email,8
ENG005593,C001486,3291,Mary Parrish,2026-05-07,campaign_click,Retention Pulse,Email,12
ENG005594,C001486,3291,Mary Parrish,2026-05-08,promo_response,Reactivation,Email,18
ENG005595,C001487,2306,Mary Chen,2026-05-06,campaign_open,Retention Pulse,Email,8
ENG005596,C001487,2306,Mary Chen,2026-05-07,campaign_click,Retention Pulse,Email,12
ENG005597,C001487,2306,Mary Chen,2026-05-08,account_page_view,Service Recovery,Portal,22
ENG005598,C001487,2306,Mary Chen,2026-05-09,unsubscribe_risk,Escalation Follow-up,Email,-10
ENG005599,C001488,4202,Kimberly Griffin,2026-05-06,campaign_open,Retention Pulse,Email,8
ENG005600,C001488,4202,Kimberly Griffin,2026-05-07,campaign_click,Retention Pulse,Email,12
ENG005601,C001488,4202,Kimberly Griffin,2026-05-08,account_page_view,Service Recovery,Portal,22
ENG005602,C001488,4202,Kimberly Griffin,2026-05-09,unsubscribe_risk,Escalation Follow-up,Email,-10
ENG005603,C001489,1172,Marie Morales,2026-05-06,campaign_open,Retention Pulse,Email,8
ENG005604,C001489,1172,Marie Morales,2026-05-07,campaign_click,Retention Pulse,Email,12
ENG005605,C001489,1172,Marie Morales,2026-05-08,account_page_view,Service Recovery,Portal,22
ENG005606,C001489,1172,Marie Morales,2026-05-09,unsubscribe_risk,Escalation Follow-up,Email,-10
ENG005607,C001490,6785,Mary Davila,2026-05-06,campaign_open,Retention Pulse,Email,8
ENG005608,C001490,6785,Mary Davila,2026-05-07,campaign_click,Retention Pulse,Email,12
ENG005609,C001490,6785,Mary Davila,2026-05-08,account_page_view,Service Recovery,Portal,22
ENG005610,C001490,6785,Mary Davila,2026-05-09,unsubscribe_risk,Escalation Follow-up,Email,-10
ENG005611,C001491,10454,Anthony Leblanc,2026-05-06,campaign_open,Retention Pulse,Email,8
ENG005612,C001491,10454,Anthony Leblanc,2026-05-07,campaign_click,Retention Pulse,Email,12
ENG005613,C001491,10454,Anthony Leblanc,2026-05-08,account_page_view,Service Recovery,Portal,22
ENG005614,C001491,10454,Anthony Leblanc,2026-05-09,unsubscribe_risk,Escalation Follow-up,Email,-10
ENG005615,C001492,11875,Joseph Stevens,2026-05-06,campaign_open,Retention Pulse,Email,8
ENG005616,C001492,11875,Joseph Stevens,2026-05-07,campaign_click,Retention Pulse,Email,12
ENG005617,C001492,11875,Joseph Stevens,2026-05-08,promo_response,Reactivation,Email,18
ENG005618,C001493,10799,Jane Smith,2026-05-06,campaign_open,Retention Pulse,Email,8
ENG005619,C001493,10799,Jane Smith,2026-05-07,campaign_click,Retention Pulse,Email,12
ENG005620,C001493,10799,Jane Smith,2026-05-08,account_page_view,Service Recovery,Portal,22
ENG005621,C001493,10799,Jane Smith,2026-05-09,unsubscribe_risk,Escalation Follow-up,Email,-10
ENG005622,C001494,8546,Mary Smith,2026-05-06,campaign_open,Retention Pulse,Email,8
ENG005623,C001494,8546,Mary Smith,2026-05-07,campaign_click,Retention Pulse,Email,12
ENG005624,C001494,8546,Mary Smith,2026-05-08,account_page_view,Service Recovery,Portal,22
ENG005625,C001494,8546,Mary Smith,2026-05-09,unsubscribe_risk,Escalation Follow-up,Email,-10
ENG005626,C001495,9683,Mary Ray,2026-05-06,campaign_open,Retention Pulse,Email,8
ENG005627,C001495,9683,Mary Ray,2026-05-07,campaign_click,Retention Pulse,Email,12
ENG005628,C001495,9683,Mary Ray,2026-05-08,account_page_view,Service Recovery,Portal,22
ENG005629,C001495,9683,Mary Ray,2026-05-09,unsubscribe_risk,Escalation Follow-up,Email,-10
ENG005630,C001496,11473,Mary Smith,2026-05-06,campaign_open,Retention Pulse,Email,8
ENG005631,C001496,11473,Mary Smith,2026-05-07,campaign_click,Retention Pulse,Email,12
ENG005632,C001496,11473,Mary Smith,2026-05-08,account_page_view,Service Recovery,Portal,22
ENG005633,C001496,11473,Mary Smith,2026-05-09,unsubscribe_risk,Escalation Follow-up,Email,-10
ENG005634,C001497,5762,Crystal Foster,2026-05-06,campaign_open,Retention Pulse,Email,8
ENG005635,C001497,5762,Crystal Foster,2026-05-07,campaign_click,Retention Pulse,Email,12
ENG005636,C001497,5762,Crystal Foster,2026-05-08,account_page_view,Service Recovery,Portal,22
ENG005637,C001497,5762,Crystal Foster,2026-05-09,unsubscribe_risk,Escalation Follow-up,Email,-10
ENG005638,C001498,2255,Cheryl Kline,2026-05-06,campaign_open,Retention Pulse,Email,8
ENG005639,C001498,2255,Cheryl Kline,2026-05-07,campaign_click,Retention Pulse,Email,12
ENG005640,C001498,2255,Cheryl Kline,2026-05-08,account_page_view,Service Recovery,Portal,22
ENG005641,C001498,2255,Cheryl Kline,2026-05-09,unsubscribe_risk,Escalation Follow-up,Email,-10
ENG005642,C001499,3262,Mary Brewer,2026-05-06,campaign_open,Retention Pulse,Email,8
ENG005643,C001499,3262,Mary Brewer,2026-05-07,campaign_click,Retention Pulse,Email,12
ENG005644,C001499,3262,Mary Brewer,2026-05-08,account_page_view,Service Recovery,Portal,22
ENG005645,C001499,3262,Mary Brewer,2026-05-09,unsubscribe_risk,Escalation Follow-up,Email,-10
ENG005646,C001500,10062,Judith Smith,2026-05-06,campaign_open,Retention Pulse,Email,8
ENG005647,C001500,10062,Judith Smith,2026-05-07,campaign_click,Retention Pulse,Email,12
ENG005648,C001500,10062,Judith Smith,2026-05-08,account_page_view,Service Recovery,Portal,22
ENG005649,C001500,10062,Judith Smith,2026-05-09,unsubscribe_risk,Escalation Follow-up,Email,-10
ENG005650,C001501,5453,Grace English,2026-05-06,campaign_open,Retention Pulse,Email,8
ENG005651,C001501,5453,Grace English,2026-05-07,campaign_click,Retention Pulse,Email,12
ENG005652,C001501,5453,Grace English,2026-05-08,account_page_view,Service Recovery,Portal,22
ENG005653,C001501,5453,Grace English,2026-05-09,unsubscribe_risk,Escalation Follow-up,Email,-10
ENG005654,C001502,10012,Robert Montoya,2026-05-06,campaign_open,Retention Pulse,Email,8
ENG005655,C001502,10012,Robert Montoya,2026-05-07,campaign_click,Retention Pulse,Email,12
ENG005656,C001502,10012,Robert Montoya,2026-05-08,account_page_view,Service Recovery,Portal,22
ENG005657,C001502,10012,Robert Montoya,2026-05-09,unsubscribe_risk,Escalation Follow-up,Email,-10
ENG005658,C001503,6416,Mary Smith,2026-05-06,campaign_open,Retention Pulse,Email,8
ENG005659,C001503,6416,Mary Smith,2026-05-07,campaign_click,Retention Pulse,Email,12
ENG005660,C001503,6416,Mary Smith,2026-05-08,promo_response,Reactivation,Email,18
ENG005661,C001504,11968,Emily Winters,2026-05-06,campaign_open,Retention Pulse,Email,8
ENG005662,C001504,11968,Emily Winters,2026-05-07,campaign_click,Retention Pulse,Email,12
ENG005663,C001504,11968,Emily Winters,2026-05-08,promo_response,Reactivation,Email,18
ENG005664,C001505,5987,Mary Smith,2026-05-06,campaign_open,Retention Pulse,Email,8
ENG005665,C001505,5987,Mary Smith,2026-05-07,campaign_click,Retention Pulse,Email,12
ENG005666,C001505,5987,Mary Smith,2026-05-08,promo_response,Reactivation,Email,18
ENG005667,C001506,8605,Johnny Morse,2026-05-06,campaign_open,Retention Pulse,Email,8
ENG005668,C001506,8605,Johnny Morse,2026-05-07,campaign_click,Retention Pulse,Email,12
ENG005669,C001506,8605,Johnny Morse,2026-05-08,account_page_view,Service Recovery,Portal,22
ENG005670,C001506,8605,Johnny Morse,2026-05-09,unsubscribe_risk,Escalation Follow-up,Email,-10
ENG005671,C001507,8781,Mary Chan,2026-05-06,campaign_open,Retention Pulse,Email,8
ENG005672,C001507,8781,Mary Chan,2026-05-07,campaign_click,Retention Pulse,Email,12
ENG005673,C001507,8781,Mary Chan,2026-05-08,account_page_view,Service Recovery,Portal,22
ENG005674,C001507,8781,Mary Chan,2026-05-09,unsubscribe_risk,Escalation Follow-up,Email,-10
ENG005675,C001508,10807,Benjamin Wilson,2026-05-06,campaign_open,Retention Pulse,Email,8
ENG005676,C001508,10807,Benjamin Wilson,2026-05-07,campaign_click,Retention Pulse,Email,12
ENG005677,C001508,10807,Benjamin Wilson,2026-05-08,account_page_view,Service Recovery,Portal,22
ENG005678,C001508,10807,Benjamin Wilson,2026-05-09,unsubscribe_risk,Escalation Follow-up,Email,-10
ENG005679,C001509,6457,Dorothy Coleman,2026-05-06,campaign_open,Retention Pulse,Email,8
ENG005680,C001509,6457,Dorothy Coleman,2026-05-07,campaign_click,Retention Pulse,Email,12
ENG005681,C001509,6457,Dorothy Coleman,2026-05-08,promo_response,Reactivation,Email,18
ENG005682,C001510,439,Rose Delgado,2026-05-06,campaign_open,Retention Pulse,Email,8
ENG005683,C001510,439,Rose Delgado,2026-05-07,campaign_click,Retention Pulse,Email,12
ENG005684,C001510,439,Rose Delgado,2026-05-08,promo_response,Reactivation,Email,18
ENG005685,C001511,6318,Gerald Garza,2026-05-06,campaign_open,Retention Pulse,Email,8
ENG005686,C001511,6318,Gerald Garza,2026-05-07,campaign_click,Retention Pulse,Email,12
ENG005687,C001511,6318,Gerald Garza,2026-05-08,promo_response,Reactivation,Email,18
ENG005688,C001512,1376,Mary Austin,2026-05-06,campaign_open,Retention Pulse,Email,8
ENG005689,C001512,1376,Mary Austin,2026-05-07,campaign_click,Retention Pulse,Email,12
ENG005690,C001512,1376,Mary Austin,2026-05-08,account_page_view,Service Recovery,Portal,22
ENG005691,C001512,1376,Mary Austin,2026-05-09,unsubscribe_risk,Escalation Follow-up,Email,-10
ENG005692,C001513,3980,Frances Smith,2026-05-06,campaign_open,Retention Pulse,Email,8
ENG005693,C001513,3980,Frances Smith,2026-05-07,campaign_click,Retention Pulse,Email,12
ENG005694,C001513,3980,Frances Smith,2026-05-08,account_page_view,Service Recovery,Portal,22
ENG005695,C001513,3980,Frances Smith,2026-05-09,unsubscribe_risk,Escalation Follow-up,Email,-10
ENG005696,C001514,207,Jose Powers,2026-05-06,campaign_open,Retention Pulse,Email,8
ENG005697,C001514,207,Jose Powers,2026-05-07,campaign_click,Retention Pulse,Email,12
ENG005698,C001514,207,Jose Powers,2026-05-08,promo_response,Reactivation,Email,18
ENG005699,C001515,6108,Emma Smith,2026-05-06,campaign_open,Retention Pulse,Email,8
ENG005700,C001515,6108,Emma Smith,2026-05-07,campaign_click,Retention Pulse,Email,12
ENG005701,C001515,6108,Emma Smith,2026-05-08,account_page_view,Service Recovery,Portal,22
ENG005702,C001515,6108,Emma Smith,2026-05-09,unsubscribe_risk,Escalation Follow-up,Email,-10
ENG005703,C001516,9181,Mary Smith,2026-05-06,campaign_open,Retention Pulse,Email,8
ENG005704,C001516,9181,Mary Smith,2026-05-07,campaign_click,Retention Pulse,Email,12
ENG005705,C001516,9181,Mary Smith,2026-05-08,promo_response,Reactivation,Email,18
ENG005706,C001517,9541,Richard Leach,2026-05-06,campaign_open,Retention Pulse,Email,8
ENG005707,C001517,9541,Richard Leach,2026-05-07,campaign_click,Retention Pulse,Email,12
ENG005708,C001517,9541,Richard Leach,2026-05-08,account_page_view,Service Recovery,Portal,22
ENG005709,C001517,9541,Richard Leach,2026-05-09,unsubscribe_risk,Escalation Follow-up,Email,-10
ENG005710,C001518,4407,Mary Ward,2026-05-06,campaign_open,Retention Pulse,Email,8
ENG005711,C001518,4407,Mary Ward,2026-05-07,campaign_click,Retention Pulse,Email,12
ENG005712,C001518,4407,Mary Ward,2026-05-08,account_page_view,Service Recovery,Portal,22
ENG005713,C001518,4407,Mary Ward,2026-05-09,unsubscribe_risk,Escalation Follow-up,Email,-10
ENG005714,C001519,6279,Gary Lewis,2026-05-06,campaign_open,Retention Pulse,Email,8
ENG005715,C001519,6279,Gary Lewis,2026-05-07,campaign_click,Retention Pulse,Email,12
ENG005716,C001519,6279,Gary Lewis,2026-05-08,account_page_view,Service Recovery,Portal,22
ENG005717,C001519,6279,Gary Lewis,2026-05-09,unsubscribe_risk,Escalation Follow-up,Email,-10
ENG005718,C001520,4272,Mary Brewer,2026-05-06,campaign_open,Retention Pulse,Email,8
ENG005719,C001520,4272,Mary Brewer,2026-05-07,campaign_click,Retention Pulse,Email,12
ENG005720,C001520,4272,Mary Brewer,2026-05-08,account_page_view,Service Recovery,Portal,22
ENG005721,C001520,4272,Mary Brewer,2026-05-09,unsubscribe_risk,Escalation Follow-up,Email,-10
ENG005722,C001521,9514,Mary Bowen,2026-05-06,campaign_open,Retention Pulse,Email,8
ENG005723,C001521,9514,Mary Bowen,2026-05-07,campaign_click,Retention Pulse,Email,12
ENG005724,C001521,9514,Mary Bowen,2026-05-08,promo_response,Reactivation,Email,18
ENG005725,C001522,11504,Mary Smith,2026-05-06,campaign_open,Retention Pulse,Email,8
ENG005726,C001522,11504,Mary Smith,2026-05-07,campaign_click,Retention Pulse,Email,12
ENG005727,C001522,11504,Mary Smith,2026-05-08,account_page_view,Service Recovery,Portal,22
ENG005728,C001522,11504,Mary Smith,2026-05-09,unsubscribe_risk,Escalation Follow-up,Email,-10
ENG005729,C001523,2121,Mary Dillon,2026-05-06,campaign_open,Retention Pulse,Email,8
ENG005730,C001523,2121,Mary Dillon,2026-05-07,campaign_click,Retention Pulse,Email,12
ENG005731,C001523,2121,Mary Dillon,2026-05-08,account_page_view,Service Recovery,Portal,22
ENG005732,C001523,2121,Mary Dillon,2026-05-09,unsubscribe_risk,Escalation Follow-up,Email,-10
ENG005733,C001524,3985,Debra Gates,2026-05-06,campaign_open,Retention Pulse,Email,8
ENG005734,C001524,3985,Debra Gates,2026-05-07,campaign_click,Retention Pulse,Email,12
ENG005735,C001524,3985,Debra Gates,2026-05-08,account_page_view,Service Recovery,Portal,22
ENG005736,C001524,3985,Debra Gates,2026-05-09,unsubscribe_risk,Escalation Follow-up,Email,-10
ENG005737,C001525,9384,Mary Anderson,2026-05-06,campaign_open,Retention Pulse,Email,8
ENG005738,C001525,9384,Mary Anderson,2026-05-07,campaign_click,Retention Pulse,Email,12
ENG005739,C001525,9384,Mary Anderson,2026-05-08,account_page_view,Service Recovery,Portal,22
ENG005740,C001525,9384,Mary Anderson,2026-05-09,unsubscribe_risk,Escalation Follow-up,Email,-10
ENG005741,C001526,831,Daniel Smith,2026-05-06,campaign_open,Retention Pulse,Email,8
ENG005742,C001526,831,Daniel Smith,2026-05-07,campaign_click,Retention Pulse,Email,12
ENG005743,C001526,831,Daniel Smith,2026-05-08,account_page_view,Service Recovery,Portal,22
ENG005744,C001526,831,Daniel Smith,2026-05-09,unsubscribe_risk,Escalation Follow-up,Email,-10
ENG005745,C001527,6417,Helen Gomez,2026-05-06,campaign_open,Retention Pulse,Email,8
ENG005746,C001527,6417,Helen Gomez,2026-05-07,campaign_click,Retention Pulse,Email,12
ENG005747,C001527,6417,Helen Gomez,2026-05-08,account_page_view,Service Recovery,Portal,22
ENG005748,C001527,6417,Helen Gomez,2026-05-09,unsubscribe_risk,Escalation Follow-up,Email,-10
ENG005749,C001528,9830,Mary Frey,2026-05-06,campaign_open,Retention Pulse,Email,8
ENG005750,C001528,9830,Mary Frey,2026-05-07,campaign_click,Retention Pulse,Email,12
ENG005751,C001528,9830,Mary Frey,2026-05-08,account_page_view,Service Recovery,Portal,22
ENG005752,C001528,9830,Mary Frey,2026-05-09,unsubscribe_risk,Escalation Follow-up,Email,-10
ENG005753,C001529,7294,Sharon Ball,2026-05-06,campaign_open,Retention Pulse,Email,8
ENG005754,C001529,7294,Sharon Ball,2026-05-07,campaign_click,Retention Pulse,Email,12
ENG005755,C001529,7294,Sharon Ball,2026-05-08,account_page_view,Service Recovery,Portal,22
ENG005756,C001529,7294,Sharon Ball,2026-05-09,unsubscribe_risk,Escalation Follow-up,Email,-10
ENG005757,C001530,6810,Roger Smith,2026-05-06,campaign_open,Retention Pulse,Email,8
ENG005758,C001530,6810,Roger Smith,2026-05-07,campaign_click,Retention Pulse,Email,12
ENG005759,C001530,6810,Roger Smith,2026-05-08,promo_response,Reactivation,Email,18
ENG005760,C001531,6669,Mary Smith,2026-05-06,campaign_open,Retention Pulse,Email,8
ENG005761,C001531,6669,Mary Smith,2026-05-07,campaign_click,Retention Pulse,Email,12
ENG005762,C001531,6669,Mary Smith,2026-05-08,account_page_view,Service Recovery,Portal,22
ENG005763,C001531,6669,Mary Smith,2026-05-09,unsubscribe_risk,Escalation Follow-up,Email,-10
ENG005764,C001532,7958,Jessica Cochran,2026-05-06,campaign_open,Retention Pulse,Email,8
ENG005765,C001532,7958,Jessica Cochran,2026-05-07,campaign_click,Retention Pulse,Email,12
ENG005766,C001532,7958,Jessica Cochran,2026-05-08,account_page_view,Service Recovery,Portal,22
ENG005767,C001532,7958,Jessica Cochran,2026-05-09,unsubscribe_risk,Escalation Follow-up,Email,-10
ENG005768,C001533,328,William Morrison,2026-05-06,campaign_open,Retention Pulse,Email,8
ENG005769,C001533,328,William Morrison,2026-05-07,campaign_click,Retention Pulse,Email,12
ENG005770,C001533,328,William Morrison,2026-05-08,promo_response,Reactivation,Email,18
ENG005771,C001534,2319,Mary Holland,2026-05-06,campaign_open,Retention Pulse,Email,8
ENG005772,C001534,2319,Mary Holland,2026-05-07,campaign_click,Retention Pulse,Email,12
ENG005773,C001534,2319,Mary Holland,2026-05-08,account_page_view,Service Recovery,Portal,22
ENG005774,C001534,2319,Mary Holland,2026-05-09,unsubscribe_risk,Escalation Follow-up,Email,-10
ENG005775,C001535,2137,Mary Page,2026-05-06,campaign_open,Retention Pulse,Email,8
ENG005776,C001535,2137,Mary Page,2026-05-07,campaign_click,Retention Pulse,Email,12
ENG005777,C001535,2137,Mary Page,2026-05-08,promo_response,Reactivation,Email,18
ENG005778,C001536,2763,Frances Smith,2026-05-06,campaign_open,Retention Pulse,Email,8
ENG005779,C001536,2763,Frances Smith,2026-05-07,campaign_click,Retention Pulse,Email,12
ENG005780,C001536,2763,Frances Smith,2026-05-08,promo_response,Reactivation,Email,18
ENG005781,C001537,4494,Mary Smith,2026-05-06,campaign_open,Retention Pulse,Email,8
ENG005782,C001537,4494,Mary Smith,2026-05-07,campaign_click,Retention Pulse,Email,12
ENG005783,C001537,4494,Mary Smith,2026-05-08,account_page_view,Service Recovery,Portal,22
ENG005784,C001537,4494,Mary Smith,2026-05-09,unsubscribe_risk,Escalation Follow-up,Email,-10
ENG005785,C001538,9402,Amber Smith,2026-05-06,campaign_open,Retention Pulse,Email,8
ENG005786,C001538,9402,Amber Smith,2026-05-07,campaign_click,Retention Pulse,Email,12
ENG005787,C001538,9402,Amber Smith,2026-05-08,promo_response,Reactivation,Email,18
ENG005788,C001539,51,Jessica Smith,2026-05-06,campaign_open,Retention Pulse,Email,8
ENG005789,C001539,51,Jessica Smith,2026-05-07,campaign_click,Retention Pulse,Email,12
ENG005790,C001539,51,Jessica Smith,2026-05-08,account_page_view,Service Recovery,Portal,22
ENG005791,C001539,51,Jessica Smith,2026-05-09,unsubscribe_risk,Escalation Follow-up,Email,-10
ENG005792,C001540,5859,Ronald Wilson,2026-05-06,campaign_open,Retention Pulse,Email,8
ENG005793,C001540,5859,Ronald Wilson,2026-05-07,campaign_click,Retention Pulse,Email,12
ENG005794,C001540,5859,Ronald Wilson,2026-05-08,account_page_view,Service Recovery,Portal,22
ENG005795,C001540,5859,Ronald Wilson,2026-05-09,unsubscribe_risk,Escalation Follow-up,Email,-10
ENG005796,C001541,2988,Amy Torres,2026-05-06,campaign_open,Retention Pulse,Email,8
ENG005797,C001541,2988,Amy Torres,2026-05-07,campaign_click,Retention Pulse,Email,12
ENG005798,C001541,2988,Amy Torres,2026-05-08,account_page_view,Service Recovery,Portal,22
ENG005799,C001541,2988,Amy Torres,2026-05-09,unsubscribe_risk,Escalation Follow-up,Email,-10
ENG005800,C001542,12195,Brenda Moyer,2026-05-06,campaign_open,Retention Pulse,Email,8
ENG005801,C001542,12195,Brenda Moyer,2026-05-07,campaign_click,Retention Pulse,Email,12
ENG005802,C001542,12195,Brenda Moyer,2026-05-08,account_page_view,Service Recovery,Portal,22
ENG005803,C001542,12195,Brenda Moyer,2026-05-09,unsubscribe_risk,Escalation Follow-up,Email,-10
ENG005804,C001543,1493,Mary Smith,2026-05-06,campaign_open,Retention Pulse,Email,8
ENG005805,C001543,1493,Mary Smith,2026-05-07,campaign_click,Retention Pulse,Email,12
ENG005806,C001543,1493,Mary Smith,2026-05-08,account_page_view,Service Recovery,Portal,22
ENG005807,C001543,1493,Mary Smith,2026-05-09,unsubscribe_risk,Escalation Follow-up,Email,-10
ENG005808,C001544,10588,Jessica Newton,2026-05-06,campaign_open,Retention Pulse,Email,8
ENG005809,C001544,10588,Jessica Newton,2026-05-07,campaign_click,Retention Pulse,Email,12
ENG005810,C001544,10588,Jessica Newton,2026-05-08,account_page_view,Service Recovery,Portal,22
ENG005811,C001544,10588,Jessica Newton,2026-05-09,unsubscribe_risk,Escalation Follow-up,Email,-10
ENG005812,C001545,1347,Alan Gillespie,2026-05-06,campaign_open,Retention Pulse,Email,8
ENG005813,C001545,1347,Alan Gillespie,2026-05-07,campaign_click,Retention Pulse,Email,12
ENG005814,C001545,1347,Alan Gillespie,2026-05-08,account_page_view,Service Recovery,Portal,22
ENG005815,C001545,1347,Alan Gillespie,2026-05-09,unsubscribe_risk,Escalation Follow-up,Email,-10
ENG005816,C001546,512,Mary Harris,2026-05-06,campaign_open,Retention Pulse,Email,8
ENG005817,C001546,512,Mary Harris,2026-05-07,campaign_click,Retention Pulse,Email,12
ENG005818,C001546,512,Mary Harris,2026-05-08,account_page_view,Service Recovery,Portal,22
ENG005819,C001546,512,Mary Harris,2026-05-09,unsubscribe_risk,Escalation Follow-up,Email,-10
ENG005820,C001547,7333,Julia Smith,2026-05-06,campaign_open,Retention Pulse,Email,8
ENG005821,C001547,7333,Julia Smith,2026-05-07,campaign_click,Retention Pulse,Email,12
ENG005822,C001547,7333,Julia Smith,2026-05-08,account_page_view,Service Recovery,Portal,22
ENG005823,C001547,7333,Julia Smith,2026-05-09,unsubscribe_risk,Escalation Follow-up,Email,-10
ENG005824,C001548,8193,Mary Smith,2026-05-06,campaign_open,Retention Pulse,Email,8
ENG005825,C001548,8193,Mary Smith,2026-05-07,campaign_click,Retention Pulse,Email,12
ENG005826,C001548,8193,Mary Smith,2026-05-08,account_page_view,Service Recovery,Portal,22
ENG005827,C001548,8193,Mary Smith,2026-05-09,unsubscribe_risk,Escalation Follow-up,Email,-10
ENG005828,C001549,5722,Mary Smith,2026-05-06,campaign_open,Retention Pulse,Email,8
ENG005829,C001549,5722,Mary Smith,2026-05-07,campaign_click,Retention Pulse,Email,12
ENG005830,C001549,5722,Mary Smith,2026-05-08,promo_response,Reactivation,Email,18
ENG005831,C001550,8381,Mary Anderson,2026-05-06,campaign_open,Retention Pulse,Email,8
ENG005832,C001550,8381,Mary Anderson,2026-05-07,campaign_click,Retention Pulse,Email,12
ENG005833,C001550,8381,Mary Anderson,2026-05-08,account_page_view,Service Recovery,Portal,22
ENG005834,C001550,8381,Mary Anderson,2026-05-09,unsubscribe_risk,Escalation Follow-up,Email,-10
ENG005835,C001551,2193,Catherine Smith,2026-05-06,campaign_open,Retention Pulse,Email,8
ENG005836,C001551,2193,Catherine Smith,2026-05-07,campaign_click,Retention Pulse,Email,12
ENG005837,C001551,2193,Catherine Smith,2026-05-08,promo_response,Reactivation,Email,18
ENG005838,C001552,11284,Sarah Sherman,2026-05-06,campaign_open,Retention Pulse,Email,8
ENG005839,C001552,11284,Sarah Sherman,2026-05-07,campaign_click,Retention Pulse,Email,12
ENG005840,C001552,11284,Sarah Sherman,2026-05-08,account_page_view,Service Recovery,Portal,22
ENG005841,C001552,11284,Sarah Sherman,2026-05-09,unsubscribe_risk,Escalation Follow-up,Email,-10
ENG005842,C001553,2630,Willie Jones,2026-05-06,campaign_open,Retention Pulse,Email,8
ENG005843,C001553,2630,Willie Jones,2026-05-07,campaign_click,Retention Pulse,Email,12
ENG005844,C001553,2630,Willie Jones,2026-05-08,account_page_view,Service Recovery,Portal,22
ENG005845,C001553,2630,Willie Jones,2026-05-09,unsubscribe_risk,Escalation Follow-up,Email,-10
ENG005846,C001554,4941,Mary Smith,2026-05-06,campaign_open,Retention Pulse,Email,8
ENG005847,C001554,4941,Mary Smith,2026-05-07,campaign_click,Retention Pulse,Email,12
ENG005848,C001554,4941,Mary Smith,2026-05-08,account_page_view,Service Recovery,Portal,22
ENG005849,C001554,4941,Mary Smith,2026-05-09,unsubscribe_risk,Escalation Follow-up,Email,-10
ENG005850,C001555,1864,Deborah Smith,2026-05-06,campaign_open,Retention Pulse,Email,8
ENG005851,C001555,1864,Deborah Smith,2026-05-07,campaign_click,Retention Pulse,Email,12
ENG005852,C001555,1864,Deborah Smith,2026-05-08,account_page_view,Service Recovery,Portal,22
ENG005853,C001555,1864,Deborah Smith,2026-05-09,unsubscribe_risk,Escalation Follow-up,Email,-10
ENG005854,C001556,4140,Brandon Smith,2026-05-06,campaign_open,Retention Pulse,Email,8
ENG005855,C001556,4140,Brandon Smith,2026-05-07,campaign_click,Retention Pulse,Email,12
ENG005856,C001556,4140,Brandon Smith,2026-05-08,promo_response,Reactivation,Email,18
ENG005857,C001557,10668,Mary Smith,2026-05-06,campaign_open,Retention Pulse,Email,8
ENG005858,C001557,10668,Mary Smith,2026-05-07,campaign_click,Retention Pulse,Email,12
ENG005859,C001557,10668,Mary Smith,2026-05-08,account_page_view,Service Recovery,Portal,22
ENG005860,C001557,10668,Mary Smith,2026-05-09,unsubscribe_risk,Escalation Follow-up,Email,-10
ENG005861,C001558,5749,Mary Smith,2026-05-06,campaign_open,Retention Pulse,Email,8
ENG005862,C001558,5749,Mary Smith,2026-05-07,campaign_click,Retention Pulse,Email,12
ENG005863,C001558,5749,Mary Smith,2026-05-08,promo_response,Reactivation,Email,18
ENG005864,C001559,10801,Ryan Larson,2026-05-06,campaign_open,Retention Pulse,Email,8
ENG005865,C001559,10801,Ryan Larson,2026-05-07,campaign_click,Retention Pulse,Email,12
ENG005866,C001559,10801,Ryan Larson,2026-05-08,account_page_view,Service Recovery,Portal,22
ENG005867,C001559,10801,Ryan Larson,2026-05-09,unsubscribe_risk,Escalation Follow-up,Email,-10
ENG005868,C001560,9168,Martha Evans,2026-05-06,campaign_open,Retention Pulse,Email,8
ENG005869,C001560,9168,Martha Evans,2026-05-07,campaign_click,Retention Pulse,Email,12
ENG005870,C001560,9168,Martha Evans,2026-05-08,promo_response,Reactivation,Email,18
ENG005871,C001561,11318,Mary Henry,2026-05-06,campaign_open,Retention Pulse,Email,8
ENG005872,C001561,11318,Mary Henry,2026-05-07,campaign_click,Retention Pulse,Email,12
ENG005873,C001561,11318,Mary Henry,2026-05-08,account_page_view,Service Recovery,Portal,22
ENG005874,C001561,11318,Mary Henry,2026-05-09,unsubscribe_risk,Escalation Follow-up,Email,-10
ENG005875,C001562,12031,Ashley Benitez,2026-05-06,campaign_open,Retention Pulse,Email,8
ENG005876,C001562,12031,Ashley Benitez,2026-05-07,campaign_click,Retention Pulse,Email,12
ENG005877,C001562,12031,Ashley Benitez,2026-05-08,account_page_view,Service Recovery,Portal,22
ENG005878,C001562,12031,Ashley Benitez,2026-05-09,unsubscribe_risk,Escalation Follow-up,Email,-10
ENG005879,C001563,1765,Mary Smith,2026-05-06,campaign_open,Retention Pulse,Email,8
ENG005880,C001563,1765,Mary Smith,2026-05-07,campaign_click,Retention Pulse,Email,12
ENG005881,C001563,1765,Mary Smith,2026-05-08,promo_response,Reactivation,Email,18
ENG005882,C001564,10042,Christopher Hatfield,2026-05-06,campaign_open,Retention Pulse,Email,8
ENG005883,C001564,10042,Christopher Hatfield,2026-05-07,campaign_click,Retention Pulse,Email,12
ENG005884,C001564,10042,Christopher Hatfield,2026-05-08,account_page_view,Service Recovery,Portal,22
ENG005885,C001564,10042,Christopher Hatfield,2026-05-09,unsubscribe_risk,Escalation Follow-up,Email,-10
ENG005886,C001565,12102,Johnny Marks,2026-05-06,campaign_open,Retention Pulse,Email,8
ENG005887,C001565,12102,Johnny Marks,2026-05-07,campaign_click,Retention Pulse,Email,12
ENG005888,C001565,12102,Johnny Marks,2026-05-08,account_page_view,Service Recovery,Portal,22
ENG005889,C001565,12102,Johnny Marks,2026-05-09,unsubscribe_risk,Escalation Follow-up,Email,-10
ENG005890,C001566,2475,Dennis Hall,2026-05-06,campaign_open,Retention Pulse,Email,8
ENG005891,C001566,2475,Dennis Hall,2026-05-07,campaign_click,Retention Pulse,Email,12
ENG005892,C001566,2475,Dennis Hall,2026-05-08,account_page_view,Service Recovery,Portal,22
ENG005893,C001566,2475,Dennis Hall,2026-05-09,unsubscribe_risk,Escalation Follow-up,Email,-10
ENG005894,C001567,6734,Mary Smith,2026-05-06,campaign_open,Retention Pulse,Email,8
ENG005895,C001567,6734,Mary Smith,2026-05-07,campaign_click,Retention Pulse,Email,12
ENG005896,C001567,6734,Mary Smith,2026-05-08,account_page_view,Service Recovery,Portal,22
ENG005897,C001567,6734,Mary Smith,2026-05-09,unsubscribe_risk,Escalation Follow-up,Email,-10
ENG005898,C001568,936,Mary Smith,2026-05-06,campaign_open,Retention Pulse,Email,8
ENG005899,C001568,936,Mary Smith,2026-05-07,campaign_click,Retention Pulse,Email,12
ENG005900,C001568,936,Mary Smith,2026-05-08,promo_response,Reactivation,Email,18
ENG005901,C001569,778,John Buckley,2026-05-06,campaign_open,Retention Pulse,Email,8
ENG005902,C001569,778,John Buckley,2026-05-07,campaign_click,Retention Pulse,Email,12
ENG005903,C001569,778,John Buckley,2026-05-08,account_page_view,Service Recovery,Portal,22
ENG005904,C001569,778,John Buckley,2026-05-09,unsubscribe_risk,Escalation Follow-up,Email,-10
ENG005905,C001570,11560,Walter Walton,2026-05-06,campaign_open,Retention Pulse,Email,8
ENG005906,C001570,11560,Walter Walton,2026-05-07,campaign_click,Retention Pulse,Email,12
ENG005907,C001570,11560,Walter Walton,2026-05-08,account_page_view,Service Recovery,Portal,22
ENG005908,C001570,11560,Walter Walton,2026-05-09,unsubscribe_risk,Escalation Follow-up,Email,-10
ENG005909,C001571,2320,Katherine Smith,2026-05-06,campaign_open,Retention Pulse,Email,8
ENG005910,C001571,2320,Katherine Smith,2026-05-07,campaign_click,Retention Pulse,Email,12
ENG005911,C001571,2320,Katherine Smith,2026-05-08,account_page_view,Service Recovery,Portal,22
ENG005912,C001571,2320,Katherine Smith,2026-05-09,unsubscribe_risk,Escalation Follow-up,Email,-10
ENG005913,C001572,704,Mary Mccullough,2026-05-06,campaign_open,Retention Pulse,Email,8
ENG005914,C001572,704,Mary Mccullough,2026-05-07,campaign_click,Retention Pulse,Email,12
ENG005915,C001572,704,Mary Mccullough,2026-05-08,account_page_view,Service Recovery,Portal,22
ENG005916,C001572,704,Mary Mccullough,2026-05-09,unsubscribe_risk,Escalation Follow-up,Email,-10
ENG005917,C001573,3978,Barbara Simmons,2026-05-06,campaign_open,Retention Pulse,Email,8
ENG005918,C001573,3978,Barbara Simmons,2026-05-07,campaign_click,Retention Pulse,Email,12
ENG005919,C001573,3978,Barbara Simmons,2026-05-08,account_page_view,Service Recovery,Portal,22
ENG005920,C001573,3978,Barbara Simmons,2026-05-09,unsubscribe_risk,Escalation Follow-up,Email,-10
ENG005921,C001574,4191,Kimberly Salazar,2026-05-06,campaign_open,Retention Pulse,Email,8
ENG005922,C001574,4191,Kimberly Salazar,2026-05-07,campaign_click,Retention Pulse,Email,12
ENG005923,C001574,4191,Kimberly Salazar,2026-05-08,account_page_view,Service Recovery,Portal,22
ENG005924,C001574,4191,Kimberly Salazar,2026-05-09,unsubscribe_risk,Escalation Follow-up,Email,-10
ENG005925,C001575,4225,Amy Wright,2026-05-06,campaign_open,Retention Pulse,Email,8
ENG005926,C001575,4225,Amy Wright,2026-05-07,campaign_click,Retention Pulse,Email,12
ENG005927,C001575,4225,Amy Wright,2026-05-08,account_page_view,Service Recovery,Portal,22
ENG005928,C001575,4225,Amy Wright,2026-05-09,unsubscribe_risk,Escalation Follow-up,Email,-10
ENG005929,C001576,4838,Mark Frank,2026-05-06,campaign_open,Retention Pulse,Email,8
ENG005930,C001576,4838,Mark Frank,2026-05-07,campaign_click,Retention Pulse,Email,12
ENG005931,C001576,4838,Mark Frank,2026-05-08,account_page_view,Service Recovery,Portal,22
ENG005932,C001576,4838,Mark Frank,2026-05-09,unsubscribe_risk,Escalation Follow-up,Email,-10
ENG005933,C001577,1828,Doris Alvarez,2026-05-06,campaign_open,Retention Pulse,Email,8
ENG005934,C001577,1828,Doris Alvarez,2026-05-07,campaign_click,Retention Pulse,Email,12
ENG005935,C001577,1828,Doris Alvarez,2026-05-08,account_page_view,Service Recovery,Portal,22
ENG005936,C001577,1828,Doris Alvarez,2026-05-09,unsubscribe_risk,Escalation Follow-up,Email,-10
ENG005937,C001578,2093,Justin Jennings,2026-05-06,campaign_open,Retention Pulse,Email,8
ENG005938,C001578,2093,Justin Jennings,2026-05-07,campaign_click,Retention Pulse,Email,12
ENG005939,C001578,2093,Justin Jennings,2026-05-08,promo_response,Reactivation,Email,18
ENG005940,C001579,3042,David Howell,2026-05-06,campaign_open,Retention Pulse,Email,8
ENG005941,C001579,3042,David Howell,2026-05-07,campaign_click,Retention Pulse,Email,12
ENG005942,C001579,3042,David Howell,2026-05-08,account_page_view,Service Recovery,Portal,22
ENG005943,C001579,3042,David Howell,2026-05-09,unsubscribe_risk,Escalation Follow-up,Email,-10
ENG005944,C001580,6727,Mary Velasquez,2026-05-06,campaign_open,Retention Pulse,Email,8
ENG005945,C001580,6727,Mary Velasquez,2026-05-07,campaign_click,Retention Pulse,Email,12
ENG005946,C001580,6727,Mary Velasquez,2026-05-08,promo_response,Reactivation,Email,18
ENG005947,C001581,3617,Mary Smith,2026-05-06,campaign_open,Retention Pulse,Email,8
ENG005948,C001581,3617,Mary Smith,2026-05-07,campaign_click,Retention Pulse,Email,12
ENG005949,C001581,3617,Mary Smith,2026-05-08,account_page_view,Service Recovery,Portal,22
ENG005950,C001581,3617,Mary Smith,2026-05-09,unsubscribe_risk,Escalation Follow-up,Email,-10
ENG005951,C001582,10839,Mary Blake,2026-05-06,campaign_open,Retention Pulse,Email,8
ENG005952,C001582,10839,Mary Blake,2026-05-07,campaign_click,Retention Pulse,Email,12
ENG005953,C001582,10839,Mary Blake,2026-05-08,account_page_view,Service Recovery,Portal,22
ENG005954,C001582,10839,Mary Blake,2026-05-09,unsubscribe_risk,Escalation Follow-up,Email,-10
ENG005955,C001583,11618,Tammy Smith,2026-05-06,campaign_open,Retention Pulse,Email,8
ENG005956,C001583,11618,Tammy Smith,2026-05-07,campaign_click,Retention Pulse,Email,12
ENG005957,C001583,11618,Tammy Smith,2026-05-08,account_page_view,Service Recovery,Portal,22
ENG005958,C001583,11618,Tammy Smith,2026-05-09,unsubscribe_risk,Escalation Follow-up,Email,-10
ENG005959,C001584,8539,John Smith,2026-05-06,campaign_open,Retention Pulse,Email,8
ENG005960,C001584,8539,John Smith,2026-05-07,campaign_click,Retention Pulse,Email,12
ENG005961,C001584,8539,John Smith,2026-05-08,account_page_view,Service Recovery,Portal,22
ENG005962,C001584,8539,John Smith,2026-05-09,unsubscribe_risk,Escalation Follow-up,Email,-10
ENG005963,C001585,8013,Mary Adams,2026-05-06,campaign_open,Retention Pulse,Email,8
ENG005964,C001585,8013,Mary Adams,2026-05-07,campaign_click,Retention Pulse,Email,12
ENG005965,C001585,8013,Mary Adams,2026-05-08,account_page_view,Service Recovery,Portal,22
ENG005966,C001585,8013,Mary Adams,2026-05-09,unsubscribe_risk,Escalation Follow-up,Email,-10
ENG005967,C001586,8787,Janice Pittman,2026-05-06,campaign_open,Retention Pulse,Email,8
ENG005968,C001586,8787,Janice Pittman,2026-05-07,campaign_click,Retention Pulse,Email,12
ENG005969,C001586,8787,Janice Pittman,2026-05-08,account_page_view,Service Recovery,Portal,22
ENG005970,C001586,8787,Janice Pittman,2026-05-09,unsubscribe_risk,Escalation Follow-up,Email,-10
ENG005971,C001587,970,Mary Alvarez,2026-05-06,campaign_open,Retention Pulse,Email,8
ENG005972,C001587,970,Mary Alvarez,2026-05-07,campaign_click,Retention Pulse,Email,12
ENG005973,C001587,970,Mary Alvarez,2026-05-08,promo_response,Reactivation,Email,18
ENG005974,C001588,3417,Daniel Joseph,2026-05-06,campaign_open,Retention Pulse,Email,8
ENG005975,C001588,3417,Daniel Joseph,2026-05-07,campaign_click,Retention Pulse,Email,12
ENG005976,C001588,3417,Daniel Joseph,2026-05-08,account_page_view,Service Recovery,Portal,22
ENG005977,C001588,3417,Daniel Joseph,2026-05-09,unsubscribe_risk,Escalation Follow-up,Email,-10
ENG005978,C001589,5052,Larry Meyer,2026-05-06,campaign_open,Retention Pulse,Email,8
ENG005979,C001589,5052,Larry Meyer,2026-05-07,campaign_click,Retention Pulse,Email,12
ENG005980,C001589,5052,Larry Meyer,2026-05-08,account_page_view,Service Recovery,Portal,22
ENG005981,C001589,5052,Larry Meyer,2026-05-09,unsubscribe_risk,Escalation Follow-up,Email,-10
ENG005982,C001590,2461,Maria Smith,2026-05-06,campaign_open,Retention Pulse,Email,8
ENG005983,C001590,2461,Maria Smith,2026-05-07,campaign_click,Retention Pulse,Email,12
ENG005984,C001590,2461,Maria Smith,2026-05-08,promo_response,Reactivation,Email,18
ENG005985,C001591,10642,James Smith,2026-05-06,campaign_open,Retention Pulse,Email,8
ENG005986,C001591,10642,James Smith,2026-05-07,campaign_click,Retention Pulse,Email,12
ENG005987,C001591,10642,James Smith,2026-05-08,promo_response,Reactivation,Email,18
ENG005988,C001592,6424,Mary Juarez,2026-05-06,campaign_open,Retention Pulse,Email,8
ENG005989,C001592,6424,Mary Juarez,2026-05-07,campaign_click,Retention Pulse,Email,12
ENG005990,C001592,6424,Mary Juarez,2026-05-08,promo_response,Reactivation,Email,18
ENG005991,C001593,10257,Michael Smith,2026-05-06,campaign_open,Retention Pulse,Email,8
ENG005992,C001593,10257,Michael Smith,2026-05-07,campaign_click,Retention Pulse,Email,12
ENG005993,C001593,10257,Michael Smith,2026-05-08,account_page_view,Service Recovery,Portal,22
ENG005994,C001593,10257,Michael Smith,2026-05-09,unsubscribe_risk,Escalation Follow-up,Email,-10
ENG005995,C001594,8963,Ruth Bush,2026-05-06,campaign_open,Retention Pulse,Email,8
ENG005996,C001594,8963,Ruth Bush,2026-05-07,campaign_click,Retention Pulse,Email,12
ENG005997,C001594,8963,Ruth Bush,2026-05-08,account_page_view,Service Recovery,Portal,22
ENG005998,C001594,8963,Ruth Bush,2026-05-09,unsubscribe_risk,Escalation Follow-up,Email,-10
ENG005999,C001595,5229,Thomas Butler,2026-05-06,campaign_open,Retention Pulse,Email,8
ENG006000,C001595,5229,Thomas Butler,2026-05-07,campaign_click,Retention Pulse,Email,12
ENG006001,C001595,5229,Thomas Butler,2026-05-08,account_page_view,Service Recovery,Portal,22
ENG006002,C001595,5229,Thomas Butler,2026-05-09,unsubscribe_risk,Escalation Follow-up,Email,-10
ENG006003,C001596,5732,Jacob Perry,2026-05-06,campaign_open,Retention Pulse,Email,8
ENG006004,C001596,5732,Jacob Perry,2026-05-07,campaign_click,Retention Pulse,Email,12
ENG006005,C001596,5732,Jacob Perry,2026-05-08,account_page_view,Service Recovery,Portal,22
ENG006006,C001596,5732,Jacob Perry,2026-05-09,unsubscribe_risk,Escalation Follow-up,Email,-10
ENG006007,C001597,6834,Mary Smith,2026-05-06,campaign_open,Retention Pulse,Email,8
ENG006008,C001597,6834,Mary Smith,2026-05-07,campaign_click,Retention Pulse,Email,12
ENG006009,C001597,6834,Mary Smith,2026-05-08,account_page_view,Service Recovery,Portal,22
ENG006010,C001597,6834,Mary Smith,2026-05-09,unsubscribe_risk,Escalation Follow-up,Email,-10
ENG006011,C001598,2321,Mary Patel,2026-05-06,campaign_open,Retention Pulse,Email,8
ENG006012,C001598,2321,Mary Patel,2026-05-07,campaign_click,Retention Pulse,Email,12
ENG006013,C001598,2321,Mary Patel,2026-05-08,account_page_view,Service Recovery,Portal,22
ENG006014,C001598,2321,Mary Patel,2026-05-09,unsubscribe_risk,Escalation Follow-up,Email,-10
ENG006015,C001599,8853,Richard Ali,2026-05-06,campaign_open,Retention Pulse,Email,8
ENG006016,C001599,8853,Richard Ali,2026-05-07,campaign_click,Retention Pulse,Email,12
ENG006017,C001599,8853,Richard Ali,2026-05-08,account_page_view,Service Recovery,Portal,22
ENG006018,C001599,8853,Richard Ali,2026-05-09,unsubscribe_risk,Escalation Follow-up,Email,-10
ENG006019,C001600,2845,Ryan Collins,2026-05-06,campaign_open,Retention Pulse,Email,8
ENG006020,C001600,2845,Ryan Collins,2026-05-07,campaign_click,Retention Pulse,Email,12
ENG006021,C001600,2845,Ryan Collins,2026-05-08,promo_response,Reactivation,Email,18
ENG006022,C001601,377,Mary Smith,2026-05-06,campaign_open,Retention Pulse,Email,8
ENG006023,C001601,377,Mary Smith,2026-05-07,campaign_click,Retention Pulse,Email,12
ENG006024,C001601,377,Mary Smith,2026-05-08,account_page_view,Service Recovery,Portal,22
ENG006025,C001601,377,Mary Smith,2026-05-09,unsubscribe_risk,Escalation Follow-up,Email,-10
ENG006026,C001602,8602,Timothy Gilbert,2026-05-06,campaign_open,Retention Pulse,Email,8
ENG006027,C001602,8602,Timothy Gilbert,2026-05-07,campaign_click,Retention Pulse,Email,12
ENG006028,C001602,8602,Timothy Gilbert,2026-05-08,account_page_view,Service Recovery,Portal,22
ENG006029,C001602,8602,Timothy Gilbert,2026-05-09,unsubscribe_risk,Escalation Follow-up,Email,-10
ENG006030,C001603,10511,Katherine Smith,2026-05-06,campaign_open,Retention Pulse,Email,8
ENG006031,C001603,10511,Katherine Smith,2026-05-07,campaign_click,Retention Pulse,Email,12
ENG006032,C001603,10511,Katherine Smith,2026-05-08,promo_response,Reactivation,Email,18
ENG006033,C001604,8763,Pamela Williams,2026-05-06,campaign_open,Retention Pulse,Email,8
ENG006034,C001604,8763,Pamela Williams,2026-05-07,campaign_click,Retention Pulse,Email,12
ENG006035,C001604,8763,Pamela Williams,2026-05-08,account_page_view,Service Recovery,Portal,22
ENG006036,C001604,8763,Pamela Williams,2026-05-09,unsubscribe_risk,Escalation Follow-up,Email,-10
ENG006037,C001605,8791,Beverly Ali,2026-05-06,campaign_open,Retention Pulse,Email,8
ENG006038,C001605,8791,Beverly Ali,2026-05-07,campaign_click,Retention Pulse,Email,12
ENG006039,C001605,8791,Beverly Ali,2026-05-08,account_page_view,Service Recovery,Portal,22
ENG006040,C001605,8791,Beverly Ali,2026-05-09,unsubscribe_risk,Escalation Follow-up,Email,-10
ENG006041,C001606,3464,Zachary Smith,2026-05-06,campaign_open,Retention Pulse,Email,8
ENG006042,C001606,3464,Zachary Smith,2026-05-07,campaign_click,Retention Pulse,Email,12
ENG006043,C001606,3464,Zachary Smith,2026-05-08,account_page_view,Service Recovery,Portal,22
ENG006044,C001606,3464,Zachary Smith,2026-05-09,unsubscribe_risk,Escalation Follow-up,Email,-10
ENG006045,C001607,946,Mary Smith,2026-05-06,campaign_open,Retention Pulse,Email,8
ENG006046,C001607,946,Mary Smith,2026-05-07,campaign_click,Retention Pulse,Email,12
ENG006047,C001607,946,Mary Smith,2026-05-08,promo_response,Reactivation,Email,18
ENG006048,C001608,4275,Sandra Allen,2026-05-06,campaign_open,Retention Pulse,Email,8
ENG006049,C001608,4275,Sandra Allen,2026-05-07,campaign_click,Retention Pulse,Email,12
ENG006050,C001608,4275,Sandra Allen,2026-05-08,account_page_view,Service Recovery,Portal,22
ENG006051,C001608,4275,Sandra Allen,2026-05-09,unsubscribe_risk,Escalation Follow-up,Email,-10
ENG006052,C001609,5431,Judith Peck,2026-05-06,campaign_open,Retention Pulse,Email,8
ENG006053,C001609,5431,Judith Peck,2026-05-07,campaign_click,Retention Pulse,Email,12
ENG006054,C001609,5431,Judith Peck,2026-05-08,account_page_view,Service Recovery,Portal,22
ENG006055,C001609,5431,Judith Peck,2026-05-09,unsubscribe_risk,Escalation Follow-up,Email,-10
ENG006056,C001610,5129,Dennis Smith,2026-05-06,campaign_open,Retention Pulse,Email,8
ENG006057,C001610,5129,Dennis Smith,2026-05-07,campaign_click,Retention Pulse,Email,12
ENG006058,C001610,5129,Dennis Smith,2026-05-08,promo_response,Reactivation,Email,18
ENG006059,C001611,1889,Mary West,2026-05-06,campaign_open,Retention Pulse,Email,8
ENG006060,C001611,1889,Mary West,2026-05-07,campaign_click,Retention Pulse,Email,12
ENG006061,C001611,1889,Mary West,2026-05-08,account_page_view,Service Recovery,Portal,22
ENG006062,C001611,1889,Mary West,2026-05-09,unsubscribe_risk,Escalation Follow-up,Email,-10
ENG006063,C001612,6233,Mary Elliott,2026-05-06,campaign_open,Retention Pulse,Email,8
ENG006064,C001612,6233,Mary Elliott,2026-05-07,campaign_click,Retention Pulse,Email,12
ENG006065,C001612,6233,Mary Elliott,2026-05-08,account_page_view,Service Recovery,Portal,22
ENG006066,C001612,6233,Mary Elliott,2026-05-09,unsubscribe_risk,Escalation Follow-up,Email,-10
ENG006067,C001613,2110,Cynthia Myers,2026-05-06,campaign_open,Retention Pulse,Email,8
ENG006068,C001613,2110,Cynthia Myers,2026-05-07,campaign_click,Retention Pulse,Email,12
ENG006069,C001613,2110,Cynthia Myers,2026-05-08,account_page_view,Service Recovery,Portal,22
ENG006070,C001613,2110,Cynthia Myers,2026-05-09,unsubscribe_risk,Escalation Follow-up,Email,-10
ENG006071,C001614,4476,Mary Ortiz,2026-05-06,campaign_open,Retention Pulse,Email,8
ENG006072,C001614,4476,Mary Ortiz,2026-05-07,campaign_click,Retention Pulse,Email,12
ENG006073,C001614,4476,Mary Ortiz,2026-05-08,account_page_view,Service Recovery,Portal,22
ENG006074,C001614,4476,Mary Ortiz,2026-05-09,unsubscribe_risk,Escalation Follow-up,Email,-10
ENG006075,C001615,2257,Matthew Burgess,2026-05-06,campaign_open,Retention Pulse,Email,8
ENG006076,C001615,2257,Matthew Burgess,2026-05-07,campaign_click,Retention Pulse,Email,12
ENG006077,C001615,2257,Matthew Burgess,2026-05-08,account_page_view,Service Recovery,Portal,22
ENG006078,C001615,2257,Matthew Burgess,2026-05-09,unsubscribe_risk,Escalation Follow-up,Email,-10
ENG006079,C001616,1243,Joan Rosales,2026-05-06,campaign_open,Retention Pulse,Email,8
ENG006080,C001616,1243,Joan Rosales,2026-05-07,campaign_click,Retention Pulse,Email,12
ENG006081,C001616,1243,Joan Rosales,2026-05-08,account_page_view,Service Recovery,Portal,22
ENG006082,C001616,1243,Joan Rosales,2026-05-09,unsubscribe_risk,Escalation Follow-up,Email,-10
ENG006083,C001617,2277,Ruth Arnold,2026-05-06,campaign_open,Retention Pulse,Email,8
ENG006084,C001617,2277,Ruth Arnold,2026-05-07,campaign_click,Retention Pulse,Email,12
ENG006085,C001617,2277,Ruth Arnold,2026-05-08,promo_response,Reactivation,Email,18
ENG006086,C001618,285,Shirley Smith,2026-05-06,campaign_open,Retention Pulse,Email,8
ENG006087,C001618,285,Shirley Smith,2026-05-07,campaign_click,Retention Pulse,Email,12
ENG006088,C001618,285,Shirley Smith,2026-05-08,account_page_view,Service Recovery,Portal,22
ENG006089,C001618,285,Shirley Smith,2026-05-09,unsubscribe_risk,Escalation Follow-up,Email,-10
ENG006090,C001619,7465,Andrew Smith,2026-05-06,campaign_open,Retention Pulse,Email,8
ENG006091,C001619,7465,Andrew Smith,2026-05-07,campaign_click,Retention Pulse,Email,12
ENG006092,C001619,7465,Andrew Smith,2026-05-08,account_page_view,Service Recovery,Portal,22
ENG006093,C001619,7465,Andrew Smith,2026-05-09,unsubscribe_risk,Escalation Follow-up,Email,-10
ENG006094,C001620,4997,Roy Todd,2026-05-06,campaign_open,Retention Pulse,Email,8
ENG006095,C001620,4997,Roy Todd,2026-05-07,campaign_click,Retention Pulse,Email,12
ENG006096,C001620,4997,Roy Todd,2026-05-08,account_page_view,Service Recovery,Portal,22
ENG006097,C001620,4997,Roy Todd,2026-05-09,unsubscribe_risk,Escalation Follow-up,Email,-10
ENG006098,C001621,2646,Mary Daugherty,2026-05-06,campaign_open,Retention Pulse,Email,8
ENG006099,C001621,2646,Mary Daugherty,2026-05-07,campaign_click,Retention Pulse,Email,12
ENG006100,C001621,2646,Mary Daugherty,2026-05-08,account_page_view,Service Recovery,Portal,22
ENG006101,C001621,2646,Mary Daugherty,2026-05-09,unsubscribe_risk,Escalation Follow-up,Email,-10
ENG006102,C001622,656,Julie Smith,2026-05-06,campaign_open,Retention Pulse,Email,8
ENG006103,C001622,656,Julie Smith,2026-05-07,campaign_click,Retention Pulse,Email,12
ENG006104,C001622,656,Julie Smith,2026-05-08,account_page_view,Service Recovery,Portal,22
ENG006105,C001622,656,Julie Smith,2026-05-09,unsubscribe_risk,Escalation Follow-up,Email,-10
ENG006106,C001623,11491,David Smith,2026-05-06,campaign_open,Retention Pulse,Email,8
ENG006107,C001623,11491,David Smith,2026-05-07,campaign_click,Retention Pulse,Email,12
ENG006108,C001623,11491,David Smith,2026-05-08,account_page_view,Service Recovery,Portal,22
ENG006109,C001623,11491,David Smith,2026-05-09,unsubscribe_risk,Escalation Follow-up,Email,-10
ENG006110,C001624,1126,Mary Thompson,2026-05-06,campaign_open,Retention Pulse,Email,8
ENG006111,C001624,1126,Mary Thompson,2026-05-07,campaign_click,Retention Pulse,Email,12
ENG006112,C001624,1126,Mary Thompson,2026-05-08,account_page_view,Service Recovery,Portal,22
ENG006113,C001624,1126,Mary Thompson,2026-05-09,unsubscribe_risk,Escalation Follow-up,Email,-10
ENG006114,C001625,12026,George Smith,2026-05-06,campaign_open,Retention Pulse,Email,8
ENG006115,C001625,12026,George Smith,2026-05-07,campaign_click,Retention Pulse,Email,12
ENG006116,C001625,12026,George Smith,2026-05-08,account_page_view,Service Recovery,Portal,22
ENG006117,C001625,12026,George Smith,2026-05-09,unsubscribe_risk,Escalation Follow-up,Email,-10
ENG006118,C001626,8397,Amber Smith,2026-05-06,campaign_open,Retention Pulse,Email,8
ENG006119,C001626,8397,Amber Smith,2026-05-07,campaign_click,Retention Pulse,Email,12
ENG006120,C001626,8397,Amber Smith,2026-05-08,account_page_view,Service Recovery,Portal,22
ENG006121,C001626,8397,Amber Smith,2026-05-09,unsubscribe_risk,Escalation Follow-up,Email,-10
ENG006122,C001627,3752,Mary Vega,2026-05-06,campaign_open,Retention Pulse,Email,8
ENG006123,C001627,3752,Mary Vega,2026-05-07,campaign_click,Retention Pulse,Email,12
ENG006124,C001627,3752,Mary Vega,2026-05-08,account_page_view,Service Recovery,Portal,22
ENG006125,C001627,3752,Mary Vega,2026-05-09,unsubscribe_risk,Escalation Follow-up,Email,-10
ENG006126,C001628,9612,Willie Roberson,2026-05-06,campaign_open,Retention Pulse,Email,8
ENG006127,C001628,9612,Willie Roberson,2026-05-07,campaign_click,Retention Pulse,Email,12
ENG006128,C001628,9612,Willie Roberson,2026-05-08,account_page_view,Service Recovery,Portal,22
ENG006129,C001628,9612,Willie Roberson,2026-05-09,unsubscribe_risk,Escalation Follow-up,Email,-10
ENG006130,C001629,7606,Mary Khan,2026-05-06,campaign_open,Retention Pulse,Email,8
ENG006131,C001629,7606,Mary Khan,2026-05-07,campaign_click,Retention Pulse,Email,12
ENG006132,C001629,7606,Mary Khan,2026-05-08,promo_response,Reactivation,Email,18
ENG006133,C001630,5249,Robert Huffman,2026-05-06,campaign_open,Retention Pulse,Email,8
ENG006134,C001630,5249,Robert Huffman,2026-05-07,campaign_click,Retention Pulse,Email,12
ENG006135,C001630,5249,Robert Huffman,2026-05-08,promo_response,Reactivation,Email,18
ENG006136,C001631,6370,Andrea Smith,2026-05-06,campaign_open,Retention Pulse,Email,8
ENG006137,C001631,6370,Andrea Smith,2026-05-07,campaign_click,Retention Pulse,Email,12
ENG006138,C001631,6370,Andrea Smith,2026-05-08,account_page_view,Service Recovery,Portal,22
ENG006139,C001631,6370,Andrea Smith,2026-05-09,unsubscribe_risk,Escalation Follow-up,Email,-10
ENG006140,C001632,9575,John Richards,2026-05-06,campaign_open,Retention Pulse,Email,8
ENG006141,C001632,9575,John Richards,2026-05-07,campaign_click,Retention Pulse,Email,12
ENG006142,C001632,9575,John Richards,2026-05-08,account_page_view,Service Recovery,Portal,22
ENG006143,C001632,9575,John Richards,2026-05-09,unsubscribe_risk,Escalation Follow-up,Email,-10
ENG006144,C001633,272,Mary Long,2026-05-06,campaign_open,Retention Pulse,Email,8
ENG006145,C001633,272,Mary Long,2026-05-07,campaign_click,Retention Pulse,Email,12
ENG006146,C001633,272,Mary Long,2026-05-08,promo_response,Reactivation,Email,18
ENG006147,C001634,9972,William Serrano,2026-05-06,campaign_open,Retention Pulse,Email,8
ENG006148,C001634,9972,William Serrano,2026-05-07,campaign_click,Retention Pulse,Email,12
ENG006149,C001634,9972,William Serrano,2026-05-08,account_page_view,Service Recovery,Portal,22
ENG006150,C001634,9972,William Serrano,2026-05-09,unsubscribe_risk,Escalation Follow-up,Email,-10
ENG006151,C001635,7356,Andrew Robles,2026-05-06,campaign_open,Retention Pulse,Email,8
ENG006152,C001635,7356,Andrew Robles,2026-05-07,campaign_click,Retention Pulse,Email,12
ENG006153,C001635,7356,Andrew Robles,2026-05-08,promo_response,Reactivation,Email,18
ENG006154,C001636,3461,Jose Smith,2026-05-06,campaign_open,Retention Pulse,Email,8
ENG006155,C001636,3461,Jose Smith,2026-05-07,campaign_click,Retention Pulse,Email,12
ENG006156,C001636,3461,Jose Smith,2026-05-08,account_page_view,Service Recovery,Portal,22
ENG006157,C001636,3461,Jose Smith,2026-05-09,unsubscribe_risk,Escalation Follow-up,Email,-10
ENG006158,C001637,3406,Mary Smith,2026-05-06,campaign_open,Retention Pulse,Email,8
ENG006159,C001637,3406,Mary Smith,2026-05-07,campaign_click,Retention Pulse,Email,12
ENG006160,C001637,3406,Mary Smith,2026-05-08,promo_response,Reactivation,Email,18
ENG006161,C001638,8704,Mary Mclean,2026-05-06,campaign_open,Retention Pulse,Email,8
ENG006162,C001638,8704,Mary Mclean,2026-05-07,campaign_click,Retention Pulse,Email,12
ENG006163,C001638,8704,Mary Mclean,2026-05-08,account_page_view,Service Recovery,Portal,22
ENG006164,C001638,8704,Mary Mclean,2026-05-09,unsubscribe_risk,Escalation Follow-up,Email,-10
ENG006165,C001639,4915,Matthew Juarez,2026-05-06,campaign_open,Retention Pulse,Email,8
ENG006166,C001639,4915,Matthew Juarez,2026-05-07,campaign_click,Retention Pulse,Email,12
ENG006167,C001639,4915,Matthew Juarez,2026-05-08,account_page_view,Service Recovery,Portal,22
ENG006168,C001639,4915,Matthew Juarez,2026-05-09,unsubscribe_risk,Escalation Follow-up,Email,-10
ENG006169,C001640,10220,Gerald Mason,2026-05-06,campaign_open,Retention Pulse,Email,8
ENG006170,C001640,10220,Gerald Mason,2026-05-07,campaign_click,Retention Pulse,Email,12
ENG006171,C001640,10220,Gerald Mason,2026-05-08,account_page_view,Service Recovery,Portal,22
ENG006172,C001640,10220,Gerald Mason,2026-05-09,unsubscribe_risk,Escalation Follow-up,Email,-10
ENG006173,C001641,9496,Mary Taylor,2026-05-06,campaign_open,Retention Pulse,Email,8
ENG006174,C001641,9496,Mary Taylor,2026-05-07,campaign_click,Retention Pulse,Email,12
ENG006175,C001641,9496,Mary Taylor,2026-05-08,account_page_view,Service Recovery,Portal,22
ENG006176,C001641,9496,Mary Taylor,2026-05-09,unsubscribe_risk,Escalation Follow-up,Email,-10
ENG006177,C001642,11957,Mary Norman,2026-05-06,campaign_open,Retention Pulse,Email,8
ENG006178,C001642,11957,Mary Norman,2026-05-07,campaign_click,Retention Pulse,Email,12
ENG006179,C001642,11957,Mary Norman,2026-05-08,account_page_view,Service Recovery,Portal,22
ENG006180,C001642,11957,Mary Norman,2026-05-09,unsubscribe_risk,Escalation Follow-up,Email,-10
ENG006181,C001643,12178,Mary Mcgee,2026-05-06,campaign_open,Retention Pulse,Email,8
ENG006182,C001643,12178,Mary Mcgee,2026-05-07,campaign_click,Retention Pulse,Email,12
ENG006183,C001643,12178,Mary Mcgee,2026-05-08,account_page_view,Service Recovery,Portal,22
ENG006184,C001643,12178,Mary Mcgee,2026-05-09,unsubscribe_risk,Escalation Follow-up,Email,-10
ENG006185,C001644,10637,Matthew Smith,2026-05-06,campaign_open,Retention Pulse,Email,8
ENG006186,C001644,10637,Matthew Smith,2026-05-07,campaign_click,Retention Pulse,Email,12
ENG006187,C001644,10637,Matthew Smith,2026-05-08,account_page_view,Service Recovery,Portal,22
ENG006188,C001644,10637,Matthew Smith,2026-05-09,unsubscribe_risk,Escalation Follow-up,Email,-10
ENG006189,C001645,8631,Mary Richardson,2026-05-06,campaign_open,Retention Pulse,Email,8
ENG006190,C001645,8631,Mary Richardson,2026-05-07,campaign_click,Retention Pulse,Email,12
ENG006191,C001645,8631,Mary Richardson,2026-05-08,account_page_view,Service Recovery,Portal,22
ENG006192,C001645,8631,Mary Richardson,2026-05-09,unsubscribe_risk,Escalation Follow-up,Email,-10
ENG006193,C001646,4040,Harold Hart,2026-05-06,campaign_open,Retention Pulse,Email,8
ENG006194,C001646,4040,Harold Hart,2026-05-07,campaign_click,Retention Pulse,Email,12
ENG006195,C001646,4040,Harold Hart,2026-05-08,account_page_view,Service Recovery,Portal,22
ENG006196,C001646,4040,Harold Hart,2026-05-09,unsubscribe_risk,Escalation Follow-up,Email,-10
ENG006197,C001647,4153,Kathleen Torres,2026-05-06,campaign_open,Retention Pulse,Email,8
ENG006198,C001647,4153,Kathleen Torres,2026-05-07,campaign_click,Retention Pulse,Email,12
ENG006199,C001647,4153,Kathleen Torres,2026-05-08,account_page_view,Service Recovery,Portal,22
ENG006200,C001647,4153,Kathleen Torres,2026-05-09,unsubscribe_risk,Escalation Follow-up,Email,-10
ENG006201,C001648,175,Ronald Guzman,2026-05-06,campaign_open,Retention Pulse,Email,8
ENG006202,C001648,175,Ronald Guzman,2026-05-07,campaign_click,Retention Pulse,Email,12
ENG006203,C001648,175,Ronald Guzman,2026-05-08,account_page_view,Service Recovery,Portal,22
ENG006204,C001648,175,Ronald Guzman,2026-05-09,unsubscribe_risk,Escalation Follow-up,Email,-10
ENG006205,C001649,11574,Mary Guzman,2026-05-06,campaign_open,Retention Pulse,Email,8
ENG006206,C001649,11574,Mary Guzman,2026-05-07,campaign_click,Retention Pulse,Email,12
ENG006207,C001649,11574,Mary Guzman,2026-05-08,promo_response,Reactivation,Email,18
ENG006208,C001650,5585,Mary Wilson,2026-05-06,campaign_open,Retention Pulse,Email,8
ENG006209,C001650,5585,Mary Wilson,2026-05-07,campaign_click,Retention Pulse,Email,12
ENG006210,C001650,5585,Mary Wilson,2026-05-08,account_page_view,Service Recovery,Portal,22
ENG006211,C001650,5585,Mary Wilson,2026-05-09,unsubscribe_risk,Escalation Follow-up,Email,-10
ENG006212,C001651,430,Mary Smith,2026-05-06,campaign_open,Retention Pulse,Email,8
ENG006213,C001651,430,Mary Smith,2026-05-07,campaign_click,Retention Pulse,Email,12
ENG006214,C001651,430,Mary Smith,2026-05-08,promo_response,Reactivation,Email,18
ENG006215,C001652,4547,Mary Molina,2026-05-06,campaign_open,Retention Pulse,Email,8
ENG006216,C001652,4547,Mary Molina,2026-05-07,campaign_click,Retention Pulse,Email,12
ENG006217,C001652,4547,Mary Molina,2026-05-08,account_page_view,Service Recovery,Portal,22
ENG006218,C001652,4547,Mary Molina,2026-05-09,unsubscribe_risk,Escalation Follow-up,Email,-10
ENG006219,C001653,11789,Mary Smith,2026-05-06,campaign_open,Retention Pulse,Email,8
ENG006220,C001653,11789,Mary Smith,2026-05-07,campaign_click,Retention Pulse,Email,12
ENG006221,C001653,11789,Mary Smith,2026-05-08,account_page_view,Service Recovery,Portal,22
ENG006222,C001653,11789,Mary Smith,2026-05-09,unsubscribe_risk,Escalation Follow-up,Email,-10
ENG006223,C001654,8506,Elizabeth Smith,2026-05-06,campaign_open,Retention Pulse,Email,8
ENG006224,C001654,8506,Elizabeth Smith,2026-05-07,campaign_click,Retention Pulse,Email,12
ENG006225,C001654,8506,Elizabeth Smith,2026-05-08,account_page_view,Service Recovery,Portal,22
ENG006226,C001654,8506,Elizabeth Smith,2026-05-09,unsubscribe_risk,Escalation Follow-up,Email,-10
ENG006227,C001655,8211,Ronald Mcneil,2026-05-06,campaign_open,Retention Pulse,Email,8
ENG006228,C001655,8211,Ronald Mcneil,2026-05-07,campaign_click,Retention Pulse,Email,12
ENG006229,C001655,8211,Ronald Mcneil,2026-05-08,account_page_view,Service Recovery,Portal,22
ENG006230,C001655,8211,Ronald Mcneil,2026-05-09,unsubscribe_risk,Escalation Follow-up,Email,-10
ENG006231,C001656,6089,Laura Blair,2026-05-06,campaign_open,Retention Pulse,Email,8
ENG006232,C001656,6089,Laura Blair,2026-05-07,campaign_click,Retention Pulse,Email,12
ENG006233,C001656,6089,Laura Blair,2026-05-08,account_page_view,Service Recovery,Portal,22
ENG006234,C001656,6089,Laura Blair,2026-05-09,unsubscribe_risk,Escalation Follow-up,Email,-10
ENG006235,C001657,7144,Douglas Haley,2026-05-06,campaign_open,Retention Pulse,Email,8
ENG006236,C001657,7144,Douglas Haley,2026-05-07,campaign_click,Retention Pulse,Email,12
ENG006237,C001657,7144,Douglas Haley,2026-05-08,promo_response,Reactivation,Email,18
ENG006238,C001658,4657,Mary Shaw,2026-05-06,campaign_open,Retention Pulse,Email,8
ENG006239,C001658,4657,Mary Shaw,2026-05-07,campaign_click,Retention Pulse,Email,12
ENG006240,C001658,4657,Mary Shaw,2026-05-08,promo_response,Reactivation,Email,18
ENG006241,C001659,5145,James Smith,2026-05-06,campaign_open,Retention Pulse,Email,8
ENG006242,C001659,5145,James Smith,2026-05-07,campaign_click,Retention Pulse,Email,12
ENG006243,C001659,5145,James Smith,2026-05-08,account_page_view,Service Recovery,Portal,22
ENG006244,C001659,5145,James Smith,2026-05-09,unsubscribe_risk,Escalation Follow-up,Email,-10
ENG006245,C001660,4750,Mary Smith,2026-05-06,campaign_open,Retention Pulse,Email,8
ENG006246,C001660,4750,Mary Smith,2026-05-07,campaign_click,Retention Pulse,Email,12
ENG006247,C001660,4750,Mary Smith,2026-05-08,account_page_view,Service Recovery,Portal,22
ENG006248,C001660,4750,Mary Smith,2026-05-09,unsubscribe_risk,Escalation Follow-up,Email,-10
ENG006249,C001661,10424,Beverly Smith,2026-05-06,campaign_open,Retention Pulse,Email,8
ENG006250,C001661,10424,Beverly Smith,2026-05-07,campaign_click,Retention Pulse,Email,12
ENG006251,C001661,10424,Beverly Smith,2026-05-08,account_page_view,Service Recovery,Portal,22
ENG006252,C001661,10424,Beverly Smith,2026-05-09,unsubscribe_risk,Escalation Follow-up,Email,-10
ENG006253,C001662,1116,Mary Henderson,2026-05-06,campaign_open,Retention Pulse,Email,8
ENG006254,C001662,1116,Mary Henderson,2026-05-07,campaign_click,Retention Pulse,Email,12
ENG006255,C001662,1116,Mary Henderson,2026-05-08,account_page_view,Service Recovery,Portal,22
ENG006256,C001662,1116,Mary Henderson,2026-05-09,unsubscribe_risk,Escalation Follow-up,Email,-10
ENG006257,C001663,929,Alan Smith,2026-05-06,campaign_open,Retention Pulse,Email,8
ENG006258,C001663,929,Alan Smith,2026-05-07,campaign_click,Retention Pulse,Email,12
ENG006259,C001663,929,Alan Smith,2026-05-08,account_page_view,Service Recovery,Portal,22
ENG006260,C001663,929,Alan Smith,2026-05-09,unsubscribe_risk,Escalation Follow-up,Email,-10
ENG006261,C001664,6909,Mary Salinas,2026-05-06,campaign_open,Retention Pulse,Email,8
ENG006262,C001664,6909,Mary Salinas,2026-05-07,campaign_click,Retention Pulse,Email,12
ENG006263,C001664,6909,Mary Salinas,2026-05-08,account_page_view,Service Recovery,Portal,22
ENG006264,C001664,6909,Mary Salinas,2026-05-09,unsubscribe_risk,Escalation Follow-up,Email,-10
ENG006265,C001665,4795,Mary Smith,2026-05-06,campaign_open,Retention Pulse,Email,8
ENG006266,C001665,4795,Mary Smith,2026-05-07,campaign_click,Retention Pulse,Email,12
ENG006267,C001665,4795,Mary Smith,2026-05-08,account_page_view,Service Recovery,Portal,22
ENG006268,C001665,4795,Mary Smith,2026-05-09,unsubscribe_risk,Escalation Follow-up,Email,-10
ENG006269,C001666,11757,Mary Boyle,2026-05-06,campaign_open,Retention Pulse,Email,8
ENG006270,C001666,11757,Mary Boyle,2026-05-07,campaign_click,Retention Pulse,Email,12
ENG006271,C001666,11757,Mary Boyle,2026-05-08,account_page_view,Service Recovery,Portal,22
ENG006272,C001666,11757,Mary Boyle,2026-05-09,unsubscribe_risk,Escalation Follow-up,Email,-10
ENG006273,C001667,6584,Mary Smith,2026-05-06,campaign_open,Retention Pulse,Email,8
ENG006274,C001667,6584,Mary Smith,2026-05-07,campaign_click,Retention Pulse,Email,12
ENG006275,C001667,6584,Mary Smith,2026-05-08,account_page_view,Service Recovery,Portal,22
ENG006276,C001667,6584,Mary Smith,2026-05-09,unsubscribe_risk,Escalation Follow-up,Email,-10
ENG006277,C001668,9746,Mary Brooks,2026-05-06,campaign_open,Retention Pulse,Email,8
ENG006278,C001668,9746,Mary Brooks,2026-05-07,campaign_click,Retention Pulse,Email,12
ENG006279,C001668,9746,Mary Brooks,2026-05-08,promo_response,Reactivation,Email,18
ENG006280,C001669,8520,Denise Smith,2026-05-06,campaign_open,Retention Pulse,Email,8
ENG006281,C001669,8520,Denise Smith,2026-05-07,campaign_click,Retention Pulse,Email,12
ENG006282,C001669,8520,Denise Smith,2026-05-08,account_page_view,Service Recovery,Portal,22
ENG006283,C001669,8520,Denise Smith,2026-05-09,unsubscribe_risk,Escalation Follow-up,Email,-10
ENG006284,C001670,5731,Jennifer Smith,2026-05-06,campaign_open,Retention Pulse,Email,8
ENG006285,C001670,5731,Jennifer Smith,2026-05-07,campaign_click,Retention Pulse,Email,12
ENG006286,C001670,5731,Jennifer Smith,2026-05-08,account_page_view,Service Recovery,Portal,22
ENG006287,C001670,5731,Jennifer Smith,2026-05-09,unsubscribe_risk,Escalation Follow-up,Email,-10
ENG006288,C001671,12069,Brittany Gardner,2026-05-06,campaign_open,Retention Pulse,Email,8
ENG006289,C001671,12069,Brittany Gardner,2026-05-07,campaign_click,Retention Pulse,Email,12
ENG006290,C001671,12069,Brittany Gardner,2026-05-08,account_page_view,Service Recovery,Portal,22
ENG006291,C001671,12069,Brittany Gardner,2026-05-09,unsubscribe_risk,Escalation Follow-up,Email,-10
ENG006292,C001672,9754,Mary Matthews,2026-05-06,campaign_open,Retention Pulse,Email,8
ENG006293,C001672,9754,Mary Matthews,2026-05-07,campaign_click,Retention Pulse,Email,12
ENG006294,C001672,9754,Mary Matthews,2026-05-08,account_page_view,Service Recovery,Portal,22
ENG006295,C001672,9754,Mary Matthews,2026-05-09,unsubscribe_risk,Escalation Follow-up,Email,-10
ENG006296,C001673,12359,Melissa Smith,2026-05-06,campaign_open,Retention Pulse,Email,8
ENG006297,C001673,12359,Melissa Smith,2026-05-07,campaign_click,Retention Pulse,Email,12
ENG006298,C001673,12359,Melissa Smith,2026-05-08,account_page_view,Service Recovery,Portal,22
ENG006299,C001673,12359,Melissa Smith,2026-05-09,unsubscribe_risk,Escalation Follow-up,Email,-10
ENG006300,C001674,5622,Ronald Hall,2026-05-06,campaign_open,Retention Pulse,Email,8
ENG006301,C001674,5622,Ronald Hall,2026-05-07,campaign_click,Retention Pulse,Email,12
ENG006302,C001674,5622,Ronald Hall,2026-05-08,promo_response,Reactivation,Email,18
ENG006303,C001675,5852,Mary Harris,2026-05-06,campaign_open,Retention Pulse,Email,8
ENG006304,C001675,5852,Mary Harris,2026-05-07,campaign_click,Retention Pulse,Email,12
ENG006305,C001675,5852,Mary Harris,2026-05-08,account_page_view,Service Recovery,Portal,22
ENG006306,C001675,5852,Mary Harris,2026-05-09,unsubscribe_risk,Escalation Follow-up,Email,-10
ENG006307,C001676,5525,Kevin Smith,2026-05-06,campaign_open,Retention Pulse,Email,8
ENG006308,C001676,5525,Kevin Smith,2026-05-07,campaign_click,Retention Pulse,Email,12
ENG006309,C001676,5525,Kevin Smith,2026-05-08,promo_response,Reactivation,Email,18
ENG006310,C001677,5359,Raymond Wu,2026-05-06,campaign_open,Retention Pulse,Email,8
ENG006311,C001677,5359,Raymond Wu,2026-05-07,campaign_click,Retention Pulse,Email,12
ENG006312,C001677,5359,Raymond Wu,2026-05-08,account_page_view,Service Recovery,Portal,22
ENG006313,C001677,5359,Raymond Wu,2026-05-09,unsubscribe_risk,Escalation Follow-up,Email,-10
ENG006314,C001678,1375,Linda Smith,2026-05-06,campaign_open,Retention Pulse,Email,8
ENG006315,C001678,1375,Linda Smith,2026-05-07,campaign_click,Retention Pulse,Email,12
ENG006316,C001678,1375,Linda Smith,2026-05-08,account_page_view,Service Recovery,Portal,22
ENG006317,C001678,1375,Linda Smith,2026-05-09,unsubscribe_risk,Escalation Follow-up,Email,-10
ENG006318,C001679,9309,Mary Wilson,2026-05-06,campaign_open,Retention Pulse,Email,8
ENG006319,C001679,9309,Mary Wilson,2026-05-07,campaign_click,Retention Pulse,Email,12
ENG006320,C001679,9309,Mary Wilson,2026-05-08,account_page_view,Service Recovery,Portal,22
ENG006321,C001679,9309,Mary Wilson,2026-05-09,unsubscribe_risk,Escalation Follow-up,Email,-10
ENG006322,C001680,2210,Mary Bryant,2026-05-06,campaign_open,Retention Pulse,Email,8
ENG006323,C001680,2210,Mary Bryant,2026-05-07,campaign_click,Retention Pulse,Email,12
ENG006324,C001680,2210,Mary Bryant,2026-05-08,account_page_view,Service Recovery,Portal,22
ENG006325,C001680,2210,Mary Bryant,2026-05-09,unsubscribe_risk,Escalation Follow-up,Email,-10
ENG006326,C001681,5238,Frank Smith,2026-05-06,campaign_open,Retention Pulse,Email,8
ENG006327,C001681,5238,Frank Smith,2026-05-07,campaign_click,Retention Pulse,Email,12
ENG006328,C001681,5238,Frank Smith,2026-05-08,promo_response,Reactivation,Email,18
ENG006329,C001682,10678,Martha Prince,2026-05-06,campaign_open,Retention Pulse,Email,8
ENG006330,C001682,10678,Martha Prince,2026-05-07,campaign_click,Retention Pulse,Email,12
ENG006331,C001682,10678,Martha Prince,2026-05-08,promo_response,Reactivation,Email,18
ENG006332,C001683,4855,Tyler Key,2026-05-06,campaign_open,Retention Pulse,Email,8
ENG006333,C001683,4855,Tyler Key,2026-05-07,campaign_click,Retention Pulse,Email,12
ENG006334,C001683,4855,Tyler Key,2026-05-08,account_page_view,Service Recovery,Portal,22
ENG006335,C001683,4855,Tyler Key,2026-05-09,unsubscribe_risk,Escalation Follow-up,Email,-10
ENG006336,C001684,5829,Mary Smith,2026-05-06,campaign_open,Retention Pulse,Email,8
ENG006337,C001684,5829,Mary Smith,2026-05-07,campaign_click,Retention Pulse,Email,12
ENG006338,C001684,5829,Mary Smith,2026-05-08,account_page_view,Service Recovery,Portal,22
ENG006339,C001684,5829,Mary Smith,2026-05-09,unsubscribe_risk,Escalation Follow-up,Email,-10
ENG006340,C001685,5349,Kenneth Martin,2026-05-06,campaign_open,Retention Pulse,Email,8
ENG006341,C001685,5349,Kenneth Martin,2026-05-07,campaign_click,Retention Pulse,Email,12
ENG006342,C001685,5349,Kenneth Martin,2026-05-08,account_page_view,Service Recovery,Portal,22
ENG006343,C001685,5349,Kenneth Martin,2026-05-09,unsubscribe_risk,Escalation Follow-up,Email,-10
ENG006344,C001686,5225,Mary Smith,2026-05-06,campaign_open,Retention Pulse,Email,8
ENG006345,C001686,5225,Mary Smith,2026-05-07,campaign_click,Retention Pulse,Email,12
ENG006346,C001686,5225,Mary Smith,2026-05-08,promo_response,Reactivation,Email,18
ENG006347,C001687,12261,Mary Harris,2026-05-06,campaign_open,Retention Pulse,Email,8
ENG006348,C001687,12261,Mary Harris,2026-05-07,campaign_click,Retention Pulse,Email,12
ENG006349,C001687,12261,Mary Harris,2026-05-08,account_page_view,Service Recovery,Portal,22
ENG006350,C001687,12261,Mary Harris,2026-05-09,unsubscribe_risk,Escalation Follow-up,Email,-10
ENG006351,C001688,6402,Mary Frazier,2026-05-06,campaign_open,Retention Pulse,Email,8
ENG006352,C001688,6402,Mary Frazier,2026-05-07,campaign_click,Retention Pulse,Email,12
ENG006353,C001688,6402,Mary Frazier,2026-05-08,promo_response,Reactivation,Email,18
ENG006354,C001689,1331,Mary Smith,2026-05-06,campaign_open,Retention Pulse,Email,8
ENG006355,C001689,1331,Mary Smith,2026-05-07,campaign_click,Retention Pulse,Email,12
ENG006356,C001689,1331,Mary Smith,2026-05-08,account_page_view,Service Recovery,Portal,22
ENG006357,C001689,1331,Mary Smith,2026-05-09,unsubscribe_risk,Escalation Follow-up,Email,-10
ENG006358,C001690,5565,Laura Orr,2026-05-06,campaign_open,Retention Pulse,Email,8
ENG006359,C001690,5565,Laura Orr,2026-05-07,campaign_click,Retention Pulse,Email,12
ENG006360,C001690,5565,Laura Orr,2026-05-08,account_page_view,Service Recovery,Portal,22
ENG006361,C001690,5565,Laura Orr,2026-05-09,unsubscribe_risk,Escalation Follow-up,Email,-10
ENG006362,C001691,7705,Julia Robinson,2026-05-06,campaign_open,Retention Pulse,Email,8
ENG006363,C001691,7705,Julia Robinson,2026-05-07,campaign_click,Retention Pulse,Email,12
ENG006364,C001691,7705,Julia Robinson,2026-05-08,promo_response,Reactivation,Email,18
ENG006365,C001692,12018,Raymond Smith,2026-05-06,campaign_open,Retention Pulse,Email,8
ENG006366,C001692,12018,Raymond Smith,2026-05-07,campaign_click,Retention Pulse,Email,12
ENG006367,C001692,12018,Raymond Smith,2026-05-08,promo_response,Reactivation,Email,18
ENG006368,C001693,4279,Jack Meyer,2026-05-06,campaign_open,Retention Pulse,Email,8
ENG006369,C001693,4279,Jack Meyer,2026-05-07,campaign_click,Retention Pulse,Email,12
ENG006370,C001693,4279,Jack Meyer,2026-05-08,account_page_view,Service Recovery,Portal,22
ENG006371,C001693,4279,Jack Meyer,2026-05-09,unsubscribe_risk,Escalation Follow-up,Email,-10
ENG006372,C001694,6187,Mary Hess,2026-05-06,campaign_open,Retention Pulse,Email,8
ENG006373,C001694,6187,Mary Hess,2026-05-07,campaign_click,Retention Pulse,Email,12
ENG006374,C001694,6187,Mary Hess,2026-05-08,account_page_view,Service Recovery,Portal,22
ENG006375,C001694,6187,Mary Hess,2026-05-09,unsubscribe_risk,Escalation Follow-up,Email,-10
ENG006376,C001695,203,Madison Blankenship,2026-05-06,campaign_open,Retention Pulse,Email,8
ENG006377,C001695,203,Madison Blankenship,2026-05-07,campaign_click,Retention Pulse,Email,12
ENG006378,C001695,203,Madison Blankenship,2026-05-08,account_page_view,Service Recovery,Portal,22
ENG006379,C001695,203,Madison Blankenship,2026-05-09,unsubscribe_risk,Escalation Follow-up,Email,-10
ENG006380,C001696,4388,Richard Moore,2026-05-06,campaign_open,Retention Pulse,Email,8
ENG006381,C001696,4388,Richard Moore,2026-05-07,campaign_click,Retention Pulse,Email,12
ENG006382,C001696,4388,Richard Moore,2026-05-08,account_page_view,Service Recovery,Portal,22
ENG006383,C001696,4388,Richard Moore,2026-05-09,unsubscribe_risk,Escalation Follow-up,Email,-10
ENG006384,C001697,1436,Sarah Smith,2026-05-06,campaign_open,Retention Pulse,Email,8
ENG006385,C001697,1436,Sarah Smith,2026-05-07,campaign_click,Retention Pulse,Email,12
ENG006386,C001697,1436,Sarah Smith,2026-05-08,account_page_view,Service Recovery,Portal,22
ENG006387,C001697,1436,Sarah Smith,2026-05-09,unsubscribe_risk,Escalation Follow-up,Email,-10
ENG006388,C001698,8554,Evelyn Smith,2026-05-06,campaign_open,Retention Pulse,Email,8
ENG006389,C001698,8554,Evelyn Smith,2026-05-07,campaign_click,Retention Pulse,Email,12
ENG006390,C001698,8554,Evelyn Smith,2026-05-08,account_page_view,Service Recovery,Portal,22
ENG006391,C001698,8554,Evelyn Smith,2026-05-09,unsubscribe_risk,Escalation Follow-up,Email,-10
ENG006392,C001699,4877,Mary Greene,2026-05-06,campaign_open,Retention Pulse,Email,8
ENG006393,C001699,4877,Mary Greene,2026-05-07,campaign_click,Retention Pulse,Email,12
ENG006394,C001699,4877,Mary Greene,2026-05-08,account_page_view,Service Recovery,Portal,22
ENG006395,C001699,4877,Mary Greene,2026-05-09,unsubscribe_risk,Escalation Follow-up,Email,-10
ENG006396,C001700,10495,Janet Gentry,2026-05-06,campaign_open,Retention Pulse,Email,8
ENG006397,C001700,10495,Janet Gentry,2026-05-07,campaign_click,Retention Pulse,Email,12
ENG006398,C001700,10495,Janet Gentry,2026-05-08,account_page_view,Service Recovery,Portal,22
ENG006399,C001700,10495,Janet Gentry,2026-05-09,unsubscribe_risk,Escalation Follow-up,Email,-10
ENG006400,C001701,917,Andrew Glenn,2026-05-06,campaign_open,Retention Pulse,Email,8
ENG006401,C001701,917,Andrew Glenn,2026-05-07,campaign_click,Retention Pulse,Email,12
ENG006402,C001701,917,Andrew Glenn,2026-05-08,account_page_view,Service Recovery,Portal,22
ENG006403,C001701,917,Andrew Glenn,2026-05-09,unsubscribe_risk,Escalation Follow-up,Email,-10
ENG006404,C001702,9096,Mary Andrews,2026-05-06,campaign_open,Retention Pulse,Email,8
ENG006405,C001702,9096,Mary Andrews,2026-05-07,campaign_click,Retention Pulse,Email,12
ENG006406,C001702,9096,Mary Andrews,2026-05-08,account_page_view,Service Recovery,Portal,22
ENG006407,C001702,9096,Mary Andrews,2026-05-09,unsubscribe_risk,Escalation Follow-up,Email,-10
ENG006408,C001703,9552,Richard Wilkerson,2026-05-06,campaign_open,Retention Pulse,Email,8
ENG006409,C001703,9552,Richard Wilkerson,2026-05-07,campaign_click,Retention Pulse,Email,12
ENG006410,C001703,9552,Richard Wilkerson,2026-05-08,account_page_view,Service Recovery,Portal,22
ENG006411,C001703,9552,Richard Wilkerson,2026-05-09,unsubscribe_risk,Escalation Follow-up,Email,-10
ENG006412,C001704,3188,Madison Ray,2026-05-06,campaign_open,Retention Pulse,Email,8
ENG006413,C001704,3188,Madison Ray,2026-05-07,campaign_click,Retention Pulse,Email,12
ENG006414,C001704,3188,Madison Ray,2026-05-08,account_page_view,Service Recovery,Portal,22
ENG006415,C001704,3188,Madison Ray,2026-05-09,unsubscribe_risk,Escalation Follow-up,Email,-10
ENG006416,C001705,10952,Mary Suarez,2026-05-06,campaign_open,Retention Pulse,Email,8
ENG006417,C001705,10952,Mary Suarez,2026-05-07,campaign_click,Retention Pulse,Email,12
ENG006418,C001705,10952,Mary Suarez,2026-05-08,account_page_view,Service Recovery,Portal,22
ENG006419,C001705,10952,Mary Suarez,2026-05-09,unsubscribe_risk,Escalation Follow-up,Email,-10
ENG006420,C001706,5104,Kevin Raymond,2026-05-06,campaign_open,Retention Pulse,Email,8
ENG006421,C001706,5104,Kevin Raymond,2026-05-07,campaign_click,Retention Pulse,Email,12
ENG006422,C001706,5104,Kevin Raymond,2026-05-08,promo_response,Reactivation,Email,18
ENG006423,C001707,10883,Catherine Zamora,2026-05-06,campaign_open,Retention Pulse,Email,8
ENG006424,C001707,10883,Catherine Zamora,2026-05-07,campaign_click,Retention Pulse,Email,12
ENG006425,C001707,10883,Catherine Zamora,2026-05-08,account_page_view,Service Recovery,Portal,22
ENG006426,C001707,10883,Catherine Zamora,2026-05-09,unsubscribe_risk,Escalation Follow-up,Email,-10
ENG006427,C001708,937,Daniel Cole,2026-05-06,campaign_open,Retention Pulse,Email,8
ENG006428,C001708,937,Daniel Cole,2026-05-07,campaign_click,Retention Pulse,Email,12
ENG006429,C001708,937,Daniel Cole,2026-05-08,account_page_view,Service Recovery,Portal,22
ENG006430,C001708,937,Daniel Cole,2026-05-09,unsubscribe_risk,Escalation Follow-up,Email,-10
ENG006431,C001709,10721,Mary Smith,2026-05-06,campaign_open,Retention Pulse,Email,8
ENG006432,C001709,10721,Mary Smith,2026-05-07,campaign_click,Retention Pulse,Email,12
ENG006433,C001709,10721,Mary Smith,2026-05-08,account_page_view,Service Recovery,Portal,22
ENG006434,C001709,10721,Mary Smith,2026-05-09,unsubscribe_risk,Escalation Follow-up,Email,-10
ENG006435,C001710,676,Robert Smith,2026-05-06,campaign_open,Retention Pulse,Email,8
ENG006436,C001710,676,Robert Smith,2026-05-07,campaign_click,Retention Pulse,Email,12
ENG006437,C001710,676,Robert Smith,2026-05-08,account_page_view,Service Recovery,Portal,22
ENG006438,C001710,676,Robert Smith,2026-05-09,unsubscribe_risk,Escalation Follow-up,Email,-10
ENG006439,C001711,5665,Mary Smith,2026-05-06,campaign_open,Retention Pulse,Email,8
ENG006440,C001711,5665,Mary Smith,2026-05-07,campaign_click,Retention Pulse,Email,12
ENG006441,C001711,5665,Mary Smith,2026-05-08,account_page_view,Service Recovery,Portal,22
ENG006442,C001711,5665,Mary Smith,2026-05-09,unsubscribe_risk,Escalation Follow-up,Email,-10
ENG006443,C001712,7893,Lisa Smith,2026-05-06,campaign_open,Retention Pulse,Email,8
ENG006444,C001712,7893,Lisa Smith,2026-05-07,campaign_click,Retention Pulse,Email,12
ENG006445,C001712,7893,Lisa Smith,2026-05-08,account_page_view,Service Recovery,Portal,22
ENG006446,C001712,7893,Lisa Smith,2026-05-09,unsubscribe_risk,Escalation Follow-up,Email,-10
ENG006447,C001713,10759,Douglas Smith,2026-05-06,campaign_open,Retention Pulse,Email,8
ENG006448,C001713,10759,Douglas Smith,2026-05-07,campaign_click,Retention Pulse,Email,12
ENG006449,C001713,10759,Douglas Smith,2026-05-08,account_page_view,Service Recovery,Portal,22
ENG006450,C001713,10759,Douglas Smith,2026-05-09,unsubscribe_risk,Escalation Follow-up,Email,-10
ENG006451,C001714,1008,Mary Smith,2026-05-06,campaign_open,Retention Pulse,Email,8
ENG006452,C001714,1008,Mary Smith,2026-05-07,campaign_click,Retention Pulse,Email,12
ENG006453,C001714,1008,Mary Smith,2026-05-08,account_page_view,Service Recovery,Portal,22
ENG006454,C001714,1008,Mary Smith,2026-05-09,unsubscribe_risk,Escalation Follow-up,Email,-10
ENG006455,C001715,10437,Mary Graham,2026-05-06,campaign_open,Retention Pulse,Email,8
ENG006456,C001715,10437,Mary Graham,2026-05-07,campaign_click,Retention Pulse,Email,12
ENG006457,C001715,10437,Mary Graham,2026-05-08,account_page_view,Service Recovery,Portal,22
ENG006458,C001715,10437,Mary Graham,2026-05-09,unsubscribe_risk,Escalation Follow-up,Email,-10
ENG006459,C001716,7478,Kimberly Villa,2026-05-06,campaign_open,Retention Pulse,Email,8
ENG006460,C001716,7478,Kimberly Villa,2026-05-07,campaign_click,Retention Pulse,Email,12
ENG006461,C001716,7478,Kimberly Villa,2026-05-08,promo_response,Reactivation,Email,18
ENG006462,C001717,11836,Mary Clayton,2026-05-06,campaign_open,Retention Pulse,Email,8
ENG006463,C001717,11836,Mary Clayton,2026-05-07,campaign_click,Retention Pulse,Email,12
ENG006464,C001717,11836,Mary Clayton,2026-05-08,account_page_view,Service Recovery,Portal,22
ENG006465,C001717,11836,Mary Clayton,2026-05-09,unsubscribe_risk,Escalation Follow-up,Email,-10
ENG006466,C001718,9245,Joshua Rodriguez,2026-05-06,campaign_open,Retention Pulse,Email,8
ENG006467,C001718,9245,Joshua Rodriguez,2026-05-07,campaign_click,Retention Pulse,Email,12
ENG006468,C001718,9245,Joshua Rodriguez,2026-05-08,promo_response,Reactivation,Email,18
ENG006469,C001719,2211,Debra Harvey,2026-05-06,campaign_open,Retention Pulse,Email,8
ENG006470,C001719,2211,Debra Harvey,2026-05-07,campaign_click,Retention Pulse,Email,12
ENG006471,C001719,2211,Debra Harvey,2026-05-08,account_page_view,Service Recovery,Portal,22
ENG006472,C001719,2211,Debra Harvey,2026-05-09,unsubscribe_risk,Escalation Follow-up,Email,-10
ENG006473,C001720,4974,Mary Smith,2026-05-06,campaign_open,Retention Pulse,Email,8
ENG006474,C001720,4974,Mary Smith,2026-05-07,campaign_click,Retention Pulse,Email,12
ENG006475,C001720,4974,Mary Smith,2026-05-08,account_page_view,Service Recovery,Portal,22
ENG006476,C001720,4974,Mary Smith,2026-05-09,unsubscribe_risk,Escalation Follow-up,Email,-10
ENG006477,C001721,8086,Paul Moon,2026-05-06,campaign_open,Retention Pulse,Email,8
ENG006478,C001721,8086,Paul Moon,2026-05-07,campaign_click,Retention Pulse,Email,12
ENG006479,C001721,8086,Paul Moon,2026-05-08,account_page_view,Service Recovery,Portal,22
ENG006480,C001721,8086,Paul Moon,2026-05-09,unsubscribe_risk,Escalation Follow-up,Email,-10
ENG006481,C001722,9813,Mary Roth,2026-05-06,campaign_open,Retention Pulse,Email,8
ENG006482,C001722,9813,Mary Roth,2026-05-07,campaign_click,Retention Pulse,Email,12
ENG006483,C001722,9813,Mary Roth,2026-05-08,account_page_view,Service Recovery,Portal,22
ENG006484,C001722,9813,Mary Roth,2026-05-09,unsubscribe_risk,Escalation Follow-up,Email,-10
ENG006485,C001723,10138,Louis Kennedy,2026-05-06,campaign_open,Retention Pulse,Email,8
ENG006486,C001723,10138,Louis Kennedy,2026-05-07,campaign_click,Retention Pulse,Email,12
ENG006487,C001723,10138,Louis Kennedy,2026-05-08,account_page_view,Service Recovery,Portal,22
ENG006488,C001723,10138,Louis Kennedy,2026-05-09,unsubscribe_risk,Escalation Follow-up,Email,-10
ENG006489,C001724,7721,Mary Jenkins,2026-05-06,campaign_open,Retention Pulse,Email,8
ENG006490,C001724,7721,Mary Jenkins,2026-05-07,campaign_click,Retention Pulse,Email,12
ENG006491,C001724,7721,Mary Jenkins,2026-05-08,account_page_view,Service Recovery,Portal,22
ENG006492,C001724,7721,Mary Jenkins,2026-05-09,unsubscribe_risk,Escalation Follow-up,Email,-10
ENG006493,C001725,1460,George Williams,2026-05-06,campaign_open,Retention Pulse,Email,8
ENG006494,C001725,1460,George Williams,2026-05-07,campaign_click,Retention Pulse,Email,12
ENG006495,C001725,1460,George Williams,2026-05-08,account_page_view,Service Recovery,Portal,22
ENG006496,C001725,1460,George Williams,2026-05-09,unsubscribe_risk,Escalation Follow-up,Email,-10
ENG006497,C001726,4536,Mary Griffin,2026-05-06,campaign_open,Retention Pulse,Email,8
ENG006498,C001726,4536,Mary Griffin,2026-05-07,campaign_click,Retention Pulse,Email,12
ENG006499,C001726,4536,Mary Griffin,2026-05-08,account_page_view,Service Recovery,Portal,22
ENG006500,C001726,4536,Mary Griffin,2026-05-09,unsubscribe_risk,Escalation Follow-up,Email,-10
ENG006501,C001727,6932,Evelyn Herring,2026-05-06,campaign_open,Retention Pulse,Email,8
ENG006502,C001727,6932,Evelyn Herring,2026-05-07,campaign_click,Retention Pulse,Email,12
ENG006503,C001727,6932,Evelyn Herring,2026-05-08,promo_response,Reactivation,Email,18
ENG006504,C001728,440,Mary Skinner,2026-05-06,campaign_open,Retention Pulse,Email,8
ENG006505,C001728,440,Mary Skinner,2026-05-07,campaign_click,Retention Pulse,Email,12
ENG006506,C001728,440,Mary Skinner,2026-05-08,account_page_view,Service Recovery,Portal,22
ENG006507,C001728,440,Mary Skinner,2026-05-09,unsubscribe_risk,Escalation Follow-up,Email,-10
ENG006508,C001729,8229,Mary Mcfarland,2026-05-06,campaign_open,Retention Pulse,Email,8
ENG006509,C001729,8229,Mary Mcfarland,2026-05-07,campaign_click,Retention Pulse,Email,12
ENG006510,C001729,8229,Mary Mcfarland,2026-05-08,promo_response,Reactivation,Email,18
ENG006511,C001730,4133,Mary Snyder,2026-05-06,campaign_open,Retention Pulse,Email,8
ENG006512,C001730,4133,Mary Snyder,2026-05-07,campaign_click,Retention Pulse,Email,12
ENG006513,C001730,4133,Mary Snyder,2026-05-08,account_page_view,Service Recovery,Portal,22
ENG006514,C001730,4133,Mary Snyder,2026-05-09,unsubscribe_risk,Escalation Follow-up,Email,-10
ENG006515,C001731,10770,Anna Smith,2026-05-06,campaign_open,Retention Pulse,Email,8
ENG006516,C001731,10770,Anna Smith,2026-05-07,campaign_click,Retention Pulse,Email,12
ENG006517,C001731,10770,Anna Smith,2026-05-08,promo_response,Reactivation,Email,18
ENG006518,C001732,12271,Mary Small,2026-05-06,campaign_open,Retention Pulse,Email,8
ENG006519,C001732,12271,Mary Small,2026-05-07,campaign_click,Retention Pulse,Email,12
ENG006520,C001732,12271,Mary Small,2026-05-08,promo_response,Reactivation,Email,18
ENG006521,C001733,8905,Donna Smith,2026-05-06,campaign_open,Retention Pulse,Email,8
ENG006522,C001733,8905,Donna Smith,2026-05-07,campaign_click,Retention Pulse,Email,12
ENG006523,C001733,8905,Donna Smith,2026-05-08,account_page_view,Service Recovery,Portal,22
ENG006524,C001733,8905,Donna Smith,2026-05-09,unsubscribe_risk,Escalation Follow-up,Email,-10
ENG006525,C001734,8643,Mary Valenzuela,2026-05-06,campaign_open,Retention Pulse,Email,8
ENG006526,C001734,8643,Mary Valenzuela,2026-05-07,campaign_click,Retention Pulse,Email,12
ENG006527,C001734,8643,Mary Valenzuela,2026-05-08,promo_response,Reactivation,Email,18
ENG006528,C001735,3397,Mary Coleman,2026-05-06,campaign_open,Retention Pulse,Email,8
ENG006529,C001735,3397,Mary Coleman,2026-05-07,campaign_click,Retention Pulse,Email,12
ENG006530,C001735,3397,Mary Coleman,2026-05-08,account_page_view,Service Recovery,Portal,22
ENG006531,C001735,3397,Mary Coleman,2026-05-09,unsubscribe_risk,Escalation Follow-up,Email,-10
ENG006532,C001736,6602,Robert Smith,2026-05-06,campaign_open,Retention Pulse,Email,8
ENG006533,C001736,6602,Robert Smith,2026-05-07,campaign_click,Retention Pulse,Email,12
ENG006534,C001736,6602,Robert Smith,2026-05-08,account_page_view,Service Recovery,Portal,22
ENG006535,C001736,6602,Robert Smith,2026-05-09,unsubscribe_risk,Escalation Follow-up,Email,-10
ENG006536,C001737,948,Michelle Smith,2026-05-06,campaign_open,Retention Pulse,Email,8
ENG006537,C001737,948,Michelle Smith,2026-05-07,campaign_click,Retention Pulse,Email,12
ENG006538,C001737,948,Michelle Smith,2026-05-08,promo_response,Reactivation,Email,18
ENG006539,C001738,321,David Smith,2026-05-06,campaign_open,Retention Pulse,Email,8
ENG006540,C001738,321,David Smith,2026-05-07,campaign_click,Retention Pulse,Email,12
ENG006541,C001738,321,David Smith,2026-05-08,account_page_view,Service Recovery,Portal,22
ENG006542,C001738,321,David Smith,2026-05-09,unsubscribe_risk,Escalation Follow-up,Email,-10
ENG006543,C001739,7607,Scott Smith,2026-05-06,campaign_open,Retention Pulse,Email,8
ENG006544,C001739,7607,Scott Smith,2026-05-07,campaign_click,Retention Pulse,Email,12
ENG006545,C001739,7607,Scott Smith,2026-05-08,account_page_view,Service Recovery,Portal,22
ENG006546,C001739,7607,Scott Smith,2026-05-09,unsubscribe_risk,Escalation Follow-up,Email,-10
ENG006547,C001740,3378,Mary Torres,2026-05-06,campaign_open,Retention Pulse,Email,8
ENG006548,C001740,3378,Mary Torres,2026-05-07,campaign_click,Retention Pulse,Email,12
ENG006549,C001740,3378,Mary Torres,2026-05-08,account_page_view,Service Recovery,Portal,22
ENG006550,C001740,3378,Mary Torres,2026-05-09,unsubscribe_risk,Escalation Follow-up,Email,-10
ENG006551,C001741,11950,Daniel Harris,2026-05-06,campaign_open,Retention Pulse,Email,8
ENG006552,C001741,11950,Daniel Harris,2026-05-07,campaign_click,Retention Pulse,Email,12
ENG006553,C001741,11950,Daniel Harris,2026-05-08,promo_response,Reactivation,Email,18
ENG006554,C001742,2267,Rebecca Tran,2026-05-06,campaign_open,Retention Pulse,Email,8
ENG006555,C001742,2267,Rebecca Tran,2026-05-07,campaign_click,Retention Pulse,Email,12
ENG006556,C001742,2267,Rebecca Tran,2026-05-08,promo_response,Reactivation,Email,18
ENG006557,C001743,5286,Mary Smith,2026-05-06,campaign_open,Retention Pulse,Email,8
ENG006558,C001743,5286,Mary Smith,2026-05-07,campaign_click,Retention Pulse,Email,12
ENG006559,C001743,5286,Mary Smith,2026-05-08,promo_response,Reactivation,Email,18
ENG006560,C001744,9932,Wayne Smith,2026-05-06,campaign_open,Retention Pulse,Email,8
ENG006561,C001744,9932,Wayne Smith,2026-05-07,campaign_click,Retention Pulse,Email,12
ENG006562,C001744,9932,Wayne Smith,2026-05-08,account_page_view,Service Recovery,Portal,22
ENG006563,C001744,9932,Wayne Smith,2026-05-09,unsubscribe_risk,Escalation Follow-up,Email,-10
ENG006564,C001745,3189,Bryan Smith,2026-05-06,campaign_open,Retention Pulse,Email,8
ENG006565,C001745,3189,Bryan Smith,2026-05-07,campaign_click,Retention Pulse,Email,12
ENG006566,C001745,3189,Bryan Smith,2026-05-08,promo_response,Reactivation,Email,18
ENG006567,C001746,8607,Timothy Smith,2026-05-06,campaign_open,Retention Pulse,Email,8
ENG006568,C001746,8607,Timothy Smith,2026-05-07,campaign_click,Retention Pulse,Email,12
ENG006569,C001746,8607,Timothy Smith,2026-05-08,account_page_view,Service Recovery,Portal,22
ENG006570,C001746,8607,Timothy Smith,2026-05-09,unsubscribe_risk,Escalation Follow-up,Email,-10
ENG006571,C001747,10018,Gregory Rodriguez,2026-05-06,campaign_open,Retention Pulse,Email,8
ENG006572,C001747,10018,Gregory Rodriguez,2026-05-07,campaign_click,Retention Pulse,Email,12
ENG006573,C001747,10018,Gregory Rodriguez,2026-05-08,account_page_view,Service Recovery,Portal,22
ENG006574,C001747,10018,Gregory Rodriguez,2026-05-09,unsubscribe_risk,Escalation Follow-up,Email,-10
ENG006575,C001748,1385,Catherine Smith,2026-05-06,campaign_open,Retention Pulse,Email,8
ENG006576,C001748,1385,Catherine Smith,2026-05-07,campaign_click,Retention Pulse,Email,12
ENG006577,C001748,1385,Catherine Smith,2026-05-08,account_page_view,Service Recovery,Portal,22
ENG006578,C001748,1385,Catherine Smith,2026-05-09,unsubscribe_risk,Escalation Follow-up,Email,-10
ENG006579,C001749,1748,Mark Smith,2026-05-06,campaign_open,Retention Pulse,Email,8
ENG006580,C001749,1748,Mark Smith,2026-05-07,campaign_click,Retention Pulse,Email,12
ENG006581,C001749,1748,Mark Smith,2026-05-08,account_page_view,Service Recovery,Portal,22
ENG006582,C001749,1748,Mark Smith,2026-05-09,unsubscribe_risk,Escalation Follow-up,Email,-10
ENG006583,C001750,4147,Karen Gillespie,2026-05-06,campaign_open,Retention Pulse,Email,8
ENG006584,C001750,4147,Karen Gillespie,2026-05-07,campaign_click,Retention Pulse,Email,12
ENG006585,C001750,4147,Karen Gillespie,2026-05-08,account_page_view,Service Recovery,Portal,22
ENG006586,C001750,4147,Karen Gillespie,2026-05-09,unsubscribe_risk,Escalation Follow-up,Email,-10
ENG006587,C001751,11728,Laura Smith,2026-05-06,campaign_open,Retention Pulse,Email,8
ENG006588,C001751,11728,Laura Smith,2026-05-07,campaign_click,Retention Pulse,Email,12
ENG006589,C001751,11728,Laura Smith,2026-05-08,account_page_view,Service Recovery,Portal,22
ENG006590,C001751,11728,Laura Smith,2026-05-09,unsubscribe_risk,Escalation Follow-up,Email,-10
ENG006591,C001752,4456,Evelyn Spencer,2026-05-06,campaign_open,Retention Pulse,Email,8
ENG006592,C001752,4456,Evelyn Spencer,2026-05-07,campaign_click,Retention Pulse,Email,12
ENG006593,C001752,4456,Evelyn Spencer,2026-05-08,account_page_view,Service Recovery,Portal,22
ENG006594,C001752,4456,Evelyn Spencer,2026-05-09,unsubscribe_risk,Escalation Follow-up,Email,-10
ENG006595,C001753,7824,Mary Jackson,2026-05-06,campaign_open,Retention Pulse,Email,8
ENG006596,C001753,7824,Mary Jackson,2026-05-07,campaign_click,Retention Pulse,Email,12
ENG006597,C001753,7824,Mary Jackson,2026-05-08,account_page_view,Service Recovery,Portal,22
ENG006598,C001753,7824,Mary Jackson,2026-05-09,unsubscribe_risk,Escalation Follow-up,Email,-10
ENG006599,C001754,10134,Mary Stuart,2026-05-06,campaign_open,Retention Pulse,Email,8
ENG006600,C001754,10134,Mary Stuart,2026-05-07,campaign_click,Retention Pulse,Email,12
ENG006601,C001754,10134,Mary Stuart,2026-05-08,account_page_view,Service Recovery,Portal,22
ENG006602,C001754,10134,Mary Stuart,2026-05-09,unsubscribe_risk,Escalation Follow-up,Email,-10
ENG006603,C001755,12049,Mildred Mclaughlin,2026-05-06,campaign_open,Retention Pulse,Email,8
ENG006604,C001755,12049,Mildred Mclaughlin,2026-05-07,campaign_click,Retention Pulse,Email,12
ENG006605,C001755,12049,Mildred Mclaughlin,2026-05-08,account_page_view,Service Recovery,Portal,22
ENG006606,C001755,12049,Mildred Mclaughlin,2026-05-09,unsubscribe_risk,Escalation Follow-up,Email,-10
ENG006607,C001756,4528,Karen Smith,2026-05-06,campaign_open,Retention Pulse,Email,8
ENG006608,C001756,4528,Karen Smith,2026-05-07,campaign_click,Retention Pulse,Email,12
ENG006609,C001756,4528,Karen Smith,2026-05-08,account_page_view,Service Recovery,Portal,22
ENG006610,C001756,4528,Karen Smith,2026-05-09,unsubscribe_risk,Escalation Follow-up,Email,-10
ENG006611,C001757,2591,Patricia Smith,2026-05-06,campaign_open,Retention Pulse,Email,8
ENG006612,C001757,2591,Patricia Smith,2026-05-07,campaign_click,Retention Pulse,Email,12
ENG006613,C001757,2591,Patricia Smith,2026-05-08,promo_response,Reactivation,Email,18
ENG006614,C001758,10289,Virginia Ford,2026-05-06,campaign_open,Retention Pulse,Email,8
ENG006615,C001758,10289,Virginia Ford,2026-05-07,campaign_click,Retention Pulse,Email,12
ENG006616,C001758,10289,Virginia Ford,2026-05-08,account_page_view,Service Recovery,Portal,22
ENG006617,C001758,10289,Virginia Ford,2026-05-09,unsubscribe_risk,Escalation Follow-up,Email,-10
ENG006618,C001759,4079,Timothy Faulkner,2026-05-06,campaign_open,Retention Pulse,Email,8
ENG006619,C001759,4079,Timothy Faulkner,2026-05-07,campaign_click,Retention Pulse,Email,12
ENG006620,C001759,4079,Timothy Faulkner,2026-05-08,account_page_view,Service Recovery,Portal,22
ENG006621,C001759,4079,Timothy Faulkner,2026-05-09,unsubscribe_risk,Escalation Follow-up,Email,-10
ENG006622,C001760,8437,Rachel Sweeney,2026-05-06,campaign_open,Retention Pulse,Email,8
ENG006623,C001760,8437,Rachel Sweeney,2026-05-07,campaign_click,Retention Pulse,Email,12
ENG006624,C001760,8437,Rachel Sweeney,2026-05-08,account_page_view,Service Recovery,Portal,22
ENG006625,C001760,8437,Rachel Sweeney,2026-05-09,unsubscribe_risk,Escalation Follow-up,Email,-10
ENG006626,C001761,2728,Mary Adams,2026-05-06,campaign_open,Retention Pulse,Email,8
ENG006627,C001761,2728,Mary Adams,2026-05-07,campaign_click,Retention Pulse,Email,12
ENG006628,C001761,2728,Mary Adams,2026-05-08,account_page_view,Service Recovery,Portal,22
ENG006629,C001761,2728,Mary Adams,2026-05-09,unsubscribe_risk,Escalation Follow-up,Email,-10
ENG006630,C001762,98,William Smith,2026-05-06,campaign_open,Retention Pulse,Email,8
ENG006631,C001762,98,William Smith,2026-05-07,campaign_click,Retention Pulse,Email,12
ENG006632,C001762,98,William Smith,2026-05-08,account_page_view,Service Recovery,Portal,22
ENG006633,C001762,98,William Smith,2026-05-09,unsubscribe_risk,Escalation Follow-up,Email,-10
ENG006634,C001763,2780,Mary Smith,2026-05-06,campaign_open,Retention Pulse,Email,8
ENG006635,C001763,2780,Mary Smith,2026-05-07,campaign_click,Retention Pulse,Email,12
ENG006636,C001763,2780,Mary Smith,2026-05-08,promo_response,Reactivation,Email,18
ENG006637,C001764,5999,Randy Smith,2026-05-06,campaign_open,Retention Pulse,Email,8
ENG006638,C001764,5999,Randy Smith,2026-05-07,campaign_click,Retention Pulse,Email,12
ENG006639,C001764,5999,Randy Smith,2026-05-08,account_page_view,Service Recovery,Portal,22
ENG006640,C001764,5999,Randy Smith,2026-05-09,unsubscribe_risk,Escalation Follow-up,Email,-10
ENG006641,C001765,8555,Mary Jones,2026-05-06,campaign_open,Retention Pulse,Email,8
ENG006642,C001765,8555,Mary Jones,2026-05-07,campaign_click,Retention Pulse,Email,12
ENG006643,C001765,8555,Mary Jones,2026-05-08,account_page_view,Service Recovery,Portal,22
ENG006644,C001765,8555,Mary Jones,2026-05-09,unsubscribe_risk,Escalation Follow-up,Email,-10
ENG006645,C001766,1909,Mary Smith,2026-05-06,campaign_open,Retention Pulse,Email,8
ENG006646,C001766,1909,Mary Smith,2026-05-07,campaign_click,Retention Pulse,Email,12
ENG006647,C001766,1909,Mary Smith,2026-05-08,account_page_view,Service Recovery,Portal,22
ENG006648,C001766,1909,Mary Smith,2026-05-09,unsubscribe_risk,Escalation Follow-up,Email,-10
ENG006649,C001767,8275,Janice Smith,2026-05-06,campaign_open,Retention Pulse,Email,8
ENG006650,C001767,8275,Janice Smith,2026-05-07,campaign_click,Retention Pulse,Email,12
ENG006651,C001767,8275,Janice Smith,2026-05-08,account_page_view,Service Recovery,Portal,22
ENG006652,C001767,8275,Janice Smith,2026-05-09,unsubscribe_risk,Escalation Follow-up,Email,-10
ENG006653,C001768,2586,Mary Little,2026-05-06,campaign_open,Retention Pulse,Email,8
ENG006654,C001768,2586,Mary Little,2026-05-07,campaign_click,Retention Pulse,Email,12
ENG006655,C001768,2586,Mary Little,2026-05-08,account_page_view,Service Recovery,Portal,22
ENG006656,C001768,2586,Mary Little,2026-05-09,unsubscribe_risk,Escalation Follow-up,Email,-10
ENG006657,C001769,3558,Mary Smith,2026-05-06,campaign_open,Retention Pulse,Email,8
ENG006658,C001769,3558,Mary Smith,2026-05-07,campaign_click,Retention Pulse,Email,12
ENG006659,C001769,3558,Mary Smith,2026-05-08,account_page_view,Service Recovery,Portal,22
ENG006660,C001769,3558,Mary Smith,2026-05-09,unsubscribe_risk,Escalation Follow-up,Email,-10
ENG006661,C001770,5845,Daniel Bruce,2026-05-06,campaign_open,Retention Pulse,Email,8
ENG006662,C001770,5845,Daniel Bruce,2026-05-07,campaign_click,Retention Pulse,Email,12
ENG006663,C001770,5845,Daniel Bruce,2026-05-08,account_page_view,Service Recovery,Portal,22
ENG006664,C001770,5845,Daniel Bruce,2026-05-09,unsubscribe_risk,Escalation Follow-up,Email,-10
ENG006665,C001771,4730,Karen Smith,2026-05-06,campaign_open,Retention Pulse,Email,8
ENG006666,C001771,4730,Karen Smith,2026-05-07,campaign_click,Retention Pulse,Email,12
ENG006667,C001771,4730,Karen Smith,2026-05-08,account_page_view,Service Recovery,Portal,22
ENG006668,C001771,4730,Karen Smith,2026-05-09,unsubscribe_risk,Escalation Follow-up,Email,-10
ENG006669,C001772,1773,Joan Carr,2026-05-06,campaign_open,Retention Pulse,Email,8
ENG006670,C001772,1773,Joan Carr,2026-05-07,campaign_click,Retention Pulse,Email,12
ENG006671,C001772,1773,Joan Carr,2026-05-08,promo_response,Reactivation,Email,18
ENG006672,C001773,4213,Michael Townsend,2026-05-06,campaign_open,Retention Pulse,Email,8
ENG006673,C001773,4213,Michael Townsend,2026-05-07,campaign_click,Retention Pulse,Email,12
ENG006674,C001773,4213,Michael Townsend,2026-05-08,account_page_view,Service Recovery,Portal,22
ENG006675,C001773,4213,Michael Townsend,2026-05-09,unsubscribe_risk,Escalation Follow-up,Email,-10
ENG006676,C001774,2174,Rachel Fuentes,2026-05-06,campaign_open,Retention Pulse,Email,8
ENG006677,C001774,2174,Rachel Fuentes,2026-05-07,campaign_click,Retention Pulse,Email,12
ENG006678,C001774,2174,Rachel Fuentes,2026-05-08,account_page_view,Service Recovery,Portal,22
ENG006679,C001774,2174,Rachel Fuentes,2026-05-09,unsubscribe_risk,Escalation Follow-up,Email,-10
ENG006680,C001775,9542,Mary Smith,2026-05-06,campaign_open,Retention Pulse,Email,8
ENG006681,C001775,9542,Mary Smith,2026-05-07,campaign_click,Retention Pulse,Email,12
ENG006682,C001775,9542,Mary Smith,2026-05-08,account_page_view,Service Recovery,Portal,22
ENG006683,C001775,9542,Mary Smith,2026-05-09,unsubscribe_risk,Escalation Follow-up,Email,-10
ENG006684,C001776,8430,Gloria Smith,2026-05-06,campaign_open,Retention Pulse,Email,8
ENG006685,C001776,8430,Gloria Smith,2026-05-07,campaign_click,Retention Pulse,Email,12
ENG006686,C001776,8430,Gloria Smith,2026-05-08,account_page_view,Service Recovery,Portal,22
ENG006687,C001776,8430,Gloria Smith,2026-05-09,unsubscribe_risk,Escalation Follow-up,Email,-10
ENG006688,C001777,6346,Mary Cooley,2026-05-06,campaign_open,Retention Pulse,Email,8
ENG006689,C001777,6346,Mary Cooley,2026-05-07,campaign_click,Retention Pulse,Email,12
ENG006690,C001777,6346,Mary Cooley,2026-05-08,account_page_view,Service Recovery,Portal,22
ENG006691,C001777,6346,Mary Cooley,2026-05-09,unsubscribe_risk,Escalation Follow-up,Email,-10
ENG006692,C001778,12332,Kelly Jones,2026-05-06,campaign_open,Retention Pulse,Email,8
ENG006693,C001778,12332,Kelly Jones,2026-05-07,campaign_click,Retention Pulse,Email,12
ENG006694,C001778,12332,Kelly Jones,2026-05-08,promo_response,Reactivation,Email,18
ENG006695,C001779,9831,Daniel Smith,2026-05-06,campaign_open,Retention Pulse,Email,8
ENG006696,C001779,9831,Daniel Smith,2026-05-07,campaign_click,Retention Pulse,Email,12
ENG006697,C001779,9831,Daniel Smith,2026-05-08,promo_response,Reactivation,Email,18
ENG006698,C001780,7006,George Smith,2026-05-06,campaign_open,Retention Pulse,Email,8
ENG006699,C001780,7006,George Smith,2026-05-07,campaign_click,Retention Pulse,Email,12
ENG006700,C001780,7006,George Smith,2026-05-08,account_page_view,Service Recovery,Portal,22
ENG006701,C001780,7006,George Smith,2026-05-09,unsubscribe_risk,Escalation Follow-up,Email,-10
ENG006702,C001781,3696,Martha Holloway,2026-05-06,campaign_open,Retention Pulse,Email,8
ENG006703,C001781,3696,Martha Holloway,2026-05-07,campaign_click,Retention Pulse,Email,12
ENG006704,C001781,3696,Martha Holloway,2026-05-08,promo_response,Reactivation,Email,18
ENG006705,C001782,1943,Harry Schaefer,2026-05-06,campaign_open,Retention Pulse,Email,8
ENG006706,C001782,1943,Harry Schaefer,2026-05-07,campaign_click,Retention Pulse,Email,12
ENG006707,C001782,1943,Harry Schaefer,2026-05-08,promo_response,Reactivation,Email,18
ENG006708,C001783,11637,Mary Smith,2026-05-06,campaign_open,Retention Pulse,Email,8
ENG006709,C001783,11637,Mary Smith,2026-05-07,campaign_click,Retention Pulse,Email,12
ENG006710,C001783,11637,Mary Smith,2026-05-08,promo_response,Reactivation,Email,18
ENG006711,C001784,2873,Joyce Padilla,2026-05-06,campaign_open,Retention Pulse,Email,8
ENG006712,C001784,2873,Joyce Padilla,2026-05-07,campaign_click,Retention Pulse,Email,12
ENG006713,C001784,2873,Joyce Padilla,2026-05-08,account_page_view,Service Recovery,Portal,22
ENG006714,C001784,2873,Joyce Padilla,2026-05-09,unsubscribe_risk,Escalation Follow-up,Email,-10
ENG006715,C001785,5910,Mary Heath,2026-05-06,campaign_open,Retention Pulse,Email,8
ENG006716,C001785,5910,Mary Heath,2026-05-07,campaign_click,Retention Pulse,Email,12
ENG006717,C001785,5910,Mary Heath,2026-05-08,account_page_view,Service Recovery,Portal,22
ENG006718,C001785,5910,Mary Heath,2026-05-09,unsubscribe_risk,Escalation Follow-up,Email,-10
ENG006719,C001786,8883,Marie Davis,2026-05-06,campaign_open,Retention Pulse,Email,8
ENG006720,C001786,8883,Marie Davis,2026-05-07,campaign_click,Retention Pulse,Email,12
ENG006721,C001786,8883,Marie Davis,2026-05-08,promo_response,Reactivation,Email,18
ENG006722,C001787,9047,Jordan Medina,2026-05-06,campaign_open,Retention Pulse,Email,8
ENG006723,C001787,9047,Jordan Medina,2026-05-07,campaign_click,Retention Pulse,Email,12
ENG006724,C001787,9047,Jordan Medina,2026-05-08,account_page_view,Service Recovery,Portal,22
ENG006725,C001787,9047,Jordan Medina,2026-05-09,unsubscribe_risk,Escalation Follow-up,Email,-10
ENG006726,C001788,9572,Mary Nelson,2026-05-06,campaign_open,Retention Pulse,Email,8
ENG006727,C001788,9572,Mary Nelson,2026-05-07,campaign_click,Retention Pulse,Email,12
ENG006728,C001788,9572,Mary Nelson,2026-05-08,account_page_view,Service Recovery,Portal,22
ENG006729,C001788,9572,Mary Nelson,2026-05-09,unsubscribe_risk,Escalation Follow-up,Email,-10
ENG006730,C001789,8459,Mary Rivers,2026-05-06,campaign_open,Retention Pulse,Email,8
ENG006731,C001789,8459,Mary Rivers,2026-05-07,campaign_click,Retention Pulse,Email,12
ENG006732,C001789,8459,Mary Rivers,2026-05-08,promo_response,Reactivation,Email,18
ENG006733,C001790,4567,Rose Smith,2026-05-06,campaign_open,Retention Pulse,Email,8
ENG006734,C001790,4567,Rose Smith,2026-05-07,campaign_click,Retention Pulse,Email,12
ENG006735,C001790,4567,Rose Smith,2026-05-08,account_page_view,Service Recovery,Portal,22
ENG006736,C001790,4567,Rose Smith,2026-05-09,unsubscribe_risk,Escalation Follow-up,Email,-10
ENG006737,C001791,5653,Jean Schultz,2026-05-06,campaign_open,Retention Pulse,Email,8
ENG006738,C001791,5653,Jean Schultz,2026-05-07,campaign_click,Retention Pulse,Email,12
ENG006739,C001791,5653,Jean Schultz,2026-05-08,account_page_view,Service Recovery,Portal,22
ENG006740,C001791,5653,Jean Schultz,2026-05-09,unsubscribe_risk,Escalation Follow-up,Email,-10
ENG006741,C001792,8321,Kenneth Smith,2026-05-06,campaign_open,Retention Pulse,Email,8
ENG006742,C001792,8321,Kenneth Smith,2026-05-07,campaign_click,Retention Pulse,Email,12
ENG006743,C001792,8321,Kenneth Smith,2026-05-08,promo_response,Reactivation,Email,18
ENG006744,C001793,19,Stephanie Mitchell,2026-05-06,campaign_open,Retention Pulse,Email,8
ENG006745,C001793,19,Stephanie Mitchell,2026-05-07,campaign_click,Retention Pulse,Email,12
ENG006746,C001793,19,Stephanie Mitchell,2026-05-08,account_page_view,Service Recovery,Portal,22
ENG006747,C001793,19,Stephanie Mitchell,2026-05-09,unsubscribe_risk,Escalation Follow-up,Email,-10
ENG006748,C001794,3435,Mary Smith,2026-05-06,campaign_open,Retention Pulse,Email,8
ENG006749,C001794,3435,Mary Smith,2026-05-07,campaign_click,Retention Pulse,Email,12
ENG006750,C001794,3435,Mary Smith,2026-05-08,account_page_view,Service Recovery,Portal,22
ENG006751,C001794,3435,Mary Smith,2026-05-09,unsubscribe_risk,Escalation Follow-up,Email,-10
ENG006752,C001795,1236,Virginia Robertson,2026-05-06,campaign_open,Retention Pulse,Email,8
ENG006753,C001795,1236,Virginia Robertson,2026-05-07,campaign_click,Retention Pulse,Email,12
ENG006754,C001795,1236,Virginia Robertson,2026-05-08,account_page_view,Service Recovery,Portal,22
ENG006755,C001795,1236,Virginia Robertson,2026-05-09,unsubscribe_risk,Escalation Follow-up,Email,-10
ENG006756,C001796,5559,Alice Smith,2026-05-06,campaign_open,Retention Pulse,Email,8
ENG006757,C001796,5559,Alice Smith,2026-05-07,campaign_click,Retention Pulse,Email,12
ENG006758,C001796,5559,Alice Smith,2026-05-08,account_page_view,Service Recovery,Portal,22
ENG006759,C001796,5559,Alice Smith,2026-05-09,unsubscribe_risk,Escalation Follow-up,Email,-10
ENG006760,C001797,4580,Charles Smith,2026-05-06,campaign_open,Retention Pulse,Email,8
ENG006761,C001797,4580,Charles Smith,2026-05-07,campaign_click,Retention Pulse,Email,12
ENG006762,C001797,4580,Charles Smith,2026-05-08,account_page_view,Service Recovery,Portal,22
ENG006763,C001797,4580,Charles Smith,2026-05-09,unsubscribe_risk,Escalation Follow-up,Email,-10
ENG006764,C001798,1793,Mary Burke,2026-05-06,campaign_open,Retention Pulse,Email,8
ENG006765,C001798,1793,Mary Burke,2026-05-07,campaign_click,Retention Pulse,Email,12
ENG006766,C001798,1793,Mary Burke,2026-05-08,account_page_view,Service Recovery,Portal,22
ENG006767,C001798,1793,Mary Burke,2026-05-09,unsubscribe_risk,Escalation Follow-up,Email,-10
ENG006768,C001799,8845,Robert Deleon,2026-05-06,campaign_open,Retention Pulse,Email,8
ENG006769,C001799,8845,Robert Deleon,2026-05-07,campaign_click,Retention Pulse,Email,12
ENG006770,C001799,8845,Robert Deleon,2026-05-08,account_page_view,Service Recovery,Portal,22
ENG006771,C001799,8845,Robert Deleon,2026-05-09,unsubscribe_risk,Escalation Follow-up,Email,-10
ENG006772,C001800,6585,Andrew Turner,2026-05-06,campaign_open,Retention Pulse,Email,8
ENG006773,C001800,6585,Andrew Turner,2026-05-07,campaign_click,Retention Pulse,Email,12
ENG006774,C001800,6585,Andrew Turner,2026-05-08,account_page_view,Service Recovery,Portal,22
ENG006775,C001800,6585,Andrew Turner,2026-05-09,unsubscribe_risk,Escalation Follow-up,Email,-10
ENG006776,C001801,2467,Keith Smith,2026-05-06,campaign_open,Retention Pulse,Email,8
ENG006777,C001801,2467,Keith Smith,2026-05-07,campaign_click,Retention Pulse,Email,12
ENG006778,C001801,2467,Keith Smith,2026-05-08,account_page_view,Service Recovery,Portal,22
ENG006779,C001801,2467,Keith Smith,2026-05-09,unsubscribe_risk,Escalation Follow-up,Email,-10
ENG006780,C001802,2593,Mary Nichols,2026-05-06,campaign_open,Retention Pulse,Email,8
ENG006781,C001802,2593,Mary Nichols,2026-05-07,campaign_click,Retention Pulse,Email,12
ENG006782,C001802,2593,Mary Nichols,2026-05-08,promo_response,Reactivation,Email,18
ENG006783,C001803,3890,Gregory Snyder,2026-05-06,campaign_open,Retention Pulse,Email,8
ENG006784,C001803,3890,Gregory Snyder,2026-05-07,campaign_click,Retention Pulse,Email,12
ENG006785,C001803,3890,Gregory Snyder,2026-05-08,account_page_view,Service Recovery,Portal,22
ENG006786,C001803,3890,Gregory Snyder,2026-05-09,unsubscribe_risk,Escalation Follow-up,Email,-10
ENG006787,C001804,8127,Rose Anderson,2026-05-06,campaign_open,Retention Pulse,Email,8
ENG006788,C001804,8127,Rose Anderson,2026-05-07,campaign_click,Retention Pulse,Email,12
ENG006789,C001804,8127,Rose Anderson,2026-05-08,promo_response,Reactivation,Email,18
ENG006790,C001805,1522,Mary Yates,2026-05-06,campaign_open,Retention Pulse,Email,8
ENG006791,C001805,1522,Mary Yates,2026-05-07,campaign_click,Retention Pulse,Email,12
ENG006792,C001805,1522,Mary Yates,2026-05-08,promo_response,Reactivation,Email,18
ENG006793,C001806,5417,Dennis Meyer,2026-05-06,campaign_open,Retention Pulse,Email,8
ENG006794,C001806,5417,Dennis Meyer,2026-05-07,campaign_click,Retention Pulse,Email,12
ENG006795,C001806,5417,Dennis Meyer,2026-05-08,promo_response,Reactivation,Email,18
ENG006796,C001807,8362,Ann Burnett,2026-05-06,campaign_open,Retention Pulse,Email,8
ENG006797,C001807,8362,Ann Burnett,2026-05-07,campaign_click,Retention Pulse,Email,12
ENG006798,C001807,8362,Ann Burnett,2026-05-08,promo_response,Reactivation,Email,18
ENG006799,C001808,3155,Mary Haas,2026-05-06,campaign_open,Retention Pulse,Email,8
ENG006800,C001808,3155,Mary Haas,2026-05-07,campaign_click,Retention Pulse,Email,12
ENG006801,C001808,3155,Mary Haas,2026-05-08,account_page_view,Service Recovery,Portal,22
ENG006802,C001808,3155,Mary Haas,2026-05-09,unsubscribe_risk,Escalation Follow-up,Email,-10
ENG006803,C001809,2069,Alice Ellison,2026-05-06,campaign_open,Retention Pulse,Email,8
ENG006804,C001809,2069,Alice Ellison,2026-05-07,campaign_click,Retention Pulse,Email,12
ENG006805,C001809,2069,Alice Ellison,2026-05-08,account_page_view,Service Recovery,Portal,22
ENG006806,C001809,2069,Alice Ellison,2026-05-09,unsubscribe_risk,Escalation Follow-up,Email,-10
ENG006807,C001810,1788,Timothy Smith,2026-05-06,campaign_open,Retention Pulse,Email,8
ENG006808,C001810,1788,Timothy Smith,2026-05-07,campaign_click,Retention Pulse,Email,12
ENG006809,C001810,1788,Timothy Smith,2026-05-08,account_page_view,Service Recovery,Portal,22
ENG006810,C001810,1788,Timothy Smith,2026-05-09,unsubscribe_risk,Escalation Follow-up,Email,-10
ENG006811,C001811,6222,Stephanie Smith,2026-05-06,campaign_open,Retention Pulse,Email,8
ENG006812,C001811,6222,Stephanie Smith,2026-05-07,campaign_click,Retention Pulse,Email,12
ENG006813,C001811,6222,Stephanie Smith,2026-05-08,account_page_view,Service Recovery,Portal,22
ENG006814,C001811,6222,Stephanie Smith,2026-05-09,unsubscribe_risk,Escalation Follow-up,Email,-10
ENG006815,C001812,2589,Nathan Taylor,2026-05-06,campaign_open,Retention Pulse,Email,8
ENG006816,C001812,2589,Nathan Taylor,2026-05-07,campaign_click,Retention Pulse,Email,12
ENG006817,C001812,2589,Nathan Taylor,2026-05-08,account_page_view,Service Recovery,Portal,22
ENG006818,C001812,2589,Nathan Taylor,2026-05-09,unsubscribe_risk,Escalation Follow-up,Email,-10
ENG006819,C001813,9605,Mary Smith,2026-05-06,campaign_open,Retention Pulse,Email,8
ENG006820,C001813,9605,Mary Smith,2026-05-07,campaign_click,Retention Pulse,Email,12
ENG006821,C001813,9605,Mary Smith,2026-05-08,account_page_view,Service Recovery,Portal,22
ENG006822,C001813,9605,Mary Smith,2026-05-09,unsubscribe_risk,Escalation Follow-up,Email,-10
ENG006823,C001814,224,Mary Hernandez,2026-05-06,campaign_open,Retention Pulse,Email,8
ENG006824,C001814,224,Mary Hernandez,2026-05-07,campaign_click,Retention Pulse,Email,12
ENG006825,C001814,224,Mary Hernandez,2026-05-08,promo_response,Reactivation,Email,18
ENG006826,C001815,9281,Ann Smith,2026-05-06,campaign_open,Retention Pulse,Email,8
ENG006827,C001815,9281,Ann Smith,2026-05-07,campaign_click,Retention Pulse,Email,12
ENG006828,C001815,9281,Ann Smith,2026-05-08,promo_response,Reactivation,Email,18
ENG006829,C001816,821,Daniel Clayton,2026-05-06,campaign_open,Retention Pulse,Email,8
ENG006830,C001816,821,Daniel Clayton,2026-05-07,campaign_click,Retention Pulse,Email,12
ENG006831,C001816,821,Daniel Clayton,2026-05-08,account_page_view,Service Recovery,Portal,22
ENG006832,C001816,821,Daniel Clayton,2026-05-09,unsubscribe_risk,Escalation Follow-up,Email,-10
ENG006833,C001817,5326,Sean Spencer,2026-05-06,campaign_open,Retention Pulse,Email,8
ENG006834,C001817,5326,Sean Spencer,2026-05-07,campaign_click,Retention Pulse,Email,12
ENG006835,C001817,5326,Sean Spencer,2026-05-08,account_page_view,Service Recovery,Portal,22
ENG006836,C001817,5326,Sean Spencer,2026-05-09,unsubscribe_risk,Escalation Follow-up,Email,-10
ENG006837,C001818,2670,Mary Smith,2026-05-06,campaign_open,Retention Pulse,Email,8
ENG006838,C001818,2670,Mary Smith,2026-05-07,campaign_click,Retention Pulse,Email,12
ENG006839,C001818,2670,Mary Smith,2026-05-08,promo_response,Reactivation,Email,18
ENG006840,C001819,1711,Jason Smith,2026-05-06,campaign_open,Retention Pulse,Email,8
ENG006841,C001819,1711,Jason Smith,2026-05-07,campaign_click,Retention Pulse,Email,12
ENG006842,C001819,1711,Jason Smith,2026-05-08,promo_response,Reactivation,Email,18
ENG006843,C001820,5719,Mary Smith,2026-05-06,campaign_open,Retention Pulse,Email,8
ENG006844,C001820,5719,Mary Smith,2026-05-07,campaign_click,Retention Pulse,Email,12
ENG006845,C001820,5719,Mary Smith,2026-05-08,account_page_view,Service Recovery,Portal,22
ENG006846,C001820,5719,Mary Smith,2026-05-09,unsubscribe_risk,Escalation Follow-up,Email,-10
ENG006847,C001821,10821,Mary Cooper,2026-05-06,campaign_open,Retention Pulse,Email,8
ENG006848,C001821,10821,Mary Cooper,2026-05-07,campaign_click,Retention Pulse,Email,12
ENG006849,C001821,10821,Mary Cooper,2026-05-08,account_page_view,Service Recovery,Portal,22
ENG006850,C001821,10821,Mary Cooper,2026-05-09,unsubscribe_risk,Escalation Follow-up,Email,-10
ENG006851,C001822,2129,William Charles,2026-05-06,campaign_open,Retention Pulse,Email,8
ENG006852,C001822,2129,William Charles,2026-05-07,campaign_click,Retention Pulse,Email,12
ENG006853,C001822,2129,William Charles,2026-05-08,account_page_view,Service Recovery,Portal,22
ENG006854,C001822,2129,William Charles,2026-05-09,unsubscribe_risk,Escalation Follow-up,Email,-10
ENG006855,C001823,3153,Mary Smith,2026-05-06,campaign_open,Retention Pulse,Email,8
ENG006856,C001823,3153,Mary Smith,2026-05-07,campaign_click,Retention Pulse,Email,12
ENG006857,C001823,3153,Mary Smith,2026-05-08,account_page_view,Service Recovery,Portal,22
ENG006858,C001823,3153,Mary Smith,2026-05-09,unsubscribe_risk,Escalation Follow-up,Email,-10
ENG006859,C001824,9949,Ashley Smith,2026-05-06,campaign_open,Retention Pulse,Email,8
ENG006860,C001824,9949,Ashley Smith,2026-05-07,campaign_click,Retention Pulse,Email,12
ENG006861,C001824,9949,Ashley Smith,2026-05-08,account_page_view,Service Recovery,Portal,22
ENG006862,C001824,9949,Ashley Smith,2026-05-09,unsubscribe_risk,Escalation Follow-up,Email,-10
ENG006863,C001825,10769,Mary Edwards,2026-05-06,campaign_open,Retention Pulse,Email,8
ENG006864,C001825,10769,Mary Edwards,2026-05-07,campaign_click,Retention Pulse,Email,12
ENG006865,C001825,10769,Mary Edwards,2026-05-08,promo_response,Reactivation,Email,18
ENG006866,C001826,4477,Jonathan Smith,2026-05-06,campaign_open,Retention Pulse,Email,8
ENG006867,C001826,4477,Jonathan Smith,2026-05-07,campaign_click,Retention Pulse,Email,12
ENG006868,C001826,4477,Jonathan Smith,2026-05-08,account_page_view,Service Recovery,Portal,22
ENG006869,C001826,4477,Jonathan Smith,2026-05-09,unsubscribe_risk,Escalation Follow-up,Email,-10
ENG006870,C001827,8692,Vincent Smith,2026-05-06,campaign_open,Retention Pulse,Email,8
ENG006871,C001827,8692,Vincent Smith,2026-05-07,campaign_click,Retention Pulse,Email,12
ENG006872,C001827,8692,Vincent Smith,2026-05-08,account_page_view,Service Recovery,Portal,22
ENG006873,C001827,8692,Vincent Smith,2026-05-09,unsubscribe_risk,Escalation Follow-up,Email,-10
ENG006874,C001828,3905,Denise Smith,2026-05-06,campaign_open,Retention Pulse,Email,8
ENG006875,C001828,3905,Denise Smith,2026-05-07,campaign_click,Retention Pulse,Email,12
ENG006876,C001828,3905,Denise Smith,2026-05-08,account_page_view,Service Recovery,Portal,22
ENG006877,C001828,3905,Denise Smith,2026-05-09,unsubscribe_risk,Escalation Follow-up,Email,-10
ENG006878,C001829,8403,Joseph Smith,2026-05-06,campaign_open,Retention Pulse,Email,8
ENG006879,C001829,8403,Joseph Smith,2026-05-07,campaign_click,Retention Pulse,Email,12
ENG006880,C001829,8403,Joseph Smith,2026-05-08,account_page_view,Service Recovery,Portal,22
ENG006881,C001829,8403,Joseph Smith,2026-05-09,unsubscribe_risk,Escalation Follow-up,Email,-10
ENG006882,C001830,342,Jerry Jackson,2026-05-06,campaign_open,Retention Pulse,Email,8
ENG006883,C001830,342,Jerry Jackson,2026-05-07,campaign_click,Retention Pulse,Email,12
ENG006884,C001830,342,Jerry Jackson,2026-05-08,account_page_view,Service Recovery,Portal,22
ENG006885,C001830,342,Jerry Jackson,2026-05-09,unsubscribe_risk,Escalation Follow-up,Email,-10
ENG006886,C001831,11452,Kathleen Orr,2026-05-06,campaign_open,Retention Pulse,Email,8
ENG006887,C001831,11452,Kathleen Orr,2026-05-07,campaign_click,Retention Pulse,Email,12
ENG006888,C001831,11452,Kathleen Orr,2026-05-08,promo_response,Reactivation,Email,18
ENG006889,C001832,4235,Mary Smith,2026-05-06,campaign_open,Retention Pulse,Email,8
ENG006890,C001832,4235,Mary Smith,2026-05-07,campaign_click,Retention Pulse,Email,12
ENG006891,C001832,4235,Mary Smith,2026-05-08,account_page_view,Service Recovery,Portal,22
ENG006892,C001832,4235,Mary Smith,2026-05-09,unsubscribe_risk,Escalation Follow-up,Email,-10
ENG006893,C001833,1249,Donald Odom,2026-05-06,campaign_open,Retention Pulse,Email,8
ENG006894,C001833,1249,Donald Odom,2026-05-07,campaign_click,Retention Pulse,Email,12
ENG006895,C001833,1249,Donald Odom,2026-05-08,account_page_view,Service Recovery,Portal,22
ENG006896,C001833,1249,Donald Odom,2026-05-09,unsubscribe_risk,Escalation Follow-up,Email,-10
ENG006897,C001834,6915,Robert Whitney,2026-05-06,campaign_open,Retention Pulse,Email,8
ENG006898,C001834,6915,Robert Whitney,2026-05-07,campaign_click,Retention Pulse,Email,12
ENG006899,C001834,6915,Robert Whitney,2026-05-08,account_page_view,Service Recovery,Portal,22
ENG006900,C001834,6915,Robert Whitney,2026-05-09,unsubscribe_risk,Escalation Follow-up,Email,-10
ENG006901,C001835,9093,Andrew Flores,2026-05-06,campaign_open,Retention Pulse,Email,8
ENG006902,C001835,9093,Andrew Flores,2026-05-07,campaign_click,Retention Pulse,Email,12
ENG006903,C001835,9093,Andrew Flores,2026-05-08,account_page_view,Service Recovery,Portal,22
ENG006904,C001835,9093,Andrew Flores,2026-05-09,unsubscribe_risk,Escalation Follow-up,Email,-10
ENG006905,C001836,7594,Mary Smith,2026-05-06,campaign_open,Retention Pulse,Email,8
ENG006906,C001836,7594,Mary Smith,2026-05-07,campaign_click,Retention Pulse,Email,12
ENG006907,C001836,7594,Mary Smith,2026-05-08,promo_response,Reactivation,Email,18
ENG006908,C001837,870,Linda Delacruz,2026-05-06,campaign_open,Retention Pulse,Email,8
ENG006909,C001837,870,Linda Delacruz,2026-05-07,campaign_click,Retention Pulse,Email,12
ENG006910,C001837,870,Linda Delacruz,2026-05-08,account_page_view,Service Recovery,Portal,22
ENG006911,C001837,870,Linda Delacruz,2026-05-09,unsubscribe_risk,Escalation Follow-up,Email,-10
ENG006912,C001838,6677,Patrick Smith,2026-05-06,campaign_open,Retention Pulse,Email,8
ENG006913,C001838,6677,Patrick Smith,2026-05-07,campaign_click,Retention Pulse,Email,12
ENG006914,C001838,6677,Patrick Smith,2026-05-08,promo_response,Reactivation,Email,18
ENG006915,C001839,700,Mary Cummings,2026-05-06,campaign_open,Retention Pulse,Email,8
ENG006916,C001839,700,Mary Cummings,2026-05-07,campaign_click,Retention Pulse,Email,12
ENG006917,C001839,700,Mary Cummings,2026-05-08,promo_response,Reactivation,Email,18
ENG006918,C001840,2857,Eric Smith,2026-05-06,campaign_open,Retention Pulse,Email,8
ENG006919,C001840,2857,Eric Smith,2026-05-07,campaign_click,Retention Pulse,Email,12
ENG006920,C001840,2857,Eric Smith,2026-05-08,account_page_view,Service Recovery,Portal,22
ENG006921,C001840,2857,Eric Smith,2026-05-09,unsubscribe_risk,Escalation Follow-up,Email,-10
ENG006922,C001841,739,Daniel Golden,2026-05-06,campaign_open,Retention Pulse,Email,8
ENG006923,C001841,739,Daniel Golden,2026-05-07,campaign_click,Retention Pulse,Email,12
ENG006924,C001841,739,Daniel Golden,2026-05-08,account_page_view,Service Recovery,Portal,22
ENG006925,C001841,739,Daniel Golden,2026-05-09,unsubscribe_risk,Escalation Follow-up,Email,-10
ENG006926,C001842,568,Sean Vaughn,2026-05-06,campaign_open,Retention Pulse,Email,8
ENG006927,C001842,568,Sean Vaughn,2026-05-07,campaign_click,Retention Pulse,Email,12
ENG006928,C001842,568,Sean Vaughn,2026-05-08,account_page_view,Service Recovery,Portal,22
ENG006929,C001842,568,Sean Vaughn,2026-05-09,unsubscribe_risk,Escalation Follow-up,Email,-10
ENG006930,C001843,10109,Mary Dodson,2026-05-06,campaign_open,Retention Pulse,Email,8
ENG006931,C001843,10109,Mary Dodson,2026-05-07,campaign_click,Retention Pulse,Email,12
ENG006932,C001843,10109,Mary Dodson,2026-05-08,account_page_view,Service Recovery,Portal,22
ENG006933,C001843,10109,Mary Dodson,2026-05-09,unsubscribe_risk,Escalation Follow-up,Email,-10
ENG006934,C001844,881,Marilyn Orozco,2026-05-06,campaign_open,Retention Pulse,Email,8
ENG006935,C001844,881,Marilyn Orozco,2026-05-07,campaign_click,Retention Pulse,Email,12
ENG006936,C001844,881,Marilyn Orozco,2026-05-08,promo_response,Reactivation,Email,18
ENG006937,C001845,4922,Robert Russo,2026-05-06,campaign_open,Retention Pulse,Email,8
ENG006938,C001845,4922,Robert Russo,2026-05-07,campaign_click,Retention Pulse,Email,12
ENG006939,C001845,4922,Robert Russo,2026-05-08,account_page_view,Service Recovery,Portal,22
ENG006940,C001845,4922,Robert Russo,2026-05-09,unsubscribe_risk,Escalation Follow-up,Email,-10
ENG006941,C001846,351,John Singh,2026-05-06,campaign_open,Retention Pulse,Email,8
ENG006942,C001846,351,John Singh,2026-05-07,campaign_click,Retention Pulse,Email,12
ENG006943,C001846,351,John Singh,2026-05-08,account_page_view,Service Recovery,Portal,22
ENG006944,C001846,351,John Singh,2026-05-09,unsubscribe_risk,Escalation Follow-up,Email,-10
ENG006945,C001847,3046,Mary Newman,2026-05-06,campaign_open,Retention Pulse,Email,8
ENG006946,C001847,3046,Mary Newman,2026-05-07,campaign_click,Retention Pulse,Email,12
ENG006947,C001847,3046,Mary Newman,2026-05-08,account_page_view,Service Recovery,Portal,22
ENG006948,C001847,3046,Mary Newman,2026-05-09,unsubscribe_risk,Escalation Follow-up,Email,-10
ENG006949,C001848,8915,James Grant,2026-05-06,campaign_open,Retention Pulse,Email,8
ENG006950,C001848,8915,James Grant,2026-05-07,campaign_click,Retention Pulse,Email,12
ENG006951,C001848,8915,James Grant,2026-05-08,promo_response,Reactivation,Email,18
ENG006952,C001849,2402,Mary Smith,2026-05-06,campaign_open,Retention Pulse,Email,8
ENG006953,C001849,2402,Mary Smith,2026-05-07,campaign_click,Retention Pulse,Email,12
ENG006954,C001849,2402,Mary Smith,2026-05-08,promo_response,Reactivation,Email,18
ENG006955,C001850,2243,George Mayer,2026-05-06,campaign_open,Retention Pulse,Email,8
ENG006956,C001850,2243,George Mayer,2026-05-07,campaign_click,Retention Pulse,Email,12
ENG006957,C001850,2243,George Mayer,2026-05-08,promo_response,Reactivation,Email,18
ENG006958,C001851,4739,Mary Jimenez,2026-05-06,campaign_open,Retention Pulse,Email,8
ENG006959,C001851,4739,Mary Jimenez,2026-05-07,campaign_click,Retention Pulse,Email,12
ENG006960,C001851,4739,Mary Jimenez,2026-05-08,account_page_view,Service Recovery,Portal,22
ENG006961,C001851,4739,Mary Jimenez,2026-05-09,unsubscribe_risk,Escalation Follow-up,Email,-10
ENG006962,C001852,8550,Mary Smith,2026-05-06,campaign_open,Retention Pulse,Email,8
ENG006963,C001852,8550,Mary Smith,2026-05-07,campaign_click,Retention Pulse,Email,12
ENG006964,C001852,8550,Mary Smith,2026-05-08,account_page_view,Service Recovery,Portal,22
ENG006965,C001852,8550,Mary Smith,2026-05-09,unsubscribe_risk,Escalation Follow-up,Email,-10
ENG006966,C001853,8207,Charles Jordan,2026-05-06,campaign_open,Retention Pulse,Email,8
ENG006967,C001853,8207,Charles Jordan,2026-05-07,campaign_click,Retention Pulse,Email,12
ENG006968,C001853,8207,Charles Jordan,2026-05-08,account_page_view,Service Recovery,Portal,22
ENG006969,C001853,8207,Charles Jordan,2026-05-09,unsubscribe_risk,Escalation Follow-up,Email,-10
ENG006970,C001854,1473,Anthony Young,2026-05-06,campaign_open,Retention Pulse,Email,8
ENG006971,C001854,1473,Anthony Young,2026-05-07,campaign_click,Retention Pulse,Email,12
ENG006972,C001854,1473,Anthony Young,2026-05-08,account_page_view,Service Recovery,Portal,22
ENG006973,C001854,1473,Anthony Young,2026-05-09,unsubscribe_risk,Escalation Follow-up,Email,-10
ENG006974,C001855,10823,Angela Oconnell,2026-05-06,campaign_open,Retention Pulse,Email,8
ENG006975,C001855,10823,Angela Oconnell,2026-05-07,campaign_click,Retention Pulse,Email,12
ENG006976,C001855,10823,Angela Oconnell,2026-05-08,account_page_view,Service Recovery,Portal,22
ENG006977,C001855,10823,Angela Oconnell,2026-05-09,unsubscribe_risk,Escalation Follow-up,Email,-10
ENG006978,C001856,3726,Robert Smith,2026-05-06,campaign_open,Retention Pulse,Email,8
ENG006979,C001856,3726,Robert Smith,2026-05-07,campaign_click,Retention Pulse,Email,12
ENG006980,C001856,3726,Robert Smith,2026-05-08,account_page_view,Service Recovery,Portal,22
ENG006981,C001856,3726,Robert Smith,2026-05-09,unsubscribe_risk,Escalation Follow-up,Email,-10
ENG006982,C001857,9366,Mary Church,2026-05-06,campaign_open,Retention Pulse,Email,8
ENG006983,C001857,9366,Mary Church,2026-05-07,campaign_click,Retention Pulse,Email,12
ENG006984,C001857,9366,Mary Church,2026-05-08,promo_response,Reactivation,Email,18
ENG006985,C001858,2652,Martha Santiago,2026-05-06,campaign_open,Retention Pulse,Email,8
ENG006986,C001858,2652,Martha Santiago,2026-05-07,campaign_click,Retention Pulse,Email,12
ENG006987,C001858,2652,Martha Santiago,2026-05-08,promo_response,Reactivation,Email,18
ENG006988,C001859,1380,Mary Smith,2026-05-06,campaign_open,Retention Pulse,Email,8
ENG006989,C001859,1380,Mary Smith,2026-05-07,campaign_click,Retention Pulse,Email,12
ENG006990,C001859,1380,Mary Smith,2026-05-08,promo_response,Reactivation,Email,18
ENG006991,C001860,1745,Mary Smith,2026-05-06,campaign_open,Retention Pulse,Email,8
ENG006992,C001860,1745,Mary Smith,2026-05-07,campaign_click,Retention Pulse,Email,12
ENG006993,C001860,1745,Mary Smith,2026-05-08,account_page_view,Service Recovery,Portal,22
ENG006994,C001860,1745,Mary Smith,2026-05-09,unsubscribe_risk,Escalation Follow-up,Email,-10
ENG006995,C001861,3499,Mildred Cole,2026-05-06,campaign_open,Retention Pulse,Email,8
ENG006996,C001861,3499,Mildred Cole,2026-05-07,campaign_click,Retention Pulse,Email,12
ENG006997,C001861,3499,Mildred Cole,2026-05-08,account_page_view,Service Recovery,Portal,22
ENG006998,C001861,3499,Mildred Cole,2026-05-09,unsubscribe_risk,Escalation Follow-up,Email,-10
ENG006999,C001862,9885,Jordan Smith,2026-05-06,campaign_open,Retention Pulse,Email,8
ENG007000,C001862,9885,Jordan Smith,2026-05-07,campaign_click,Retention Pulse,Email,12
ENG007001,C001862,9885,Jordan Smith,2026-05-08,account_page_view,Service Recovery,Portal,22
ENG007002,C001862,9885,Jordan Smith,2026-05-09,unsubscribe_risk,Escalation Follow-up,Email,-10
ENG007003,C001863,1618,Mary Davidson,2026-05-06,campaign_open,Retention Pulse,Email,8
ENG007004,C001863,1618,Mary Davidson,2026-05-07,campaign_click,Retention Pulse,Email,12
ENG007005,C001863,1618,Mary Davidson,2026-05-08,account_page_view,Service Recovery,Portal,22
ENG007006,C001863,1618,Mary Davidson,2026-05-09,unsubscribe_risk,Escalation Follow-up,Email,-10
ENG007007,C001864,4529,Steven Morgan,2026-05-06,campaign_open,Retention Pulse,Email,8
ENG007008,C001864,4529,Steven Morgan,2026-05-07,campaign_click,Retention Pulse,Email,12
ENG007009,C001864,4529,Steven Morgan,2026-05-08,account_page_view,Service Recovery,Portal,22
ENG007010,C001864,4529,Steven Morgan,2026-05-09,unsubscribe_risk,Escalation Follow-up,Email,-10
ENG007011,C001865,2979,Nicole Smith,2026-05-06,campaign_open,Retention Pulse,Email,8
ENG007012,C001865,2979,Nicole Smith,2026-05-07,campaign_click,Retention Pulse,Email,12
ENG007013,C001865,2979,Nicole Smith,2026-05-08,account_page_view,Service Recovery,Portal,22
ENG007014,C001865,2979,Nicole Smith,2026-05-09,unsubscribe_risk,Escalation Follow-up,Email,-10
ENG007015,C001866,630,Jacob Smith,2026-05-06,campaign_open,Retention Pulse,Email,8
ENG007016,C001866,630,Jacob Smith,2026-05-07,campaign_click,Retention Pulse,Email,12
ENG007017,C001866,630,Jacob Smith,2026-05-08,promo_response,Reactivation,Email,18
ENG007018,C001867,4846,Mary Lambert,2026-05-06,campaign_open,Retention Pulse,Email,8
ENG007019,C001867,4846,Mary Lambert,2026-05-07,campaign_click,Retention Pulse,Email,12
ENG007020,C001867,4846,Mary Lambert,2026-05-08,account_page_view,Service Recovery,Portal,22
ENG007021,C001867,4846,Mary Lambert,2026-05-09,unsubscribe_risk,Escalation Follow-up,Email,-10
ENG007022,C001868,10885,Mary Lynch,2026-05-06,campaign_open,Retention Pulse,Email,8
ENG007023,C001868,10885,Mary Lynch,2026-05-07,campaign_click,Retention Pulse,Email,12
ENG007024,C001868,10885,Mary Lynch,2026-05-08,account_page_view,Service Recovery,Portal,22
ENG007025,C001868,10885,Mary Lynch,2026-05-09,unsubscribe_risk,Escalation Follow-up,Email,-10
ENG007026,C001869,4229,Barbara Smith,2026-05-06,campaign_open,Retention Pulse,Email,8
ENG007027,C001869,4229,Barbara Smith,2026-05-07,campaign_click,Retention Pulse,Email,12
ENG007028,C001869,4229,Barbara Smith,2026-05-08,account_page_view,Service Recovery,Portal,22
ENG007029,C001869,4229,Barbara Smith,2026-05-09,unsubscribe_risk,Escalation Follow-up,Email,-10
ENG007030,C001870,8123,Mary Todd,2026-05-06,campaign_open,Retention Pulse,Email,8
ENG007031,C001870,8123,Mary Todd,2026-05-07,campaign_click,Retention Pulse,Email,12
ENG007032,C001870,8123,Mary Todd,2026-05-08,promo_response,Reactivation,Email,18
ENG007033,C001871,7161,Joseph Sexton,2026-05-06,campaign_open,Retention Pulse,Email,8
ENG007034,C001871,7161,Joseph Sexton,2026-05-07,campaign_click,Retention Pulse,Email,12
ENG007035,C001871,7161,Joseph Sexton,2026-05-08,promo_response,Reactivation,Email,18
ENG007036,C001872,11711,Mary Park,2026-05-06,campaign_open,Retention Pulse,Email,8
ENG007037,C001872,11711,Mary Park,2026-05-07,campaign_click,Retention Pulse,Email,12
ENG007038,C001872,11711,Mary Park,2026-05-08,promo_response,Reactivation,Email,18
ENG007039,C001873,222,Frank Ruiz,2026-05-06,campaign_open,Retention Pulse,Email,8
ENG007040,C001873,222,Frank Ruiz,2026-05-07,campaign_click,Retention Pulse,Email,12
ENG007041,C001873,222,Frank Ruiz,2026-05-08,account_page_view,Service Recovery,Portal,22
ENG007042,C001873,222,Frank Ruiz,2026-05-09,unsubscribe_risk,Escalation Follow-up,Email,-10
ENG007043,C001874,7180,Mary Walton,2026-05-06,campaign_open,Retention Pulse,Email,8
ENG007044,C001874,7180,Mary Walton,2026-05-07,campaign_click,Retention Pulse,Email,12
ENG007045,C001874,7180,Mary Walton,2026-05-08,account_page_view,Service Recovery,Portal,22
ENG007046,C001874,7180,Mary Walton,2026-05-09,unsubscribe_risk,Escalation Follow-up,Email,-10
ENG007047,C001875,5140,Mary Walton,2026-05-06,campaign_open,Retention Pulse,Email,8
ENG007048,C001875,5140,Mary Walton,2026-05-07,campaign_click,Retention Pulse,Email,12
ENG007049,C001875,5140,Mary Walton,2026-05-08,account_page_view,Service Recovery,Portal,22
ENG007050,C001875,5140,Mary Walton,2026-05-09,unsubscribe_risk,Escalation Follow-up,Email,-10
ENG007051,C001876,5445,Alexander Pugh,2026-05-06,campaign_open,Retention Pulse,Email,8
ENG007052,C001876,5445,Alexander Pugh,2026-05-07,campaign_click,Retention Pulse,Email,12
ENG007053,C001876,5445,Alexander Pugh,2026-05-08,account_page_view,Service Recovery,Portal,22
ENG007054,C001876,5445,Alexander Pugh,2026-05-09,unsubscribe_risk,Escalation Follow-up,Email,-10
ENG007055,C001877,4674,Mary Lynn,2026-05-06,campaign_open,Retention Pulse,Email,8
ENG007056,C001877,4674,Mary Lynn,2026-05-07,campaign_click,Retention Pulse,Email,12
ENG007057,C001877,4674,Mary Lynn,2026-05-08,account_page_view,Service Recovery,Portal,22
ENG007058,C001877,4674,Mary Lynn,2026-05-09,unsubscribe_risk,Escalation Follow-up,Email,-10
ENG007059,C001878,1232,Betty Smith,2026-05-06,campaign_open,Retention Pulse,Email,8
ENG007060,C001878,1232,Betty Smith,2026-05-07,campaign_click,Retention Pulse,Email,12
ENG007061,C001878,1232,Betty Smith,2026-05-08,account_page_view,Service Recovery,Portal,22
ENG007062,C001878,1232,Betty Smith,2026-05-09,unsubscribe_risk,Escalation Follow-up,Email,-10
ENG007063,C001879,11954,Mary Smith,2026-05-06,campaign_open,Retention Pulse,Email,8
ENG007064,C001879,11954,Mary Smith,2026-05-07,campaign_click,Retention Pulse,Email,12
ENG007065,C001879,11954,Mary Smith,2026-05-08,account_page_view,Service Recovery,Portal,22
ENG007066,C001879,11954,Mary Smith,2026-05-09,unsubscribe_risk,Escalation Follow-up,Email,-10
ENG007067,C001880,787,Amanda Ochoa,2026-05-06,campaign_open,Retention Pulse,Email,8
ENG007068,C001880,787,Amanda Ochoa,2026-05-07,campaign_click,Retention Pulse,Email,12
ENG007069,C001880,787,Amanda Ochoa,2026-05-08,account_page_view,Service Recovery,Portal,22
ENG007070,C001880,787,Amanda Ochoa,2026-05-09,unsubscribe_risk,Escalation Follow-up,Email,-10
ENG007071,C001881,8120,Stephanie Perry,2026-05-06,campaign_open,Retention Pulse,Email,8
ENG007072,C001881,8120,Stephanie Perry,2026-05-07,campaign_click,Retention Pulse,Email,12
ENG007073,C001881,8120,Stephanie Perry,2026-05-08,account_page_view,Service Recovery,Portal,22
ENG007074,C001881,8120,Stephanie Perry,2026-05-09,unsubscribe_risk,Escalation Follow-up,Email,-10
ENG007075,C001882,5276,Mary Martin,2026-05-06,campaign_open,Retention Pulse,Email,8
ENG007076,C001882,5276,Mary Martin,2026-05-07,campaign_click,Retention Pulse,Email,12
ENG007077,C001882,5276,Mary Martin,2026-05-08,account_page_view,Service Recovery,Portal,22
ENG007078,C001882,5276,Mary Martin,2026-05-09,unsubscribe_risk,Escalation Follow-up,Email,-10
ENG007079,C001883,9176,Theresa Smith,2026-05-06,campaign_open,Retention Pulse,Email,8
ENG007080,C001883,9176,Theresa Smith,2026-05-07,campaign_click,Retention Pulse,Email,12
ENG007081,C001883,9176,Theresa Smith,2026-05-08,account_page_view,Service Recovery,Portal,22
ENG007082,C001883,9176,Theresa Smith,2026-05-09,unsubscribe_risk,Escalation Follow-up,Email,-10
ENG007083,C001884,4778,Amy Campbell,2026-05-06,campaign_open,Retention Pulse,Email,8
ENG007084,C001884,4778,Amy Campbell,2026-05-07,campaign_click,Retention Pulse,Email,12
ENG007085,C001884,4778,Amy Campbell,2026-05-08,account_page_view,Service Recovery,Portal,22
ENG007086,C001884,4778,Amy Campbell,2026-05-09,unsubscribe_risk,Escalation Follow-up,Email,-10
ENG007087,C001885,4492,Pamela Hubbard,2026-05-06,campaign_open,Retention Pulse,Email,8
ENG007088,C001885,4492,Pamela Hubbard,2026-05-07,campaign_click,Retention Pulse,Email,12
ENG007089,C001885,4492,Pamela Hubbard,2026-05-08,promo_response,Reactivation,Email,18
ENG007090,C001886,5913,Cynthia Daniel,2026-05-06,campaign_open,Retention Pulse,Email,8
ENG007091,C001886,5913,Cynthia Daniel,2026-05-07,campaign_click,Retention Pulse,Email,12
ENG007092,C001886,5913,Cynthia Daniel,2026-05-08,account_page_view,Service Recovery,Portal,22
ENG007093,C001886,5913,Cynthia Daniel,2026-05-09,unsubscribe_risk,Escalation Follow-up,Email,-10
ENG007094,C001887,11522,Roy Smith,2026-05-06,campaign_open,Retention Pulse,Email,8
ENG007095,C001887,11522,Roy Smith,2026-05-07,campaign_click,Retention Pulse,Email,12
ENG007096,C001887,11522,Roy Smith,2026-05-08,account_page_view,Service Recovery,Portal,22
ENG007097,C001887,11522,Roy Smith,2026-05-09,unsubscribe_risk,Escalation Follow-up,Email,-10
ENG007098,C001888,11631,Jennifer Mckenzie,2026-05-06,campaign_open,Retention Pulse,Email,8
ENG007099,C001888,11631,Jennifer Mckenzie,2026-05-07,campaign_click,Retention Pulse,Email,12
ENG007100,C001888,11631,Jennifer Mckenzie,2026-05-08,promo_response,Reactivation,Email,18
ENG007101,C001889,8180,Albert Smith,2026-05-06,campaign_open,Retention Pulse,Email,8
ENG007102,C001889,8180,Albert Smith,2026-05-07,campaign_click,Retention Pulse,Email,12
ENG007103,C001889,8180,Albert Smith,2026-05-08,account_page_view,Service Recovery,Portal,22
ENG007104,C001889,8180,Albert Smith,2026-05-09,unsubscribe_risk,Escalation Follow-up,Email,-10
ENG007105,C001890,10323,Eric Jensen,2026-05-06,campaign_open,Retention Pulse,Email,8
ENG007106,C001890,10323,Eric Jensen,2026-05-07,campaign_click,Retention Pulse,Email,12
ENG007107,C001890,10323,Eric Jensen,2026-05-08,account_page_view,Service Recovery,Portal,22
ENG007108,C001890,10323,Eric Jensen,2026-05-09,unsubscribe_risk,Escalation Follow-up,Email,-10
ENG007109,C001891,7369,Mary Smith,2026-05-06,campaign_open,Retention Pulse,Email,8
ENG007110,C001891,7369,Mary Smith,2026-05-07,campaign_click,Retention Pulse,Email,12
ENG007111,C001891,7369,Mary Smith,2026-05-08,account_page_view,Service Recovery,Portal,22
ENG007112,C001891,7369,Mary Smith,2026-05-09,unsubscribe_risk,Escalation Follow-up,Email,-10
ENG007113,C001892,5227,Madison Mcfarland,2026-05-06,campaign_open,Retention Pulse,Email,8
ENG007114,C001892,5227,Madison Mcfarland,2026-05-07,campaign_click,Retention Pulse,Email,12
ENG007115,C001892,5227,Madison Mcfarland,2026-05-08,account_page_view,Service Recovery,Portal,22
ENG007116,C001892,5227,Madison Mcfarland,2026-05-09,unsubscribe_risk,Escalation Follow-up,Email,-10
ENG007117,C001893,10932,Michael Gonzales,2026-05-06,campaign_open,Retention Pulse,Email,8
ENG007118,C001893,10932,Michael Gonzales,2026-05-07,campaign_click,Retention Pulse,Email,12
ENG007119,C001893,10932,Michael Gonzales,2026-05-08,promo_response,Reactivation,Email,18
ENG007120,C001894,10390,Anthony Stevenson,2026-05-06,campaign_open,Retention Pulse,Email,8
ENG007121,C001894,10390,Anthony Stevenson,2026-05-07,campaign_click,Retention Pulse,Email,12
ENG007122,C001894,10390,Anthony Stevenson,2026-05-08,account_page_view,Service Recovery,Portal,22
ENG007123,C001894,10390,Anthony Stevenson,2026-05-09,unsubscribe_risk,Escalation Follow-up,Email,-10
ENG007124,C001895,11665,William Anderson,2026-05-06,campaign_open,Retention Pulse,Email,8
ENG007125,C001895,11665,William Anderson,2026-05-07,campaign_click,Retention Pulse,Email,12
ENG007126,C001895,11665,William Anderson,2026-05-08,promo_response,Reactivation,Email,18
ENG007127,C001896,947,Mary Henry,2026-05-06,campaign_open,Retention Pulse,Email,8
ENG007128,C001896,947,Mary Henry,2026-05-07,campaign_click,Retention Pulse,Email,12
ENG007129,C001896,947,Mary Henry,2026-05-08,account_page_view,Service Recovery,Portal,22
ENG007130,C001896,947,Mary Henry,2026-05-09,unsubscribe_risk,Escalation Follow-up,Email,-10
ENG007131,C001897,5573,Jordan Ortiz,2026-05-06,campaign_open,Retention Pulse,Email,8
ENG007132,C001897,5573,Jordan Ortiz,2026-05-07,campaign_click,Retention Pulse,Email,12
ENG007133,C001897,5573,Jordan Ortiz,2026-05-08,account_page_view,Service Recovery,Portal,22
ENG007134,C001897,5573,Jordan Ortiz,2026-05-09,unsubscribe_risk,Escalation Follow-up,Email,-10
ENG007135,C001898,8352,Teresa Black,2026-05-06,campaign_open,Retention Pulse,Email,8
ENG007136,C001898,8352,Teresa Black,2026-05-07,campaign_click,Retention Pulse,Email,12
ENG007137,C001898,8352,Teresa Black,2026-05-08,account_page_view,Service Recovery,Portal,22
ENG007138,C001898,8352,Teresa Black,2026-05-09,unsubscribe_risk,Escalation Follow-up,Email,-10
ENG007139,C001899,1574,Mary Smith,2026-05-06,campaign_open,Retention Pulse,Email,8
ENG007140,C001899,1574,Mary Smith,2026-05-07,campaign_click,Retention Pulse,Email,12
ENG007141,C001899,1574,Mary Smith,2026-05-08,promo_response,Reactivation,Email,18
ENG007142,C001900,3574,Mary Smith,2026-05-06,campaign_open,Retention Pulse,Email,8
ENG007143,C001900,3574,Mary Smith,2026-05-07,campaign_click,Retention Pulse,Email,12
ENG007144,C001900,3574,Mary Smith,2026-05-08,account_page_view,Service Recovery,Portal,22
ENG007145,C001900,3574,Mary Smith,2026-05-09,unsubscribe_risk,Escalation Follow-up,Email,-10
ENG007146,C001901,3384,Mary Smith,2026-05-06,campaign_open,Retention Pulse,Email,8
ENG007147,C001901,3384,Mary Smith,2026-05-07,campaign_click,Retention Pulse,Email,12
ENG007148,C001901,3384,Mary Smith,2026-05-08,account_page_view,Service Recovery,Portal,22
ENG007149,C001901,3384,Mary Smith,2026-05-09,unsubscribe_risk,Escalation Follow-up,Email,-10
ENG007150,C001902,7383,Catherine Washington,2026-05-06,campaign_open,Retention Pulse,Email,8
ENG007151,C001902,7383,Catherine Washington,2026-05-07,campaign_click,Retention Pulse,Email,12
ENG007152,C001902,7383,Catherine Washington,2026-05-08,account_page_view,Service Recovery,Portal,22
ENG007153,C001902,7383,Catherine Washington,2026-05-09,unsubscribe_risk,Escalation Follow-up,Email,-10
ENG007154,C001903,4342,David Hartman,2026-05-06,campaign_open,Retention Pulse,Email,8
ENG007155,C001903,4342,David Hartman,2026-05-07,campaign_click,Retention Pulse,Email,12
ENG007156,C001903,4342,David Hartman,2026-05-08,promo_response,Reactivation,Email,18
ENG007157,C001904,8502,Mary Eaton,2026-05-06,campaign_open,Retention Pulse,Email,8
ENG007158,C001904,8502,Mary Eaton,2026-05-07,campaign_click,Retention Pulse,Email,12
ENG007159,C001904,8502,Mary Eaton,2026-05-08,account_page_view,Service Recovery,Portal,22
ENG007160,C001904,8502,Mary Eaton,2026-05-09,unsubscribe_risk,Escalation Follow-up,Email,-10
ENG007161,C001905,3947,Mary Blake,2026-05-06,campaign_open,Retention Pulse,Email,8
ENG007162,C001905,3947,Mary Blake,2026-05-07,campaign_click,Retention Pulse,Email,12
ENG007163,C001905,3947,Mary Blake,2026-05-08,promo_response,Reactivation,Email,18
ENG007164,C001906,2825,Sarah Smith,2026-05-06,campaign_open,Retention Pulse,Email,8
ENG007165,C001906,2825,Sarah Smith,2026-05-07,campaign_click,Retention Pulse,Email,12
ENG007166,C001906,2825,Sarah Smith,2026-05-08,account_page_view,Service Recovery,Portal,22
ENG007167,C001906,2825,Sarah Smith,2026-05-09,unsubscribe_risk,Escalation Follow-up,Email,-10
ENG007168,C001907,12288,Karen Smith,2026-05-06,campaign_open,Retention Pulse,Email,8
ENG007169,C001907,12288,Karen Smith,2026-05-07,campaign_click,Retention Pulse,Email,12
ENG007170,C001907,12288,Karen Smith,2026-05-08,account_page_view,Service Recovery,Portal,22
ENG007171,C001907,12288,Karen Smith,2026-05-09,unsubscribe_risk,Escalation Follow-up,Email,-10
ENG007172,C001908,1475,Mary Smith,2026-05-06,campaign_open,Retention Pulse,Email,8
ENG007173,C001908,1475,Mary Smith,2026-05-07,campaign_click,Retention Pulse,Email,12
ENG007174,C001908,1475,Mary Smith,2026-05-08,promo_response,Reactivation,Email,18
ENG007175,C001909,11509,Sharon Wood,2026-05-06,campaign_open,Retention Pulse,Email,8
ENG007176,C001909,11509,Sharon Wood,2026-05-07,campaign_click,Retention Pulse,Email,12
ENG007177,C001909,11509,Sharon Wood,2026-05-08,account_page_view,Service Recovery,Portal,22
ENG007178,C001909,11509,Sharon Wood,2026-05-09,unsubscribe_risk,Escalation Follow-up,Email,-10
ENG007179,C001910,4107,Larry Franklin,2026-05-06,campaign_open,Retention Pulse,Email,8
ENG007180,C001910,4107,Larry Franklin,2026-05-07,campaign_click,Retention Pulse,Email,12
ENG007181,C001910,4107,Larry Franklin,2026-05-08,account_page_view,Service Recovery,Portal,22
ENG007182,C001910,4107,Larry Franklin,2026-05-09,unsubscribe_risk,Escalation Follow-up,Email,-10
ENG007183,C001911,1677,Virginia Robles,2026-05-06,campaign_open,Retention Pulse,Email,8
ENG007184,C001911,1677,Virginia Robles,2026-05-07,campaign_click,Retention Pulse,Email,12
ENG007185,C001911,1677,Virginia Robles,2026-05-08,account_page_view,Service Recovery,Portal,22
ENG007186,C001911,1677,Virginia Robles,2026-05-09,unsubscribe_risk,Escalation Follow-up,Email,-10
ENG007187,C001912,3968,Catherine Pacheco,2026-05-06,campaign_open,Retention Pulse,Email,8
ENG007188,C001912,3968,Catherine Pacheco,2026-05-07,campaign_click,Retention Pulse,Email,12
ENG007189,C001912,3968,Catherine Pacheco,2026-05-08,account_page_view,Service Recovery,Portal,22
ENG007190,C001912,3968,Catherine Pacheco,2026-05-09,unsubscribe_risk,Escalation Follow-up,Email,-10
ENG007191,C001913,11856,Helen Smith,2026-05-06,campaign_open,Retention Pulse,Email,8
ENG007192,C001913,11856,Helen Smith,2026-05-07,campaign_click,Retention Pulse,Email,12
ENG007193,C001913,11856,Helen Smith,2026-05-08,account_page_view,Service Recovery,Portal,22
ENG007194,C001913,11856,Helen Smith,2026-05-09,unsubscribe_risk,Escalation Follow-up,Email,-10
ENG007195,C001914,12115,Lawrence Smith,2026-05-06,campaign_open,Retention Pulse,Email,8
ENG007196,C001914,12115,Lawrence Smith,2026-05-07,campaign_click,Retention Pulse,Email,12
ENG007197,C001914,12115,Lawrence Smith,2026-05-08,account_page_view,Service Recovery,Portal,22
ENG007198,C001914,12115,Lawrence Smith,2026-05-09,unsubscribe_risk,Escalation Follow-up,Email,-10
ENG007199,C001915,359,Mary Pena,2026-05-06,campaign_open,Retention Pulse,Email,8
ENG007200,C001915,359,Mary Pena,2026-05-07,campaign_click,Retention Pulse,Email,12
ENG007201,C001915,359,Mary Pena,2026-05-08,account_page_view,Service Recovery,Portal,22
ENG007202,C001915,359,Mary Pena,2026-05-09,unsubscribe_risk,Escalation Follow-up,Email,-10
ENG007203,C001916,7564,Christopher Smith,2026-05-06,campaign_open,Retention Pulse,Email,8
ENG007204,C001916,7564,Christopher Smith,2026-05-07,campaign_click,Retention Pulse,Email,12
ENG007205,C001916,7564,Christopher Smith,2026-05-08,account_page_view,Service Recovery,Portal,22
ENG007206,C001916,7564,Christopher Smith,2026-05-09,unsubscribe_risk,Escalation Follow-up,Email,-10
ENG007207,C001917,3951,Michael Smith,2026-05-06,campaign_open,Retention Pulse,Email,8
ENG007208,C001917,3951,Michael Smith,2026-05-07,campaign_click,Retention Pulse,Email,12
ENG007209,C001917,3951,Michael Smith,2026-05-08,account_page_view,Service Recovery,Portal,22
ENG007210,C001917,3951,Michael Smith,2026-05-09,unsubscribe_risk,Escalation Follow-up,Email,-10
ENG007211,C001918,5236,Jessica Roberts,2026-05-06,campaign_open,Retention Pulse,Email,8
ENG007212,C001918,5236,Jessica Roberts,2026-05-07,campaign_click,Retention Pulse,Email,12
ENG007213,C001918,5236,Jessica Roberts,2026-05-08,account_page_view,Service Recovery,Portal,22
ENG007214,C001918,5236,Jessica Roberts,2026-05-09,unsubscribe_risk,Escalation Follow-up,Email,-10
ENG007215,C001919,11681,Roy Jackson,2026-05-06,campaign_open,Retention Pulse,Email,8
ENG007216,C001919,11681,Roy Jackson,2026-05-07,campaign_click,Retention Pulse,Email,12
ENG007217,C001919,11681,Roy Jackson,2026-05-08,account_page_view,Service Recovery,Portal,22
ENG007218,C001919,11681,Roy Jackson,2026-05-09,unsubscribe_risk,Escalation Follow-up,Email,-10
ENG007219,C001920,1651,Stephanie Smith,2026-05-06,campaign_open,Retention Pulse,Email,8
ENG007220,C001920,1651,Stephanie Smith,2026-05-07,campaign_click,Retention Pulse,Email,12
ENG007221,C001920,1651,Stephanie Smith,2026-05-08,account_page_view,Service Recovery,Portal,22
ENG007222,C001920,1651,Stephanie Smith,2026-05-09,unsubscribe_risk,Escalation Follow-up,Email,-10
ENG007223,C001921,1807,Mary Curtis,2026-05-06,campaign_open,Retention Pulse,Email,8
ENG007224,C001921,1807,Mary Curtis,2026-05-07,campaign_click,Retention Pulse,Email,12
ENG007225,C001921,1807,Mary Curtis,2026-05-08,account_page_view,Service Recovery,Portal,22
ENG007226,C001921,1807,Mary Curtis,2026-05-09,unsubscribe_risk,Escalation Follow-up,Email,-10
ENG007227,C001922,1363,Kathy Rios,2026-05-06,campaign_open,Retention Pulse,Email,8
ENG007228,C001922,1363,Kathy Rios,2026-05-07,campaign_click,Retention Pulse,Email,12
ENG007229,C001922,1363,Kathy Rios,2026-05-08,promo_response,Reactivation,Email,18
ENG007230,C001923,2750,George Mason,2026-05-06,campaign_open,Retention Pulse,Email,8
ENG007231,C001923,2750,George Mason,2026-05-07,campaign_click,Retention Pulse,Email,12
ENG007232,C001923,2750,George Mason,2026-05-08,account_page_view,Service Recovery,Portal,22
ENG007233,C001923,2750,George Mason,2026-05-09,unsubscribe_risk,Escalation Follow-up,Email,-10
ENG007234,C001924,3119,Shirley Hinton,2026-05-06,campaign_open,Retention Pulse,Email,8
ENG007235,C001924,3119,Shirley Hinton,2026-05-07,campaign_click,Retention Pulse,Email,12
ENG007236,C001924,3119,Shirley Hinton,2026-05-08,account_page_view,Service Recovery,Portal,22
ENG007237,C001924,3119,Shirley Hinton,2026-05-09,unsubscribe_risk,Escalation Follow-up,Email,-10
ENG007238,C001925,8788,Mary Smith,2026-05-06,campaign_open,Retention Pulse,Email,8
ENG007239,C001925,8788,Mary Smith,2026-05-07,campaign_click,Retention Pulse,Email,12
ENG007240,C001925,8788,Mary Smith,2026-05-08,account_page_view,Service Recovery,Portal,22
ENG007241,C001925,8788,Mary Smith,2026-05-09,unsubscribe_risk,Escalation Follow-up,Email,-10
ENG007242,C001926,3331,Diane Martinez,2026-05-06,campaign_open,Retention Pulse,Email,8
ENG007243,C001926,3331,Diane Martinez,2026-05-07,campaign_click,Retention Pulse,Email,12
ENG007244,C001926,3331,Diane Martinez,2026-05-08,account_page_view,Service Recovery,Portal,22
ENG007245,C001926,3331,Diane Martinez,2026-05-09,unsubscribe_risk,Escalation Follow-up,Email,-10
ENG007246,C001927,7687,Evelyn Valencia,2026-05-06,campaign_open,Retention Pulse,Email,8
ENG007247,C001927,7687,Evelyn Valencia,2026-05-07,campaign_click,Retention Pulse,Email,12
ENG007248,C001927,7687,Evelyn Valencia,2026-05-08,account_page_view,Service Recovery,Portal,22
ENG007249,C001927,7687,Evelyn Valencia,2026-05-09,unsubscribe_risk,Escalation Follow-up,Email,-10
ENG007250,C001928,1094,Sean Smith,2026-05-06,campaign_open,Retention Pulse,Email,8
ENG007251,C001928,1094,Sean Smith,2026-05-07,campaign_click,Retention Pulse,Email,12
ENG007252,C001928,1094,Sean Smith,2026-05-08,account_page_view,Service Recovery,Portal,22
ENG007253,C001928,1094,Sean Smith,2026-05-09,unsubscribe_risk,Escalation Follow-up,Email,-10
ENG007254,C001929,2881,Phillip Smith,2026-05-06,campaign_open,Retention Pulse,Email,8
ENG007255,C001929,2881,Phillip Smith,2026-05-07,campaign_click,Retention Pulse,Email,12
ENG007256,C001929,2881,Phillip Smith,2026-05-08,account_page_view,Service Recovery,Portal,22
ENG007257,C001929,2881,Phillip Smith,2026-05-09,unsubscribe_risk,Escalation Follow-up,Email,-10
ENG007258,C001930,17,Mary Robinson,2026-05-06,campaign_open,Retention Pulse,Email,8
ENG007259,C001930,17,Mary Robinson,2026-05-07,campaign_click,Retention Pulse,Email,12
ENG007260,C001930,17,Mary Robinson,2026-05-08,promo_response,Reactivation,Email,18
ENG007261,C001931,11427,Deborah Martin,2026-05-06,campaign_open,Retention Pulse,Email,8
ENG007262,C001931,11427,Deborah Martin,2026-05-07,campaign_click,Retention Pulse,Email,12
ENG007263,C001931,11427,Deborah Martin,2026-05-08,account_page_view,Service Recovery,Portal,22
ENG007264,C001931,11427,Deborah Martin,2026-05-09,unsubscribe_risk,Escalation Follow-up,Email,-10
ENG007265,C001932,2668,Mary Davis,2026-05-06,campaign_open,Retention Pulse,Email,8
ENG007266,C001932,2668,Mary Davis,2026-05-07,campaign_click,Retention Pulse,Email,12
ENG007267,C001932,2668,Mary Davis,2026-05-08,account_page_view,Service Recovery,Portal,22
ENG007268,C001932,2668,Mary Davis,2026-05-09,unsubscribe_risk,Escalation Follow-up,Email,-10
ENG007269,C001933,109,Mary Thompson,2026-05-06,campaign_open,Retention Pulse,Email,8
ENG007270,C001933,109,Mary Thompson,2026-05-07,campaign_click,Retention Pulse,Email,12
ENG007271,C001933,109,Mary Thompson,2026-05-08,account_page_view,Service Recovery,Portal,22
ENG007272,C001933,109,Mary Thompson,2026-05-09,unsubscribe_risk,Escalation Follow-up,Email,-10
ENG007273,C001934,1180,Mary Martin,2026-05-06,campaign_open,Retention Pulse,Email,8
ENG007274,C001934,1180,Mary Martin,2026-05-07,campaign_click,Retention Pulse,Email,12
ENG007275,C001934,1180,Mary Martin,2026-05-08,account_page_view,Service Recovery,Portal,22
ENG007276,C001934,1180,Mary Martin,2026-05-09,unsubscribe_risk,Escalation Follow-up,Email,-10
ENG007277,C001935,11997,Jonathan Smith,2026-05-06,campaign_open,Retention Pulse,Email,8
ENG007278,C001935,11997,Jonathan Smith,2026-05-07,campaign_click,Retention Pulse,Email,12
ENG007279,C001935,11997,Jonathan Smith,2026-05-08,promo_response,Reactivation,Email,18
ENG007280,C001936,6425,Ruth Smith,2026-05-06,campaign_open,Retention Pulse,Email,8
ENG007281,C001936,6425,Ruth Smith,2026-05-07,campaign_click,Retention Pulse,Email,12
ENG007282,C001936,6425,Ruth Smith,2026-05-08,account_page_view,Service Recovery,Portal,22
ENG007283,C001936,6425,Ruth Smith,2026-05-09,unsubscribe_risk,Escalation Follow-up,Email,-10
ENG007284,C001937,3508,Randy Smith,2026-05-06,campaign_open,Retention Pulse,Email,8
ENG007285,C001937,3508,Randy Smith,2026-05-07,campaign_click,Retention Pulse,Email,12
ENG007286,C001937,3508,Randy Smith,2026-05-08,account_page_view,Service Recovery,Portal,22
ENG007287,C001937,3508,Randy Smith,2026-05-09,unsubscribe_risk,Escalation Follow-up,Email,-10
ENG007288,C001938,7879,Michelle Powell,2026-05-06,campaign_open,Retention Pulse,Email,8
ENG007289,C001938,7879,Michelle Powell,2026-05-07,campaign_click,Retention Pulse,Email,12
ENG007290,C001938,7879,Michelle Powell,2026-05-08,account_page_view,Service Recovery,Portal,22
ENG007291,C001938,7879,Michelle Powell,2026-05-09,unsubscribe_risk,Escalation Follow-up,Email,-10
ENG007292,C001939,11962,Diana Smith,2026-05-06,campaign_open,Retention Pulse,Email,8
ENG007293,C001939,11962,Diana Smith,2026-05-07,campaign_click,Retention Pulse,Email,12
ENG007294,C001939,11962,Diana Smith,2026-05-08,account_page_view,Service Recovery,Portal,22
ENG007295,C001939,11962,Diana Smith,2026-05-09,unsubscribe_risk,Escalation Follow-up,Email,-10
ENG007296,C001940,6767,Brenda Carey,2026-05-06,campaign_open,Retention Pulse,Email,8
ENG007297,C001940,6767,Brenda Carey,2026-05-07,campaign_click,Retention Pulse,Email,12
ENG007298,C001940,6767,Brenda Carey,2026-05-08,account_page_view,Service Recovery,Portal,22
ENG007299,C001940,6767,Brenda Carey,2026-05-09,unsubscribe_risk,Escalation Follow-up,Email,-10
ENG007300,C001941,8938,Raymond Gould,2026-05-06,campaign_open,Retention Pulse,Email,8
ENG007301,C001941,8938,Raymond Gould,2026-05-07,campaign_click,Retention Pulse,Email,12
ENG007302,C001941,8938,Raymond Gould,2026-05-08,account_page_view,Service Recovery,Portal,22
ENG007303,C001941,8938,Raymond Gould,2026-05-09,unsubscribe_risk,Escalation Follow-up,Email,-10
ENG007304,C001942,3453,Mary Smith,2026-05-06,campaign_open,Retention Pulse,Email,8
ENG007305,C001942,3453,Mary Smith,2026-05-07,campaign_click,Retention Pulse,Email,12
ENG007306,C001942,3453,Mary Smith,2026-05-08,promo_response,Reactivation,Email,18
ENG007307,C001943,2562,Mary Anderson,2026-05-06,campaign_open,Retention Pulse,Email,8
ENG007308,C001943,2562,Mary Anderson,2026-05-07,campaign_click,Retention Pulse,Email,12
ENG007309,C001943,2562,Mary Anderson,2026-05-08,account_page_view,Service Recovery,Portal,22
ENG007310,C001943,2562,Mary Anderson,2026-05-09,unsubscribe_risk,Escalation Follow-up,Email,-10
ENG007311,C001944,2192,Mary Clay,2026-05-06,campaign_open,Retention Pulse,Email,8
ENG007312,C001944,2192,Mary Clay,2026-05-07,campaign_click,Retention Pulse,Email,12
ENG007313,C001944,2192,Mary Clay,2026-05-08,account_page_view,Service Recovery,Portal,22
ENG007314,C001944,2192,Mary Clay,2026-05-09,unsubscribe_risk,Escalation Follow-up,Email,-10
ENG007315,C001945,9338,James Davis,2026-05-06,campaign_open,Retention Pulse,Email,8
ENG007316,C001945,9338,James Davis,2026-05-07,campaign_click,Retention Pulse,Email,12
ENG007317,C001945,9338,James Davis,2026-05-08,account_page_view,Service Recovery,Portal,22
ENG007318,C001945,9338,James Davis,2026-05-09,unsubscribe_risk,Escalation Follow-up,Email,-10
ENG007319,C001946,3231,Melissa Valdez,2026-05-06,campaign_open,Retention Pulse,Email,8
ENG007320,C001946,3231,Melissa Valdez,2026-05-07,campaign_click,Retention Pulse,Email,12
ENG007321,C001946,3231,Melissa Valdez,2026-05-08,promo_response,Reactivation,Email,18
ENG007322,C001947,11330,Arthur Johnson,2026-05-06,campaign_open,Retention Pulse,Email,8
ENG007323,C001947,11330,Arthur Johnson,2026-05-07,campaign_click,Retention Pulse,Email,12
ENG007324,C001947,11330,Arthur Johnson,2026-05-08,promo_response,Reactivation,Email,18
ENG007325,C001948,5637,Mary Wong,2026-05-06,campaign_open,Retention Pulse,Email,8
ENG007326,C001948,5637,Mary Wong,2026-05-07,campaign_click,Retention Pulse,Email,12
ENG007327,C001948,5637,Mary Wong,2026-05-08,account_page_view,Service Recovery,Portal,22
ENG007328,C001948,5637,Mary Wong,2026-05-09,unsubscribe_risk,Escalation Follow-up,Email,-10
ENG007329,C001949,3147,Daniel Diaz,2026-05-06,campaign_open,Retention Pulse,Email,8
ENG007330,C001949,3147,Daniel Diaz,2026-05-07,campaign_click,Retention Pulse,Email,12
ENG007331,C001949,3147,Daniel Diaz,2026-05-08,account_page_view,Service Recovery,Portal,22
ENG007332,C001949,3147,Daniel Diaz,2026-05-09,unsubscribe_risk,Escalation Follow-up,Email,-10
ENG007333,C001950,5449,Mary Smith,2026-05-06,campaign_open,Retention Pulse,Email,8
ENG007334,C001950,5449,Mary Smith,2026-05-07,campaign_click,Retention Pulse,Email,12
ENG007335,C001950,5449,Mary Smith,2026-05-08,promo_response,Reactivation,Email,18
ENG007336,C001951,8572,Victoria Smith,2026-05-06,campaign_open,Retention Pulse,Email,8
ENG007337,C001951,8572,Victoria Smith,2026-05-07,campaign_click,Retention Pulse,Email,12
ENG007338,C001951,8572,Victoria Smith,2026-05-08,promo_response,Reactivation,Email,18
ENG007339,C001952,12129,Mary Perkins,2026-05-06,campaign_open,Retention Pulse,Email,8
ENG007340,C001952,12129,Mary Perkins,2026-05-07,campaign_click,Retention Pulse,Email,12
ENG007341,C001952,12129,Mary Perkins,2026-05-08,account_page_view,Service Recovery,Portal,22
ENG007342,C001952,12129,Mary Perkins,2026-05-09,unsubscribe_risk,Escalation Follow-up,Email,-10
ENG007343,C001953,2676,Jeffrey Smith,2026-05-06,campaign_open,Retention Pulse,Email,8
ENG007344,C001953,2676,Jeffrey Smith,2026-05-07,campaign_click,Retention Pulse,Email,12
ENG007345,C001953,2676,Jeffrey Smith,2026-05-08,account_page_view,Service Recovery,Portal,22
ENG007346,C001953,2676,Jeffrey Smith,2026-05-09,unsubscribe_risk,Escalation Follow-up,Email,-10
ENG007347,C001954,8789,Helen Carroll,2026-05-06,campaign_open,Retention Pulse,Email,8
ENG007348,C001954,8789,Helen Carroll,2026-05-07,campaign_click,Retention Pulse,Email,12
ENG007349,C001954,8789,Helen Carroll,2026-05-08,account_page_view,Service Recovery,Portal,22
ENG007350,C001954,8789,Helen Carroll,2026-05-09,unsubscribe_risk,Escalation Follow-up,Email,-10
ENG007351,C001955,2654,Donna Martinez,2026-05-06,campaign_open,Retention Pulse,Email,8
ENG007352,C001955,2654,Donna Martinez,2026-05-07,campaign_click,Retention Pulse,Email,12
ENG007353,C001955,2654,Donna Martinez,2026-05-08,account_page_view,Service Recovery,Portal,22
ENG007354,C001955,2654,Donna Martinez,2026-05-09,unsubscribe_risk,Escalation Follow-up,Email,-10
ENG007355,C001956,4487,Rebecca Knight,2026-05-06,campaign_open,Retention Pulse,Email,8
ENG007356,C001956,4487,Rebecca Knight,2026-05-07,campaign_click,Retention Pulse,Email,12
ENG007357,C001956,4487,Rebecca Knight,2026-05-08,promo_response,Reactivation,Email,18
ENG007358,C001957,4193,Daniel Haas,2026-05-06,campaign_open,Retention Pulse,Email,8
ENG007359,C001957,4193,Daniel Haas,2026-05-07,campaign_click,Retention Pulse,Email,12
ENG007360,C001957,4193,Daniel Haas,2026-05-08,promo_response,Reactivation,Email,18
ENG007361,C001958,4523,Madison Smith,2026-05-06,campaign_open,Retention Pulse,Email,8
ENG007362,C001958,4523,Madison Smith,2026-05-07,campaign_click,Retention Pulse,Email,12
ENG007363,C001958,4523,Madison Smith,2026-05-08,promo_response,Reactivation,Email,18
ENG007364,C001959,4417,Arthur Alvarez,2026-05-06,campaign_open,Retention Pulse,Email,8
ENG007365,C001959,4417,Arthur Alvarez,2026-05-07,campaign_click,Retention Pulse,Email,12
ENG007366,C001959,4417,Arthur Alvarez,2026-05-08,account_page_view,Service Recovery,Portal,22
ENG007367,C001959,4417,Arthur Alvarez,2026-05-09,unsubscribe_risk,Escalation Follow-up,Email,-10
ENG007368,C001960,5327,Mary Mcbride,2026-05-06,campaign_open,Retention Pulse,Email,8
ENG007369,C001960,5327,Mary Mcbride,2026-05-07,campaign_click,Retention Pulse,Email,12
ENG007370,C001960,5327,Mary Mcbride,2026-05-08,account_page_view,Service Recovery,Portal,22
ENG007371,C001960,5327,Mary Mcbride,2026-05-09,unsubscribe_risk,Escalation Follow-up,Email,-10
ENG007372,C001961,5704,Matthew Smith,2026-05-06,campaign_open,Retention Pulse,Email,8
ENG007373,C001961,5704,Matthew Smith,2026-05-07,campaign_click,Retention Pulse,Email,12
ENG007374,C001961,5704,Matthew Smith,2026-05-08,promo_response,Reactivation,Email,18
ENG007375,C001962,534,Mary Morris,2026-05-06,campaign_open,Retention Pulse,Email,8
ENG007376,C001962,534,Mary Morris,2026-05-07,campaign_click,Retention Pulse,Email,12
ENG007377,C001962,534,Mary Morris,2026-05-08,account_page_view,Service Recovery,Portal,22
ENG007378,C001962,534,Mary Morris,2026-05-09,unsubscribe_risk,Escalation Follow-up,Email,-10
ENG007379,C001963,10570,William Moore,2026-05-06,campaign_open,Retention Pulse,Email,8
ENG007380,C001963,10570,William Moore,2026-05-07,campaign_click,Retention Pulse,Email,12
ENG007381,C001963,10570,William Moore,2026-05-08,account_page_view,Service Recovery,Portal,22
ENG007382,C001963,10570,William Moore,2026-05-09,unsubscribe_risk,Escalation Follow-up,Email,-10
ENG007383,C001964,8136,Charles Smith,2026-05-06,campaign_open,Retention Pulse,Email,8
ENG007384,C001964,8136,Charles Smith,2026-05-07,campaign_click,Retention Pulse,Email,12
ENG007385,C001964,8136,Charles Smith,2026-05-08,account_page_view,Service Recovery,Portal,22
ENG007386,C001964,8136,Charles Smith,2026-05-09,unsubscribe_risk,Escalation Follow-up,Email,-10
ENG007387,C001965,3807,Mary Huang,2026-05-06,campaign_open,Retention Pulse,Email,8
ENG007388,C001965,3807,Mary Huang,2026-05-07,campaign_click,Retention Pulse,Email,12
ENG007389,C001965,3807,Mary Huang,2026-05-08,account_page_view,Service Recovery,Portal,22
ENG007390,C001965,3807,Mary Huang,2026-05-09,unsubscribe_risk,Escalation Follow-up,Email,-10
ENG007391,C001966,7634,Pamela Ray,2026-05-06,campaign_open,Retention Pulse,Email,8
ENG007392,C001966,7634,Pamela Ray,2026-05-07,campaign_click,Retention Pulse,Email,12
ENG007393,C001966,7634,Pamela Ray,2026-05-08,account_page_view,Service Recovery,Portal,22
ENG007394,C001966,7634,Pamela Ray,2026-05-09,unsubscribe_risk,Escalation Follow-up,Email,-10
ENG007395,C001967,7160,Mary Allen,2026-05-06,campaign_open,Retention Pulse,Email,8
ENG007396,C001967,7160,Mary Allen,2026-05-07,campaign_click,Retention Pulse,Email,12
ENG007397,C001967,7160,Mary Allen,2026-05-08,account_page_view,Service Recovery,Portal,22
ENG007398,C001967,7160,Mary Allen,2026-05-09,unsubscribe_risk,Escalation Follow-up,Email,-10
ENG007399,C001968,8091,Emily Powell,2026-05-06,campaign_open,Retention Pulse,Email,8
ENG007400,C001968,8091,Emily Powell,2026-05-07,campaign_click,Retention Pulse,Email,12
ENG007401,C001968,8091,Emily Powell,2026-05-08,promo_response,Reactivation,Email,18
ENG007402,C001969,8210,Mary Glenn,2026-05-06,campaign_open,Retention Pulse,Email,8
ENG007403,C001969,8210,Mary Glenn,2026-05-07,campaign_click,Retention Pulse,Email,12
ENG007404,C001969,8210,Mary Glenn,2026-05-08,account_page_view,Service Recovery,Portal,22
ENG007405,C001969,8210,Mary Glenn,2026-05-09,unsubscribe_risk,Escalation Follow-up,Email,-10
ENG007406,C001970,5116,Doris Smith,2026-05-06,campaign_open,Retention Pulse,Email,8
ENG007407,C001970,5116,Doris Smith,2026-05-07,campaign_click,Retention Pulse,Email,12
ENG007408,C001970,5116,Doris Smith,2026-05-08,promo_response,Reactivation,Email,18
ENG007409,C001971,12045,Jeffrey Ryan,2026-05-06,campaign_open,Retention Pulse,Email,8
ENG007410,C001971,12045,Jeffrey Ryan,2026-05-07,campaign_click,Retention Pulse,Email,12
ENG007411,C001971,12045,Jeffrey Ryan,2026-05-08,account_page_view,Service Recovery,Portal,22
ENG007412,C001971,12045,Jeffrey Ryan,2026-05-09,unsubscribe_risk,Escalation Follow-up,Email,-10
ENG007413,C001972,11866,Mary Smith,2026-05-06,campaign_open,Retention Pulse,Email,8
ENG007414,C001972,11866,Mary Smith,2026-05-07,campaign_click,Retention Pulse,Email,12
ENG007415,C001972,11866,Mary Smith,2026-05-08,account_page_view,Service Recovery,Portal,22
ENG007416,C001972,11866,Mary Smith,2026-05-09,unsubscribe_risk,Escalation Follow-up,Email,-10
ENG007417,C001973,4436,Janice Smith,2026-05-06,campaign_open,Retention Pulse,Email,8
ENG007418,C001973,4436,Janice Smith,2026-05-07,campaign_click,Retention Pulse,Email,12
ENG007419,C001973,4436,Janice Smith,2026-05-08,account_page_view,Service Recovery,Portal,22
ENG007420,C001973,4436,Janice Smith,2026-05-09,unsubscribe_risk,Escalation Follow-up,Email,-10
ENG007421,C001974,4725,Gerald Camacho,2026-05-06,campaign_open,Retention Pulse,Email,8
ENG007422,C001974,4725,Gerald Camacho,2026-05-07,campaign_click,Retention Pulse,Email,12
ENG007423,C001974,4725,Gerald Camacho,2026-05-08,account_page_view,Service Recovery,Portal,22
ENG007424,C001974,4725,Gerald Camacho,2026-05-09,unsubscribe_risk,Escalation Follow-up,Email,-10
ENG007425,C001975,2038,Tammy Smith,2026-05-06,campaign_open,Retention Pulse,Email,8
ENG007426,C001975,2038,Tammy Smith,2026-05-07,campaign_click,Retention Pulse,Email,12
ENG007427,C001975,2038,Tammy Smith,2026-05-08,promo_response,Reactivation,Email,18
ENG007428,C001976,8942,Robert Smith,2026-05-06,campaign_open,Retention Pulse,Email,8
ENG007429,C001976,8942,Robert Smith,2026-05-07,campaign_click,Retention Pulse,Email,12
ENG007430,C001976,8942,Robert Smith,2026-05-08,account_page_view,Service Recovery,Portal,22
ENG007431,C001976,8942,Robert Smith,2026-05-09,unsubscribe_risk,Escalation Follow-up,Email,-10
ENG007432,C001977,11672,Charles Burns,2026-05-06,campaign_open,Retention Pulse,Email,8
ENG007433,C001977,11672,Charles Burns,2026-05-07,campaign_click,Retention Pulse,Email,12
ENG007434,C001977,11672,Charles Burns,2026-05-08,promo_response,Reactivation,Email,18
ENG007435,C001978,10843,Cynthia Myers,2026-05-06,campaign_open,Retention Pulse,Email,8
ENG007436,C001978,10843,Cynthia Myers,2026-05-07,campaign_click,Retention Pulse,Email,12
ENG007437,C001978,10843,Cynthia Myers,2026-05-08,account_page_view,Service Recovery,Portal,22
ENG007438,C001978,10843,Cynthia Myers,2026-05-09,unsubscribe_risk,Escalation Follow-up,Email,-10
ENG007439,C001979,6071,Mary Wu,2026-05-06,campaign_open,Retention Pulse,Email,8
ENG007440,C001979,6071,Mary Wu,2026-05-07,campaign_click,Retention Pulse,Email,12
ENG007441,C001979,6071,Mary Wu,2026-05-08,account_page_view,Service Recovery,Portal,22
ENG007442,C001979,6071,Mary Wu,2026-05-09,unsubscribe_risk,Escalation Follow-up,Email,-10
ENG007443,C001980,5643,Tiffany Caldwell,2026-05-06,campaign_open,Retention Pulse,Email,8
ENG007444,C001980,5643,Tiffany Caldwell,2026-05-07,campaign_click,Retention Pulse,Email,12
ENG007445,C001980,5643,Tiffany Caldwell,2026-05-08,promo_response,Reactivation,Email,18
ENG007446,C001981,1069,Mary Daniel,2026-05-06,campaign_open,Retention Pulse,Email,8
ENG007447,C001981,1069,Mary Daniel,2026-05-07,campaign_click,Retention Pulse,Email,12
ENG007448,C001981,1069,Mary Daniel,2026-05-08,account_page_view,Service Recovery,Portal,22
ENG007449,C001981,1069,Mary Daniel,2026-05-09,unsubscribe_risk,Escalation Follow-up,Email,-10
ENG007450,C001982,2684,Mary Walter,2026-05-06,campaign_open,Retention Pulse,Email,8
ENG007451,C001982,2684,Mary Walter,2026-05-07,campaign_click,Retention Pulse,Email,12
ENG007452,C001982,2684,Mary Walter,2026-05-08,promo_response,Reactivation,Email,18
ENG007453,C001983,12335,Mary Riley,2026-05-06,campaign_open,Retention Pulse,Email,8
ENG007454,C001983,12335,Mary Riley,2026-05-07,campaign_click,Retention Pulse,Email,12
ENG007455,C001983,12335,Mary Riley,2026-05-08,account_page_view,Service Recovery,Portal,22
ENG007456,C001983,12335,Mary Riley,2026-05-09,unsubscribe_risk,Escalation Follow-up,Email,-10
ENG007457,C001984,6755,Mary Callahan,2026-05-06,campaign_open,Retention Pulse,Email,8
ENG007458,C001984,6755,Mary Callahan,2026-05-07,campaign_click,Retention Pulse,Email,12
ENG007459,C001984,6755,Mary Callahan,2026-05-08,account_page_view,Service Recovery,Portal,22
ENG007460,C001984,6755,Mary Callahan,2026-05-09,unsubscribe_risk,Escalation Follow-up,Email,-10
ENG007461,C001985,7028,Elizabeth Edwards,2026-05-06,campaign_open,Retention Pulse,Email,8
ENG007462,C001985,7028,Elizabeth Edwards,2026-05-07,campaign_click,Retention Pulse,Email,12
ENG007463,C001985,7028,Elizabeth Edwards,2026-05-08,promo_response,Reactivation,Email,18
ENG007464,C001986,5951,Brenda Oconnell,2026-05-06,campaign_open,Retention Pulse,Email,8
ENG007465,C001986,5951,Brenda Oconnell,2026-05-07,campaign_click,Retention Pulse,Email,12
ENG007466,C001986,5951,Brenda Oconnell,2026-05-08,promo_response,Reactivation,Email,18
ENG007467,C001987,6616,Shirley Smith,2026-05-06,campaign_open,Retention Pulse,Email,8
ENG007468,C001987,6616,Shirley Smith,2026-05-07,campaign_click,Retention Pulse,Email,12
ENG007469,C001987,6616,Shirley Smith,2026-05-08,promo_response,Reactivation,Email,18
ENG007470,C001988,10226,Mary Smith,2026-05-06,campaign_open,Retention Pulse,Email,8
ENG007471,C001988,10226,Mary Smith,2026-05-07,campaign_click,Retention Pulse,Email,12
ENG007472,C001988,10226,Mary Smith,2026-05-08,account_page_view,Service Recovery,Portal,22
ENG007473,C001988,10226,Mary Smith,2026-05-09,unsubscribe_risk,Escalation Follow-up,Email,-10
ENG007474,C001989,6930,Paul Morton,2026-05-06,campaign_open,Retention Pulse,Email,8
ENG007475,C001989,6930,Paul Morton,2026-05-07,campaign_click,Retention Pulse,Email,12
ENG007476,C001989,6930,Paul Morton,2026-05-08,promo_response,Reactivation,Email,18
ENG007477,C001990,2219,Mary Chung,2026-05-06,campaign_open,Retention Pulse,Email,8
ENG007478,C001990,2219,Mary Chung,2026-05-07,campaign_click,Retention Pulse,Email,12
ENG007479,C001990,2219,Mary Chung,2026-05-08,account_page_view,Service Recovery,Portal,22
ENG007480,C001990,2219,Mary Chung,2026-05-09,unsubscribe_risk,Escalation Follow-up,Email,-10
ENG007481,C001991,4953,Pamela Burnett,2026-05-06,campaign_open,Retention Pulse,Email,8
ENG007482,C001991,4953,Pamela Burnett,2026-05-07,campaign_click,Retention Pulse,Email,12
ENG007483,C001991,4953,Pamela Burnett,2026-05-08,promo_response,Reactivation,Email,18
ENG007484,C001992,2922,Madison Russo,2026-05-06,campaign_open,Retention Pulse,Email,8
ENG007485,C001992,2922,Madison Russo,2026-05-07,campaign_click,Retention Pulse,Email,12
ENG007486,C001992,2922,Madison Russo,2026-05-08,promo_response,Reactivation,Email,18
ENG007487,C001993,11411,Kyle Garcia,2026-05-06,campaign_open,Retention Pulse,Email,8
ENG007488,C001993,11411,Kyle Garcia,2026-05-07,campaign_click,Retention Pulse,Email,12
ENG007489,C001993,11411,Kyle Garcia,2026-05-08,account_page_view,Service Recovery,Portal,22
ENG007490,C001993,11411,Kyle Garcia,2026-05-09,unsubscribe_risk,Escalation Follow-up,Email,-10
ENG007491,C001994,1164,Mary Hahn,2026-05-06,campaign_open,Retention Pulse,Email,8
ENG007492,C001994,1164,Mary Hahn,2026-05-07,campaign_click,Retention Pulse,Email,12
ENG007493,C001994,1164,Mary Hahn,2026-05-08,account_page_view,Service Recovery,Portal,22
ENG007494,C001994,1164,Mary Hahn,2026-05-09,unsubscribe_risk,Escalation Follow-up,Email,-10
ENG007495,C001995,9670,Mary Crane,2026-05-06,campaign_open,Retention Pulse,Email,8
ENG007496,C001995,9670,Mary Crane,2026-05-07,campaign_click,Retention Pulse,Email,12
ENG007497,C001995,9670,Mary Crane,2026-05-08,promo_response,Reactivation,Email,18
ENG007498,C001996,9945,Mary Cameron,2026-05-06,campaign_open,Retention Pulse,Email,8
ENG007499,C001996,9945,Mary Cameron,2026-05-07,campaign_click,Retention Pulse,Email,12
ENG007500,C001996,9945,Mary Cameron,2026-05-08,account_page_view,Service Recovery,Portal,22
ENG007501,C001996,9945,Mary Cameron,2026-05-09,unsubscribe_risk,Escalation Follow-up,Email,-10
ENG007502,C001997,8684,Tiffany Brown,2026-05-06,campaign_open,Retention Pulse,Email,8
ENG007503,C001997,8684,Tiffany Brown,2026-05-07,campaign_click,Retention Pulse,Email,12
ENG007504,C001997,8684,Tiffany Brown,2026-05-08,account_page_view,Service Recovery,Portal,22
ENG007505,C001997,8684,Tiffany Brown,2026-05-09,unsubscribe_risk,Escalation Follow-up,Email,-10
ENG007506,C001998,8864,Mary Benson,2026-05-06,campaign_open,Retention Pulse,Email,8
ENG007507,C001998,8864,Mary Benson,2026-05-07,campaign_click,Retention Pulse,Email,12
ENG007508,C001998,8864,Mary Benson,2026-05-08,promo_response,Reactivation,Email,18
ENG007509,C001999,5120,Mary Smith,2026-05-06,campaign_open,Retention Pulse,Email,8
ENG007510,C001999,5120,Mary Smith,2026-05-07,campaign_click,Retention Pulse,Email,12
ENG007511,C001999,5120,Mary Smith,2026-05-08,account_page_view,Service Recovery,Portal,22
ENG007512,C001999,5120,Mary Smith,2026-05-09,unsubscribe_risk,Escalation Follow-up,Email,-10
ENG007513,C002000,5781,Jack Stanley,2026-05-06,campaign_open,Retention Pulse,Email,8
ENG007514,C002000,5781,Jack Stanley,2026-05-07,campaign_click,Retention Pulse,Email,12
ENG007515,C002000,5781,Jack Stanley,2026-05-08,account_page_view,Service Recovery,Portal,22
ENG007516,C002000,5781,Jack Stanley,2026-05-09,unsubscribe_risk,Escalation Follow-up,Email,-10
