review_id,customer_id,source_customer_id,customer_full_name,scenario,topic,reviewed_at,reviewer,human_decision,review_notes,decision_boundary,synthetic_flag
R9001,C000001,791,Mary Smith,late_delivery_frustration,late_delivery_recovery,2026-05-06T00:00:00,Customer Success Lead,Monitor,Review Mary Smith for late_delivery_recovery before next outreach.,"Nelson DSS recommends, explains, and records human review. It does not automate customer decisions.",True
R9002,C000002,9371,Mary Patterson,late_delivery_frustration,late_delivery_recovery,2026-05-06T00:00:00,Customer Success Lead,Monitor,Review Mary Patterson for late_delivery_recovery before next outreach.,"Nelson DSS recommends, explains, and records human review. It does not automate customer decisions.",True
R9003,C000003,8766,Mary Duncan,escalation_retention_case,executive_escalation,2026-05-06T00:00:00,Customer Success Lead,Escalate,Review Mary Duncan for executive_escalation before next outreach.,"Nelson DSS recommends, explains, and records human review. It does not automate customer decisions.",True
R9004,C000003,8766,Mary Duncan,escalation_retention_case,executive_escalation,2026-05-07T00:00:00,Customer Success Lead,Escalate,Review Mary Duncan for executive_escalation before next outreach.,"Nelson DSS recommends, explains, and records human review. It does not automate customer decisions.",True
R9005,C000003,8766,Mary Duncan,escalation_retention_case,executive_escalation,2026-05-08T00:00:00,Customer Success Lead,Escalate,Review Mary Duncan for executive_escalation before next outreach.,"Nelson DSS recommends, explains, and records human review. It does not automate customer decisions.",True
R9006,C000004,1657,Betty Phillips,late_delivery_frustration,late_delivery_recovery,2026-05-06T00:00:00,Customer Success Lead,Monitor,Review Betty Phillips for late_delivery_recovery before next outreach.,"Nelson DSS recommends, explains, and records human review. It does not automate customer decisions.",True
R9007,C000005,2641,Betty Spears,late_delivery_frustration,late_delivery_recovery,2026-05-06T00:00:00,Customer Success Lead,Monitor,Review Betty Spears for late_delivery_recovery before next outreach.,"Nelson DSS recommends, explains, and records human review. It does not automate customer decisions.",True
R9008,C000006,1288,Evelyn Thompson,escalation_retention_case,executive_escalation,2026-05-06T00:00:00,Customer Success Lead,Escalate,Review Evelyn Thompson for executive_escalation before next outreach.,"Nelson DSS recommends, explains, and records human review. It does not automate customer decisions.",True
R9009,C000006,1288,Evelyn Thompson,escalation_retention_case,executive_escalation,2026-05-07T00:00:00,Customer Success Lead,Escalate,Review Evelyn Thompson for executive_escalation before next outreach.,"Nelson DSS recommends, explains, and records human review. It does not automate customer decisions.",True
R9010,C000006,1288,Evelyn Thompson,escalation_retention_case,executive_escalation,2026-05-08T00:00:00,Customer Success Lead,Escalate,Review Evelyn Thompson for executive_escalation before next outreach.,"Nelson DSS recommends, explains, and records human review. It does not automate customer decisions.",True
R9011,C000007,3710,Ashley Smith,escalation_retention_case,executive_escalation,2026-05-06T00:00:00,Customer Success Lead,Escalate,Review Ashley Smith for executive_escalation before next outreach.,"Nelson DSS recommends, explains, and records human review. It does not automate customer decisions.",True
R9012,C000007,3710,Ashley Smith,escalation_retention_case,executive_escalation,2026-05-07T00:00:00,Customer Success Lead,Escalate,Review Ashley Smith for executive_escalation before next outreach.,"Nelson DSS recommends, explains, and records human review. It does not automate customer decisions.",True
R9013,C000007,3710,Ashley Smith,escalation_retention_case,executive_escalation,2026-05-08T00:00:00,Customer Success Lead,Escalate,Review Ashley Smith for executive_escalation before next outreach.,"Nelson DSS recommends, explains, and records human review. It does not automate customer decisions.",True
R9014,C000008,4249,Mary Butler,escalation_retention_case,executive_escalation,2026-05-06T00:00:00,Customer Success Lead,Escalate,Review Mary Butler for executive_escalation before next outreach.,"Nelson DSS recommends, explains, and records human review. It does not automate customer decisions.",True
R9015,C000008,4249,Mary Butler,escalation_retention_case,executive_escalation,2026-05-07T00:00:00,Customer Success Lead,Escalate,Review Mary Butler for executive_escalation before next outreach.,"Nelson DSS recommends, explains, and records human review. It does not automate customer decisions.",True
R9016,C000008,4249,Mary Butler,escalation_retention_case,executive_escalation,2026-05-08T00:00:00,Customer Success Lead,Escalate,Review Mary Butler for executive_escalation before next outreach.,"Nelson DSS recommends, explains, and records human review. It does not automate customer decisions.",True
R9017,C000009,5654,Jerry Smith,escalation_retention_case,executive_escalation,2026-05-06T00:00:00,Customer Success Lead,Escalate,Review Jerry Smith for executive_escalation before next outreach.,"Nelson DSS recommends, explains, and records human review. It does not automate customer decisions.",True
R9018,C000009,5654,Jerry Smith,escalation_retention_case,executive_escalation,2026-05-07T00:00:00,Customer Success Lead,Escalate,Review Jerry Smith for executive_escalation before next outreach.,"Nelson DSS recommends, explains, and records human review. It does not automate customer decisions.",True
R9019,C000009,5654,Jerry Smith,escalation_retention_case,executive_escalation,2026-05-08T00:00:00,Customer Success Lead,Escalate,Review Jerry Smith for executive_escalation before next outreach.,"Nelson DSS recommends, explains, and records human review. It does not automate customer decisions.",True
R9020,C000010,5624,Mary Mata,escalation_retention_case,executive_escalation,2026-05-06T00:00:00,Customer Success Lead,Escalate,Review Mary Mata for executive_escalation before next outreach.,"Nelson DSS recommends, explains, and records human review. It does not automate customer decisions.",True
R9021,C000010,5624,Mary Mata,escalation_retention_case,executive_escalation,2026-05-07T00:00:00,Customer Success Lead,Escalate,Review Mary Mata for executive_escalation before next outreach.,"Nelson DSS recommends, explains, and records human review. It does not automate customer decisions.",True
R9022,C000010,5624,Mary Mata,escalation_retention_case,executive_escalation,2026-05-08T00:00:00,Customer Success Lead,Escalate,Review Mary Mata for executive_escalation before next outreach.,"Nelson DSS recommends, explains, and records human review. It does not automate customer decisions.",True
R9023,C000011,5715,Kelly Smith,late_delivery_frustration,late_delivery_recovery,2026-05-06T00:00:00,Customer Success Lead,Monitor,Review Kelly Smith for late_delivery_recovery before next outreach.,"Nelson DSS recommends, explains, and records human review. It does not automate customer decisions.",True
R9024,C000012,1464,Amber Dixon,late_delivery_frustration,late_delivery_recovery,2026-05-06T00:00:00,Customer Success Lead,Monitor,Review Amber Dixon for late_delivery_recovery before next outreach.,"Nelson DSS recommends, explains, and records human review. It does not automate customer decisions.",True
R9025,C000013,10235,Joseph Singh,late_delivery_frustration,late_delivery_recovery,2026-05-06T00:00:00,Customer Success Lead,Monitor,Review Joseph Singh for late_delivery_recovery before next outreach.,"Nelson DSS recommends, explains, and records human review. It does not automate customer decisions.",True
R9026,C000014,664,Bobby Jimenez,late_delivery_frustration,late_delivery_recovery,2026-05-06T00:00:00,Customer Success Lead,Monitor,Review Bobby Jimenez for late_delivery_recovery before next outreach.,"Nelson DSS recommends, explains, and records human review. It does not automate customer decisions.",True
R9027,C000015,10351,Teresa Gray,escalation_retention_case,executive_escalation,2026-05-06T00:00:00,Customer Success Lead,Escalate,Review Teresa Gray for executive_escalation before next outreach.,"Nelson DSS recommends, explains, and records human review. It does not automate customer decisions.",True
R9028,C000015,10351,Teresa Gray,escalation_retention_case,executive_escalation,2026-05-07T00:00:00,Customer Success Lead,Escalate,Review Teresa Gray for executive_escalation before next outreach.,"Nelson DSS recommends, explains, and records human review. It does not automate customer decisions.",True
R9029,C000015,10351,Teresa Gray,escalation_retention_case,executive_escalation,2026-05-08T00:00:00,Customer Success Lead,Escalate,Review Teresa Gray for executive_escalation before next outreach.,"Nelson DSS recommends, explains, and records human review. It does not automate customer decisions.",True
R9030,C000016,2292,Ashley Smith,late_delivery_frustration,late_delivery_recovery,2026-05-06T00:00:00,Customer Success Lead,Monitor,Review Ashley Smith for late_delivery_recovery before next outreach.,"Nelson DSS recommends, explains, and records human review. It does not automate customer decisions.",True
R9031,C000017,4663,Paul Smith,late_delivery_frustration,late_delivery_recovery,2026-05-06T00:00:00,Customer Success Lead,Monitor,Review Paul Smith for late_delivery_recovery before next outreach.,"Nelson DSS recommends, explains, and records human review. It does not automate customer decisions.",True
R9032,C000018,3708,Judy Miller,late_delivery_frustration,late_delivery_recovery,2026-05-06T00:00:00,Customer Success Lead,Monitor,Review Judy Miller for late_delivery_recovery before next outreach.,"Nelson DSS recommends, explains, and records human review. It does not automate customer decisions.",True
R9033,C000019,12284,Mary Smith,escalation_retention_case,executive_escalation,2026-05-06T00:00:00,Customer Success Lead,Escalate,Review Mary Smith for executive_escalation before next outreach.,"Nelson DSS recommends, explains, and records human review. It does not automate customer decisions.",True
R9034,C000019,12284,Mary Smith,escalation_retention_case,executive_escalation,2026-05-07T00:00:00,Customer Success Lead,Escalate,Review Mary Smith for executive_escalation before next outreach.,"Nelson DSS recommends, explains, and records human review. It does not automate customer decisions.",True
R9035,C000019,12284,Mary Smith,escalation_retention_case,executive_escalation,2026-05-08T00:00:00,Customer Success Lead,Escalate,Review Mary Smith for executive_escalation before next outreach.,"Nelson DSS recommends, explains, and records human review. It does not automate customer decisions.",True
R9036,C000023,1443,Denise Cohen,escalation_retention_case,executive_escalation,2026-05-06T00:00:00,Customer Success Lead,Escalate,Review Denise Cohen for executive_escalation before next outreach.,"Nelson DSS recommends, explains, and records human review. It does not automate customer decisions.",True
R9037,C000023,1443,Denise Cohen,escalation_retention_case,executive_escalation,2026-05-07T00:00:00,Customer Success Lead,Escalate,Review Denise Cohen for executive_escalation before next outreach.,"Nelson DSS recommends, explains, and records human review. It does not automate customer decisions.",True
R9038,C000023,1443,Denise Cohen,escalation_retention_case,executive_escalation,2026-05-08T00:00:00,Customer Success Lead,Escalate,Review Denise Cohen for executive_escalation before next outreach.,"Nelson DSS recommends, explains, and records human review. It does not automate customer decisions.",True
R9039,C000024,6316,Kyle Smith,late_delivery_frustration,late_delivery_recovery,2026-05-06T00:00:00,Customer Success Lead,Monitor,Review Kyle Smith for late_delivery_recovery before next outreach.,"Nelson DSS recommends, explains, and records human review. It does not automate customer decisions.",True
R9040,C000025,12431,Mary Rios,late_delivery_frustration,late_delivery_recovery,2026-05-06T00:00:00,Customer Success Lead,Monitor,Review Mary Rios for late_delivery_recovery before next outreach.,"Nelson DSS recommends, explains, and records human review. It does not automate customer decisions.",True
R9041,C000028,1011,Mary Smith,escalation_retention_case,executive_escalation,2026-05-06T00:00:00,Customer Success Lead,Escalate,Review Mary Smith for executive_escalation before next outreach.,"Nelson DSS recommends, explains, and records human review. It does not automate customer decisions.",True
R9042,C000028,1011,Mary Smith,escalation_retention_case,executive_escalation,2026-05-07T00:00:00,Customer Success Lead,Escalate,Review Mary Smith for executive_escalation before next outreach.,"Nelson DSS recommends, explains, and records human review. It does not automate customer decisions.",True
R9043,C000028,1011,Mary Smith,escalation_retention_case,executive_escalation,2026-05-08T00:00:00,Customer Success Lead,Escalate,Review Mary Smith for executive_escalation before next outreach.,"Nelson DSS recommends, explains, and records human review. It does not automate customer decisions.",True
R9044,C000032,10591,Deborah Humphrey,escalation_retention_case,executive_escalation,2026-05-06T00:00:00,Customer Success Lead,Escalate,Review Deborah Humphrey for executive_escalation before next outreach.,"Nelson DSS recommends, explains, and records human review. It does not automate customer decisions.",True
R9045,C000032,10591,Deborah Humphrey,escalation_retention_case,executive_escalation,2026-05-07T00:00:00,Customer Success Lead,Escalate,Review Deborah Humphrey for executive_escalation before next outreach.,"Nelson DSS recommends, explains, and records human review. It does not automate customer decisions.",True
R9046,C000032,10591,Deborah Humphrey,escalation_retention_case,executive_escalation,2026-05-08T00:00:00,Customer Success Lead,Escalate,Review Deborah Humphrey for executive_escalation before next outreach.,"Nelson DSS recommends, explains, and records human review. It does not automate customer decisions.",True
R9047,C000034,9557,Mary Figueroa,escalation_retention_case,executive_escalation,2026-05-06T00:00:00,Customer Success Lead,Escalate,Review Mary Figueroa for executive_escalation before next outreach.,"Nelson DSS recommends, explains, and records human review. It does not automate customer decisions.",True
R9048,C000034,9557,Mary Figueroa,escalation_retention_case,executive_escalation,2026-05-07T00:00:00,Customer Success Lead,Escalate,Review Mary Figueroa for executive_escalation before next outreach.,"Nelson DSS recommends, explains, and records human review. It does not automate customer decisions.",True
R9049,C000034,9557,Mary Figueroa,escalation_retention_case,executive_escalation,2026-05-08T00:00:00,Customer Success Lead,Escalate,Review Mary Figueroa for executive_escalation before next outreach.,"Nelson DSS recommends, explains, and records human review. It does not automate customer decisions.",True
R9050,C000035,6375,Mary Smith,late_delivery_frustration,late_delivery_recovery,2026-05-06T00:00:00,Customer Success Lead,Monitor,Review Mary Smith for late_delivery_recovery before next outreach.,"Nelson DSS recommends, explains, and records human review. It does not automate customer decisions.",True
R9051,C000036,4781,Janet Smith,late_delivery_frustration,late_delivery_recovery,2026-05-06T00:00:00,Customer Success Lead,Monitor,Review Janet Smith for late_delivery_recovery before next outreach.,"Nelson DSS recommends, explains, and records human review. It does not automate customer decisions.",True
R9052,C000037,2723,Mary Brady,escalation_retention_case,executive_escalation,2026-05-06T00:00:00,Customer Success Lead,Escalate,Review Mary Brady for executive_escalation before next outreach.,"Nelson DSS recommends, explains, and records human review. It does not automate customer decisions.",True
R9053,C000037,2723,Mary Brady,escalation_retention_case,executive_escalation,2026-05-07T00:00:00,Customer Success Lead,Escalate,Review Mary Brady for executive_escalation before next outreach.,"Nelson DSS recommends, explains, and records human review. It does not automate customer decisions.",True
R9054,C000037,2723,Mary Brady,escalation_retention_case,executive_escalation,2026-05-08T00:00:00,Customer Success Lead,Escalate,Review Mary Brady for executive_escalation before next outreach.,"Nelson DSS recommends, explains, and records human review. It does not automate customer decisions.",True
R9055,C000038,11017,Rachel Prince,escalation_retention_case,executive_escalation,2026-05-06T00:00:00,Customer Success Lead,Escalate,Review Rachel Prince for executive_escalation before next outreach.,"Nelson DSS recommends, explains, and records human review. It does not automate customer decisions.",True
R9056,C000038,11017,Rachel Prince,escalation_retention_case,executive_escalation,2026-05-07T00:00:00,Customer Success Lead,Escalate,Review Rachel Prince for executive_escalation before next outreach.,"Nelson DSS recommends, explains, and records human review. It does not automate customer decisions.",True
R9057,C000038,11017,Rachel Prince,escalation_retention_case,executive_escalation,2026-05-08T00:00:00,Customer Success Lead,Escalate,Review Rachel Prince for executive_escalation before next outreach.,"Nelson DSS recommends, explains, and records human review. It does not automate customer decisions.",True
R9058,C000040,9271,Christopher Smith,escalation_retention_case,executive_escalation,2026-05-06T00:00:00,Customer Success Lead,Escalate,Review Christopher Smith for executive_escalation before next outreach.,"Nelson DSS recommends, explains, and records human review. It does not automate customer decisions.",True
R9059,C000040,9271,Christopher Smith,escalation_retention_case,executive_escalation,2026-05-07T00:00:00,Customer Success Lead,Escalate,Review Christopher Smith for executive_escalation before next outreach.,"Nelson DSS recommends, explains, and records human review. It does not automate customer decisions.",True
R9060,C000040,9271,Christopher Smith,escalation_retention_case,executive_escalation,2026-05-08T00:00:00,Customer Success Lead,Escalate,Review Christopher Smith for executive_escalation before next outreach.,"Nelson DSS recommends, explains, and records human review. It does not automate customer decisions.",True
R9061,C000041,12285,Patrick Mcgee,late_delivery_frustration,late_delivery_recovery,2026-05-06T00:00:00,Customer Success Lead,Monitor,Review Patrick Mcgee for late_delivery_recovery before next outreach.,"Nelson DSS recommends, explains, and records human review. It does not automate customer decisions.",True
R9062,C000042,8517,Debra Smith,late_delivery_frustration,late_delivery_recovery,2026-05-06T00:00:00,Customer Success Lead,Monitor,Review Debra Smith for late_delivery_recovery before next outreach.,"Nelson DSS recommends, explains, and records human review. It does not automate customer decisions.",True
R9063,C000043,7218,Mary Nguyen,late_delivery_frustration,late_delivery_recovery,2026-05-06T00:00:00,Customer Success Lead,Monitor,Review Mary Nguyen for late_delivery_recovery before next outreach.,"Nelson DSS recommends, explains, and records human review. It does not automate customer decisions.",True
R9064,C000044,749,Jesse Matthews,escalation_retention_case,executive_escalation,2026-05-06T00:00:00,Customer Success Lead,Escalate,Review Jesse Matthews for executive_escalation before next outreach.,"Nelson DSS recommends, explains, and records human review. It does not automate customer decisions.",True
R9065,C000044,749,Jesse Matthews,escalation_retention_case,executive_escalation,2026-05-07T00:00:00,Customer Success Lead,Escalate,Review Jesse Matthews for executive_escalation before next outreach.,"Nelson DSS recommends, explains, and records human review. It does not automate customer decisions.",True
R9066,C000044,749,Jesse Matthews,escalation_retention_case,executive_escalation,2026-05-08T00:00:00,Customer Success Lead,Escalate,Review Jesse Matthews for executive_escalation before next outreach.,"Nelson DSS recommends, explains, and records human review. It does not automate customer decisions.",True
R9067,C000046,1492,Gerald Patel,late_delivery_frustration,late_delivery_recovery,2026-05-06T00:00:00,Customer Success Lead,Monitor,Review Gerald Patel for late_delivery_recovery before next outreach.,"Nelson DSS recommends, explains, and records human review. It does not automate customer decisions.",True
R9068,C000047,5691,James Brown,late_delivery_frustration,late_delivery_recovery,2026-05-06T00:00:00,Customer Success Lead,Monitor,Review James Brown for late_delivery_recovery before next outreach.,"Nelson DSS recommends, explains, and records human review. It does not automate customer decisions.",True
R9069,C000048,5217,David Smith,late_delivery_frustration,late_delivery_recovery,2026-05-06T00:00:00,Customer Success Lead,Monitor,Review David Smith for late_delivery_recovery before next outreach.,"Nelson DSS recommends, explains, and records human review. It does not automate customer decisions.",True
R9070,C000051,341,Mary Smith,late_delivery_frustration,late_delivery_recovery,2026-05-06T00:00:00,Customer Success Lead,Monitor,Review Mary Smith for late_delivery_recovery before next outreach.,"Nelson DSS recommends, explains, and records human review. It does not automate customer decisions.",True
R9071,C000052,2484,Sarah Smith,late_delivery_frustration,late_delivery_recovery,2026-05-06T00:00:00,Customer Success Lead,Monitor,Review Sarah Smith for late_delivery_recovery before next outreach.,"Nelson DSS recommends, explains, and records human review. It does not automate customer decisions.",True
R9072,C000053,9883,Michelle Waters,escalation_retention_case,executive_escalation,2026-05-06T00:00:00,Customer Success Lead,Escalate,Review Michelle Waters for executive_escalation before next outreach.,"Nelson DSS recommends, explains, and records human review. It does not automate customer decisions.",True
R9073,C000053,9883,Michelle Waters,escalation_retention_case,executive_escalation,2026-05-07T00:00:00,Customer Success Lead,Escalate,Review Michelle Waters for executive_escalation before next outreach.,"Nelson DSS recommends, explains, and records human review. It does not automate customer decisions.",True
R9074,C000053,9883,Michelle Waters,escalation_retention_case,executive_escalation,2026-05-08T00:00:00,Customer Success Lead,Escalate,Review Michelle Waters for executive_escalation before next outreach.,"Nelson DSS recommends, explains, and records human review. It does not automate customer decisions.",True
R9075,C000054,9494,Robert Gilmore,escalation_retention_case,executive_escalation,2026-05-06T00:00:00,Customer Success Lead,Escalate,Review Robert Gilmore for executive_escalation before next outreach.,"Nelson DSS recommends, explains, and records human review. It does not automate customer decisions.",True
R9076,C000054,9494,Robert Gilmore,escalation_retention_case,executive_escalation,2026-05-07T00:00:00,Customer Success Lead,Escalate,Review Robert Gilmore for executive_escalation before next outreach.,"Nelson DSS recommends, explains, and records human review. It does not automate customer decisions.",True
R9077,C000054,9494,Robert Gilmore,escalation_retention_case,executive_escalation,2026-05-08T00:00:00,Customer Success Lead,Escalate,Review Robert Gilmore for executive_escalation before next outreach.,"Nelson DSS recommends, explains, and records human review. It does not automate customer decisions.",True
R9078,C000055,5283,Jacob Guerrero,late_delivery_frustration,late_delivery_recovery,2026-05-06T00:00:00,Customer Success Lead,Monitor,Review Jacob Guerrero for late_delivery_recovery before next outreach.,"Nelson DSS recommends, explains, and records human review. It does not automate customer decisions.",True
R9079,C000056,1695,Amanda Marquez,late_delivery_frustration,late_delivery_recovery,2026-05-06T00:00:00,Customer Success Lead,Monitor,Review Amanda Marquez for late_delivery_recovery before next outreach.,"Nelson DSS recommends, explains, and records human review. It does not automate customer decisions.",True
R9080,C000059,9962,Diana Smith,escalation_retention_case,executive_escalation,2026-05-06T00:00:00,Customer Success Lead,Escalate,Review Diana Smith for executive_escalation before next outreach.,"Nelson DSS recommends, explains, and records human review. It does not automate customer decisions.",True
R9081,C000059,9962,Diana Smith,escalation_retention_case,executive_escalation,2026-05-07T00:00:00,Customer Success Lead,Escalate,Review Diana Smith for executive_escalation before next outreach.,"Nelson DSS recommends, explains, and records human review. It does not automate customer decisions.",True
R9082,C000059,9962,Diana Smith,escalation_retention_case,executive_escalation,2026-05-08T00:00:00,Customer Success Lead,Escalate,Review Diana Smith for executive_escalation before next outreach.,"Nelson DSS recommends, explains, and records human review. It does not automate customer decisions.",True
R9083,C000060,5053,Mary Smith,late_delivery_frustration,late_delivery_recovery,2026-05-06T00:00:00,Customer Success Lead,Monitor,Review Mary Smith for late_delivery_recovery before next outreach.,"Nelson DSS recommends, explains, and records human review. It does not automate customer decisions.",True
R9084,C000061,773,Dylan Horton,escalation_retention_case,executive_escalation,2026-05-06T00:00:00,Customer Success Lead,Escalate,Review Dylan Horton for executive_escalation before next outreach.,"Nelson DSS recommends, explains, and records human review. It does not automate customer decisions.",True
R9085,C000061,773,Dylan Horton,escalation_retention_case,executive_escalation,2026-05-07T00:00:00,Customer Success Lead,Escalate,Review Dylan Horton for executive_escalation before next outreach.,"Nelson DSS recommends, explains, and records human review. It does not automate customer decisions.",True
R9086,C000061,773,Dylan Horton,escalation_retention_case,executive_escalation,2026-05-08T00:00:00,Customer Success Lead,Escalate,Review Dylan Horton for executive_escalation before next outreach.,"Nelson DSS recommends, explains, and records human review. It does not automate customer decisions.",True
R9087,C000062,11431,Willie Sanders,late_delivery_frustration,late_delivery_recovery,2026-05-06T00:00:00,Customer Success Lead,Monitor,Review Willie Sanders for late_delivery_recovery before next outreach.,"Nelson DSS recommends, explains, and records human review. It does not automate customer decisions.",True
R9088,C000065,11888,Frank Barrett,escalation_retention_case,executive_escalation,2026-05-06T00:00:00,Customer Success Lead,Escalate,Review Frank Barrett for executive_escalation before next outreach.,"Nelson DSS recommends, explains, and records human review. It does not automate customer decisions.",True
R9089,C000065,11888,Frank Barrett,escalation_retention_case,executive_escalation,2026-05-07T00:00:00,Customer Success Lead,Escalate,Review Frank Barrett for executive_escalation before next outreach.,"Nelson DSS recommends, explains, and records human review. It does not automate customer decisions.",True
R9090,C000065,11888,Frank Barrett,escalation_retention_case,executive_escalation,2026-05-08T00:00:00,Customer Success Lead,Escalate,Review Frank Barrett for executive_escalation before next outreach.,"Nelson DSS recommends, explains, and records human review. It does not automate customer decisions.",True
R9091,C000066,450,Kathryn Carter,late_delivery_frustration,late_delivery_recovery,2026-05-06T00:00:00,Customer Success Lead,Monitor,Review Kathryn Carter for late_delivery_recovery before next outreach.,"Nelson DSS recommends, explains, and records human review. It does not automate customer decisions.",True
R9092,C000067,9821,Deborah Smith,late_delivery_frustration,late_delivery_recovery,2026-05-06T00:00:00,Customer Success Lead,Monitor,Review Deborah Smith for late_delivery_recovery before next outreach.,"Nelson DSS recommends, explains, and records human review. It does not automate customer decisions.",True
R9093,C000068,5648,Joshua Smith,late_delivery_frustration,late_delivery_recovery,2026-05-06T00:00:00,Customer Success Lead,Monitor,Review Joshua Smith for late_delivery_recovery before next outreach.,"Nelson DSS recommends, explains, and records human review. It does not automate customer decisions.",True
R9094,C000069,1577,Mary Smith,late_delivery_frustration,late_delivery_recovery,2026-05-06T00:00:00,Customer Success Lead,Monitor,Review Mary Smith for late_delivery_recovery before next outreach.,"Nelson DSS recommends, explains, and records human review. It does not automate customer decisions.",True
R9095,C000070,10744,Samantha Smith,late_delivery_frustration,late_delivery_recovery,2026-05-06T00:00:00,Customer Success Lead,Monitor,Review Samantha Smith for late_delivery_recovery before next outreach.,"Nelson DSS recommends, explains, and records human review. It does not automate customer decisions.",True
R9096,C000071,5454,Mary Smith,late_delivery_frustration,late_delivery_recovery,2026-05-06T00:00:00,Customer Success Lead,Monitor,Review Mary Smith for late_delivery_recovery before next outreach.,"Nelson DSS recommends, explains, and records human review. It does not automate customer decisions.",True
R9097,C000072,6305,Mary Smith,late_delivery_frustration,late_delivery_recovery,2026-05-06T00:00:00,Customer Success Lead,Monitor,Review Mary Smith for late_delivery_recovery before next outreach.,"Nelson DSS recommends, explains, and records human review. It does not automate customer decisions.",True
R9098,C000074,11048,Randy Ball,escalation_retention_case,executive_escalation,2026-05-06T00:00:00,Customer Success Lead,Escalate,Review Randy Ball for executive_escalation before next outreach.,"Nelson DSS recommends, explains, and records human review. It does not automate customer decisions.",True
R9099,C000074,11048,Randy Ball,escalation_retention_case,executive_escalation,2026-05-07T00:00:00,Customer Success Lead,Escalate,Review Randy Ball for executive_escalation before next outreach.,"Nelson DSS recommends, explains, and records human review. It does not automate customer decisions.",True
R9100,C000074,11048,Randy Ball,escalation_retention_case,executive_escalation,2026-05-08T00:00:00,Customer Success Lead,Escalate,Review Randy Ball for executive_escalation before next outreach.,"Nelson DSS recommends, explains, and records human review. It does not automate customer decisions.",True
R9101,C000075,11768,Virginia Smith,late_delivery_frustration,late_delivery_recovery,2026-05-06T00:00:00,Customer Success Lead,Monitor,Review Virginia Smith for late_delivery_recovery before next outreach.,"Nelson DSS recommends, explains, and records human review. It does not automate customer decisions.",True
R9102,C000076,2970,Kenneth Smith,escalation_retention_case,executive_escalation,2026-05-06T00:00:00,Customer Success Lead,Escalate,Review Kenneth Smith for executive_escalation before next outreach.,"Nelson DSS recommends, explains, and records human review. It does not automate customer decisions.",True
R9103,C000076,2970,Kenneth Smith,escalation_retention_case,executive_escalation,2026-05-07T00:00:00,Customer Success Lead,Escalate,Review Kenneth Smith for executive_escalation before next outreach.,"Nelson DSS recommends, explains, and records human review. It does not automate customer decisions.",True
R9104,C000076,2970,Kenneth Smith,escalation_retention_case,executive_escalation,2026-05-08T00:00:00,Customer Success Lead,Escalate,Review Kenneth Smith for executive_escalation before next outreach.,"Nelson DSS recommends, explains, and records human review. It does not automate customer decisions.",True
R9105,C000077,2041,Paul Garcia,late_delivery_frustration,late_delivery_recovery,2026-05-06T00:00:00,Customer Success Lead,Monitor,Review Paul Garcia for late_delivery_recovery before next outreach.,"Nelson DSS recommends, explains, and records human review. It does not automate customer decisions.",True
R9106,C000078,468,Mary Stone,escalation_retention_case,executive_escalation,2026-05-06T00:00:00,Customer Success Lead,Escalate,Review Mary Stone for executive_escalation before next outreach.,"Nelson DSS recommends, explains, and records human review. It does not automate customer decisions.",True
R9107,C000078,468,Mary Stone,escalation_retention_case,executive_escalation,2026-05-07T00:00:00,Customer Success Lead,Escalate,Review Mary Stone for executive_escalation before next outreach.,"Nelson DSS recommends, explains, and records human review. It does not automate customer decisions.",True
R9108,C000078,468,Mary Stone,escalation_retention_case,executive_escalation,2026-05-08T00:00:00,Customer Success Lead,Escalate,Review Mary Stone for executive_escalation before next outreach.,"Nelson DSS recommends, explains, and records human review. It does not automate customer decisions.",True
R9109,C000079,5293,Michelle Callahan,escalation_retention_case,executive_escalation,2026-05-06T00:00:00,Customer Success Lead,Escalate,Review Michelle Callahan for executive_escalation before next outreach.,"Nelson DSS recommends, explains, and records human review. It does not automate customer decisions.",True
R9110,C000079,5293,Michelle Callahan,escalation_retention_case,executive_escalation,2026-05-07T00:00:00,Customer Success Lead,Escalate,Review Michelle Callahan for executive_escalation before next outreach.,"Nelson DSS recommends, explains, and records human review. It does not automate customer decisions.",True
R9111,C000079,5293,Michelle Callahan,escalation_retention_case,executive_escalation,2026-05-08T00:00:00,Customer Success Lead,Escalate,Review Michelle Callahan for executive_escalation before next outreach.,"Nelson DSS recommends, explains, and records human review. It does not automate customer decisions.",True
R9112,C000080,7445,Mary Smith,late_delivery_frustration,late_delivery_recovery,2026-05-06T00:00:00,Customer Success Lead,Monitor,Review Mary Smith for late_delivery_recovery before next outreach.,"Nelson DSS recommends, explains, and records human review. It does not automate customer decisions.",True
R9113,C000081,10291,Ann Smith,escalation_retention_case,executive_escalation,2026-05-06T00:00:00,Customer Success Lead,Escalate,Review Ann Smith for executive_escalation before next outreach.,"Nelson DSS recommends, explains, and records human review. It does not automate customer decisions.",True
R9114,C000081,10291,Ann Smith,escalation_retention_case,executive_escalation,2026-05-07T00:00:00,Customer Success Lead,Escalate,Review Ann Smith for executive_escalation before next outreach.,"Nelson DSS recommends, explains, and records human review. It does not automate customer decisions.",True
R9115,C000081,10291,Ann Smith,escalation_retention_case,executive_escalation,2026-05-08T00:00:00,Customer Success Lead,Escalate,Review Ann Smith for executive_escalation before next outreach.,"Nelson DSS recommends, explains, and records human review. It does not automate customer decisions.",True
R9116,C000083,9358,Mary Smith,late_delivery_frustration,late_delivery_recovery,2026-05-06T00:00:00,Customer Success Lead,Monitor,Review Mary Smith for late_delivery_recovery before next outreach.,"Nelson DSS recommends, explains, and records human review. It does not automate customer decisions.",True
R9117,C000084,6615,Mary Meadows,late_delivery_frustration,late_delivery_recovery,2026-05-06T00:00:00,Customer Success Lead,Monitor,Review Mary Meadows for late_delivery_recovery before next outreach.,"Nelson DSS recommends, explains, and records human review. It does not automate customer decisions.",True
R9118,C000086,3938,Mary Smith,late_delivery_frustration,late_delivery_recovery,2026-05-06T00:00:00,Customer Success Lead,Monitor,Review Mary Smith for late_delivery_recovery before next outreach.,"Nelson DSS recommends, explains, and records human review. It does not automate customer decisions.",True
R9119,C000087,3957,Thomas Smith,late_delivery_frustration,late_delivery_recovery,2026-05-06T00:00:00,Customer Success Lead,Monitor,Review Thomas Smith for late_delivery_recovery before next outreach.,"Nelson DSS recommends, explains, and records human review. It does not automate customer decisions.",True
R9120,C000088,3420,Kenneth Price,escalation_retention_case,executive_escalation,2026-05-06T00:00:00,Customer Success Lead,Escalate,Review Kenneth Price for executive_escalation before next outreach.,"Nelson DSS recommends, explains, and records human review. It does not automate customer decisions.",True
R9121,C000088,3420,Kenneth Price,escalation_retention_case,executive_escalation,2026-05-07T00:00:00,Customer Success Lead,Escalate,Review Kenneth Price for executive_escalation before next outreach.,"Nelson DSS recommends, explains, and records human review. It does not automate customer decisions.",True
R9122,C000088,3420,Kenneth Price,escalation_retention_case,executive_escalation,2026-05-08T00:00:00,Customer Success Lead,Escalate,Review Kenneth Price for executive_escalation before next outreach.,"Nelson DSS recommends, explains, and records human review. It does not automate customer decisions.",True
R9123,C000089,4116,Mary Smith,escalation_retention_case,executive_escalation,2026-05-06T00:00:00,Customer Success Lead,Escalate,Review Mary Smith for executive_escalation before next outreach.,"Nelson DSS recommends, explains, and records human review. It does not automate customer decisions.",True
R9124,C000089,4116,Mary Smith,escalation_retention_case,executive_escalation,2026-05-07T00:00:00,Customer Success Lead,Escalate,Review Mary Smith for executive_escalation before next outreach.,"Nelson DSS recommends, explains, and records human review. It does not automate customer decisions.",True
R9125,C000089,4116,Mary Smith,escalation_retention_case,executive_escalation,2026-05-08T00:00:00,Customer Success Lead,Escalate,Review Mary Smith for executive_escalation before next outreach.,"Nelson DSS recommends, explains, and records human review. It does not automate customer decisions.",True
R9126,C000090,9580,Mary Robbins,late_delivery_frustration,late_delivery_recovery,2026-05-06T00:00:00,Customer Success Lead,Monitor,Review Mary Robbins for late_delivery_recovery before next outreach.,"Nelson DSS recommends, explains, and records human review. It does not automate customer decisions.",True
R9127,C000092,7962,Justin Smith,escalation_retention_case,executive_escalation,2026-05-06T00:00:00,Customer Success Lead,Escalate,Review Justin Smith for executive_escalation before next outreach.,"Nelson DSS recommends, explains, and records human review. It does not automate customer decisions.",True
R9128,C000092,7962,Justin Smith,escalation_retention_case,executive_escalation,2026-05-07T00:00:00,Customer Success Lead,Escalate,Review Justin Smith for executive_escalation before next outreach.,"Nelson DSS recommends, explains, and records human review. It does not automate customer decisions.",True
R9129,C000092,7962,Justin Smith,escalation_retention_case,executive_escalation,2026-05-08T00:00:00,Customer Success Lead,Escalate,Review Justin Smith for executive_escalation before next outreach.,"Nelson DSS recommends, explains, and records human review. It does not automate customer decisions.",True
R9130,C000093,1540,Mary Mckee,late_delivery_frustration,late_delivery_recovery,2026-05-06T00:00:00,Customer Success Lead,Monitor,Review Mary Mckee for late_delivery_recovery before next outreach.,"Nelson DSS recommends, explains, and records human review. It does not automate customer decisions.",True
R9131,C000094,687,Ronald Harrison,late_delivery_frustration,late_delivery_recovery,2026-05-06T00:00:00,Customer Success Lead,Monitor,Review Ronald Harrison for late_delivery_recovery before next outreach.,"Nelson DSS recommends, explains, and records human review. It does not automate customer decisions.",True
R9132,C000097,11645,Mary Ward,escalation_retention_case,executive_escalation,2026-05-06T00:00:00,Customer Success Lead,Escalate,Review Mary Ward for executive_escalation before next outreach.,"Nelson DSS recommends, explains, and records human review. It does not automate customer decisions.",True
R9133,C000097,11645,Mary Ward,escalation_retention_case,executive_escalation,2026-05-07T00:00:00,Customer Success Lead,Escalate,Review Mary Ward for executive_escalation before next outreach.,"Nelson DSS recommends, explains, and records human review. It does not automate customer decisions.",True
R9134,C000097,11645,Mary Ward,escalation_retention_case,executive_escalation,2026-05-08T00:00:00,Customer Success Lead,Escalate,Review Mary Ward for executive_escalation before next outreach.,"Nelson DSS recommends, explains, and records human review. It does not automate customer decisions.",True
R9135,C000098,7670,Anna Smith,escalation_retention_case,executive_escalation,2026-05-06T00:00:00,Customer Success Lead,Escalate,Review Anna Smith for executive_escalation before next outreach.,"Nelson DSS recommends, explains, and records human review. It does not automate customer decisions.",True
R9136,C000098,7670,Anna Smith,escalation_retention_case,executive_escalation,2026-05-07T00:00:00,Customer Success Lead,Escalate,Review Anna Smith for executive_escalation before next outreach.,"Nelson DSS recommends, explains, and records human review. It does not automate customer decisions.",True
R9137,C000098,7670,Anna Smith,escalation_retention_case,executive_escalation,2026-05-08T00:00:00,Customer Success Lead,Escalate,Review Anna Smith for executive_escalation before next outreach.,"Nelson DSS recommends, explains, and records human review. It does not automate customer decisions.",True
R9138,C000099,2851,Mary Huffman,escalation_retention_case,executive_escalation,2026-05-06T00:00:00,Customer Success Lead,Escalate,Review Mary Huffman for executive_escalation before next outreach.,"Nelson DSS recommends, explains, and records human review. It does not automate customer decisions.",True
R9139,C000099,2851,Mary Huffman,escalation_retention_case,executive_escalation,2026-05-07T00:00:00,Customer Success Lead,Escalate,Review Mary Huffman for executive_escalation before next outreach.,"Nelson DSS recommends, explains, and records human review. It does not automate customer decisions.",True
R9140,C000099,2851,Mary Huffman,escalation_retention_case,executive_escalation,2026-05-08T00:00:00,Customer Success Lead,Escalate,Review Mary Huffman for executive_escalation before next outreach.,"Nelson DSS recommends, explains, and records human review. It does not automate customer decisions.",True
R9141,C000100,11378,Mary Foster,late_delivery_frustration,late_delivery_recovery,2026-05-06T00:00:00,Customer Success Lead,Monitor,Review Mary Foster for late_delivery_recovery before next outreach.,"Nelson DSS recommends, explains, and records human review. It does not automate customer decisions.",True
R9142,C000101,12226,Nicholas Smith,late_delivery_frustration,late_delivery_recovery,2026-05-06T00:00:00,Customer Success Lead,Monitor,Review Nicholas Smith for late_delivery_recovery before next outreach.,"Nelson DSS recommends, explains, and records human review. It does not automate customer decisions.",True
R9143,C000102,11344,Mary Sparks,late_delivery_frustration,late_delivery_recovery,2026-05-06T00:00:00,Customer Success Lead,Monitor,Review Mary Sparks for late_delivery_recovery before next outreach.,"Nelson DSS recommends, explains, and records human review. It does not automate customer decisions.",True
R9144,C000103,9337,Mary Smith,late_delivery_frustration,late_delivery_recovery,2026-05-06T00:00:00,Customer Success Lead,Monitor,Review Mary Smith for late_delivery_recovery before next outreach.,"Nelson DSS recommends, explains, and records human review. It does not automate customer decisions.",True
R9145,C000104,11654,Michelle Acosta,late_delivery_frustration,late_delivery_recovery,2026-05-06T00:00:00,Customer Success Lead,Monitor,Review Michelle Acosta for late_delivery_recovery before next outreach.,"Nelson DSS recommends, explains, and records human review. It does not automate customer decisions.",True
R9146,C000105,6285,Mary Garcia,late_delivery_frustration,late_delivery_recovery,2026-05-06T00:00:00,Customer Success Lead,Monitor,Review Mary Garcia for late_delivery_recovery before next outreach.,"Nelson DSS recommends, explains, and records human review. It does not automate customer decisions.",True
R9147,C000106,467,James Smith,late_delivery_frustration,late_delivery_recovery,2026-05-06T00:00:00,Customer Success Lead,Monitor,Review James Smith for late_delivery_recovery before next outreach.,"Nelson DSS recommends, explains, and records human review. It does not automate customer decisions.",True
R9148,C000107,9490,Mary Glass,escalation_retention_case,executive_escalation,2026-05-06T00:00:00,Customer Success Lead,Escalate,Review Mary Glass for executive_escalation before next outreach.,"Nelson DSS recommends, explains, and records human review. It does not automate customer decisions.",True
R9149,C000107,9490,Mary Glass,escalation_retention_case,executive_escalation,2026-05-07T00:00:00,Customer Success Lead,Escalate,Review Mary Glass for executive_escalation before next outreach.,"Nelson DSS recommends, explains, and records human review. It does not automate customer decisions.",True
R9150,C000107,9490,Mary Glass,escalation_retention_case,executive_escalation,2026-05-08T00:00:00,Customer Success Lead,Escalate,Review Mary Glass for executive_escalation before next outreach.,"Nelson DSS recommends, explains, and records human review. It does not automate customer decisions.",True
R9151,C000108,7417,Mary Soto,late_delivery_frustration,late_delivery_recovery,2026-05-06T00:00:00,Customer Success Lead,Monitor,Review Mary Soto for late_delivery_recovery before next outreach.,"Nelson DSS recommends, explains, and records human review. It does not automate customer decisions.",True
R9152,C000109,4812,Nathan Fritz,late_delivery_frustration,late_delivery_recovery,2026-05-06T00:00:00,Customer Success Lead,Monitor,Review Nathan Fritz for late_delivery_recovery before next outreach.,"Nelson DSS recommends, explains, and records human review. It does not automate customer decisions.",True
R9153,C000110,9697,Stephen Williams,late_delivery_frustration,late_delivery_recovery,2026-05-06T00:00:00,Customer Success Lead,Monitor,Review Stephen Williams for late_delivery_recovery before next outreach.,"Nelson DSS recommends, explains, and records human review. It does not automate customer decisions.",True
R9154,C000111,5828,Katherine Oconnell,late_delivery_frustration,late_delivery_recovery,2026-05-06T00:00:00,Customer Success Lead,Monitor,Review Katherine Oconnell for late_delivery_recovery before next outreach.,"Nelson DSS recommends, explains, and records human review. It does not automate customer decisions.",True
R9155,C000112,6050,Rebecca Arnold,late_delivery_frustration,late_delivery_recovery,2026-05-06T00:00:00,Customer Success Lead,Monitor,Review Rebecca Arnold for late_delivery_recovery before next outreach.,"Nelson DSS recommends, explains, and records human review. It does not automate customer decisions.",True
R9156,C000113,7954,Danielle Smith,late_delivery_frustration,late_delivery_recovery,2026-05-06T00:00:00,Customer Success Lead,Monitor,Review Danielle Smith for late_delivery_recovery before next outreach.,"Nelson DSS recommends, explains, and records human review. It does not automate customer decisions.",True
R9157,C000114,3979,Mary Wagner,late_delivery_frustration,late_delivery_recovery,2026-05-06T00:00:00,Customer Success Lead,Monitor,Review Mary Wagner for late_delivery_recovery before next outreach.,"Nelson DSS recommends, explains, and records human review. It does not automate customer decisions.",True
R9158,C000116,2813,Mary Smith,late_delivery_frustration,late_delivery_recovery,2026-05-06T00:00:00,Customer Success Lead,Monitor,Review Mary Smith for late_delivery_recovery before next outreach.,"Nelson DSS recommends, explains, and records human review. It does not automate customer decisions.",True
R9159,C000117,6696,Mary Spencer,late_delivery_frustration,late_delivery_recovery,2026-05-06T00:00:00,Customer Success Lead,Monitor,Review Mary Spencer for late_delivery_recovery before next outreach.,"Nelson DSS recommends, explains, and records human review. It does not automate customer decisions.",True
R9160,C000119,8015,Mary Blackburn,escalation_retention_case,executive_escalation,2026-05-06T00:00:00,Customer Success Lead,Escalate,Review Mary Blackburn for executive_escalation before next outreach.,"Nelson DSS recommends, explains, and records human review. It does not automate customer decisions.",True
R9161,C000119,8015,Mary Blackburn,escalation_retention_case,executive_escalation,2026-05-07T00:00:00,Customer Success Lead,Escalate,Review Mary Blackburn for executive_escalation before next outreach.,"Nelson DSS recommends, explains, and records human review. It does not automate customer decisions.",True
R9162,C000119,8015,Mary Blackburn,escalation_retention_case,executive_escalation,2026-05-08T00:00:00,Customer Success Lead,Escalate,Review Mary Blackburn for executive_escalation before next outreach.,"Nelson DSS recommends, explains, and records human review. It does not automate customer decisions.",True
R9163,C000121,3554,Michael Smith,late_delivery_frustration,late_delivery_recovery,2026-05-06T00:00:00,Customer Success Lead,Monitor,Review Michael Smith for late_delivery_recovery before next outreach.,"Nelson DSS recommends, explains, and records human review. It does not automate customer decisions.",True
R9164,C000122,8314,Angela Walsh,escalation_retention_case,executive_escalation,2026-05-06T00:00:00,Customer Success Lead,Escalate,Review Angela Walsh for executive_escalation before next outreach.,"Nelson DSS recommends, explains, and records human review. It does not automate customer decisions.",True
R9165,C000122,8314,Angela Walsh,escalation_retention_case,executive_escalation,2026-05-07T00:00:00,Customer Success Lead,Escalate,Review Angela Walsh for executive_escalation before next outreach.,"Nelson DSS recommends, explains, and records human review. It does not automate customer decisions.",True
R9166,C000122,8314,Angela Walsh,escalation_retention_case,executive_escalation,2026-05-08T00:00:00,Customer Success Lead,Escalate,Review Angela Walsh for executive_escalation before next outreach.,"Nelson DSS recommends, explains, and records human review. It does not automate customer decisions.",True
R9167,C000123,154,Emily May,late_delivery_frustration,late_delivery_recovery,2026-05-06T00:00:00,Customer Success Lead,Monitor,Review Emily May for late_delivery_recovery before next outreach.,"Nelson DSS recommends, explains, and records human review. It does not automate customer decisions.",True
R9168,C000124,10549,Mary Atkinson,late_delivery_frustration,late_delivery_recovery,2026-05-06T00:00:00,Customer Success Lead,Monitor,Review Mary Atkinson for late_delivery_recovery before next outreach.,"Nelson DSS recommends, explains, and records human review. It does not automate customer decisions.",True
R9169,C000125,3879,Melissa Davis,late_delivery_frustration,late_delivery_recovery,2026-05-06T00:00:00,Customer Success Lead,Monitor,Review Melissa Davis for late_delivery_recovery before next outreach.,"Nelson DSS recommends, explains, and records human review. It does not automate customer decisions.",True
R9170,C000127,4022,Mary Harding,escalation_retention_case,executive_escalation,2026-05-06T00:00:00,Customer Success Lead,Escalate,Review Mary Harding for executive_escalation before next outreach.,"Nelson DSS recommends, explains, and records human review. It does not automate customer decisions.",True
R9171,C000127,4022,Mary Harding,escalation_retention_case,executive_escalation,2026-05-07T00:00:00,Customer Success Lead,Escalate,Review Mary Harding for executive_escalation before next outreach.,"Nelson DSS recommends, explains, and records human review. It does not automate customer decisions.",True
R9172,C000127,4022,Mary Harding,escalation_retention_case,executive_escalation,2026-05-08T00:00:00,Customer Success Lead,Escalate,Review Mary Harding for executive_escalation before next outreach.,"Nelson DSS recommends, explains, and records human review. It does not automate customer decisions.",True
R9173,C000128,9743,David Smith,escalation_retention_case,executive_escalation,2026-05-06T00:00:00,Customer Success Lead,Escalate,Review David Smith for executive_escalation before next outreach.,"Nelson DSS recommends, explains, and records human review. It does not automate customer decisions.",True
R9174,C000128,9743,David Smith,escalation_retention_case,executive_escalation,2026-05-07T00:00:00,Customer Success Lead,Escalate,Review David Smith for executive_escalation before next outreach.,"Nelson DSS recommends, explains, and records human review. It does not automate customer decisions.",True
R9175,C000128,9743,David Smith,escalation_retention_case,executive_escalation,2026-05-08T00:00:00,Customer Success Lead,Escalate,Review David Smith for executive_escalation before next outreach.,"Nelson DSS recommends, explains, and records human review. It does not automate customer decisions.",True
R9176,C000129,3199,Ashley Hernandez,late_delivery_frustration,late_delivery_recovery,2026-05-06T00:00:00,Customer Success Lead,Monitor,Review Ashley Hernandez for late_delivery_recovery before next outreach.,"Nelson DSS recommends, explains, and records human review. It does not automate customer decisions.",True
R9177,C000130,12039,Mary Wilson,late_delivery_frustration,late_delivery_recovery,2026-05-06T00:00:00,Customer Success Lead,Monitor,Review Mary Wilson for late_delivery_recovery before next outreach.,"Nelson DSS recommends, explains, and records human review. It does not automate customer decisions.",True
R9178,C000131,2074,Mary Gross,late_delivery_frustration,late_delivery_recovery,2026-05-06T00:00:00,Customer Success Lead,Monitor,Review Mary Gross for late_delivery_recovery before next outreach.,"Nelson DSS recommends, explains, and records human review. It does not automate customer decisions.",True
R9179,C000132,11426,Mary Smith,late_delivery_frustration,late_delivery_recovery,2026-05-06T00:00:00,Customer Success Lead,Monitor,Review Mary Smith for late_delivery_recovery before next outreach.,"Nelson DSS recommends, explains, and records human review. It does not automate customer decisions.",True
R9180,C000133,11983,Mary Bell,late_delivery_frustration,late_delivery_recovery,2026-05-06T00:00:00,Customer Success Lead,Monitor,Review Mary Bell for late_delivery_recovery before next outreach.,"Nelson DSS recommends, explains, and records human review. It does not automate customer decisions.",True
R9181,C000136,8170,Rachel Smith,late_delivery_frustration,late_delivery_recovery,2026-05-06T00:00:00,Customer Success Lead,Monitor,Review Rachel Smith for late_delivery_recovery before next outreach.,"Nelson DSS recommends, explains, and records human review. It does not automate customer decisions.",True
R9182,C000137,5168,Mary Smith,escalation_retention_case,executive_escalation,2026-05-06T00:00:00,Customer Success Lead,Escalate,Review Mary Smith for executive_escalation before next outreach.,"Nelson DSS recommends, explains, and records human review. It does not automate customer decisions.",True
R9183,C000137,5168,Mary Smith,escalation_retention_case,executive_escalation,2026-05-07T00:00:00,Customer Success Lead,Escalate,Review Mary Smith for executive_escalation before next outreach.,"Nelson DSS recommends, explains, and records human review. It does not automate customer decisions.",True
R9184,C000137,5168,Mary Smith,escalation_retention_case,executive_escalation,2026-05-08T00:00:00,Customer Success Lead,Escalate,Review Mary Smith for executive_escalation before next outreach.,"Nelson DSS recommends, explains, and records human review. It does not automate customer decisions.",True
R9185,C000138,8964,Mary Berger,late_delivery_frustration,late_delivery_recovery,2026-05-06T00:00:00,Customer Success Lead,Monitor,Review Mary Berger for late_delivery_recovery before next outreach.,"Nelson DSS recommends, explains, and records human review. It does not automate customer decisions.",True
R9186,C000139,2224,Ann Mercado,escalation_retention_case,executive_escalation,2026-05-06T00:00:00,Customer Success Lead,Escalate,Review Ann Mercado for executive_escalation before next outreach.,"Nelson DSS recommends, explains, and records human review. It does not automate customer decisions.",True
R9187,C000139,2224,Ann Mercado,escalation_retention_case,executive_escalation,2026-05-07T00:00:00,Customer Success Lead,Escalate,Review Ann Mercado for executive_escalation before next outreach.,"Nelson DSS recommends, explains, and records human review. It does not automate customer decisions.",True
R9188,C000139,2224,Ann Mercado,escalation_retention_case,executive_escalation,2026-05-08T00:00:00,Customer Success Lead,Escalate,Review Ann Mercado for executive_escalation before next outreach.,"Nelson DSS recommends, explains, and records human review. It does not automate customer decisions.",True
R9189,C000142,3550,Mary Garner,late_delivery_frustration,late_delivery_recovery,2026-05-06T00:00:00,Customer Success Lead,Monitor,Review Mary Garner for late_delivery_recovery before next outreach.,"Nelson DSS recommends, explains, and records human review. It does not automate customer decisions.",True
R9190,C000143,7892,Michael Hayes,escalation_retention_case,executive_escalation,2026-05-06T00:00:00,Customer Success Lead,Escalate,Review Michael Hayes for executive_escalation before next outreach.,"Nelson DSS recommends, explains, and records human review. It does not automate customer decisions.",True
R9191,C000143,7892,Michael Hayes,escalation_retention_case,executive_escalation,2026-05-07T00:00:00,Customer Success Lead,Escalate,Review Michael Hayes for executive_escalation before next outreach.,"Nelson DSS recommends, explains, and records human review. It does not automate customer decisions.",True
R9192,C000143,7892,Michael Hayes,escalation_retention_case,executive_escalation,2026-05-08T00:00:00,Customer Success Lead,Escalate,Review Michael Hayes for executive_escalation before next outreach.,"Nelson DSS recommends, explains, and records human review. It does not automate customer decisions.",True
R9193,C000144,7358,Michael Simpson,late_delivery_frustration,late_delivery_recovery,2026-05-06T00:00:00,Customer Success Lead,Monitor,Review Michael Simpson for late_delivery_recovery before next outreach.,"Nelson DSS recommends, explains, and records human review. It does not automate customer decisions.",True
R9194,C000145,437,Cynthia Benjamin,late_delivery_frustration,late_delivery_recovery,2026-05-06T00:00:00,Customer Success Lead,Monitor,Review Cynthia Benjamin for late_delivery_recovery before next outreach.,"Nelson DSS recommends, explains, and records human review. It does not automate customer decisions.",True
R9195,C000148,1012,Mark Watts,escalation_retention_case,executive_escalation,2026-05-06T00:00:00,Customer Success Lead,Escalate,Review Mark Watts for executive_escalation before next outreach.,"Nelson DSS recommends, explains, and records human review. It does not automate customer decisions.",True
R9196,C000148,1012,Mark Watts,escalation_retention_case,executive_escalation,2026-05-07T00:00:00,Customer Success Lead,Escalate,Review Mark Watts for executive_escalation before next outreach.,"Nelson DSS recommends, explains, and records human review. It does not automate customer decisions.",True
R9197,C000148,1012,Mark Watts,escalation_retention_case,executive_escalation,2026-05-08T00:00:00,Customer Success Lead,Escalate,Review Mark Watts for executive_escalation before next outreach.,"Nelson DSS recommends, explains, and records human review. It does not automate customer decisions.",True
R9198,C000150,5173,Mary Smith,late_delivery_frustration,late_delivery_recovery,2026-05-06T00:00:00,Customer Success Lead,Monitor,Review Mary Smith for late_delivery_recovery before next outreach.,"Nelson DSS recommends, explains, and records human review. It does not automate customer decisions.",True
R9199,C000151,4491,Mary Banks,late_delivery_frustration,late_delivery_recovery,2026-05-06T00:00:00,Customer Success Lead,Monitor,Review Mary Banks for late_delivery_recovery before next outreach.,"Nelson DSS recommends, explains, and records human review. It does not automate customer decisions.",True
R9200,C000152,2113,David Smith,late_delivery_frustration,late_delivery_recovery,2026-05-06T00:00:00,Customer Success Lead,Monitor,Review David Smith for late_delivery_recovery before next outreach.,"Nelson DSS recommends, explains, and records human review. It does not automate customer decisions.",True
R9201,C000153,5371,Emma Robinson,escalation_retention_case,executive_escalation,2026-05-06T00:00:00,Customer Success Lead,Escalate,Review Emma Robinson for executive_escalation before next outreach.,"Nelson DSS recommends, explains, and records human review. It does not automate customer decisions.",True
R9202,C000153,5371,Emma Robinson,escalation_retention_case,executive_escalation,2026-05-07T00:00:00,Customer Success Lead,Escalate,Review Emma Robinson for executive_escalation before next outreach.,"Nelson DSS recommends, explains, and records human review. It does not automate customer decisions.",True
R9203,C000153,5371,Emma Robinson,escalation_retention_case,executive_escalation,2026-05-08T00:00:00,Customer Success Lead,Escalate,Review Emma Robinson for executive_escalation before next outreach.,"Nelson DSS recommends, explains, and records human review. It does not automate customer decisions.",True
R9204,C000154,1588,Mary Smith,late_delivery_frustration,late_delivery_recovery,2026-05-06T00:00:00,Customer Success Lead,Monitor,Review Mary Smith for late_delivery_recovery before next outreach.,"Nelson DSS recommends, explains, and records human review. It does not automate customer decisions.",True
R9205,C000155,9515,Victoria Smith,escalation_retention_case,executive_escalation,2026-05-06T00:00:00,Customer Success Lead,Escalate,Review Victoria Smith for executive_escalation before next outreach.,"Nelson DSS recommends, explains, and records human review. It does not automate customer decisions.",True
R9206,C000155,9515,Victoria Smith,escalation_retention_case,executive_escalation,2026-05-07T00:00:00,Customer Success Lead,Escalate,Review Victoria Smith for executive_escalation before next outreach.,"Nelson DSS recommends, explains, and records human review. It does not automate customer decisions.",True
R9207,C000155,9515,Victoria Smith,escalation_retention_case,executive_escalation,2026-05-08T00:00:00,Customer Success Lead,Escalate,Review Victoria Smith for executive_escalation before next outreach.,"Nelson DSS recommends, explains, and records human review. It does not automate customer decisions.",True
R9208,C000156,482,Megan Moreno,late_delivery_frustration,late_delivery_recovery,2026-05-06T00:00:00,Customer Success Lead,Monitor,Review Megan Moreno for late_delivery_recovery before next outreach.,"Nelson DSS recommends, explains, and records human review. It does not automate customer decisions.",True
R9209,C000158,6812,Sharon Smith,escalation_retention_case,executive_escalation,2026-05-06T00:00:00,Customer Success Lead,Escalate,Review Sharon Smith for executive_escalation before next outreach.,"Nelson DSS recommends, explains, and records human review. It does not automate customer decisions.",True
R9210,C000158,6812,Sharon Smith,escalation_retention_case,executive_escalation,2026-05-07T00:00:00,Customer Success Lead,Escalate,Review Sharon Smith for executive_escalation before next outreach.,"Nelson DSS recommends, explains, and records human review. It does not automate customer decisions.",True
R9211,C000158,6812,Sharon Smith,escalation_retention_case,executive_escalation,2026-05-08T00:00:00,Customer Success Lead,Escalate,Review Sharon Smith for executive_escalation before next outreach.,"Nelson DSS recommends, explains, and records human review. It does not automate customer decisions.",True
R9212,C000159,5493,Mary Cochran,escalation_retention_case,executive_escalation,2026-05-06T00:00:00,Customer Success Lead,Escalate,Review Mary Cochran for executive_escalation before next outreach.,"Nelson DSS recommends, explains, and records human review. It does not automate customer decisions.",True
R9213,C000159,5493,Mary Cochran,escalation_retention_case,executive_escalation,2026-05-07T00:00:00,Customer Success Lead,Escalate,Review Mary Cochran for executive_escalation before next outreach.,"Nelson DSS recommends, explains, and records human review. It does not automate customer decisions.",True
R9214,C000159,5493,Mary Cochran,escalation_retention_case,executive_escalation,2026-05-08T00:00:00,Customer Success Lead,Escalate,Review Mary Cochran for executive_escalation before next outreach.,"Nelson DSS recommends, explains, and records human review. It does not automate customer decisions.",True
R9215,C000160,5072,Jacob Smith,late_delivery_frustration,late_delivery_recovery,2026-05-06T00:00:00,Customer Success Lead,Monitor,Review Jacob Smith for late_delivery_recovery before next outreach.,"Nelson DSS recommends, explains, and records human review. It does not automate customer decisions.",True
R9216,C000162,3889,Mary Smith,escalation_retention_case,executive_escalation,2026-05-06T00:00:00,Customer Success Lead,Escalate,Review Mary Smith for executive_escalation before next outreach.,"Nelson DSS recommends, explains, and records human review. It does not automate customer decisions.",True
R9217,C000162,3889,Mary Smith,escalation_retention_case,executive_escalation,2026-05-07T00:00:00,Customer Success Lead,Escalate,Review Mary Smith for executive_escalation before next outreach.,"Nelson DSS recommends, explains, and records human review. It does not automate customer decisions.",True
R9218,C000162,3889,Mary Smith,escalation_retention_case,executive_escalation,2026-05-08T00:00:00,Customer Success Lead,Escalate,Review Mary Smith for executive_escalation before next outreach.,"Nelson DSS recommends, explains, and records human review. It does not automate customer decisions.",True
R9219,C000163,230,Kimberly Smith,escalation_retention_case,executive_escalation,2026-05-06T00:00:00,Customer Success Lead,Escalate,Review Kimberly Smith for executive_escalation before next outreach.,"Nelson DSS recommends, explains, and records human review. It does not automate customer decisions.",True
R9220,C000163,230,Kimberly Smith,escalation_retention_case,executive_escalation,2026-05-07T00:00:00,Customer Success Lead,Escalate,Review Kimberly Smith for executive_escalation before next outreach.,"Nelson DSS recommends, explains, and records human review. It does not automate customer decisions.",True
R9221,C000163,230,Kimberly Smith,escalation_retention_case,executive_escalation,2026-05-08T00:00:00,Customer Success Lead,Escalate,Review Kimberly Smith for executive_escalation before next outreach.,"Nelson DSS recommends, explains, and records human review. It does not automate customer decisions.",True
R9222,C000164,1025,Megan Todd,late_delivery_frustration,late_delivery_recovery,2026-05-06T00:00:00,Customer Success Lead,Monitor,Review Megan Todd for late_delivery_recovery before next outreach.,"Nelson DSS recommends, explains, and records human review. It does not automate customer decisions.",True
R9223,C000165,4539,Jacqueline James,late_delivery_frustration,late_delivery_recovery,2026-05-06T00:00:00,Customer Success Lead,Monitor,Review Jacqueline James for late_delivery_recovery before next outreach.,"Nelson DSS recommends, explains, and records human review. It does not automate customer decisions.",True
R9224,C000166,8820,Jessica Smith,late_delivery_frustration,late_delivery_recovery,2026-05-06T00:00:00,Customer Success Lead,Monitor,Review Jessica Smith for late_delivery_recovery before next outreach.,"Nelson DSS recommends, explains, and records human review. It does not automate customer decisions.",True
R9225,C000168,5867,Beverly Jackson,late_delivery_frustration,late_delivery_recovery,2026-05-06T00:00:00,Customer Success Lead,Monitor,Review Beverly Jackson for late_delivery_recovery before next outreach.,"Nelson DSS recommends, explains, and records human review. It does not automate customer decisions.",True
R9226,C000169,9073,Thomas Skinner,late_delivery_frustration,late_delivery_recovery,2026-05-06T00:00:00,Customer Success Lead,Monitor,Review Thomas Skinner for late_delivery_recovery before next outreach.,"Nelson DSS recommends, explains, and records human review. It does not automate customer decisions.",True
R9227,C000170,6303,Mary Smith,escalation_retention_case,executive_escalation,2026-05-06T00:00:00,Customer Success Lead,Escalate,Review Mary Smith for executive_escalation before next outreach.,"Nelson DSS recommends, explains, and records human review. It does not automate customer decisions.",True
R9228,C000170,6303,Mary Smith,escalation_retention_case,executive_escalation,2026-05-07T00:00:00,Customer Success Lead,Escalate,Review Mary Smith for executive_escalation before next outreach.,"Nelson DSS recommends, explains, and records human review. It does not automate customer decisions.",True
R9229,C000170,6303,Mary Smith,escalation_retention_case,executive_escalation,2026-05-08T00:00:00,Customer Success Lead,Escalate,Review Mary Smith for executive_escalation before next outreach.,"Nelson DSS recommends, explains, and records human review. It does not automate customer decisions.",True
R9230,C000171,58,Michael Edwards,escalation_retention_case,executive_escalation,2026-05-06T00:00:00,Customer Success Lead,Escalate,Review Michael Edwards for executive_escalation before next outreach.,"Nelson DSS recommends, explains, and records human review. It does not automate customer decisions.",True
R9231,C000171,58,Michael Edwards,escalation_retention_case,executive_escalation,2026-05-07T00:00:00,Customer Success Lead,Escalate,Review Michael Edwards for executive_escalation before next outreach.,"Nelson DSS recommends, explains, and records human review. It does not automate customer decisions.",True
R9232,C000171,58,Michael Edwards,escalation_retention_case,executive_escalation,2026-05-08T00:00:00,Customer Success Lead,Escalate,Review Michael Edwards for executive_escalation before next outreach.,"Nelson DSS recommends, explains, and records human review. It does not automate customer decisions.",True
R9233,C000173,1599,Andrew Smith,late_delivery_frustration,late_delivery_recovery,2026-05-06T00:00:00,Customer Success Lead,Monitor,Review Andrew Smith for late_delivery_recovery before next outreach.,"Nelson DSS recommends, explains, and records human review. It does not automate customer decisions.",True
R9234,C000174,9368,Mary Cabrera,escalation_retention_case,executive_escalation,2026-05-06T00:00:00,Customer Success Lead,Escalate,Review Mary Cabrera for executive_escalation before next outreach.,"Nelson DSS recommends, explains, and records human review. It does not automate customer decisions.",True
R9235,C000174,9368,Mary Cabrera,escalation_retention_case,executive_escalation,2026-05-07T00:00:00,Customer Success Lead,Escalate,Review Mary Cabrera for executive_escalation before next outreach.,"Nelson DSS recommends, explains, and records human review. It does not automate customer decisions.",True
R9236,C000174,9368,Mary Cabrera,escalation_retention_case,executive_escalation,2026-05-08T00:00:00,Customer Success Lead,Escalate,Review Mary Cabrera for executive_escalation before next outreach.,"Nelson DSS recommends, explains, and records human review. It does not automate customer decisions.",True
R9237,C000176,4627,Eric Lang,late_delivery_frustration,late_delivery_recovery,2026-05-06T00:00:00,Customer Success Lead,Monitor,Review Eric Lang for late_delivery_recovery before next outreach.,"Nelson DSS recommends, explains, and records human review. It does not automate customer decisions.",True
R9238,C000177,3259,Mary Gallegos,late_delivery_frustration,late_delivery_recovery,2026-05-06T00:00:00,Customer Success Lead,Monitor,Review Mary Gallegos for late_delivery_recovery before next outreach.,"Nelson DSS recommends, explains, and records human review. It does not automate customer decisions.",True
R9239,C000178,172,Lauren Rush,late_delivery_frustration,late_delivery_recovery,2026-05-06T00:00:00,Customer Success Lead,Monitor,Review Lauren Rush for late_delivery_recovery before next outreach.,"Nelson DSS recommends, explains, and records human review. It does not automate customer decisions.",True
R9240,C000180,5778,Evelyn Smith,escalation_retention_case,executive_escalation,2026-05-06T00:00:00,Customer Success Lead,Escalate,Review Evelyn Smith for executive_escalation before next outreach.,"Nelson DSS recommends, explains, and records human review. It does not automate customer decisions.",True
R9241,C000180,5778,Evelyn Smith,escalation_retention_case,executive_escalation,2026-05-07T00:00:00,Customer Success Lead,Escalate,Review Evelyn Smith for executive_escalation before next outreach.,"Nelson DSS recommends, explains, and records human review. It does not automate customer decisions.",True
R9242,C000180,5778,Evelyn Smith,escalation_retention_case,executive_escalation,2026-05-08T00:00:00,Customer Success Lead,Escalate,Review Evelyn Smith for executive_escalation before next outreach.,"Nelson DSS recommends, explains, and records human review. It does not automate customer decisions.",True
R9243,C000181,10111,Mary Garcia,escalation_retention_case,executive_escalation,2026-05-06T00:00:00,Customer Success Lead,Escalate,Review Mary Garcia for executive_escalation before next outreach.,"Nelson DSS recommends, explains, and records human review. It does not automate customer decisions.",True
R9244,C000181,10111,Mary Garcia,escalation_retention_case,executive_escalation,2026-05-07T00:00:00,Customer Success Lead,Escalate,Review Mary Garcia for executive_escalation before next outreach.,"Nelson DSS recommends, explains, and records human review. It does not automate customer decisions.",True
R9245,C000181,10111,Mary Garcia,escalation_retention_case,executive_escalation,2026-05-08T00:00:00,Customer Success Lead,Escalate,Review Mary Garcia for executive_escalation before next outreach.,"Nelson DSS recommends, explains, and records human review. It does not automate customer decisions.",True
R9246,C000183,7857,Jean Bentley,late_delivery_frustration,late_delivery_recovery,2026-05-06T00:00:00,Customer Success Lead,Monitor,Review Jean Bentley for late_delivery_recovery before next outreach.,"Nelson DSS recommends, explains, and records human review. It does not automate customer decisions.",True
R9247,C000184,1844,Teresa Smith,late_delivery_frustration,late_delivery_recovery,2026-05-06T00:00:00,Customer Success Lead,Monitor,Review Teresa Smith for late_delivery_recovery before next outreach.,"Nelson DSS recommends, explains, and records human review. It does not automate customer decisions.",True
R9248,C000185,6953,Benjamin Smith,escalation_retention_case,executive_escalation,2026-05-06T00:00:00,Customer Success Lead,Escalate,Review Benjamin Smith for executive_escalation before next outreach.,"Nelson DSS recommends, explains, and records human review. It does not automate customer decisions.",True
R9249,C000185,6953,Benjamin Smith,escalation_retention_case,executive_escalation,2026-05-07T00:00:00,Customer Success Lead,Escalate,Review Benjamin Smith for executive_escalation before next outreach.,"Nelson DSS recommends, explains, and records human review. It does not automate customer decisions.",True
R9250,C000185,6953,Benjamin Smith,escalation_retention_case,executive_escalation,2026-05-08T00:00:00,Customer Success Lead,Escalate,Review Benjamin Smith for executive_escalation before next outreach.,"Nelson DSS recommends, explains, and records human review. It does not automate customer decisions.",True
R9251,C000186,10601,Patrick Mayo,late_delivery_frustration,late_delivery_recovery,2026-05-06T00:00:00,Customer Success Lead,Monitor,Review Patrick Mayo for late_delivery_recovery before next outreach.,"Nelson DSS recommends, explains, and records human review. It does not automate customer decisions.",True
R9252,C000187,1537,Linda Murray,late_delivery_frustration,late_delivery_recovery,2026-05-06T00:00:00,Customer Success Lead,Monitor,Review Linda Murray for late_delivery_recovery before next outreach.,"Nelson DSS recommends, explains, and records human review. It does not automate customer decisions.",True
R9253,C000189,7597,Catherine Smith,late_delivery_frustration,late_delivery_recovery,2026-05-06T00:00:00,Customer Success Lead,Monitor,Review Catherine Smith for late_delivery_recovery before next outreach.,"Nelson DSS recommends, explains, and records human review. It does not automate customer decisions.",True
R9254,C000190,7717,Terry Smith,late_delivery_frustration,late_delivery_recovery,2026-05-06T00:00:00,Customer Success Lead,Monitor,Review Terry Smith for late_delivery_recovery before next outreach.,"Nelson DSS recommends, explains, and records human review. It does not automate customer decisions.",True
R9255,C000193,11132,Jonathan Washington,late_delivery_frustration,late_delivery_recovery,2026-05-06T00:00:00,Customer Success Lead,Monitor,Review Jonathan Washington for late_delivery_recovery before next outreach.,"Nelson DSS recommends, explains, and records human review. It does not automate customer decisions.",True
R9256,C000194,5560,Mary Rodriguez,late_delivery_frustration,late_delivery_recovery,2026-05-06T00:00:00,Customer Success Lead,Monitor,Review Mary Rodriguez for late_delivery_recovery before next outreach.,"Nelson DSS recommends, explains, and records human review. It does not automate customer decisions.",True
R9257,C000195,11337,Mary Howell,late_delivery_frustration,late_delivery_recovery,2026-05-06T00:00:00,Customer Success Lead,Monitor,Review Mary Howell for late_delivery_recovery before next outreach.,"Nelson DSS recommends, explains, and records human review. It does not automate customer decisions.",True
R9258,C000196,1148,Mary Anderson,late_delivery_frustration,late_delivery_recovery,2026-05-06T00:00:00,Customer Success Lead,Monitor,Review Mary Anderson for late_delivery_recovery before next outreach.,"Nelson DSS recommends, explains, and records human review. It does not automate customer decisions.",True
R9259,C000197,4394,Christopher Smith,late_delivery_frustration,late_delivery_recovery,2026-05-06T00:00:00,Customer Success Lead,Monitor,Review Christopher Smith for late_delivery_recovery before next outreach.,"Nelson DSS recommends, explains, and records human review. It does not automate customer decisions.",True
R9260,C000198,11534,Mary Kim,late_delivery_frustration,late_delivery_recovery,2026-05-06T00:00:00,Customer Success Lead,Monitor,Review Mary Kim for late_delivery_recovery before next outreach.,"Nelson DSS recommends, explains, and records human review. It does not automate customer decisions.",True
R9261,C000199,12406,Mary Michael,late_delivery_frustration,late_delivery_recovery,2026-05-06T00:00:00,Customer Success Lead,Monitor,Review Mary Michael for late_delivery_recovery before next outreach.,"Nelson DSS recommends, explains, and records human review. It does not automate customer decisions.",True
R9262,C000202,2197,Joseph Smith,late_delivery_frustration,late_delivery_recovery,2026-05-06T00:00:00,Customer Success Lead,Monitor,Review Joseph Smith for late_delivery_recovery before next outreach.,"Nelson DSS recommends, explains, and records human review. It does not automate customer decisions.",True
R9263,C000204,10699,Mary Lee,escalation_retention_case,executive_escalation,2026-05-06T00:00:00,Customer Success Lead,Escalate,Review Mary Lee for executive_escalation before next outreach.,"Nelson DSS recommends, explains, and records human review. It does not automate customer decisions.",True
R9264,C000204,10699,Mary Lee,escalation_retention_case,executive_escalation,2026-05-07T00:00:00,Customer Success Lead,Escalate,Review Mary Lee for executive_escalation before next outreach.,"Nelson DSS recommends, explains, and records human review. It does not automate customer decisions.",True
R9265,C000204,10699,Mary Lee,escalation_retention_case,executive_escalation,2026-05-08T00:00:00,Customer Success Lead,Escalate,Review Mary Lee for executive_escalation before next outreach.,"Nelson DSS recommends, explains, and records human review. It does not automate customer decisions.",True
R9266,C000205,9760,Mary Wolf,late_delivery_frustration,late_delivery_recovery,2026-05-06T00:00:00,Customer Success Lead,Monitor,Review Mary Wolf for late_delivery_recovery before next outreach.,"Nelson DSS recommends, explains, and records human review. It does not automate customer decisions.",True
R9267,C000207,1445,Linda Ortiz,late_delivery_frustration,late_delivery_recovery,2026-05-06T00:00:00,Customer Success Lead,Monitor,Review Linda Ortiz for late_delivery_recovery before next outreach.,"Nelson DSS recommends, explains, and records human review. It does not automate customer decisions.",True
R9268,C000208,8861,Mary Smith,late_delivery_frustration,late_delivery_recovery,2026-05-06T00:00:00,Customer Success Lead,Monitor,Review Mary Smith for late_delivery_recovery before next outreach.,"Nelson DSS recommends, explains, and records human review. It does not automate customer decisions.",True
R9269,C000209,7633,Emily Smith,late_delivery_frustration,late_delivery_recovery,2026-05-06T00:00:00,Customer Success Lead,Monitor,Review Emily Smith for late_delivery_recovery before next outreach.,"Nelson DSS recommends, explains, and records human review. It does not automate customer decisions.",True
R9270,C000210,6664,Mary Hall,late_delivery_frustration,late_delivery_recovery,2026-05-06T00:00:00,Customer Success Lead,Monitor,Review Mary Hall for late_delivery_recovery before next outreach.,"Nelson DSS recommends, explains, and records human review. It does not automate customer decisions.",True
R9271,C000211,11985,Jennifer Moss,escalation_retention_case,executive_escalation,2026-05-06T00:00:00,Customer Success Lead,Escalate,Review Jennifer Moss for executive_escalation before next outreach.,"Nelson DSS recommends, explains, and records human review. It does not automate customer decisions.",True
R9272,C000211,11985,Jennifer Moss,escalation_retention_case,executive_escalation,2026-05-07T00:00:00,Customer Success Lead,Escalate,Review Jennifer Moss for executive_escalation before next outreach.,"Nelson DSS recommends, explains, and records human review. It does not automate customer decisions.",True
R9273,C000211,11985,Jennifer Moss,escalation_retention_case,executive_escalation,2026-05-08T00:00:00,Customer Success Lead,Escalate,Review Jennifer Moss for executive_escalation before next outreach.,"Nelson DSS recommends, explains, and records human review. It does not automate customer decisions.",True
R9274,C000212,4659,Paul Smith,late_delivery_frustration,late_delivery_recovery,2026-05-06T00:00:00,Customer Success Lead,Monitor,Review Paul Smith for late_delivery_recovery before next outreach.,"Nelson DSS recommends, explains, and records human review. It does not automate customer decisions.",True
R9275,C000213,4530,Mary Smith,late_delivery_frustration,late_delivery_recovery,2026-05-06T00:00:00,Customer Success Lead,Monitor,Review Mary Smith for late_delivery_recovery before next outreach.,"Nelson DSS recommends, explains, and records human review. It does not automate customer decisions.",True
R9276,C000214,11887,Christopher Smith,escalation_retention_case,executive_escalation,2026-05-06T00:00:00,Customer Success Lead,Escalate,Review Christopher Smith for executive_escalation before next outreach.,"Nelson DSS recommends, explains, and records human review. It does not automate customer decisions.",True
R9277,C000214,11887,Christopher Smith,escalation_retention_case,executive_escalation,2026-05-07T00:00:00,Customer Success Lead,Escalate,Review Christopher Smith for executive_escalation before next outreach.,"Nelson DSS recommends, explains, and records human review. It does not automate customer decisions.",True
R9278,C000214,11887,Christopher Smith,escalation_retention_case,executive_escalation,2026-05-08T00:00:00,Customer Success Lead,Escalate,Review Christopher Smith for executive_escalation before next outreach.,"Nelson DSS recommends, explains, and records human review. It does not automate customer decisions.",True
R9279,C000215,5015,Mary Gutierrez,late_delivery_frustration,late_delivery_recovery,2026-05-06T00:00:00,Customer Success Lead,Monitor,Review Mary Gutierrez for late_delivery_recovery before next outreach.,"Nelson DSS recommends, explains, and records human review. It does not automate customer decisions.",True
R9280,C000216,7001,Mary Weeks,escalation_retention_case,executive_escalation,2026-05-06T00:00:00,Customer Success Lead,Escalate,Review Mary Weeks for executive_escalation before next outreach.,"Nelson DSS recommends, explains, and records human review. It does not automate customer decisions.",True
R9281,C000216,7001,Mary Weeks,escalation_retention_case,executive_escalation,2026-05-07T00:00:00,Customer Success Lead,Escalate,Review Mary Weeks for executive_escalation before next outreach.,"Nelson DSS recommends, explains, and records human review. It does not automate customer decisions.",True
R9282,C000216,7001,Mary Weeks,escalation_retention_case,executive_escalation,2026-05-08T00:00:00,Customer Success Lead,Escalate,Review Mary Weeks for executive_escalation before next outreach.,"Nelson DSS recommends, explains, and records human review. It does not automate customer decisions.",True
R9283,C000217,5875,Mary Rodgers,late_delivery_frustration,late_delivery_recovery,2026-05-06T00:00:00,Customer Success Lead,Monitor,Review Mary Rodgers for late_delivery_recovery before next outreach.,"Nelson DSS recommends, explains, and records human review. It does not automate customer decisions.",True
R9284,C000218,12221,Betty Sanchez,escalation_retention_case,executive_escalation,2026-05-06T00:00:00,Customer Success Lead,Escalate,Review Betty Sanchez for executive_escalation before next outreach.,"Nelson DSS recommends, explains, and records human review. It does not automate customer decisions.",True
R9285,C000218,12221,Betty Sanchez,escalation_retention_case,executive_escalation,2026-05-07T00:00:00,Customer Success Lead,Escalate,Review Betty Sanchez for executive_escalation before next outreach.,"Nelson DSS recommends, explains, and records human review. It does not automate customer decisions.",True
R9286,C000218,12221,Betty Sanchez,escalation_retention_case,executive_escalation,2026-05-08T00:00:00,Customer Success Lead,Escalate,Review Betty Sanchez for executive_escalation before next outreach.,"Nelson DSS recommends, explains, and records human review. It does not automate customer decisions.",True
R9287,C000219,7305,David Smith,late_delivery_frustration,late_delivery_recovery,2026-05-06T00:00:00,Customer Success Lead,Monitor,Review David Smith for late_delivery_recovery before next outreach.,"Nelson DSS recommends, explains, and records human review. It does not automate customer decisions.",True
R9288,C000220,2220,James Smith,escalation_retention_case,executive_escalation,2026-05-06T00:00:00,Customer Success Lead,Escalate,Review James Smith for executive_escalation before next outreach.,"Nelson DSS recommends, explains, and records human review. It does not automate customer decisions.",True
R9289,C000220,2220,James Smith,escalation_retention_case,executive_escalation,2026-05-07T00:00:00,Customer Success Lead,Escalate,Review James Smith for executive_escalation before next outreach.,"Nelson DSS recommends, explains, and records human review. It does not automate customer decisions.",True
R9290,C000220,2220,James Smith,escalation_retention_case,executive_escalation,2026-05-08T00:00:00,Customer Success Lead,Escalate,Review James Smith for executive_escalation before next outreach.,"Nelson DSS recommends, explains, and records human review. It does not automate customer decisions.",True
R9291,C000221,197,Ruth Smith,late_delivery_frustration,late_delivery_recovery,2026-05-06T00:00:00,Customer Success Lead,Monitor,Review Ruth Smith for late_delivery_recovery before next outreach.,"Nelson DSS recommends, explains, and records human review. It does not automate customer decisions.",True
R9292,C000222,11733,Christopher Chan,late_delivery_frustration,late_delivery_recovery,2026-05-06T00:00:00,Customer Success Lead,Monitor,Review Christopher Chan for late_delivery_recovery before next outreach.,"Nelson DSS recommends, explains, and records human review. It does not automate customer decisions.",True
R9293,C000223,6587,Heather Henson,late_delivery_frustration,late_delivery_recovery,2026-05-06T00:00:00,Customer Success Lead,Monitor,Review Heather Henson for late_delivery_recovery before next outreach.,"Nelson DSS recommends, explains, and records human review. It does not automate customer decisions.",True
R9294,C000224,1417,Rachel Smith,late_delivery_frustration,late_delivery_recovery,2026-05-06T00:00:00,Customer Success Lead,Monitor,Review Rachel Smith for late_delivery_recovery before next outreach.,"Nelson DSS recommends, explains, and records human review. It does not automate customer decisions.",True
R9295,C000225,8522,Mary Smith,late_delivery_frustration,late_delivery_recovery,2026-05-06T00:00:00,Customer Success Lead,Monitor,Review Mary Smith for late_delivery_recovery before next outreach.,"Nelson DSS recommends, explains, and records human review. It does not automate customer decisions.",True
R9296,C000226,3556,Mary Lane,late_delivery_frustration,late_delivery_recovery,2026-05-06T00:00:00,Customer Success Lead,Monitor,Review Mary Lane for late_delivery_recovery before next outreach.,"Nelson DSS recommends, explains, and records human review. It does not automate customer decisions.",True
R9297,C000227,11947,Mary Smith,escalation_retention_case,executive_escalation,2026-05-06T00:00:00,Customer Success Lead,Escalate,Review Mary Smith for executive_escalation before next outreach.,"Nelson DSS recommends, explains, and records human review. It does not automate customer decisions.",True
R9298,C000227,11947,Mary Smith,escalation_retention_case,executive_escalation,2026-05-07T00:00:00,Customer Success Lead,Escalate,Review Mary Smith for executive_escalation before next outreach.,"Nelson DSS recommends, explains, and records human review. It does not automate customer decisions.",True
R9299,C000227,11947,Mary Smith,escalation_retention_case,executive_escalation,2026-05-08T00:00:00,Customer Success Lead,Escalate,Review Mary Smith for executive_escalation before next outreach.,"Nelson DSS recommends, explains, and records human review. It does not automate customer decisions.",True
R9300,C000228,123,Mary Mann,late_delivery_frustration,late_delivery_recovery,2026-05-06T00:00:00,Customer Success Lead,Monitor,Review Mary Mann for late_delivery_recovery before next outreach.,"Nelson DSS recommends, explains, and records human review. It does not automate customer decisions.",True
R9301,C000229,2860,George Smith,late_delivery_frustration,late_delivery_recovery,2026-05-06T00:00:00,Customer Success Lead,Monitor,Review George Smith for late_delivery_recovery before next outreach.,"Nelson DSS recommends, explains, and records human review. It does not automate customer decisions.",True
R9302,C000230,5583,Mary Skinner,escalation_retention_case,executive_escalation,2026-05-06T00:00:00,Customer Success Lead,Escalate,Review Mary Skinner for executive_escalation before next outreach.,"Nelson DSS recommends, explains, and records human review. It does not automate customer decisions.",True
R9303,C000230,5583,Mary Skinner,escalation_retention_case,executive_escalation,2026-05-07T00:00:00,Customer Success Lead,Escalate,Review Mary Skinner for executive_escalation before next outreach.,"Nelson DSS recommends, explains, and records human review. It does not automate customer decisions.",True
R9304,C000230,5583,Mary Skinner,escalation_retention_case,executive_escalation,2026-05-08T00:00:00,Customer Success Lead,Escalate,Review Mary Skinner for executive_escalation before next outreach.,"Nelson DSS recommends, explains, and records human review. It does not automate customer decisions.",True
R9305,C000231,9502,Matthew Love,escalation_retention_case,executive_escalation,2026-05-06T00:00:00,Customer Success Lead,Escalate,Review Matthew Love for executive_escalation before next outreach.,"Nelson DSS recommends, explains, and records human review. It does not automate customer decisions.",True
R9306,C000231,9502,Matthew Love,escalation_retention_case,executive_escalation,2026-05-07T00:00:00,Customer Success Lead,Escalate,Review Matthew Love for executive_escalation before next outreach.,"Nelson DSS recommends, explains, and records human review. It does not automate customer decisions.",True
R9307,C000231,9502,Matthew Love,escalation_retention_case,executive_escalation,2026-05-08T00:00:00,Customer Success Lead,Escalate,Review Matthew Love for executive_escalation before next outreach.,"Nelson DSS recommends, explains, and records human review. It does not automate customer decisions.",True
R9308,C000233,221,Mary Cox,late_delivery_frustration,late_delivery_recovery,2026-05-06T00:00:00,Customer Success Lead,Monitor,Review Mary Cox for late_delivery_recovery before next outreach.,"Nelson DSS recommends, explains, and records human review. It does not automate customer decisions.",True
R9309,C000234,6101,Mary Smith,escalation_retention_case,executive_escalation,2026-05-06T00:00:00,Customer Success Lead,Escalate,Review Mary Smith for executive_escalation before next outreach.,"Nelson DSS recommends, explains, and records human review. It does not automate customer decisions.",True
R9310,C000234,6101,Mary Smith,escalation_retention_case,executive_escalation,2026-05-07T00:00:00,Customer Success Lead,Escalate,Review Mary Smith for executive_escalation before next outreach.,"Nelson DSS recommends, explains, and records human review. It does not automate customer decisions.",True
R9311,C000234,6101,Mary Smith,escalation_retention_case,executive_escalation,2026-05-08T00:00:00,Customer Success Lead,Escalate,Review Mary Smith for executive_escalation before next outreach.,"Nelson DSS recommends, explains, and records human review. It does not automate customer decisions.",True
R9312,C000235,7926,Bobby Castillo,late_delivery_frustration,late_delivery_recovery,2026-05-06T00:00:00,Customer Success Lead,Monitor,Review Bobby Castillo for late_delivery_recovery before next outreach.,"Nelson DSS recommends, explains, and records human review. It does not automate customer decisions.",True
R9313,C000236,1826,Matthew Smith,late_delivery_frustration,late_delivery_recovery,2026-05-06T00:00:00,Customer Success Lead,Monitor,Review Matthew Smith for late_delivery_recovery before next outreach.,"Nelson DSS recommends, explains, and records human review. It does not automate customer decisions.",True
R9314,C000237,938,Cheryl Smith,late_delivery_frustration,late_delivery_recovery,2026-05-06T00:00:00,Customer Success Lead,Monitor,Review Cheryl Smith for late_delivery_recovery before next outreach.,"Nelson DSS recommends, explains, and records human review. It does not automate customer decisions.",True
R9315,C000238,2330,Sharon Sellers,late_delivery_frustration,late_delivery_recovery,2026-05-06T00:00:00,Customer Success Lead,Monitor,Review Sharon Sellers for late_delivery_recovery before next outreach.,"Nelson DSS recommends, explains, and records human review. It does not automate customer decisions.",True
R9316,C000239,7273,Mary Smith,escalation_retention_case,executive_escalation,2026-05-06T00:00:00,Customer Success Lead,Escalate,Review Mary Smith for executive_escalation before next outreach.,"Nelson DSS recommends, explains, and records human review. It does not automate customer decisions.",True
R9317,C000239,7273,Mary Smith,escalation_retention_case,executive_escalation,2026-05-07T00:00:00,Customer Success Lead,Escalate,Review Mary Smith for executive_escalation before next outreach.,"Nelson DSS recommends, explains, and records human review. It does not automate customer decisions.",True
R9318,C000239,7273,Mary Smith,escalation_retention_case,executive_escalation,2026-05-08T00:00:00,Customer Success Lead,Escalate,Review Mary Smith for executive_escalation before next outreach.,"Nelson DSS recommends, explains, and records human review. It does not automate customer decisions.",True
R9319,C000240,1948,Peter Smith,late_delivery_frustration,late_delivery_recovery,2026-05-06T00:00:00,Customer Success Lead,Monitor,Review Peter Smith for late_delivery_recovery before next outreach.,"Nelson DSS recommends, explains, and records human review. It does not automate customer decisions.",True
R9320,C000241,7211,Kathleen Smith,late_delivery_frustration,late_delivery_recovery,2026-05-06T00:00:00,Customer Success Lead,Monitor,Review Kathleen Smith for late_delivery_recovery before next outreach.,"Nelson DSS recommends, explains, and records human review. It does not automate customer decisions.",True
R9321,C000242,685,Crystal Smith,escalation_retention_case,executive_escalation,2026-05-06T00:00:00,Customer Success Lead,Escalate,Review Crystal Smith for executive_escalation before next outreach.,"Nelson DSS recommends, explains, and records human review. It does not automate customer decisions.",True
R9322,C000242,685,Crystal Smith,escalation_retention_case,executive_escalation,2026-05-07T00:00:00,Customer Success Lead,Escalate,Review Crystal Smith for executive_escalation before next outreach.,"Nelson DSS recommends, explains, and records human review. It does not automate customer decisions.",True
R9323,C000242,685,Crystal Smith,escalation_retention_case,executive_escalation,2026-05-08T00:00:00,Customer Success Lead,Escalate,Review Crystal Smith for executive_escalation before next outreach.,"Nelson DSS recommends, explains, and records human review. It does not automate customer decisions.",True
R9324,C000243,9504,Mary Smith,late_delivery_frustration,late_delivery_recovery,2026-05-06T00:00:00,Customer Success Lead,Monitor,Review Mary Smith for late_delivery_recovery before next outreach.,"Nelson DSS recommends, explains, and records human review. It does not automate customer decisions.",True
R9325,C000244,5952,Jacob Smith,late_delivery_frustration,late_delivery_recovery,2026-05-06T00:00:00,Customer Success Lead,Monitor,Review Jacob Smith for late_delivery_recovery before next outreach.,"Nelson DSS recommends, explains, and records human review. It does not automate customer decisions.",True
R9326,C000245,1747,Mary Booker,escalation_retention_case,executive_escalation,2026-05-06T00:00:00,Customer Success Lead,Escalate,Review Mary Booker for executive_escalation before next outreach.,"Nelson DSS recommends, explains, and records human review. It does not automate customer decisions.",True
R9327,C000245,1747,Mary Booker,escalation_retention_case,executive_escalation,2026-05-07T00:00:00,Customer Success Lead,Escalate,Review Mary Booker for executive_escalation before next outreach.,"Nelson DSS recommends, explains, and records human review. It does not automate customer decisions.",True
R9328,C000245,1747,Mary Booker,escalation_retention_case,executive_escalation,2026-05-08T00:00:00,Customer Success Lead,Escalate,Review Mary Booker for executive_escalation before next outreach.,"Nelson DSS recommends, explains, and records human review. It does not automate customer decisions.",True
R9329,C000246,2773,Linda Hale,late_delivery_frustration,late_delivery_recovery,2026-05-06T00:00:00,Customer Success Lead,Monitor,Review Linda Hale for late_delivery_recovery before next outreach.,"Nelson DSS recommends, explains, and records human review. It does not automate customer decisions.",True
R9330,C000247,10375,Joan James,late_delivery_frustration,late_delivery_recovery,2026-05-06T00:00:00,Customer Success Lead,Monitor,Review Joan James for late_delivery_recovery before next outreach.,"Nelson DSS recommends, explains, and records human review. It does not automate customer decisions.",True
R9331,C000249,1426,Mary Conner,late_delivery_frustration,late_delivery_recovery,2026-05-06T00:00:00,Customer Success Lead,Monitor,Review Mary Conner for late_delivery_recovery before next outreach.,"Nelson DSS recommends, explains, and records human review. It does not automate customer decisions.",True
R9332,C000250,6660,Christine Smith,late_delivery_frustration,late_delivery_recovery,2026-05-06T00:00:00,Customer Success Lead,Monitor,Review Christine Smith for late_delivery_recovery before next outreach.,"Nelson DSS recommends, explains, and records human review. It does not automate customer decisions.",True
R9333,C000251,11218,Louis Novak,late_delivery_frustration,late_delivery_recovery,2026-05-06T00:00:00,Customer Success Lead,Monitor,Review Louis Novak for late_delivery_recovery before next outreach.,"Nelson DSS recommends, explains, and records human review. It does not automate customer decisions.",True
R9334,C000253,4460,Mary Smith,escalation_retention_case,executive_escalation,2026-05-06T00:00:00,Customer Success Lead,Escalate,Review Mary Smith for executive_escalation before next outreach.,"Nelson DSS recommends, explains, and records human review. It does not automate customer decisions.",True
R9335,C000253,4460,Mary Smith,escalation_retention_case,executive_escalation,2026-05-07T00:00:00,Customer Success Lead,Escalate,Review Mary Smith for executive_escalation before next outreach.,"Nelson DSS recommends, explains, and records human review. It does not automate customer decisions.",True
R9336,C000253,4460,Mary Smith,escalation_retention_case,executive_escalation,2026-05-08T00:00:00,Customer Success Lead,Escalate,Review Mary Smith for executive_escalation before next outreach.,"Nelson DSS recommends, explains, and records human review. It does not automate customer decisions.",True
R9337,C000254,11738,Samuel Bryan,late_delivery_frustration,late_delivery_recovery,2026-05-06T00:00:00,Customer Success Lead,Monitor,Review Samuel Bryan for late_delivery_recovery before next outreach.,"Nelson DSS recommends, explains, and records human review. It does not automate customer decisions.",True
R9338,C000255,11156,Jessica Valdez,late_delivery_frustration,late_delivery_recovery,2026-05-06T00:00:00,Customer Success Lead,Monitor,Review Jessica Valdez for late_delivery_recovery before next outreach.,"Nelson DSS recommends, explains, and records human review. It does not automate customer decisions.",True
R9339,C000256,11833,Mary Weaver,late_delivery_frustration,late_delivery_recovery,2026-05-06T00:00:00,Customer Success Lead,Monitor,Review Mary Weaver for late_delivery_recovery before next outreach.,"Nelson DSS recommends, explains, and records human review. It does not automate customer decisions.",True
R9340,C000258,8016,Patricia Smith,escalation_retention_case,executive_escalation,2026-05-06T00:00:00,Customer Success Lead,Escalate,Review Patricia Smith for executive_escalation before next outreach.,"Nelson DSS recommends, explains, and records human review. It does not automate customer decisions.",True
R9341,C000258,8016,Patricia Smith,escalation_retention_case,executive_escalation,2026-05-07T00:00:00,Customer Success Lead,Escalate,Review Patricia Smith for executive_escalation before next outreach.,"Nelson DSS recommends, explains, and records human review. It does not automate customer decisions.",True
R9342,C000258,8016,Patricia Smith,escalation_retention_case,executive_escalation,2026-05-08T00:00:00,Customer Success Lead,Escalate,Review Patricia Smith for executive_escalation before next outreach.,"Nelson DSS recommends, explains, and records human review. It does not automate customer decisions.",True
R9343,C000259,2389,Mary Smith,late_delivery_frustration,late_delivery_recovery,2026-05-06T00:00:00,Customer Success Lead,Monitor,Review Mary Smith for late_delivery_recovery before next outreach.,"Nelson DSS recommends, explains, and records human review. It does not automate customer decisions.",True
R9344,C000260,3303,Mary Robinson,escalation_retention_case,executive_escalation,2026-05-06T00:00:00,Customer Success Lead,Escalate,Review Mary Robinson for executive_escalation before next outreach.,"Nelson DSS recommends, explains, and records human review. It does not automate customer decisions.",True
R9345,C000260,3303,Mary Robinson,escalation_retention_case,executive_escalation,2026-05-07T00:00:00,Customer Success Lead,Escalate,Review Mary Robinson for executive_escalation before next outreach.,"Nelson DSS recommends, explains, and records human review. It does not automate customer decisions.",True
R9346,C000260,3303,Mary Robinson,escalation_retention_case,executive_escalation,2026-05-08T00:00:00,Customer Success Lead,Escalate,Review Mary Robinson for executive_escalation before next outreach.,"Nelson DSS recommends, explains, and records human review. It does not automate customer decisions.",True
R9347,C000261,6643,Nicholas Smith,escalation_retention_case,executive_escalation,2026-05-06T00:00:00,Customer Success Lead,Escalate,Review Nicholas Smith for executive_escalation before next outreach.,"Nelson DSS recommends, explains, and records human review. It does not automate customer decisions.",True
R9348,C000261,6643,Nicholas Smith,escalation_retention_case,executive_escalation,2026-05-07T00:00:00,Customer Success Lead,Escalate,Review Nicholas Smith for executive_escalation before next outreach.,"Nelson DSS recommends, explains, and records human review. It does not automate customer decisions.",True
R9349,C000261,6643,Nicholas Smith,escalation_retention_case,executive_escalation,2026-05-08T00:00:00,Customer Success Lead,Escalate,Review Nicholas Smith for executive_escalation before next outreach.,"Nelson DSS recommends, explains, and records human review. It does not automate customer decisions.",True
R9350,C000263,6137,Eric Smith,escalation_retention_case,executive_escalation,2026-05-06T00:00:00,Customer Success Lead,Escalate,Review Eric Smith for executive_escalation before next outreach.,"Nelson DSS recommends, explains, and records human review. It does not automate customer decisions.",True
R9351,C000263,6137,Eric Smith,escalation_retention_case,executive_escalation,2026-05-07T00:00:00,Customer Success Lead,Escalate,Review Eric Smith for executive_escalation before next outreach.,"Nelson DSS recommends, explains, and records human review. It does not automate customer decisions.",True
R9352,C000263,6137,Eric Smith,escalation_retention_case,executive_escalation,2026-05-08T00:00:00,Customer Success Lead,Escalate,Review Eric Smith for executive_escalation before next outreach.,"Nelson DSS recommends, explains, and records human review. It does not automate customer decisions.",True
R9353,C000264,10610,Nancy Bryant,late_delivery_frustration,late_delivery_recovery,2026-05-06T00:00:00,Customer Success Lead,Monitor,Review Nancy Bryant for late_delivery_recovery before next outreach.,"Nelson DSS recommends, explains, and records human review. It does not automate customer decisions.",True
R9354,C000265,9928,Mary Smith,escalation_retention_case,executive_escalation,2026-05-06T00:00:00,Customer Success Lead,Escalate,Review Mary Smith for executive_escalation before next outreach.,"Nelson DSS recommends, explains, and records human review. It does not automate customer decisions.",True
R9355,C000265,9928,Mary Smith,escalation_retention_case,executive_escalation,2026-05-07T00:00:00,Customer Success Lead,Escalate,Review Mary Smith for executive_escalation before next outreach.,"Nelson DSS recommends, explains, and records human review. It does not automate customer decisions.",True
R9356,C000265,9928,Mary Smith,escalation_retention_case,executive_escalation,2026-05-08T00:00:00,Customer Success Lead,Escalate,Review Mary Smith for executive_escalation before next outreach.,"Nelson DSS recommends, explains, and records human review. It does not automate customer decisions.",True
R9357,C000266,7789,Mary Sullivan,late_delivery_frustration,late_delivery_recovery,2026-05-06T00:00:00,Customer Success Lead,Monitor,Review Mary Sullivan for late_delivery_recovery before next outreach.,"Nelson DSS recommends, explains, and records human review. It does not automate customer decisions.",True
R9358,C000270,6474,Madison Smith,escalation_retention_case,executive_escalation,2026-05-06T00:00:00,Customer Success Lead,Escalate,Review Madison Smith for executive_escalation before next outreach.,"Nelson DSS recommends, explains, and records human review. It does not automate customer decisions.",True
R9359,C000270,6474,Madison Smith,escalation_retention_case,executive_escalation,2026-05-07T00:00:00,Customer Success Lead,Escalate,Review Madison Smith for executive_escalation before next outreach.,"Nelson DSS recommends, explains, and records human review. It does not automate customer decisions.",True
R9360,C000270,6474,Madison Smith,escalation_retention_case,executive_escalation,2026-05-08T00:00:00,Customer Success Lead,Escalate,Review Madison Smith for executive_escalation before next outreach.,"Nelson DSS recommends, explains, and records human review. It does not automate customer decisions.",True
R9361,C000271,6213,Michael Richardson,late_delivery_frustration,late_delivery_recovery,2026-05-06T00:00:00,Customer Success Lead,Monitor,Review Michael Richardson for late_delivery_recovery before next outreach.,"Nelson DSS recommends, explains, and records human review. It does not automate customer decisions.",True
R9362,C000272,8652,Kenneth Newman,late_delivery_frustration,late_delivery_recovery,2026-05-06T00:00:00,Customer Success Lead,Monitor,Review Kenneth Newman for late_delivery_recovery before next outreach.,"Nelson DSS recommends, explains, and records human review. It does not automate customer decisions.",True
R9363,C000273,2303,Brittany Smith,late_delivery_frustration,late_delivery_recovery,2026-05-06T00:00:00,Customer Success Lead,Monitor,Review Brittany Smith for late_delivery_recovery before next outreach.,"Nelson DSS recommends, explains, and records human review. It does not automate customer decisions.",True
R9364,C000274,11931,Elizabeth Howell,late_delivery_frustration,late_delivery_recovery,2026-05-06T00:00:00,Customer Success Lead,Monitor,Review Elizabeth Howell for late_delivery_recovery before next outreach.,"Nelson DSS recommends, explains, and records human review. It does not automate customer decisions.",True
R9365,C000275,5477,Mary Smith,escalation_retention_case,executive_escalation,2026-05-06T00:00:00,Customer Success Lead,Escalate,Review Mary Smith for executive_escalation before next outreach.,"Nelson DSS recommends, explains, and records human review. It does not automate customer decisions.",True
R9366,C000275,5477,Mary Smith,escalation_retention_case,executive_escalation,2026-05-07T00:00:00,Customer Success Lead,Escalate,Review Mary Smith for executive_escalation before next outreach.,"Nelson DSS recommends, explains, and records human review. It does not automate customer decisions.",True
R9367,C000275,5477,Mary Smith,escalation_retention_case,executive_escalation,2026-05-08T00:00:00,Customer Success Lead,Escalate,Review Mary Smith for executive_escalation before next outreach.,"Nelson DSS recommends, explains, and records human review. It does not automate customer decisions.",True
R9368,C000278,4599,Mary Smith,escalation_retention_case,executive_escalation,2026-05-06T00:00:00,Customer Success Lead,Escalate,Review Mary Smith for executive_escalation before next outreach.,"Nelson DSS recommends, explains, and records human review. It does not automate customer decisions.",True
R9369,C000278,4599,Mary Smith,escalation_retention_case,executive_escalation,2026-05-07T00:00:00,Customer Success Lead,Escalate,Review Mary Smith for executive_escalation before next outreach.,"Nelson DSS recommends, explains, and records human review. It does not automate customer decisions.",True
R9370,C000278,4599,Mary Smith,escalation_retention_case,executive_escalation,2026-05-08T00:00:00,Customer Success Lead,Escalate,Review Mary Smith for executive_escalation before next outreach.,"Nelson DSS recommends, explains, and records human review. It does not automate customer decisions.",True
R9371,C000279,8052,Pamela Smith,escalation_retention_case,executive_escalation,2026-05-06T00:00:00,Customer Success Lead,Escalate,Review Pamela Smith for executive_escalation before next outreach.,"Nelson DSS recommends, explains, and records human review. It does not automate customer decisions.",True
R9372,C000279,8052,Pamela Smith,escalation_retention_case,executive_escalation,2026-05-07T00:00:00,Customer Success Lead,Escalate,Review Pamela Smith for executive_escalation before next outreach.,"Nelson DSS recommends, explains, and records human review. It does not automate customer decisions.",True
R9373,C000279,8052,Pamela Smith,escalation_retention_case,executive_escalation,2026-05-08T00:00:00,Customer Success Lead,Escalate,Review Pamela Smith for executive_escalation before next outreach.,"Nelson DSS recommends, explains, and records human review. It does not automate customer decisions.",True
R9374,C000280,4588,Melissa Rosario,late_delivery_frustration,late_delivery_recovery,2026-05-06T00:00:00,Customer Success Lead,Monitor,Review Melissa Rosario for late_delivery_recovery before next outreach.,"Nelson DSS recommends, explains, and records human review. It does not automate customer decisions.",True
R9375,C000281,1285,Ruth Petersen,late_delivery_frustration,late_delivery_recovery,2026-05-06T00:00:00,Customer Success Lead,Monitor,Review Ruth Petersen for late_delivery_recovery before next outreach.,"Nelson DSS recommends, explains, and records human review. It does not automate customer decisions.",True
R9376,C000282,5491,Sharon Smith,escalation_retention_case,executive_escalation,2026-05-06T00:00:00,Customer Success Lead,Escalate,Review Sharon Smith for executive_escalation before next outreach.,"Nelson DSS recommends, explains, and records human review. It does not automate customer decisions.",True
R9377,C000282,5491,Sharon Smith,escalation_retention_case,executive_escalation,2026-05-07T00:00:00,Customer Success Lead,Escalate,Review Sharon Smith for executive_escalation before next outreach.,"Nelson DSS recommends, explains, and records human review. It does not automate customer decisions.",True
R9378,C000282,5491,Sharon Smith,escalation_retention_case,executive_escalation,2026-05-08T00:00:00,Customer Success Lead,Escalate,Review Sharon Smith for executive_escalation before next outreach.,"Nelson DSS recommends, explains, and records human review. It does not automate customer decisions.",True
R9379,C000283,8380,Brittany Smith,escalation_retention_case,executive_escalation,2026-05-06T00:00:00,Customer Success Lead,Escalate,Review Brittany Smith for executive_escalation before next outreach.,"Nelson DSS recommends, explains, and records human review. It does not automate customer decisions.",True
R9380,C000283,8380,Brittany Smith,escalation_retention_case,executive_escalation,2026-05-07T00:00:00,Customer Success Lead,Escalate,Review Brittany Smith for executive_escalation before next outreach.,"Nelson DSS recommends, explains, and records human review. It does not automate customer decisions.",True
R9381,C000283,8380,Brittany Smith,escalation_retention_case,executive_escalation,2026-05-08T00:00:00,Customer Success Lead,Escalate,Review Brittany Smith for executive_escalation before next outreach.,"Nelson DSS recommends, explains, and records human review. It does not automate customer decisions.",True
R9382,C000284,3031,Carol Smith,escalation_retention_case,executive_escalation,2026-05-06T00:00:00,Customer Success Lead,Escalate,Review Carol Smith for executive_escalation before next outreach.,"Nelson DSS recommends, explains, and records human review. It does not automate customer decisions.",True
R9383,C000284,3031,Carol Smith,escalation_retention_case,executive_escalation,2026-05-07T00:00:00,Customer Success Lead,Escalate,Review Carol Smith for executive_escalation before next outreach.,"Nelson DSS recommends, explains, and records human review. It does not automate customer decisions.",True
R9384,C000284,3031,Carol Smith,escalation_retention_case,executive_escalation,2026-05-08T00:00:00,Customer Success Lead,Escalate,Review Carol Smith for executive_escalation before next outreach.,"Nelson DSS recommends, explains, and records human review. It does not automate customer decisions.",True
R9385,C000285,12094,Mary Smith,late_delivery_frustration,late_delivery_recovery,2026-05-06T00:00:00,Customer Success Lead,Monitor,Review Mary Smith for late_delivery_recovery before next outreach.,"Nelson DSS recommends, explains, and records human review. It does not automate customer decisions.",True
R9386,C000286,11112,Jessica Cowan,late_delivery_frustration,late_delivery_recovery,2026-05-06T00:00:00,Customer Success Lead,Monitor,Review Jessica Cowan for late_delivery_recovery before next outreach.,"Nelson DSS recommends, explains, and records human review. It does not automate customer decisions.",True
R9387,C000287,1824,Julia Tucker,late_delivery_frustration,late_delivery_recovery,2026-05-06T00:00:00,Customer Success Lead,Monitor,Review Julia Tucker for late_delivery_recovery before next outreach.,"Nelson DSS recommends, explains, and records human review. It does not automate customer decisions.",True
R9388,C000288,5519,Deborah Archer,late_delivery_frustration,late_delivery_recovery,2026-05-06T00:00:00,Customer Success Lead,Monitor,Review Deborah Archer for late_delivery_recovery before next outreach.,"Nelson DSS recommends, explains, and records human review. It does not automate customer decisions.",True
R9389,C000289,6893,Deborah Smith,late_delivery_frustration,late_delivery_recovery,2026-05-06T00:00:00,Customer Success Lead,Monitor,Review Deborah Smith for late_delivery_recovery before next outreach.,"Nelson DSS recommends, explains, and records human review. It does not automate customer decisions.",True
R9390,C000291,5138,William Rivera,late_delivery_frustration,late_delivery_recovery,2026-05-06T00:00:00,Customer Success Lead,Monitor,Review William Rivera for late_delivery_recovery before next outreach.,"Nelson DSS recommends, explains, and records human review. It does not automate customer decisions.",True
R9391,C000292,10707,Mary Hansen,escalation_retention_case,executive_escalation,2026-05-06T00:00:00,Customer Success Lead,Escalate,Review Mary Hansen for executive_escalation before next outreach.,"Nelson DSS recommends, explains, and records human review. It does not automate customer decisions.",True
R9392,C000292,10707,Mary Hansen,escalation_retention_case,executive_escalation,2026-05-07T00:00:00,Customer Success Lead,Escalate,Review Mary Hansen for executive_escalation before next outreach.,"Nelson DSS recommends, explains, and records human review. It does not automate customer decisions.",True
R9393,C000292,10707,Mary Hansen,escalation_retention_case,executive_escalation,2026-05-08T00:00:00,Customer Success Lead,Escalate,Review Mary Hansen for executive_escalation before next outreach.,"Nelson DSS recommends, explains, and records human review. It does not automate customer decisions.",True
R9394,C000293,10761,David Smith,escalation_retention_case,executive_escalation,2026-05-06T00:00:00,Customer Success Lead,Escalate,Review David Smith for executive_escalation before next outreach.,"Nelson DSS recommends, explains, and records human review. It does not automate customer decisions.",True
R9395,C000293,10761,David Smith,escalation_retention_case,executive_escalation,2026-05-07T00:00:00,Customer Success Lead,Escalate,Review David Smith for executive_escalation before next outreach.,"Nelson DSS recommends, explains, and records human review. It does not automate customer decisions.",True
R9396,C000293,10761,David Smith,escalation_retention_case,executive_escalation,2026-05-08T00:00:00,Customer Success Lead,Escalate,Review David Smith for executive_escalation before next outreach.,"Nelson DSS recommends, explains, and records human review. It does not automate customer decisions.",True
R9397,C000294,1578,Lisa Harper,escalation_retention_case,executive_escalation,2026-05-06T00:00:00,Customer Success Lead,Escalate,Review Lisa Harper for executive_escalation before next outreach.,"Nelson DSS recommends, explains, and records human review. It does not automate customer decisions.",True
R9398,C000294,1578,Lisa Harper,escalation_retention_case,executive_escalation,2026-05-07T00:00:00,Customer Success Lead,Escalate,Review Lisa Harper for executive_escalation before next outreach.,"Nelson DSS recommends, explains, and records human review. It does not automate customer decisions.",True
R9399,C000294,1578,Lisa Harper,escalation_retention_case,executive_escalation,2026-05-08T00:00:00,Customer Success Lead,Escalate,Review Lisa Harper for executive_escalation before next outreach.,"Nelson DSS recommends, explains, and records human review. It does not automate customer decisions.",True
R9400,C000295,8511,Mary Smith,late_delivery_frustration,late_delivery_recovery,2026-05-06T00:00:00,Customer Success Lead,Monitor,Review Mary Smith for late_delivery_recovery before next outreach.,"Nelson DSS recommends, explains, and records human review. It does not automate customer decisions.",True
R9401,C000296,7664,Brandon Walker,late_delivery_frustration,late_delivery_recovery,2026-05-06T00:00:00,Customer Success Lead,Monitor,Review Brandon Walker for late_delivery_recovery before next outreach.,"Nelson DSS recommends, explains, and records human review. It does not automate customer decisions.",True
R9402,C000297,1636,Julie Petersen,escalation_retention_case,executive_escalation,2026-05-06T00:00:00,Customer Success Lead,Escalate,Review Julie Petersen for executive_escalation before next outreach.,"Nelson DSS recommends, explains, and records human review. It does not automate customer decisions.",True
R9403,C000297,1636,Julie Petersen,escalation_retention_case,executive_escalation,2026-05-07T00:00:00,Customer Success Lead,Escalate,Review Julie Petersen for executive_escalation before next outreach.,"Nelson DSS recommends, explains, and records human review. It does not automate customer decisions.",True
R9404,C000297,1636,Julie Petersen,escalation_retention_case,executive_escalation,2026-05-08T00:00:00,Customer Success Lead,Escalate,Review Julie Petersen for executive_escalation before next outreach.,"Nelson DSS recommends, explains, and records human review. It does not automate customer decisions.",True
R9405,C000298,9107,Mark Nunez,late_delivery_frustration,late_delivery_recovery,2026-05-06T00:00:00,Customer Success Lead,Monitor,Review Mark Nunez for late_delivery_recovery before next outreach.,"Nelson DSS recommends, explains, and records human review. It does not automate customer decisions.",True
R9406,C000299,7060,Virginia Carroll,late_delivery_frustration,late_delivery_recovery,2026-05-06T00:00:00,Customer Success Lead,Monitor,Review Virginia Carroll for late_delivery_recovery before next outreach.,"Nelson DSS recommends, explains, and records human review. It does not automate customer decisions.",True
R9407,C000300,9597,Lori Perez,escalation_retention_case,executive_escalation,2026-05-06T00:00:00,Customer Success Lead,Escalate,Review Lori Perez for executive_escalation before next outreach.,"Nelson DSS recommends, explains, and records human review. It does not automate customer decisions.",True
R9408,C000300,9597,Lori Perez,escalation_retention_case,executive_escalation,2026-05-07T00:00:00,Customer Success Lead,Escalate,Review Lori Perez for executive_escalation before next outreach.,"Nelson DSS recommends, explains, and records human review. It does not automate customer decisions.",True
R9409,C000300,9597,Lori Perez,escalation_retention_case,executive_escalation,2026-05-08T00:00:00,Customer Success Lead,Escalate,Review Lori Perez for executive_escalation before next outreach.,"Nelson DSS recommends, explains, and records human review. It does not automate customer decisions.",True
R9410,C000301,7435,Susan Smith,escalation_retention_case,executive_escalation,2026-05-06T00:00:00,Customer Success Lead,Escalate,Review Susan Smith for executive_escalation before next outreach.,"Nelson DSS recommends, explains, and records human review. It does not automate customer decisions.",True
R9411,C000301,7435,Susan Smith,escalation_retention_case,executive_escalation,2026-05-07T00:00:00,Customer Success Lead,Escalate,Review Susan Smith for executive_escalation before next outreach.,"Nelson DSS recommends, explains, and records human review. It does not automate customer decisions.",True
R9412,C000301,7435,Susan Smith,escalation_retention_case,executive_escalation,2026-05-08T00:00:00,Customer Success Lead,Escalate,Review Susan Smith for executive_escalation before next outreach.,"Nelson DSS recommends, explains, and records human review. It does not automate customer decisions.",True
R9413,C000303,8078,Janet Thomas,escalation_retention_case,executive_escalation,2026-05-06T00:00:00,Customer Success Lead,Escalate,Review Janet Thomas for executive_escalation before next outreach.,"Nelson DSS recommends, explains, and records human review. It does not automate customer decisions.",True
R9414,C000303,8078,Janet Thomas,escalation_retention_case,executive_escalation,2026-05-07T00:00:00,Customer Success Lead,Escalate,Review Janet Thomas for executive_escalation before next outreach.,"Nelson DSS recommends, explains, and records human review. It does not automate customer decisions.",True
R9415,C000303,8078,Janet Thomas,escalation_retention_case,executive_escalation,2026-05-08T00:00:00,Customer Success Lead,Escalate,Review Janet Thomas for executive_escalation before next outreach.,"Nelson DSS recommends, explains, and records human review. It does not automate customer decisions.",True
R9416,C000304,5321,Robert Rowe,late_delivery_frustration,late_delivery_recovery,2026-05-06T00:00:00,Customer Success Lead,Monitor,Review Robert Rowe for late_delivery_recovery before next outreach.,"Nelson DSS recommends, explains, and records human review. It does not automate customer decisions.",True
R9417,C000306,6130,Donald Rodriguez,late_delivery_frustration,late_delivery_recovery,2026-05-06T00:00:00,Customer Success Lead,Monitor,Review Donald Rodriguez for late_delivery_recovery before next outreach.,"Nelson DSS recommends, explains, and records human review. It does not automate customer decisions.",True
R9418,C000307,3781,Richard Lara,late_delivery_frustration,late_delivery_recovery,2026-05-06T00:00:00,Customer Success Lead,Monitor,Review Richard Lara for late_delivery_recovery before next outreach.,"Nelson DSS recommends, explains, and records human review. It does not automate customer decisions.",True
R9419,C000308,8664,Mary Smith,late_delivery_frustration,late_delivery_recovery,2026-05-06T00:00:00,Customer Success Lead,Monitor,Review Mary Smith for late_delivery_recovery before next outreach.,"Nelson DSS recommends, explains, and records human review. It does not automate customer decisions.",True
R9420,C000310,9740,Mary Smith,late_delivery_frustration,late_delivery_recovery,2026-05-06T00:00:00,Customer Success Lead,Monitor,Review Mary Smith for late_delivery_recovery before next outreach.,"Nelson DSS recommends, explains, and records human review. It does not automate customer decisions.",True
R9421,C000312,8071,Gary Baker,late_delivery_frustration,late_delivery_recovery,2026-05-06T00:00:00,Customer Success Lead,Monitor,Review Gary Baker for late_delivery_recovery before next outreach.,"Nelson DSS recommends, explains, and records human review. It does not automate customer decisions.",True
R9422,C000313,4454,Robert Smith,late_delivery_frustration,late_delivery_recovery,2026-05-06T00:00:00,Customer Success Lead,Monitor,Review Robert Smith for late_delivery_recovery before next outreach.,"Nelson DSS recommends, explains, and records human review. It does not automate customer decisions.",True
R9423,C000315,1979,Kimberly Kramer,late_delivery_frustration,late_delivery_recovery,2026-05-06T00:00:00,Customer Success Lead,Monitor,Review Kimberly Kramer for late_delivery_recovery before next outreach.,"Nelson DSS recommends, explains, and records human review. It does not automate customer decisions.",True
R9424,C000316,9833,Jacob Smith,late_delivery_frustration,late_delivery_recovery,2026-05-06T00:00:00,Customer Success Lead,Monitor,Review Jacob Smith for late_delivery_recovery before next outreach.,"Nelson DSS recommends, explains, and records human review. It does not automate customer decisions.",True
R9425,C000317,4290,Lori Davis,late_delivery_frustration,late_delivery_recovery,2026-05-06T00:00:00,Customer Success Lead,Monitor,Review Lori Davis for late_delivery_recovery before next outreach.,"Nelson DSS recommends, explains, and records human review. It does not automate customer decisions.",True
R9426,C000318,11884,Evelyn Contreras,late_delivery_frustration,late_delivery_recovery,2026-05-06T00:00:00,Customer Success Lead,Monitor,Review Evelyn Contreras for late_delivery_recovery before next outreach.,"Nelson DSS recommends, explains, and records human review. It does not automate customer decisions.",True
R9427,C000319,3983,Mary Smith,late_delivery_frustration,late_delivery_recovery,2026-05-06T00:00:00,Customer Success Lead,Monitor,Review Mary Smith for late_delivery_recovery before next outreach.,"Nelson DSS recommends, explains, and records human review. It does not automate customer decisions.",True
R9428,C000321,1664,Mary Arnold,late_delivery_frustration,late_delivery_recovery,2026-05-06T00:00:00,Customer Success Lead,Monitor,Review Mary Arnold for late_delivery_recovery before next outreach.,"Nelson DSS recommends, explains, and records human review. It does not automate customer decisions.",True
R9429,C000322,5752,Barbara Smith,late_delivery_frustration,late_delivery_recovery,2026-05-06T00:00:00,Customer Success Lead,Monitor,Review Barbara Smith for late_delivery_recovery before next outreach.,"Nelson DSS recommends, explains, and records human review. It does not automate customer decisions.",True
R9430,C000323,4980,Mary Wilson,escalation_retention_case,executive_escalation,2026-05-06T00:00:00,Customer Success Lead,Escalate,Review Mary Wilson for executive_escalation before next outreach.,"Nelson DSS recommends, explains, and records human review. It does not automate customer decisions.",True
R9431,C000323,4980,Mary Wilson,escalation_retention_case,executive_escalation,2026-05-07T00:00:00,Customer Success Lead,Escalate,Review Mary Wilson for executive_escalation before next outreach.,"Nelson DSS recommends, explains, and records human review. It does not automate customer decisions.",True
R9432,C000323,4980,Mary Wilson,escalation_retention_case,executive_escalation,2026-05-08T00:00:00,Customer Success Lead,Escalate,Review Mary Wilson for executive_escalation before next outreach.,"Nelson DSS recommends, explains, and records human review. It does not automate customer decisions.",True
R9433,C000324,3800,Shawn Smith,late_delivery_frustration,late_delivery_recovery,2026-05-06T00:00:00,Customer Success Lead,Monitor,Review Shawn Smith for late_delivery_recovery before next outreach.,"Nelson DSS recommends, explains, and records human review. It does not automate customer decisions.",True
R9434,C000325,291,John Smith,escalation_retention_case,executive_escalation,2026-05-06T00:00:00,Customer Success Lead,Escalate,Review John Smith for executive_escalation before next outreach.,"Nelson DSS recommends, explains, and records human review. It does not automate customer decisions.",True
R9435,C000325,291,John Smith,escalation_retention_case,executive_escalation,2026-05-07T00:00:00,Customer Success Lead,Escalate,Review John Smith for executive_escalation before next outreach.,"Nelson DSS recommends, explains, and records human review. It does not automate customer decisions.",True
R9436,C000325,291,John Smith,escalation_retention_case,executive_escalation,2026-05-08T00:00:00,Customer Success Lead,Escalate,Review John Smith for executive_escalation before next outreach.,"Nelson DSS recommends, explains, and records human review. It does not automate customer decisions.",True
R9437,C000326,10185,Austin Buck,late_delivery_frustration,late_delivery_recovery,2026-05-06T00:00:00,Customer Success Lead,Monitor,Review Austin Buck for late_delivery_recovery before next outreach.,"Nelson DSS recommends, explains, and records human review. It does not automate customer decisions.",True
R9438,C000327,7190,Mary Mckinney,escalation_retention_case,executive_escalation,2026-05-06T00:00:00,Customer Success Lead,Escalate,Review Mary Mckinney for executive_escalation before next outreach.,"Nelson DSS recommends, explains, and records human review. It does not automate customer decisions.",True
R9439,C000327,7190,Mary Mckinney,escalation_retention_case,executive_escalation,2026-05-07T00:00:00,Customer Success Lead,Escalate,Review Mary Mckinney for executive_escalation before next outreach.,"Nelson DSS recommends, explains, and records human review. It does not automate customer decisions.",True
R9440,C000327,7190,Mary Mckinney,escalation_retention_case,executive_escalation,2026-05-08T00:00:00,Customer Success Lead,Escalate,Review Mary Mckinney for executive_escalation before next outreach.,"Nelson DSS recommends, explains, and records human review. It does not automate customer decisions.",True
R9441,C000328,4697,Kathryn Singh,escalation_retention_case,executive_escalation,2026-05-06T00:00:00,Customer Success Lead,Escalate,Review Kathryn Singh for executive_escalation before next outreach.,"Nelson DSS recommends, explains, and records human review. It does not automate customer decisions.",True
R9442,C000328,4697,Kathryn Singh,escalation_retention_case,executive_escalation,2026-05-07T00:00:00,Customer Success Lead,Escalate,Review Kathryn Singh for executive_escalation before next outreach.,"Nelson DSS recommends, explains, and records human review. It does not automate customer decisions.",True
R9443,C000328,4697,Kathryn Singh,escalation_retention_case,executive_escalation,2026-05-08T00:00:00,Customer Success Lead,Escalate,Review Kathryn Singh for executive_escalation before next outreach.,"Nelson DSS recommends, explains, and records human review. It does not automate customer decisions.",True
R9444,C000329,3735,Mary Lewis,late_delivery_frustration,late_delivery_recovery,2026-05-06T00:00:00,Customer Success Lead,Monitor,Review Mary Lewis for late_delivery_recovery before next outreach.,"Nelson DSS recommends, explains, and records human review. It does not automate customer decisions.",True
R9445,C000330,2462,Lawrence Kent,escalation_retention_case,executive_escalation,2026-05-06T00:00:00,Customer Success Lead,Escalate,Review Lawrence Kent for executive_escalation before next outreach.,"Nelson DSS recommends, explains, and records human review. It does not automate customer decisions.",True
R9446,C000330,2462,Lawrence Kent,escalation_retention_case,executive_escalation,2026-05-07T00:00:00,Customer Success Lead,Escalate,Review Lawrence Kent for executive_escalation before next outreach.,"Nelson DSS recommends, explains, and records human review. It does not automate customer decisions.",True
R9447,C000330,2462,Lawrence Kent,escalation_retention_case,executive_escalation,2026-05-08T00:00:00,Customer Success Lead,Escalate,Review Lawrence Kent for executive_escalation before next outreach.,"Nelson DSS recommends, explains, and records human review. It does not automate customer decisions.",True
R9448,C000331,8524,Ruth Farrell,late_delivery_frustration,late_delivery_recovery,2026-05-06T00:00:00,Customer Success Lead,Monitor,Review Ruth Farrell for late_delivery_recovery before next outreach.,"Nelson DSS recommends, explains, and records human review. It does not automate customer decisions.",True
R9449,C000332,697,Harold Pratt,late_delivery_frustration,late_delivery_recovery,2026-05-06T00:00:00,Customer Success Lead,Monitor,Review Harold Pratt for late_delivery_recovery before next outreach.,"Nelson DSS recommends, explains, and records human review. It does not automate customer decisions.",True
R9450,C000334,8847,Ruth Brown,late_delivery_frustration,late_delivery_recovery,2026-05-06T00:00:00,Customer Success Lead,Monitor,Review Ruth Brown for late_delivery_recovery before next outreach.,"Nelson DSS recommends, explains, and records human review. It does not automate customer decisions.",True
R9451,C000335,12205,Roy Smith,late_delivery_frustration,late_delivery_recovery,2026-05-06T00:00:00,Customer Success Lead,Monitor,Review Roy Smith for late_delivery_recovery before next outreach.,"Nelson DSS recommends, explains, and records human review. It does not automate customer decisions.",True
R9452,C000336,2537,Mary Smith,escalation_retention_case,executive_escalation,2026-05-06T00:00:00,Customer Success Lead,Escalate,Review Mary Smith for executive_escalation before next outreach.,"Nelson DSS recommends, explains, and records human review. It does not automate customer decisions.",True
R9453,C000336,2537,Mary Smith,escalation_retention_case,executive_escalation,2026-05-07T00:00:00,Customer Success Lead,Escalate,Review Mary Smith for executive_escalation before next outreach.,"Nelson DSS recommends, explains, and records human review. It does not automate customer decisions.",True
R9454,C000336,2537,Mary Smith,escalation_retention_case,executive_escalation,2026-05-08T00:00:00,Customer Success Lead,Escalate,Review Mary Smith for executive_escalation before next outreach.,"Nelson DSS recommends, explains, and records human review. It does not automate customer decisions.",True
R9455,C000337,11901,Mary Smith,late_delivery_frustration,late_delivery_recovery,2026-05-06T00:00:00,Customer Success Lead,Monitor,Review Mary Smith for late_delivery_recovery before next outreach.,"Nelson DSS recommends, explains, and records human review. It does not automate customer decisions.",True
R9456,C000338,1014,Mary Maxwell,late_delivery_frustration,late_delivery_recovery,2026-05-06T00:00:00,Customer Success Lead,Monitor,Review Mary Maxwell for late_delivery_recovery before next outreach.,"Nelson DSS recommends, explains, and records human review. It does not automate customer decisions.",True
R9457,C000339,8192,Kathryn Marshall,escalation_retention_case,executive_escalation,2026-05-06T00:00:00,Customer Success Lead,Escalate,Review Kathryn Marshall for executive_escalation before next outreach.,"Nelson DSS recommends, explains, and records human review. It does not automate customer decisions.",True
R9458,C000339,8192,Kathryn Marshall,escalation_retention_case,executive_escalation,2026-05-07T00:00:00,Customer Success Lead,Escalate,Review Kathryn Marshall for executive_escalation before next outreach.,"Nelson DSS recommends, explains, and records human review. It does not automate customer decisions.",True
R9459,C000339,8192,Kathryn Marshall,escalation_retention_case,executive_escalation,2026-05-08T00:00:00,Customer Success Lead,Escalate,Review Kathryn Marshall for executive_escalation before next outreach.,"Nelson DSS recommends, explains, and records human review. It does not automate customer decisions.",True
R9460,C000340,1972,Marilyn Smith,late_delivery_frustration,late_delivery_recovery,2026-05-06T00:00:00,Customer Success Lead,Monitor,Review Marilyn Smith for late_delivery_recovery before next outreach.,"Nelson DSS recommends, explains, and records human review. It does not automate customer decisions.",True
R9461,C000341,11422,Mary Jones,escalation_retention_case,executive_escalation,2026-05-06T00:00:00,Customer Success Lead,Escalate,Review Mary Jones for executive_escalation before next outreach.,"Nelson DSS recommends, explains, and records human review. It does not automate customer decisions.",True
R9462,C000341,11422,Mary Jones,escalation_retention_case,executive_escalation,2026-05-07T00:00:00,Customer Success Lead,Escalate,Review Mary Jones for executive_escalation before next outreach.,"Nelson DSS recommends, explains, and records human review. It does not automate customer decisions.",True
R9463,C000341,11422,Mary Jones,escalation_retention_case,executive_escalation,2026-05-08T00:00:00,Customer Success Lead,Escalate,Review Mary Jones for executive_escalation before next outreach.,"Nelson DSS recommends, explains, and records human review. It does not automate customer decisions.",True
R9464,C000342,4936,Kyle Smith,late_delivery_frustration,late_delivery_recovery,2026-05-06T00:00:00,Customer Success Lead,Monitor,Review Kyle Smith for late_delivery_recovery before next outreach.,"Nelson DSS recommends, explains, and records human review. It does not automate customer decisions.",True
R9465,C000343,2842,Charles Johnson,escalation_retention_case,executive_escalation,2026-05-06T00:00:00,Customer Success Lead,Escalate,Review Charles Johnson for executive_escalation before next outreach.,"Nelson DSS recommends, explains, and records human review. It does not automate customer decisions.",True
R9466,C000343,2842,Charles Johnson,escalation_retention_case,executive_escalation,2026-05-07T00:00:00,Customer Success Lead,Escalate,Review Charles Johnson for executive_escalation before next outreach.,"Nelson DSS recommends, explains, and records human review. It does not automate customer decisions.",True
R9467,C000343,2842,Charles Johnson,escalation_retention_case,executive_escalation,2026-05-08T00:00:00,Customer Success Lead,Escalate,Review Charles Johnson for executive_escalation before next outreach.,"Nelson DSS recommends, explains, and records human review. It does not automate customer decisions.",True
R9468,C000346,12235,Jane Smith,escalation_retention_case,executive_escalation,2026-05-06T00:00:00,Customer Success Lead,Escalate,Review Jane Smith for executive_escalation before next outreach.,"Nelson DSS recommends, explains, and records human review. It does not automate customer decisions.",True
R9469,C000346,12235,Jane Smith,escalation_retention_case,executive_escalation,2026-05-07T00:00:00,Customer Success Lead,Escalate,Review Jane Smith for executive_escalation before next outreach.,"Nelson DSS recommends, explains, and records human review. It does not automate customer decisions.",True
R9470,C000346,12235,Jane Smith,escalation_retention_case,executive_escalation,2026-05-08T00:00:00,Customer Success Lead,Escalate,Review Jane Smith for executive_escalation before next outreach.,"Nelson DSS recommends, explains, and records human review. It does not automate customer decisions.",True
R9471,C000347,9213,Jennifer Williamson,late_delivery_frustration,late_delivery_recovery,2026-05-06T00:00:00,Customer Success Lead,Monitor,Review Jennifer Williamson for late_delivery_recovery before next outreach.,"Nelson DSS recommends, explains, and records human review. It does not automate customer decisions.",True
R9472,C000348,1782,Robert Smith,escalation_retention_case,executive_escalation,2026-05-06T00:00:00,Customer Success Lead,Escalate,Review Robert Smith for executive_escalation before next outreach.,"Nelson DSS recommends, explains, and records human review. It does not automate customer decisions.",True
R9473,C000348,1782,Robert Smith,escalation_retention_case,executive_escalation,2026-05-07T00:00:00,Customer Success Lead,Escalate,Review Robert Smith for executive_escalation before next outreach.,"Nelson DSS recommends, explains, and records human review. It does not automate customer decisions.",True
R9474,C000348,1782,Robert Smith,escalation_retention_case,executive_escalation,2026-05-08T00:00:00,Customer Success Lead,Escalate,Review Robert Smith for executive_escalation before next outreach.,"Nelson DSS recommends, explains, and records human review. It does not automate customer decisions.",True
R9475,C000350,1054,Barbara Cooley,late_delivery_frustration,late_delivery_recovery,2026-05-06T00:00:00,Customer Success Lead,Monitor,Review Barbara Cooley for late_delivery_recovery before next outreach.,"Nelson DSS recommends, explains, and records human review. It does not automate customer decisions.",True
R9476,C000352,10447,Mary Smith,late_delivery_frustration,late_delivery_recovery,2026-05-06T00:00:00,Customer Success Lead,Monitor,Review Mary Smith for late_delivery_recovery before next outreach.,"Nelson DSS recommends, explains, and records human review. It does not automate customer decisions.",True
R9477,C000353,2180,Shirley Smith,late_delivery_frustration,late_delivery_recovery,2026-05-06T00:00:00,Customer Success Lead,Monitor,Review Shirley Smith for late_delivery_recovery before next outreach.,"Nelson DSS recommends, explains, and records human review. It does not automate customer decisions.",True
R9478,C000354,10013,Jessica Smith,escalation_retention_case,executive_escalation,2026-05-06T00:00:00,Customer Success Lead,Escalate,Review Jessica Smith for executive_escalation before next outreach.,"Nelson DSS recommends, explains, and records human review. It does not automate customer decisions.",True
R9479,C000354,10013,Jessica Smith,escalation_retention_case,executive_escalation,2026-05-07T00:00:00,Customer Success Lead,Escalate,Review Jessica Smith for executive_escalation before next outreach.,"Nelson DSS recommends, explains, and records human review. It does not automate customer decisions.",True
R9480,C000354,10013,Jessica Smith,escalation_retention_case,executive_escalation,2026-05-08T00:00:00,Customer Success Lead,Escalate,Review Jessica Smith for executive_escalation before next outreach.,"Nelson DSS recommends, explains, and records human review. It does not automate customer decisions.",True
R9481,C000356,12329,Scott Norman,late_delivery_frustration,late_delivery_recovery,2026-05-06T00:00:00,Customer Success Lead,Monitor,Review Scott Norman for late_delivery_recovery before next outreach.,"Nelson DSS recommends, explains, and records human review. It does not automate customer decisions.",True
R9482,C000357,3099,Brittany Copeland,late_delivery_frustration,late_delivery_recovery,2026-05-06T00:00:00,Customer Success Lead,Monitor,Review Brittany Copeland for late_delivery_recovery before next outreach.,"Nelson DSS recommends, explains, and records human review. It does not automate customer decisions.",True
R9483,C000359,7432,Betty Smith,escalation_retention_case,executive_escalation,2026-05-06T00:00:00,Customer Success Lead,Escalate,Review Betty Smith for executive_escalation before next outreach.,"Nelson DSS recommends, explains, and records human review. It does not automate customer decisions.",True
R9484,C000359,7432,Betty Smith,escalation_retention_case,executive_escalation,2026-05-07T00:00:00,Customer Success Lead,Escalate,Review Betty Smith for executive_escalation before next outreach.,"Nelson DSS recommends, explains, and records human review. It does not automate customer decisions.",True
R9485,C000359,7432,Betty Smith,escalation_retention_case,executive_escalation,2026-05-08T00:00:00,Customer Success Lead,Escalate,Review Betty Smith for executive_escalation before next outreach.,"Nelson DSS recommends, explains, and records human review. It does not automate customer decisions.",True
R9486,C000361,1149,Cynthia Harper,escalation_retention_case,executive_escalation,2026-05-06T00:00:00,Customer Success Lead,Escalate,Review Cynthia Harper for executive_escalation before next outreach.,"Nelson DSS recommends, explains, and records human review. It does not automate customer decisions.",True
R9487,C000361,1149,Cynthia Harper,escalation_retention_case,executive_escalation,2026-05-07T00:00:00,Customer Success Lead,Escalate,Review Cynthia Harper for executive_escalation before next outreach.,"Nelson DSS recommends, explains, and records human review. It does not automate customer decisions.",True
R9488,C000361,1149,Cynthia Harper,escalation_retention_case,executive_escalation,2026-05-08T00:00:00,Customer Success Lead,Escalate,Review Cynthia Harper for executive_escalation before next outreach.,"Nelson DSS recommends, explains, and records human review. It does not automate customer decisions.",True
R9489,C000362,1937,Mary Werner,late_delivery_frustration,late_delivery_recovery,2026-05-06T00:00:00,Customer Success Lead,Monitor,Review Mary Werner for late_delivery_recovery before next outreach.,"Nelson DSS recommends, explains, and records human review. It does not automate customer decisions.",True
R9490,C000363,3635,Catherine Flowers,late_delivery_frustration,late_delivery_recovery,2026-05-06T00:00:00,Customer Success Lead,Monitor,Review Catherine Flowers for late_delivery_recovery before next outreach.,"Nelson DSS recommends, explains, and records human review. It does not automate customer decisions.",True
R9491,C000364,10982,Joan Harris,late_delivery_frustration,late_delivery_recovery,2026-05-06T00:00:00,Customer Success Lead,Monitor,Review Joan Harris for late_delivery_recovery before next outreach.,"Nelson DSS recommends, explains, and records human review. It does not automate customer decisions.",True
R9492,C000365,3529,Victoria Weaver,late_delivery_frustration,late_delivery_recovery,2026-05-06T00:00:00,Customer Success Lead,Monitor,Review Victoria Weaver for late_delivery_recovery before next outreach.,"Nelson DSS recommends, explains, and records human review. It does not automate customer decisions.",True
R9493,C000368,3257,Julia Mcconnell,late_delivery_frustration,late_delivery_recovery,2026-05-06T00:00:00,Customer Success Lead,Monitor,Review Julia Mcconnell for late_delivery_recovery before next outreach.,"Nelson DSS recommends, explains, and records human review. It does not automate customer decisions.",True
R9494,C000369,9153,Sharon Jenkins,escalation_retention_case,executive_escalation,2026-05-06T00:00:00,Customer Success Lead,Escalate,Review Sharon Jenkins for executive_escalation before next outreach.,"Nelson DSS recommends, explains, and records human review. It does not automate customer decisions.",True
R9495,C000369,9153,Sharon Jenkins,escalation_retention_case,executive_escalation,2026-05-07T00:00:00,Customer Success Lead,Escalate,Review Sharon Jenkins for executive_escalation before next outreach.,"Nelson DSS recommends, explains, and records human review. It does not automate customer decisions.",True
R9496,C000369,9153,Sharon Jenkins,escalation_retention_case,executive_escalation,2026-05-08T00:00:00,Customer Success Lead,Escalate,Review Sharon Jenkins for executive_escalation before next outreach.,"Nelson DSS recommends, explains, and records human review. It does not automate customer decisions.",True
R9497,C000370,542,Mary Smith,late_delivery_frustration,late_delivery_recovery,2026-05-06T00:00:00,Customer Success Lead,Monitor,Review Mary Smith for late_delivery_recovery before next outreach.,"Nelson DSS recommends, explains, and records human review. It does not automate customer decisions.",True
R9498,C000371,3337,Jeffrey Smith,late_delivery_frustration,late_delivery_recovery,2026-05-06T00:00:00,Customer Success Lead,Monitor,Review Jeffrey Smith for late_delivery_recovery before next outreach.,"Nelson DSS recommends, explains, and records human review. It does not automate customer decisions.",True
R9499,C000373,2205,Wayne Rodriguez,escalation_retention_case,executive_escalation,2026-05-06T00:00:00,Customer Success Lead,Escalate,Review Wayne Rodriguez for executive_escalation before next outreach.,"Nelson DSS recommends, explains, and records human review. It does not automate customer decisions.",True
R9500,C000373,2205,Wayne Rodriguez,escalation_retention_case,executive_escalation,2026-05-07T00:00:00,Customer Success Lead,Escalate,Review Wayne Rodriguez for executive_escalation before next outreach.,"Nelson DSS recommends, explains, and records human review. It does not automate customer decisions.",True
R9501,C000373,2205,Wayne Rodriguez,escalation_retention_case,executive_escalation,2026-05-08T00:00:00,Customer Success Lead,Escalate,Review Wayne Rodriguez for executive_escalation before next outreach.,"Nelson DSS recommends, explains, and records human review. It does not automate customer decisions.",True
R9502,C000374,12106,Mary Smith,late_delivery_frustration,late_delivery_recovery,2026-05-06T00:00:00,Customer Success Lead,Monitor,Review Mary Smith for late_delivery_recovery before next outreach.,"Nelson DSS recommends, explains, and records human review. It does not automate customer decisions.",True
R9503,C000375,634,Jack Edwards,escalation_retention_case,executive_escalation,2026-05-06T00:00:00,Customer Success Lead,Escalate,Review Jack Edwards for executive_escalation before next outreach.,"Nelson DSS recommends, explains, and records human review. It does not automate customer decisions.",True
R9504,C000375,634,Jack Edwards,escalation_retention_case,executive_escalation,2026-05-07T00:00:00,Customer Success Lead,Escalate,Review Jack Edwards for executive_escalation before next outreach.,"Nelson DSS recommends, explains, and records human review. It does not automate customer decisions.",True
R9505,C000375,634,Jack Edwards,escalation_retention_case,executive_escalation,2026-05-08T00:00:00,Customer Success Lead,Escalate,Review Jack Edwards for executive_escalation before next outreach.,"Nelson DSS recommends, explains, and records human review. It does not automate customer decisions.",True
R9506,C000377,3498,Elizabeth Ramos,late_delivery_frustration,late_delivery_recovery,2026-05-06T00:00:00,Customer Success Lead,Monitor,Review Elizabeth Ramos for late_delivery_recovery before next outreach.,"Nelson DSS recommends, explains, and records human review. It does not automate customer decisions.",True
R9507,C000379,3603,Susan Smith,escalation_retention_case,executive_escalation,2026-05-06T00:00:00,Customer Success Lead,Escalate,Review Susan Smith for executive_escalation before next outreach.,"Nelson DSS recommends, explains, and records human review. It does not automate customer decisions.",True
R9508,C000379,3603,Susan Smith,escalation_retention_case,executive_escalation,2026-05-07T00:00:00,Customer Success Lead,Escalate,Review Susan Smith for executive_escalation before next outreach.,"Nelson DSS recommends, explains, and records human review. It does not automate customer decisions.",True
R9509,C000379,3603,Susan Smith,escalation_retention_case,executive_escalation,2026-05-08T00:00:00,Customer Success Lead,Escalate,Review Susan Smith for executive_escalation before next outreach.,"Nelson DSS recommends, explains, and records human review. It does not automate customer decisions.",True
R9510,C000383,5395,Mary Bell,escalation_retention_case,executive_escalation,2026-05-06T00:00:00,Customer Success Lead,Escalate,Review Mary Bell for executive_escalation before next outreach.,"Nelson DSS recommends, explains, and records human review. It does not automate customer decisions.",True
R9511,C000383,5395,Mary Bell,escalation_retention_case,executive_escalation,2026-05-07T00:00:00,Customer Success Lead,Escalate,Review Mary Bell for executive_escalation before next outreach.,"Nelson DSS recommends, explains, and records human review. It does not automate customer decisions.",True
R9512,C000383,5395,Mary Bell,escalation_retention_case,executive_escalation,2026-05-08T00:00:00,Customer Success Lead,Escalate,Review Mary Bell for executive_escalation before next outreach.,"Nelson DSS recommends, explains, and records human review. It does not automate customer decisions.",True
R9513,C000385,2708,Jennifer Dominguez,escalation_retention_case,executive_escalation,2026-05-06T00:00:00,Customer Success Lead,Escalate,Review Jennifer Dominguez for executive_escalation before next outreach.,"Nelson DSS recommends, explains, and records human review. It does not automate customer decisions.",True
R9514,C000385,2708,Jennifer Dominguez,escalation_retention_case,executive_escalation,2026-05-07T00:00:00,Customer Success Lead,Escalate,Review Jennifer Dominguez for executive_escalation before next outreach.,"Nelson DSS recommends, explains, and records human review. It does not automate customer decisions.",True
R9515,C000385,2708,Jennifer Dominguez,escalation_retention_case,executive_escalation,2026-05-08T00:00:00,Customer Success Lead,Escalate,Review Jennifer Dominguez for executive_escalation before next outreach.,"Nelson DSS recommends, explains, and records human review. It does not automate customer decisions.",True
R9516,C000386,688,Kathy Gross,late_delivery_frustration,late_delivery_recovery,2026-05-06T00:00:00,Customer Success Lead,Monitor,Review Kathy Gross for late_delivery_recovery before next outreach.,"Nelson DSS recommends, explains, and records human review. It does not automate customer decisions.",True
R9517,C000387,8090,Mary Martinez,late_delivery_frustration,late_delivery_recovery,2026-05-06T00:00:00,Customer Success Lead,Monitor,Review Mary Martinez for late_delivery_recovery before next outreach.,"Nelson DSS recommends, explains, and records human review. It does not automate customer decisions.",True
R9518,C000388,9590,Adam Smith,late_delivery_frustration,late_delivery_recovery,2026-05-06T00:00:00,Customer Success Lead,Monitor,Review Adam Smith for late_delivery_recovery before next outreach.,"Nelson DSS recommends, explains, and records human review. It does not automate customer decisions.",True
R9519,C000389,9377,Carol Leach,late_delivery_frustration,late_delivery_recovery,2026-05-06T00:00:00,Customer Success Lead,Monitor,Review Carol Leach for late_delivery_recovery before next outreach.,"Nelson DSS recommends, explains, and records human review. It does not automate customer decisions.",True
R9520,C000392,9871,Jonathan Smith,late_delivery_frustration,late_delivery_recovery,2026-05-06T00:00:00,Customer Success Lead,Monitor,Review Jonathan Smith for late_delivery_recovery before next outreach.,"Nelson DSS recommends, explains, and records human review. It does not automate customer decisions.",True
R9521,C000393,6959,Joan Lin,escalation_retention_case,executive_escalation,2026-05-06T00:00:00,Customer Success Lead,Escalate,Review Joan Lin for executive_escalation before next outreach.,"Nelson DSS recommends, explains, and records human review. It does not automate customer decisions.",True
R9522,C000393,6959,Joan Lin,escalation_retention_case,executive_escalation,2026-05-07T00:00:00,Customer Success Lead,Escalate,Review Joan Lin for executive_escalation before next outreach.,"Nelson DSS recommends, explains, and records human review. It does not automate customer decisions.",True
R9523,C000393,6959,Joan Lin,escalation_retention_case,executive_escalation,2026-05-08T00:00:00,Customer Success Lead,Escalate,Review Joan Lin for executive_escalation before next outreach.,"Nelson DSS recommends, explains, and records human review. It does not automate customer decisions.",True
R9524,C000394,2564,Phillip Smith,escalation_retention_case,executive_escalation,2026-05-06T00:00:00,Customer Success Lead,Escalate,Review Phillip Smith for executive_escalation before next outreach.,"Nelson DSS recommends, explains, and records human review. It does not automate customer decisions.",True
R9525,C000394,2564,Phillip Smith,escalation_retention_case,executive_escalation,2026-05-07T00:00:00,Customer Success Lead,Escalate,Review Phillip Smith for executive_escalation before next outreach.,"Nelson DSS recommends, explains, and records human review. It does not automate customer decisions.",True
R9526,C000394,2564,Phillip Smith,escalation_retention_case,executive_escalation,2026-05-08T00:00:00,Customer Success Lead,Escalate,Review Phillip Smith for executive_escalation before next outreach.,"Nelson DSS recommends, explains, and records human review. It does not automate customer decisions.",True
R9527,C000399,8368,Susan Smith,escalation_retention_case,executive_escalation,2026-05-06T00:00:00,Customer Success Lead,Escalate,Review Susan Smith for executive_escalation before next outreach.,"Nelson DSS recommends, explains, and records human review. It does not automate customer decisions.",True
R9528,C000399,8368,Susan Smith,escalation_retention_case,executive_escalation,2026-05-07T00:00:00,Customer Success Lead,Escalate,Review Susan Smith for executive_escalation before next outreach.,"Nelson DSS recommends, explains, and records human review. It does not automate customer decisions.",True
R9529,C000399,8368,Susan Smith,escalation_retention_case,executive_escalation,2026-05-08T00:00:00,Customer Success Lead,Escalate,Review Susan Smith for executive_escalation before next outreach.,"Nelson DSS recommends, explains, and records human review. It does not automate customer decisions.",True
R9530,C000400,3373,Mary Willis,late_delivery_frustration,late_delivery_recovery,2026-05-06T00:00:00,Customer Success Lead,Monitor,Review Mary Willis for late_delivery_recovery before next outreach.,"Nelson DSS recommends, explains, and records human review. It does not automate customer decisions.",True
R9531,C000403,194,Mary Bates,escalation_retention_case,executive_escalation,2026-05-06T00:00:00,Customer Success Lead,Escalate,Review Mary Bates for executive_escalation before next outreach.,"Nelson DSS recommends, explains, and records human review. It does not automate customer decisions.",True
R9532,C000403,194,Mary Bates,escalation_retention_case,executive_escalation,2026-05-07T00:00:00,Customer Success Lead,Escalate,Review Mary Bates for executive_escalation before next outreach.,"Nelson DSS recommends, explains, and records human review. It does not automate customer decisions.",True
R9533,C000403,194,Mary Bates,escalation_retention_case,executive_escalation,2026-05-08T00:00:00,Customer Success Lead,Escalate,Review Mary Bates for executive_escalation before next outreach.,"Nelson DSS recommends, explains, and records human review. It does not automate customer decisions.",True
R9534,C000404,6862,Mary Taylor,late_delivery_frustration,late_delivery_recovery,2026-05-06T00:00:00,Customer Success Lead,Monitor,Review Mary Taylor for late_delivery_recovery before next outreach.,"Nelson DSS recommends, explains, and records human review. It does not automate customer decisions.",True
R9535,C000405,3816,Dorothy Smith,escalation_retention_case,executive_escalation,2026-05-06T00:00:00,Customer Success Lead,Escalate,Review Dorothy Smith for executive_escalation before next outreach.,"Nelson DSS recommends, explains, and records human review. It does not automate customer decisions.",True
R9536,C000405,3816,Dorothy Smith,escalation_retention_case,executive_escalation,2026-05-07T00:00:00,Customer Success Lead,Escalate,Review Dorothy Smith for executive_escalation before next outreach.,"Nelson DSS recommends, explains, and records human review. It does not automate customer decisions.",True
R9537,C000405,3816,Dorothy Smith,escalation_retention_case,executive_escalation,2026-05-08T00:00:00,Customer Success Lead,Escalate,Review Dorothy Smith for executive_escalation before next outreach.,"Nelson DSS recommends, explains, and records human review. It does not automate customer decisions.",True
R9538,C000407,4770,Andrea Malone,late_delivery_frustration,late_delivery_recovery,2026-05-06T00:00:00,Customer Success Lead,Monitor,Review Andrea Malone for late_delivery_recovery before next outreach.,"Nelson DSS recommends, explains, and records human review. It does not automate customer decisions.",True
R9539,C000410,7082,Adam Blair,escalation_retention_case,executive_escalation,2026-05-06T00:00:00,Customer Success Lead,Escalate,Review Adam Blair for executive_escalation before next outreach.,"Nelson DSS recommends, explains, and records human review. It does not automate customer decisions.",True
R9540,C000410,7082,Adam Blair,escalation_retention_case,executive_escalation,2026-05-07T00:00:00,Customer Success Lead,Escalate,Review Adam Blair for executive_escalation before next outreach.,"Nelson DSS recommends, explains, and records human review. It does not automate customer decisions.",True
R9541,C000410,7082,Adam Blair,escalation_retention_case,executive_escalation,2026-05-08T00:00:00,Customer Success Lead,Escalate,Review Adam Blair for executive_escalation before next outreach.,"Nelson DSS recommends, explains, and records human review. It does not automate customer decisions.",True
R9542,C000412,1503,Mary Garner,late_delivery_frustration,late_delivery_recovery,2026-05-06T00:00:00,Customer Success Lead,Monitor,Review Mary Garner for late_delivery_recovery before next outreach.,"Nelson DSS recommends, explains, and records human review. It does not automate customer decisions.",True
R9543,C000413,6836,Virginia Smith,late_delivery_frustration,late_delivery_recovery,2026-05-06T00:00:00,Customer Success Lead,Monitor,Review Virginia Smith for late_delivery_recovery before next outreach.,"Nelson DSS recommends, explains, and records human review. It does not automate customer decisions.",True
R9544,C000414,5570,Mary Smith,escalation_retention_case,executive_escalation,2026-05-06T00:00:00,Customer Success Lead,Escalate,Review Mary Smith for executive_escalation before next outreach.,"Nelson DSS recommends, explains, and records human review. It does not automate customer decisions.",True
R9545,C000414,5570,Mary Smith,escalation_retention_case,executive_escalation,2026-05-07T00:00:00,Customer Success Lead,Escalate,Review Mary Smith for executive_escalation before next outreach.,"Nelson DSS recommends, explains, and records human review. It does not automate customer decisions.",True
R9546,C000414,5570,Mary Smith,escalation_retention_case,executive_escalation,2026-05-08T00:00:00,Customer Success Lead,Escalate,Review Mary Smith for executive_escalation before next outreach.,"Nelson DSS recommends, explains, and records human review. It does not automate customer decisions.",True
R9547,C000416,8290,Benjamin Jennings,late_delivery_frustration,late_delivery_recovery,2026-05-06T00:00:00,Customer Success Lead,Monitor,Review Benjamin Jennings for late_delivery_recovery before next outreach.,"Nelson DSS recommends, explains, and records human review. It does not automate customer decisions.",True
R9548,C000417,4596,Mary Burns,late_delivery_frustration,late_delivery_recovery,2026-05-06T00:00:00,Customer Success Lead,Monitor,Review Mary Burns for late_delivery_recovery before next outreach.,"Nelson DSS recommends, explains, and records human review. It does not automate customer decisions.",True
R9549,C000418,1222,Michael Garcia,late_delivery_frustration,late_delivery_recovery,2026-05-06T00:00:00,Customer Success Lead,Monitor,Review Michael Garcia for late_delivery_recovery before next outreach.,"Nelson DSS recommends, explains, and records human review. It does not automate customer decisions.",True
R9550,C000419,5606,Teresa White,escalation_retention_case,executive_escalation,2026-05-06T00:00:00,Customer Success Lead,Escalate,Review Teresa White for executive_escalation before next outreach.,"Nelson DSS recommends, explains, and records human review. It does not automate customer decisions.",True
R9551,C000419,5606,Teresa White,escalation_retention_case,executive_escalation,2026-05-07T00:00:00,Customer Success Lead,Escalate,Review Teresa White for executive_escalation before next outreach.,"Nelson DSS recommends, explains, and records human review. It does not automate customer decisions.",True
R9552,C000419,5606,Teresa White,escalation_retention_case,executive_escalation,2026-05-08T00:00:00,Customer Success Lead,Escalate,Review Teresa White for executive_escalation before next outreach.,"Nelson DSS recommends, explains, and records human review. It does not automate customer decisions.",True
R9553,C000420,6230,Kenneth Cameron,late_delivery_frustration,late_delivery_recovery,2026-05-06T00:00:00,Customer Success Lead,Monitor,Review Kenneth Cameron for late_delivery_recovery before next outreach.,"Nelson DSS recommends, explains, and records human review. It does not automate customer decisions.",True
R9554,C000421,7123,Carl Smith,late_delivery_frustration,late_delivery_recovery,2026-05-06T00:00:00,Customer Success Lead,Monitor,Review Carl Smith for late_delivery_recovery before next outreach.,"Nelson DSS recommends, explains, and records human review. It does not automate customer decisions.",True
R9555,C000423,6948,Mary Smith,late_delivery_frustration,late_delivery_recovery,2026-05-06T00:00:00,Customer Success Lead,Monitor,Review Mary Smith for late_delivery_recovery before next outreach.,"Nelson DSS recommends, explains, and records human review. It does not automate customer decisions.",True
R9556,C000424,6806,Catherine Guerra,late_delivery_frustration,late_delivery_recovery,2026-05-06T00:00:00,Customer Success Lead,Monitor,Review Catherine Guerra for late_delivery_recovery before next outreach.,"Nelson DSS recommends, explains, and records human review. It does not automate customer decisions.",True
R9557,C000425,6110,Mary Smith,late_delivery_frustration,late_delivery_recovery,2026-05-06T00:00:00,Customer Success Lead,Monitor,Review Mary Smith for late_delivery_recovery before next outreach.,"Nelson DSS recommends, explains, and records human review. It does not automate customer decisions.",True
R9558,C000426,8971,Mary Gill,escalation_retention_case,executive_escalation,2026-05-06T00:00:00,Customer Success Lead,Escalate,Review Mary Gill for executive_escalation before next outreach.,"Nelson DSS recommends, explains, and records human review. It does not automate customer decisions.",True
R9559,C000426,8971,Mary Gill,escalation_retention_case,executive_escalation,2026-05-07T00:00:00,Customer Success Lead,Escalate,Review Mary Gill for executive_escalation before next outreach.,"Nelson DSS recommends, explains, and records human review. It does not automate customer decisions.",True
R9560,C000426,8971,Mary Gill,escalation_retention_case,executive_escalation,2026-05-08T00:00:00,Customer Success Lead,Escalate,Review Mary Gill for executive_escalation before next outreach.,"Nelson DSS recommends, explains, and records human review. It does not automate customer decisions.",True
R9561,C000427,5013,Mary Peters,late_delivery_frustration,late_delivery_recovery,2026-05-06T00:00:00,Customer Success Lead,Monitor,Review Mary Peters for late_delivery_recovery before next outreach.,"Nelson DSS recommends, explains, and records human review. It does not automate customer decisions.",True
R9562,C000428,8812,Mary Woodward,escalation_retention_case,executive_escalation,2026-05-06T00:00:00,Customer Success Lead,Escalate,Review Mary Woodward for executive_escalation before next outreach.,"Nelson DSS recommends, explains, and records human review. It does not automate customer decisions.",True
R9563,C000428,8812,Mary Woodward,escalation_retention_case,executive_escalation,2026-05-07T00:00:00,Customer Success Lead,Escalate,Review Mary Woodward for executive_escalation before next outreach.,"Nelson DSS recommends, explains, and records human review. It does not automate customer decisions.",True
R9564,C000428,8812,Mary Woodward,escalation_retention_case,executive_escalation,2026-05-08T00:00:00,Customer Success Lead,Escalate,Review Mary Woodward for executive_escalation before next outreach.,"Nelson DSS recommends, explains, and records human review. It does not automate customer decisions.",True
R9565,C000429,10612,Anna Smith,late_delivery_frustration,late_delivery_recovery,2026-05-06T00:00:00,Customer Success Lead,Monitor,Review Anna Smith for late_delivery_recovery before next outreach.,"Nelson DSS recommends, explains, and records human review. It does not automate customer decisions.",True
R9566,C000430,10845,John Smith,escalation_retention_case,executive_escalation,2026-05-06T00:00:00,Customer Success Lead,Escalate,Review John Smith for executive_escalation before next outreach.,"Nelson DSS recommends, explains, and records human review. It does not automate customer decisions.",True
R9567,C000430,10845,John Smith,escalation_retention_case,executive_escalation,2026-05-07T00:00:00,Customer Success Lead,Escalate,Review John Smith for executive_escalation before next outreach.,"Nelson DSS recommends, explains, and records human review. It does not automate customer decisions.",True
R9568,C000430,10845,John Smith,escalation_retention_case,executive_escalation,2026-05-08T00:00:00,Customer Success Lead,Escalate,Review John Smith for executive_escalation before next outreach.,"Nelson DSS recommends, explains, and records human review. It does not automate customer decisions.",True
R9569,C000431,5097,Jennifer Moore,late_delivery_frustration,late_delivery_recovery,2026-05-06T00:00:00,Customer Success Lead,Monitor,Review Jennifer Moore for late_delivery_recovery before next outreach.,"Nelson DSS recommends, explains, and records human review. It does not automate customer decisions.",True
R9570,C000433,8166,Patricia Smith,late_delivery_frustration,late_delivery_recovery,2026-05-06T00:00:00,Customer Success Lead,Monitor,Review Patricia Smith for late_delivery_recovery before next outreach.,"Nelson DSS recommends, explains, and records human review. It does not automate customer decisions.",True
R9571,C000434,8171,Benjamin Cole,escalation_retention_case,executive_escalation,2026-05-06T00:00:00,Customer Success Lead,Escalate,Review Benjamin Cole for executive_escalation before next outreach.,"Nelson DSS recommends, explains, and records human review. It does not automate customer decisions.",True
R9572,C000434,8171,Benjamin Cole,escalation_retention_case,executive_escalation,2026-05-07T00:00:00,Customer Success Lead,Escalate,Review Benjamin Cole for executive_escalation before next outreach.,"Nelson DSS recommends, explains, and records human review. It does not automate customer decisions.",True
R9573,C000434,8171,Benjamin Cole,escalation_retention_case,executive_escalation,2026-05-08T00:00:00,Customer Success Lead,Escalate,Review Benjamin Cole for executive_escalation before next outreach.,"Nelson DSS recommends, explains, and records human review. It does not automate customer decisions.",True
R9574,C000438,3593,Christina Lewis,late_delivery_frustration,late_delivery_recovery,2026-05-06T00:00:00,Customer Success Lead,Monitor,Review Christina Lewis for late_delivery_recovery before next outreach.,"Nelson DSS recommends, explains, and records human review. It does not automate customer decisions.",True
R9575,C000440,2755,Andrew Smith,escalation_retention_case,executive_escalation,2026-05-06T00:00:00,Customer Success Lead,Escalate,Review Andrew Smith for executive_escalation before next outreach.,"Nelson DSS recommends, explains, and records human review. It does not automate customer decisions.",True
R9576,C000440,2755,Andrew Smith,escalation_retention_case,executive_escalation,2026-05-07T00:00:00,Customer Success Lead,Escalate,Review Andrew Smith for executive_escalation before next outreach.,"Nelson DSS recommends, explains, and records human review. It does not automate customer decisions.",True
R9577,C000440,2755,Andrew Smith,escalation_retention_case,executive_escalation,2026-05-08T00:00:00,Customer Success Lead,Escalate,Review Andrew Smith for executive_escalation before next outreach.,"Nelson DSS recommends, explains, and records human review. It does not automate customer decisions.",True
R9578,C000441,11755,Mary Jackson,escalation_retention_case,executive_escalation,2026-05-06T00:00:00,Customer Success Lead,Escalate,Review Mary Jackson for executive_escalation before next outreach.,"Nelson DSS recommends, explains, and records human review. It does not automate customer decisions.",True
R9579,C000441,11755,Mary Jackson,escalation_retention_case,executive_escalation,2026-05-07T00:00:00,Customer Success Lead,Escalate,Review Mary Jackson for executive_escalation before next outreach.,"Nelson DSS recommends, explains, and records human review. It does not automate customer decisions.",True
R9580,C000441,11755,Mary Jackson,escalation_retention_case,executive_escalation,2026-05-08T00:00:00,Customer Success Lead,Escalate,Review Mary Jackson for executive_escalation before next outreach.,"Nelson DSS recommends, explains, and records human review. It does not automate customer decisions.",True
R9581,C000443,3051,John Johnson,late_delivery_frustration,late_delivery_recovery,2026-05-06T00:00:00,Customer Success Lead,Monitor,Review John Johnson for late_delivery_recovery before next outreach.,"Nelson DSS recommends, explains, and records human review. It does not automate customer decisions.",True
R9582,C000444,9119,Mary Smith,escalation_retention_case,executive_escalation,2026-05-06T00:00:00,Customer Success Lead,Escalate,Review Mary Smith for executive_escalation before next outreach.,"Nelson DSS recommends, explains, and records human review. It does not automate customer decisions.",True
R9583,C000444,9119,Mary Smith,escalation_retention_case,executive_escalation,2026-05-07T00:00:00,Customer Success Lead,Escalate,Review Mary Smith for executive_escalation before next outreach.,"Nelson DSS recommends, explains, and records human review. It does not automate customer decisions.",True
R9584,C000444,9119,Mary Smith,escalation_retention_case,executive_escalation,2026-05-08T00:00:00,Customer Success Lead,Escalate,Review Mary Smith for executive_escalation before next outreach.,"Nelson DSS recommends, explains, and records human review. It does not automate customer decisions.",True
R9585,C000445,4512,Jane Anderson,escalation_retention_case,executive_escalation,2026-05-06T00:00:00,Customer Success Lead,Escalate,Review Jane Anderson for executive_escalation before next outreach.,"Nelson DSS recommends, explains, and records human review. It does not automate customer decisions.",True
R9586,C000445,4512,Jane Anderson,escalation_retention_case,executive_escalation,2026-05-07T00:00:00,Customer Success Lead,Escalate,Review Jane Anderson for executive_escalation before next outreach.,"Nelson DSS recommends, explains, and records human review. It does not automate customer decisions.",True
R9587,C000445,4512,Jane Anderson,escalation_retention_case,executive_escalation,2026-05-08T00:00:00,Customer Success Lead,Escalate,Review Jane Anderson for executive_escalation before next outreach.,"Nelson DSS recommends, explains, and records human review. It does not automate customer decisions.",True
R9588,C000446,9436,Mary Torres,escalation_retention_case,executive_escalation,2026-05-06T00:00:00,Customer Success Lead,Escalate,Review Mary Torres for executive_escalation before next outreach.,"Nelson DSS recommends, explains, and records human review. It does not automate customer decisions.",True
R9589,C000446,9436,Mary Torres,escalation_retention_case,executive_escalation,2026-05-07T00:00:00,Customer Success Lead,Escalate,Review Mary Torres for executive_escalation before next outreach.,"Nelson DSS recommends, explains, and records human review. It does not automate customer decisions.",True
R9590,C000446,9436,Mary Torres,escalation_retention_case,executive_escalation,2026-05-08T00:00:00,Customer Success Lead,Escalate,Review Mary Torres for executive_escalation before next outreach.,"Nelson DSS recommends, explains, and records human review. It does not automate customer decisions.",True
R9591,C000447,9489,Danielle Dixon,late_delivery_frustration,late_delivery_recovery,2026-05-06T00:00:00,Customer Success Lead,Monitor,Review Danielle Dixon for late_delivery_recovery before next outreach.,"Nelson DSS recommends, explains, and records human review. It does not automate customer decisions.",True
R9592,C000448,6789,Jessica Mcintosh,escalation_retention_case,executive_escalation,2026-05-06T00:00:00,Customer Success Lead,Escalate,Review Jessica Mcintosh for executive_escalation before next outreach.,"Nelson DSS recommends, explains, and records human review. It does not automate customer decisions.",True
R9593,C000448,6789,Jessica Mcintosh,escalation_retention_case,executive_escalation,2026-05-07T00:00:00,Customer Success Lead,Escalate,Review Jessica Mcintosh for executive_escalation before next outreach.,"Nelson DSS recommends, explains, and records human review. It does not automate customer decisions.",True
R9594,C000448,6789,Jessica Mcintosh,escalation_retention_case,executive_escalation,2026-05-08T00:00:00,Customer Success Lead,Escalate,Review Jessica Mcintosh for executive_escalation before next outreach.,"Nelson DSS recommends, explains, and records human review. It does not automate customer decisions.",True
R9595,C000450,9353,Michael Scott,late_delivery_frustration,late_delivery_recovery,2026-05-06T00:00:00,Customer Success Lead,Monitor,Review Michael Scott for late_delivery_recovery before next outreach.,"Nelson DSS recommends, explains, and records human review. It does not automate customer decisions.",True
R9596,C000451,238,Charles Turner,escalation_retention_case,executive_escalation,2026-05-06T00:00:00,Customer Success Lead,Escalate,Review Charles Turner for executive_escalation before next outreach.,"Nelson DSS recommends, explains, and records human review. It does not automate customer decisions.",True
R9597,C000451,238,Charles Turner,escalation_retention_case,executive_escalation,2026-05-07T00:00:00,Customer Success Lead,Escalate,Review Charles Turner for executive_escalation before next outreach.,"Nelson DSS recommends, explains, and records human review. It does not automate customer decisions.",True
R9598,C000451,238,Charles Turner,escalation_retention_case,executive_escalation,2026-05-08T00:00:00,Customer Success Lead,Escalate,Review Charles Turner for executive_escalation before next outreach.,"Nelson DSS recommends, explains, and records human review. It does not automate customer decisions.",True
R9599,C000454,2508,Brandon Adkins,late_delivery_frustration,late_delivery_recovery,2026-05-06T00:00:00,Customer Success Lead,Monitor,Review Brandon Adkins for late_delivery_recovery before next outreach.,"Nelson DSS recommends, explains, and records human review. It does not automate customer decisions.",True
R9600,C000455,10211,Jeffrey Smith,late_delivery_frustration,late_delivery_recovery,2026-05-06T00:00:00,Customer Success Lead,Monitor,Review Jeffrey Smith for late_delivery_recovery before next outreach.,"Nelson DSS recommends, explains, and records human review. It does not automate customer decisions.",True
R9601,C000456,11741,Mary Smith,late_delivery_frustration,late_delivery_recovery,2026-05-06T00:00:00,Customer Success Lead,Monitor,Review Mary Smith for late_delivery_recovery before next outreach.,"Nelson DSS recommends, explains, and records human review. It does not automate customer decisions.",True
R9602,C000457,8666,Mary Smith,late_delivery_frustration,late_delivery_recovery,2026-05-06T00:00:00,Customer Success Lead,Monitor,Review Mary Smith for late_delivery_recovery before next outreach.,"Nelson DSS recommends, explains, and records human review. It does not automate customer decisions.",True
R9603,C000458,6156,Mary Hernandez,escalation_retention_case,executive_escalation,2026-05-06T00:00:00,Customer Success Lead,Escalate,Review Mary Hernandez for executive_escalation before next outreach.,"Nelson DSS recommends, explains, and records human review. It does not automate customer decisions.",True
R9604,C000458,6156,Mary Hernandez,escalation_retention_case,executive_escalation,2026-05-07T00:00:00,Customer Success Lead,Escalate,Review Mary Hernandez for executive_escalation before next outreach.,"Nelson DSS recommends, explains, and records human review. It does not automate customer decisions.",True
R9605,C000458,6156,Mary Hernandez,escalation_retention_case,executive_escalation,2026-05-08T00:00:00,Customer Success Lead,Escalate,Review Mary Hernandez for executive_escalation before next outreach.,"Nelson DSS recommends, explains, and records human review. It does not automate customer decisions.",True
R9606,C000459,10653,Mary Smith,escalation_retention_case,executive_escalation,2026-05-06T00:00:00,Customer Success Lead,Escalate,Review Mary Smith for executive_escalation before next outreach.,"Nelson DSS recommends, explains, and records human review. It does not automate customer decisions.",True
R9607,C000459,10653,Mary Smith,escalation_retention_case,executive_escalation,2026-05-07T00:00:00,Customer Success Lead,Escalate,Review Mary Smith for executive_escalation before next outreach.,"Nelson DSS recommends, explains, and records human review. It does not automate customer decisions.",True
R9608,C000459,10653,Mary Smith,escalation_retention_case,executive_escalation,2026-05-08T00:00:00,Customer Success Lead,Escalate,Review Mary Smith for executive_escalation before next outreach.,"Nelson DSS recommends, explains, and records human review. It does not automate customer decisions.",True
R9609,C000460,7830,Christina Carroll,late_delivery_frustration,late_delivery_recovery,2026-05-06T00:00:00,Customer Success Lead,Monitor,Review Christina Carroll for late_delivery_recovery before next outreach.,"Nelson DSS recommends, explains, and records human review. It does not automate customer decisions.",True
R9610,C000461,5873,Jerry Clark,late_delivery_frustration,late_delivery_recovery,2026-05-06T00:00:00,Customer Success Lead,Monitor,Review Jerry Clark for late_delivery_recovery before next outreach.,"Nelson DSS recommends, explains, and records human review. It does not automate customer decisions.",True
R9611,C000462,3295,Maria Joseph,escalation_retention_case,executive_escalation,2026-05-06T00:00:00,Customer Success Lead,Escalate,Review Maria Joseph for executive_escalation before next outreach.,"Nelson DSS recommends, explains, and records human review. It does not automate customer decisions.",True
R9612,C000462,3295,Maria Joseph,escalation_retention_case,executive_escalation,2026-05-07T00:00:00,Customer Success Lead,Escalate,Review Maria Joseph for executive_escalation before next outreach.,"Nelson DSS recommends, explains, and records human review. It does not automate customer decisions.",True
R9613,C000462,3295,Maria Joseph,escalation_retention_case,executive_escalation,2026-05-08T00:00:00,Customer Success Lead,Escalate,Review Maria Joseph for executive_escalation before next outreach.,"Nelson DSS recommends, explains, and records human review. It does not automate customer decisions.",True
R9614,C000463,4257,William Smith,late_delivery_frustration,late_delivery_recovery,2026-05-06T00:00:00,Customer Success Lead,Monitor,Review William Smith for late_delivery_recovery before next outreach.,"Nelson DSS recommends, explains, and records human review. It does not automate customer decisions.",True
R9615,C000464,10967,Alexander Cunningham,escalation_retention_case,executive_escalation,2026-05-06T00:00:00,Customer Success Lead,Escalate,Review Alexander Cunningham for executive_escalation before next outreach.,"Nelson DSS recommends, explains, and records human review. It does not automate customer decisions.",True
R9616,C000464,10967,Alexander Cunningham,escalation_retention_case,executive_escalation,2026-05-07T00:00:00,Customer Success Lead,Escalate,Review Alexander Cunningham for executive_escalation before next outreach.,"Nelson DSS recommends, explains, and records human review. It does not automate customer decisions.",True
R9617,C000464,10967,Alexander Cunningham,escalation_retention_case,executive_escalation,2026-05-08T00:00:00,Customer Success Lead,Escalate,Review Alexander Cunningham for executive_escalation before next outreach.,"Nelson DSS recommends, explains, and records human review. It does not automate customer decisions.",True
R9618,C000467,1658,Dylan Conner,late_delivery_frustration,late_delivery_recovery,2026-05-06T00:00:00,Customer Success Lead,Monitor,Review Dylan Conner for late_delivery_recovery before next outreach.,"Nelson DSS recommends, explains, and records human review. It does not automate customer decisions.",True
R9619,C000468,2872,Mary Ortiz,late_delivery_frustration,late_delivery_recovery,2026-05-06T00:00:00,Customer Success Lead,Monitor,Review Mary Ortiz for late_delivery_recovery before next outreach.,"Nelson DSS recommends, explains, and records human review. It does not automate customer decisions.",True
R9620,C000469,10555,Mary Howell,late_delivery_frustration,late_delivery_recovery,2026-05-06T00:00:00,Customer Success Lead,Monitor,Review Mary Howell for late_delivery_recovery before next outreach.,"Nelson DSS recommends, explains, and records human review. It does not automate customer decisions.",True
R9621,C000471,679,Grace Smith,late_delivery_frustration,late_delivery_recovery,2026-05-06T00:00:00,Customer Success Lead,Monitor,Review Grace Smith for late_delivery_recovery before next outreach.,"Nelson DSS recommends, explains, and records human review. It does not automate customer decisions.",True
R9622,C000472,9692,Carolyn Price,late_delivery_frustration,late_delivery_recovery,2026-05-06T00:00:00,Customer Success Lead,Monitor,Review Carolyn Price for late_delivery_recovery before next outreach.,"Nelson DSS recommends, explains, and records human review. It does not automate customer decisions.",True
R9623,C000473,6125,Jeremy Pennington,escalation_retention_case,executive_escalation,2026-05-06T00:00:00,Customer Success Lead,Escalate,Review Jeremy Pennington for executive_escalation before next outreach.,"Nelson DSS recommends, explains, and records human review. It does not automate customer decisions.",True
R9624,C000473,6125,Jeremy Pennington,escalation_retention_case,executive_escalation,2026-05-07T00:00:00,Customer Success Lead,Escalate,Review Jeremy Pennington for executive_escalation before next outreach.,"Nelson DSS recommends, explains, and records human review. It does not automate customer decisions.",True
R9625,C000473,6125,Jeremy Pennington,escalation_retention_case,executive_escalation,2026-05-08T00:00:00,Customer Success Lead,Escalate,Review Jeremy Pennington for executive_escalation before next outreach.,"Nelson DSS recommends, explains, and records human review. It does not automate customer decisions.",True
R9626,C000474,5549,Kathryn Smith,late_delivery_frustration,late_delivery_recovery,2026-05-06T00:00:00,Customer Success Lead,Monitor,Review Kathryn Smith for late_delivery_recovery before next outreach.,"Nelson DSS recommends, explains, and records human review. It does not automate customer decisions.",True
R9627,C000475,10307,Bobby Miller,escalation_retention_case,executive_escalation,2026-05-06T00:00:00,Customer Success Lead,Escalate,Review Bobby Miller for executive_escalation before next outreach.,"Nelson DSS recommends, explains, and records human review. It does not automate customer decisions.",True
R9628,C000475,10307,Bobby Miller,escalation_retention_case,executive_escalation,2026-05-07T00:00:00,Customer Success Lead,Escalate,Review Bobby Miller for executive_escalation before next outreach.,"Nelson DSS recommends, explains, and records human review. It does not automate customer decisions.",True
R9629,C000475,10307,Bobby Miller,escalation_retention_case,executive_escalation,2026-05-08T00:00:00,Customer Success Lead,Escalate,Review Bobby Miller for executive_escalation before next outreach.,"Nelson DSS recommends, explains, and records human review. It does not automate customer decisions.",True
R9630,C000476,10407,William Clay,late_delivery_frustration,late_delivery_recovery,2026-05-06T00:00:00,Customer Success Lead,Monitor,Review William Clay for late_delivery_recovery before next outreach.,"Nelson DSS recommends, explains, and records human review. It does not automate customer decisions.",True
R9631,C000477,2553,Hannah Ellison,late_delivery_frustration,late_delivery_recovery,2026-05-06T00:00:00,Customer Success Lead,Monitor,Review Hannah Ellison for late_delivery_recovery before next outreach.,"Nelson DSS recommends, explains, and records human review. It does not automate customer decisions.",True
R9632,C000478,5579,Mary Hurley,late_delivery_frustration,late_delivery_recovery,2026-05-06T00:00:00,Customer Success Lead,Monitor,Review Mary Hurley for late_delivery_recovery before next outreach.,"Nelson DSS recommends, explains, and records human review. It does not automate customer decisions.",True
R9633,C000479,4406,Mary Smith,late_delivery_frustration,late_delivery_recovery,2026-05-06T00:00:00,Customer Success Lead,Monitor,Review Mary Smith for late_delivery_recovery before next outreach.,"Nelson DSS recommends, explains, and records human review. It does not automate customer decisions.",True
R9634,C000481,10735,Albert Valdez,late_delivery_frustration,late_delivery_recovery,2026-05-06T00:00:00,Customer Success Lead,Monitor,Review Albert Valdez for late_delivery_recovery before next outreach.,"Nelson DSS recommends, explains, and records human review. It does not automate customer decisions.",True
R9635,C000482,8895,Mary Ferguson,escalation_retention_case,executive_escalation,2026-05-06T00:00:00,Customer Success Lead,Escalate,Review Mary Ferguson for executive_escalation before next outreach.,"Nelson DSS recommends, explains, and records human review. It does not automate customer decisions.",True
R9636,C000482,8895,Mary Ferguson,escalation_retention_case,executive_escalation,2026-05-07T00:00:00,Customer Success Lead,Escalate,Review Mary Ferguson for executive_escalation before next outreach.,"Nelson DSS recommends, explains, and records human review. It does not automate customer decisions.",True
R9637,C000482,8895,Mary Ferguson,escalation_retention_case,executive_escalation,2026-05-08T00:00:00,Customer Success Lead,Escalate,Review Mary Ferguson for executive_escalation before next outreach.,"Nelson DSS recommends, explains, and records human review. It does not automate customer decisions.",True
R9638,C000483,578,Dylan Knapp,late_delivery_frustration,late_delivery_recovery,2026-05-06T00:00:00,Customer Success Lead,Monitor,Review Dylan Knapp for late_delivery_recovery before next outreach.,"Nelson DSS recommends, explains, and records human review. It does not automate customer decisions.",True
R9639,C000485,5311,Mary Smith,late_delivery_frustration,late_delivery_recovery,2026-05-06T00:00:00,Customer Success Lead,Monitor,Review Mary Smith for late_delivery_recovery before next outreach.,"Nelson DSS recommends, explains, and records human review. It does not automate customer decisions.",True
R9640,C000486,10081,Mary Castillo,late_delivery_frustration,late_delivery_recovery,2026-05-06T00:00:00,Customer Success Lead,Monitor,Review Mary Castillo for late_delivery_recovery before next outreach.,"Nelson DSS recommends, explains, and records human review. It does not automate customer decisions.",True
R9641,C000487,4013,Gloria Thornton,late_delivery_frustration,late_delivery_recovery,2026-05-06T00:00:00,Customer Success Lead,Monitor,Review Gloria Thornton for late_delivery_recovery before next outreach.,"Nelson DSS recommends, explains, and records human review. It does not automate customer decisions.",True
R9642,C000491,3423,Mary Smith,late_delivery_frustration,late_delivery_recovery,2026-05-06T00:00:00,Customer Success Lead,Monitor,Review Mary Smith for late_delivery_recovery before next outreach.,"Nelson DSS recommends, explains, and records human review. It does not automate customer decisions.",True
R9643,C000492,3838,Joseph Jackson,escalation_retention_case,executive_escalation,2026-05-06T00:00:00,Customer Success Lead,Escalate,Review Joseph Jackson for executive_escalation before next outreach.,"Nelson DSS recommends, explains, and records human review. It does not automate customer decisions.",True
R9644,C000492,3838,Joseph Jackson,escalation_retention_case,executive_escalation,2026-05-07T00:00:00,Customer Success Lead,Escalate,Review Joseph Jackson for executive_escalation before next outreach.,"Nelson DSS recommends, explains, and records human review. It does not automate customer decisions.",True
R9645,C000492,3838,Joseph Jackson,escalation_retention_case,executive_escalation,2026-05-08T00:00:00,Customer Success Lead,Escalate,Review Joseph Jackson for executive_escalation before next outreach.,"Nelson DSS recommends, explains, and records human review. It does not automate customer decisions.",True
R9646,C000493,603,Austin Smith,escalation_retention_case,executive_escalation,2026-05-06T00:00:00,Customer Success Lead,Escalate,Review Austin Smith for executive_escalation before next outreach.,"Nelson DSS recommends, explains, and records human review. It does not automate customer decisions.",True
R9647,C000493,603,Austin Smith,escalation_retention_case,executive_escalation,2026-05-07T00:00:00,Customer Success Lead,Escalate,Review Austin Smith for executive_escalation before next outreach.,"Nelson DSS recommends, explains, and records human review. It does not automate customer decisions.",True
R9648,C000493,603,Austin Smith,escalation_retention_case,executive_escalation,2026-05-08T00:00:00,Customer Success Lead,Escalate,Review Austin Smith for executive_escalation before next outreach.,"Nelson DSS recommends, explains, and records human review. It does not automate customer decisions.",True
R9649,C000494,5200,Jennifer Little,late_delivery_frustration,late_delivery_recovery,2026-05-06T00:00:00,Customer Success Lead,Monitor,Review Jennifer Little for late_delivery_recovery before next outreach.,"Nelson DSS recommends, explains, and records human review. It does not automate customer decisions.",True
R9650,C000495,6412,Mary Smith,late_delivery_frustration,late_delivery_recovery,2026-05-06T00:00:00,Customer Success Lead,Monitor,Review Mary Smith for late_delivery_recovery before next outreach.,"Nelson DSS recommends, explains, and records human review. It does not automate customer decisions.",True
R9651,C000497,11793,Thomas Riley,late_delivery_frustration,late_delivery_recovery,2026-05-06T00:00:00,Customer Success Lead,Monitor,Review Thomas Riley for late_delivery_recovery before next outreach.,"Nelson DSS recommends, explains, and records human review. It does not automate customer decisions.",True
R9652,C000498,11513,David Smith,late_delivery_frustration,late_delivery_recovery,2026-05-06T00:00:00,Customer Success Lead,Monitor,Review David Smith for late_delivery_recovery before next outreach.,"Nelson DSS recommends, explains, and records human review. It does not automate customer decisions.",True
R9653,C000500,1865,Mary Romero,escalation_retention_case,executive_escalation,2026-05-06T00:00:00,Customer Success Lead,Escalate,Review Mary Romero for executive_escalation before next outreach.,"Nelson DSS recommends, explains, and records human review. It does not automate customer decisions.",True
R9654,C000500,1865,Mary Romero,escalation_retention_case,executive_escalation,2026-05-07T00:00:00,Customer Success Lead,Escalate,Review Mary Romero for executive_escalation before next outreach.,"Nelson DSS recommends, explains, and records human review. It does not automate customer decisions.",True
R9655,C000500,1865,Mary Romero,escalation_retention_case,executive_escalation,2026-05-08T00:00:00,Customer Success Lead,Escalate,Review Mary Romero for executive_escalation before next outreach.,"Nelson DSS recommends, explains, and records human review. It does not automate customer decisions.",True
R9656,C000501,4930,Mary Preston,escalation_retention_case,executive_escalation,2026-05-06T00:00:00,Customer Success Lead,Escalate,Review Mary Preston for executive_escalation before next outreach.,"Nelson DSS recommends, explains, and records human review. It does not automate customer decisions.",True
R9657,C000501,4930,Mary Preston,escalation_retention_case,executive_escalation,2026-05-07T00:00:00,Customer Success Lead,Escalate,Review Mary Preston for executive_escalation before next outreach.,"Nelson DSS recommends, explains, and records human review. It does not automate customer decisions.",True
R9658,C000501,4930,Mary Preston,escalation_retention_case,executive_escalation,2026-05-08T00:00:00,Customer Success Lead,Escalate,Review Mary Preston for executive_escalation before next outreach.,"Nelson DSS recommends, explains, and records human review. It does not automate customer decisions.",True
R9659,C000503,1802,Cynthia Smith,late_delivery_frustration,late_delivery_recovery,2026-05-06T00:00:00,Customer Success Lead,Monitor,Review Cynthia Smith for late_delivery_recovery before next outreach.,"Nelson DSS recommends, explains, and records human review. It does not automate customer decisions.",True
R9660,C000504,2447,Mary Smith,escalation_retention_case,executive_escalation,2026-05-06T00:00:00,Customer Success Lead,Escalate,Review Mary Smith for executive_escalation before next outreach.,"Nelson DSS recommends, explains, and records human review. It does not automate customer decisions.",True
R9661,C000504,2447,Mary Smith,escalation_retention_case,executive_escalation,2026-05-07T00:00:00,Customer Success Lead,Escalate,Review Mary Smith for executive_escalation before next outreach.,"Nelson DSS recommends, explains, and records human review. It does not automate customer decisions.",True
R9662,C000504,2447,Mary Smith,escalation_retention_case,executive_escalation,2026-05-08T00:00:00,Customer Success Lead,Escalate,Review Mary Smith for executive_escalation before next outreach.,"Nelson DSS recommends, explains, and records human review. It does not automate customer decisions.",True
R9663,C000506,9053,William Smith,escalation_retention_case,executive_escalation,2026-05-06T00:00:00,Customer Success Lead,Escalate,Review William Smith for executive_escalation before next outreach.,"Nelson DSS recommends, explains, and records human review. It does not automate customer decisions.",True
R9664,C000506,9053,William Smith,escalation_retention_case,executive_escalation,2026-05-07T00:00:00,Customer Success Lead,Escalate,Review William Smith for executive_escalation before next outreach.,"Nelson DSS recommends, explains, and records human review. It does not automate customer decisions.",True
R9665,C000506,9053,William Smith,escalation_retention_case,executive_escalation,2026-05-08T00:00:00,Customer Success Lead,Escalate,Review William Smith for executive_escalation before next outreach.,"Nelson DSS recommends, explains, and records human review. It does not automate customer decisions.",True
R9666,C000507,12107,Sharon Patterson,late_delivery_frustration,late_delivery_recovery,2026-05-06T00:00:00,Customer Success Lead,Monitor,Review Sharon Patterson for late_delivery_recovery before next outreach.,"Nelson DSS recommends, explains, and records human review. It does not automate customer decisions.",True
R9667,C000509,6092,Mary Smith,escalation_retention_case,executive_escalation,2026-05-06T00:00:00,Customer Success Lead,Escalate,Review Mary Smith for executive_escalation before next outreach.,"Nelson DSS recommends, explains, and records human review. It does not automate customer decisions.",True
R9668,C000509,6092,Mary Smith,escalation_retention_case,executive_escalation,2026-05-07T00:00:00,Customer Success Lead,Escalate,Review Mary Smith for executive_escalation before next outreach.,"Nelson DSS recommends, explains, and records human review. It does not automate customer decisions.",True
R9669,C000509,6092,Mary Smith,escalation_retention_case,executive_escalation,2026-05-08T00:00:00,Customer Success Lead,Escalate,Review Mary Smith for executive_escalation before next outreach.,"Nelson DSS recommends, explains, and records human review. It does not automate customer decisions.",True
R9670,C000510,10559,Mary Jones,late_delivery_frustration,late_delivery_recovery,2026-05-06T00:00:00,Customer Success Lead,Monitor,Review Mary Jones for late_delivery_recovery before next outreach.,"Nelson DSS recommends, explains, and records human review. It does not automate customer decisions.",True
R9671,C000512,11421,Tiffany Brown,late_delivery_frustration,late_delivery_recovery,2026-05-06T00:00:00,Customer Success Lead,Monitor,Review Tiffany Brown for late_delivery_recovery before next outreach.,"Nelson DSS recommends, explains, and records human review. It does not automate customer decisions.",True
R9672,C000514,2581,Mary Smith,escalation_retention_case,executive_escalation,2026-05-06T00:00:00,Customer Success Lead,Escalate,Review Mary Smith for executive_escalation before next outreach.,"Nelson DSS recommends, explains, and records human review. It does not automate customer decisions.",True
R9673,C000514,2581,Mary Smith,escalation_retention_case,executive_escalation,2026-05-07T00:00:00,Customer Success Lead,Escalate,Review Mary Smith for executive_escalation before next outreach.,"Nelson DSS recommends, explains, and records human review. It does not automate customer decisions.",True
R9674,C000514,2581,Mary Smith,escalation_retention_case,executive_escalation,2026-05-08T00:00:00,Customer Success Lead,Escalate,Review Mary Smith for executive_escalation before next outreach.,"Nelson DSS recommends, explains, and records human review. It does not automate customer decisions.",True
R9675,C000515,4444,Russell Sullivan,escalation_retention_case,executive_escalation,2026-05-06T00:00:00,Customer Success Lead,Escalate,Review Russell Sullivan for executive_escalation before next outreach.,"Nelson DSS recommends, explains, and records human review. It does not automate customer decisions.",True
R9676,C000515,4444,Russell Sullivan,escalation_retention_case,executive_escalation,2026-05-07T00:00:00,Customer Success Lead,Escalate,Review Russell Sullivan for executive_escalation before next outreach.,"Nelson DSS recommends, explains, and records human review. It does not automate customer decisions.",True
R9677,C000515,4444,Russell Sullivan,escalation_retention_case,executive_escalation,2026-05-08T00:00:00,Customer Success Lead,Escalate,Review Russell Sullivan for executive_escalation before next outreach.,"Nelson DSS recommends, explains, and records human review. It does not automate customer decisions.",True
R9678,C000516,1989,Richard Leach,escalation_retention_case,executive_escalation,2026-05-06T00:00:00,Customer Success Lead,Escalate,Review Richard Leach for executive_escalation before next outreach.,"Nelson DSS recommends, explains, and records human review. It does not automate customer decisions.",True
R9679,C000516,1989,Richard Leach,escalation_retention_case,executive_escalation,2026-05-07T00:00:00,Customer Success Lead,Escalate,Review Richard Leach for executive_escalation before next outreach.,"Nelson DSS recommends, explains, and records human review. It does not automate customer decisions.",True
R9680,C000516,1989,Richard Leach,escalation_retention_case,executive_escalation,2026-05-08T00:00:00,Customer Success Lead,Escalate,Review Richard Leach for executive_escalation before next outreach.,"Nelson DSS recommends, explains, and records human review. It does not automate customer decisions.",True
R9681,C000517,5533,Mary Harrison,late_delivery_frustration,late_delivery_recovery,2026-05-06T00:00:00,Customer Success Lead,Monitor,Review Mary Harrison for late_delivery_recovery before next outreach.,"Nelson DSS recommends, explains, and records human review. It does not automate customer decisions.",True
R9682,C000518,6898,Nathan Butler,late_delivery_frustration,late_delivery_recovery,2026-05-06T00:00:00,Customer Success Lead,Monitor,Review Nathan Butler for late_delivery_recovery before next outreach.,"Nelson DSS recommends, explains, and records human review. It does not automate customer decisions.",True
R9683,C000520,6514,Crystal Contreras,escalation_retention_case,executive_escalation,2026-05-06T00:00:00,Customer Success Lead,Escalate,Review Crystal Contreras for executive_escalation before next outreach.,"Nelson DSS recommends, explains, and records human review. It does not automate customer decisions.",True
R9684,C000520,6514,Crystal Contreras,escalation_retention_case,executive_escalation,2026-05-07T00:00:00,Customer Success Lead,Escalate,Review Crystal Contreras for executive_escalation before next outreach.,"Nelson DSS recommends, explains, and records human review. It does not automate customer decisions.",True
R9685,C000520,6514,Crystal Contreras,escalation_retention_case,executive_escalation,2026-05-08T00:00:00,Customer Success Lead,Escalate,Review Crystal Contreras for executive_escalation before next outreach.,"Nelson DSS recommends, explains, and records human review. It does not automate customer decisions.",True
R9686,C000521,640,Jean Smith,escalation_retention_case,executive_escalation,2026-05-06T00:00:00,Customer Success Lead,Escalate,Review Jean Smith for executive_escalation before next outreach.,"Nelson DSS recommends, explains, and records human review. It does not automate customer decisions.",True
R9687,C000521,640,Jean Smith,escalation_retention_case,executive_escalation,2026-05-07T00:00:00,Customer Success Lead,Escalate,Review Jean Smith for executive_escalation before next outreach.,"Nelson DSS recommends, explains, and records human review. It does not automate customer decisions.",True
R9688,C000521,640,Jean Smith,escalation_retention_case,executive_escalation,2026-05-08T00:00:00,Customer Success Lead,Escalate,Review Jean Smith for executive_escalation before next outreach.,"Nelson DSS recommends, explains, and records human review. It does not automate customer decisions.",True
R9689,C000522,10650,Donna Carter,late_delivery_frustration,late_delivery_recovery,2026-05-06T00:00:00,Customer Success Lead,Monitor,Review Donna Carter for late_delivery_recovery before next outreach.,"Nelson DSS recommends, explains, and records human review. It does not automate customer decisions.",True
R9690,C000523,1962,Marie Smith,escalation_retention_case,executive_escalation,2026-05-06T00:00:00,Customer Success Lead,Escalate,Review Marie Smith for executive_escalation before next outreach.,"Nelson DSS recommends, explains, and records human review. It does not automate customer decisions.",True
R9691,C000523,1962,Marie Smith,escalation_retention_case,executive_escalation,2026-05-07T00:00:00,Customer Success Lead,Escalate,Review Marie Smith for executive_escalation before next outreach.,"Nelson DSS recommends, explains, and records human review. It does not automate customer decisions.",True
R9692,C000523,1962,Marie Smith,escalation_retention_case,executive_escalation,2026-05-08T00:00:00,Customer Success Lead,Escalate,Review Marie Smith for executive_escalation before next outreach.,"Nelson DSS recommends, explains, and records human review. It does not automate customer decisions.",True
R9693,C000524,2826,Lisa Wallace,late_delivery_frustration,late_delivery_recovery,2026-05-06T00:00:00,Customer Success Lead,Monitor,Review Lisa Wallace for late_delivery_recovery before next outreach.,"Nelson DSS recommends, explains, and records human review. It does not automate customer decisions.",True
R9694,C000525,142,Heather Smith,late_delivery_frustration,late_delivery_recovery,2026-05-06T00:00:00,Customer Success Lead,Monitor,Review Heather Smith for late_delivery_recovery before next outreach.,"Nelson DSS recommends, explains, and records human review. It does not automate customer decisions.",True
R9695,C000526,2451,Joshua Garcia,late_delivery_frustration,late_delivery_recovery,2026-05-06T00:00:00,Customer Success Lead,Monitor,Review Joshua Garcia for late_delivery_recovery before next outreach.,"Nelson DSS recommends, explains, and records human review. It does not automate customer decisions.",True
R9696,C000527,9971,Mary Smith,escalation_retention_case,executive_escalation,2026-05-06T00:00:00,Customer Success Lead,Escalate,Review Mary Smith for executive_escalation before next outreach.,"Nelson DSS recommends, explains, and records human review. It does not automate customer decisions.",True
R9697,C000527,9971,Mary Smith,escalation_retention_case,executive_escalation,2026-05-07T00:00:00,Customer Success Lead,Escalate,Review Mary Smith for executive_escalation before next outreach.,"Nelson DSS recommends, explains, and records human review. It does not automate customer decisions.",True
R9698,C000527,9971,Mary Smith,escalation_retention_case,executive_escalation,2026-05-08T00:00:00,Customer Success Lead,Escalate,Review Mary Smith for executive_escalation before next outreach.,"Nelson DSS recommends, explains, and records human review. It does not automate customer decisions.",True
R9699,C000528,335,Mary Smith,late_delivery_frustration,late_delivery_recovery,2026-05-06T00:00:00,Customer Success Lead,Monitor,Review Mary Smith for late_delivery_recovery before next outreach.,"Nelson DSS recommends, explains, and records human review. It does not automate customer decisions.",True
R9700,C000530,1739,Justin Smith,late_delivery_frustration,late_delivery_recovery,2026-05-06T00:00:00,Customer Success Lead,Monitor,Review Justin Smith for late_delivery_recovery before next outreach.,"Nelson DSS recommends, explains, and records human review. It does not automate customer decisions.",True
R9701,C000532,11403,Mary Smith,escalation_retention_case,executive_escalation,2026-05-06T00:00:00,Customer Success Lead,Escalate,Review Mary Smith for executive_escalation before next outreach.,"Nelson DSS recommends, explains, and records human review. It does not automate customer decisions.",True
R9702,C000532,11403,Mary Smith,escalation_retention_case,executive_escalation,2026-05-07T00:00:00,Customer Success Lead,Escalate,Review Mary Smith for executive_escalation before next outreach.,"Nelson DSS recommends, explains, and records human review. It does not automate customer decisions.",True
R9703,C000532,11403,Mary Smith,escalation_retention_case,executive_escalation,2026-05-08T00:00:00,Customer Success Lead,Escalate,Review Mary Smith for executive_escalation before next outreach.,"Nelson DSS recommends, explains, and records human review. It does not automate customer decisions.",True
R9704,C000533,4943,Paul Sosa,escalation_retention_case,executive_escalation,2026-05-06T00:00:00,Customer Success Lead,Escalate,Review Paul Sosa for executive_escalation before next outreach.,"Nelson DSS recommends, explains, and records human review. It does not automate customer decisions.",True
R9705,C000533,4943,Paul Sosa,escalation_retention_case,executive_escalation,2026-05-07T00:00:00,Customer Success Lead,Escalate,Review Paul Sosa for executive_escalation before next outreach.,"Nelson DSS recommends, explains, and records human review. It does not automate customer decisions.",True
R9706,C000533,4943,Paul Sosa,escalation_retention_case,executive_escalation,2026-05-08T00:00:00,Customer Success Lead,Escalate,Review Paul Sosa for executive_escalation before next outreach.,"Nelson DSS recommends, explains, and records human review. It does not automate customer decisions.",True
R9707,C000534,1512,Mary Rowe,escalation_retention_case,executive_escalation,2026-05-06T00:00:00,Customer Success Lead,Escalate,Review Mary Rowe for executive_escalation before next outreach.,"Nelson DSS recommends, explains, and records human review. It does not automate customer decisions.",True
R9708,C000534,1512,Mary Rowe,escalation_retention_case,executive_escalation,2026-05-07T00:00:00,Customer Success Lead,Escalate,Review Mary Rowe for executive_escalation before next outreach.,"Nelson DSS recommends, explains, and records human review. It does not automate customer decisions.",True
R9709,C000534,1512,Mary Rowe,escalation_retention_case,executive_escalation,2026-05-08T00:00:00,Customer Success Lead,Escalate,Review Mary Rowe for executive_escalation before next outreach.,"Nelson DSS recommends, explains, and records human review. It does not automate customer decisions.",True
R9710,C000535,4435,George Cross,late_delivery_frustration,late_delivery_recovery,2026-05-06T00:00:00,Customer Success Lead,Monitor,Review George Cross for late_delivery_recovery before next outreach.,"Nelson DSS recommends, explains, and records human review. It does not automate customer decisions.",True
R9711,C000537,731,Robert Smith,late_delivery_frustration,late_delivery_recovery,2026-05-06T00:00:00,Customer Success Lead,Monitor,Review Robert Smith for late_delivery_recovery before next outreach.,"Nelson DSS recommends, explains, and records human review. It does not automate customer decisions.",True
R9712,C000538,1804,Kathleen Lee,escalation_retention_case,executive_escalation,2026-05-06T00:00:00,Customer Success Lead,Escalate,Review Kathleen Lee for executive_escalation before next outreach.,"Nelson DSS recommends, explains, and records human review. It does not automate customer decisions.",True
R9713,C000538,1804,Kathleen Lee,escalation_retention_case,executive_escalation,2026-05-07T00:00:00,Customer Success Lead,Escalate,Review Kathleen Lee for executive_escalation before next outreach.,"Nelson DSS recommends, explains, and records human review. It does not automate customer decisions.",True
R9714,C000538,1804,Kathleen Lee,escalation_retention_case,executive_escalation,2026-05-08T00:00:00,Customer Success Lead,Escalate,Review Kathleen Lee for executive_escalation before next outreach.,"Nelson DSS recommends, explains, and records human review. It does not automate customer decisions.",True
R9715,C000539,6461,Patricia Delgado,late_delivery_frustration,late_delivery_recovery,2026-05-06T00:00:00,Customer Success Lead,Monitor,Review Patricia Delgado for late_delivery_recovery before next outreach.,"Nelson DSS recommends, explains, and records human review. It does not automate customer decisions.",True
R9716,C000540,4187,Jesse Mack,late_delivery_frustration,late_delivery_recovery,2026-05-06T00:00:00,Customer Success Lead,Monitor,Review Jesse Mack for late_delivery_recovery before next outreach.,"Nelson DSS recommends, explains, and records human review. It does not automate customer decisions.",True
R9717,C000542,4008,Diana Smith,late_delivery_frustration,late_delivery_recovery,2026-05-06T00:00:00,Customer Success Lead,Monitor,Review Diana Smith for late_delivery_recovery before next outreach.,"Nelson DSS recommends, explains, and records human review. It does not automate customer decisions.",True
R9718,C000543,1901,Jacob Smith,late_delivery_frustration,late_delivery_recovery,2026-05-06T00:00:00,Customer Success Lead,Monitor,Review Jacob Smith for late_delivery_recovery before next outreach.,"Nelson DSS recommends, explains, and records human review. It does not automate customer decisions.",True
R9719,C000544,1853,Mary Austin,escalation_retention_case,executive_escalation,2026-05-06T00:00:00,Customer Success Lead,Escalate,Review Mary Austin for executive_escalation before next outreach.,"Nelson DSS recommends, explains, and records human review. It does not automate customer decisions.",True
R9720,C000544,1853,Mary Austin,escalation_retention_case,executive_escalation,2026-05-07T00:00:00,Customer Success Lead,Escalate,Review Mary Austin for executive_escalation before next outreach.,"Nelson DSS recommends, explains, and records human review. It does not automate customer decisions.",True
R9721,C000544,1853,Mary Austin,escalation_retention_case,executive_escalation,2026-05-08T00:00:00,Customer Success Lead,Escalate,Review Mary Austin for executive_escalation before next outreach.,"Nelson DSS recommends, explains, and records human review. It does not automate customer decisions.",True
R9722,C000545,6581,Christian Smith,escalation_retention_case,executive_escalation,2026-05-06T00:00:00,Customer Success Lead,Escalate,Review Christian Smith for executive_escalation before next outreach.,"Nelson DSS recommends, explains, and records human review. It does not automate customer decisions.",True
R9723,C000545,6581,Christian Smith,escalation_retention_case,executive_escalation,2026-05-07T00:00:00,Customer Success Lead,Escalate,Review Christian Smith for executive_escalation before next outreach.,"Nelson DSS recommends, explains, and records human review. It does not automate customer decisions.",True
R9724,C000545,6581,Christian Smith,escalation_retention_case,executive_escalation,2026-05-08T00:00:00,Customer Success Lead,Escalate,Review Christian Smith for executive_escalation before next outreach.,"Nelson DSS recommends, explains, and records human review. It does not automate customer decisions.",True
R9725,C000549,2528,Mary Acevedo,late_delivery_frustration,late_delivery_recovery,2026-05-06T00:00:00,Customer Success Lead,Monitor,Review Mary Acevedo for late_delivery_recovery before next outreach.,"Nelson DSS recommends, explains, and records human review. It does not automate customer decisions.",True
R9726,C000550,9018,Mary Smith,escalation_retention_case,executive_escalation,2026-05-06T00:00:00,Customer Success Lead,Escalate,Review Mary Smith for executive_escalation before next outreach.,"Nelson DSS recommends, explains, and records human review. It does not automate customer decisions.",True
R9727,C000550,9018,Mary Smith,escalation_retention_case,executive_escalation,2026-05-07T00:00:00,Customer Success Lead,Escalate,Review Mary Smith for executive_escalation before next outreach.,"Nelson DSS recommends, explains, and records human review. It does not automate customer decisions.",True
R9728,C000550,9018,Mary Smith,escalation_retention_case,executive_escalation,2026-05-08T00:00:00,Customer Success Lead,Escalate,Review Mary Smith for executive_escalation before next outreach.,"Nelson DSS recommends, explains, and records human review. It does not automate customer decisions.",True
R9729,C000551,10490,Brenda Ramirez,escalation_retention_case,executive_escalation,2026-05-06T00:00:00,Customer Success Lead,Escalate,Review Brenda Ramirez for executive_escalation before next outreach.,"Nelson DSS recommends, explains, and records human review. It does not automate customer decisions.",True
R9730,C000551,10490,Brenda Ramirez,escalation_retention_case,executive_escalation,2026-05-07T00:00:00,Customer Success Lead,Escalate,Review Brenda Ramirez for executive_escalation before next outreach.,"Nelson DSS recommends, explains, and records human review. It does not automate customer decisions.",True
R9731,C000551,10490,Brenda Ramirez,escalation_retention_case,executive_escalation,2026-05-08T00:00:00,Customer Success Lead,Escalate,Review Brenda Ramirez for executive_escalation before next outreach.,"Nelson DSS recommends, explains, and records human review. It does not automate customer decisions.",True
R9732,C000552,8869,Thomas Lambert,late_delivery_frustration,late_delivery_recovery,2026-05-06T00:00:00,Customer Success Lead,Monitor,Review Thomas Lambert for late_delivery_recovery before next outreach.,"Nelson DSS recommends, explains, and records human review. It does not automate customer decisions.",True
R9733,C000553,10253,Kyle Smith,escalation_retention_case,executive_escalation,2026-05-06T00:00:00,Customer Success Lead,Escalate,Review Kyle Smith for executive_escalation before next outreach.,"Nelson DSS recommends, explains, and records human review. It does not automate customer decisions.",True
R9734,C000553,10253,Kyle Smith,escalation_retention_case,executive_escalation,2026-05-07T00:00:00,Customer Success Lead,Escalate,Review Kyle Smith for executive_escalation before next outreach.,"Nelson DSS recommends, explains, and records human review. It does not automate customer decisions.",True
R9735,C000553,10253,Kyle Smith,escalation_retention_case,executive_escalation,2026-05-08T00:00:00,Customer Success Lead,Escalate,Review Kyle Smith for executive_escalation before next outreach.,"Nelson DSS recommends, explains, and records human review. It does not automate customer decisions.",True
R9736,C000556,9636,Mary Cruz,escalation_retention_case,executive_escalation,2026-05-06T00:00:00,Customer Success Lead,Escalate,Review Mary Cruz for executive_escalation before next outreach.,"Nelson DSS recommends, explains, and records human review. It does not automate customer decisions.",True
R9737,C000556,9636,Mary Cruz,escalation_retention_case,executive_escalation,2026-05-07T00:00:00,Customer Success Lead,Escalate,Review Mary Cruz for executive_escalation before next outreach.,"Nelson DSS recommends, explains, and records human review. It does not automate customer decisions.",True
R9738,C000556,9636,Mary Cruz,escalation_retention_case,executive_escalation,2026-05-08T00:00:00,Customer Success Lead,Escalate,Review Mary Cruz for executive_escalation before next outreach.,"Nelson DSS recommends, explains, and records human review. It does not automate customer decisions.",True
R9739,C000557,5207,Catherine Erickson,late_delivery_frustration,late_delivery_recovery,2026-05-06T00:00:00,Customer Success Lead,Monitor,Review Catherine Erickson for late_delivery_recovery before next outreach.,"Nelson DSS recommends, explains, and records human review. It does not automate customer decisions.",True
R9740,C000558,11124,Mary Bowman,late_delivery_frustration,late_delivery_recovery,2026-05-06T00:00:00,Customer Success Lead,Monitor,Review Mary Bowman for late_delivery_recovery before next outreach.,"Nelson DSS recommends, explains, and records human review. It does not automate customer decisions.",True
R9741,C000559,5190,Mary Smith,escalation_retention_case,executive_escalation,2026-05-06T00:00:00,Customer Success Lead,Escalate,Review Mary Smith for executive_escalation before next outreach.,"Nelson DSS recommends, explains, and records human review. It does not automate customer decisions.",True
R9742,C000559,5190,Mary Smith,escalation_retention_case,executive_escalation,2026-05-07T00:00:00,Customer Success Lead,Escalate,Review Mary Smith for executive_escalation before next outreach.,"Nelson DSS recommends, explains, and records human review. It does not automate customer decisions.",True
R9743,C000559,5190,Mary Smith,escalation_retention_case,executive_escalation,2026-05-08T00:00:00,Customer Success Lead,Escalate,Review Mary Smith for executive_escalation before next outreach.,"Nelson DSS recommends, explains, and records human review. It does not automate customer decisions.",True
R9744,C000560,5658,Michael Wiley,late_delivery_frustration,late_delivery_recovery,2026-05-06T00:00:00,Customer Success Lead,Monitor,Review Michael Wiley for late_delivery_recovery before next outreach.,"Nelson DSS recommends, explains, and records human review. It does not automate customer decisions.",True
R9745,C000561,3136,Mary Sharp,late_delivery_frustration,late_delivery_recovery,2026-05-06T00:00:00,Customer Success Lead,Monitor,Review Mary Sharp for late_delivery_recovery before next outreach.,"Nelson DSS recommends, explains, and records human review. It does not automate customer decisions.",True
R9746,C000562,2540,Patricia Smith,escalation_retention_case,executive_escalation,2026-05-06T00:00:00,Customer Success Lead,Escalate,Review Patricia Smith for executive_escalation before next outreach.,"Nelson DSS recommends, explains, and records human review. It does not automate customer decisions.",True
R9747,C000562,2540,Patricia Smith,escalation_retention_case,executive_escalation,2026-05-07T00:00:00,Customer Success Lead,Escalate,Review Patricia Smith for executive_escalation before next outreach.,"Nelson DSS recommends, explains, and records human review. It does not automate customer decisions.",True
R9748,C000562,2540,Patricia Smith,escalation_retention_case,executive_escalation,2026-05-08T00:00:00,Customer Success Lead,Escalate,Review Patricia Smith for executive_escalation before next outreach.,"Nelson DSS recommends, explains, and records human review. It does not automate customer decisions.",True
R9749,C000563,6448,Mary Lawrence,late_delivery_frustration,late_delivery_recovery,2026-05-06T00:00:00,Customer Success Lead,Monitor,Review Mary Lawrence for late_delivery_recovery before next outreach.,"Nelson DSS recommends, explains, and records human review. It does not automate customer decisions.",True
R9750,C000565,7,Melissa Wilcox,escalation_retention_case,executive_escalation,2026-05-06T00:00:00,Customer Success Lead,Escalate,Review Melissa Wilcox for executive_escalation before next outreach.,"Nelson DSS recommends, explains, and records human review. It does not automate customer decisions.",True
R9751,C000565,7,Melissa Wilcox,escalation_retention_case,executive_escalation,2026-05-07T00:00:00,Customer Success Lead,Escalate,Review Melissa Wilcox for executive_escalation before next outreach.,"Nelson DSS recommends, explains, and records human review. It does not automate customer decisions.",True
R9752,C000565,7,Melissa Wilcox,escalation_retention_case,executive_escalation,2026-05-08T00:00:00,Customer Success Lead,Escalate,Review Melissa Wilcox for executive_escalation before next outreach.,"Nelson DSS recommends, explains, and records human review. It does not automate customer decisions.",True
R9753,C000566,10500,Mary Smith,late_delivery_frustration,late_delivery_recovery,2026-05-06T00:00:00,Customer Success Lead,Monitor,Review Mary Smith for late_delivery_recovery before next outreach.,"Nelson DSS recommends, explains, and records human review. It does not automate customer decisions.",True
R9754,C000567,5267,Mary Smith,late_delivery_frustration,late_delivery_recovery,2026-05-06T00:00:00,Customer Success Lead,Monitor,Review Mary Smith for late_delivery_recovery before next outreach.,"Nelson DSS recommends, explains, and records human review. It does not automate customer decisions.",True
R9755,C000570,6553,Larry House,late_delivery_frustration,late_delivery_recovery,2026-05-06T00:00:00,Customer Success Lead,Monitor,Review Larry House for late_delivery_recovery before next outreach.,"Nelson DSS recommends, explains, and records human review. It does not automate customer decisions.",True
R9756,C000571,8370,Mary Smith,escalation_retention_case,executive_escalation,2026-05-06T00:00:00,Customer Success Lead,Escalate,Review Mary Smith for executive_escalation before next outreach.,"Nelson DSS recommends, explains, and records human review. It does not automate customer decisions.",True
R9757,C000571,8370,Mary Smith,escalation_retention_case,executive_escalation,2026-05-07T00:00:00,Customer Success Lead,Escalate,Review Mary Smith for executive_escalation before next outreach.,"Nelson DSS recommends, explains, and records human review. It does not automate customer decisions.",True
R9758,C000571,8370,Mary Smith,escalation_retention_case,executive_escalation,2026-05-08T00:00:00,Customer Success Lead,Escalate,Review Mary Smith for executive_escalation before next outreach.,"Nelson DSS recommends, explains, and records human review. It does not automate customer decisions.",True
R9759,C000572,5815,Mary Proctor,late_delivery_frustration,late_delivery_recovery,2026-05-06T00:00:00,Customer Success Lead,Monitor,Review Mary Proctor for late_delivery_recovery before next outreach.,"Nelson DSS recommends, explains, and records human review. It does not automate customer decisions.",True
R9760,C000574,6065,Thomas Simmons,late_delivery_frustration,late_delivery_recovery,2026-05-06T00:00:00,Customer Success Lead,Monitor,Review Thomas Simmons for late_delivery_recovery before next outreach.,"Nelson DSS recommends, explains, and records human review. It does not automate customer decisions.",True
R9761,C000575,1810,James Miller,late_delivery_frustration,late_delivery_recovery,2026-05-06T00:00:00,Customer Success Lead,Monitor,Review James Miller for late_delivery_recovery before next outreach.,"Nelson DSS recommends, explains, and records human review. It does not automate customer decisions.",True
R9762,C000576,6430,Mary Jackson,escalation_retention_case,executive_escalation,2026-05-06T00:00:00,Customer Success Lead,Escalate,Review Mary Jackson for executive_escalation before next outreach.,"Nelson DSS recommends, explains, and records human review. It does not automate customer decisions.",True
R9763,C000576,6430,Mary Jackson,escalation_retention_case,executive_escalation,2026-05-07T00:00:00,Customer Success Lead,Escalate,Review Mary Jackson for executive_escalation before next outreach.,"Nelson DSS recommends, explains, and records human review. It does not automate customer decisions.",True
R9764,C000576,6430,Mary Jackson,escalation_retention_case,executive_escalation,2026-05-08T00:00:00,Customer Success Lead,Escalate,Review Mary Jackson for executive_escalation before next outreach.,"Nelson DSS recommends, explains, and records human review. It does not automate customer decisions.",True
R9765,C000579,2683,Mary Gallegos,late_delivery_frustration,late_delivery_recovery,2026-05-06T00:00:00,Customer Success Lead,Monitor,Review Mary Gallegos for late_delivery_recovery before next outreach.,"Nelson DSS recommends, explains, and records human review. It does not automate customer decisions.",True
R9766,C000580,6255,Joshua Smith,late_delivery_frustration,late_delivery_recovery,2026-05-06T00:00:00,Customer Success Lead,Monitor,Review Joshua Smith for late_delivery_recovery before next outreach.,"Nelson DSS recommends, explains, and records human review. It does not automate customer decisions.",True
R9767,C000581,10071,Mary Lawrence,late_delivery_frustration,late_delivery_recovery,2026-05-06T00:00:00,Customer Success Lead,Monitor,Review Mary Lawrence for late_delivery_recovery before next outreach.,"Nelson DSS recommends, explains, and records human review. It does not automate customer decisions.",True
R9768,C000582,7749,Amy Gibson,escalation_retention_case,executive_escalation,2026-05-06T00:00:00,Customer Success Lead,Escalate,Review Amy Gibson for executive_escalation before next outreach.,"Nelson DSS recommends, explains, and records human review. It does not automate customer decisions.",True
R9769,C000582,7749,Amy Gibson,escalation_retention_case,executive_escalation,2026-05-07T00:00:00,Customer Success Lead,Escalate,Review Amy Gibson for executive_escalation before next outreach.,"Nelson DSS recommends, explains, and records human review. It does not automate customer decisions.",True
R9770,C000582,7749,Amy Gibson,escalation_retention_case,executive_escalation,2026-05-08T00:00:00,Customer Success Lead,Escalate,Review Amy Gibson for executive_escalation before next outreach.,"Nelson DSS recommends, explains, and records human review. It does not automate customer decisions.",True
R9771,C000583,7777,Evelyn Rogers,late_delivery_frustration,late_delivery_recovery,2026-05-06T00:00:00,Customer Success Lead,Monitor,Review Evelyn Rogers for late_delivery_recovery before next outreach.,"Nelson DSS recommends, explains, and records human review. It does not automate customer decisions.",True
R9772,C000584,3830,William Smith,late_delivery_frustration,late_delivery_recovery,2026-05-06T00:00:00,Customer Success Lead,Monitor,Review William Smith for late_delivery_recovery before next outreach.,"Nelson DSS recommends, explains, and records human review. It does not automate customer decisions.",True
R9773,C000585,11056,Larry Booker,late_delivery_frustration,late_delivery_recovery,2026-05-06T00:00:00,Customer Success Lead,Monitor,Review Larry Booker for late_delivery_recovery before next outreach.,"Nelson DSS recommends, explains, and records human review. It does not automate customer decisions.",True
R9774,C000586,11576,Richard Andrade,escalation_retention_case,executive_escalation,2026-05-06T00:00:00,Customer Success Lead,Escalate,Review Richard Andrade for executive_escalation before next outreach.,"Nelson DSS recommends, explains, and records human review. It does not automate customer decisions.",True
R9775,C000586,11576,Richard Andrade,escalation_retention_case,executive_escalation,2026-05-07T00:00:00,Customer Success Lead,Escalate,Review Richard Andrade for executive_escalation before next outreach.,"Nelson DSS recommends, explains, and records human review. It does not automate customer decisions.",True
R9776,C000586,11576,Richard Andrade,escalation_retention_case,executive_escalation,2026-05-08T00:00:00,Customer Success Lead,Escalate,Review Richard Andrade for executive_escalation before next outreach.,"Nelson DSS recommends, explains, and records human review. It does not automate customer decisions.",True
R9777,C000587,7575,Mary Romero,late_delivery_frustration,late_delivery_recovery,2026-05-06T00:00:00,Customer Success Lead,Monitor,Review Mary Romero for late_delivery_recovery before next outreach.,"Nelson DSS recommends, explains, and records human review. It does not automate customer decisions.",True
R9778,C000588,10849,Hannah Simpson,escalation_retention_case,executive_escalation,2026-05-06T00:00:00,Customer Success Lead,Escalate,Review Hannah Simpson for executive_escalation before next outreach.,"Nelson DSS recommends, explains, and records human review. It does not automate customer decisions.",True
R9779,C000588,10849,Hannah Simpson,escalation_retention_case,executive_escalation,2026-05-07T00:00:00,Customer Success Lead,Escalate,Review Hannah Simpson for executive_escalation before next outreach.,"Nelson DSS recommends, explains, and records human review. It does not automate customer decisions.",True
R9780,C000588,10849,Hannah Simpson,escalation_retention_case,executive_escalation,2026-05-08T00:00:00,Customer Success Lead,Escalate,Review Hannah Simpson for executive_escalation before next outreach.,"Nelson DSS recommends, explains, and records human review. It does not automate customer decisions.",True
R9781,C000589,4914,Mary Curtis,late_delivery_frustration,late_delivery_recovery,2026-05-06T00:00:00,Customer Success Lead,Monitor,Review Mary Curtis for late_delivery_recovery before next outreach.,"Nelson DSS recommends, explains, and records human review. It does not automate customer decisions.",True
R9782,C000590,10258,Joyce Gonzalez,late_delivery_frustration,late_delivery_recovery,2026-05-06T00:00:00,Customer Success Lead,Monitor,Review Joyce Gonzalez for late_delivery_recovery before next outreach.,"Nelson DSS recommends, explains, and records human review. It does not automate customer decisions.",True
R9783,C000592,10886,Scott Smith,late_delivery_frustration,late_delivery_recovery,2026-05-06T00:00:00,Customer Success Lead,Monitor,Review Scott Smith for late_delivery_recovery before next outreach.,"Nelson DSS recommends, explains, and records human review. It does not automate customer decisions.",True
R9784,C000593,4318,Mary Fletcher,escalation_retention_case,executive_escalation,2026-05-06T00:00:00,Customer Success Lead,Escalate,Review Mary Fletcher for executive_escalation before next outreach.,"Nelson DSS recommends, explains, and records human review. It does not automate customer decisions.",True
R9785,C000593,4318,Mary Fletcher,escalation_retention_case,executive_escalation,2026-05-07T00:00:00,Customer Success Lead,Escalate,Review Mary Fletcher for executive_escalation before next outreach.,"Nelson DSS recommends, explains, and records human review. It does not automate customer decisions.",True
R9786,C000593,4318,Mary Fletcher,escalation_retention_case,executive_escalation,2026-05-08T00:00:00,Customer Success Lead,Escalate,Review Mary Fletcher for executive_escalation before next outreach.,"Nelson DSS recommends, explains, and records human review. It does not automate customer decisions.",True
R9787,C000594,12064,Tammy Smith,late_delivery_frustration,late_delivery_recovery,2026-05-06T00:00:00,Customer Success Lead,Monitor,Review Tammy Smith for late_delivery_recovery before next outreach.,"Nelson DSS recommends, explains, and records human review. It does not automate customer decisions.",True
R9788,C000595,10965,Robert Smith,late_delivery_frustration,late_delivery_recovery,2026-05-06T00:00:00,Customer Success Lead,Monitor,Review Robert Smith for late_delivery_recovery before next outreach.,"Nelson DSS recommends, explains, and records human review. It does not automate customer decisions.",True
R9789,C000596,11068,Roger Smith,late_delivery_frustration,late_delivery_recovery,2026-05-06T00:00:00,Customer Success Lead,Monitor,Review Roger Smith for late_delivery_recovery before next outreach.,"Nelson DSS recommends, explains, and records human review. It does not automate customer decisions.",True
R9790,C000597,10834,Susan Sullivan,late_delivery_frustration,late_delivery_recovery,2026-05-06T00:00:00,Customer Success Lead,Monitor,Review Susan Sullivan for late_delivery_recovery before next outreach.,"Nelson DSS recommends, explains, and records human review. It does not automate customer decisions.",True
R9791,C000599,5047,Shirley Whitehead,late_delivery_frustration,late_delivery_recovery,2026-05-06T00:00:00,Customer Success Lead,Monitor,Review Shirley Whitehead for late_delivery_recovery before next outreach.,"Nelson DSS recommends, explains, and records human review. It does not automate customer decisions.",True
R9792,C000600,7268,Mary Reed,late_delivery_frustration,late_delivery_recovery,2026-05-06T00:00:00,Customer Success Lead,Monitor,Review Mary Reed for late_delivery_recovery before next outreach.,"Nelson DSS recommends, explains, and records human review. It does not automate customer decisions.",True
R9793,C000601,801,Elizabeth Parker,escalation_retention_case,executive_escalation,2026-05-06T00:00:00,Customer Success Lead,Escalate,Review Elizabeth Parker for executive_escalation before next outreach.,"Nelson DSS recommends, explains, and records human review. It does not automate customer decisions.",True
R9794,C000601,801,Elizabeth Parker,escalation_retention_case,executive_escalation,2026-05-07T00:00:00,Customer Success Lead,Escalate,Review Elizabeth Parker for executive_escalation before next outreach.,"Nelson DSS recommends, explains, and records human review. It does not automate customer decisions.",True
R9795,C000601,801,Elizabeth Parker,escalation_retention_case,executive_escalation,2026-05-08T00:00:00,Customer Success Lead,Escalate,Review Elizabeth Parker for executive_escalation before next outreach.,"Nelson DSS recommends, explains, and records human review. It does not automate customer decisions.",True
R9796,C000602,1607,Mary Ortiz,late_delivery_frustration,late_delivery_recovery,2026-05-06T00:00:00,Customer Success Lead,Monitor,Review Mary Ortiz for late_delivery_recovery before next outreach.,"Nelson DSS recommends, explains, and records human review. It does not automate customer decisions.",True
R9797,C000603,10493,Frances Taylor,late_delivery_frustration,late_delivery_recovery,2026-05-06T00:00:00,Customer Success Lead,Monitor,Review Frances Taylor for late_delivery_recovery before next outreach.,"Nelson DSS recommends, explains, and records human review. It does not automate customer decisions.",True
R9798,C000604,3184,Tyler Smith,late_delivery_frustration,late_delivery_recovery,2026-05-06T00:00:00,Customer Success Lead,Monitor,Review Tyler Smith for late_delivery_recovery before next outreach.,"Nelson DSS recommends, explains, and records human review. It does not automate customer decisions.",True
R9799,C000608,1927,Laura Stevens,escalation_retention_case,executive_escalation,2026-05-06T00:00:00,Customer Success Lead,Escalate,Review Laura Stevens for executive_escalation before next outreach.,"Nelson DSS recommends, explains, and records human review. It does not automate customer decisions.",True
R9800,C000608,1927,Laura Stevens,escalation_retention_case,executive_escalation,2026-05-07T00:00:00,Customer Success Lead,Escalate,Review Laura Stevens for executive_escalation before next outreach.,"Nelson DSS recommends, explains, and records human review. It does not automate customer decisions.",True
R9801,C000608,1927,Laura Stevens,escalation_retention_case,executive_escalation,2026-05-08T00:00:00,Customer Success Lead,Escalate,Review Laura Stevens for executive_escalation before next outreach.,"Nelson DSS recommends, explains, and records human review. It does not automate customer decisions.",True
R9802,C000609,11516,Kevin Smith,escalation_retention_case,executive_escalation,2026-05-06T00:00:00,Customer Success Lead,Escalate,Review Kevin Smith for executive_escalation before next outreach.,"Nelson DSS recommends, explains, and records human review. It does not automate customer decisions.",True
R9803,C000609,11516,Kevin Smith,escalation_retention_case,executive_escalation,2026-05-07T00:00:00,Customer Success Lead,Escalate,Review Kevin Smith for executive_escalation before next outreach.,"Nelson DSS recommends, explains, and records human review. It does not automate customer decisions.",True
R9804,C000609,11516,Kevin Smith,escalation_retention_case,executive_escalation,2026-05-08T00:00:00,Customer Success Lead,Escalate,Review Kevin Smith for executive_escalation before next outreach.,"Nelson DSS recommends, explains, and records human review. It does not automate customer decisions.",True
R9805,C000610,3302,Terry Smith,late_delivery_frustration,late_delivery_recovery,2026-05-06T00:00:00,Customer Success Lead,Monitor,Review Terry Smith for late_delivery_recovery before next outreach.,"Nelson DSS recommends, explains, and records human review. It does not automate customer decisions.",True
R9806,C000611,7762,Mary Roberson,late_delivery_frustration,late_delivery_recovery,2026-05-06T00:00:00,Customer Success Lead,Monitor,Review Mary Roberson for late_delivery_recovery before next outreach.,"Nelson DSS recommends, explains, and records human review. It does not automate customer decisions.",True
R9807,C000612,2549,Stephanie Smith,late_delivery_frustration,late_delivery_recovery,2026-05-06T00:00:00,Customer Success Lead,Monitor,Review Stephanie Smith for late_delivery_recovery before next outreach.,"Nelson DSS recommends, explains, and records human review. It does not automate customer decisions.",True
R9808,C000613,3180,Raymond Smith,escalation_retention_case,executive_escalation,2026-05-06T00:00:00,Customer Success Lead,Escalate,Review Raymond Smith for executive_escalation before next outreach.,"Nelson DSS recommends, explains, and records human review. It does not automate customer decisions.",True
R9809,C000613,3180,Raymond Smith,escalation_retention_case,executive_escalation,2026-05-07T00:00:00,Customer Success Lead,Escalate,Review Raymond Smith for executive_escalation before next outreach.,"Nelson DSS recommends, explains, and records human review. It does not automate customer decisions.",True
R9810,C000613,3180,Raymond Smith,escalation_retention_case,executive_escalation,2026-05-08T00:00:00,Customer Success Lead,Escalate,Review Raymond Smith for executive_escalation before next outreach.,"Nelson DSS recommends, explains, and records human review. It does not automate customer decisions.",True
R9811,C000615,12189,Judith Hicks,escalation_retention_case,executive_escalation,2026-05-06T00:00:00,Customer Success Lead,Escalate,Review Judith Hicks for executive_escalation before next outreach.,"Nelson DSS recommends, explains, and records human review. It does not automate customer decisions.",True
R9812,C000615,12189,Judith Hicks,escalation_retention_case,executive_escalation,2026-05-07T00:00:00,Customer Success Lead,Escalate,Review Judith Hicks for executive_escalation before next outreach.,"Nelson DSS recommends, explains, and records human review. It does not automate customer decisions.",True
R9813,C000615,12189,Judith Hicks,escalation_retention_case,executive_escalation,2026-05-08T00:00:00,Customer Success Lead,Escalate,Review Judith Hicks for executive_escalation before next outreach.,"Nelson DSS recommends, explains, and records human review. It does not automate customer decisions.",True
R9814,C000618,7802,Mary Acevedo,escalation_retention_case,executive_escalation,2026-05-06T00:00:00,Customer Success Lead,Escalate,Review Mary Acevedo for executive_escalation before next outreach.,"Nelson DSS recommends, explains, and records human review. It does not automate customer decisions.",True
R9815,C000618,7802,Mary Acevedo,escalation_retention_case,executive_escalation,2026-05-07T00:00:00,Customer Success Lead,Escalate,Review Mary Acevedo for executive_escalation before next outreach.,"Nelson DSS recommends, explains, and records human review. It does not automate customer decisions.",True
R9816,C000618,7802,Mary Acevedo,escalation_retention_case,executive_escalation,2026-05-08T00:00:00,Customer Success Lead,Escalate,Review Mary Acevedo for executive_escalation before next outreach.,"Nelson DSS recommends, explains, and records human review. It does not automate customer decisions.",True
R9817,C000619,9161,Mary Smith,escalation_retention_case,executive_escalation,2026-05-06T00:00:00,Customer Success Lead,Escalate,Review Mary Smith for executive_escalation before next outreach.,"Nelson DSS recommends, explains, and records human review. It does not automate customer decisions.",True
R9818,C000619,9161,Mary Smith,escalation_retention_case,executive_escalation,2026-05-07T00:00:00,Customer Success Lead,Escalate,Review Mary Smith for executive_escalation before next outreach.,"Nelson DSS recommends, explains, and records human review. It does not automate customer decisions.",True
R9819,C000619,9161,Mary Smith,escalation_retention_case,executive_escalation,2026-05-08T00:00:00,Customer Success Lead,Escalate,Review Mary Smith for executive_escalation before next outreach.,"Nelson DSS recommends, explains, and records human review. It does not automate customer decisions.",True
R9820,C000621,4704,Henry James,late_delivery_frustration,late_delivery_recovery,2026-05-06T00:00:00,Customer Success Lead,Monitor,Review Henry James for late_delivery_recovery before next outreach.,"Nelson DSS recommends, explains, and records human review. It does not automate customer decisions.",True
R9821,C000622,5364,Thomas Colon,escalation_retention_case,executive_escalation,2026-05-06T00:00:00,Customer Success Lead,Escalate,Review Thomas Colon for executive_escalation before next outreach.,"Nelson DSS recommends, explains, and records human review. It does not automate customer decisions.",True
R9822,C000622,5364,Thomas Colon,escalation_retention_case,executive_escalation,2026-05-07T00:00:00,Customer Success Lead,Escalate,Review Thomas Colon for executive_escalation before next outreach.,"Nelson DSS recommends, explains, and records human review. It does not automate customer decisions.",True
R9823,C000622,5364,Thomas Colon,escalation_retention_case,executive_escalation,2026-05-08T00:00:00,Customer Success Lead,Escalate,Review Thomas Colon for executive_escalation before next outreach.,"Nelson DSS recommends, explains, and records human review. It does not automate customer decisions.",True
R9824,C000623,11417,Kenneth Whitney,escalation_retention_case,executive_escalation,2026-05-06T00:00:00,Customer Success Lead,Escalate,Review Kenneth Whitney for executive_escalation before next outreach.,"Nelson DSS recommends, explains, and records human review. It does not automate customer decisions.",True
R9825,C000623,11417,Kenneth Whitney,escalation_retention_case,executive_escalation,2026-05-07T00:00:00,Customer Success Lead,Escalate,Review Kenneth Whitney for executive_escalation before next outreach.,"Nelson DSS recommends, explains, and records human review. It does not automate customer decisions.",True
R9826,C000623,11417,Kenneth Whitney,escalation_retention_case,executive_escalation,2026-05-08T00:00:00,Customer Success Lead,Escalate,Review Kenneth Whitney for executive_escalation before next outreach.,"Nelson DSS recommends, explains, and records human review. It does not automate customer decisions.",True
R9827,C000626,11554,Hannah Marshall,late_delivery_frustration,late_delivery_recovery,2026-05-06T00:00:00,Customer Success Lead,Monitor,Review Hannah Marshall for late_delivery_recovery before next outreach.,"Nelson DSS recommends, explains, and records human review. It does not automate customer decisions.",True
R9828,C000628,6428,Mary Smith,late_delivery_frustration,late_delivery_recovery,2026-05-06T00:00:00,Customer Success Lead,Monitor,Review Mary Smith for late_delivery_recovery before next outreach.,"Nelson DSS recommends, explains, and records human review. It does not automate customer decisions.",True
R9829,C000630,1832,Mary Valenzuela,late_delivery_frustration,late_delivery_recovery,2026-05-06T00:00:00,Customer Success Lead,Monitor,Review Mary Valenzuela for late_delivery_recovery before next outreach.,"Nelson DSS recommends, explains, and records human review. It does not automate customer decisions.",True
R9830,C000631,4552,Janice Smith,escalation_retention_case,executive_escalation,2026-05-06T00:00:00,Customer Success Lead,Escalate,Review Janice Smith for executive_escalation before next outreach.,"Nelson DSS recommends, explains, and records human review. It does not automate customer decisions.",True
R9831,C000631,4552,Janice Smith,escalation_retention_case,executive_escalation,2026-05-07T00:00:00,Customer Success Lead,Escalate,Review Janice Smith for executive_escalation before next outreach.,"Nelson DSS recommends, explains, and records human review. It does not automate customer decisions.",True
R9832,C000631,4552,Janice Smith,escalation_retention_case,executive_escalation,2026-05-08T00:00:00,Customer Success Lead,Escalate,Review Janice Smith for executive_escalation before next outreach.,"Nelson DSS recommends, explains, and records human review. It does not automate customer decisions.",True
R9833,C000633,2800,Edward Hernandez,late_delivery_frustration,late_delivery_recovery,2026-05-06T00:00:00,Customer Success Lead,Monitor,Review Edward Hernandez for late_delivery_recovery before next outreach.,"Nelson DSS recommends, explains, and records human review. It does not automate customer decisions.",True
R9834,C000636,2844,Robert Smith,late_delivery_frustration,late_delivery_recovery,2026-05-06T00:00:00,Customer Success Lead,Monitor,Review Robert Smith for late_delivery_recovery before next outreach.,"Nelson DSS recommends, explains, and records human review. It does not automate customer decisions.",True
R9835,C000637,8954,Mary Hayden,late_delivery_frustration,late_delivery_recovery,2026-05-06T00:00:00,Customer Success Lead,Monitor,Review Mary Hayden for late_delivery_recovery before next outreach.,"Nelson DSS recommends, explains, and records human review. It does not automate customer decisions.",True
R9836,C000638,9603,Mary Moore,late_delivery_frustration,late_delivery_recovery,2026-05-06T00:00:00,Customer Success Lead,Monitor,Review Mary Moore for late_delivery_recovery before next outreach.,"Nelson DSS recommends, explains, and records human review. It does not automate customer decisions.",True
R9837,C000639,8254,Jesse Esparza,late_delivery_frustration,late_delivery_recovery,2026-05-06T00:00:00,Customer Success Lead,Monitor,Review Jesse Esparza for late_delivery_recovery before next outreach.,"Nelson DSS recommends, explains, and records human review. It does not automate customer decisions.",True
R9838,C000641,4200,Ralph Campbell,late_delivery_frustration,late_delivery_recovery,2026-05-06T00:00:00,Customer Success Lead,Monitor,Review Ralph Campbell for late_delivery_recovery before next outreach.,"Nelson DSS recommends, explains, and records human review. It does not automate customer decisions.",True
R9839,C000642,564,Mary Mccann,late_delivery_frustration,late_delivery_recovery,2026-05-06T00:00:00,Customer Success Lead,Monitor,Review Mary Mccann for late_delivery_recovery before next outreach.,"Nelson DSS recommends, explains, and records human review. It does not automate customer decisions.",True
R9840,C000643,1387,Mary Smith,late_delivery_frustration,late_delivery_recovery,2026-05-06T00:00:00,Customer Success Lead,Monitor,Review Mary Smith for late_delivery_recovery before next outreach.,"Nelson DSS recommends, explains, and records human review. It does not automate customer decisions.",True
R9841,C000644,12238,Rebecca Gallagher,late_delivery_frustration,late_delivery_recovery,2026-05-06T00:00:00,Customer Success Lead,Monitor,Review Rebecca Gallagher for late_delivery_recovery before next outreach.,"Nelson DSS recommends, explains, and records human review. It does not automate customer decisions.",True
R9842,C000645,6907,Timothy Smith,late_delivery_frustration,late_delivery_recovery,2026-05-06T00:00:00,Customer Success Lead,Monitor,Review Timothy Smith for late_delivery_recovery before next outreach.,"Nelson DSS recommends, explains, and records human review. It does not automate customer decisions.",True
R9843,C000646,7616,Mary Mason,escalation_retention_case,executive_escalation,2026-05-06T00:00:00,Customer Success Lead,Escalate,Review Mary Mason for executive_escalation before next outreach.,"Nelson DSS recommends, explains, and records human review. It does not automate customer decisions.",True
R9844,C000646,7616,Mary Mason,escalation_retention_case,executive_escalation,2026-05-07T00:00:00,Customer Success Lead,Escalate,Review Mary Mason for executive_escalation before next outreach.,"Nelson DSS recommends, explains, and records human review. It does not automate customer decisions.",True
R9845,C000646,7616,Mary Mason,escalation_retention_case,executive_escalation,2026-05-08T00:00:00,Customer Success Lead,Escalate,Review Mary Mason for executive_escalation before next outreach.,"Nelson DSS recommends, explains, and records human review. It does not automate customer decisions.",True
R9846,C000647,4807,Raymond Rodgers,late_delivery_frustration,late_delivery_recovery,2026-05-06T00:00:00,Customer Success Lead,Monitor,Review Raymond Rodgers for late_delivery_recovery before next outreach.,"Nelson DSS recommends, explains, and records human review. It does not automate customer decisions.",True
R9847,C000648,7940,Mary Mejia,escalation_retention_case,executive_escalation,2026-05-06T00:00:00,Customer Success Lead,Escalate,Review Mary Mejia for executive_escalation before next outreach.,"Nelson DSS recommends, explains, and records human review. It does not automate customer decisions.",True
R9848,C000648,7940,Mary Mejia,escalation_retention_case,executive_escalation,2026-05-07T00:00:00,Customer Success Lead,Escalate,Review Mary Mejia for executive_escalation before next outreach.,"Nelson DSS recommends, explains, and records human review. It does not automate customer decisions.",True
R9849,C000648,7940,Mary Mejia,escalation_retention_case,executive_escalation,2026-05-08T00:00:00,Customer Success Lead,Escalate,Review Mary Mejia for executive_escalation before next outreach.,"Nelson DSS recommends, explains, and records human review. It does not automate customer decisions.",True
R9850,C000649,9077,Sean Smith,late_delivery_frustration,late_delivery_recovery,2026-05-06T00:00:00,Customer Success Lead,Monitor,Review Sean Smith for late_delivery_recovery before next outreach.,"Nelson DSS recommends, explains, and records human review. It does not automate customer decisions.",True
R9851,C000650,3304,Amanda Gibson,escalation_retention_case,executive_escalation,2026-05-06T00:00:00,Customer Success Lead,Escalate,Review Amanda Gibson for executive_escalation before next outreach.,"Nelson DSS recommends, explains, and records human review. It does not automate customer decisions.",True
R9852,C000650,3304,Amanda Gibson,escalation_retention_case,executive_escalation,2026-05-07T00:00:00,Customer Success Lead,Escalate,Review Amanda Gibson for executive_escalation before next outreach.,"Nelson DSS recommends, explains, and records human review. It does not automate customer decisions.",True
R9853,C000650,3304,Amanda Gibson,escalation_retention_case,executive_escalation,2026-05-08T00:00:00,Customer Success Lead,Escalate,Review Amanda Gibson for executive_escalation before next outreach.,"Nelson DSS recommends, explains, and records human review. It does not automate customer decisions.",True
R9854,C000651,2071,Walter Howard,late_delivery_frustration,late_delivery_recovery,2026-05-06T00:00:00,Customer Success Lead,Monitor,Review Walter Howard for late_delivery_recovery before next outreach.,"Nelson DSS recommends, explains, and records human review. It does not automate customer decisions.",True
R9855,C000655,7176,Mary Hudson,escalation_retention_case,executive_escalation,2026-05-06T00:00:00,Customer Success Lead,Escalate,Review Mary Hudson for executive_escalation before next outreach.,"Nelson DSS recommends, explains, and records human review. It does not automate customer decisions.",True
R9856,C000655,7176,Mary Hudson,escalation_retention_case,executive_escalation,2026-05-07T00:00:00,Customer Success Lead,Escalate,Review Mary Hudson for executive_escalation before next outreach.,"Nelson DSS recommends, explains, and records human review. It does not automate customer decisions.",True
R9857,C000655,7176,Mary Hudson,escalation_retention_case,executive_escalation,2026-05-08T00:00:00,Customer Success Lead,Escalate,Review Mary Hudson for executive_escalation before next outreach.,"Nelson DSS recommends, explains, and records human review. It does not automate customer decisions.",True
R9858,C000656,11224,Mary Smith,late_delivery_frustration,late_delivery_recovery,2026-05-06T00:00:00,Customer Success Lead,Monitor,Review Mary Smith for late_delivery_recovery before next outreach.,"Nelson DSS recommends, explains, and records human review. It does not automate customer decisions.",True
R9859,C000658,10916,Randy Smith,late_delivery_frustration,late_delivery_recovery,2026-05-06T00:00:00,Customer Success Lead,Monitor,Review Randy Smith for late_delivery_recovery before next outreach.,"Nelson DSS recommends, explains, and records human review. It does not automate customer decisions.",True
R9860,C000659,4212,Robert Mendez,escalation_retention_case,executive_escalation,2026-05-06T00:00:00,Customer Success Lead,Escalate,Review Robert Mendez for executive_escalation before next outreach.,"Nelson DSS recommends, explains, and records human review. It does not automate customer decisions.",True
R9861,C000659,4212,Robert Mendez,escalation_retention_case,executive_escalation,2026-05-07T00:00:00,Customer Success Lead,Escalate,Review Robert Mendez for executive_escalation before next outreach.,"Nelson DSS recommends, explains, and records human review. It does not automate customer decisions.",True
R9862,C000659,4212,Robert Mendez,escalation_retention_case,executive_escalation,2026-05-08T00:00:00,Customer Success Lead,Escalate,Review Robert Mendez for executive_escalation before next outreach.,"Nelson DSS recommends, explains, and records human review. It does not automate customer decisions.",True
R9863,C000660,2384,Mary Mays,late_delivery_frustration,late_delivery_recovery,2026-05-06T00:00:00,Customer Success Lead,Monitor,Review Mary Mays for late_delivery_recovery before next outreach.,"Nelson DSS recommends, explains, and records human review. It does not automate customer decisions.",True
R9864,C000661,12019,Mary Walters,escalation_retention_case,executive_escalation,2026-05-06T00:00:00,Customer Success Lead,Escalate,Review Mary Walters for executive_escalation before next outreach.,"Nelson DSS recommends, explains, and records human review. It does not automate customer decisions.",True
R9865,C000661,12019,Mary Walters,escalation_retention_case,executive_escalation,2026-05-07T00:00:00,Customer Success Lead,Escalate,Review Mary Walters for executive_escalation before next outreach.,"Nelson DSS recommends, explains, and records human review. It does not automate customer decisions.",True
R9866,C000661,12019,Mary Walters,escalation_retention_case,executive_escalation,2026-05-08T00:00:00,Customer Success Lead,Escalate,Review Mary Walters for executive_escalation before next outreach.,"Nelson DSS recommends, explains, and records human review. It does not automate customer decisions.",True
R9867,C000662,12075,Aaron Carr,escalation_retention_case,executive_escalation,2026-05-06T00:00:00,Customer Success Lead,Escalate,Review Aaron Carr for executive_escalation before next outreach.,"Nelson DSS recommends, explains, and records human review. It does not automate customer decisions.",True
R9868,C000662,12075,Aaron Carr,escalation_retention_case,executive_escalation,2026-05-07T00:00:00,Customer Success Lead,Escalate,Review Aaron Carr for executive_escalation before next outreach.,"Nelson DSS recommends, explains, and records human review. It does not automate customer decisions.",True
R9869,C000662,12075,Aaron Carr,escalation_retention_case,executive_escalation,2026-05-08T00:00:00,Customer Success Lead,Escalate,Review Aaron Carr for executive_escalation before next outreach.,"Nelson DSS recommends, explains, and records human review. It does not automate customer decisions.",True
R9870,C000663,4399,Richard Smith,late_delivery_frustration,late_delivery_recovery,2026-05-06T00:00:00,Customer Success Lead,Monitor,Review Richard Smith for late_delivery_recovery before next outreach.,"Nelson DSS recommends, explains, and records human review. It does not automate customer decisions.",True
R9871,C000664,6393,Mary Smith,escalation_retention_case,executive_escalation,2026-05-06T00:00:00,Customer Success Lead,Escalate,Review Mary Smith for executive_escalation before next outreach.,"Nelson DSS recommends, explains, and records human review. It does not automate customer decisions.",True
R9872,C000664,6393,Mary Smith,escalation_retention_case,executive_escalation,2026-05-07T00:00:00,Customer Success Lead,Escalate,Review Mary Smith for executive_escalation before next outreach.,"Nelson DSS recommends, explains, and records human review. It does not automate customer decisions.",True
R9873,C000664,6393,Mary Smith,escalation_retention_case,executive_escalation,2026-05-08T00:00:00,Customer Success Lead,Escalate,Review Mary Smith for executive_escalation before next outreach.,"Nelson DSS recommends, explains, and records human review. It does not automate customer decisions.",True
R9874,C000665,10398,Mary Pierce,late_delivery_frustration,late_delivery_recovery,2026-05-06T00:00:00,Customer Success Lead,Monitor,Review Mary Pierce for late_delivery_recovery before next outreach.,"Nelson DSS recommends, explains, and records human review. It does not automate customer decisions.",True
R9875,C000666,10095,Michelle Smith,late_delivery_frustration,late_delivery_recovery,2026-05-06T00:00:00,Customer Success Lead,Monitor,Review Michelle Smith for late_delivery_recovery before next outreach.,"Nelson DSS recommends, explains, and records human review. It does not automate customer decisions.",True
R9876,C000667,5085,Janet Jones,late_delivery_frustration,late_delivery_recovery,2026-05-06T00:00:00,Customer Success Lead,Monitor,Review Janet Jones for late_delivery_recovery before next outreach.,"Nelson DSS recommends, explains, and records human review. It does not automate customer decisions.",True
R9877,C000668,3187,Mary Clark,late_delivery_frustration,late_delivery_recovery,2026-05-06T00:00:00,Customer Success Lead,Monitor,Review Mary Clark for late_delivery_recovery before next outreach.,"Nelson DSS recommends, explains, and records human review. It does not automate customer decisions.",True
R9878,C000669,11835,Tammy Smith,late_delivery_frustration,late_delivery_recovery,2026-05-06T00:00:00,Customer Success Lead,Monitor,Review Tammy Smith for late_delivery_recovery before next outreach.,"Nelson DSS recommends, explains, and records human review. It does not automate customer decisions.",True
R9879,C000670,9946,Bryan Kaufman,late_delivery_frustration,late_delivery_recovery,2026-05-06T00:00:00,Customer Success Lead,Monitor,Review Bryan Kaufman for late_delivery_recovery before next outreach.,"Nelson DSS recommends, explains, and records human review. It does not automate customer decisions.",True
R9880,C000671,3447,Sara Andersen,late_delivery_frustration,late_delivery_recovery,2026-05-06T00:00:00,Customer Success Lead,Monitor,Review Sara Andersen for late_delivery_recovery before next outreach.,"Nelson DSS recommends, explains, and records human review. It does not automate customer decisions.",True
R9881,C000672,2362,Samantha Smith,late_delivery_frustration,late_delivery_recovery,2026-05-06T00:00:00,Customer Success Lead,Monitor,Review Samantha Smith for late_delivery_recovery before next outreach.,"Nelson DSS recommends, explains, and records human review. It does not automate customer decisions.",True
R9882,C000673,1906,Raymond Smith,late_delivery_frustration,late_delivery_recovery,2026-05-06T00:00:00,Customer Success Lead,Monitor,Review Raymond Smith for late_delivery_recovery before next outreach.,"Nelson DSS recommends, explains, and records human review. It does not automate customer decisions.",True
R9883,C000674,5936,Michael Davis,escalation_retention_case,executive_escalation,2026-05-06T00:00:00,Customer Success Lead,Escalate,Review Michael Davis for executive_escalation before next outreach.,"Nelson DSS recommends, explains, and records human review. It does not automate customer decisions.",True
R9884,C000674,5936,Michael Davis,escalation_retention_case,executive_escalation,2026-05-07T00:00:00,Customer Success Lead,Escalate,Review Michael Davis for executive_escalation before next outreach.,"Nelson DSS recommends, explains, and records human review. It does not automate customer decisions.",True
R9885,C000674,5936,Michael Davis,escalation_retention_case,executive_escalation,2026-05-08T00:00:00,Customer Success Lead,Escalate,Review Michael Davis for executive_escalation before next outreach.,"Nelson DSS recommends, explains, and records human review. It does not automate customer decisions.",True
R9886,C000675,1373,Mary Smith,late_delivery_frustration,late_delivery_recovery,2026-05-06T00:00:00,Customer Success Lead,Monitor,Review Mary Smith for late_delivery_recovery before next outreach.,"Nelson DSS recommends, explains, and records human review. It does not automate customer decisions.",True
R9887,C000676,6288,Catherine Johnson,late_delivery_frustration,late_delivery_recovery,2026-05-06T00:00:00,Customer Success Lead,Monitor,Review Catherine Johnson for late_delivery_recovery before next outreach.,"Nelson DSS recommends, explains, and records human review. It does not automate customer decisions.",True
R9888,C000677,4667,Cheryl Gonzalez,late_delivery_frustration,late_delivery_recovery,2026-05-06T00:00:00,Customer Success Lead,Monitor,Review Cheryl Gonzalez for late_delivery_recovery before next outreach.,"Nelson DSS recommends, explains, and records human review. It does not automate customer decisions.",True
R9889,C000680,2893,Russell Wyatt,late_delivery_frustration,late_delivery_recovery,2026-05-06T00:00:00,Customer Success Lead,Monitor,Review Russell Wyatt for late_delivery_recovery before next outreach.,"Nelson DSS recommends, explains, and records human review. It does not automate customer decisions.",True
R9890,C000682,3762,Juan Smith,escalation_retention_case,executive_escalation,2026-05-06T00:00:00,Customer Success Lead,Escalate,Review Juan Smith for executive_escalation before next outreach.,"Nelson DSS recommends, explains, and records human review. It does not automate customer decisions.",True
R9891,C000682,3762,Juan Smith,escalation_retention_case,executive_escalation,2026-05-07T00:00:00,Customer Success Lead,Escalate,Review Juan Smith for executive_escalation before next outreach.,"Nelson DSS recommends, explains, and records human review. It does not automate customer decisions.",True
R9892,C000682,3762,Juan Smith,escalation_retention_case,executive_escalation,2026-05-08T00:00:00,Customer Success Lead,Escalate,Review Juan Smith for executive_escalation before next outreach.,"Nelson DSS recommends, explains, and records human review. It does not automate customer decisions.",True
R9893,C000683,2335,Harold Howell,escalation_retention_case,executive_escalation,2026-05-06T00:00:00,Customer Success Lead,Escalate,Review Harold Howell for executive_escalation before next outreach.,"Nelson DSS recommends, explains, and records human review. It does not automate customer decisions.",True
R9894,C000683,2335,Harold Howell,escalation_retention_case,executive_escalation,2026-05-07T00:00:00,Customer Success Lead,Escalate,Review Harold Howell for executive_escalation before next outreach.,"Nelson DSS recommends, explains, and records human review. It does not automate customer decisions.",True
R9895,C000683,2335,Harold Howell,escalation_retention_case,executive_escalation,2026-05-08T00:00:00,Customer Success Lead,Escalate,Review Harold Howell for executive_escalation before next outreach.,"Nelson DSS recommends, explains, and records human review. It does not automate customer decisions.",True
R9896,C000684,7829,Raymond Smith,late_delivery_frustration,late_delivery_recovery,2026-05-06T00:00:00,Customer Success Lead,Monitor,Review Raymond Smith for late_delivery_recovery before next outreach.,"Nelson DSS recommends, explains, and records human review. It does not automate customer decisions.",True
R9897,C000685,9432,Hannah Smith,late_delivery_frustration,late_delivery_recovery,2026-05-06T00:00:00,Customer Success Lead,Monitor,Review Hannah Smith for late_delivery_recovery before next outreach.,"Nelson DSS recommends, explains, and records human review. It does not automate customer decisions.",True
R9898,C000687,3754,Mary Sims,escalation_retention_case,executive_escalation,2026-05-06T00:00:00,Customer Success Lead,Escalate,Review Mary Sims for executive_escalation before next outreach.,"Nelson DSS recommends, explains, and records human review. It does not automate customer decisions.",True
R9899,C000687,3754,Mary Sims,escalation_retention_case,executive_escalation,2026-05-07T00:00:00,Customer Success Lead,Escalate,Review Mary Sims for executive_escalation before next outreach.,"Nelson DSS recommends, explains, and records human review. It does not automate customer decisions.",True
R9900,C000687,3754,Mary Sims,escalation_retention_case,executive_escalation,2026-05-08T00:00:00,Customer Success Lead,Escalate,Review Mary Sims for executive_escalation before next outreach.,"Nelson DSS recommends, explains, and records human review. It does not automate customer decisions.",True
R9901,C000688,2969,Mary Fernandez,late_delivery_frustration,late_delivery_recovery,2026-05-06T00:00:00,Customer Success Lead,Monitor,Review Mary Fernandez for late_delivery_recovery before next outreach.,"Nelson DSS recommends, explains, and records human review. It does not automate customer decisions.",True
R9902,C000689,6086,Mary Hutchinson,escalation_retention_case,executive_escalation,2026-05-06T00:00:00,Customer Success Lead,Escalate,Review Mary Hutchinson for executive_escalation before next outreach.,"Nelson DSS recommends, explains, and records human review. It does not automate customer decisions.",True
R9903,C000689,6086,Mary Hutchinson,escalation_retention_case,executive_escalation,2026-05-07T00:00:00,Customer Success Lead,Escalate,Review Mary Hutchinson for executive_escalation before next outreach.,"Nelson DSS recommends, explains, and records human review. It does not automate customer decisions.",True
R9904,C000689,6086,Mary Hutchinson,escalation_retention_case,executive_escalation,2026-05-08T00:00:00,Customer Success Lead,Escalate,Review Mary Hutchinson for executive_escalation before next outreach.,"Nelson DSS recommends, explains, and records human review. It does not automate customer decisions.",True
R9905,C000691,7282,Jennifer Clark,escalation_retention_case,executive_escalation,2026-05-06T00:00:00,Customer Success Lead,Escalate,Review Jennifer Clark for executive_escalation before next outreach.,"Nelson DSS recommends, explains, and records human review. It does not automate customer decisions.",True
R9906,C000691,7282,Jennifer Clark,escalation_retention_case,executive_escalation,2026-05-07T00:00:00,Customer Success Lead,Escalate,Review Jennifer Clark for executive_escalation before next outreach.,"Nelson DSS recommends, explains, and records human review. It does not automate customer decisions.",True
R9907,C000691,7282,Jennifer Clark,escalation_retention_case,executive_escalation,2026-05-08T00:00:00,Customer Success Lead,Escalate,Review Jennifer Clark for executive_escalation before next outreach.,"Nelson DSS recommends, explains, and records human review. It does not automate customer decisions.",True
R9908,C000692,972,Mary Smith,late_delivery_frustration,late_delivery_recovery,2026-05-06T00:00:00,Customer Success Lead,Monitor,Review Mary Smith for late_delivery_recovery before next outreach.,"Nelson DSS recommends, explains, and records human review. It does not automate customer decisions.",True
R9909,C000693,12076,Mary Smith,late_delivery_frustration,late_delivery_recovery,2026-05-06T00:00:00,Customer Success Lead,Monitor,Review Mary Smith for late_delivery_recovery before next outreach.,"Nelson DSS recommends, explains, and records human review. It does not automate customer decisions.",True
R9910,C000694,867,Catherine Smith,escalation_retention_case,executive_escalation,2026-05-06T00:00:00,Customer Success Lead,Escalate,Review Catherine Smith for executive_escalation before next outreach.,"Nelson DSS recommends, explains, and records human review. It does not automate customer decisions.",True
R9911,C000694,867,Catherine Smith,escalation_retention_case,executive_escalation,2026-05-07T00:00:00,Customer Success Lead,Escalate,Review Catherine Smith for executive_escalation before next outreach.,"Nelson DSS recommends, explains, and records human review. It does not automate customer decisions.",True
R9912,C000694,867,Catherine Smith,escalation_retention_case,executive_escalation,2026-05-08T00:00:00,Customer Success Lead,Escalate,Review Catherine Smith for executive_escalation before next outreach.,"Nelson DSS recommends, explains, and records human review. It does not automate customer decisions.",True
R9913,C000695,2909,Sarah Snyder,late_delivery_frustration,late_delivery_recovery,2026-05-06T00:00:00,Customer Success Lead,Monitor,Review Sarah Snyder for late_delivery_recovery before next outreach.,"Nelson DSS recommends, explains, and records human review. It does not automate customer decisions.",True
R9914,C000696,5640,Matthew Smith,late_delivery_frustration,late_delivery_recovery,2026-05-06T00:00:00,Customer Success Lead,Monitor,Review Matthew Smith for late_delivery_recovery before next outreach.,"Nelson DSS recommends, explains, and records human review. It does not automate customer decisions.",True
R9915,C000698,1910,Helen Price,late_delivery_frustration,late_delivery_recovery,2026-05-06T00:00:00,Customer Success Lead,Monitor,Review Helen Price for late_delivery_recovery before next outreach.,"Nelson DSS recommends, explains, and records human review. It does not automate customer decisions.",True
R9916,C000699,6725,Mary Alexander,late_delivery_frustration,late_delivery_recovery,2026-05-06T00:00:00,Customer Success Lead,Monitor,Review Mary Alexander for late_delivery_recovery before next outreach.,"Nelson DSS recommends, explains, and records human review. It does not automate customer decisions.",True
R9917,C000701,4939,Carol Jackson,late_delivery_frustration,late_delivery_recovery,2026-05-06T00:00:00,Customer Success Lead,Monitor,Review Carol Jackson for late_delivery_recovery before next outreach.,"Nelson DSS recommends, explains, and records human review. It does not automate customer decisions.",True
R9918,C000703,465,Shawn Smith,escalation_retention_case,executive_escalation,2026-05-06T00:00:00,Customer Success Lead,Escalate,Review Shawn Smith for executive_escalation before next outreach.,"Nelson DSS recommends, explains, and records human review. It does not automate customer decisions.",True
R9919,C000703,465,Shawn Smith,escalation_retention_case,executive_escalation,2026-05-07T00:00:00,Customer Success Lead,Escalate,Review Shawn Smith for executive_escalation before next outreach.,"Nelson DSS recommends, explains, and records human review. It does not automate customer decisions.",True
R9920,C000703,465,Shawn Smith,escalation_retention_case,executive_escalation,2026-05-08T00:00:00,Customer Success Lead,Escalate,Review Shawn Smith for executive_escalation before next outreach.,"Nelson DSS recommends, explains, and records human review. It does not automate customer decisions.",True
R9921,C000704,4045,Mary Neal,escalation_retention_case,executive_escalation,2026-05-06T00:00:00,Customer Success Lead,Escalate,Review Mary Neal for executive_escalation before next outreach.,"Nelson DSS recommends, explains, and records human review. It does not automate customer decisions.",True
R9922,C000704,4045,Mary Neal,escalation_retention_case,executive_escalation,2026-05-07T00:00:00,Customer Success Lead,Escalate,Review Mary Neal for executive_escalation before next outreach.,"Nelson DSS recommends, explains, and records human review. It does not automate customer decisions.",True
R9923,C000704,4045,Mary Neal,escalation_retention_case,executive_escalation,2026-05-08T00:00:00,Customer Success Lead,Escalate,Review Mary Neal for executive_escalation before next outreach.,"Nelson DSS recommends, explains, and records human review. It does not automate customer decisions.",True
R9924,C000705,3977,Mary Smith,escalation_retention_case,executive_escalation,2026-05-06T00:00:00,Customer Success Lead,Escalate,Review Mary Smith for executive_escalation before next outreach.,"Nelson DSS recommends, explains, and records human review. It does not automate customer decisions.",True
R9925,C000705,3977,Mary Smith,escalation_retention_case,executive_escalation,2026-05-07T00:00:00,Customer Success Lead,Escalate,Review Mary Smith for executive_escalation before next outreach.,"Nelson DSS recommends, explains, and records human review. It does not automate customer decisions.",True
R9926,C000705,3977,Mary Smith,escalation_retention_case,executive_escalation,2026-05-08T00:00:00,Customer Success Lead,Escalate,Review Mary Smith for executive_escalation before next outreach.,"Nelson DSS recommends, explains, and records human review. It does not automate customer decisions.",True
R9927,C000706,6256,Mary Murray,late_delivery_frustration,late_delivery_recovery,2026-05-06T00:00:00,Customer Success Lead,Monitor,Review Mary Murray for late_delivery_recovery before next outreach.,"Nelson DSS recommends, explains, and records human review. It does not automate customer decisions.",True
R9928,C000707,11397,Mary Mercer,escalation_retention_case,executive_escalation,2026-05-06T00:00:00,Customer Success Lead,Escalate,Review Mary Mercer for executive_escalation before next outreach.,"Nelson DSS recommends, explains, and records human review. It does not automate customer decisions.",True
R9929,C000707,11397,Mary Mercer,escalation_retention_case,executive_escalation,2026-05-07T00:00:00,Customer Success Lead,Escalate,Review Mary Mercer for executive_escalation before next outreach.,"Nelson DSS recommends, explains, and records human review. It does not automate customer decisions.",True
R9930,C000707,11397,Mary Mercer,escalation_retention_case,executive_escalation,2026-05-08T00:00:00,Customer Success Lead,Escalate,Review Mary Mercer for executive_escalation before next outreach.,"Nelson DSS recommends, explains, and records human review. It does not automate customer decisions.",True
R9931,C000708,8719,John Smith,late_delivery_frustration,late_delivery_recovery,2026-05-06T00:00:00,Customer Success Lead,Monitor,Review John Smith for late_delivery_recovery before next outreach.,"Nelson DSS recommends, explains, and records human review. It does not automate customer decisions.",True
R9932,C000709,5440,Mary Malone,escalation_retention_case,executive_escalation,2026-05-06T00:00:00,Customer Success Lead,Escalate,Review Mary Malone for executive_escalation before next outreach.,"Nelson DSS recommends, explains, and records human review. It does not automate customer decisions.",True
R9933,C000709,5440,Mary Malone,escalation_retention_case,executive_escalation,2026-05-07T00:00:00,Customer Success Lead,Escalate,Review Mary Malone for executive_escalation before next outreach.,"Nelson DSS recommends, explains, and records human review. It does not automate customer decisions.",True
R9934,C000709,5440,Mary Malone,escalation_retention_case,executive_escalation,2026-05-08T00:00:00,Customer Success Lead,Escalate,Review Mary Malone for executive_escalation before next outreach.,"Nelson DSS recommends, explains, and records human review. It does not automate customer decisions.",True
R9935,C000710,744,Gary Hodges,late_delivery_frustration,late_delivery_recovery,2026-05-06T00:00:00,Customer Success Lead,Monitor,Review Gary Hodges for late_delivery_recovery before next outreach.,"Nelson DSS recommends, explains, and records human review. It does not automate customer decisions.",True
R9936,C000712,5824,James Smith,late_delivery_frustration,late_delivery_recovery,2026-05-06T00:00:00,Customer Success Lead,Monitor,Review James Smith for late_delivery_recovery before next outreach.,"Nelson DSS recommends, explains, and records human review. It does not automate customer decisions.",True
R9937,C000713,7327,Tammy Hood,escalation_retention_case,executive_escalation,2026-05-06T00:00:00,Customer Success Lead,Escalate,Review Tammy Hood for executive_escalation before next outreach.,"Nelson DSS recommends, explains, and records human review. It does not automate customer decisions.",True
R9938,C000713,7327,Tammy Hood,escalation_retention_case,executive_escalation,2026-05-07T00:00:00,Customer Success Lead,Escalate,Review Tammy Hood for executive_escalation before next outreach.,"Nelson DSS recommends, explains, and records human review. It does not automate customer decisions.",True
R9939,C000713,7327,Tammy Hood,escalation_retention_case,executive_escalation,2026-05-08T00:00:00,Customer Success Lead,Escalate,Review Tammy Hood for executive_escalation before next outreach.,"Nelson DSS recommends, explains, and records human review. It does not automate customer decisions.",True
R9940,C000715,1940,Katherine Smith,late_delivery_frustration,late_delivery_recovery,2026-05-06T00:00:00,Customer Success Lead,Monitor,Review Katherine Smith for late_delivery_recovery before next outreach.,"Nelson DSS recommends, explains, and records human review. It does not automate customer decisions.",True
R9941,C000717,6470,Douglas Smith,late_delivery_frustration,late_delivery_recovery,2026-05-06T00:00:00,Customer Success Lead,Monitor,Review Douglas Smith for late_delivery_recovery before next outreach.,"Nelson DSS recommends, explains, and records human review. It does not automate customer decisions.",True
R9942,C000719,6350,Mary Wilson,late_delivery_frustration,late_delivery_recovery,2026-05-06T00:00:00,Customer Success Lead,Monitor,Review Mary Wilson for late_delivery_recovery before next outreach.,"Nelson DSS recommends, explains, and records human review. It does not automate customer decisions.",True
R9943,C000721,2037,Jacob Clark,escalation_retention_case,executive_escalation,2026-05-06T00:00:00,Customer Success Lead,Escalate,Review Jacob Clark for executive_escalation before next outreach.,"Nelson DSS recommends, explains, and records human review. It does not automate customer decisions.",True
R9944,C000721,2037,Jacob Clark,escalation_retention_case,executive_escalation,2026-05-07T00:00:00,Customer Success Lead,Escalate,Review Jacob Clark for executive_escalation before next outreach.,"Nelson DSS recommends, explains, and records human review. It does not automate customer decisions.",True
R9945,C000721,2037,Jacob Clark,escalation_retention_case,executive_escalation,2026-05-08T00:00:00,Customer Success Lead,Escalate,Review Jacob Clark for executive_escalation before next outreach.,"Nelson DSS recommends, explains, and records human review. It does not automate customer decisions.",True
R9946,C000722,3577,Michael Martin,late_delivery_frustration,late_delivery_recovery,2026-05-06T00:00:00,Customer Success Lead,Monitor,Review Michael Martin for late_delivery_recovery before next outreach.,"Nelson DSS recommends, explains, and records human review. It does not automate customer decisions.",True
R9947,C000723,6707,Grace Smith,late_delivery_frustration,late_delivery_recovery,2026-05-06T00:00:00,Customer Success Lead,Monitor,Review Grace Smith for late_delivery_recovery before next outreach.,"Nelson DSS recommends, explains, and records human review. It does not automate customer decisions.",True
R9948,C000725,5490,Mary Richardson,escalation_retention_case,executive_escalation,2026-05-06T00:00:00,Customer Success Lead,Escalate,Review Mary Richardson for executive_escalation before next outreach.,"Nelson DSS recommends, explains, and records human review. It does not automate customer decisions.",True
R9949,C000725,5490,Mary Richardson,escalation_retention_case,executive_escalation,2026-05-07T00:00:00,Customer Success Lead,Escalate,Review Mary Richardson for executive_escalation before next outreach.,"Nelson DSS recommends, explains, and records human review. It does not automate customer decisions.",True
R9950,C000725,5490,Mary Richardson,escalation_retention_case,executive_escalation,2026-05-08T00:00:00,Customer Success Lead,Escalate,Review Mary Richardson for executive_escalation before next outreach.,"Nelson DSS recommends, explains, and records human review. It does not automate customer decisions.",True
R9951,C000726,5965,Richard Parker,escalation_retention_case,executive_escalation,2026-05-06T00:00:00,Customer Success Lead,Escalate,Review Richard Parker for executive_escalation before next outreach.,"Nelson DSS recommends, explains, and records human review. It does not automate customer decisions.",True
R9952,C000726,5965,Richard Parker,escalation_retention_case,executive_escalation,2026-05-07T00:00:00,Customer Success Lead,Escalate,Review Richard Parker for executive_escalation before next outreach.,"Nelson DSS recommends, explains, and records human review. It does not automate customer decisions.",True
R9953,C000726,5965,Richard Parker,escalation_retention_case,executive_escalation,2026-05-08T00:00:00,Customer Success Lead,Escalate,Review Richard Parker for executive_escalation before next outreach.,"Nelson DSS recommends, explains, and records human review. It does not automate customer decisions.",True
R9954,C000727,10543,Jonathan Smith,late_delivery_frustration,late_delivery_recovery,2026-05-06T00:00:00,Customer Success Lead,Monitor,Review Jonathan Smith for late_delivery_recovery before next outreach.,"Nelson DSS recommends, explains, and records human review. It does not automate customer decisions.",True
R9955,C000728,3138,Barbara Nelson,escalation_retention_case,executive_escalation,2026-05-06T00:00:00,Customer Success Lead,Escalate,Review Barbara Nelson for executive_escalation before next outreach.,"Nelson DSS recommends, explains, and records human review. It does not automate customer decisions.",True
R9956,C000728,3138,Barbara Nelson,escalation_retention_case,executive_escalation,2026-05-07T00:00:00,Customer Success Lead,Escalate,Review Barbara Nelson for executive_escalation before next outreach.,"Nelson DSS recommends, explains, and records human review. It does not automate customer decisions.",True
R9957,C000728,3138,Barbara Nelson,escalation_retention_case,executive_escalation,2026-05-08T00:00:00,Customer Success Lead,Escalate,Review Barbara Nelson for executive_escalation before next outreach.,"Nelson DSS recommends, explains, and records human review. It does not automate customer decisions.",True
R9958,C000729,388,Robert Smith,late_delivery_frustration,late_delivery_recovery,2026-05-06T00:00:00,Customer Success Lead,Monitor,Review Robert Smith for late_delivery_recovery before next outreach.,"Nelson DSS recommends, explains, and records human review. It does not automate customer decisions.",True
R9959,C000730,11777,Melissa Marsh,escalation_retention_case,executive_escalation,2026-05-06T00:00:00,Customer Success Lead,Escalate,Review Melissa Marsh for executive_escalation before next outreach.,"Nelson DSS recommends, explains, and records human review. It does not automate customer decisions.",True
R9960,C000730,11777,Melissa Marsh,escalation_retention_case,executive_escalation,2026-05-07T00:00:00,Customer Success Lead,Escalate,Review Melissa Marsh for executive_escalation before next outreach.,"Nelson DSS recommends, explains, and records human review. It does not automate customer decisions.",True
R9961,C000730,11777,Melissa Marsh,escalation_retention_case,executive_escalation,2026-05-08T00:00:00,Customer Success Lead,Escalate,Review Melissa Marsh for executive_escalation before next outreach.,"Nelson DSS recommends, explains, and records human review. It does not automate customer decisions.",True
R9962,C000733,364,Jason Mcmahon,escalation_retention_case,executive_escalation,2026-05-06T00:00:00,Customer Success Lead,Escalate,Review Jason Mcmahon for executive_escalation before next outreach.,"Nelson DSS recommends, explains, and records human review. It does not automate customer decisions.",True
R9963,C000733,364,Jason Mcmahon,escalation_retention_case,executive_escalation,2026-05-07T00:00:00,Customer Success Lead,Escalate,Review Jason Mcmahon for executive_escalation before next outreach.,"Nelson DSS recommends, explains, and records human review. It does not automate customer decisions.",True
R9964,C000733,364,Jason Mcmahon,escalation_retention_case,executive_escalation,2026-05-08T00:00:00,Customer Success Lead,Escalate,Review Jason Mcmahon for executive_escalation before next outreach.,"Nelson DSS recommends, explains, and records human review. It does not automate customer decisions.",True
R9965,C000734,11492,Evelyn Allen,escalation_retention_case,executive_escalation,2026-05-06T00:00:00,Customer Success Lead,Escalate,Review Evelyn Allen for executive_escalation before next outreach.,"Nelson DSS recommends, explains, and records human review. It does not automate customer decisions.",True
R9966,C000734,11492,Evelyn Allen,escalation_retention_case,executive_escalation,2026-05-07T00:00:00,Customer Success Lead,Escalate,Review Evelyn Allen for executive_escalation before next outreach.,"Nelson DSS recommends, explains, and records human review. It does not automate customer decisions.",True
R9967,C000734,11492,Evelyn Allen,escalation_retention_case,executive_escalation,2026-05-08T00:00:00,Customer Success Lead,Escalate,Review Evelyn Allen for executive_escalation before next outreach.,"Nelson DSS recommends, explains, and records human review. It does not automate customer decisions.",True
R9968,C000735,4904,Bruce Smith,late_delivery_frustration,late_delivery_recovery,2026-05-06T00:00:00,Customer Success Lead,Monitor,Review Bruce Smith for late_delivery_recovery before next outreach.,"Nelson DSS recommends, explains, and records human review. It does not automate customer decisions.",True
R9969,C000736,3365,William Crawford,escalation_retention_case,executive_escalation,2026-05-06T00:00:00,Customer Success Lead,Escalate,Review William Crawford for executive_escalation before next outreach.,"Nelson DSS recommends, explains, and records human review. It does not automate customer decisions.",True
R9970,C000736,3365,William Crawford,escalation_retention_case,executive_escalation,2026-05-07T00:00:00,Customer Success Lead,Escalate,Review William Crawford for executive_escalation before next outreach.,"Nelson DSS recommends, explains, and records human review. It does not automate customer decisions.",True
R9971,C000736,3365,William Crawford,escalation_retention_case,executive_escalation,2026-05-08T00:00:00,Customer Success Lead,Escalate,Review William Crawford for executive_escalation before next outreach.,"Nelson DSS recommends, explains, and records human review. It does not automate customer decisions.",True
R9972,C000737,682,Emma Smith,late_delivery_frustration,late_delivery_recovery,2026-05-06T00:00:00,Customer Success Lead,Monitor,Review Emma Smith for late_delivery_recovery before next outreach.,"Nelson DSS recommends, explains, and records human review. It does not automate customer decisions.",True
R9973,C000738,11542,Mary Perkins,late_delivery_frustration,late_delivery_recovery,2026-05-06T00:00:00,Customer Success Lead,Monitor,Review Mary Perkins for late_delivery_recovery before next outreach.,"Nelson DSS recommends, explains, and records human review. It does not automate customer decisions.",True
R9974,C000739,5068,Anna Smith,late_delivery_frustration,late_delivery_recovery,2026-05-06T00:00:00,Customer Success Lead,Monitor,Review Anna Smith for late_delivery_recovery before next outreach.,"Nelson DSS recommends, explains, and records human review. It does not automate customer decisions.",True
R9975,C000740,10213,Justin Huff,late_delivery_frustration,late_delivery_recovery,2026-05-06T00:00:00,Customer Success Lead,Monitor,Review Justin Huff for late_delivery_recovery before next outreach.,"Nelson DSS recommends, explains, and records human review. It does not automate customer decisions.",True
R9976,C000742,10815,Dennis Smith,late_delivery_frustration,late_delivery_recovery,2026-05-06T00:00:00,Customer Success Lead,Monitor,Review Dennis Smith for late_delivery_recovery before next outreach.,"Nelson DSS recommends, explains, and records human review. It does not automate customer decisions.",True
R9977,C000743,8800,John Smith,escalation_retention_case,executive_escalation,2026-05-06T00:00:00,Customer Success Lead,Escalate,Review John Smith for executive_escalation before next outreach.,"Nelson DSS recommends, explains, and records human review. It does not automate customer decisions.",True
R9978,C000743,8800,John Smith,escalation_retention_case,executive_escalation,2026-05-07T00:00:00,Customer Success Lead,Escalate,Review John Smith for executive_escalation before next outreach.,"Nelson DSS recommends, explains, and records human review. It does not automate customer decisions.",True
R9979,C000743,8800,John Smith,escalation_retention_case,executive_escalation,2026-05-08T00:00:00,Customer Success Lead,Escalate,Review John Smith for executive_escalation before next outreach.,"Nelson DSS recommends, explains, and records human review. It does not automate customer decisions.",True
R9980,C000745,4721,Scott Keith,late_delivery_frustration,late_delivery_recovery,2026-05-06T00:00:00,Customer Success Lead,Monitor,Review Scott Keith for late_delivery_recovery before next outreach.,"Nelson DSS recommends, explains, and records human review. It does not automate customer decisions.",True
R9981,C000746,7317,Mary Smith,late_delivery_frustration,late_delivery_recovery,2026-05-06T00:00:00,Customer Success Lead,Monitor,Review Mary Smith for late_delivery_recovery before next outreach.,"Nelson DSS recommends, explains, and records human review. It does not automate customer decisions.",True
R9982,C000748,11109,William Smith,late_delivery_frustration,late_delivery_recovery,2026-05-06T00:00:00,Customer Success Lead,Monitor,Review William Smith for late_delivery_recovery before next outreach.,"Nelson DSS recommends, explains, and records human review. It does not automate customer decisions.",True
R9983,C000749,11766,Mary Mason,late_delivery_frustration,late_delivery_recovery,2026-05-06T00:00:00,Customer Success Lead,Monitor,Review Mary Mason for late_delivery_recovery before next outreach.,"Nelson DSS recommends, explains, and records human review. It does not automate customer decisions.",True
R9984,C000751,2087,Mary Burton,escalation_retention_case,executive_escalation,2026-05-06T00:00:00,Customer Success Lead,Escalate,Review Mary Burton for executive_escalation before next outreach.,"Nelson DSS recommends, explains, and records human review. It does not automate customer decisions.",True
R9985,C000751,2087,Mary Burton,escalation_retention_case,executive_escalation,2026-05-07T00:00:00,Customer Success Lead,Escalate,Review Mary Burton for executive_escalation before next outreach.,"Nelson DSS recommends, explains, and records human review. It does not automate customer decisions.",True
R9986,C000751,2087,Mary Burton,escalation_retention_case,executive_escalation,2026-05-08T00:00:00,Customer Success Lead,Escalate,Review Mary Burton for executive_escalation before next outreach.,"Nelson DSS recommends, explains, and records human review. It does not automate customer decisions.",True
R9987,C000752,1627,Mary Gonzales,escalation_retention_case,executive_escalation,2026-05-06T00:00:00,Customer Success Lead,Escalate,Review Mary Gonzales for executive_escalation before next outreach.,"Nelson DSS recommends, explains, and records human review. It does not automate customer decisions.",True
R9988,C000752,1627,Mary Gonzales,escalation_retention_case,executive_escalation,2026-05-07T00:00:00,Customer Success Lead,Escalate,Review Mary Gonzales for executive_escalation before next outreach.,"Nelson DSS recommends, explains, and records human review. It does not automate customer decisions.",True
R9989,C000752,1627,Mary Gonzales,escalation_retention_case,executive_escalation,2026-05-08T00:00:00,Customer Success Lead,Escalate,Review Mary Gonzales for executive_escalation before next outreach.,"Nelson DSS recommends, explains, and records human review. It does not automate customer decisions.",True
R9990,C000754,11700,Ruth Smith,late_delivery_frustration,late_delivery_recovery,2026-05-06T00:00:00,Customer Success Lead,Monitor,Review Ruth Smith for late_delivery_recovery before next outreach.,"Nelson DSS recommends, explains, and records human review. It does not automate customer decisions.",True
R9991,C000755,2833,Eric Vega,late_delivery_frustration,late_delivery_recovery,2026-05-06T00:00:00,Customer Success Lead,Monitor,Review Eric Vega for late_delivery_recovery before next outreach.,"Nelson DSS recommends, explains, and records human review. It does not automate customer decisions.",True
R9992,C000756,72,Frank Gillespie,late_delivery_frustration,late_delivery_recovery,2026-05-06T00:00:00,Customer Success Lead,Monitor,Review Frank Gillespie for late_delivery_recovery before next outreach.,"Nelson DSS recommends, explains, and records human review. It does not automate customer decisions.",True
R9993,C000757,4700,Mary Campbell,late_delivery_frustration,late_delivery_recovery,2026-05-06T00:00:00,Customer Success Lead,Monitor,Review Mary Campbell for late_delivery_recovery before next outreach.,"Nelson DSS recommends, explains, and records human review. It does not automate customer decisions.",True
R9994,C000758,502,Jennifer May,late_delivery_frustration,late_delivery_recovery,2026-05-06T00:00:00,Customer Success Lead,Monitor,Review Jennifer May for late_delivery_recovery before next outreach.,"Nelson DSS recommends, explains, and records human review. It does not automate customer decisions.",True
R9995,C000759,11784,Mary Cunningham,escalation_retention_case,executive_escalation,2026-05-06T00:00:00,Customer Success Lead,Escalate,Review Mary Cunningham for executive_escalation before next outreach.,"Nelson DSS recommends, explains, and records human review. It does not automate customer decisions.",True
R9996,C000759,11784,Mary Cunningham,escalation_retention_case,executive_escalation,2026-05-07T00:00:00,Customer Success Lead,Escalate,Review Mary Cunningham for executive_escalation before next outreach.,"Nelson DSS recommends, explains, and records human review. It does not automate customer decisions.",True
R9997,C000759,11784,Mary Cunningham,escalation_retention_case,executive_escalation,2026-05-08T00:00:00,Customer Success Lead,Escalate,Review Mary Cunningham for executive_escalation before next outreach.,"Nelson DSS recommends, explains, and records human review. It does not automate customer decisions.",True
R9998,C000760,8420,Gregory Fitzpatrick,late_delivery_frustration,late_delivery_recovery,2026-05-06T00:00:00,Customer Success Lead,Monitor,Review Gregory Fitzpatrick for late_delivery_recovery before next outreach.,"Nelson DSS recommends, explains, and records human review. It does not automate customer decisions.",True
R9999,C000761,3501,Rachel Davila,late_delivery_frustration,late_delivery_recovery,2026-05-06T00:00:00,Customer Success Lead,Monitor,Review Rachel Davila for late_delivery_recovery before next outreach.,"Nelson DSS recommends, explains, and records human review. It does not automate customer decisions.",True
R10000,C000762,4969,Mary Smith,late_delivery_frustration,late_delivery_recovery,2026-05-06T00:00:00,Customer Success Lead,Monitor,Review Mary Smith for late_delivery_recovery before next outreach.,"Nelson DSS recommends, explains, and records human review. It does not automate customer decisions.",True
R10001,C000763,847,Jerry Ferguson,late_delivery_frustration,late_delivery_recovery,2026-05-06T00:00:00,Customer Success Lead,Monitor,Review Jerry Ferguson for late_delivery_recovery before next outreach.,"Nelson DSS recommends, explains, and records human review. It does not automate customer decisions.",True
R10002,C000764,10572,Mary Smith,escalation_retention_case,executive_escalation,2026-05-06T00:00:00,Customer Success Lead,Escalate,Review Mary Smith for executive_escalation before next outreach.,"Nelson DSS recommends, explains, and records human review. It does not automate customer decisions.",True
R10003,C000764,10572,Mary Smith,escalation_retention_case,executive_escalation,2026-05-07T00:00:00,Customer Success Lead,Escalate,Review Mary Smith for executive_escalation before next outreach.,"Nelson DSS recommends, explains, and records human review. It does not automate customer decisions.",True
R10004,C000764,10572,Mary Smith,escalation_retention_case,executive_escalation,2026-05-08T00:00:00,Customer Success Lead,Escalate,Review Mary Smith for executive_escalation before next outreach.,"Nelson DSS recommends, explains, and records human review. It does not automate customer decisions.",True
R10005,C000765,8065,Margaret Smith,escalation_retention_case,executive_escalation,2026-05-06T00:00:00,Customer Success Lead,Escalate,Review Margaret Smith for executive_escalation before next outreach.,"Nelson DSS recommends, explains, and records human review. It does not automate customer decisions.",True
R10006,C000765,8065,Margaret Smith,escalation_retention_case,executive_escalation,2026-05-07T00:00:00,Customer Success Lead,Escalate,Review Margaret Smith for executive_escalation before next outreach.,"Nelson DSS recommends, explains, and records human review. It does not automate customer decisions.",True
R10007,C000765,8065,Margaret Smith,escalation_retention_case,executive_escalation,2026-05-08T00:00:00,Customer Success Lead,Escalate,Review Margaret Smith for executive_escalation before next outreach.,"Nelson DSS recommends, explains, and records human review. It does not automate customer decisions.",True
R10008,C000766,1106,Daniel Smith,late_delivery_frustration,late_delivery_recovery,2026-05-06T00:00:00,Customer Success Lead,Monitor,Review Daniel Smith for late_delivery_recovery before next outreach.,"Nelson DSS recommends, explains, and records human review. It does not automate customer decisions.",True
R10009,C000769,2824,Mary Bray,late_delivery_frustration,late_delivery_recovery,2026-05-06T00:00:00,Customer Success Lead,Monitor,Review Mary Bray for late_delivery_recovery before next outreach.,"Nelson DSS recommends, explains, and records human review. It does not automate customer decisions.",True
R10010,C000770,6263,John Smith,late_delivery_frustration,late_delivery_recovery,2026-05-06T00:00:00,Customer Success Lead,Monitor,Review John Smith for late_delivery_recovery before next outreach.,"Nelson DSS recommends, explains, and records human review. It does not automate customer decisions.",True
R10011,C000771,11313,Mary Smith,late_delivery_frustration,late_delivery_recovery,2026-05-06T00:00:00,Customer Success Lead,Monitor,Review Mary Smith for late_delivery_recovery before next outreach.,"Nelson DSS recommends, explains, and records human review. It does not automate customer decisions.",True
R10012,C000772,40,Mary Smith,escalation_retention_case,executive_escalation,2026-05-06T00:00:00,Customer Success Lead,Escalate,Review Mary Smith for executive_escalation before next outreach.,"Nelson DSS recommends, explains, and records human review. It does not automate customer decisions.",True
R10013,C000772,40,Mary Smith,escalation_retention_case,executive_escalation,2026-05-07T00:00:00,Customer Success Lead,Escalate,Review Mary Smith for executive_escalation before next outreach.,"Nelson DSS recommends, explains, and records human review. It does not automate customer decisions.",True
R10014,C000772,40,Mary Smith,escalation_retention_case,executive_escalation,2026-05-08T00:00:00,Customer Success Lead,Escalate,Review Mary Smith for executive_escalation before next outreach.,"Nelson DSS recommends, explains, and records human review. It does not automate customer decisions.",True
R10015,C000774,9785,Barbara Barnes,escalation_retention_case,executive_escalation,2026-05-06T00:00:00,Customer Success Lead,Escalate,Review Barbara Barnes for executive_escalation before next outreach.,"Nelson DSS recommends, explains, and records human review. It does not automate customer decisions.",True
R10016,C000774,9785,Barbara Barnes,escalation_retention_case,executive_escalation,2026-05-07T00:00:00,Customer Success Lead,Escalate,Review Barbara Barnes for executive_escalation before next outreach.,"Nelson DSS recommends, explains, and records human review. It does not automate customer decisions.",True
R10017,C000774,9785,Barbara Barnes,escalation_retention_case,executive_escalation,2026-05-08T00:00:00,Customer Success Lead,Escalate,Review Barbara Barnes for executive_escalation before next outreach.,"Nelson DSS recommends, explains, and records human review. It does not automate customer decisions.",True
R10018,C000775,6281,Eugene Calderon,late_delivery_frustration,late_delivery_recovery,2026-05-06T00:00:00,Customer Success Lead,Monitor,Review Eugene Calderon for late_delivery_recovery before next outreach.,"Nelson DSS recommends, explains, and records human review. It does not automate customer decisions.",True
R10019,C000776,8587,James Roy,escalation_retention_case,executive_escalation,2026-05-06T00:00:00,Customer Success Lead,Escalate,Review James Roy for executive_escalation before next outreach.,"Nelson DSS recommends, explains, and records human review. It does not automate customer decisions.",True
R10020,C000776,8587,James Roy,escalation_retention_case,executive_escalation,2026-05-07T00:00:00,Customer Success Lead,Escalate,Review James Roy for executive_escalation before next outreach.,"Nelson DSS recommends, explains, and records human review. It does not automate customer decisions.",True
R10021,C000776,8587,James Roy,escalation_retention_case,executive_escalation,2026-05-08T00:00:00,Customer Success Lead,Escalate,Review James Roy for executive_escalation before next outreach.,"Nelson DSS recommends, explains, and records human review. It does not automate customer decisions.",True
R10022,C000777,3336,Sandra Hunter,escalation_retention_case,executive_escalation,2026-05-06T00:00:00,Customer Success Lead,Escalate,Review Sandra Hunter for executive_escalation before next outreach.,"Nelson DSS recommends, explains, and records human review. It does not automate customer decisions.",True
R10023,C000777,3336,Sandra Hunter,escalation_retention_case,executive_escalation,2026-05-07T00:00:00,Customer Success Lead,Escalate,Review Sandra Hunter for executive_escalation before next outreach.,"Nelson DSS recommends, explains, and records human review. It does not automate customer decisions.",True
R10024,C000777,3336,Sandra Hunter,escalation_retention_case,executive_escalation,2026-05-08T00:00:00,Customer Success Lead,Escalate,Review Sandra Hunter for executive_escalation before next outreach.,"Nelson DSS recommends, explains, and records human review. It does not automate customer decisions.",True
R10025,C000778,12341,Roy Fields,escalation_retention_case,executive_escalation,2026-05-06T00:00:00,Customer Success Lead,Escalate,Review Roy Fields for executive_escalation before next outreach.,"Nelson DSS recommends, explains, and records human review. It does not automate customer decisions.",True
R10026,C000778,12341,Roy Fields,escalation_retention_case,executive_escalation,2026-05-07T00:00:00,Customer Success Lead,Escalate,Review Roy Fields for executive_escalation before next outreach.,"Nelson DSS recommends, explains, and records human review. It does not automate customer decisions.",True
R10027,C000778,12341,Roy Fields,escalation_retention_case,executive_escalation,2026-05-08T00:00:00,Customer Success Lead,Escalate,Review Roy Fields for executive_escalation before next outreach.,"Nelson DSS recommends, explains, and records human review. It does not automate customer decisions.",True
R10028,C000780,9341,Karen Collins,late_delivery_frustration,late_delivery_recovery,2026-05-06T00:00:00,Customer Success Lead,Monitor,Review Karen Collins for late_delivery_recovery before next outreach.,"Nelson DSS recommends, explains, and records human review. It does not automate customer decisions.",True
R10029,C000781,4991,Mary Krause,late_delivery_frustration,late_delivery_recovery,2026-05-06T00:00:00,Customer Success Lead,Monitor,Review Mary Krause for late_delivery_recovery before next outreach.,"Nelson DSS recommends, explains, and records human review. It does not automate customer decisions.",True
R10030,C000783,7790,Edward Castaneda,late_delivery_frustration,late_delivery_recovery,2026-05-06T00:00:00,Customer Success Lead,Monitor,Review Edward Castaneda for late_delivery_recovery before next outreach.,"Nelson DSS recommends, explains, and records human review. It does not automate customer decisions.",True
R10031,C000784,4557,David Sutton,late_delivery_frustration,late_delivery_recovery,2026-05-06T00:00:00,Customer Success Lead,Monitor,Review David Sutton for late_delivery_recovery before next outreach.,"Nelson DSS recommends, explains, and records human review. It does not automate customer decisions.",True
R10032,C000785,12013,Katherine Kramer,escalation_retention_case,executive_escalation,2026-05-06T00:00:00,Customer Success Lead,Escalate,Review Katherine Kramer for executive_escalation before next outreach.,"Nelson DSS recommends, explains, and records human review. It does not automate customer decisions.",True
R10033,C000785,12013,Katherine Kramer,escalation_retention_case,executive_escalation,2026-05-07T00:00:00,Customer Success Lead,Escalate,Review Katherine Kramer for executive_escalation before next outreach.,"Nelson DSS recommends, explains, and records human review. It does not automate customer decisions.",True
R10034,C000785,12013,Katherine Kramer,escalation_retention_case,executive_escalation,2026-05-08T00:00:00,Customer Success Lead,Escalate,Review Katherine Kramer for executive_escalation before next outreach.,"Nelson DSS recommends, explains, and records human review. It does not automate customer decisions.",True
R10035,C000786,9459,Stephen Bond,late_delivery_frustration,late_delivery_recovery,2026-05-06T00:00:00,Customer Success Lead,Monitor,Review Stephen Bond for late_delivery_recovery before next outreach.,"Nelson DSS recommends, explains, and records human review. It does not automate customer decisions.",True
R10036,C000787,6229,Mary Smith,late_delivery_frustration,late_delivery_recovery,2026-05-06T00:00:00,Customer Success Lead,Monitor,Review Mary Smith for late_delivery_recovery before next outreach.,"Nelson DSS recommends, explains, and records human review. It does not automate customer decisions.",True
R10037,C000788,3020,Mary Smith,late_delivery_frustration,late_delivery_recovery,2026-05-06T00:00:00,Customer Success Lead,Monitor,Review Mary Smith for late_delivery_recovery before next outreach.,"Nelson DSS recommends, explains, and records human review. It does not automate customer decisions.",True
R10038,C000789,7988,Mary Rice,escalation_retention_case,executive_escalation,2026-05-06T00:00:00,Customer Success Lead,Escalate,Review Mary Rice for executive_escalation before next outreach.,"Nelson DSS recommends, explains, and records human review. It does not automate customer decisions.",True
R10039,C000789,7988,Mary Rice,escalation_retention_case,executive_escalation,2026-05-07T00:00:00,Customer Success Lead,Escalate,Review Mary Rice for executive_escalation before next outreach.,"Nelson DSS recommends, explains, and records human review. It does not automate customer decisions.",True
R10040,C000789,7988,Mary Rice,escalation_retention_case,executive_escalation,2026-05-08T00:00:00,Customer Success Lead,Escalate,Review Mary Rice for executive_escalation before next outreach.,"Nelson DSS recommends, explains, and records human review. It does not automate customer decisions.",True
R10041,C000790,12432,Angela Smith,late_delivery_frustration,late_delivery_recovery,2026-05-06T00:00:00,Customer Success Lead,Monitor,Review Angela Smith for late_delivery_recovery before next outreach.,"Nelson DSS recommends, explains, and records human review. It does not automate customer decisions.",True
R10042,C000792,12347,Ralph Preston,late_delivery_frustration,late_delivery_recovery,2026-05-06T00:00:00,Customer Success Lead,Monitor,Review Ralph Preston for late_delivery_recovery before next outreach.,"Nelson DSS recommends, explains, and records human review. It does not automate customer decisions.",True
R10043,C000794,4582,Brian House,late_delivery_frustration,late_delivery_recovery,2026-05-06T00:00:00,Customer Success Lead,Monitor,Review Brian House for late_delivery_recovery before next outreach.,"Nelson DSS recommends, explains, and records human review. It does not automate customer decisions.",True
R10044,C000795,9819,Crystal Smith,escalation_retention_case,executive_escalation,2026-05-06T00:00:00,Customer Success Lead,Escalate,Review Crystal Smith for executive_escalation before next outreach.,"Nelson DSS recommends, explains, and records human review. It does not automate customer decisions.",True
R10045,C000795,9819,Crystal Smith,escalation_retention_case,executive_escalation,2026-05-07T00:00:00,Customer Success Lead,Escalate,Review Crystal Smith for executive_escalation before next outreach.,"Nelson DSS recommends, explains, and records human review. It does not automate customer decisions.",True
R10046,C000795,9819,Crystal Smith,escalation_retention_case,executive_escalation,2026-05-08T00:00:00,Customer Success Lead,Escalate,Review Crystal Smith for executive_escalation before next outreach.,"Nelson DSS recommends, explains, and records human review. It does not automate customer decisions.",True
R10047,C000796,771,Patricia Smith,late_delivery_frustration,late_delivery_recovery,2026-05-06T00:00:00,Customer Success Lead,Monitor,Review Patricia Smith for late_delivery_recovery before next outreach.,"Nelson DSS recommends, explains, and records human review. It does not automate customer decisions.",True
R10048,C000797,5672,Mary Smith,escalation_retention_case,executive_escalation,2026-05-06T00:00:00,Customer Success Lead,Escalate,Review Mary Smith for executive_escalation before next outreach.,"Nelson DSS recommends, explains, and records human review. It does not automate customer decisions.",True
R10049,C000797,5672,Mary Smith,escalation_retention_case,executive_escalation,2026-05-07T00:00:00,Customer Success Lead,Escalate,Review Mary Smith for executive_escalation before next outreach.,"Nelson DSS recommends, explains, and records human review. It does not automate customer decisions.",True
R10050,C000797,5672,Mary Smith,escalation_retention_case,executive_escalation,2026-05-08T00:00:00,Customer Success Lead,Escalate,Review Mary Smith for executive_escalation before next outreach.,"Nelson DSS recommends, explains, and records human review. It does not automate customer decisions.",True
R10051,C000799,4376,Scott Smith,late_delivery_frustration,late_delivery_recovery,2026-05-06T00:00:00,Customer Success Lead,Monitor,Review Scott Smith for late_delivery_recovery before next outreach.,"Nelson DSS recommends, explains, and records human review. It does not automate customer decisions.",True
R10052,C000800,12210,Mary Smith,escalation_retention_case,executive_escalation,2026-05-06T00:00:00,Customer Success Lead,Escalate,Review Mary Smith for executive_escalation before next outreach.,"Nelson DSS recommends, explains, and records human review. It does not automate customer decisions.",True
R10053,C000800,12210,Mary Smith,escalation_retention_case,executive_escalation,2026-05-07T00:00:00,Customer Success Lead,Escalate,Review Mary Smith for executive_escalation before next outreach.,"Nelson DSS recommends, explains, and records human review. It does not automate customer decisions.",True
R10054,C000800,12210,Mary Smith,escalation_retention_case,executive_escalation,2026-05-08T00:00:00,Customer Success Lead,Escalate,Review Mary Smith for executive_escalation before next outreach.,"Nelson DSS recommends, explains, and records human review. It does not automate customer decisions.",True
R10055,C000802,10803,Laura Carey,late_delivery_frustration,late_delivery_recovery,2026-05-06T00:00:00,Customer Success Lead,Monitor,Review Laura Carey for late_delivery_recovery before next outreach.,"Nelson DSS recommends, explains, and records human review. It does not automate customer decisions.",True
R10056,C000803,7298,Mary Barnes,late_delivery_frustration,late_delivery_recovery,2026-05-06T00:00:00,Customer Success Lead,Monitor,Review Mary Barnes for late_delivery_recovery before next outreach.,"Nelson DSS recommends, explains, and records human review. It does not automate customer decisions.",True
R10057,C000804,10278,Mary Farrell,escalation_retention_case,executive_escalation,2026-05-06T00:00:00,Customer Success Lead,Escalate,Review Mary Farrell for executive_escalation before next outreach.,"Nelson DSS recommends, explains, and records human review. It does not automate customer decisions.",True
R10058,C000804,10278,Mary Farrell,escalation_retention_case,executive_escalation,2026-05-07T00:00:00,Customer Success Lead,Escalate,Review Mary Farrell for executive_escalation before next outreach.,"Nelson DSS recommends, explains, and records human review. It does not automate customer decisions.",True
R10059,C000804,10278,Mary Farrell,escalation_retention_case,executive_escalation,2026-05-08T00:00:00,Customer Success Lead,Escalate,Review Mary Farrell for executive_escalation before next outreach.,"Nelson DSS recommends, explains, and records human review. It does not automate customer decisions.",True
R10060,C000805,8697,Gerald Smith,escalation_retention_case,executive_escalation,2026-05-06T00:00:00,Customer Success Lead,Escalate,Review Gerald Smith for executive_escalation before next outreach.,"Nelson DSS recommends, explains, and records human review. It does not automate customer decisions.",True
R10061,C000805,8697,Gerald Smith,escalation_retention_case,executive_escalation,2026-05-07T00:00:00,Customer Success Lead,Escalate,Review Gerald Smith for executive_escalation before next outreach.,"Nelson DSS recommends, explains, and records human review. It does not automate customer decisions.",True
R10062,C000805,8697,Gerald Smith,escalation_retention_case,executive_escalation,2026-05-08T00:00:00,Customer Success Lead,Escalate,Review Gerald Smith for executive_escalation before next outreach.,"Nelson DSS recommends, explains, and records human review. It does not automate customer decisions.",True
R10063,C000808,5907,Mary Proctor,escalation_retention_case,executive_escalation,2026-05-06T00:00:00,Customer Success Lead,Escalate,Review Mary Proctor for executive_escalation before next outreach.,"Nelson DSS recommends, explains, and records human review. It does not automate customer decisions.",True
R10064,C000808,5907,Mary Proctor,escalation_retention_case,executive_escalation,2026-05-07T00:00:00,Customer Success Lead,Escalate,Review Mary Proctor for executive_escalation before next outreach.,"Nelson DSS recommends, explains, and records human review. It does not automate customer decisions.",True
R10065,C000808,5907,Mary Proctor,escalation_retention_case,executive_escalation,2026-05-08T00:00:00,Customer Success Lead,Escalate,Review Mary Proctor for executive_escalation before next outreach.,"Nelson DSS recommends, explains, and records human review. It does not automate customer decisions.",True
R10066,C000809,245,Deborah Smith,late_delivery_frustration,late_delivery_recovery,2026-05-06T00:00:00,Customer Success Lead,Monitor,Review Deborah Smith for late_delivery_recovery before next outreach.,"Nelson DSS recommends, explains, and records human review. It does not automate customer decisions.",True
R10067,C000810,6459,Vincent Valenzuela,late_delivery_frustration,late_delivery_recovery,2026-05-06T00:00:00,Customer Success Lead,Monitor,Review Vincent Valenzuela for late_delivery_recovery before next outreach.,"Nelson DSS recommends, explains, and records human review. It does not automate customer decisions.",True
R10068,C000811,9325,Mary Navarro,late_delivery_frustration,late_delivery_recovery,2026-05-06T00:00:00,Customer Success Lead,Monitor,Review Mary Navarro for late_delivery_recovery before next outreach.,"Nelson DSS recommends, explains, and records human review. It does not automate customer decisions.",True
R10069,C000812,4863,Elizabeth Smith,late_delivery_frustration,late_delivery_recovery,2026-05-06T00:00:00,Customer Success Lead,Monitor,Review Elizabeth Smith for late_delivery_recovery before next outreach.,"Nelson DSS recommends, explains, and records human review. It does not automate customer decisions.",True
R10070,C000814,9375,George Smith,late_delivery_frustration,late_delivery_recovery,2026-05-06T00:00:00,Customer Success Lead,Monitor,Review George Smith for late_delivery_recovery before next outreach.,"Nelson DSS recommends, explains, and records human review. It does not automate customer decisions.",True
R10071,C000815,6529,Aaron Smith,late_delivery_frustration,late_delivery_recovery,2026-05-06T00:00:00,Customer Success Lead,Monitor,Review Aaron Smith for late_delivery_recovery before next outreach.,"Nelson DSS recommends, explains, and records human review. It does not automate customer decisions.",True
R10072,C000817,12291,Jennifer Sims,escalation_retention_case,executive_escalation,2026-05-06T00:00:00,Customer Success Lead,Escalate,Review Jennifer Sims for executive_escalation before next outreach.,"Nelson DSS recommends, explains, and records human review. It does not automate customer decisions.",True
R10073,C000817,12291,Jennifer Sims,escalation_retention_case,executive_escalation,2026-05-07T00:00:00,Customer Success Lead,Escalate,Review Jennifer Sims for executive_escalation before next outreach.,"Nelson DSS recommends, explains, and records human review. It does not automate customer decisions.",True
R10074,C000817,12291,Jennifer Sims,escalation_retention_case,executive_escalation,2026-05-08T00:00:00,Customer Success Lead,Escalate,Review Jennifer Sims for executive_escalation before next outreach.,"Nelson DSS recommends, explains, and records human review. It does not automate customer decisions.",True
R10075,C000818,9690,Edward Mccoy,late_delivery_frustration,late_delivery_recovery,2026-05-06T00:00:00,Customer Success Lead,Monitor,Review Edward Mccoy for late_delivery_recovery before next outreach.,"Nelson DSS recommends, explains, and records human review. It does not automate customer decisions.",True
R10076,C000819,9003,Judy Duran,late_delivery_frustration,late_delivery_recovery,2026-05-06T00:00:00,Customer Success Lead,Monitor,Review Judy Duran for late_delivery_recovery before next outreach.,"Nelson DSS recommends, explains, and records human review. It does not automate customer decisions.",True
R10077,C000821,3074,Mary Smith,escalation_retention_case,executive_escalation,2026-05-06T00:00:00,Customer Success Lead,Escalate,Review Mary Smith for executive_escalation before next outreach.,"Nelson DSS recommends, explains, and records human review. It does not automate customer decisions.",True
R10078,C000821,3074,Mary Smith,escalation_retention_case,executive_escalation,2026-05-07T00:00:00,Customer Success Lead,Escalate,Review Mary Smith for executive_escalation before next outreach.,"Nelson DSS recommends, explains, and records human review. It does not automate customer decisions.",True
R10079,C000821,3074,Mary Smith,escalation_retention_case,executive_escalation,2026-05-08T00:00:00,Customer Success Lead,Escalate,Review Mary Smith for executive_escalation before next outreach.,"Nelson DSS recommends, explains, and records human review. It does not automate customer decisions.",True
R10080,C000822,3272,Julie Smith,late_delivery_frustration,late_delivery_recovery,2026-05-06T00:00:00,Customer Success Lead,Monitor,Review Julie Smith for late_delivery_recovery before next outreach.,"Nelson DSS recommends, explains, and records human review. It does not automate customer decisions.",True
R10081,C000823,8618,Joan Trujillo,late_delivery_frustration,late_delivery_recovery,2026-05-06T00:00:00,Customer Success Lead,Monitor,Review Joan Trujillo for late_delivery_recovery before next outreach.,"Nelson DSS recommends, explains, and records human review. It does not automate customer decisions.",True
R10082,C000824,3323,Megan Meyers,late_delivery_frustration,late_delivery_recovery,2026-05-06T00:00:00,Customer Success Lead,Monitor,Review Megan Meyers for late_delivery_recovery before next outreach.,"Nelson DSS recommends, explains, and records human review. It does not automate customer decisions.",True
R10083,C000825,6342,Kimberly Blair,escalation_retention_case,executive_escalation,2026-05-06T00:00:00,Customer Success Lead,Escalate,Review Kimberly Blair for executive_escalation before next outreach.,"Nelson DSS recommends, explains, and records human review. It does not automate customer decisions.",True
R10084,C000825,6342,Kimberly Blair,escalation_retention_case,executive_escalation,2026-05-07T00:00:00,Customer Success Lead,Escalate,Review Kimberly Blair for executive_escalation before next outreach.,"Nelson DSS recommends, explains, and records human review. It does not automate customer decisions.",True
R10085,C000825,6342,Kimberly Blair,escalation_retention_case,executive_escalation,2026-05-08T00:00:00,Customer Success Lead,Escalate,Review Kimberly Blair for executive_escalation before next outreach.,"Nelson DSS recommends, explains, and records human review. It does not automate customer decisions.",True
R10086,C000826,11263,Mary Keller,escalation_retention_case,executive_escalation,2026-05-06T00:00:00,Customer Success Lead,Escalate,Review Mary Keller for executive_escalation before next outreach.,"Nelson DSS recommends, explains, and records human review. It does not automate customer decisions.",True
R10087,C000826,11263,Mary Keller,escalation_retention_case,executive_escalation,2026-05-07T00:00:00,Customer Success Lead,Escalate,Review Mary Keller for executive_escalation before next outreach.,"Nelson DSS recommends, explains, and records human review. It does not automate customer decisions.",True
R10088,C000826,11263,Mary Keller,escalation_retention_case,executive_escalation,2026-05-08T00:00:00,Customer Success Lead,Escalate,Review Mary Keller for executive_escalation before next outreach.,"Nelson DSS recommends, explains, and records human review. It does not automate customer decisions.",True
R10089,C000828,5946,Daniel Smith,late_delivery_frustration,late_delivery_recovery,2026-05-06T00:00:00,Customer Success Lead,Monitor,Review Daniel Smith for late_delivery_recovery before next outreach.,"Nelson DSS recommends, explains, and records human review. It does not automate customer decisions.",True
R10090,C000829,5301,Mary Ward,escalation_retention_case,executive_escalation,2026-05-06T00:00:00,Customer Success Lead,Escalate,Review Mary Ward for executive_escalation before next outreach.,"Nelson DSS recommends, explains, and records human review. It does not automate customer decisions.",True
R10091,C000829,5301,Mary Ward,escalation_retention_case,executive_escalation,2026-05-07T00:00:00,Customer Success Lead,Escalate,Review Mary Ward for executive_escalation before next outreach.,"Nelson DSS recommends, explains, and records human review. It does not automate customer decisions.",True
R10092,C000829,5301,Mary Ward,escalation_retention_case,executive_escalation,2026-05-08T00:00:00,Customer Success Lead,Escalate,Review Mary Ward for executive_escalation before next outreach.,"Nelson DSS recommends, explains, and records human review. It does not automate customer decisions.",True
R10093,C000830,1762,Nicholas Smith,late_delivery_frustration,late_delivery_recovery,2026-05-06T00:00:00,Customer Success Lead,Monitor,Review Nicholas Smith for late_delivery_recovery before next outreach.,"Nelson DSS recommends, explains, and records human review. It does not automate customer decisions.",True
R10094,C000831,7013,Amber Smith,late_delivery_frustration,late_delivery_recovery,2026-05-06T00:00:00,Customer Success Lead,Monitor,Review Amber Smith for late_delivery_recovery before next outreach.,"Nelson DSS recommends, explains, and records human review. It does not automate customer decisions.",True
R10095,C000832,3868,Rachel Smith,late_delivery_frustration,late_delivery_recovery,2026-05-06T00:00:00,Customer Success Lead,Monitor,Review Rachel Smith for late_delivery_recovery before next outreach.,"Nelson DSS recommends, explains, and records human review. It does not automate customer decisions.",True
R10096,C000833,11606,Mary Cisneros,escalation_retention_case,executive_escalation,2026-05-06T00:00:00,Customer Success Lead,Escalate,Review Mary Cisneros for executive_escalation before next outreach.,"Nelson DSS recommends, explains, and records human review. It does not automate customer decisions.",True
R10097,C000833,11606,Mary Cisneros,escalation_retention_case,executive_escalation,2026-05-07T00:00:00,Customer Success Lead,Escalate,Review Mary Cisneros for executive_escalation before next outreach.,"Nelson DSS recommends, explains, and records human review. It does not automate customer decisions.",True
R10098,C000833,11606,Mary Cisneros,escalation_retention_case,executive_escalation,2026-05-08T00:00:00,Customer Success Lead,Escalate,Review Mary Cisneros for executive_escalation before next outreach.,"Nelson DSS recommends, explains, and records human review. It does not automate customer decisions.",True
R10099,C000835,1731,Michelle Bennett,late_delivery_frustration,late_delivery_recovery,2026-05-06T00:00:00,Customer Success Lead,Monitor,Review Michelle Bennett for late_delivery_recovery before next outreach.,"Nelson DSS recommends, explains, and records human review. It does not automate customer decisions.",True
R10100,C000837,2429,Mary Roberts,late_delivery_frustration,late_delivery_recovery,2026-05-06T00:00:00,Customer Success Lead,Monitor,Review Mary Roberts for late_delivery_recovery before next outreach.,"Nelson DSS recommends, explains, and records human review. It does not automate customer decisions.",True
R10101,C000838,5741,Mary Spencer,late_delivery_frustration,late_delivery_recovery,2026-05-06T00:00:00,Customer Success Lead,Monitor,Review Mary Spencer for late_delivery_recovery before next outreach.,"Nelson DSS recommends, explains, and records human review. It does not automate customer decisions.",True
R10102,C000839,1498,Peter Bray,late_delivery_frustration,late_delivery_recovery,2026-05-06T00:00:00,Customer Success Lead,Monitor,Review Peter Bray for late_delivery_recovery before next outreach.,"Nelson DSS recommends, explains, and records human review. It does not automate customer decisions.",True
R10103,C000840,455,Jeffrey Smith,late_delivery_frustration,late_delivery_recovery,2026-05-06T00:00:00,Customer Success Lead,Monitor,Review Jeffrey Smith for late_delivery_recovery before next outreach.,"Nelson DSS recommends, explains, and records human review. It does not automate customer decisions.",True
R10104,C000841,10854,Mary Coleman,escalation_retention_case,executive_escalation,2026-05-06T00:00:00,Customer Success Lead,Escalate,Review Mary Coleman for executive_escalation before next outreach.,"Nelson DSS recommends, explains, and records human review. It does not automate customer decisions.",True
R10105,C000841,10854,Mary Coleman,escalation_retention_case,executive_escalation,2026-05-07T00:00:00,Customer Success Lead,Escalate,Review Mary Coleman for executive_escalation before next outreach.,"Nelson DSS recommends, explains, and records human review. It does not automate customer decisions.",True
R10106,C000841,10854,Mary Coleman,escalation_retention_case,executive_escalation,2026-05-08T00:00:00,Customer Success Lead,Escalate,Review Mary Coleman for executive_escalation before next outreach.,"Nelson DSS recommends, explains, and records human review. It does not automate customer decisions.",True
R10107,C000842,1589,Matthew Brennan,late_delivery_frustration,late_delivery_recovery,2026-05-06T00:00:00,Customer Success Lead,Monitor,Review Matthew Brennan for late_delivery_recovery before next outreach.,"Nelson DSS recommends, explains, and records human review. It does not automate customer decisions.",True
R10108,C000843,433,Mary Smith,late_delivery_frustration,late_delivery_recovery,2026-05-06T00:00:00,Customer Success Lead,Monitor,Review Mary Smith for late_delivery_recovery before next outreach.,"Nelson DSS recommends, explains, and records human review. It does not automate customer decisions.",True
R10109,C000844,9872,Mary Aguilar,late_delivery_frustration,late_delivery_recovery,2026-05-06T00:00:00,Customer Success Lead,Monitor,Review Mary Aguilar for late_delivery_recovery before next outreach.,"Nelson DSS recommends, explains, and records human review. It does not automate customer decisions.",True
R10110,C000845,5093,Sara Rice,late_delivery_frustration,late_delivery_recovery,2026-05-06T00:00:00,Customer Success Lead,Monitor,Review Sara Rice for late_delivery_recovery before next outreach.,"Nelson DSS recommends, explains, and records human review. It does not automate customer decisions.",True
R10111,C000846,2609,Mary Smith,escalation_retention_case,executive_escalation,2026-05-06T00:00:00,Customer Success Lead,Escalate,Review Mary Smith for executive_escalation before next outreach.,"Nelson DSS recommends, explains, and records human review. It does not automate customer decisions.",True
R10112,C000846,2609,Mary Smith,escalation_retention_case,executive_escalation,2026-05-07T00:00:00,Customer Success Lead,Escalate,Review Mary Smith for executive_escalation before next outreach.,"Nelson DSS recommends, explains, and records human review. It does not automate customer decisions.",True
R10113,C000846,2609,Mary Smith,escalation_retention_case,executive_escalation,2026-05-08T00:00:00,Customer Success Lead,Escalate,Review Mary Smith for executive_escalation before next outreach.,"Nelson DSS recommends, explains, and records human review. It does not automate customer decisions.",True
R10114,C000847,4159,Mary Castillo,late_delivery_frustration,late_delivery_recovery,2026-05-06T00:00:00,Customer Success Lead,Monitor,Review Mary Castillo for late_delivery_recovery before next outreach.,"Nelson DSS recommends, explains, and records human review. It does not automate customer decisions.",True
R10115,C000849,3676,Mary Smith,escalation_retention_case,executive_escalation,2026-05-06T00:00:00,Customer Success Lead,Escalate,Review Mary Smith for executive_escalation before next outreach.,"Nelson DSS recommends, explains, and records human review. It does not automate customer decisions.",True
R10116,C000849,3676,Mary Smith,escalation_retention_case,executive_escalation,2026-05-07T00:00:00,Customer Success Lead,Escalate,Review Mary Smith for executive_escalation before next outreach.,"Nelson DSS recommends, explains, and records human review. It does not automate customer decisions.",True
R10117,C000849,3676,Mary Smith,escalation_retention_case,executive_escalation,2026-05-08T00:00:00,Customer Success Lead,Escalate,Review Mary Smith for executive_escalation before next outreach.,"Nelson DSS recommends, explains, and records human review. It does not automate customer decisions.",True
R10118,C000850,4911,Mary Smith,late_delivery_frustration,late_delivery_recovery,2026-05-06T00:00:00,Customer Success Lead,Monitor,Review Mary Smith for late_delivery_recovery before next outreach.,"Nelson DSS recommends, explains, and records human review. It does not automate customer decisions.",True
R10119,C000851,6319,Mary Merritt,late_delivery_frustration,late_delivery_recovery,2026-05-06T00:00:00,Customer Success Lead,Monitor,Review Mary Merritt for late_delivery_recovery before next outreach.,"Nelson DSS recommends, explains, and records human review. It does not automate customer decisions.",True
R10120,C000853,8198,Mary Frank,late_delivery_frustration,late_delivery_recovery,2026-05-06T00:00:00,Customer Success Lead,Monitor,Review Mary Frank for late_delivery_recovery before next outreach.,"Nelson DSS recommends, explains, and records human review. It does not automate customer decisions.",True
R10121,C000854,8981,Mary Bennett,late_delivery_frustration,late_delivery_recovery,2026-05-06T00:00:00,Customer Success Lead,Monitor,Review Mary Bennett for late_delivery_recovery before next outreach.,"Nelson DSS recommends, explains, and records human review. It does not automate customer decisions.",True
R10122,C000855,7677,Mary Bonilla,late_delivery_frustration,late_delivery_recovery,2026-05-06T00:00:00,Customer Success Lead,Monitor,Review Mary Bonilla for late_delivery_recovery before next outreach.,"Nelson DSS recommends, explains, and records human review. It does not automate customer decisions.",True
R10123,C000857,2155,Joshua Mckinney,late_delivery_frustration,late_delivery_recovery,2026-05-06T00:00:00,Customer Success Lead,Monitor,Review Joshua Mckinney for late_delivery_recovery before next outreach.,"Nelson DSS recommends, explains, and records human review. It does not automate customer decisions.",True
R10124,C000858,3581,Mary Pugh,late_delivery_frustration,late_delivery_recovery,2026-05-06T00:00:00,Customer Success Lead,Monitor,Review Mary Pugh for late_delivery_recovery before next outreach.,"Nelson DSS recommends, explains, and records human review. It does not automate customer decisions.",True
R10125,C000859,5302,Betty Smith,late_delivery_frustration,late_delivery_recovery,2026-05-06T00:00:00,Customer Success Lead,Monitor,Review Betty Smith for late_delivery_recovery before next outreach.,"Nelson DSS recommends, explains, and records human review. It does not automate customer decisions.",True
R10126,C000860,12207,Jose Smith,escalation_retention_case,executive_escalation,2026-05-06T00:00:00,Customer Success Lead,Escalate,Review Jose Smith for executive_escalation before next outreach.,"Nelson DSS recommends, explains, and records human review. It does not automate customer decisions.",True
R10127,C000860,12207,Jose Smith,escalation_retention_case,executive_escalation,2026-05-07T00:00:00,Customer Success Lead,Escalate,Review Jose Smith for executive_escalation before next outreach.,"Nelson DSS recommends, explains, and records human review. It does not automate customer decisions.",True
R10128,C000860,12207,Jose Smith,escalation_retention_case,executive_escalation,2026-05-08T00:00:00,Customer Success Lead,Escalate,Review Jose Smith for executive_escalation before next outreach.,"Nelson DSS recommends, explains, and records human review. It does not automate customer decisions.",True
R10129,C000861,1806,Roger Smith,late_delivery_frustration,late_delivery_recovery,2026-05-06T00:00:00,Customer Success Lead,Monitor,Review Roger Smith for late_delivery_recovery before next outreach.,"Nelson DSS recommends, explains, and records human review. It does not automate customer decisions.",True
R10130,C000862,4618,Andrea Smith,late_delivery_frustration,late_delivery_recovery,2026-05-06T00:00:00,Customer Success Lead,Monitor,Review Andrea Smith for late_delivery_recovery before next outreach.,"Nelson DSS recommends, explains, and records human review. It does not automate customer decisions.",True
R10131,C000863,4931,Arthur Smith,late_delivery_frustration,late_delivery_recovery,2026-05-06T00:00:00,Customer Success Lead,Monitor,Review Arthur Smith for late_delivery_recovery before next outreach.,"Nelson DSS recommends, explains, and records human review. It does not automate customer decisions.",True
R10132,C000864,3531,Amanda Foster,late_delivery_frustration,late_delivery_recovery,2026-05-06T00:00:00,Customer Success Lead,Monitor,Review Amanda Foster for late_delivery_recovery before next outreach.,"Nelson DSS recommends, explains, and records human review. It does not automate customer decisions.",True
R10133,C000865,5971,Philip Johnson,late_delivery_frustration,late_delivery_recovery,2026-05-06T00:00:00,Customer Success Lead,Monitor,Review Philip Johnson for late_delivery_recovery before next outreach.,"Nelson DSS recommends, explains, and records human review. It does not automate customer decisions.",True
R10134,C000866,9789,Daniel Valdez,late_delivery_frustration,late_delivery_recovery,2026-05-06T00:00:00,Customer Success Lead,Monitor,Review Daniel Valdez for late_delivery_recovery before next outreach.,"Nelson DSS recommends, explains, and records human review. It does not automate customer decisions.",True
R10135,C000867,7186,Mary Meadows,late_delivery_frustration,late_delivery_recovery,2026-05-06T00:00:00,Customer Success Lead,Monitor,Review Mary Meadows for late_delivery_recovery before next outreach.,"Nelson DSS recommends, explains, and records human review. It does not automate customer decisions.",True
R10136,C000868,1619,Laura Smith,late_delivery_frustration,late_delivery_recovery,2026-05-06T00:00:00,Customer Success Lead,Monitor,Review Laura Smith for late_delivery_recovery before next outreach.,"Nelson DSS recommends, explains, and records human review. It does not automate customer decisions.",True
R10137,C000870,2027,Jennifer Mills,late_delivery_frustration,late_delivery_recovery,2026-05-06T00:00:00,Customer Success Lead,Monitor,Review Jennifer Mills for late_delivery_recovery before next outreach.,"Nelson DSS recommends, explains, and records human review. It does not automate customer decisions.",True
R10138,C000872,4654,Alexander Smith,late_delivery_frustration,late_delivery_recovery,2026-05-06T00:00:00,Customer Success Lead,Monitor,Review Alexander Smith for late_delivery_recovery before next outreach.,"Nelson DSS recommends, explains, and records human review. It does not automate customer decisions.",True
R10139,C000875,7158,Mary Todd,late_delivery_frustration,late_delivery_recovery,2026-05-06T00:00:00,Customer Success Lead,Monitor,Review Mary Todd for late_delivery_recovery before next outreach.,"Nelson DSS recommends, explains, and records human review. It does not automate customer decisions.",True
R10140,C000876,7960,Ethan Thomas,escalation_retention_case,executive_escalation,2026-05-06T00:00:00,Customer Success Lead,Escalate,Review Ethan Thomas for executive_escalation before next outreach.,"Nelson DSS recommends, explains, and records human review. It does not automate customer decisions.",True
R10141,C000876,7960,Ethan Thomas,escalation_retention_case,executive_escalation,2026-05-07T00:00:00,Customer Success Lead,Escalate,Review Ethan Thomas for executive_escalation before next outreach.,"Nelson DSS recommends, explains, and records human review. It does not automate customer decisions.",True
R10142,C000876,7960,Ethan Thomas,escalation_retention_case,executive_escalation,2026-05-08T00:00:00,Customer Success Lead,Escalate,Review Ethan Thomas for executive_escalation before next outreach.,"Nelson DSS recommends, explains, and records human review. It does not automate customer decisions.",True
R10143,C000877,7590,Robert Johnson,late_delivery_frustration,late_delivery_recovery,2026-05-06T00:00:00,Customer Success Lead,Monitor,Review Robert Johnson for late_delivery_recovery before next outreach.,"Nelson DSS recommends, explains, and records human review. It does not automate customer decisions.",True
R10144,C000878,2252,Mary Smith,late_delivery_frustration,late_delivery_recovery,2026-05-06T00:00:00,Customer Success Lead,Monitor,Review Mary Smith for late_delivery_recovery before next outreach.,"Nelson DSS recommends, explains, and records human review. It does not automate customer decisions.",True
R10145,C000880,2600,Deborah Smith,late_delivery_frustration,late_delivery_recovery,2026-05-06T00:00:00,Customer Success Lead,Monitor,Review Deborah Smith for late_delivery_recovery before next outreach.,"Nelson DSS recommends, explains, and records human review. It does not automate customer decisions.",True
R10146,C000881,5787,Jordan Medina,late_delivery_frustration,late_delivery_recovery,2026-05-06T00:00:00,Customer Success Lead,Monitor,Review Jordan Medina for late_delivery_recovery before next outreach.,"Nelson DSS recommends, explains, and records human review. It does not automate customer decisions.",True
R10147,C000882,8174,Jane Simmons,late_delivery_frustration,late_delivery_recovery,2026-05-06T00:00:00,Customer Success Lead,Monitor,Review Jane Simmons for late_delivery_recovery before next outreach.,"Nelson DSS recommends, explains, and records human review. It does not automate customer decisions.",True
R10148,C000884,6472,Albert Smith,late_delivery_frustration,late_delivery_recovery,2026-05-06T00:00:00,Customer Success Lead,Monitor,Review Albert Smith for late_delivery_recovery before next outreach.,"Nelson DSS recommends, explains, and records human review. It does not automate customer decisions.",True
R10149,C000885,4907,Amanda Lopez,escalation_retention_case,executive_escalation,2026-05-06T00:00:00,Customer Success Lead,Escalate,Review Amanda Lopez for executive_escalation before next outreach.,"Nelson DSS recommends, explains, and records human review. It does not automate customer decisions.",True
R10150,C000885,4907,Amanda Lopez,escalation_retention_case,executive_escalation,2026-05-07T00:00:00,Customer Success Lead,Escalate,Review Amanda Lopez for executive_escalation before next outreach.,"Nelson DSS recommends, explains, and records human review. It does not automate customer decisions.",True
R10151,C000885,4907,Amanda Lopez,escalation_retention_case,executive_escalation,2026-05-08T00:00:00,Customer Success Lead,Escalate,Review Amanda Lopez for executive_escalation before next outreach.,"Nelson DSS recommends, explains, and records human review. It does not automate customer decisions.",True
R10152,C000886,12301,John Smith,late_delivery_frustration,late_delivery_recovery,2026-05-06T00:00:00,Customer Success Lead,Monitor,Review John Smith for late_delivery_recovery before next outreach.,"Nelson DSS recommends, explains, and records human review. It does not automate customer decisions.",True
R10153,C000887,2365,Sara Smith,escalation_retention_case,executive_escalation,2026-05-06T00:00:00,Customer Success Lead,Escalate,Review Sara Smith for executive_escalation before next outreach.,"Nelson DSS recommends, explains, and records human review. It does not automate customer decisions.",True
R10154,C000887,2365,Sara Smith,escalation_retention_case,executive_escalation,2026-05-07T00:00:00,Customer Success Lead,Escalate,Review Sara Smith for executive_escalation before next outreach.,"Nelson DSS recommends, explains, and records human review. It does not automate customer decisions.",True
R10155,C000887,2365,Sara Smith,escalation_retention_case,executive_escalation,2026-05-08T00:00:00,Customer Success Lead,Escalate,Review Sara Smith for executive_escalation before next outreach.,"Nelson DSS recommends, explains, and records human review. It does not automate customer decisions.",True
R10156,C000888,11678,Olivia Smith,escalation_retention_case,executive_escalation,2026-05-06T00:00:00,Customer Success Lead,Escalate,Review Olivia Smith for executive_escalation before next outreach.,"Nelson DSS recommends, explains, and records human review. It does not automate customer decisions.",True
R10157,C000888,11678,Olivia Smith,escalation_retention_case,executive_escalation,2026-05-07T00:00:00,Customer Success Lead,Escalate,Review Olivia Smith for executive_escalation before next outreach.,"Nelson DSS recommends, explains, and records human review. It does not automate customer decisions.",True
R10158,C000888,11678,Olivia Smith,escalation_retention_case,executive_escalation,2026-05-08T00:00:00,Customer Success Lead,Escalate,Review Olivia Smith for executive_escalation before next outreach.,"Nelson DSS recommends, explains, and records human review. It does not automate customer decisions.",True
R10159,C000889,11089,Mary Smith,late_delivery_frustration,late_delivery_recovery,2026-05-06T00:00:00,Customer Success Lead,Monitor,Review Mary Smith for late_delivery_recovery before next outreach.,"Nelson DSS recommends, explains, and records human review. It does not automate customer decisions.",True
R10160,C000890,11061,Joseph Webster,escalation_retention_case,executive_escalation,2026-05-06T00:00:00,Customer Success Lead,Escalate,Review Joseph Webster for executive_escalation before next outreach.,"Nelson DSS recommends, explains, and records human review. It does not automate customer decisions.",True
R10161,C000890,11061,Joseph Webster,escalation_retention_case,executive_escalation,2026-05-07T00:00:00,Customer Success Lead,Escalate,Review Joseph Webster for executive_escalation before next outreach.,"Nelson DSS recommends, explains, and records human review. It does not automate customer decisions.",True
R10162,C000890,11061,Joseph Webster,escalation_retention_case,executive_escalation,2026-05-08T00:00:00,Customer Success Lead,Escalate,Review Joseph Webster for executive_escalation before next outreach.,"Nelson DSS recommends, explains, and records human review. It does not automate customer decisions.",True
R10163,C000891,8986,Mary Smith,late_delivery_frustration,late_delivery_recovery,2026-05-06T00:00:00,Customer Success Lead,Monitor,Review Mary Smith for late_delivery_recovery before next outreach.,"Nelson DSS recommends, explains, and records human review. It does not automate customer decisions.",True
R10164,C000892,9847,Mary Smith,escalation_retention_case,executive_escalation,2026-05-06T00:00:00,Customer Success Lead,Escalate,Review Mary Smith for executive_escalation before next outreach.,"Nelson DSS recommends, explains, and records human review. It does not automate customer decisions.",True
R10165,C000892,9847,Mary Smith,escalation_retention_case,executive_escalation,2026-05-07T00:00:00,Customer Success Lead,Escalate,Review Mary Smith for executive_escalation before next outreach.,"Nelson DSS recommends, explains, and records human review. It does not automate customer decisions.",True
R10166,C000892,9847,Mary Smith,escalation_retention_case,executive_escalation,2026-05-08T00:00:00,Customer Success Lead,Escalate,Review Mary Smith for executive_escalation before next outreach.,"Nelson DSS recommends, explains, and records human review. It does not automate customer decisions.",True
R10167,C000893,5186,Jason Robinson,late_delivery_frustration,late_delivery_recovery,2026-05-06T00:00:00,Customer Success Lead,Monitor,Review Jason Robinson for late_delivery_recovery before next outreach.,"Nelson DSS recommends, explains, and records human review. It does not automate customer decisions.",True
R10168,C000896,1688,Mary Blake,escalation_retention_case,executive_escalation,2026-05-06T00:00:00,Customer Success Lead,Escalate,Review Mary Blake for executive_escalation before next outreach.,"Nelson DSS recommends, explains, and records human review. It does not automate customer decisions.",True
R10169,C000896,1688,Mary Blake,escalation_retention_case,executive_escalation,2026-05-07T00:00:00,Customer Success Lead,Escalate,Review Mary Blake for executive_escalation before next outreach.,"Nelson DSS recommends, explains, and records human review. It does not automate customer decisions.",True
R10170,C000896,1688,Mary Blake,escalation_retention_case,executive_escalation,2026-05-08T00:00:00,Customer Success Lead,Escalate,Review Mary Blake for executive_escalation before next outreach.,"Nelson DSS recommends, explains, and records human review. It does not automate customer decisions.",True
R10171,C000897,8203,Nicole Harrison,late_delivery_frustration,late_delivery_recovery,2026-05-06T00:00:00,Customer Success Lead,Monitor,Review Nicole Harrison for late_delivery_recovery before next outreach.,"Nelson DSS recommends, explains, and records human review. It does not automate customer decisions.",True
R10172,C000898,6236,Mary Martinez,escalation_retention_case,executive_escalation,2026-05-06T00:00:00,Customer Success Lead,Escalate,Review Mary Martinez for executive_escalation before next outreach.,"Nelson DSS recommends, explains, and records human review. It does not automate customer decisions.",True
R10173,C000898,6236,Mary Martinez,escalation_retention_case,executive_escalation,2026-05-07T00:00:00,Customer Success Lead,Escalate,Review Mary Martinez for executive_escalation before next outreach.,"Nelson DSS recommends, explains, and records human review. It does not automate customer decisions.",True
R10174,C000898,6236,Mary Martinez,escalation_retention_case,executive_escalation,2026-05-08T00:00:00,Customer Success Lead,Escalate,Review Mary Martinez for executive_escalation before next outreach.,"Nelson DSS recommends, explains, and records human review. It does not automate customer decisions.",True
R10175,C000899,1685,Cheryl Buchanan,escalation_retention_case,executive_escalation,2026-05-06T00:00:00,Customer Success Lead,Escalate,Review Cheryl Buchanan for executive_escalation before next outreach.,"Nelson DSS recommends, explains, and records human review. It does not automate customer decisions.",True
R10176,C000899,1685,Cheryl Buchanan,escalation_retention_case,executive_escalation,2026-05-07T00:00:00,Customer Success Lead,Escalate,Review Cheryl Buchanan for executive_escalation before next outreach.,"Nelson DSS recommends, explains, and records human review. It does not automate customer decisions.",True
R10177,C000899,1685,Cheryl Buchanan,escalation_retention_case,executive_escalation,2026-05-08T00:00:00,Customer Success Lead,Escalate,Review Cheryl Buchanan for executive_escalation before next outreach.,"Nelson DSS recommends, explains, and records human review. It does not automate customer decisions.",True
R10178,C000900,9969,Mary Wright,late_delivery_frustration,late_delivery_recovery,2026-05-06T00:00:00,Customer Success Lead,Monitor,Review Mary Wright for late_delivery_recovery before next outreach.,"Nelson DSS recommends, explains, and records human review. It does not automate customer decisions.",True
R10179,C000901,4186,Joseph Smith,late_delivery_frustration,late_delivery_recovery,2026-05-06T00:00:00,Customer Success Lead,Monitor,Review Joseph Smith for late_delivery_recovery before next outreach.,"Nelson DSS recommends, explains, and records human review. It does not automate customer decisions.",True
R10180,C000903,11817,Mary Smith,late_delivery_frustration,late_delivery_recovery,2026-05-06T00:00:00,Customer Success Lead,Monitor,Review Mary Smith for late_delivery_recovery before next outreach.,"Nelson DSS recommends, explains, and records human review. It does not automate customer decisions.",True
R10181,C000904,11275,Kyle Wheeler,escalation_retention_case,executive_escalation,2026-05-06T00:00:00,Customer Success Lead,Escalate,Review Kyle Wheeler for executive_escalation before next outreach.,"Nelson DSS recommends, explains, and records human review. It does not automate customer decisions.",True
R10182,C000904,11275,Kyle Wheeler,escalation_retention_case,executive_escalation,2026-05-07T00:00:00,Customer Success Lead,Escalate,Review Kyle Wheeler for executive_escalation before next outreach.,"Nelson DSS recommends, explains, and records human review. It does not automate customer decisions.",True
R10183,C000904,11275,Kyle Wheeler,escalation_retention_case,executive_escalation,2026-05-08T00:00:00,Customer Success Lead,Escalate,Review Kyle Wheeler for executive_escalation before next outreach.,"Nelson DSS recommends, explains, and records human review. It does not automate customer decisions.",True
R10184,C000905,6168,Arthur Li,late_delivery_frustration,late_delivery_recovery,2026-05-06T00:00:00,Customer Success Lead,Monitor,Review Arthur Li for late_delivery_recovery before next outreach.,"Nelson DSS recommends, explains, and records human review. It does not automate customer decisions.",True
R10185,C000906,10118,Mary Reynolds,late_delivery_frustration,late_delivery_recovery,2026-05-06T00:00:00,Customer Success Lead,Monitor,Review Mary Reynolds for late_delivery_recovery before next outreach.,"Nelson DSS recommends, explains, and records human review. It does not automate customer decisions.",True
R10186,C000907,1024,Paul Alvarado,late_delivery_frustration,late_delivery_recovery,2026-05-06T00:00:00,Customer Success Lead,Monitor,Review Paul Alvarado for late_delivery_recovery before next outreach.,"Nelson DSS recommends, explains, and records human review. It does not automate customer decisions.",True
R10187,C000911,4901,Brenda Smith,late_delivery_frustration,late_delivery_recovery,2026-05-06T00:00:00,Customer Success Lead,Monitor,Review Brenda Smith for late_delivery_recovery before next outreach.,"Nelson DSS recommends, explains, and records human review. It does not automate customer decisions.",True
R10188,C000913,3280,Kathleen Smith,escalation_retention_case,executive_escalation,2026-05-06T00:00:00,Customer Success Lead,Escalate,Review Kathleen Smith for executive_escalation before next outreach.,"Nelson DSS recommends, explains, and records human review. It does not automate customer decisions.",True
R10189,C000913,3280,Kathleen Smith,escalation_retention_case,executive_escalation,2026-05-07T00:00:00,Customer Success Lead,Escalate,Review Kathleen Smith for executive_escalation before next outreach.,"Nelson DSS recommends, explains, and records human review. It does not automate customer decisions.",True
R10190,C000913,3280,Kathleen Smith,escalation_retention_case,executive_escalation,2026-05-08T00:00:00,Customer Success Lead,Escalate,Review Kathleen Smith for executive_escalation before next outreach.,"Nelson DSS recommends, explains, and records human review. It does not automate customer decisions.",True
R10191,C000915,1430,Henry Smith,late_delivery_frustration,late_delivery_recovery,2026-05-06T00:00:00,Customer Success Lead,Monitor,Review Henry Smith for late_delivery_recovery before next outreach.,"Nelson DSS recommends, explains, and records human review. It does not automate customer decisions.",True
R10192,C000916,8681,Cynthia Smith,late_delivery_frustration,late_delivery_recovery,2026-05-06T00:00:00,Customer Success Lead,Monitor,Review Cynthia Smith for late_delivery_recovery before next outreach.,"Nelson DSS recommends, explains, and records human review. It does not automate customer decisions.",True
R10193,C000917,2769,Mary Hendricks,escalation_retention_case,executive_escalation,2026-05-06T00:00:00,Customer Success Lead,Escalate,Review Mary Hendricks for executive_escalation before next outreach.,"Nelson DSS recommends, explains, and records human review. It does not automate customer decisions.",True
R10194,C000917,2769,Mary Hendricks,escalation_retention_case,executive_escalation,2026-05-07T00:00:00,Customer Success Lead,Escalate,Review Mary Hendricks for executive_escalation before next outreach.,"Nelson DSS recommends, explains, and records human review. It does not automate customer decisions.",True
R10195,C000917,2769,Mary Hendricks,escalation_retention_case,executive_escalation,2026-05-08T00:00:00,Customer Success Lead,Escalate,Review Mary Hendricks for executive_escalation before next outreach.,"Nelson DSS recommends, explains, and records human review. It does not automate customer decisions.",True
R10196,C000919,7887,Mary Keller,late_delivery_frustration,late_delivery_recovery,2026-05-06T00:00:00,Customer Success Lead,Monitor,Review Mary Keller for late_delivery_recovery before next outreach.,"Nelson DSS recommends, explains, and records human review. It does not automate customer decisions.",True
R10197,C000920,7848,Jessica Smith,late_delivery_frustration,late_delivery_recovery,2026-05-06T00:00:00,Customer Success Lead,Monitor,Review Jessica Smith for late_delivery_recovery before next outreach.,"Nelson DSS recommends, explains, and records human review. It does not automate customer decisions.",True
R10198,C000921,5644,Carl Horn,late_delivery_frustration,late_delivery_recovery,2026-05-06T00:00:00,Customer Success Lead,Monitor,Review Carl Horn for late_delivery_recovery before next outreach.,"Nelson DSS recommends, explains, and records human review. It does not automate customer decisions.",True
R10199,C000922,9589,Jacqueline Arroyo,escalation_retention_case,executive_escalation,2026-05-06T00:00:00,Customer Success Lead,Escalate,Review Jacqueline Arroyo for executive_escalation before next outreach.,"Nelson DSS recommends, explains, and records human review. It does not automate customer decisions.",True
R10200,C000922,9589,Jacqueline Arroyo,escalation_retention_case,executive_escalation,2026-05-07T00:00:00,Customer Success Lead,Escalate,Review Jacqueline Arroyo for executive_escalation before next outreach.,"Nelson DSS recommends, explains, and records human review. It does not automate customer decisions.",True
R10201,C000922,9589,Jacqueline Arroyo,escalation_retention_case,executive_escalation,2026-05-08T00:00:00,Customer Success Lead,Escalate,Review Jacqueline Arroyo for executive_escalation before next outreach.,"Nelson DSS recommends, explains, and records human review. It does not automate customer decisions.",True
R10202,C000923,4238,Bryan Griffin,escalation_retention_case,executive_escalation,2026-05-06T00:00:00,Customer Success Lead,Escalate,Review Bryan Griffin for executive_escalation before next outreach.,"Nelson DSS recommends, explains, and records human review. It does not automate customer decisions.",True
R10203,C000923,4238,Bryan Griffin,escalation_retention_case,executive_escalation,2026-05-07T00:00:00,Customer Success Lead,Escalate,Review Bryan Griffin for executive_escalation before next outreach.,"Nelson DSS recommends, explains, and records human review. It does not automate customer decisions.",True
R10204,C000923,4238,Bryan Griffin,escalation_retention_case,executive_escalation,2026-05-08T00:00:00,Customer Success Lead,Escalate,Review Bryan Griffin for executive_escalation before next outreach.,"Nelson DSS recommends, explains, and records human review. It does not automate customer decisions.",True
R10205,C000924,12213,Mary Smith,late_delivery_frustration,late_delivery_recovery,2026-05-06T00:00:00,Customer Success Lead,Monitor,Review Mary Smith for late_delivery_recovery before next outreach.,"Nelson DSS recommends, explains, and records human review. It does not automate customer decisions.",True
R10206,C000925,8084,Mary Smith,late_delivery_frustration,late_delivery_recovery,2026-05-06T00:00:00,Customer Success Lead,Monitor,Review Mary Smith for late_delivery_recovery before next outreach.,"Nelson DSS recommends, explains, and records human review. It does not automate customer decisions.",True
R10207,C000926,2083,Mary Smith,escalation_retention_case,executive_escalation,2026-05-06T00:00:00,Customer Success Lead,Escalate,Review Mary Smith for executive_escalation before next outreach.,"Nelson DSS recommends, explains, and records human review. It does not automate customer decisions.",True
R10208,C000926,2083,Mary Smith,escalation_retention_case,executive_escalation,2026-05-07T00:00:00,Customer Success Lead,Escalate,Review Mary Smith for executive_escalation before next outreach.,"Nelson DSS recommends, explains, and records human review. It does not automate customer decisions.",True
R10209,C000926,2083,Mary Smith,escalation_retention_case,executive_escalation,2026-05-08T00:00:00,Customer Success Lead,Escalate,Review Mary Smith for executive_escalation before next outreach.,"Nelson DSS recommends, explains, and records human review. It does not automate customer decisions.",True
R10210,C000927,2680,Jennifer Ferguson,escalation_retention_case,executive_escalation,2026-05-06T00:00:00,Customer Success Lead,Escalate,Review Jennifer Ferguson for executive_escalation before next outreach.,"Nelson DSS recommends, explains, and records human review. It does not automate customer decisions.",True
R10211,C000927,2680,Jennifer Ferguson,escalation_retention_case,executive_escalation,2026-05-07T00:00:00,Customer Success Lead,Escalate,Review Jennifer Ferguson for executive_escalation before next outreach.,"Nelson DSS recommends, explains, and records human review. It does not automate customer decisions.",True
R10212,C000927,2680,Jennifer Ferguson,escalation_retention_case,executive_escalation,2026-05-08T00:00:00,Customer Success Lead,Escalate,Review Jennifer Ferguson for executive_escalation before next outreach.,"Nelson DSS recommends, explains, and records human review. It does not automate customer decisions.",True
R10213,C000928,5657,Mary James,late_delivery_frustration,late_delivery_recovery,2026-05-06T00:00:00,Customer Success Lead,Monitor,Review Mary James for late_delivery_recovery before next outreach.,"Nelson DSS recommends, explains, and records human review. It does not automate customer decisions.",True
R10214,C000929,9992,Mary Smith,escalation_retention_case,executive_escalation,2026-05-06T00:00:00,Customer Success Lead,Escalate,Review Mary Smith for executive_escalation before next outreach.,"Nelson DSS recommends, explains, and records human review. It does not automate customer decisions.",True
R10215,C000929,9992,Mary Smith,escalation_retention_case,executive_escalation,2026-05-07T00:00:00,Customer Success Lead,Escalate,Review Mary Smith for executive_escalation before next outreach.,"Nelson DSS recommends, explains, and records human review. It does not automate customer decisions.",True
R10216,C000929,9992,Mary Smith,escalation_retention_case,executive_escalation,2026-05-08T00:00:00,Customer Success Lead,Escalate,Review Mary Smith for executive_escalation before next outreach.,"Nelson DSS recommends, explains, and records human review. It does not automate customer decisions.",True
R10217,C000930,4959,Laura Baldwin,late_delivery_frustration,late_delivery_recovery,2026-05-06T00:00:00,Customer Success Lead,Monitor,Review Laura Baldwin for late_delivery_recovery before next outreach.,"Nelson DSS recommends, explains, and records human review. It does not automate customer decisions.",True
R10218,C000931,4561,Scott Stone,late_delivery_frustration,late_delivery_recovery,2026-05-06T00:00:00,Customer Success Lead,Monitor,Review Scott Stone for late_delivery_recovery before next outreach.,"Nelson DSS recommends, explains, and records human review. It does not automate customer decisions.",True
R10219,C000932,11662,Mary Smith,late_delivery_frustration,late_delivery_recovery,2026-05-06T00:00:00,Customer Success Lead,Monitor,Review Mary Smith for late_delivery_recovery before next outreach.,"Nelson DSS recommends, explains, and records human review. It does not automate customer decisions.",True
R10220,C000933,5011,William Berg,late_delivery_frustration,late_delivery_recovery,2026-05-06T00:00:00,Customer Success Lead,Monitor,Review William Berg for late_delivery_recovery before next outreach.,"Nelson DSS recommends, explains, and records human review. It does not automate customer decisions.",True
R10221,C000934,1946,Diane Smith,late_delivery_frustration,late_delivery_recovery,2026-05-06T00:00:00,Customer Success Lead,Monitor,Review Diane Smith for late_delivery_recovery before next outreach.,"Nelson DSS recommends, explains, and records human review. It does not automate customer decisions.",True
R10222,C000935,3128,Karen Turner,late_delivery_frustration,late_delivery_recovery,2026-05-06T00:00:00,Customer Success Lead,Monitor,Review Karen Turner for late_delivery_recovery before next outreach.,"Nelson DSS recommends, explains, and records human review. It does not automate customer decisions.",True
R10223,C000936,11694,Margaret Rios,escalation_retention_case,executive_escalation,2026-05-06T00:00:00,Customer Success Lead,Escalate,Review Margaret Rios for executive_escalation before next outreach.,"Nelson DSS recommends, explains, and records human review. It does not automate customer decisions.",True
R10224,C000936,11694,Margaret Rios,escalation_retention_case,executive_escalation,2026-05-07T00:00:00,Customer Success Lead,Escalate,Review Margaret Rios for executive_escalation before next outreach.,"Nelson DSS recommends, explains, and records human review. It does not automate customer decisions.",True
R10225,C000936,11694,Margaret Rios,escalation_retention_case,executive_escalation,2026-05-08T00:00:00,Customer Success Lead,Escalate,Review Margaret Rios for executive_escalation before next outreach.,"Nelson DSS recommends, explains, and records human review. It does not automate customer decisions.",True
R10226,C000938,5413,Mary Smith,escalation_retention_case,executive_escalation,2026-05-06T00:00:00,Customer Success Lead,Escalate,Review Mary Smith for executive_escalation before next outreach.,"Nelson DSS recommends, explains, and records human review. It does not automate customer decisions.",True
R10227,C000938,5413,Mary Smith,escalation_retention_case,executive_escalation,2026-05-07T00:00:00,Customer Success Lead,Escalate,Review Mary Smith for executive_escalation before next outreach.,"Nelson DSS recommends, explains, and records human review. It does not automate customer decisions.",True
R10228,C000938,5413,Mary Smith,escalation_retention_case,executive_escalation,2026-05-08T00:00:00,Customer Success Lead,Escalate,Review Mary Smith for executive_escalation before next outreach.,"Nelson DSS recommends, explains, and records human review. It does not automate customer decisions.",True
R10229,C000939,11448,Mary Tucker,escalation_retention_case,executive_escalation,2026-05-06T00:00:00,Customer Success Lead,Escalate,Review Mary Tucker for executive_escalation before next outreach.,"Nelson DSS recommends, explains, and records human review. It does not automate customer decisions.",True
R10230,C000939,11448,Mary Tucker,escalation_retention_case,executive_escalation,2026-05-07T00:00:00,Customer Success Lead,Escalate,Review Mary Tucker for executive_escalation before next outreach.,"Nelson DSS recommends, explains, and records human review. It does not automate customer decisions.",True
R10231,C000939,11448,Mary Tucker,escalation_retention_case,executive_escalation,2026-05-08T00:00:00,Customer Success Lead,Escalate,Review Mary Tucker for executive_escalation before next outreach.,"Nelson DSS recommends, explains, and records human review. It does not automate customer decisions.",True
R10232,C000940,11630,Mary Clark,escalation_retention_case,executive_escalation,2026-05-06T00:00:00,Customer Success Lead,Escalate,Review Mary Clark for executive_escalation before next outreach.,"Nelson DSS recommends, explains, and records human review. It does not automate customer decisions.",True
R10233,C000940,11630,Mary Clark,escalation_retention_case,executive_escalation,2026-05-07T00:00:00,Customer Success Lead,Escalate,Review Mary Clark for executive_escalation before next outreach.,"Nelson DSS recommends, explains, and records human review. It does not automate customer decisions.",True
R10234,C000940,11630,Mary Clark,escalation_retention_case,executive_escalation,2026-05-08T00:00:00,Customer Success Lead,Escalate,Review Mary Clark for executive_escalation before next outreach.,"Nelson DSS recommends, explains, and records human review. It does not automate customer decisions.",True
R10235,C000942,8757,Tyler Gutierrez,late_delivery_frustration,late_delivery_recovery,2026-05-06T00:00:00,Customer Success Lead,Monitor,Review Tyler Gutierrez for late_delivery_recovery before next outreach.,"Nelson DSS recommends, explains, and records human review. It does not automate customer decisions.",True
R10236,C000945,396,Deborah Smith,escalation_retention_case,executive_escalation,2026-05-06T00:00:00,Customer Success Lead,Escalate,Review Deborah Smith for executive_escalation before next outreach.,"Nelson DSS recommends, explains, and records human review. It does not automate customer decisions.",True
R10237,C000945,396,Deborah Smith,escalation_retention_case,executive_escalation,2026-05-07T00:00:00,Customer Success Lead,Escalate,Review Deborah Smith for executive_escalation before next outreach.,"Nelson DSS recommends, explains, and records human review. It does not automate customer decisions.",True
R10238,C000945,396,Deborah Smith,escalation_retention_case,executive_escalation,2026-05-08T00:00:00,Customer Success Lead,Escalate,Review Deborah Smith for executive_escalation before next outreach.,"Nelson DSS recommends, explains, and records human review. It does not automate customer decisions.",True
R10239,C000947,5296,Evelyn Jefferson,escalation_retention_case,executive_escalation,2026-05-06T00:00:00,Customer Success Lead,Escalate,Review Evelyn Jefferson for executive_escalation before next outreach.,"Nelson DSS recommends, explains, and records human review. It does not automate customer decisions.",True
R10240,C000947,5296,Evelyn Jefferson,escalation_retention_case,executive_escalation,2026-05-07T00:00:00,Customer Success Lead,Escalate,Review Evelyn Jefferson for executive_escalation before next outreach.,"Nelson DSS recommends, explains, and records human review. It does not automate customer decisions.",True
R10241,C000947,5296,Evelyn Jefferson,escalation_retention_case,executive_escalation,2026-05-08T00:00:00,Customer Success Lead,Escalate,Review Evelyn Jefferson for executive_escalation before next outreach.,"Nelson DSS recommends, explains, and records human review. It does not automate customer decisions.",True
R10242,C000951,11127,Mary Tucker,late_delivery_frustration,late_delivery_recovery,2026-05-06T00:00:00,Customer Success Lead,Monitor,Review Mary Tucker for late_delivery_recovery before next outreach.,"Nelson DSS recommends, explains, and records human review. It does not automate customer decisions.",True
R10243,C000952,3133,Ruth Becker,late_delivery_frustration,late_delivery_recovery,2026-05-06T00:00:00,Customer Success Lead,Monitor,Review Ruth Becker for late_delivery_recovery before next outreach.,"Nelson DSS recommends, explains, and records human review. It does not automate customer decisions.",True
R10244,C000953,7016,Jack Sloan,escalation_retention_case,executive_escalation,2026-05-06T00:00:00,Customer Success Lead,Escalate,Review Jack Sloan for executive_escalation before next outreach.,"Nelson DSS recommends, explains, and records human review. It does not automate customer decisions.",True
R10245,C000953,7016,Jack Sloan,escalation_retention_case,executive_escalation,2026-05-07T00:00:00,Customer Success Lead,Escalate,Review Jack Sloan for executive_escalation before next outreach.,"Nelson DSS recommends, explains, and records human review. It does not automate customer decisions.",True
R10246,C000953,7016,Jack Sloan,escalation_retention_case,executive_escalation,2026-05-08T00:00:00,Customer Success Lead,Escalate,Review Jack Sloan for executive_escalation before next outreach.,"Nelson DSS recommends, explains, and records human review. It does not automate customer decisions.",True
R10247,C000955,4768,Amanda Hays,late_delivery_frustration,late_delivery_recovery,2026-05-06T00:00:00,Customer Success Lead,Monitor,Review Amanda Hays for late_delivery_recovery before next outreach.,"Nelson DSS recommends, explains, and records human review. It does not automate customer decisions.",True
R10248,C000956,12362,Mary Smith,late_delivery_frustration,late_delivery_recovery,2026-05-06T00:00:00,Customer Success Lead,Monitor,Review Mary Smith for late_delivery_recovery before next outreach.,"Nelson DSS recommends, explains, and records human review. It does not automate customer decisions.",True
R10249,C000958,866,James Davies,late_delivery_frustration,late_delivery_recovery,2026-05-06T00:00:00,Customer Success Lead,Monitor,Review James Davies for late_delivery_recovery before next outreach.,"Nelson DSS recommends, explains, and records human review. It does not automate customer decisions.",True
R10250,C000959,8948,Russell Smith,escalation_retention_case,executive_escalation,2026-05-06T00:00:00,Customer Success Lead,Escalate,Review Russell Smith for executive_escalation before next outreach.,"Nelson DSS recommends, explains, and records human review. It does not automate customer decisions.",True
R10251,C000959,8948,Russell Smith,escalation_retention_case,executive_escalation,2026-05-07T00:00:00,Customer Success Lead,Escalate,Review Russell Smith for executive_escalation before next outreach.,"Nelson DSS recommends, explains, and records human review. It does not automate customer decisions.",True
R10252,C000959,8948,Russell Smith,escalation_retention_case,executive_escalation,2026-05-08T00:00:00,Customer Success Lead,Escalate,Review Russell Smith for executive_escalation before next outreach.,"Nelson DSS recommends, explains, and records human review. It does not automate customer decisions.",True
R10253,C000960,9039,Amber Wall,late_delivery_frustration,late_delivery_recovery,2026-05-06T00:00:00,Customer Success Lead,Monitor,Review Amber Wall for late_delivery_recovery before next outreach.,"Nelson DSS recommends, explains, and records human review. It does not automate customer decisions.",True
R10254,C000963,7042,Mary Hudson,late_delivery_frustration,late_delivery_recovery,2026-05-06T00:00:00,Customer Success Lead,Monitor,Review Mary Hudson for late_delivery_recovery before next outreach.,"Nelson DSS recommends, explains, and records human review. It does not automate customer decisions.",True
R10255,C000964,11806,Mildred Hester,late_delivery_frustration,late_delivery_recovery,2026-05-06T00:00:00,Customer Success Lead,Monitor,Review Mildred Hester for late_delivery_recovery before next outreach.,"Nelson DSS recommends, explains, and records human review. It does not automate customer decisions.",True
R10256,C000965,8658,Mary Allen,escalation_retention_case,executive_escalation,2026-05-06T00:00:00,Customer Success Lead,Escalate,Review Mary Allen for executive_escalation before next outreach.,"Nelson DSS recommends, explains, and records human review. It does not automate customer decisions.",True
R10257,C000965,8658,Mary Allen,escalation_retention_case,executive_escalation,2026-05-07T00:00:00,Customer Success Lead,Escalate,Review Mary Allen for executive_escalation before next outreach.,"Nelson DSS recommends, explains, and records human review. It does not automate customer decisions.",True
R10258,C000965,8658,Mary Allen,escalation_retention_case,executive_escalation,2026-05-08T00:00:00,Customer Success Lead,Escalate,Review Mary Allen for executive_escalation before next outreach.,"Nelson DSS recommends, explains, and records human review. It does not automate customer decisions.",True
R10259,C000966,4320,Jordan Taylor,late_delivery_frustration,late_delivery_recovery,2026-05-06T00:00:00,Customer Success Lead,Monitor,Review Jordan Taylor for late_delivery_recovery before next outreach.,"Nelson DSS recommends, explains, and records human review. It does not automate customer decisions.",True
R10260,C000967,5727,Mary Smith,escalation_retention_case,executive_escalation,2026-05-06T00:00:00,Customer Success Lead,Escalate,Review Mary Smith for executive_escalation before next outreach.,"Nelson DSS recommends, explains, and records human review. It does not automate customer decisions.",True
R10261,C000967,5727,Mary Smith,escalation_retention_case,executive_escalation,2026-05-07T00:00:00,Customer Success Lead,Escalate,Review Mary Smith for executive_escalation before next outreach.,"Nelson DSS recommends, explains, and records human review. It does not automate customer decisions.",True
R10262,C000967,5727,Mary Smith,escalation_retention_case,executive_escalation,2026-05-08T00:00:00,Customer Success Lead,Escalate,Review Mary Smith for executive_escalation before next outreach.,"Nelson DSS recommends, explains, and records human review. It does not automate customer decisions.",True
R10263,C000968,5084,Edward Smith,late_delivery_frustration,late_delivery_recovery,2026-05-06T00:00:00,Customer Success Lead,Monitor,Review Edward Smith for late_delivery_recovery before next outreach.,"Nelson DSS recommends, explains, and records human review. It does not automate customer decisions.",True
R10264,C000969,4164,Mary Smith,late_delivery_frustration,late_delivery_recovery,2026-05-06T00:00:00,Customer Success Lead,Monitor,Review Mary Smith for late_delivery_recovery before next outreach.,"Nelson DSS recommends, explains, and records human review. It does not automate customer decisions.",True
R10265,C000970,11262,Laura Lopez,late_delivery_frustration,late_delivery_recovery,2026-05-06T00:00:00,Customer Success Lead,Monitor,Review Laura Lopez for late_delivery_recovery before next outreach.,"Nelson DSS recommends, explains, and records human review. It does not automate customer decisions.",True
R10266,C000971,242,Mary Stein,escalation_retention_case,executive_escalation,2026-05-06T00:00:00,Customer Success Lead,Escalate,Review Mary Stein for executive_escalation before next outreach.,"Nelson DSS recommends, explains, and records human review. It does not automate customer decisions.",True
R10267,C000971,242,Mary Stein,escalation_retention_case,executive_escalation,2026-05-07T00:00:00,Customer Success Lead,Escalate,Review Mary Stein for executive_escalation before next outreach.,"Nelson DSS recommends, explains, and records human review. It does not automate customer decisions.",True
R10268,C000971,242,Mary Stein,escalation_retention_case,executive_escalation,2026-05-08T00:00:00,Customer Success Lead,Escalate,Review Mary Stein for executive_escalation before next outreach.,"Nelson DSS recommends, explains, and records human review. It does not automate customer decisions.",True
R10269,C000972,8542,Jane Rich,escalation_retention_case,executive_escalation,2026-05-06T00:00:00,Customer Success Lead,Escalate,Review Jane Rich for executive_escalation before next outreach.,"Nelson DSS recommends, explains, and records human review. It does not automate customer decisions.",True
R10270,C000972,8542,Jane Rich,escalation_retention_case,executive_escalation,2026-05-07T00:00:00,Customer Success Lead,Escalate,Review Jane Rich for executive_escalation before next outreach.,"Nelson DSS recommends, explains, and records human review. It does not automate customer decisions.",True
R10271,C000972,8542,Jane Rich,escalation_retention_case,executive_escalation,2026-05-08T00:00:00,Customer Success Lead,Escalate,Review Jane Rich for executive_escalation before next outreach.,"Nelson DSS recommends, explains, and records human review. It does not automate customer decisions.",True
R10272,C000973,12373,Mary Herman,late_delivery_frustration,late_delivery_recovery,2026-05-06T00:00:00,Customer Success Lead,Monitor,Review Mary Herman for late_delivery_recovery before next outreach.,"Nelson DSS recommends, explains, and records human review. It does not automate customer decisions.",True
R10273,C000974,2250,Amanda Smith,late_delivery_frustration,late_delivery_recovery,2026-05-06T00:00:00,Customer Success Lead,Monitor,Review Amanda Smith for late_delivery_recovery before next outreach.,"Nelson DSS recommends, explains, and records human review. It does not automate customer decisions.",True
R10274,C000978,11388,Mary Rangel,late_delivery_frustration,late_delivery_recovery,2026-05-06T00:00:00,Customer Success Lead,Monitor,Review Mary Rangel for late_delivery_recovery before next outreach.,"Nelson DSS recommends, explains, and records human review. It does not automate customer decisions.",True
R10275,C000980,639,Elizabeth Pittman,late_delivery_frustration,late_delivery_recovery,2026-05-06T00:00:00,Customer Success Lead,Monitor,Review Elizabeth Pittman for late_delivery_recovery before next outreach.,"Nelson DSS recommends, explains, and records human review. It does not automate customer decisions.",True
R10276,C000981,1092,George Garcia,late_delivery_frustration,late_delivery_recovery,2026-05-06T00:00:00,Customer Success Lead,Monitor,Review George Garcia for late_delivery_recovery before next outreach.,"Nelson DSS recommends, explains, and records human review. It does not automate customer decisions.",True
R10277,C000982,3763,Mary Martinez,escalation_retention_case,executive_escalation,2026-05-06T00:00:00,Customer Success Lead,Escalate,Review Mary Martinez for executive_escalation before next outreach.,"Nelson DSS recommends, explains, and records human review. It does not automate customer decisions.",True
R10278,C000982,3763,Mary Martinez,escalation_retention_case,executive_escalation,2026-05-07T00:00:00,Customer Success Lead,Escalate,Review Mary Martinez for executive_escalation before next outreach.,"Nelson DSS recommends, explains, and records human review. It does not automate customer decisions.",True
R10279,C000982,3763,Mary Martinez,escalation_retention_case,executive_escalation,2026-05-08T00:00:00,Customer Success Lead,Escalate,Review Mary Martinez for executive_escalation before next outreach.,"Nelson DSS recommends, explains, and records human review. It does not automate customer decisions.",True
R10280,C000983,6969,Mary Smith,late_delivery_frustration,late_delivery_recovery,2026-05-06T00:00:00,Customer Success Lead,Monitor,Review Mary Smith for late_delivery_recovery before next outreach.,"Nelson DSS recommends, explains, and records human review. It does not automate customer decisions.",True
R10281,C000984,7223,Mary Smith,late_delivery_frustration,late_delivery_recovery,2026-05-06T00:00:00,Customer Success Lead,Monitor,Review Mary Smith for late_delivery_recovery before next outreach.,"Nelson DSS recommends, explains, and records human review. It does not automate customer decisions.",True
R10282,C000985,9260,Joyce Smith,escalation_retention_case,executive_escalation,2026-05-06T00:00:00,Customer Success Lead,Escalate,Review Joyce Smith for executive_escalation before next outreach.,"Nelson DSS recommends, explains, and records human review. It does not automate customer decisions.",True
R10283,C000985,9260,Joyce Smith,escalation_retention_case,executive_escalation,2026-05-07T00:00:00,Customer Success Lead,Escalate,Review Joyce Smith for executive_escalation before next outreach.,"Nelson DSS recommends, explains, and records human review. It does not automate customer decisions.",True
R10284,C000985,9260,Joyce Smith,escalation_retention_case,executive_escalation,2026-05-08T00:00:00,Customer Success Lead,Escalate,Review Joyce Smith for executive_escalation before next outreach.,"Nelson DSS recommends, explains, and records human review. It does not automate customer decisions.",True
R10285,C000986,11668,Jean Smith,late_delivery_frustration,late_delivery_recovery,2026-05-06T00:00:00,Customer Success Lead,Monitor,Review Jean Smith for late_delivery_recovery before next outreach.,"Nelson DSS recommends, explains, and records human review. It does not automate customer decisions.",True
R10286,C000988,11861,Brittany Bentley,escalation_retention_case,executive_escalation,2026-05-06T00:00:00,Customer Success Lead,Escalate,Review Brittany Bentley for executive_escalation before next outreach.,"Nelson DSS recommends, explains, and records human review. It does not automate customer decisions.",True
R10287,C000988,11861,Brittany Bentley,escalation_retention_case,executive_escalation,2026-05-07T00:00:00,Customer Success Lead,Escalate,Review Brittany Bentley for executive_escalation before next outreach.,"Nelson DSS recommends, explains, and records human review. It does not automate customer decisions.",True
R10288,C000988,11861,Brittany Bentley,escalation_retention_case,executive_escalation,2026-05-08T00:00:00,Customer Success Lead,Escalate,Review Brittany Bentley for executive_escalation before next outreach.,"Nelson DSS recommends, explains, and records human review. It does not automate customer decisions.",True
R10289,C000990,12253,Mary Chan,late_delivery_frustration,late_delivery_recovery,2026-05-06T00:00:00,Customer Success Lead,Monitor,Review Mary Chan for late_delivery_recovery before next outreach.,"Nelson DSS recommends, explains, and records human review. It does not automate customer decisions.",True
R10290,C000991,888,Mary Smith,escalation_retention_case,executive_escalation,2026-05-06T00:00:00,Customer Success Lead,Escalate,Review Mary Smith for executive_escalation before next outreach.,"Nelson DSS recommends, explains, and records human review. It does not automate customer decisions.",True
R10291,C000991,888,Mary Smith,escalation_retention_case,executive_escalation,2026-05-07T00:00:00,Customer Success Lead,Escalate,Review Mary Smith for executive_escalation before next outreach.,"Nelson DSS recommends, explains, and records human review. It does not automate customer decisions.",True
R10292,C000991,888,Mary Smith,escalation_retention_case,executive_escalation,2026-05-08T00:00:00,Customer Success Lead,Escalate,Review Mary Smith for executive_escalation before next outreach.,"Nelson DSS recommends, explains, and records human review. It does not automate customer decisions.",True
R10293,C000993,6740,Brian Smith,late_delivery_frustration,late_delivery_recovery,2026-05-06T00:00:00,Customer Success Lead,Monitor,Review Brian Smith for late_delivery_recovery before next outreach.,"Nelson DSS recommends, explains, and records human review. It does not automate customer decisions.",True
R10294,C000994,10778,Mary Mercado,escalation_retention_case,executive_escalation,2026-05-06T00:00:00,Customer Success Lead,Escalate,Review Mary Mercado for executive_escalation before next outreach.,"Nelson DSS recommends, explains, and records human review. It does not automate customer decisions.",True
R10295,C000994,10778,Mary Mercado,escalation_retention_case,executive_escalation,2026-05-07T00:00:00,Customer Success Lead,Escalate,Review Mary Mercado for executive_escalation before next outreach.,"Nelson DSS recommends, explains, and records human review. It does not automate customer decisions.",True
R10296,C000994,10778,Mary Mercado,escalation_retention_case,executive_escalation,2026-05-08T00:00:00,Customer Success Lead,Escalate,Review Mary Mercado for executive_escalation before next outreach.,"Nelson DSS recommends, explains, and records human review. It does not automate customer decisions.",True
R10297,C000997,4698,Mary Collier,escalation_retention_case,executive_escalation,2026-05-06T00:00:00,Customer Success Lead,Escalate,Review Mary Collier for executive_escalation before next outreach.,"Nelson DSS recommends, explains, and records human review. It does not automate customer decisions.",True
R10298,C000997,4698,Mary Collier,escalation_retention_case,executive_escalation,2026-05-07T00:00:00,Customer Success Lead,Escalate,Review Mary Collier for executive_escalation before next outreach.,"Nelson DSS recommends, explains, and records human review. It does not automate customer decisions.",True
R10299,C000997,4698,Mary Collier,escalation_retention_case,executive_escalation,2026-05-08T00:00:00,Customer Success Lead,Escalate,Review Mary Collier for executive_escalation before next outreach.,"Nelson DSS recommends, explains, and records human review. It does not automate customer decisions.",True
R10300,C000998,8790,Mary Keller,late_delivery_frustration,late_delivery_recovery,2026-05-06T00:00:00,Customer Success Lead,Monitor,Review Mary Keller for late_delivery_recovery before next outreach.,"Nelson DSS recommends, explains, and records human review. It does not automate customer decisions.",True
R10301,C000999,620,Roger Smith,late_delivery_frustration,late_delivery_recovery,2026-05-06T00:00:00,Customer Success Lead,Monitor,Review Roger Smith for late_delivery_recovery before next outreach.,"Nelson DSS recommends, explains, and records human review. It does not automate customer decisions.",True
R10302,C001000,9191,Marie Smith,escalation_retention_case,executive_escalation,2026-05-06T00:00:00,Customer Success Lead,Escalate,Review Marie Smith for executive_escalation before next outreach.,"Nelson DSS recommends, explains, and records human review. It does not automate customer decisions.",True
R10303,C001000,9191,Marie Smith,escalation_retention_case,executive_escalation,2026-05-07T00:00:00,Customer Success Lead,Escalate,Review Marie Smith for executive_escalation before next outreach.,"Nelson DSS recommends, explains, and records human review. It does not automate customer decisions.",True
R10304,C001000,9191,Marie Smith,escalation_retention_case,executive_escalation,2026-05-08T00:00:00,Customer Success Lead,Escalate,Review Marie Smith for executive_escalation before next outreach.,"Nelson DSS recommends, explains, and records human review. It does not automate customer decisions.",True
R10305,C001001,9273,Bobby Smith,late_delivery_frustration,late_delivery_recovery,2026-05-06T00:00:00,Customer Success Lead,Monitor,Review Bobby Smith for late_delivery_recovery before next outreach.,"Nelson DSS recommends, explains, and records human review. It does not automate customer decisions.",True
R10306,C001003,1715,Mary Henson,late_delivery_frustration,late_delivery_recovery,2026-05-06T00:00:00,Customer Success Lead,Monitor,Review Mary Henson for late_delivery_recovery before next outreach.,"Nelson DSS recommends, explains, and records human review. It does not automate customer decisions.",True
R10307,C001004,1494,Rebecca Ortiz,late_delivery_frustration,late_delivery_recovery,2026-05-06T00:00:00,Customer Success Lead,Monitor,Review Rebecca Ortiz for late_delivery_recovery before next outreach.,"Nelson DSS recommends, explains, and records human review. It does not automate customer decisions.",True
R10308,C001005,10457,Elizabeth Watkins,escalation_retention_case,executive_escalation,2026-05-06T00:00:00,Customer Success Lead,Escalate,Review Elizabeth Watkins for executive_escalation before next outreach.,"Nelson DSS recommends, explains, and records human review. It does not automate customer decisions.",True
R10309,C001005,10457,Elizabeth Watkins,escalation_retention_case,executive_escalation,2026-05-07T00:00:00,Customer Success Lead,Escalate,Review Elizabeth Watkins for executive_escalation before next outreach.,"Nelson DSS recommends, explains, and records human review. It does not automate customer decisions.",True
R10310,C001005,10457,Elizabeth Watkins,escalation_retention_case,executive_escalation,2026-05-08T00:00:00,Customer Success Lead,Escalate,Review Elizabeth Watkins for executive_escalation before next outreach.,"Nelson DSS recommends, explains, and records human review. It does not automate customer decisions.",True
R10311,C001007,8398,Mary Williams,late_delivery_frustration,late_delivery_recovery,2026-05-06T00:00:00,Customer Success Lead,Monitor,Review Mary Williams for late_delivery_recovery before next outreach.,"Nelson DSS recommends, explains, and records human review. It does not automate customer decisions.",True
R10312,C001009,10567,Diana Smith,escalation_retention_case,executive_escalation,2026-05-06T00:00:00,Customer Success Lead,Escalate,Review Diana Smith for executive_escalation before next outreach.,"Nelson DSS recommends, explains, and records human review. It does not automate customer decisions.",True
R10313,C001009,10567,Diana Smith,escalation_retention_case,executive_escalation,2026-05-07T00:00:00,Customer Success Lead,Escalate,Review Diana Smith for executive_escalation before next outreach.,"Nelson DSS recommends, explains, and records human review. It does not automate customer decisions.",True
R10314,C001009,10567,Diana Smith,escalation_retention_case,executive_escalation,2026-05-08T00:00:00,Customer Success Lead,Escalate,Review Diana Smith for executive_escalation before next outreach.,"Nelson DSS recommends, explains, and records human review. It does not automate customer decisions.",True
R10315,C001012,6573,Joseph Noble,escalation_retention_case,executive_escalation,2026-05-06T00:00:00,Customer Success Lead,Escalate,Review Joseph Noble for executive_escalation before next outreach.,"Nelson DSS recommends, explains, and records human review. It does not automate customer decisions.",True
R10316,C001012,6573,Joseph Noble,escalation_retention_case,executive_escalation,2026-05-07T00:00:00,Customer Success Lead,Escalate,Review Joseph Noble for executive_escalation before next outreach.,"Nelson DSS recommends, explains, and records human review. It does not automate customer decisions.",True
R10317,C001012,6573,Joseph Noble,escalation_retention_case,executive_escalation,2026-05-08T00:00:00,Customer Success Lead,Escalate,Review Joseph Noble for executive_escalation before next outreach.,"Nelson DSS recommends, explains, and records human review. It does not automate customer decisions.",True
R10318,C001014,10348,Alice Barnes,escalation_retention_case,executive_escalation,2026-05-06T00:00:00,Customer Success Lead,Escalate,Review Alice Barnes for executive_escalation before next outreach.,"Nelson DSS recommends, explains, and records human review. It does not automate customer decisions.",True
R10319,C001014,10348,Alice Barnes,escalation_retention_case,executive_escalation,2026-05-07T00:00:00,Customer Success Lead,Escalate,Review Alice Barnes for executive_escalation before next outreach.,"Nelson DSS recommends, explains, and records human review. It does not automate customer decisions.",True
R10320,C001014,10348,Alice Barnes,escalation_retention_case,executive_escalation,2026-05-08T00:00:00,Customer Success Lead,Escalate,Review Alice Barnes for executive_escalation before next outreach.,"Nelson DSS recommends, explains, and records human review. It does not automate customer decisions.",True
R10321,C001016,4967,Mary Maldonado,late_delivery_frustration,late_delivery_recovery,2026-05-06T00:00:00,Customer Success Lead,Monitor,Review Mary Maldonado for late_delivery_recovery before next outreach.,"Nelson DSS recommends, explains, and records human review. It does not automate customer decisions.",True
R10322,C001017,1365,Evelyn Smith,late_delivery_frustration,late_delivery_recovery,2026-05-06T00:00:00,Customer Success Lead,Monitor,Review Evelyn Smith for late_delivery_recovery before next outreach.,"Nelson DSS recommends, explains, and records human review. It does not automate customer decisions.",True
R10323,C001019,10934,Tiffany Walker,escalation_retention_case,executive_escalation,2026-05-06T00:00:00,Customer Success Lead,Escalate,Review Tiffany Walker for executive_escalation before next outreach.,"Nelson DSS recommends, explains, and records human review. It does not automate customer decisions.",True
R10324,C001019,10934,Tiffany Walker,escalation_retention_case,executive_escalation,2026-05-07T00:00:00,Customer Success Lead,Escalate,Review Tiffany Walker for executive_escalation before next outreach.,"Nelson DSS recommends, explains, and records human review. It does not automate customer decisions.",True
R10325,C001019,10934,Tiffany Walker,escalation_retention_case,executive_escalation,2026-05-08T00:00:00,Customer Success Lead,Escalate,Review Tiffany Walker for executive_escalation before next outreach.,"Nelson DSS recommends, explains, and records human review. It does not automate customer decisions.",True
R10326,C001020,11058,Charles Wright,escalation_retention_case,executive_escalation,2026-05-06T00:00:00,Customer Success Lead,Escalate,Review Charles Wright for executive_escalation before next outreach.,"Nelson DSS recommends, explains, and records human review. It does not automate customer decisions.",True
R10327,C001020,11058,Charles Wright,escalation_retention_case,executive_escalation,2026-05-07T00:00:00,Customer Success Lead,Escalate,Review Charles Wright for executive_escalation before next outreach.,"Nelson DSS recommends, explains, and records human review. It does not automate customer decisions.",True
R10328,C001020,11058,Charles Wright,escalation_retention_case,executive_escalation,2026-05-08T00:00:00,Customer Success Lead,Escalate,Review Charles Wright for executive_escalation before next outreach.,"Nelson DSS recommends, explains, and records human review. It does not automate customer decisions.",True
R10329,C001021,10545,Kenneth Smith,late_delivery_frustration,late_delivery_recovery,2026-05-06T00:00:00,Customer Success Lead,Monitor,Review Kenneth Smith for late_delivery_recovery before next outreach.,"Nelson DSS recommends, explains, and records human review. It does not automate customer decisions.",True
R10330,C001022,907,Samantha Kline,late_delivery_frustration,late_delivery_recovery,2026-05-06T00:00:00,Customer Success Lead,Monitor,Review Samantha Kline for late_delivery_recovery before next outreach.,"Nelson DSS recommends, explains, and records human review. It does not automate customer decisions.",True
R10331,C001025,9356,Nancy Johnson,escalation_retention_case,executive_escalation,2026-05-06T00:00:00,Customer Success Lead,Escalate,Review Nancy Johnson for executive_escalation before next outreach.,"Nelson DSS recommends, explains, and records human review. It does not automate customer decisions.",True
R10332,C001025,9356,Nancy Johnson,escalation_retention_case,executive_escalation,2026-05-07T00:00:00,Customer Success Lead,Escalate,Review Nancy Johnson for executive_escalation before next outreach.,"Nelson DSS recommends, explains, and records human review. It does not automate customer decisions.",True
R10333,C001025,9356,Nancy Johnson,escalation_retention_case,executive_escalation,2026-05-08T00:00:00,Customer Success Lead,Escalate,Review Nancy Johnson for executive_escalation before next outreach.,"Nelson DSS recommends, explains, and records human review. It does not automate customer decisions.",True
R10334,C001026,4278,Andrew Smith,late_delivery_frustration,late_delivery_recovery,2026-05-06T00:00:00,Customer Success Lead,Monitor,Review Andrew Smith for late_delivery_recovery before next outreach.,"Nelson DSS recommends, explains, and records human review. It does not automate customer decisions.",True
R10335,C001027,7005,James Carpenter,escalation_retention_case,executive_escalation,2026-05-06T00:00:00,Customer Success Lead,Escalate,Review James Carpenter for executive_escalation before next outreach.,"Nelson DSS recommends, explains, and records human review. It does not automate customer decisions.",True
R10336,C001027,7005,James Carpenter,escalation_retention_case,executive_escalation,2026-05-07T00:00:00,Customer Success Lead,Escalate,Review James Carpenter for executive_escalation before next outreach.,"Nelson DSS recommends, explains, and records human review. It does not automate customer decisions.",True
R10337,C001027,7005,James Carpenter,escalation_retention_case,executive_escalation,2026-05-08T00:00:00,Customer Success Lead,Escalate,Review James Carpenter for executive_escalation before next outreach.,"Nelson DSS recommends, explains, and records human review. It does not automate customer decisions.",True
R10338,C001028,10891,Mary Smith,late_delivery_frustration,late_delivery_recovery,2026-05-06T00:00:00,Customer Success Lead,Monitor,Review Mary Smith for late_delivery_recovery before next outreach.,"Nelson DSS recommends, explains, and records human review. It does not automate customer decisions.",True
R10339,C001029,7980,Jennifer Ortiz,escalation_retention_case,executive_escalation,2026-05-06T00:00:00,Customer Success Lead,Escalate,Review Jennifer Ortiz for executive_escalation before next outreach.,"Nelson DSS recommends, explains, and records human review. It does not automate customer decisions.",True
R10340,C001029,7980,Jennifer Ortiz,escalation_retention_case,executive_escalation,2026-05-07T00:00:00,Customer Success Lead,Escalate,Review Jennifer Ortiz for executive_escalation before next outreach.,"Nelson DSS recommends, explains, and records human review. It does not automate customer decisions.",True
R10341,C001029,7980,Jennifer Ortiz,escalation_retention_case,executive_escalation,2026-05-08T00:00:00,Customer Success Lead,Escalate,Review Jennifer Ortiz for executive_escalation before next outreach.,"Nelson DSS recommends, explains, and records human review. It does not automate customer decisions.",True
R10342,C001030,1990,Kathryn Smith,escalation_retention_case,executive_escalation,2026-05-06T00:00:00,Customer Success Lead,Escalate,Review Kathryn Smith for executive_escalation before next outreach.,"Nelson DSS recommends, explains, and records human review. It does not automate customer decisions.",True
R10343,C001030,1990,Kathryn Smith,escalation_retention_case,executive_escalation,2026-05-07T00:00:00,Customer Success Lead,Escalate,Review Kathryn Smith for executive_escalation before next outreach.,"Nelson DSS recommends, explains, and records human review. It does not automate customer decisions.",True
R10344,C001030,1990,Kathryn Smith,escalation_retention_case,executive_escalation,2026-05-08T00:00:00,Customer Success Lead,Escalate,Review Kathryn Smith for executive_escalation before next outreach.,"Nelson DSS recommends, explains, and records human review. It does not automate customer decisions.",True
R10345,C001031,6405,Mary Anderson,escalation_retention_case,executive_escalation,2026-05-06T00:00:00,Customer Success Lead,Escalate,Review Mary Anderson for executive_escalation before next outreach.,"Nelson DSS recommends, explains, and records human review. It does not automate customer decisions.",True
R10346,C001031,6405,Mary Anderson,escalation_retention_case,executive_escalation,2026-05-07T00:00:00,Customer Success Lead,Escalate,Review Mary Anderson for executive_escalation before next outreach.,"Nelson DSS recommends, explains, and records human review. It does not automate customer decisions.",True
R10347,C001031,6405,Mary Anderson,escalation_retention_case,executive_escalation,2026-05-08T00:00:00,Customer Success Lead,Escalate,Review Mary Anderson for executive_escalation before next outreach.,"Nelson DSS recommends, explains, and records human review. It does not automate customer decisions.",True
R10348,C001032,9990,Mary Smith,late_delivery_frustration,late_delivery_recovery,2026-05-06T00:00:00,Customer Success Lead,Monitor,Review Mary Smith for late_delivery_recovery before next outreach.,"Nelson DSS recommends, explains, and records human review. It does not automate customer decisions.",True
R10349,C001033,3033,Kevin Larsen,late_delivery_frustration,late_delivery_recovery,2026-05-06T00:00:00,Customer Success Lead,Monitor,Review Kevin Larsen for late_delivery_recovery before next outreach.,"Nelson DSS recommends, explains, and records human review. It does not automate customer decisions.",True
R10350,C001034,326,Shirley Stafford,escalation_retention_case,executive_escalation,2026-05-06T00:00:00,Customer Success Lead,Escalate,Review Shirley Stafford for executive_escalation before next outreach.,"Nelson DSS recommends, explains, and records human review. It does not automate customer decisions.",True
R10351,C001034,326,Shirley Stafford,escalation_retention_case,executive_escalation,2026-05-07T00:00:00,Customer Success Lead,Escalate,Review Shirley Stafford for executive_escalation before next outreach.,"Nelson DSS recommends, explains, and records human review. It does not automate customer decisions.",True
R10352,C001034,326,Shirley Stafford,escalation_retention_case,executive_escalation,2026-05-08T00:00:00,Customer Success Lead,Escalate,Review Shirley Stafford for executive_escalation before next outreach.,"Nelson DSS recommends, explains, and records human review. It does not automate customer decisions.",True
R10353,C001035,586,Patricia Jefferson,late_delivery_frustration,late_delivery_recovery,2026-05-06T00:00:00,Customer Success Lead,Monitor,Review Patricia Jefferson for late_delivery_recovery before next outreach.,"Nelson DSS recommends, explains, and records human review. It does not automate customer decisions.",True
R10354,C001036,10765,Mary Byrd,escalation_retention_case,executive_escalation,2026-05-06T00:00:00,Customer Success Lead,Escalate,Review Mary Byrd for executive_escalation before next outreach.,"Nelson DSS recommends, explains, and records human review. It does not automate customer decisions.",True
R10355,C001036,10765,Mary Byrd,escalation_retention_case,executive_escalation,2026-05-07T00:00:00,Customer Success Lead,Escalate,Review Mary Byrd for executive_escalation before next outreach.,"Nelson DSS recommends, explains, and records human review. It does not automate customer decisions.",True
R10356,C001036,10765,Mary Byrd,escalation_retention_case,executive_escalation,2026-05-08T00:00:00,Customer Success Lead,Escalate,Review Mary Byrd for executive_escalation before next outreach.,"Nelson DSS recommends, explains, and records human review. It does not automate customer decisions.",True
R10357,C001037,254,Diana Hale,late_delivery_frustration,late_delivery_recovery,2026-05-06T00:00:00,Customer Success Lead,Monitor,Review Diana Hale for late_delivery_recovery before next outreach.,"Nelson DSS recommends, explains, and records human review. It does not automate customer decisions.",True
R10358,C001038,9607,Mary Smith,late_delivery_frustration,late_delivery_recovery,2026-05-06T00:00:00,Customer Success Lead,Monitor,Review Mary Smith for late_delivery_recovery before next outreach.,"Nelson DSS recommends, explains, and records human review. It does not automate customer decisions.",True
R10359,C001039,12384,Raymond Berry,late_delivery_frustration,late_delivery_recovery,2026-05-06T00:00:00,Customer Success Lead,Monitor,Review Raymond Berry for late_delivery_recovery before next outreach.,"Nelson DSS recommends, explains, and records human review. It does not automate customer decisions.",True
R10360,C001040,1624,Walter Huerta,escalation_retention_case,executive_escalation,2026-05-06T00:00:00,Customer Success Lead,Escalate,Review Walter Huerta for executive_escalation before next outreach.,"Nelson DSS recommends, explains, and records human review. It does not automate customer decisions.",True
R10361,C001040,1624,Walter Huerta,escalation_retention_case,executive_escalation,2026-05-07T00:00:00,Customer Success Lead,Escalate,Review Walter Huerta for executive_escalation before next outreach.,"Nelson DSS recommends, explains, and records human review. It does not automate customer decisions.",True
R10362,C001040,1624,Walter Huerta,escalation_retention_case,executive_escalation,2026-05-08T00:00:00,Customer Success Lead,Escalate,Review Walter Huerta for executive_escalation before next outreach.,"Nelson DSS recommends, explains, and records human review. It does not automate customer decisions.",True
R10363,C001041,7974,Mary Shaw,escalation_retention_case,executive_escalation,2026-05-06T00:00:00,Customer Success Lead,Escalate,Review Mary Shaw for executive_escalation before next outreach.,"Nelson DSS recommends, explains, and records human review. It does not automate customer decisions.",True
R10364,C001041,7974,Mary Shaw,escalation_retention_case,executive_escalation,2026-05-07T00:00:00,Customer Success Lead,Escalate,Review Mary Shaw for executive_escalation before next outreach.,"Nelson DSS recommends, explains, and records human review. It does not automate customer decisions.",True
R10365,C001041,7974,Mary Shaw,escalation_retention_case,executive_escalation,2026-05-08T00:00:00,Customer Success Lead,Escalate,Review Mary Shaw for executive_escalation before next outreach.,"Nelson DSS recommends, explains, and records human review. It does not automate customer decisions.",True
R10366,C001042,5878,Sharon Smith,late_delivery_frustration,late_delivery_recovery,2026-05-06T00:00:00,Customer Success Lead,Monitor,Review Sharon Smith for late_delivery_recovery before next outreach.,"Nelson DSS recommends, explains, and records human review. It does not automate customer decisions.",True
R10367,C001043,3580,Jessica Larson,late_delivery_frustration,late_delivery_recovery,2026-05-06T00:00:00,Customer Success Lead,Monitor,Review Jessica Larson for late_delivery_recovery before next outreach.,"Nelson DSS recommends, explains, and records human review. It does not automate customer decisions.",True
R10368,C001044,3167,Janice Ward,escalation_retention_case,executive_escalation,2026-05-06T00:00:00,Customer Success Lead,Escalate,Review Janice Ward for executive_escalation before next outreach.,"Nelson DSS recommends, explains, and records human review. It does not automate customer decisions.",True
R10369,C001044,3167,Janice Ward,escalation_retention_case,executive_escalation,2026-05-07T00:00:00,Customer Success Lead,Escalate,Review Janice Ward for executive_escalation before next outreach.,"Nelson DSS recommends, explains, and records human review. It does not automate customer decisions.",True
R10370,C001044,3167,Janice Ward,escalation_retention_case,executive_escalation,2026-05-08T00:00:00,Customer Success Lead,Escalate,Review Janice Ward for executive_escalation before next outreach.,"Nelson DSS recommends, explains, and records human review. It does not automate customer decisions.",True
R10371,C001045,9879,Linda Ibarra,escalation_retention_case,executive_escalation,2026-05-06T00:00:00,Customer Success Lead,Escalate,Review Linda Ibarra for executive_escalation before next outreach.,"Nelson DSS recommends, explains, and records human review. It does not automate customer decisions.",True
R10372,C001045,9879,Linda Ibarra,escalation_retention_case,executive_escalation,2026-05-07T00:00:00,Customer Success Lead,Escalate,Review Linda Ibarra for executive_escalation before next outreach.,"Nelson DSS recommends, explains, and records human review. It does not automate customer decisions.",True
R10373,C001045,9879,Linda Ibarra,escalation_retention_case,executive_escalation,2026-05-08T00:00:00,Customer Success Lead,Escalate,Review Linda Ibarra for executive_escalation before next outreach.,"Nelson DSS recommends, explains, and records human review. It does not automate customer decisions.",True
R10374,C001046,9721,Mary Smith,escalation_retention_case,executive_escalation,2026-05-06T00:00:00,Customer Success Lead,Escalate,Review Mary Smith for executive_escalation before next outreach.,"Nelson DSS recommends, explains, and records human review. It does not automate customer decisions.",True
R10375,C001046,9721,Mary Smith,escalation_retention_case,executive_escalation,2026-05-07T00:00:00,Customer Success Lead,Escalate,Review Mary Smith for executive_escalation before next outreach.,"Nelson DSS recommends, explains, and records human review. It does not automate customer decisions.",True
R10376,C001046,9721,Mary Smith,escalation_retention_case,executive_escalation,2026-05-08T00:00:00,Customer Success Lead,Escalate,Review Mary Smith for executive_escalation before next outreach.,"Nelson DSS recommends, explains, and records human review. It does not automate customer decisions.",True
R10377,C001047,2334,Mary Morgan,late_delivery_frustration,late_delivery_recovery,2026-05-06T00:00:00,Customer Success Lead,Monitor,Review Mary Morgan for late_delivery_recovery before next outreach.,"Nelson DSS recommends, explains, and records human review. It does not automate customer decisions.",True
R10378,C001048,10269,Mary Flowers,escalation_retention_case,executive_escalation,2026-05-06T00:00:00,Customer Success Lead,Escalate,Review Mary Flowers for executive_escalation before next outreach.,"Nelson DSS recommends, explains, and records human review. It does not automate customer decisions.",True
R10379,C001048,10269,Mary Flowers,escalation_retention_case,executive_escalation,2026-05-07T00:00:00,Customer Success Lead,Escalate,Review Mary Flowers for executive_escalation before next outreach.,"Nelson DSS recommends, explains, and records human review. It does not automate customer decisions.",True
R10380,C001048,10269,Mary Flowers,escalation_retention_case,executive_escalation,2026-05-08T00:00:00,Customer Success Lead,Escalate,Review Mary Flowers for executive_escalation before next outreach.,"Nelson DSS recommends, explains, and records human review. It does not automate customer decisions.",True
R10381,C001049,434,Michael Torres,escalation_retention_case,executive_escalation,2026-05-06T00:00:00,Customer Success Lead,Escalate,Review Michael Torres for executive_escalation before next outreach.,"Nelson DSS recommends, explains, and records human review. It does not automate customer decisions.",True
R10382,C001049,434,Michael Torres,escalation_retention_case,executive_escalation,2026-05-07T00:00:00,Customer Success Lead,Escalate,Review Michael Torres for executive_escalation before next outreach.,"Nelson DSS recommends, explains, and records human review. It does not automate customer decisions.",True
R10383,C001049,434,Michael Torres,escalation_retention_case,executive_escalation,2026-05-08T00:00:00,Customer Success Lead,Escalate,Review Michael Torres for executive_escalation before next outreach.,"Nelson DSS recommends, explains, and records human review. It does not automate customer decisions.",True
R10384,C001050,4276,Jacqueline Page,late_delivery_frustration,late_delivery_recovery,2026-05-06T00:00:00,Customer Success Lead,Monitor,Review Jacqueline Page for late_delivery_recovery before next outreach.,"Nelson DSS recommends, explains, and records human review. It does not automate customer decisions.",True
R10385,C001051,10170,Mary Tyler,late_delivery_frustration,late_delivery_recovery,2026-05-06T00:00:00,Customer Success Lead,Monitor,Review Mary Tyler for late_delivery_recovery before next outreach.,"Nelson DSS recommends, explains, and records human review. It does not automate customer decisions.",True
R10386,C001053,11677,Christine Smith,late_delivery_frustration,late_delivery_recovery,2026-05-06T00:00:00,Customer Success Lead,Monitor,Review Christine Smith for late_delivery_recovery before next outreach.,"Nelson DSS recommends, explains, and records human review. It does not automate customer decisions.",True
R10387,C001054,3918,Mary Smith,late_delivery_frustration,late_delivery_recovery,2026-05-06T00:00:00,Customer Success Lead,Monitor,Review Mary Smith for late_delivery_recovery before next outreach.,"Nelson DSS recommends, explains, and records human review. It does not automate customer decisions.",True
R10388,C001055,7757,Donna Davis,late_delivery_frustration,late_delivery_recovery,2026-05-06T00:00:00,Customer Success Lead,Monitor,Review Donna Davis for late_delivery_recovery before next outreach.,"Nelson DSS recommends, explains, and records human review. It does not automate customer decisions.",True
R10389,C001056,3678,Alice Castro,escalation_retention_case,executive_escalation,2026-05-06T00:00:00,Customer Success Lead,Escalate,Review Alice Castro for executive_escalation before next outreach.,"Nelson DSS recommends, explains, and records human review. It does not automate customer decisions.",True
R10390,C001056,3678,Alice Castro,escalation_retention_case,executive_escalation,2026-05-07T00:00:00,Customer Success Lead,Escalate,Review Alice Castro for executive_escalation before next outreach.,"Nelson DSS recommends, explains, and records human review. It does not automate customer decisions.",True
R10391,C001056,3678,Alice Castro,escalation_retention_case,executive_escalation,2026-05-08T00:00:00,Customer Success Lead,Escalate,Review Alice Castro for executive_escalation before next outreach.,"Nelson DSS recommends, explains, and records human review. It does not automate customer decisions.",True
R10392,C001057,11306,Gerald Beasley,late_delivery_frustration,late_delivery_recovery,2026-05-06T00:00:00,Customer Success Lead,Monitor,Review Gerald Beasley for late_delivery_recovery before next outreach.,"Nelson DSS recommends, explains, and records human review. It does not automate customer decisions.",True
R10393,C001058,7771,Janice Jackson,late_delivery_frustration,late_delivery_recovery,2026-05-06T00:00:00,Customer Success Lead,Monitor,Review Janice Jackson for late_delivery_recovery before next outreach.,"Nelson DSS recommends, explains, and records human review. It does not automate customer decisions.",True
R10394,C001060,5024,Thomas Klein,late_delivery_frustration,late_delivery_recovery,2026-05-06T00:00:00,Customer Success Lead,Monitor,Review Thomas Klein for late_delivery_recovery before next outreach.,"Nelson DSS recommends, explains, and records human review. It does not automate customer decisions.",True
R10395,C001061,1576,Dorothy Melton,late_delivery_frustration,late_delivery_recovery,2026-05-06T00:00:00,Customer Success Lead,Monitor,Review Dorothy Melton for late_delivery_recovery before next outreach.,"Nelson DSS recommends, explains, and records human review. It does not automate customer decisions.",True
R10396,C001062,4861,Rebecca Smith,late_delivery_frustration,late_delivery_recovery,2026-05-06T00:00:00,Customer Success Lead,Monitor,Review Rebecca Smith for late_delivery_recovery before next outreach.,"Nelson DSS recommends, explains, and records human review. It does not automate customer decisions.",True
R10397,C001063,8233,Mary Hanna,late_delivery_frustration,late_delivery_recovery,2026-05-06T00:00:00,Customer Success Lead,Monitor,Review Mary Hanna for late_delivery_recovery before next outreach.,"Nelson DSS recommends, explains, and records human review. It does not automate customer decisions.",True
R10398,C001064,11077,Andrew Smith,late_delivery_frustration,late_delivery_recovery,2026-05-06T00:00:00,Customer Success Lead,Monitor,Review Andrew Smith for late_delivery_recovery before next outreach.,"Nelson DSS recommends, explains, and records human review. It does not automate customer decisions.",True
R10399,C001065,5548,Michael Crawford,late_delivery_frustration,late_delivery_recovery,2026-05-06T00:00:00,Customer Success Lead,Monitor,Review Michael Crawford for late_delivery_recovery before next outreach.,"Nelson DSS recommends, explains, and records human review. It does not automate customer decisions.",True
R10400,C001066,647,Mary Rios,late_delivery_frustration,late_delivery_recovery,2026-05-06T00:00:00,Customer Success Lead,Monitor,Review Mary Rios for late_delivery_recovery before next outreach.,"Nelson DSS recommends, explains, and records human review. It does not automate customer decisions.",True
R10401,C001067,6759,Matthew Smith,late_delivery_frustration,late_delivery_recovery,2026-05-06T00:00:00,Customer Success Lead,Monitor,Review Matthew Smith for late_delivery_recovery before next outreach.,"Nelson DSS recommends, explains, and records human review. It does not automate customer decisions.",True
R10402,C001068,9197,Mary Sutton,late_delivery_frustration,late_delivery_recovery,2026-05-06T00:00:00,Customer Success Lead,Monitor,Review Mary Sutton for late_delivery_recovery before next outreach.,"Nelson DSS recommends, explains, and records human review. It does not automate customer decisions.",True
R10403,C001070,4916,Larry Smith,escalation_retention_case,executive_escalation,2026-05-06T00:00:00,Customer Success Lead,Escalate,Review Larry Smith for executive_escalation before next outreach.,"Nelson DSS recommends, explains, and records human review. It does not automate customer decisions.",True
R10404,C001070,4916,Larry Smith,escalation_retention_case,executive_escalation,2026-05-07T00:00:00,Customer Success Lead,Escalate,Review Larry Smith for executive_escalation before next outreach.,"Nelson DSS recommends, explains, and records human review. It does not automate customer decisions.",True
R10405,C001070,4916,Larry Smith,escalation_retention_case,executive_escalation,2026-05-08T00:00:00,Customer Success Lead,Escalate,Review Larry Smith for executive_escalation before next outreach.,"Nelson DSS recommends, explains, and records human review. It does not automate customer decisions.",True
R10406,C001071,8365,Matthew Norman,escalation_retention_case,executive_escalation,2026-05-06T00:00:00,Customer Success Lead,Escalate,Review Matthew Norman for executive_escalation before next outreach.,"Nelson DSS recommends, explains, and records human review. It does not automate customer decisions.",True
R10407,C001071,8365,Matthew Norman,escalation_retention_case,executive_escalation,2026-05-07T00:00:00,Customer Success Lead,Escalate,Review Matthew Norman for executive_escalation before next outreach.,"Nelson DSS recommends, explains, and records human review. It does not automate customer decisions.",True
R10408,C001071,8365,Matthew Norman,escalation_retention_case,executive_escalation,2026-05-08T00:00:00,Customer Success Lead,Escalate,Review Matthew Norman for executive_escalation before next outreach.,"Nelson DSS recommends, explains, and records human review. It does not automate customer decisions.",True
R10409,C001073,9726,Steven Smith,late_delivery_frustration,late_delivery_recovery,2026-05-06T00:00:00,Customer Success Lead,Monitor,Review Steven Smith for late_delivery_recovery before next outreach.,"Nelson DSS recommends, explains, and records human review. It does not automate customer decisions.",True
R10410,C001074,9074,Margaret Smith,late_delivery_frustration,late_delivery_recovery,2026-05-06T00:00:00,Customer Success Lead,Monitor,Review Margaret Smith for late_delivery_recovery before next outreach.,"Nelson DSS recommends, explains, and records human review. It does not automate customer decisions.",True
R10411,C001075,6571,Brenda Gonzalez,late_delivery_frustration,late_delivery_recovery,2026-05-06T00:00:00,Customer Success Lead,Monitor,Review Brenda Gonzalez for late_delivery_recovery before next outreach.,"Nelson DSS recommends, explains, and records human review. It does not automate customer decisions.",True
R10412,C001076,6746,Anthony Sanchez,escalation_retention_case,executive_escalation,2026-05-06T00:00:00,Customer Success Lead,Escalate,Review Anthony Sanchez for executive_escalation before next outreach.,"Nelson DSS recommends, explains, and records human review. It does not automate customer decisions.",True
R10413,C001076,6746,Anthony Sanchez,escalation_retention_case,executive_escalation,2026-05-07T00:00:00,Customer Success Lead,Escalate,Review Anthony Sanchez for executive_escalation before next outreach.,"Nelson DSS recommends, explains, and records human review. It does not automate customer decisions.",True
R10414,C001076,6746,Anthony Sanchez,escalation_retention_case,executive_escalation,2026-05-08T00:00:00,Customer Success Lead,Escalate,Review Anthony Sanchez for executive_escalation before next outreach.,"Nelson DSS recommends, explains, and records human review. It does not automate customer decisions.",True
R10415,C001077,5660,Mary Maldonado,late_delivery_frustration,late_delivery_recovery,2026-05-06T00:00:00,Customer Success Lead,Monitor,Review Mary Maldonado for late_delivery_recovery before next outreach.,"Nelson DSS recommends, explains, and records human review. It does not automate customer decisions.",True
R10416,C001078,4265,Debra Smith,late_delivery_frustration,late_delivery_recovery,2026-05-06T00:00:00,Customer Success Lead,Monitor,Review Debra Smith for late_delivery_recovery before next outreach.,"Nelson DSS recommends, explains, and records human review. It does not automate customer decisions.",True
R10417,C001079,4190,Mary Martinez,late_delivery_frustration,late_delivery_recovery,2026-05-06T00:00:00,Customer Success Lead,Monitor,Review Mary Martinez for late_delivery_recovery before next outreach.,"Nelson DSS recommends, explains, and records human review. It does not automate customer decisions.",True
R10418,C001082,1466,Stephen Cole,late_delivery_frustration,late_delivery_recovery,2026-05-06T00:00:00,Customer Success Lead,Monitor,Review Stephen Cole for late_delivery_recovery before next outreach.,"Nelson DSS recommends, explains, and records human review. It does not automate customer decisions.",True
R10419,C001085,3468,Mary Romero,late_delivery_frustration,late_delivery_recovery,2026-05-06T00:00:00,Customer Success Lead,Monitor,Review Mary Romero for late_delivery_recovery before next outreach.,"Nelson DSS recommends, explains, and records human review. It does not automate customer decisions.",True
R10420,C001086,4929,Janet Harvey,late_delivery_frustration,late_delivery_recovery,2026-05-06T00:00:00,Customer Success Lead,Monitor,Review Janet Harvey for late_delivery_recovery before next outreach.,"Nelson DSS recommends, explains, and records human review. It does not automate customer decisions.",True
R10421,C001087,376,Grace Sanchez,late_delivery_frustration,late_delivery_recovery,2026-05-06T00:00:00,Customer Success Lead,Monitor,Review Grace Sanchez for late_delivery_recovery before next outreach.,"Nelson DSS recommends, explains, and records human review. It does not automate customer decisions.",True
R10422,C001090,8754,Paul Sanchez,late_delivery_frustration,late_delivery_recovery,2026-05-06T00:00:00,Customer Success Lead,Monitor,Review Paul Sanchez for late_delivery_recovery before next outreach.,"Nelson DSS recommends, explains, and records human review. It does not automate customer decisions.",True
R10423,C001091,4422,Mary Schwartz,late_delivery_frustration,late_delivery_recovery,2026-05-06T00:00:00,Customer Success Lead,Monitor,Review Mary Schwartz for late_delivery_recovery before next outreach.,"Nelson DSS recommends, explains, and records human review. It does not automate customer decisions.",True
R10424,C001092,12117,Helen Smith,late_delivery_frustration,late_delivery_recovery,2026-05-06T00:00:00,Customer Success Lead,Monitor,Review Helen Smith for late_delivery_recovery before next outreach.,"Nelson DSS recommends, explains, and records human review. It does not automate customer decisions.",True
R10425,C001093,10617,Ruth Smith,escalation_retention_case,executive_escalation,2026-05-06T00:00:00,Customer Success Lead,Escalate,Review Ruth Smith for executive_escalation before next outreach.,"Nelson DSS recommends, explains, and records human review. It does not automate customer decisions.",True
R10426,C001093,10617,Ruth Smith,escalation_retention_case,executive_escalation,2026-05-07T00:00:00,Customer Success Lead,Escalate,Review Ruth Smith for executive_escalation before next outreach.,"Nelson DSS recommends, explains, and records human review. It does not automate customer decisions.",True
R10427,C001093,10617,Ruth Smith,escalation_retention_case,executive_escalation,2026-05-08T00:00:00,Customer Success Lead,Escalate,Review Ruth Smith for executive_escalation before next outreach.,"Nelson DSS recommends, explains, and records human review. It does not automate customer decisions.",True
R10428,C001095,11115,Michelle Smith,escalation_retention_case,executive_escalation,2026-05-06T00:00:00,Customer Success Lead,Escalate,Review Michelle Smith for executive_escalation before next outreach.,"Nelson DSS recommends, explains, and records human review. It does not automate customer decisions.",True
R10429,C001095,11115,Michelle Smith,escalation_retention_case,executive_escalation,2026-05-07T00:00:00,Customer Success Lead,Escalate,Review Michelle Smith for executive_escalation before next outreach.,"Nelson DSS recommends, explains, and records human review. It does not automate customer decisions.",True
R10430,C001095,11115,Michelle Smith,escalation_retention_case,executive_escalation,2026-05-08T00:00:00,Customer Success Lead,Escalate,Review Michelle Smith for executive_escalation before next outreach.,"Nelson DSS recommends, explains, and records human review. It does not automate customer decisions.",True
R10431,C001096,1997,Amy Callahan,late_delivery_frustration,late_delivery_recovery,2026-05-06T00:00:00,Customer Success Lead,Monitor,Review Amy Callahan for late_delivery_recovery before next outreach.,"Nelson DSS recommends, explains, and records human review. It does not automate customer decisions.",True
R10432,C001097,2610,Virginia Johnson,escalation_retention_case,executive_escalation,2026-05-06T00:00:00,Customer Success Lead,Escalate,Review Virginia Johnson for executive_escalation before next outreach.,"Nelson DSS recommends, explains, and records human review. It does not automate customer decisions.",True
R10433,C001097,2610,Virginia Johnson,escalation_retention_case,executive_escalation,2026-05-07T00:00:00,Customer Success Lead,Escalate,Review Virginia Johnson for executive_escalation before next outreach.,"Nelson DSS recommends, explains, and records human review. It does not automate customer decisions.",True
R10434,C001097,2610,Virginia Johnson,escalation_retention_case,executive_escalation,2026-05-08T00:00:00,Customer Success Lead,Escalate,Review Virginia Johnson for executive_escalation before next outreach.,"Nelson DSS recommends, explains, and records human review. It does not automate customer decisions.",True
R10435,C001098,4707,Victoria Smith,late_delivery_frustration,late_delivery_recovery,2026-05-06T00:00:00,Customer Success Lead,Monitor,Review Victoria Smith for late_delivery_recovery before next outreach.,"Nelson DSS recommends, explains, and records human review. It does not automate customer decisions.",True
R10436,C001100,10273,Mary Smith,late_delivery_frustration,late_delivery_recovery,2026-05-06T00:00:00,Customer Success Lead,Monitor,Review Mary Smith for late_delivery_recovery before next outreach.,"Nelson DSS recommends, explains, and records human review. It does not automate customer decisions.",True
R10437,C001101,2157,Danielle Holt,escalation_retention_case,executive_escalation,2026-05-06T00:00:00,Customer Success Lead,Escalate,Review Danielle Holt for executive_escalation before next outreach.,"Nelson DSS recommends, explains, and records human review. It does not automate customer decisions.",True
R10438,C001101,2157,Danielle Holt,escalation_retention_case,executive_escalation,2026-05-07T00:00:00,Customer Success Lead,Escalate,Review Danielle Holt for executive_escalation before next outreach.,"Nelson DSS recommends, explains, and records human review. It does not automate customer decisions.",True
R10439,C001101,2157,Danielle Holt,escalation_retention_case,executive_escalation,2026-05-08T00:00:00,Customer Success Lead,Escalate,Review Danielle Holt for executive_escalation before next outreach.,"Nelson DSS recommends, explains, and records human review. It does not automate customer decisions.",True
R10440,C001102,2830,Maria Baker,late_delivery_frustration,late_delivery_recovery,2026-05-06T00:00:00,Customer Success Lead,Monitor,Review Maria Baker for late_delivery_recovery before next outreach.,"Nelson DSS recommends, explains, and records human review. It does not automate customer decisions.",True
R10441,C001103,10687,George Weeks,late_delivery_frustration,late_delivery_recovery,2026-05-06T00:00:00,Customer Success Lead,Monitor,Review George Weeks for late_delivery_recovery before next outreach.,"Nelson DSS recommends, explains, and records human review. It does not automate customer decisions.",True
R10442,C001104,9887,Margaret Valenzuela,late_delivery_frustration,late_delivery_recovery,2026-05-06T00:00:00,Customer Success Lead,Monitor,Review Margaret Valenzuela for late_delivery_recovery before next outreach.,"Nelson DSS recommends, explains, and records human review. It does not automate customer decisions.",True
R10443,C001107,12382,Jennifer Smith,late_delivery_frustration,late_delivery_recovery,2026-05-06T00:00:00,Customer Success Lead,Monitor,Review Jennifer Smith for late_delivery_recovery before next outreach.,"Nelson DSS recommends, explains, and records human review. It does not automate customer decisions.",True
R10444,C001108,7143,Mary Burnett,late_delivery_frustration,late_delivery_recovery,2026-05-06T00:00:00,Customer Success Lead,Monitor,Review Mary Burnett for late_delivery_recovery before next outreach.,"Nelson DSS recommends, explains, and records human review. It does not automate customer decisions.",True
R10445,C001110,4109,Scott Shaffer,late_delivery_frustration,late_delivery_recovery,2026-05-06T00:00:00,Customer Success Lead,Monitor,Review Scott Shaffer for late_delivery_recovery before next outreach.,"Nelson DSS recommends, explains, and records human review. It does not automate customer decisions.",True
R10446,C001111,5198,Mary Smith,late_delivery_frustration,late_delivery_recovery,2026-05-06T00:00:00,Customer Success Lead,Monitor,Review Mary Smith for late_delivery_recovery before next outreach.,"Nelson DSS recommends, explains, and records human review. It does not automate customer decisions.",True
R10447,C001113,9581,Deborah Smith,escalation_retention_case,executive_escalation,2026-05-06T00:00:00,Customer Success Lead,Escalate,Review Deborah Smith for executive_escalation before next outreach.,"Nelson DSS recommends, explains, and records human review. It does not automate customer decisions.",True
R10448,C001113,9581,Deborah Smith,escalation_retention_case,executive_escalation,2026-05-07T00:00:00,Customer Success Lead,Escalate,Review Deborah Smith for executive_escalation before next outreach.,"Nelson DSS recommends, explains, and records human review. It does not automate customer decisions.",True
R10449,C001113,9581,Deborah Smith,escalation_retention_case,executive_escalation,2026-05-08T00:00:00,Customer Success Lead,Escalate,Review Deborah Smith for executive_escalation before next outreach.,"Nelson DSS recommends, explains, and records human review. It does not automate customer decisions.",True
R10450,C001115,11235,Judy Church,late_delivery_frustration,late_delivery_recovery,2026-05-06T00:00:00,Customer Success Lead,Monitor,Review Judy Church for late_delivery_recovery before next outreach.,"Nelson DSS recommends, explains, and records human review. It does not automate customer decisions.",True
R10451,C001116,8300,Mary Reynolds,late_delivery_frustration,late_delivery_recovery,2026-05-06T00:00:00,Customer Success Lead,Monitor,Review Mary Reynolds for late_delivery_recovery before next outreach.,"Nelson DSS recommends, explains, and records human review. It does not automate customer decisions.",True
R10452,C001117,6165,Mary Gardner,escalation_retention_case,executive_escalation,2026-05-06T00:00:00,Customer Success Lead,Escalate,Review Mary Gardner for executive_escalation before next outreach.,"Nelson DSS recommends, explains, and records human review. It does not automate customer decisions.",True
R10453,C001117,6165,Mary Gardner,escalation_retention_case,executive_escalation,2026-05-07T00:00:00,Customer Success Lead,Escalate,Review Mary Gardner for executive_escalation before next outreach.,"Nelson DSS recommends, explains, and records human review. It does not automate customer decisions.",True
R10454,C001117,6165,Mary Gardner,escalation_retention_case,executive_escalation,2026-05-08T00:00:00,Customer Success Lead,Escalate,Review Mary Gardner for executive_escalation before next outreach.,"Nelson DSS recommends, explains, and records human review. It does not automate customer decisions.",True
R10455,C001118,11984,Richard Smith,late_delivery_frustration,late_delivery_recovery,2026-05-06T00:00:00,Customer Success Lead,Monitor,Review Richard Smith for late_delivery_recovery before next outreach.,"Nelson DSS recommends, explains, and records human review. It does not automate customer decisions.",True
R10456,C001119,6023,Shirley Webb,escalation_retention_case,executive_escalation,2026-05-06T00:00:00,Customer Success Lead,Escalate,Review Shirley Webb for executive_escalation before next outreach.,"Nelson DSS recommends, explains, and records human review. It does not automate customer decisions.",True
R10457,C001119,6023,Shirley Webb,escalation_retention_case,executive_escalation,2026-05-07T00:00:00,Customer Success Lead,Escalate,Review Shirley Webb for executive_escalation before next outreach.,"Nelson DSS recommends, explains, and records human review. It does not automate customer decisions.",True
R10458,C001119,6023,Shirley Webb,escalation_retention_case,executive_escalation,2026-05-08T00:00:00,Customer Success Lead,Escalate,Review Shirley Webb for executive_escalation before next outreach.,"Nelson DSS recommends, explains, and records human review. It does not automate customer decisions.",True
R10459,C001120,11407,Steven Powers,escalation_retention_case,executive_escalation,2026-05-06T00:00:00,Customer Success Lead,Escalate,Review Steven Powers for executive_escalation before next outreach.,"Nelson DSS recommends, explains, and records human review. It does not automate customer decisions.",True
R10460,C001120,11407,Steven Powers,escalation_retention_case,executive_escalation,2026-05-07T00:00:00,Customer Success Lead,Escalate,Review Steven Powers for executive_escalation before next outreach.,"Nelson DSS recommends, explains, and records human review. It does not automate customer decisions.",True
R10461,C001120,11407,Steven Powers,escalation_retention_case,executive_escalation,2026-05-08T00:00:00,Customer Success Lead,Escalate,Review Steven Powers for executive_escalation before next outreach.,"Nelson DSS recommends, explains, and records human review. It does not automate customer decisions.",True
R10462,C001121,10928,Sharon Smith,escalation_retention_case,executive_escalation,2026-05-06T00:00:00,Customer Success Lead,Escalate,Review Sharon Smith for executive_escalation before next outreach.,"Nelson DSS recommends, explains, and records human review. It does not automate customer decisions.",True
R10463,C001121,10928,Sharon Smith,escalation_retention_case,executive_escalation,2026-05-07T00:00:00,Customer Success Lead,Escalate,Review Sharon Smith for executive_escalation before next outreach.,"Nelson DSS recommends, explains, and records human review. It does not automate customer decisions.",True
R10464,C001121,10928,Sharon Smith,escalation_retention_case,executive_escalation,2026-05-08T00:00:00,Customer Success Lead,Escalate,Review Sharon Smith for executive_escalation before next outreach.,"Nelson DSS recommends, explains, and records human review. It does not automate customer decisions.",True
R10465,C001122,859,Dorothy Hawkins,late_delivery_frustration,late_delivery_recovery,2026-05-06T00:00:00,Customer Success Lead,Monitor,Review Dorothy Hawkins for late_delivery_recovery before next outreach.,"Nelson DSS recommends, explains, and records human review. It does not automate customer decisions.",True
R10466,C001125,4815,Jerry Smith,escalation_retention_case,executive_escalation,2026-05-06T00:00:00,Customer Success Lead,Escalate,Review Jerry Smith for executive_escalation before next outreach.,"Nelson DSS recommends, explains, and records human review. It does not automate customer decisions.",True
R10467,C001125,4815,Jerry Smith,escalation_retention_case,executive_escalation,2026-05-07T00:00:00,Customer Success Lead,Escalate,Review Jerry Smith for executive_escalation before next outreach.,"Nelson DSS recommends, explains, and records human review. It does not automate customer decisions.",True
R10468,C001125,4815,Jerry Smith,escalation_retention_case,executive_escalation,2026-05-08T00:00:00,Customer Success Lead,Escalate,Review Jerry Smith for executive_escalation before next outreach.,"Nelson DSS recommends, explains, and records human review. It does not automate customer decisions.",True
R10469,C001126,5594,Mary Davidson,late_delivery_frustration,late_delivery_recovery,2026-05-06T00:00:00,Customer Success Lead,Monitor,Review Mary Davidson for late_delivery_recovery before next outreach.,"Nelson DSS recommends, explains, and records human review. It does not automate customer decisions.",True
R10470,C001128,3509,Mary Perry,late_delivery_frustration,late_delivery_recovery,2026-05-06T00:00:00,Customer Success Lead,Monitor,Review Mary Perry for late_delivery_recovery before next outreach.,"Nelson DSS recommends, explains, and records human review. It does not automate customer decisions.",True
R10471,C001129,11765,Steven Smith,late_delivery_frustration,late_delivery_recovery,2026-05-06T00:00:00,Customer Success Lead,Monitor,Review Steven Smith for late_delivery_recovery before next outreach.,"Nelson DSS recommends, explains, and records human review. It does not automate customer decisions.",True
R10472,C001130,5671,Jacqueline Lam,late_delivery_frustration,late_delivery_recovery,2026-05-06T00:00:00,Customer Success Lead,Monitor,Review Jacqueline Lam for late_delivery_recovery before next outreach.,"Nelson DSS recommends, explains, and records human review. It does not automate customer decisions.",True
R10473,C001132,4432,Kenneth Gillespie,late_delivery_frustration,late_delivery_recovery,2026-05-06T00:00:00,Customer Success Lead,Monitor,Review Kenneth Gillespie for late_delivery_recovery before next outreach.,"Nelson DSS recommends, explains, and records human review. It does not automate customer decisions.",True
R10474,C001133,9162,Christina Carter,late_delivery_frustration,late_delivery_recovery,2026-05-06T00:00:00,Customer Success Lead,Monitor,Review Christina Carter for late_delivery_recovery before next outreach.,"Nelson DSS recommends, explains, and records human review. It does not automate customer decisions.",True
R10475,C001136,9632,Mary Tate,late_delivery_frustration,late_delivery_recovery,2026-05-06T00:00:00,Customer Success Lead,Monitor,Review Mary Tate for late_delivery_recovery before next outreach.,"Nelson DSS recommends, explains, and records human review. It does not automate customer decisions.",True
R10476,C001137,10514,Mary Page,late_delivery_frustration,late_delivery_recovery,2026-05-06T00:00:00,Customer Success Lead,Monitor,Review Mary Page for late_delivery_recovery before next outreach.,"Nelson DSS recommends, explains, and records human review. It does not automate customer decisions.",True
R10477,C001138,2298,Elizabeth Smith,late_delivery_frustration,late_delivery_recovery,2026-05-06T00:00:00,Customer Success Lead,Monitor,Review Elizabeth Smith for late_delivery_recovery before next outreach.,"Nelson DSS recommends, explains, and records human review. It does not automate customer decisions.",True
R10478,C001139,12132,Mary Larson,escalation_retention_case,executive_escalation,2026-05-06T00:00:00,Customer Success Lead,Escalate,Review Mary Larson for executive_escalation before next outreach.,"Nelson DSS recommends, explains, and records human review. It does not automate customer decisions.",True
R10479,C001139,12132,Mary Larson,escalation_retention_case,executive_escalation,2026-05-07T00:00:00,Customer Success Lead,Escalate,Review Mary Larson for executive_escalation before next outreach.,"Nelson DSS recommends, explains, and records human review. It does not automate customer decisions.",True
R10480,C001139,12132,Mary Larson,escalation_retention_case,executive_escalation,2026-05-08T00:00:00,Customer Success Lead,Escalate,Review Mary Larson for executive_escalation before next outreach.,"Nelson DSS recommends, explains, and records human review. It does not automate customer decisions.",True
R10481,C001144,2169,Betty Ayala,late_delivery_frustration,late_delivery_recovery,2026-05-06T00:00:00,Customer Success Lead,Monitor,Review Betty Ayala for late_delivery_recovery before next outreach.,"Nelson DSS recommends, explains, and records human review. It does not automate customer decisions.",True
R10482,C001145,9639,Mary Smith,escalation_retention_case,executive_escalation,2026-05-06T00:00:00,Customer Success Lead,Escalate,Review Mary Smith for executive_escalation before next outreach.,"Nelson DSS recommends, explains, and records human review. It does not automate customer decisions.",True
R10483,C001145,9639,Mary Smith,escalation_retention_case,executive_escalation,2026-05-07T00:00:00,Customer Success Lead,Escalate,Review Mary Smith for executive_escalation before next outreach.,"Nelson DSS recommends, explains, and records human review. It does not automate customer decisions.",True
R10484,C001145,9639,Mary Smith,escalation_retention_case,executive_escalation,2026-05-08T00:00:00,Customer Success Lead,Escalate,Review Mary Smith for executive_escalation before next outreach.,"Nelson DSS recommends, explains, and records human review. It does not automate customer decisions.",True
R10485,C001149,956,Karen Smith,escalation_retention_case,executive_escalation,2026-05-06T00:00:00,Customer Success Lead,Escalate,Review Karen Smith for executive_escalation before next outreach.,"Nelson DSS recommends, explains, and records human review. It does not automate customer decisions.",True
R10486,C001149,956,Karen Smith,escalation_retention_case,executive_escalation,2026-05-07T00:00:00,Customer Success Lead,Escalate,Review Karen Smith for executive_escalation before next outreach.,"Nelson DSS recommends, explains, and records human review. It does not automate customer decisions.",True
R10487,C001149,956,Karen Smith,escalation_retention_case,executive_escalation,2026-05-08T00:00:00,Customer Success Lead,Escalate,Review Karen Smith for executive_escalation before next outreach.,"Nelson DSS recommends, explains, and records human review. It does not automate customer decisions.",True
R10488,C001150,7975,Eugene Davila,escalation_retention_case,executive_escalation,2026-05-06T00:00:00,Customer Success Lead,Escalate,Review Eugene Davila for executive_escalation before next outreach.,"Nelson DSS recommends, explains, and records human review. It does not automate customer decisions.",True
R10489,C001150,7975,Eugene Davila,escalation_retention_case,executive_escalation,2026-05-07T00:00:00,Customer Success Lead,Escalate,Review Eugene Davila for executive_escalation before next outreach.,"Nelson DSS recommends, explains, and records human review. It does not automate customer decisions.",True
R10490,C001150,7975,Eugene Davila,escalation_retention_case,executive_escalation,2026-05-08T00:00:00,Customer Success Lead,Escalate,Review Eugene Davila for executive_escalation before next outreach.,"Nelson DSS recommends, explains, and records human review. It does not automate customer decisions.",True
R10491,C001151,1255,Richard Goodman,late_delivery_frustration,late_delivery_recovery,2026-05-06T00:00:00,Customer Success Lead,Monitor,Review Richard Goodman for late_delivery_recovery before next outreach.,"Nelson DSS recommends, explains, and records human review. It does not automate customer decisions.",True
R10492,C001152,5388,David Ashley,late_delivery_frustration,late_delivery_recovery,2026-05-06T00:00:00,Customer Success Lead,Monitor,Review David Ashley for late_delivery_recovery before next outreach.,"Nelson DSS recommends, explains, and records human review. It does not automate customer decisions.",True
R10493,C001153,5564,Mary Smith,late_delivery_frustration,late_delivery_recovery,2026-05-06T00:00:00,Customer Success Lead,Monitor,Review Mary Smith for late_delivery_recovery before next outreach.,"Nelson DSS recommends, explains, and records human review. It does not automate customer decisions.",True
R10494,C001154,3926,Ann Allison,late_delivery_frustration,late_delivery_recovery,2026-05-06T00:00:00,Customer Success Lead,Monitor,Review Ann Allison for late_delivery_recovery before next outreach.,"Nelson DSS recommends, explains, and records human review. It does not automate customer decisions.",True
R10495,C001155,8808,Kenneth Smith,escalation_retention_case,executive_escalation,2026-05-06T00:00:00,Customer Success Lead,Escalate,Review Kenneth Smith for executive_escalation before next outreach.,"Nelson DSS recommends, explains, and records human review. It does not automate customer decisions.",True
R10496,C001155,8808,Kenneth Smith,escalation_retention_case,executive_escalation,2026-05-07T00:00:00,Customer Success Lead,Escalate,Review Kenneth Smith for executive_escalation before next outreach.,"Nelson DSS recommends, explains, and records human review. It does not automate customer decisions.",True
R10497,C001155,8808,Kenneth Smith,escalation_retention_case,executive_escalation,2026-05-08T00:00:00,Customer Success Lead,Escalate,Review Kenneth Smith for executive_escalation before next outreach.,"Nelson DSS recommends, explains, and records human review. It does not automate customer decisions.",True
R10498,C001156,1058,Martha Smith,late_delivery_frustration,late_delivery_recovery,2026-05-06T00:00:00,Customer Success Lead,Monitor,Review Martha Smith for late_delivery_recovery before next outreach.,"Nelson DSS recommends, explains, and records human review. It does not automate customer decisions.",True
R10499,C001157,436,Mary Smith,escalation_retention_case,executive_escalation,2026-05-06T00:00:00,Customer Success Lead,Escalate,Review Mary Smith for executive_escalation before next outreach.,"Nelson DSS recommends, explains, and records human review. It does not automate customer decisions.",True
R10500,C001157,436,Mary Smith,escalation_retention_case,executive_escalation,2026-05-07T00:00:00,Customer Success Lead,Escalate,Review Mary Smith for executive_escalation before next outreach.,"Nelson DSS recommends, explains, and records human review. It does not automate customer decisions.",True
R10501,C001157,436,Mary Smith,escalation_retention_case,executive_escalation,2026-05-08T00:00:00,Customer Success Lead,Escalate,Review Mary Smith for executive_escalation before next outreach.,"Nelson DSS recommends, explains, and records human review. It does not automate customer decisions.",True
R10502,C001159,10796,Debra Hardy,late_delivery_frustration,late_delivery_recovery,2026-05-06T00:00:00,Customer Success Lead,Monitor,Review Debra Hardy for late_delivery_recovery before next outreach.,"Nelson DSS recommends, explains, and records human review. It does not automate customer decisions.",True
R10503,C001160,5775,Joyce Garcia,late_delivery_frustration,late_delivery_recovery,2026-05-06T00:00:00,Customer Success Lead,Monitor,Review Joyce Garcia for late_delivery_recovery before next outreach.,"Nelson DSS recommends, explains, and records human review. It does not automate customer decisions.",True
R10504,C001161,4025,Janet Schmidt,late_delivery_frustration,late_delivery_recovery,2026-05-06T00:00:00,Customer Success Lead,Monitor,Review Janet Schmidt for late_delivery_recovery before next outreach.,"Nelson DSS recommends, explains, and records human review. It does not automate customer decisions.",True
R10505,C001162,6109,Zachary Tate,late_delivery_frustration,late_delivery_recovery,2026-05-06T00:00:00,Customer Success Lead,Monitor,Review Zachary Tate for late_delivery_recovery before next outreach.,"Nelson DSS recommends, explains, and records human review. It does not automate customer decisions.",True
R10506,C001163,9554,Mary Hayes,late_delivery_frustration,late_delivery_recovery,2026-05-06T00:00:00,Customer Success Lead,Monitor,Review Mary Hayes for late_delivery_recovery before next outreach.,"Nelson DSS recommends, explains, and records human review. It does not automate customer decisions.",True
R10507,C001165,5147,Mary Hurst,escalation_retention_case,executive_escalation,2026-05-06T00:00:00,Customer Success Lead,Escalate,Review Mary Hurst for executive_escalation before next outreach.,"Nelson DSS recommends, explains, and records human review. It does not automate customer decisions.",True
R10508,C001165,5147,Mary Hurst,escalation_retention_case,executive_escalation,2026-05-07T00:00:00,Customer Success Lead,Escalate,Review Mary Hurst for executive_escalation before next outreach.,"Nelson DSS recommends, explains, and records human review. It does not automate customer decisions.",True
R10509,C001165,5147,Mary Hurst,escalation_retention_case,executive_escalation,2026-05-08T00:00:00,Customer Success Lead,Escalate,Review Mary Hurst for executive_escalation before next outreach.,"Nelson DSS recommends, explains, and records human review. It does not automate customer decisions.",True
R10510,C001166,10552,Mary Finley,late_delivery_frustration,late_delivery_recovery,2026-05-06T00:00:00,Customer Success Lead,Monitor,Review Mary Finley for late_delivery_recovery before next outreach.,"Nelson DSS recommends, explains, and records human review. It does not automate customer decisions.",True
R10511,C001167,6854,Mary Wade,late_delivery_frustration,late_delivery_recovery,2026-05-06T00:00:00,Customer Success Lead,Monitor,Review Mary Wade for late_delivery_recovery before next outreach.,"Nelson DSS recommends, explains, and records human review. It does not automate customer decisions.",True
R10512,C001168,11512,Mary Randall,escalation_retention_case,executive_escalation,2026-05-06T00:00:00,Customer Success Lead,Escalate,Review Mary Randall for executive_escalation before next outreach.,"Nelson DSS recommends, explains, and records human review. It does not automate customer decisions.",True
R10513,C001168,11512,Mary Randall,escalation_retention_case,executive_escalation,2026-05-07T00:00:00,Customer Success Lead,Escalate,Review Mary Randall for executive_escalation before next outreach.,"Nelson DSS recommends, explains, and records human review. It does not automate customer decisions.",True
R10514,C001168,11512,Mary Randall,escalation_retention_case,executive_escalation,2026-05-08T00:00:00,Customer Success Lead,Escalate,Review Mary Randall for executive_escalation before next outreach.,"Nelson DSS recommends, explains, and records human review. It does not automate customer decisions.",True
R10515,C001169,1843,Frank Garcia,escalation_retention_case,executive_escalation,2026-05-06T00:00:00,Customer Success Lead,Escalate,Review Frank Garcia for executive_escalation before next outreach.,"Nelson DSS recommends, explains, and records human review. It does not automate customer decisions.",True
R10516,C001169,1843,Frank Garcia,escalation_retention_case,executive_escalation,2026-05-07T00:00:00,Customer Success Lead,Escalate,Review Frank Garcia for executive_escalation before next outreach.,"Nelson DSS recommends, explains, and records human review. It does not automate customer decisions.",True
R10517,C001169,1843,Frank Garcia,escalation_retention_case,executive_escalation,2026-05-08T00:00:00,Customer Success Lead,Escalate,Review Frank Garcia for executive_escalation before next outreach.,"Nelson DSS recommends, explains, and records human review. It does not automate customer decisions.",True
R10518,C001170,7910,Mary Camacho,late_delivery_frustration,late_delivery_recovery,2026-05-06T00:00:00,Customer Success Lead,Monitor,Review Mary Camacho for late_delivery_recovery before next outreach.,"Nelson DSS recommends, explains, and records human review. It does not automate customer decisions.",True
R10519,C001171,7716,David Middleton,late_delivery_frustration,late_delivery_recovery,2026-05-06T00:00:00,Customer Success Lead,Monitor,Review David Middleton for late_delivery_recovery before next outreach.,"Nelson DSS recommends, explains, and records human review. It does not automate customer decisions.",True
R10520,C001172,7593,Roger Bowman,late_delivery_frustration,late_delivery_recovery,2026-05-06T00:00:00,Customer Success Lead,Monitor,Review Roger Bowman for late_delivery_recovery before next outreach.,"Nelson DSS recommends, explains, and records human review. It does not automate customer decisions.",True
R10521,C001174,10685,Amy Walker,late_delivery_frustration,late_delivery_recovery,2026-05-06T00:00:00,Customer Success Lead,Monitor,Review Amy Walker for late_delivery_recovery before next outreach.,"Nelson DSS recommends, explains, and records human review. It does not automate customer decisions.",True
R10522,C001175,7511,Mary Park,late_delivery_frustration,late_delivery_recovery,2026-05-06T00:00:00,Customer Success Lead,Monitor,Review Mary Park for late_delivery_recovery before next outreach.,"Nelson DSS recommends, explains, and records human review. It does not automate customer decisions.",True
R10523,C001176,11767,Joshua Huynh,late_delivery_frustration,late_delivery_recovery,2026-05-06T00:00:00,Customer Success Lead,Monitor,Review Joshua Huynh for late_delivery_recovery before next outreach.,"Nelson DSS recommends, explains, and records human review. It does not automate customer decisions.",True
R10524,C001179,10172,Mary Pugh,escalation_retention_case,executive_escalation,2026-05-06T00:00:00,Customer Success Lead,Escalate,Review Mary Pugh for executive_escalation before next outreach.,"Nelson DSS recommends, explains, and records human review. It does not automate customer decisions.",True
R10525,C001179,10172,Mary Pugh,escalation_retention_case,executive_escalation,2026-05-07T00:00:00,Customer Success Lead,Escalate,Review Mary Pugh for executive_escalation before next outreach.,"Nelson DSS recommends, explains, and records human review. It does not automate customer decisions.",True
R10526,C001179,10172,Mary Pugh,escalation_retention_case,executive_escalation,2026-05-08T00:00:00,Customer Success Lead,Escalate,Review Mary Pugh for executive_escalation before next outreach.,"Nelson DSS recommends, explains, and records human review. It does not automate customer decisions.",True
R10527,C001181,1847,Mary Smith,late_delivery_frustration,late_delivery_recovery,2026-05-06T00:00:00,Customer Success Lead,Monitor,Review Mary Smith for late_delivery_recovery before next outreach.,"Nelson DSS recommends, explains, and records human review. It does not automate customer decisions.",True
R10528,C001182,11689,Samantha Parker,escalation_retention_case,executive_escalation,2026-05-06T00:00:00,Customer Success Lead,Escalate,Review Samantha Parker for executive_escalation before next outreach.,"Nelson DSS recommends, explains, and records human review. It does not automate customer decisions.",True
R10529,C001182,11689,Samantha Parker,escalation_retention_case,executive_escalation,2026-05-07T00:00:00,Customer Success Lead,Escalate,Review Samantha Parker for executive_escalation before next outreach.,"Nelson DSS recommends, explains, and records human review. It does not automate customer decisions.",True
R10530,C001182,11689,Samantha Parker,escalation_retention_case,executive_escalation,2026-05-08T00:00:00,Customer Success Lead,Escalate,Review Samantha Parker for executive_escalation before next outreach.,"Nelson DSS recommends, explains, and records human review. It does not automate customer decisions.",True
R10531,C001183,6025,Mary Smith,escalation_retention_case,executive_escalation,2026-05-06T00:00:00,Customer Success Lead,Escalate,Review Mary Smith for executive_escalation before next outreach.,"Nelson DSS recommends, explains, and records human review. It does not automate customer decisions.",True
R10532,C001183,6025,Mary Smith,escalation_retention_case,executive_escalation,2026-05-07T00:00:00,Customer Success Lead,Escalate,Review Mary Smith for executive_escalation before next outreach.,"Nelson DSS recommends, explains, and records human review. It does not automate customer decisions.",True
R10533,C001183,6025,Mary Smith,escalation_retention_case,executive_escalation,2026-05-08T00:00:00,Customer Success Lead,Escalate,Review Mary Smith for executive_escalation before next outreach.,"Nelson DSS recommends, explains, and records human review. It does not automate customer decisions.",True
R10534,C001184,4579,William Zimmerman,late_delivery_frustration,late_delivery_recovery,2026-05-06T00:00:00,Customer Success Lead,Monitor,Review William Zimmerman for late_delivery_recovery before next outreach.,"Nelson DSS recommends, explains, and records human review. It does not automate customer decisions.",True
R10535,C001185,2403,Christopher Hall,late_delivery_frustration,late_delivery_recovery,2026-05-06T00:00:00,Customer Success Lead,Monitor,Review Christopher Hall for late_delivery_recovery before next outreach.,"Nelson DSS recommends, explains, and records human review. It does not automate customer decisions.",True
R10536,C001186,7949,Mary Barrera,late_delivery_frustration,late_delivery_recovery,2026-05-06T00:00:00,Customer Success Lead,Monitor,Review Mary Barrera for late_delivery_recovery before next outreach.,"Nelson DSS recommends, explains, and records human review. It does not automate customer decisions.",True
R10537,C001188,11116,Mary Wu,escalation_retention_case,executive_escalation,2026-05-06T00:00:00,Customer Success Lead,Escalate,Review Mary Wu for executive_escalation before next outreach.,"Nelson DSS recommends, explains, and records human review. It does not automate customer decisions.",True
R10538,C001188,11116,Mary Wu,escalation_retention_case,executive_escalation,2026-05-07T00:00:00,Customer Success Lead,Escalate,Review Mary Wu for executive_escalation before next outreach.,"Nelson DSS recommends, explains, and records human review. It does not automate customer decisions.",True
R10539,C001188,11116,Mary Wu,escalation_retention_case,executive_escalation,2026-05-08T00:00:00,Customer Success Lead,Escalate,Review Mary Wu for executive_escalation before next outreach.,"Nelson DSS recommends, explains, and records human review. It does not automate customer decisions.",True
R10540,C001189,8488,Teresa Allen,late_delivery_frustration,late_delivery_recovery,2026-05-06T00:00:00,Customer Success Lead,Monitor,Review Teresa Allen for late_delivery_recovery before next outreach.,"Nelson DSS recommends, explains, and records human review. It does not automate customer decisions.",True
R10541,C001190,329,Samantha Higgins,late_delivery_frustration,late_delivery_recovery,2026-05-06T00:00:00,Customer Success Lead,Monitor,Review Samantha Higgins for late_delivery_recovery before next outreach.,"Nelson DSS recommends, explains, and records human review. It does not automate customer decisions.",True
R10542,C001193,10766,Rose Roman,late_delivery_frustration,late_delivery_recovery,2026-05-06T00:00:00,Customer Success Lead,Monitor,Review Rose Roman for late_delivery_recovery before next outreach.,"Nelson DSS recommends, explains, and records human review. It does not automate customer decisions.",True
R10543,C001195,8892,Russell Dennis,escalation_retention_case,executive_escalation,2026-05-06T00:00:00,Customer Success Lead,Escalate,Review Russell Dennis for executive_escalation before next outreach.,"Nelson DSS recommends, explains, and records human review. It does not automate customer decisions.",True
R10544,C001195,8892,Russell Dennis,escalation_retention_case,executive_escalation,2026-05-07T00:00:00,Customer Success Lead,Escalate,Review Russell Dennis for executive_escalation before next outreach.,"Nelson DSS recommends, explains, and records human review. It does not automate customer decisions.",True
R10545,C001195,8892,Russell Dennis,escalation_retention_case,executive_escalation,2026-05-08T00:00:00,Customer Success Lead,Escalate,Review Russell Dennis for executive_escalation before next outreach.,"Nelson DSS recommends, explains, and records human review. It does not automate customer decisions.",True
R10546,C001197,6883,Mary Smith,late_delivery_frustration,late_delivery_recovery,2026-05-06T00:00:00,Customer Success Lead,Monitor,Review Mary Smith for late_delivery_recovery before next outreach.,"Nelson DSS recommends, explains, and records human review. It does not automate customer decisions.",True
R10547,C001199,10308,Mary Smith,late_delivery_frustration,late_delivery_recovery,2026-05-06T00:00:00,Customer Success Lead,Monitor,Review Mary Smith for late_delivery_recovery before next outreach.,"Nelson DSS recommends, explains, and records human review. It does not automate customer decisions.",True
R10548,C001201,8529,Mary Watts,late_delivery_frustration,late_delivery_recovery,2026-05-06T00:00:00,Customer Success Lead,Monitor,Review Mary Watts for late_delivery_recovery before next outreach.,"Nelson DSS recommends, explains, and records human review. It does not automate customer decisions.",True
R10549,C001204,5125,Mary Miller,late_delivery_frustration,late_delivery_recovery,2026-05-06T00:00:00,Customer Success Lead,Monitor,Review Mary Miller for late_delivery_recovery before next outreach.,"Nelson DSS recommends, explains, and records human review. It does not automate customer decisions.",True
R10550,C001205,5989,Kathleen Becker,late_delivery_frustration,late_delivery_recovery,2026-05-06T00:00:00,Customer Success Lead,Monitor,Review Kathleen Becker for late_delivery_recovery before next outreach.,"Nelson DSS recommends, explains, and records human review. It does not automate customer decisions.",True
R10551,C001206,10905,Lisa Warner,late_delivery_frustration,late_delivery_recovery,2026-05-06T00:00:00,Customer Success Lead,Monitor,Review Lisa Warner for late_delivery_recovery before next outreach.,"Nelson DSS recommends, explains, and records human review. It does not automate customer decisions.",True
R10552,C001207,11362,Michael Harmon,late_delivery_frustration,late_delivery_recovery,2026-05-06T00:00:00,Customer Success Lead,Monitor,Review Michael Harmon for late_delivery_recovery before next outreach.,"Nelson DSS recommends, explains, and records human review. It does not automate customer decisions.",True
R10553,C001208,6356,Mary Smith,late_delivery_frustration,late_delivery_recovery,2026-05-06T00:00:00,Customer Success Lead,Monitor,Review Mary Smith for late_delivery_recovery before next outreach.,"Nelson DSS recommends, explains, and records human review. It does not automate customer decisions.",True
R10554,C001209,10899,William Soto,late_delivery_frustration,late_delivery_recovery,2026-05-06T00:00:00,Customer Success Lead,Monitor,Review William Soto for late_delivery_recovery before next outreach.,"Nelson DSS recommends, explains, and records human review. It does not automate customer decisions.",True
R10555,C001210,2111,Joan Smith,escalation_retention_case,executive_escalation,2026-05-06T00:00:00,Customer Success Lead,Escalate,Review Joan Smith for executive_escalation before next outreach.,"Nelson DSS recommends, explains, and records human review. It does not automate customer decisions.",True
R10556,C001210,2111,Joan Smith,escalation_retention_case,executive_escalation,2026-05-07T00:00:00,Customer Success Lead,Escalate,Review Joan Smith for executive_escalation before next outreach.,"Nelson DSS recommends, explains, and records human review. It does not automate customer decisions.",True
R10557,C001210,2111,Joan Smith,escalation_retention_case,executive_escalation,2026-05-08T00:00:00,Customer Success Lead,Escalate,Review Joan Smith for executive_escalation before next outreach.,"Nelson DSS recommends, explains, and records human review. It does not automate customer decisions.",True
R10558,C001212,2759,Carolyn Ritter,late_delivery_frustration,late_delivery_recovery,2026-05-06T00:00:00,Customer Success Lead,Monitor,Review Carolyn Ritter for late_delivery_recovery before next outreach.,"Nelson DSS recommends, explains, and records human review. It does not automate customer decisions.",True
R10559,C001213,1567,Danielle Smith,late_delivery_frustration,late_delivery_recovery,2026-05-06T00:00:00,Customer Success Lead,Monitor,Review Danielle Smith for late_delivery_recovery before next outreach.,"Nelson DSS recommends, explains, and records human review. It does not automate customer decisions.",True
R10560,C001215,6942,Jordan Moran,escalation_retention_case,executive_escalation,2026-05-06T00:00:00,Customer Success Lead,Escalate,Review Jordan Moran for executive_escalation before next outreach.,"Nelson DSS recommends, explains, and records human review. It does not automate customer decisions.",True
R10561,C001215,6942,Jordan Moran,escalation_retention_case,executive_escalation,2026-05-07T00:00:00,Customer Success Lead,Escalate,Review Jordan Moran for executive_escalation before next outreach.,"Nelson DSS recommends, explains, and records human review. It does not automate customer decisions.",True
R10562,C001215,6942,Jordan Moran,escalation_retention_case,executive_escalation,2026-05-08T00:00:00,Customer Success Lead,Escalate,Review Jordan Moran for executive_escalation before next outreach.,"Nelson DSS recommends, explains, and records human review. It does not automate customer decisions.",True
R10563,C001217,11816,Tammy Cannon,escalation_retention_case,executive_escalation,2026-05-06T00:00:00,Customer Success Lead,Escalate,Review Tammy Cannon for executive_escalation before next outreach.,"Nelson DSS recommends, explains, and records human review. It does not automate customer decisions.",True
R10564,C001217,11816,Tammy Cannon,escalation_retention_case,executive_escalation,2026-05-07T00:00:00,Customer Success Lead,Escalate,Review Tammy Cannon for executive_escalation before next outreach.,"Nelson DSS recommends, explains, and records human review. It does not automate customer decisions.",True
R10565,C001217,11816,Tammy Cannon,escalation_retention_case,executive_escalation,2026-05-08T00:00:00,Customer Success Lead,Escalate,Review Tammy Cannon for executive_escalation before next outreach.,"Nelson DSS recommends, explains, and records human review. It does not automate customer decisions.",True
R10566,C001220,55,Janet Farley,late_delivery_frustration,late_delivery_recovery,2026-05-06T00:00:00,Customer Success Lead,Monitor,Review Janet Farley for late_delivery_recovery before next outreach.,"Nelson DSS recommends, explains, and records human review. It does not automate customer decisions.",True
R10567,C001221,2156,Mary Smith,escalation_retention_case,executive_escalation,2026-05-06T00:00:00,Customer Success Lead,Escalate,Review Mary Smith for executive_escalation before next outreach.,"Nelson DSS recommends, explains, and records human review. It does not automate customer decisions.",True
R10568,C001221,2156,Mary Smith,escalation_retention_case,executive_escalation,2026-05-07T00:00:00,Customer Success Lead,Escalate,Review Mary Smith for executive_escalation before next outreach.,"Nelson DSS recommends, explains, and records human review. It does not automate customer decisions.",True
R10569,C001221,2156,Mary Smith,escalation_retention_case,executive_escalation,2026-05-08T00:00:00,Customer Success Lead,Escalate,Review Mary Smith for executive_escalation before next outreach.,"Nelson DSS recommends, explains, and records human review. It does not automate customer decisions.",True
R10570,C001226,12101,Samantha Smith,late_delivery_frustration,late_delivery_recovery,2026-05-06T00:00:00,Customer Success Lead,Monitor,Review Samantha Smith for late_delivery_recovery before next outreach.,"Nelson DSS recommends, explains, and records human review. It does not automate customer decisions.",True
R10571,C001227,1812,Mary Smith,late_delivery_frustration,late_delivery_recovery,2026-05-06T00:00:00,Customer Success Lead,Monitor,Review Mary Smith for late_delivery_recovery before next outreach.,"Nelson DSS recommends, explains, and records human review. It does not automate customer decisions.",True
R10572,C001228,2618,Nicole Jones,late_delivery_frustration,late_delivery_recovery,2026-05-06T00:00:00,Customer Success Lead,Monitor,Review Nicole Jones for late_delivery_recovery before next outreach.,"Nelson DSS recommends, explains, and records human review. It does not automate customer decisions.",True
R10573,C001229,4462,Mary Dillon,late_delivery_frustration,late_delivery_recovery,2026-05-06T00:00:00,Customer Success Lead,Monitor,Review Mary Dillon for late_delivery_recovery before next outreach.,"Nelson DSS recommends, explains, and records human review. It does not automate customer decisions.",True
R10574,C001230,11862,Mary Smith,late_delivery_frustration,late_delivery_recovery,2026-05-06T00:00:00,Customer Success Lead,Monitor,Review Mary Smith for late_delivery_recovery before next outreach.,"Nelson DSS recommends, explains, and records human review. It does not automate customer decisions.",True
R10575,C001232,9924,Christine Smith,escalation_retention_case,executive_escalation,2026-05-06T00:00:00,Customer Success Lead,Escalate,Review Christine Smith for executive_escalation before next outreach.,"Nelson DSS recommends, explains, and records human review. It does not automate customer decisions.",True
R10576,C001232,9924,Christine Smith,escalation_retention_case,executive_escalation,2026-05-07T00:00:00,Customer Success Lead,Escalate,Review Christine Smith for executive_escalation before next outreach.,"Nelson DSS recommends, explains, and records human review. It does not automate customer decisions.",True
R10577,C001232,9924,Christine Smith,escalation_retention_case,executive_escalation,2026-05-08T00:00:00,Customer Success Lead,Escalate,Review Christine Smith for executive_escalation before next outreach.,"Nelson DSS recommends, explains, and records human review. It does not automate customer decisions.",True
R10578,C001233,10631,Frances Smith,late_delivery_frustration,late_delivery_recovery,2026-05-06T00:00:00,Customer Success Lead,Monitor,Review Frances Smith for late_delivery_recovery before next outreach.,"Nelson DSS recommends, explains, and records human review. It does not automate customer decisions.",True
R10579,C001234,9823,Mary Camacho,late_delivery_frustration,late_delivery_recovery,2026-05-06T00:00:00,Customer Success Lead,Monitor,Review Mary Camacho for late_delivery_recovery before next outreach.,"Nelson DSS recommends, explains, and records human review. It does not automate customer decisions.",True
R10580,C001236,4495,Mary White,escalation_retention_case,executive_escalation,2026-05-06T00:00:00,Customer Success Lead,Escalate,Review Mary White for executive_escalation before next outreach.,"Nelson DSS recommends, explains, and records human review. It does not automate customer decisions.",True
R10581,C001236,4495,Mary White,escalation_retention_case,executive_escalation,2026-05-07T00:00:00,Customer Success Lead,Escalate,Review Mary White for executive_escalation before next outreach.,"Nelson DSS recommends, explains, and records human review. It does not automate customer decisions.",True
R10582,C001236,4495,Mary White,escalation_retention_case,executive_escalation,2026-05-08T00:00:00,Customer Success Lead,Escalate,Review Mary White for executive_escalation before next outreach.,"Nelson DSS recommends, explains, and records human review. It does not automate customer decisions.",True
R10583,C001237,1848,Mary Brown,late_delivery_frustration,late_delivery_recovery,2026-05-06T00:00:00,Customer Success Lead,Monitor,Review Mary Brown for late_delivery_recovery before next outreach.,"Nelson DSS recommends, explains, and records human review. It does not automate customer decisions.",True
R10584,C001238,12322,Mary Cain,late_delivery_frustration,late_delivery_recovery,2026-05-06T00:00:00,Customer Success Lead,Monitor,Review Mary Cain for late_delivery_recovery before next outreach.,"Nelson DSS recommends, explains, and records human review. It does not automate customer decisions.",True
R10585,C001239,8612,Emma Smith,late_delivery_frustration,late_delivery_recovery,2026-05-06T00:00:00,Customer Success Lead,Monitor,Review Emma Smith for late_delivery_recovery before next outreach.,"Nelson DSS recommends, explains, and records human review. It does not automate customer decisions.",True
R10586,C001241,1563,Carolyn Smith,late_delivery_frustration,late_delivery_recovery,2026-05-06T00:00:00,Customer Success Lead,Monitor,Review Carolyn Smith for late_delivery_recovery before next outreach.,"Nelson DSS recommends, explains, and records human review. It does not automate customer decisions.",True
R10587,C001242,2469,Shawn Smith,escalation_retention_case,executive_escalation,2026-05-06T00:00:00,Customer Success Lead,Escalate,Review Shawn Smith for executive_escalation before next outreach.,"Nelson DSS recommends, explains, and records human review. It does not automate customer decisions.",True
R10588,C001242,2469,Shawn Smith,escalation_retention_case,executive_escalation,2026-05-07T00:00:00,Customer Success Lead,Escalate,Review Shawn Smith for executive_escalation before next outreach.,"Nelson DSS recommends, explains, and records human review. It does not automate customer decisions.",True
R10589,C001242,2469,Shawn Smith,escalation_retention_case,executive_escalation,2026-05-08T00:00:00,Customer Success Lead,Escalate,Review Shawn Smith for executive_escalation before next outreach.,"Nelson DSS recommends, explains, and records human review. It does not automate customer decisions.",True
R10590,C001243,1733,Margaret Smith,escalation_retention_case,executive_escalation,2026-05-06T00:00:00,Customer Success Lead,Escalate,Review Margaret Smith for executive_escalation before next outreach.,"Nelson DSS recommends, explains, and records human review. It does not automate customer decisions.",True
R10591,C001243,1733,Margaret Smith,escalation_retention_case,executive_escalation,2026-05-07T00:00:00,Customer Success Lead,Escalate,Review Margaret Smith for executive_escalation before next outreach.,"Nelson DSS recommends, explains, and records human review. It does not automate customer decisions.",True
R10592,C001243,1733,Margaret Smith,escalation_retention_case,executive_escalation,2026-05-08T00:00:00,Customer Success Lead,Escalate,Review Margaret Smith for executive_escalation before next outreach.,"Nelson DSS recommends, explains, and records human review. It does not automate customer decisions.",True
R10593,C001244,6838,Lisa Garcia,late_delivery_frustration,late_delivery_recovery,2026-05-06T00:00:00,Customer Success Lead,Monitor,Review Lisa Garcia for late_delivery_recovery before next outreach.,"Nelson DSS recommends, explains, and records human review. It does not automate customer decisions.",True
R10594,C001245,728,Anthony Rosario,late_delivery_frustration,late_delivery_recovery,2026-05-06T00:00:00,Customer Success Lead,Monitor,Review Anthony Rosario for late_delivery_recovery before next outreach.,"Nelson DSS recommends, explains, and records human review. It does not automate customer decisions.",True
R10595,C001246,10453,Elizabeth Brewer,late_delivery_frustration,late_delivery_recovery,2026-05-06T00:00:00,Customer Success Lead,Monitor,Review Elizabeth Brewer for late_delivery_recovery before next outreach.,"Nelson DSS recommends, explains, and records human review. It does not automate customer decisions.",True
R10596,C001247,6560,Melissa Smith,escalation_retention_case,executive_escalation,2026-05-06T00:00:00,Customer Success Lead,Escalate,Review Melissa Smith for executive_escalation before next outreach.,"Nelson DSS recommends, explains, and records human review. It does not automate customer decisions.",True
R10597,C001247,6560,Melissa Smith,escalation_retention_case,executive_escalation,2026-05-07T00:00:00,Customer Success Lead,Escalate,Review Melissa Smith for executive_escalation before next outreach.,"Nelson DSS recommends, explains, and records human review. It does not automate customer decisions.",True
R10598,C001247,6560,Melissa Smith,escalation_retention_case,executive_escalation,2026-05-08T00:00:00,Customer Success Lead,Escalate,Review Melissa Smith for executive_escalation before next outreach.,"Nelson DSS recommends, explains, and records human review. It does not automate customer decisions.",True
R10599,C001249,383,Evelyn Smith,escalation_retention_case,executive_escalation,2026-05-06T00:00:00,Customer Success Lead,Escalate,Review Evelyn Smith for executive_escalation before next outreach.,"Nelson DSS recommends, explains, and records human review. It does not automate customer decisions.",True
R10600,C001249,383,Evelyn Smith,escalation_retention_case,executive_escalation,2026-05-07T00:00:00,Customer Success Lead,Escalate,Review Evelyn Smith for executive_escalation before next outreach.,"Nelson DSS recommends, explains, and records human review. It does not automate customer decisions.",True
R10601,C001249,383,Evelyn Smith,escalation_retention_case,executive_escalation,2026-05-08T00:00:00,Customer Success Lead,Escalate,Review Evelyn Smith for executive_escalation before next outreach.,"Nelson DSS recommends, explains, and records human review. It does not automate customer decisions.",True
R10602,C001250,12321,Helen Christensen,late_delivery_frustration,late_delivery_recovery,2026-05-06T00:00:00,Customer Success Lead,Monitor,Review Helen Christensen for late_delivery_recovery before next outreach.,"Nelson DSS recommends, explains, and records human review. It does not automate customer decisions.",True
R10603,C001251,6672,Mary Conrad,late_delivery_frustration,late_delivery_recovery,2026-05-06T00:00:00,Customer Success Lead,Monitor,Review Mary Conrad for late_delivery_recovery before next outreach.,"Nelson DSS recommends, explains, and records human review. It does not automate customer decisions.",True
R10604,C001252,9862,Mary Decker,escalation_retention_case,executive_escalation,2026-05-06T00:00:00,Customer Success Lead,Escalate,Review Mary Decker for executive_escalation before next outreach.,"Nelson DSS recommends, explains, and records human review. It does not automate customer decisions.",True
R10605,C001252,9862,Mary Decker,escalation_retention_case,executive_escalation,2026-05-07T00:00:00,Customer Success Lead,Escalate,Review Mary Decker for executive_escalation before next outreach.,"Nelson DSS recommends, explains, and records human review. It does not automate customer decisions.",True
R10606,C001252,9862,Mary Decker,escalation_retention_case,executive_escalation,2026-05-08T00:00:00,Customer Success Lead,Escalate,Review Mary Decker for executive_escalation before next outreach.,"Nelson DSS recommends, explains, and records human review. It does not automate customer decisions.",True
R10607,C001253,4875,Edward Peters,late_delivery_frustration,late_delivery_recovery,2026-05-06T00:00:00,Customer Success Lead,Monitor,Review Edward Peters for late_delivery_recovery before next outreach.,"Nelson DSS recommends, explains, and records human review. It does not automate customer decisions.",True
R10608,C001254,846,Mary Powell,late_delivery_frustration,late_delivery_recovery,2026-05-06T00:00:00,Customer Success Lead,Monitor,Review Mary Powell for late_delivery_recovery before next outreach.,"Nelson DSS recommends, explains, and records human review. It does not automate customer decisions.",True
R10609,C001255,3677,Sandra Edwards,escalation_retention_case,executive_escalation,2026-05-06T00:00:00,Customer Success Lead,Escalate,Review Sandra Edwards for executive_escalation before next outreach.,"Nelson DSS recommends, explains, and records human review. It does not automate customer decisions.",True
R10610,C001255,3677,Sandra Edwards,escalation_retention_case,executive_escalation,2026-05-07T00:00:00,Customer Success Lead,Escalate,Review Sandra Edwards for executive_escalation before next outreach.,"Nelson DSS recommends, explains, and records human review. It does not automate customer decisions.",True
R10611,C001255,3677,Sandra Edwards,escalation_retention_case,executive_escalation,2026-05-08T00:00:00,Customer Success Lead,Escalate,Review Sandra Edwards for executive_escalation before next outreach.,"Nelson DSS recommends, explains, and records human review. It does not automate customer decisions.",True
R10612,C001256,8987,Kathleen Price,escalation_retention_case,executive_escalation,2026-05-06T00:00:00,Customer Success Lead,Escalate,Review Kathleen Price for executive_escalation before next outreach.,"Nelson DSS recommends, explains, and records human review. It does not automate customer decisions.",True
R10613,C001256,8987,Kathleen Price,escalation_retention_case,executive_escalation,2026-05-07T00:00:00,Customer Success Lead,Escalate,Review Kathleen Price for executive_escalation before next outreach.,"Nelson DSS recommends, explains, and records human review. It does not automate customer decisions.",True
R10614,C001256,8987,Kathleen Price,escalation_retention_case,executive_escalation,2026-05-08T00:00:00,Customer Success Lead,Escalate,Review Kathleen Price for executive_escalation before next outreach.,"Nelson DSS recommends, explains, and records human review. It does not automate customer decisions.",True
R10615,C001258,1478,Anna Sanchez,escalation_retention_case,executive_escalation,2026-05-06T00:00:00,Customer Success Lead,Escalate,Review Anna Sanchez for executive_escalation before next outreach.,"Nelson DSS recommends, explains, and records human review. It does not automate customer decisions.",True
R10616,C001258,1478,Anna Sanchez,escalation_retention_case,executive_escalation,2026-05-07T00:00:00,Customer Success Lead,Escalate,Review Anna Sanchez for executive_escalation before next outreach.,"Nelson DSS recommends, explains, and records human review. It does not automate customer decisions.",True
R10617,C001258,1478,Anna Sanchez,escalation_retention_case,executive_escalation,2026-05-08T00:00:00,Customer Success Lead,Escalate,Review Anna Sanchez for executive_escalation before next outreach.,"Nelson DSS recommends, explains, and records human review. It does not automate customer decisions.",True
R10618,C001260,9352,Mary Lewis,escalation_retention_case,executive_escalation,2026-05-06T00:00:00,Customer Success Lead,Escalate,Review Mary Lewis for executive_escalation before next outreach.,"Nelson DSS recommends, explains, and records human review. It does not automate customer decisions.",True
R10619,C001260,9352,Mary Lewis,escalation_retention_case,executive_escalation,2026-05-07T00:00:00,Customer Success Lead,Escalate,Review Mary Lewis for executive_escalation before next outreach.,"Nelson DSS recommends, explains, and records human review. It does not automate customer decisions.",True
R10620,C001260,9352,Mary Lewis,escalation_retention_case,executive_escalation,2026-05-08T00:00:00,Customer Success Lead,Escalate,Review Mary Lewis for executive_escalation before next outreach.,"Nelson DSS recommends, explains, and records human review. It does not automate customer decisions.",True
R10621,C001261,9974,Olivia Smith,escalation_retention_case,executive_escalation,2026-05-06T00:00:00,Customer Success Lead,Escalate,Review Olivia Smith for executive_escalation before next outreach.,"Nelson DSS recommends, explains, and records human review. It does not automate customer decisions.",True
R10622,C001261,9974,Olivia Smith,escalation_retention_case,executive_escalation,2026-05-07T00:00:00,Customer Success Lead,Escalate,Review Olivia Smith for executive_escalation before next outreach.,"Nelson DSS recommends, explains, and records human review. It does not automate customer decisions.",True
R10623,C001261,9974,Olivia Smith,escalation_retention_case,executive_escalation,2026-05-08T00:00:00,Customer Success Lead,Escalate,Review Olivia Smith for executive_escalation before next outreach.,"Nelson DSS recommends, explains, and records human review. It does not automate customer decisions.",True
R10624,C001262,5204,Andrew Smith,late_delivery_frustration,late_delivery_recovery,2026-05-06T00:00:00,Customer Success Lead,Monitor,Review Andrew Smith for late_delivery_recovery before next outreach.,"Nelson DSS recommends, explains, and records human review. It does not automate customer decisions.",True
R10625,C001264,3021,Nancy Alvarado,late_delivery_frustration,late_delivery_recovery,2026-05-06T00:00:00,Customer Success Lead,Monitor,Review Nancy Alvarado for late_delivery_recovery before next outreach.,"Nelson DSS recommends, explains, and records human review. It does not automate customer decisions.",True
R10626,C001265,5805,Raymond Bray,escalation_retention_case,executive_escalation,2026-05-06T00:00:00,Customer Success Lead,Escalate,Review Raymond Bray for executive_escalation before next outreach.,"Nelson DSS recommends, explains, and records human review. It does not automate customer decisions.",True
R10627,C001265,5805,Raymond Bray,escalation_retention_case,executive_escalation,2026-05-07T00:00:00,Customer Success Lead,Escalate,Review Raymond Bray for executive_escalation before next outreach.,"Nelson DSS recommends, explains, and records human review. It does not automate customer decisions.",True
R10628,C001265,5805,Raymond Bray,escalation_retention_case,executive_escalation,2026-05-08T00:00:00,Customer Success Lead,Escalate,Review Raymond Bray for executive_escalation before next outreach.,"Nelson DSS recommends, explains, and records human review. It does not automate customer decisions.",True
R10629,C001267,8447,Michael Smith,escalation_retention_case,executive_escalation,2026-05-06T00:00:00,Customer Success Lead,Escalate,Review Michael Smith for executive_escalation before next outreach.,"Nelson DSS recommends, explains, and records human review. It does not automate customer decisions.",True
R10630,C001267,8447,Michael Smith,escalation_retention_case,executive_escalation,2026-05-07T00:00:00,Customer Success Lead,Escalate,Review Michael Smith for executive_escalation before next outreach.,"Nelson DSS recommends, explains, and records human review. It does not automate customer decisions.",True
R10631,C001267,8447,Michael Smith,escalation_retention_case,executive_escalation,2026-05-08T00:00:00,Customer Success Lead,Escalate,Review Michael Smith for executive_escalation before next outreach.,"Nelson DSS recommends, explains, and records human review. It does not automate customer decisions.",True
R10632,C001268,7216,Mary Hendrix,late_delivery_frustration,late_delivery_recovery,2026-05-06T00:00:00,Customer Success Lead,Monitor,Review Mary Hendrix for late_delivery_recovery before next outreach.,"Nelson DSS recommends, explains, and records human review. It does not automate customer decisions.",True
R10633,C001269,514,Mary Johnson,late_delivery_frustration,late_delivery_recovery,2026-05-06T00:00:00,Customer Success Lead,Monitor,Review Mary Johnson for late_delivery_recovery before next outreach.,"Nelson DSS recommends, explains, and records human review. It does not automate customer decisions.",True
R10634,C001270,3595,Joshua Lewis,late_delivery_frustration,late_delivery_recovery,2026-05-06T00:00:00,Customer Success Lead,Monitor,Review Joshua Lewis for late_delivery_recovery before next outreach.,"Nelson DSS recommends, explains, and records human review. It does not automate customer decisions.",True
R10635,C001271,8167,Betty Roberts,late_delivery_frustration,late_delivery_recovery,2026-05-06T00:00:00,Customer Success Lead,Monitor,Review Betty Roberts for late_delivery_recovery before next outreach.,"Nelson DSS recommends, explains, and records human review. It does not automate customer decisions.",True
R10636,C001274,8674,Mary Rhodes,escalation_retention_case,executive_escalation,2026-05-06T00:00:00,Customer Success Lead,Escalate,Review Mary Rhodes for executive_escalation before next outreach.,"Nelson DSS recommends, explains, and records human review. It does not automate customer decisions.",True
R10637,C001274,8674,Mary Rhodes,escalation_retention_case,executive_escalation,2026-05-07T00:00:00,Customer Success Lead,Escalate,Review Mary Rhodes for executive_escalation before next outreach.,"Nelson DSS recommends, explains, and records human review. It does not automate customer decisions.",True
R10638,C001274,8674,Mary Rhodes,escalation_retention_case,executive_escalation,2026-05-08T00:00:00,Customer Success Lead,Escalate,Review Mary Rhodes for executive_escalation before next outreach.,"Nelson DSS recommends, explains, and records human review. It does not automate customer decisions.",True
R10639,C001275,4665,Jessica York,late_delivery_frustration,late_delivery_recovery,2026-05-06T00:00:00,Customer Success Lead,Monitor,Review Jessica York for late_delivery_recovery before next outreach.,"Nelson DSS recommends, explains, and records human review. It does not automate customer decisions.",True
R10640,C001276,3631,Mary Smith,late_delivery_frustration,late_delivery_recovery,2026-05-06T00:00:00,Customer Success Lead,Monitor,Review Mary Smith for late_delivery_recovery before next outreach.,"Nelson DSS recommends, explains, and records human review. It does not automate customer decisions.",True
R10641,C001278,5943,Mary Sherman,escalation_retention_case,executive_escalation,2026-05-06T00:00:00,Customer Success Lead,Escalate,Review Mary Sherman for executive_escalation before next outreach.,"Nelson DSS recommends, explains, and records human review. It does not automate customer decisions.",True
R10642,C001278,5943,Mary Sherman,escalation_retention_case,executive_escalation,2026-05-07T00:00:00,Customer Success Lead,Escalate,Review Mary Sherman for executive_escalation before next outreach.,"Nelson DSS recommends, explains, and records human review. It does not automate customer decisions.",True
R10643,C001278,5943,Mary Sherman,escalation_retention_case,executive_escalation,2026-05-08T00:00:00,Customer Success Lead,Escalate,Review Mary Sherman for executive_escalation before next outreach.,"Nelson DSS recommends, explains, and records human review. It does not automate customer decisions.",True
R10644,C001279,3316,Mary Oconnor,escalation_retention_case,executive_escalation,2026-05-06T00:00:00,Customer Success Lead,Escalate,Review Mary Oconnor for executive_escalation before next outreach.,"Nelson DSS recommends, explains, and records human review. It does not automate customer decisions.",True
R10645,C001279,3316,Mary Oconnor,escalation_retention_case,executive_escalation,2026-05-07T00:00:00,Customer Success Lead,Escalate,Review Mary Oconnor for executive_escalation before next outreach.,"Nelson DSS recommends, explains, and records human review. It does not automate customer decisions.",True
R10646,C001279,3316,Mary Oconnor,escalation_retention_case,executive_escalation,2026-05-08T00:00:00,Customer Success Lead,Escalate,Review Mary Oconnor for executive_escalation before next outreach.,"Nelson DSS recommends, explains, and records human review. It does not automate customer decisions.",True
R10647,C001281,4798,Mary Smith,escalation_retention_case,executive_escalation,2026-05-06T00:00:00,Customer Success Lead,Escalate,Review Mary Smith for executive_escalation before next outreach.,"Nelson DSS recommends, explains, and records human review. It does not automate customer decisions.",True
R10648,C001281,4798,Mary Smith,escalation_retention_case,executive_escalation,2026-05-07T00:00:00,Customer Success Lead,Escalate,Review Mary Smith for executive_escalation before next outreach.,"Nelson DSS recommends, explains, and records human review. It does not automate customer decisions.",True
R10649,C001281,4798,Mary Smith,escalation_retention_case,executive_escalation,2026-05-08T00:00:00,Customer Success Lead,Escalate,Review Mary Smith for executive_escalation before next outreach.,"Nelson DSS recommends, explains, and records human review. It does not automate customer decisions.",True
R10650,C001282,5427,Betty Lester,late_delivery_frustration,late_delivery_recovery,2026-05-06T00:00:00,Customer Success Lead,Monitor,Review Betty Lester for late_delivery_recovery before next outreach.,"Nelson DSS recommends, explains, and records human review. It does not automate customer decisions.",True
R10651,C001283,8260,Teresa Berg,escalation_retention_case,executive_escalation,2026-05-06T00:00:00,Customer Success Lead,Escalate,Review Teresa Berg for executive_escalation before next outreach.,"Nelson DSS recommends, explains, and records human review. It does not automate customer decisions.",True
R10652,C001283,8260,Teresa Berg,escalation_retention_case,executive_escalation,2026-05-07T00:00:00,Customer Success Lead,Escalate,Review Teresa Berg for executive_escalation before next outreach.,"Nelson DSS recommends, explains, and records human review. It does not automate customer decisions.",True
R10653,C001283,8260,Teresa Berg,escalation_retention_case,executive_escalation,2026-05-08T00:00:00,Customer Success Lead,Escalate,Review Teresa Berg for executive_escalation before next outreach.,"Nelson DSS recommends, explains, and records human review. It does not automate customer decisions.",True
R10654,C001284,8929,David Smith,late_delivery_frustration,late_delivery_recovery,2026-05-06T00:00:00,Customer Success Lead,Monitor,Review David Smith for late_delivery_recovery before next outreach.,"Nelson DSS recommends, explains, and records human review. It does not automate customer decisions.",True
R10655,C001285,2091,Doris Smith,escalation_retention_case,executive_escalation,2026-05-06T00:00:00,Customer Success Lead,Escalate,Review Doris Smith for executive_escalation before next outreach.,"Nelson DSS recommends, explains, and records human review. It does not automate customer decisions.",True
R10656,C001285,2091,Doris Smith,escalation_retention_case,executive_escalation,2026-05-07T00:00:00,Customer Success Lead,Escalate,Review Doris Smith for executive_escalation before next outreach.,"Nelson DSS recommends, explains, and records human review. It does not automate customer decisions.",True
R10657,C001285,2091,Doris Smith,escalation_retention_case,executive_escalation,2026-05-08T00:00:00,Customer Success Lead,Escalate,Review Doris Smith for executive_escalation before next outreach.,"Nelson DSS recommends, explains, and records human review. It does not automate customer decisions.",True
R10658,C001286,5280,Mary Day,late_delivery_frustration,late_delivery_recovery,2026-05-06T00:00:00,Customer Success Lead,Monitor,Review Mary Day for late_delivery_recovery before next outreach.,"Nelson DSS recommends, explains, and records human review. It does not automate customer decisions.",True
R10659,C001288,927,Diana Smith,escalation_retention_case,executive_escalation,2026-05-06T00:00:00,Customer Success Lead,Escalate,Review Diana Smith for executive_escalation before next outreach.,"Nelson DSS recommends, explains, and records human review. It does not automate customer decisions.",True
R10660,C001288,927,Diana Smith,escalation_retention_case,executive_escalation,2026-05-07T00:00:00,Customer Success Lead,Escalate,Review Diana Smith for executive_escalation before next outreach.,"Nelson DSS recommends, explains, and records human review. It does not automate customer decisions.",True
R10661,C001288,927,Diana Smith,escalation_retention_case,executive_escalation,2026-05-08T00:00:00,Customer Success Lead,Escalate,Review Diana Smith for executive_escalation before next outreach.,"Nelson DSS recommends, explains, and records human review. It does not automate customer decisions.",True
R10662,C001289,6179,Samuel Henderson,escalation_retention_case,executive_escalation,2026-05-06T00:00:00,Customer Success Lead,Escalate,Review Samuel Henderson for executive_escalation before next outreach.,"Nelson DSS recommends, explains, and records human review. It does not automate customer decisions.",True
R10663,C001289,6179,Samuel Henderson,escalation_retention_case,executive_escalation,2026-05-07T00:00:00,Customer Success Lead,Escalate,Review Samuel Henderson for executive_escalation before next outreach.,"Nelson DSS recommends, explains, and records human review. It does not automate customer decisions.",True
R10664,C001289,6179,Samuel Henderson,escalation_retention_case,executive_escalation,2026-05-08T00:00:00,Customer Success Lead,Escalate,Review Samuel Henderson for executive_escalation before next outreach.,"Nelson DSS recommends, explains, and records human review. It does not automate customer decisions.",True
R10665,C001290,1346,Mary Gutierrez,late_delivery_frustration,late_delivery_recovery,2026-05-06T00:00:00,Customer Success Lead,Monitor,Review Mary Gutierrez for late_delivery_recovery before next outreach.,"Nelson DSS recommends, explains, and records human review. It does not automate customer decisions.",True
R10666,C001292,1298,Susan Fuller,late_delivery_frustration,late_delivery_recovery,2026-05-06T00:00:00,Customer Success Lead,Monitor,Review Susan Fuller for late_delivery_recovery before next outreach.,"Nelson DSS recommends, explains, and records human review. It does not automate customer decisions.",True
R10667,C001294,140,Amanda Smith,late_delivery_frustration,late_delivery_recovery,2026-05-06T00:00:00,Customer Success Lead,Monitor,Review Amanda Smith for late_delivery_recovery before next outreach.,"Nelson DSS recommends, explains, and records human review. It does not automate customer decisions.",True
R10668,C001295,3925,Mary Hicks,escalation_retention_case,executive_escalation,2026-05-06T00:00:00,Customer Success Lead,Escalate,Review Mary Hicks for executive_escalation before next outreach.,"Nelson DSS recommends, explains, and records human review. It does not automate customer decisions.",True
R10669,C001295,3925,Mary Hicks,escalation_retention_case,executive_escalation,2026-05-07T00:00:00,Customer Success Lead,Escalate,Review Mary Hicks for executive_escalation before next outreach.,"Nelson DSS recommends, explains, and records human review. It does not automate customer decisions.",True
R10670,C001295,3925,Mary Hicks,escalation_retention_case,executive_escalation,2026-05-08T00:00:00,Customer Success Lead,Escalate,Review Mary Hicks for executive_escalation before next outreach.,"Nelson DSS recommends, explains, and records human review. It does not automate customer decisions.",True
R10671,C001296,11039,Mary Torres,late_delivery_frustration,late_delivery_recovery,2026-05-06T00:00:00,Customer Success Lead,Monitor,Review Mary Torres for late_delivery_recovery before next outreach.,"Nelson DSS recommends, explains, and records human review. It does not automate customer decisions.",True
R10672,C001297,252,Mary Frazier,escalation_retention_case,executive_escalation,2026-05-06T00:00:00,Customer Success Lead,Escalate,Review Mary Frazier for executive_escalation before next outreach.,"Nelson DSS recommends, explains, and records human review. It does not automate customer decisions.",True
R10673,C001297,252,Mary Frazier,escalation_retention_case,executive_escalation,2026-05-07T00:00:00,Customer Success Lead,Escalate,Review Mary Frazier for executive_escalation before next outreach.,"Nelson DSS recommends, explains, and records human review. It does not automate customer decisions.",True
R10674,C001297,252,Mary Frazier,escalation_retention_case,executive_escalation,2026-05-08T00:00:00,Customer Success Lead,Escalate,Review Mary Frazier for executive_escalation before next outreach.,"Nelson DSS recommends, explains, and records human review. It does not automate customer decisions.",True
R10675,C001299,7099,Mary Smith,escalation_retention_case,executive_escalation,2026-05-06T00:00:00,Customer Success Lead,Escalate,Review Mary Smith for executive_escalation before next outreach.,"Nelson DSS recommends, explains, and records human review. It does not automate customer decisions.",True
R10676,C001299,7099,Mary Smith,escalation_retention_case,executive_escalation,2026-05-07T00:00:00,Customer Success Lead,Escalate,Review Mary Smith for executive_escalation before next outreach.,"Nelson DSS recommends, explains, and records human review. It does not automate customer decisions.",True
R10677,C001299,7099,Mary Smith,escalation_retention_case,executive_escalation,2026-05-08T00:00:00,Customer Success Lead,Escalate,Review Mary Smith for executive_escalation before next outreach.,"Nelson DSS recommends, explains, and records human review. It does not automate customer decisions.",True
R10678,C001300,354,Edward Peterson,late_delivery_frustration,late_delivery_recovery,2026-05-06T00:00:00,Customer Success Lead,Monitor,Review Edward Peterson for late_delivery_recovery before next outreach.,"Nelson DSS recommends, explains, and records human review. It does not automate customer decisions.",True
R10679,C001301,7795,Sandra Smith,escalation_retention_case,executive_escalation,2026-05-06T00:00:00,Customer Success Lead,Escalate,Review Sandra Smith for executive_escalation before next outreach.,"Nelson DSS recommends, explains, and records human review. It does not automate customer decisions.",True
R10680,C001301,7795,Sandra Smith,escalation_retention_case,executive_escalation,2026-05-07T00:00:00,Customer Success Lead,Escalate,Review Sandra Smith for executive_escalation before next outreach.,"Nelson DSS recommends, explains, and records human review. It does not automate customer decisions.",True
R10681,C001301,7795,Sandra Smith,escalation_retention_case,executive_escalation,2026-05-08T00:00:00,Customer Success Lead,Escalate,Review Sandra Smith for executive_escalation before next outreach.,"Nelson DSS recommends, explains, and records human review. It does not automate customer decisions.",True
R10682,C001302,2783,Mary Willis,late_delivery_frustration,late_delivery_recovery,2026-05-06T00:00:00,Customer Success Lead,Monitor,Review Mary Willis for late_delivery_recovery before next outreach.,"Nelson DSS recommends, explains, and records human review. It does not automate customer decisions.",True
R10683,C001303,3660,Roger Smith,escalation_retention_case,executive_escalation,2026-05-06T00:00:00,Customer Success Lead,Escalate,Review Roger Smith for executive_escalation before next outreach.,"Nelson DSS recommends, explains, and records human review. It does not automate customer decisions.",True
R10684,C001303,3660,Roger Smith,escalation_retention_case,executive_escalation,2026-05-07T00:00:00,Customer Success Lead,Escalate,Review Roger Smith for executive_escalation before next outreach.,"Nelson DSS recommends, explains, and records human review. It does not automate customer decisions.",True
R10685,C001303,3660,Roger Smith,escalation_retention_case,executive_escalation,2026-05-08T00:00:00,Customer Success Lead,Escalate,Review Roger Smith for executive_escalation before next outreach.,"Nelson DSS recommends, explains, and records human review. It does not automate customer decisions.",True
R10686,C001304,10442,Mary Hall,late_delivery_frustration,late_delivery_recovery,2026-05-06T00:00:00,Customer Success Lead,Monitor,Review Mary Hall for late_delivery_recovery before next outreach.,"Nelson DSS recommends, explains, and records human review. It does not automate customer decisions.",True
R10687,C001305,4876,Harry Smith,late_delivery_frustration,late_delivery_recovery,2026-05-06T00:00:00,Customer Success Lead,Monitor,Review Harry Smith for late_delivery_recovery before next outreach.,"Nelson DSS recommends, explains, and records human review. It does not automate customer decisions.",True
R10688,C001306,9739,Sara Rich,escalation_retention_case,executive_escalation,2026-05-06T00:00:00,Customer Success Lead,Escalate,Review Sara Rich for executive_escalation before next outreach.,"Nelson DSS recommends, explains, and records human review. It does not automate customer decisions.",True
R10689,C001306,9739,Sara Rich,escalation_retention_case,executive_escalation,2026-05-07T00:00:00,Customer Success Lead,Escalate,Review Sara Rich for executive_escalation before next outreach.,"Nelson DSS recommends, explains, and records human review. It does not automate customer decisions.",True
R10690,C001306,9739,Sara Rich,escalation_retention_case,executive_escalation,2026-05-08T00:00:00,Customer Success Lead,Escalate,Review Sara Rich for executive_escalation before next outreach.,"Nelson DSS recommends, explains, and records human review. It does not automate customer decisions.",True
R10691,C001309,11341,Mary Meyer,late_delivery_frustration,late_delivery_recovery,2026-05-06T00:00:00,Customer Success Lead,Monitor,Review Mary Meyer for late_delivery_recovery before next outreach.,"Nelson DSS recommends, explains, and records human review. It does not automate customer decisions.",True
R10692,C001310,8889,Evelyn Brown,late_delivery_frustration,late_delivery_recovery,2026-05-06T00:00:00,Customer Success Lead,Monitor,Review Evelyn Brown for late_delivery_recovery before next outreach.,"Nelson DSS recommends, explains, and records human review. It does not automate customer decisions.",True
R10693,C001311,7163,Mary Jones,late_delivery_frustration,late_delivery_recovery,2026-05-06T00:00:00,Customer Success Lead,Monitor,Review Mary Jones for late_delivery_recovery before next outreach.,"Nelson DSS recommends, explains, and records human review. It does not automate customer decisions.",True
R10694,C001312,7864,Alice Smith,escalation_retention_case,executive_escalation,2026-05-06T00:00:00,Customer Success Lead,Escalate,Review Alice Smith for executive_escalation before next outreach.,"Nelson DSS recommends, explains, and records human review. It does not automate customer decisions.",True
R10695,C001312,7864,Alice Smith,escalation_retention_case,executive_escalation,2026-05-07T00:00:00,Customer Success Lead,Escalate,Review Alice Smith for executive_escalation before next outreach.,"Nelson DSS recommends, explains, and records human review. It does not automate customer decisions.",True
R10696,C001312,7864,Alice Smith,escalation_retention_case,executive_escalation,2026-05-08T00:00:00,Customer Success Lead,Escalate,Review Alice Smith for executive_escalation before next outreach.,"Nelson DSS recommends, explains, and records human review. It does not automate customer decisions.",True
R10697,C001313,10701,Amanda Smith,late_delivery_frustration,late_delivery_recovery,2026-05-06T00:00:00,Customer Success Lead,Monitor,Review Amanda Smith for late_delivery_recovery before next outreach.,"Nelson DSS recommends, explains, and records human review. It does not automate customer decisions.",True
R10698,C001314,290,Mary Garza,late_delivery_frustration,late_delivery_recovery,2026-05-06T00:00:00,Customer Success Lead,Monitor,Review Mary Garza for late_delivery_recovery before next outreach.,"Nelson DSS recommends, explains, and records human review. It does not automate customer decisions.",True
R10699,C001316,5051,Brenda Smith,late_delivery_frustration,late_delivery_recovery,2026-05-06T00:00:00,Customer Success Lead,Monitor,Review Brenda Smith for late_delivery_recovery before next outreach.,"Nelson DSS recommends, explains, and records human review. It does not automate customer decisions.",True
R10700,C001317,10584,Mary Smith,late_delivery_frustration,late_delivery_recovery,2026-05-06T00:00:00,Customer Success Lead,Monitor,Review Mary Smith for late_delivery_recovery before next outreach.,"Nelson DSS recommends, explains, and records human review. It does not automate customer decisions.",True
R10701,C001318,4400,Madison Morris,late_delivery_frustration,late_delivery_recovery,2026-05-06T00:00:00,Customer Success Lead,Monitor,Review Madison Morris for late_delivery_recovery before next outreach.,"Nelson DSS recommends, explains, and records human review. It does not automate customer decisions.",True
R10702,C001319,2585,Kyle Rice,escalation_retention_case,executive_escalation,2026-05-06T00:00:00,Customer Success Lead,Escalate,Review Kyle Rice for executive_escalation before next outreach.,"Nelson DSS recommends, explains, and records human review. It does not automate customer decisions.",True
R10703,C001319,2585,Kyle Rice,escalation_retention_case,executive_escalation,2026-05-07T00:00:00,Customer Success Lead,Escalate,Review Kyle Rice for executive_escalation before next outreach.,"Nelson DSS recommends, explains, and records human review. It does not automate customer decisions.",True
R10704,C001319,2585,Kyle Rice,escalation_retention_case,executive_escalation,2026-05-08T00:00:00,Customer Success Lead,Escalate,Review Kyle Rice for executive_escalation before next outreach.,"Nelson DSS recommends, explains, and records human review. It does not automate customer decisions.",True
R10705,C001320,6003,Mary Smith,escalation_retention_case,executive_escalation,2026-05-06T00:00:00,Customer Success Lead,Escalate,Review Mary Smith for executive_escalation before next outreach.,"Nelson DSS recommends, explains, and records human review. It does not automate customer decisions.",True
R10706,C001320,6003,Mary Smith,escalation_retention_case,executive_escalation,2026-05-07T00:00:00,Customer Success Lead,Escalate,Review Mary Smith for executive_escalation before next outreach.,"Nelson DSS recommends, explains, and records human review. It does not automate customer decisions.",True
R10707,C001320,6003,Mary Smith,escalation_retention_case,executive_escalation,2026-05-08T00:00:00,Customer Success Lead,Escalate,Review Mary Smith for executive_escalation before next outreach.,"Nelson DSS recommends, explains, and records human review. It does not automate customer decisions.",True
R10708,C001321,12365,Mary Pearson,escalation_retention_case,executive_escalation,2026-05-06T00:00:00,Customer Success Lead,Escalate,Review Mary Pearson for executive_escalation before next outreach.,"Nelson DSS recommends, explains, and records human review. It does not automate customer decisions.",True
R10709,C001321,12365,Mary Pearson,escalation_retention_case,executive_escalation,2026-05-07T00:00:00,Customer Success Lead,Escalate,Review Mary Pearson for executive_escalation before next outreach.,"Nelson DSS recommends, explains, and records human review. It does not automate customer decisions.",True
R10710,C001321,12365,Mary Pearson,escalation_retention_case,executive_escalation,2026-05-08T00:00:00,Customer Success Lead,Escalate,Review Mary Pearson for executive_escalation before next outreach.,"Nelson DSS recommends, explains, and records human review. It does not automate customer decisions.",True
R10711,C001322,9058,Mary Ramos,late_delivery_frustration,late_delivery_recovery,2026-05-06T00:00:00,Customer Success Lead,Monitor,Review Mary Ramos for late_delivery_recovery before next outreach.,"Nelson DSS recommends, explains, and records human review. It does not automate customer decisions.",True
R10712,C001323,8999,Paul Smith,escalation_retention_case,executive_escalation,2026-05-06T00:00:00,Customer Success Lead,Escalate,Review Paul Smith for executive_escalation before next outreach.,"Nelson DSS recommends, explains, and records human review. It does not automate customer decisions.",True
R10713,C001323,8999,Paul Smith,escalation_retention_case,executive_escalation,2026-05-07T00:00:00,Customer Success Lead,Escalate,Review Paul Smith for executive_escalation before next outreach.,"Nelson DSS recommends, explains, and records human review. It does not automate customer decisions.",True
R10714,C001323,8999,Paul Smith,escalation_retention_case,executive_escalation,2026-05-08T00:00:00,Customer Success Lead,Escalate,Review Paul Smith for executive_escalation before next outreach.,"Nelson DSS recommends, explains, and records human review. It does not automate customer decisions.",True
R10715,C001324,11897,Virginia Herrera,late_delivery_frustration,late_delivery_recovery,2026-05-06T00:00:00,Customer Success Lead,Monitor,Review Virginia Herrera for late_delivery_recovery before next outreach.,"Nelson DSS recommends, explains, and records human review. It does not automate customer decisions.",True
R10716,C001326,3224,Kevin Bowers,late_delivery_frustration,late_delivery_recovery,2026-05-06T00:00:00,Customer Success Lead,Monitor,Review Kevin Bowers for late_delivery_recovery before next outreach.,"Nelson DSS recommends, explains, and records human review. It does not automate customer decisions.",True
R10717,C001327,6730,Mary Gallegos,escalation_retention_case,executive_escalation,2026-05-06T00:00:00,Customer Success Lead,Escalate,Review Mary Gallegos for executive_escalation before next outreach.,"Nelson DSS recommends, explains, and records human review. It does not automate customer decisions.",True
R10718,C001327,6730,Mary Gallegos,escalation_retention_case,executive_escalation,2026-05-07T00:00:00,Customer Success Lead,Escalate,Review Mary Gallegos for executive_escalation before next outreach.,"Nelson DSS recommends, explains, and records human review. It does not automate customer decisions.",True
R10719,C001327,6730,Mary Gallegos,escalation_retention_case,executive_escalation,2026-05-08T00:00:00,Customer Success Lead,Escalate,Review Mary Gallegos for executive_escalation before next outreach.,"Nelson DSS recommends, explains, and records human review. It does not automate customer decisions.",True
R10720,C001328,8298,Theresa Russell,late_delivery_frustration,late_delivery_recovery,2026-05-06T00:00:00,Customer Success Lead,Monitor,Review Theresa Russell for late_delivery_recovery before next outreach.,"Nelson DSS recommends, explains, and records human review. It does not automate customer decisions.",True
R10721,C001329,6649,Mary Smith,escalation_retention_case,executive_escalation,2026-05-06T00:00:00,Customer Success Lead,Escalate,Review Mary Smith for executive_escalation before next outreach.,"Nelson DSS recommends, explains, and records human review. It does not automate customer decisions.",True
R10722,C001329,6649,Mary Smith,escalation_retention_case,executive_escalation,2026-05-07T00:00:00,Customer Success Lead,Escalate,Review Mary Smith for executive_escalation before next outreach.,"Nelson DSS recommends, explains, and records human review. It does not automate customer decisions.",True
R10723,C001329,6649,Mary Smith,escalation_retention_case,executive_escalation,2026-05-08T00:00:00,Customer Success Lead,Escalate,Review Mary Smith for executive_escalation before next outreach.,"Nelson DSS recommends, explains, and records human review. It does not automate customer decisions.",True
R10724,C001331,3739,Terry Long,late_delivery_frustration,late_delivery_recovery,2026-05-06T00:00:00,Customer Success Lead,Monitor,Review Terry Long for late_delivery_recovery before next outreach.,"Nelson DSS recommends, explains, and records human review. It does not automate customer decisions.",True
R10725,C001332,7850,Mary Lara,escalation_retention_case,executive_escalation,2026-05-06T00:00:00,Customer Success Lead,Escalate,Review Mary Lara for executive_escalation before next outreach.,"Nelson DSS recommends, explains, and records human review. It does not automate customer decisions.",True
R10726,C001332,7850,Mary Lara,escalation_retention_case,executive_escalation,2026-05-07T00:00:00,Customer Success Lead,Escalate,Review Mary Lara for executive_escalation before next outreach.,"Nelson DSS recommends, explains, and records human review. It does not automate customer decisions.",True
R10727,C001332,7850,Mary Lara,escalation_retention_case,executive_escalation,2026-05-08T00:00:00,Customer Success Lead,Escalate,Review Mary Lara for executive_escalation before next outreach.,"Nelson DSS recommends, explains, and records human review. It does not automate customer decisions.",True
R10728,C001333,7318,John Allen,late_delivery_frustration,late_delivery_recovery,2026-05-06T00:00:00,Customer Success Lead,Monitor,Review John Allen for late_delivery_recovery before next outreach.,"Nelson DSS recommends, explains, and records human review. It does not automate customer decisions.",True
R10729,C001334,10925,Marie Abbott,escalation_retention_case,executive_escalation,2026-05-06T00:00:00,Customer Success Lead,Escalate,Review Marie Abbott for executive_escalation before next outreach.,"Nelson DSS recommends, explains, and records human review. It does not automate customer decisions.",True
R10730,C001334,10925,Marie Abbott,escalation_retention_case,executive_escalation,2026-05-07T00:00:00,Customer Success Lead,Escalate,Review Marie Abbott for executive_escalation before next outreach.,"Nelson DSS recommends, explains, and records human review. It does not automate customer decisions.",True
R10731,C001334,10925,Marie Abbott,escalation_retention_case,executive_escalation,2026-05-08T00:00:00,Customer Success Lead,Escalate,Review Marie Abbott for executive_escalation before next outreach.,"Nelson DSS recommends, explains, and records human review. It does not automate customer decisions.",True
R10732,C001335,10406,Michael Smith,late_delivery_frustration,late_delivery_recovery,2026-05-06T00:00:00,Customer Success Lead,Monitor,Review Michael Smith for late_delivery_recovery before next outreach.,"Nelson DSS recommends, explains, and records human review. It does not automate customer decisions.",True
R10733,C001336,1383,Catherine Smith,escalation_retention_case,executive_escalation,2026-05-06T00:00:00,Customer Success Lead,Escalate,Review Catherine Smith for executive_escalation before next outreach.,"Nelson DSS recommends, explains, and records human review. It does not automate customer decisions.",True
R10734,C001336,1383,Catherine Smith,escalation_retention_case,executive_escalation,2026-05-07T00:00:00,Customer Success Lead,Escalate,Review Catherine Smith for executive_escalation before next outreach.,"Nelson DSS recommends, explains, and records human review. It does not automate customer decisions.",True
R10735,C001336,1383,Catherine Smith,escalation_retention_case,executive_escalation,2026-05-08T00:00:00,Customer Success Lead,Escalate,Review Catherine Smith for executive_escalation before next outreach.,"Nelson DSS recommends, explains, and records human review. It does not automate customer decisions.",True
R10736,C001337,6688,Mary Smith,escalation_retention_case,executive_escalation,2026-05-06T00:00:00,Customer Success Lead,Escalate,Review Mary Smith for executive_escalation before next outreach.,"Nelson DSS recommends, explains, and records human review. It does not automate customer decisions.",True
R10737,C001337,6688,Mary Smith,escalation_retention_case,executive_escalation,2026-05-07T00:00:00,Customer Success Lead,Escalate,Review Mary Smith for executive_escalation before next outreach.,"Nelson DSS recommends, explains, and records human review. It does not automate customer decisions.",True
R10738,C001337,6688,Mary Smith,escalation_retention_case,executive_escalation,2026-05-08T00:00:00,Customer Success Lead,Escalate,Review Mary Smith for executive_escalation before next outreach.,"Nelson DSS recommends, explains, and records human review. It does not automate customer decisions.",True
R10739,C001338,4308,William Smith,escalation_retention_case,executive_escalation,2026-05-06T00:00:00,Customer Success Lead,Escalate,Review William Smith for executive_escalation before next outreach.,"Nelson DSS recommends, explains, and records human review. It does not automate customer decisions.",True
R10740,C001338,4308,William Smith,escalation_retention_case,executive_escalation,2026-05-07T00:00:00,Customer Success Lead,Escalate,Review William Smith for executive_escalation before next outreach.,"Nelson DSS recommends, explains, and records human review. It does not automate customer decisions.",True
R10741,C001338,4308,William Smith,escalation_retention_case,executive_escalation,2026-05-08T00:00:00,Customer Success Lead,Escalate,Review William Smith for executive_escalation before next outreach.,"Nelson DSS recommends, explains, and records human review. It does not automate customer decisions.",True
R10742,C001339,7141,Mary Jackson,late_delivery_frustration,late_delivery_recovery,2026-05-06T00:00:00,Customer Success Lead,Monitor,Review Mary Jackson for late_delivery_recovery before next outreach.,"Nelson DSS recommends, explains, and records human review. It does not automate customer decisions.",True
R10743,C001340,10022,Alice Smith,escalation_retention_case,executive_escalation,2026-05-06T00:00:00,Customer Success Lead,Escalate,Review Alice Smith for executive_escalation before next outreach.,"Nelson DSS recommends, explains, and records human review. It does not automate customer decisions.",True
R10744,C001340,10022,Alice Smith,escalation_retention_case,executive_escalation,2026-05-07T00:00:00,Customer Success Lead,Escalate,Review Alice Smith for executive_escalation before next outreach.,"Nelson DSS recommends, explains, and records human review. It does not automate customer decisions.",True
R10745,C001340,10022,Alice Smith,escalation_retention_case,executive_escalation,2026-05-08T00:00:00,Customer Success Lead,Escalate,Review Alice Smith for executive_escalation before next outreach.,"Nelson DSS recommends, explains, and records human review. It does not automate customer decisions.",True
R10746,C001343,3296,Mary Smith,escalation_retention_case,executive_escalation,2026-05-06T00:00:00,Customer Success Lead,Escalate,Review Mary Smith for executive_escalation before next outreach.,"Nelson DSS recommends, explains, and records human review. It does not automate customer decisions.",True
R10747,C001343,3296,Mary Smith,escalation_retention_case,executive_escalation,2026-05-07T00:00:00,Customer Success Lead,Escalate,Review Mary Smith for executive_escalation before next outreach.,"Nelson DSS recommends, explains, and records human review. It does not automate customer decisions.",True
R10748,C001343,3296,Mary Smith,escalation_retention_case,executive_escalation,2026-05-08T00:00:00,Customer Success Lead,Escalate,Review Mary Smith for executive_escalation before next outreach.,"Nelson DSS recommends, explains, and records human review. It does not automate customer decisions.",True
R10749,C001344,452,Carl Smith,late_delivery_frustration,late_delivery_recovery,2026-05-06T00:00:00,Customer Success Lead,Monitor,Review Carl Smith for late_delivery_recovery before next outreach.,"Nelson DSS recommends, explains, and records human review. It does not automate customer decisions.",True
R10750,C001345,8675,Zachary Smith,escalation_retention_case,executive_escalation,2026-05-06T00:00:00,Customer Success Lead,Escalate,Review Zachary Smith for executive_escalation before next outreach.,"Nelson DSS recommends, explains, and records human review. It does not automate customer decisions.",True
R10751,C001345,8675,Zachary Smith,escalation_retention_case,executive_escalation,2026-05-07T00:00:00,Customer Success Lead,Escalate,Review Zachary Smith for executive_escalation before next outreach.,"Nelson DSS recommends, explains, and records human review. It does not automate customer decisions.",True
R10752,C001345,8675,Zachary Smith,escalation_retention_case,executive_escalation,2026-05-08T00:00:00,Customer Success Lead,Escalate,Review Zachary Smith for executive_escalation before next outreach.,"Nelson DSS recommends, explains, and records human review. It does not automate customer decisions.",True
R10753,C001346,5797,Roy Smith,late_delivery_frustration,late_delivery_recovery,2026-05-06T00:00:00,Customer Success Lead,Monitor,Review Roy Smith for late_delivery_recovery before next outreach.,"Nelson DSS recommends, explains, and records human review. It does not automate customer decisions.",True
R10754,C001347,4713,Jack Smith,late_delivery_frustration,late_delivery_recovery,2026-05-06T00:00:00,Customer Success Lead,Monitor,Review Jack Smith for late_delivery_recovery before next outreach.,"Nelson DSS recommends, explains, and records human review. It does not automate customer decisions.",True
R10755,C001349,9302,Melissa Smith,escalation_retention_case,executive_escalation,2026-05-06T00:00:00,Customer Success Lead,Escalate,Review Melissa Smith for executive_escalation before next outreach.,"Nelson DSS recommends, explains, and records human review. It does not automate customer decisions.",True
R10756,C001349,9302,Melissa Smith,escalation_retention_case,executive_escalation,2026-05-07T00:00:00,Customer Success Lead,Escalate,Review Melissa Smith for executive_escalation before next outreach.,"Nelson DSS recommends, explains, and records human review. It does not automate customer decisions.",True
R10757,C001349,9302,Melissa Smith,escalation_retention_case,executive_escalation,2026-05-08T00:00:00,Customer Success Lead,Escalate,Review Melissa Smith for executive_escalation before next outreach.,"Nelson DSS recommends, explains, and records human review. It does not automate customer decisions.",True
R10758,C001352,12061,Ruth Huffman,late_delivery_frustration,late_delivery_recovery,2026-05-06T00:00:00,Customer Success Lead,Monitor,Review Ruth Huffman for late_delivery_recovery before next outreach.,"Nelson DSS recommends, explains, and records human review. It does not automate customer decisions.",True
R10759,C001353,5300,Joseph Smith,late_delivery_frustration,late_delivery_recovery,2026-05-06T00:00:00,Customer Success Lead,Monitor,Review Joseph Smith for late_delivery_recovery before next outreach.,"Nelson DSS recommends, explains, and records human review. It does not automate customer decisions.",True
R10760,C001354,2078,Roger Morales,escalation_retention_case,executive_escalation,2026-05-06T00:00:00,Customer Success Lead,Escalate,Review Roger Morales for executive_escalation before next outreach.,"Nelson DSS recommends, explains, and records human review. It does not automate customer decisions.",True
R10761,C001354,2078,Roger Morales,escalation_retention_case,executive_escalation,2026-05-07T00:00:00,Customer Success Lead,Escalate,Review Roger Morales for executive_escalation before next outreach.,"Nelson DSS recommends, explains, and records human review. It does not automate customer decisions.",True
R10762,C001354,2078,Roger Morales,escalation_retention_case,executive_escalation,2026-05-08T00:00:00,Customer Success Lead,Escalate,Review Roger Morales for executive_escalation before next outreach.,"Nelson DSS recommends, explains, and records human review. It does not automate customer decisions.",True
R10763,C001355,2717,Mary Smith,late_delivery_frustration,late_delivery_recovery,2026-05-06T00:00:00,Customer Success Lead,Monitor,Review Mary Smith for late_delivery_recovery before next outreach.,"Nelson DSS recommends, explains, and records human review. It does not automate customer decisions.",True
R10764,C001356,10506,Mary Smith,late_delivery_frustration,late_delivery_recovery,2026-05-06T00:00:00,Customer Success Lead,Monitor,Review Mary Smith for late_delivery_recovery before next outreach.,"Nelson DSS recommends, explains, and records human review. It does not automate customer decisions.",True
R10765,C001357,8768,Evelyn Bradford,escalation_retention_case,executive_escalation,2026-05-06T00:00:00,Customer Success Lead,Escalate,Review Evelyn Bradford for executive_escalation before next outreach.,"Nelson DSS recommends, explains, and records human review. It does not automate customer decisions.",True
R10766,C001357,8768,Evelyn Bradford,escalation_retention_case,executive_escalation,2026-05-07T00:00:00,Customer Success Lead,Escalate,Review Evelyn Bradford for executive_escalation before next outreach.,"Nelson DSS recommends, explains, and records human review. It does not automate customer decisions.",True
R10767,C001357,8768,Evelyn Bradford,escalation_retention_case,executive_escalation,2026-05-08T00:00:00,Customer Success Lead,Escalate,Review Evelyn Bradford for executive_escalation before next outreach.,"Nelson DSS recommends, explains, and records human review. It does not automate customer decisions.",True
R10768,C001358,2325,Mary Johnson,escalation_retention_case,executive_escalation,2026-05-06T00:00:00,Customer Success Lead,Escalate,Review Mary Johnson for executive_escalation before next outreach.,"Nelson DSS recommends, explains, and records human review. It does not automate customer decisions.",True
R10769,C001358,2325,Mary Johnson,escalation_retention_case,executive_escalation,2026-05-07T00:00:00,Customer Success Lead,Escalate,Review Mary Johnson for executive_escalation before next outreach.,"Nelson DSS recommends, explains, and records human review. It does not automate customer decisions.",True
R10770,C001358,2325,Mary Johnson,escalation_retention_case,executive_escalation,2026-05-08T00:00:00,Customer Success Lead,Escalate,Review Mary Johnson for executive_escalation before next outreach.,"Nelson DSS recommends, explains, and records human review. It does not automate customer decisions.",True
R10771,C001360,2727,Henry Smith,late_delivery_frustration,late_delivery_recovery,2026-05-06T00:00:00,Customer Success Lead,Monitor,Review Henry Smith for late_delivery_recovery before next outreach.,"Nelson DSS recommends, explains, and records human review. It does not automate customer decisions.",True
R10772,C001361,11154,Pamela Dickerson,escalation_retention_case,executive_escalation,2026-05-06T00:00:00,Customer Success Lead,Escalate,Review Pamela Dickerson for executive_escalation before next outreach.,"Nelson DSS recommends, explains, and records human review. It does not automate customer decisions.",True
R10773,C001361,11154,Pamela Dickerson,escalation_retention_case,executive_escalation,2026-05-07T00:00:00,Customer Success Lead,Escalate,Review Pamela Dickerson for executive_escalation before next outreach.,"Nelson DSS recommends, explains, and records human review. It does not automate customer decisions.",True
R10774,C001361,11154,Pamela Dickerson,escalation_retention_case,executive_escalation,2026-05-08T00:00:00,Customer Success Lead,Escalate,Review Pamela Dickerson for executive_escalation before next outreach.,"Nelson DSS recommends, explains, and records human review. It does not automate customer decisions.",True
R10775,C001362,2367,Sean Smith,late_delivery_frustration,late_delivery_recovery,2026-05-06T00:00:00,Customer Success Lead,Monitor,Review Sean Smith for late_delivery_recovery before next outreach.,"Nelson DSS recommends, explains, and records human review. It does not automate customer decisions.",True
R10776,C001363,990,Mary Ellison,escalation_retention_case,executive_escalation,2026-05-06T00:00:00,Customer Success Lead,Escalate,Review Mary Ellison for executive_escalation before next outreach.,"Nelson DSS recommends, explains, and records human review. It does not automate customer decisions.",True
R10777,C001363,990,Mary Ellison,escalation_retention_case,executive_escalation,2026-05-07T00:00:00,Customer Success Lead,Escalate,Review Mary Ellison for executive_escalation before next outreach.,"Nelson DSS recommends, explains, and records human review. It does not automate customer decisions.",True
R10778,C001363,990,Mary Ellison,escalation_retention_case,executive_escalation,2026-05-08T00:00:00,Customer Success Lead,Escalate,Review Mary Ellison for executive_escalation before next outreach.,"Nelson DSS recommends, explains, and records human review. It does not automate customer decisions.",True
R10779,C001364,10954,Mary White,late_delivery_frustration,late_delivery_recovery,2026-05-06T00:00:00,Customer Success Lead,Monitor,Review Mary White for late_delivery_recovery before next outreach.,"Nelson DSS recommends, explains, and records human review. It does not automate customer decisions.",True
R10780,C001365,6184,James Potter,escalation_retention_case,executive_escalation,2026-05-06T00:00:00,Customer Success Lead,Escalate,Review James Potter for executive_escalation before next outreach.,"Nelson DSS recommends, explains, and records human review. It does not automate customer decisions.",True
R10781,C001365,6184,James Potter,escalation_retention_case,executive_escalation,2026-05-07T00:00:00,Customer Success Lead,Escalate,Review James Potter for executive_escalation before next outreach.,"Nelson DSS recommends, explains, and records human review. It does not automate customer decisions.",True
R10782,C001365,6184,James Potter,escalation_retention_case,executive_escalation,2026-05-08T00:00:00,Customer Success Lead,Escalate,Review James Potter for executive_escalation before next outreach.,"Nelson DSS recommends, explains, and records human review. It does not automate customer decisions.",True
R10783,C001366,6199,Mary Jacobs,escalation_retention_case,executive_escalation,2026-05-06T00:00:00,Customer Success Lead,Escalate,Review Mary Jacobs for executive_escalation before next outreach.,"Nelson DSS recommends, explains, and records human review. It does not automate customer decisions.",True
R10784,C001366,6199,Mary Jacobs,escalation_retention_case,executive_escalation,2026-05-07T00:00:00,Customer Success Lead,Escalate,Review Mary Jacobs for executive_escalation before next outreach.,"Nelson DSS recommends, explains, and records human review. It does not automate customer decisions.",True
R10785,C001366,6199,Mary Jacobs,escalation_retention_case,executive_escalation,2026-05-08T00:00:00,Customer Success Lead,Escalate,Review Mary Jacobs for executive_escalation before next outreach.,"Nelson DSS recommends, explains, and records human review. It does not automate customer decisions.",True
R10786,C001367,4479,Billy Mooney,late_delivery_frustration,late_delivery_recovery,2026-05-06T00:00:00,Customer Success Lead,Monitor,Review Billy Mooney for late_delivery_recovery before next outreach.,"Nelson DSS recommends, explains, and records human review. It does not automate customer decisions.",True
R10787,C001368,7492,Vincent Smith,late_delivery_frustration,late_delivery_recovery,2026-05-06T00:00:00,Customer Success Lead,Monitor,Review Vincent Smith for late_delivery_recovery before next outreach.,"Nelson DSS recommends, explains, and records human review. It does not automate customer decisions.",True
R10788,C001369,10296,Mary Ramos,late_delivery_frustration,late_delivery_recovery,2026-05-06T00:00:00,Customer Success Lead,Monitor,Review Mary Ramos for late_delivery_recovery before next outreach.,"Nelson DSS recommends, explains, and records human review. It does not automate customer decisions.",True
R10789,C001370,9126,Philip Anderson,late_delivery_frustration,late_delivery_recovery,2026-05-06T00:00:00,Customer Success Lead,Monitor,Review Philip Anderson for late_delivery_recovery before next outreach.,"Nelson DSS recommends, explains, and records human review. It does not automate customer decisions.",True
R10790,C001371,4505,Mary Smith,late_delivery_frustration,late_delivery_recovery,2026-05-06T00:00:00,Customer Success Lead,Monitor,Review Mary Smith for late_delivery_recovery before next outreach.,"Nelson DSS recommends, explains, and records human review. It does not automate customer decisions.",True
R10791,C001372,9609,Mary Lucero,escalation_retention_case,executive_escalation,2026-05-06T00:00:00,Customer Success Lead,Escalate,Review Mary Lucero for executive_escalation before next outreach.,"Nelson DSS recommends, explains, and records human review. It does not automate customer decisions.",True
R10792,C001372,9609,Mary Lucero,escalation_retention_case,executive_escalation,2026-05-07T00:00:00,Customer Success Lead,Escalate,Review Mary Lucero for executive_escalation before next outreach.,"Nelson DSS recommends, explains, and records human review. It does not automate customer decisions.",True
R10793,C001372,9609,Mary Lucero,escalation_retention_case,executive_escalation,2026-05-08T00:00:00,Customer Success Lead,Escalate,Review Mary Lucero for executive_escalation before next outreach.,"Nelson DSS recommends, explains, and records human review. It does not automate customer decisions.",True
R10794,C001373,1936,Jane Jennings,late_delivery_frustration,late_delivery_recovery,2026-05-06T00:00:00,Customer Success Lead,Monitor,Review Jane Jennings for late_delivery_recovery before next outreach.,"Nelson DSS recommends, explains, and records human review. It does not automate customer decisions.",True
R10795,C001375,2025,Mary Fleming,escalation_retention_case,executive_escalation,2026-05-06T00:00:00,Customer Success Lead,Escalate,Review Mary Fleming for executive_escalation before next outreach.,"Nelson DSS recommends, explains, and records human review. It does not automate customer decisions.",True
R10796,C001375,2025,Mary Fleming,escalation_retention_case,executive_escalation,2026-05-07T00:00:00,Customer Success Lead,Escalate,Review Mary Fleming for executive_escalation before next outreach.,"Nelson DSS recommends, explains, and records human review. It does not automate customer decisions.",True
R10797,C001375,2025,Mary Fleming,escalation_retention_case,executive_escalation,2026-05-08T00:00:00,Customer Success Lead,Escalate,Review Mary Fleming for executive_escalation before next outreach.,"Nelson DSS recommends, explains, and records human review. It does not automate customer decisions.",True
R10798,C001376,4253,Maria Smith,late_delivery_frustration,late_delivery_recovery,2026-05-06T00:00:00,Customer Success Lead,Monitor,Review Maria Smith for late_delivery_recovery before next outreach.,"Nelson DSS recommends, explains, and records human review. It does not automate customer decisions.",True
R10799,C001377,6488,Mary Smith,late_delivery_frustration,late_delivery_recovery,2026-05-06T00:00:00,Customer Success Lead,Monitor,Review Mary Smith for late_delivery_recovery before next outreach.,"Nelson DSS recommends, explains, and records human review. It does not automate customer decisions.",True
R10800,C001378,4113,Frank Smith,escalation_retention_case,executive_escalation,2026-05-06T00:00:00,Customer Success Lead,Escalate,Review Frank Smith for executive_escalation before next outreach.,"Nelson DSS recommends, explains, and records human review. It does not automate customer decisions.",True
R10801,C001378,4113,Frank Smith,escalation_retention_case,executive_escalation,2026-05-07T00:00:00,Customer Success Lead,Escalate,Review Frank Smith for executive_escalation before next outreach.,"Nelson DSS recommends, explains, and records human review. It does not automate customer decisions.",True
R10802,C001378,4113,Frank Smith,escalation_retention_case,executive_escalation,2026-05-08T00:00:00,Customer Success Lead,Escalate,Review Frank Smith for executive_escalation before next outreach.,"Nelson DSS recommends, explains, and records human review. It does not automate customer decisions.",True
R10803,C001379,5612,Mary Huang,escalation_retention_case,executive_escalation,2026-05-06T00:00:00,Customer Success Lead,Escalate,Review Mary Huang for executive_escalation before next outreach.,"Nelson DSS recommends, explains, and records human review. It does not automate customer decisions.",True
R10804,C001379,5612,Mary Huang,escalation_retention_case,executive_escalation,2026-05-07T00:00:00,Customer Success Lead,Escalate,Review Mary Huang for executive_escalation before next outreach.,"Nelson DSS recommends, explains, and records human review. It does not automate customer decisions.",True
R10805,C001379,5612,Mary Huang,escalation_retention_case,executive_escalation,2026-05-08T00:00:00,Customer Success Lead,Escalate,Review Mary Huang for executive_escalation before next outreach.,"Nelson DSS recommends, explains, and records human review. It does not automate customer decisions.",True
R10806,C001380,5234,Shirley Humphrey,escalation_retention_case,executive_escalation,2026-05-06T00:00:00,Customer Success Lead,Escalate,Review Shirley Humphrey for executive_escalation before next outreach.,"Nelson DSS recommends, explains, and records human review. It does not automate customer decisions.",True
R10807,C001380,5234,Shirley Humphrey,escalation_retention_case,executive_escalation,2026-05-07T00:00:00,Customer Success Lead,Escalate,Review Shirley Humphrey for executive_escalation before next outreach.,"Nelson DSS recommends, explains, and records human review. It does not automate customer decisions.",True
R10808,C001380,5234,Shirley Humphrey,escalation_retention_case,executive_escalation,2026-05-08T00:00:00,Customer Success Lead,Escalate,Review Shirley Humphrey for executive_escalation before next outreach.,"Nelson DSS recommends, explains, and records human review. It does not automate customer decisions.",True
R10809,C001381,1038,Christine Briggs,late_delivery_frustration,late_delivery_recovery,2026-05-06T00:00:00,Customer Success Lead,Monitor,Review Christine Briggs for late_delivery_recovery before next outreach.,"Nelson DSS recommends, explains, and records human review. It does not automate customer decisions.",True
R10810,C001383,8949,Mary Thompson,escalation_retention_case,executive_escalation,2026-05-06T00:00:00,Customer Success Lead,Escalate,Review Mary Thompson for executive_escalation before next outreach.,"Nelson DSS recommends, explains, and records human review. It does not automate customer decisions.",True
R10811,C001383,8949,Mary Thompson,escalation_retention_case,executive_escalation,2026-05-07T00:00:00,Customer Success Lead,Escalate,Review Mary Thompson for executive_escalation before next outreach.,"Nelson DSS recommends, explains, and records human review. It does not automate customer decisions.",True
R10812,C001383,8949,Mary Thompson,escalation_retention_case,executive_escalation,2026-05-08T00:00:00,Customer Success Lead,Escalate,Review Mary Thompson for executive_escalation before next outreach.,"Nelson DSS recommends, explains, and records human review. It does not automate customer decisions.",True
R10813,C001384,1393,Ryan Hodge,late_delivery_frustration,late_delivery_recovery,2026-05-06T00:00:00,Customer Success Lead,Monitor,Review Ryan Hodge for late_delivery_recovery before next outreach.,"Nelson DSS recommends, explains, and records human review. It does not automate customer decisions.",True
R10814,C001385,4016,Mary Smith,late_delivery_frustration,late_delivery_recovery,2026-05-06T00:00:00,Customer Success Lead,Monitor,Review Mary Smith for late_delivery_recovery before next outreach.,"Nelson DSS recommends, explains, and records human review. It does not automate customer decisions.",True
R10815,C001386,7403,Jason Smith,late_delivery_frustration,late_delivery_recovery,2026-05-06T00:00:00,Customer Success Lead,Monitor,Review Jason Smith for late_delivery_recovery before next outreach.,"Nelson DSS recommends, explains, and records human review. It does not automate customer decisions.",True
R10816,C001387,10017,John Smith,late_delivery_frustration,late_delivery_recovery,2026-05-06T00:00:00,Customer Success Lead,Monitor,Review John Smith for late_delivery_recovery before next outreach.,"Nelson DSS recommends, explains, and records human review. It does not automate customer decisions.",True
R10817,C001388,5012,Karen Smith,late_delivery_frustration,late_delivery_recovery,2026-05-06T00:00:00,Customer Success Lead,Monitor,Review Karen Smith for late_delivery_recovery before next outreach.,"Nelson DSS recommends, explains, and records human review. It does not automate customer decisions.",True
R10818,C001389,7271,Karen Barber,late_delivery_frustration,late_delivery_recovery,2026-05-06T00:00:00,Customer Success Lead,Monitor,Review Karen Barber for late_delivery_recovery before next outreach.,"Nelson DSS recommends, explains, and records human review. It does not automate customer decisions.",True
R10819,C001390,9463,Mary Key,late_delivery_frustration,late_delivery_recovery,2026-05-06T00:00:00,Customer Success Lead,Monitor,Review Mary Key for late_delivery_recovery before next outreach.,"Nelson DSS recommends, explains, and records human review. It does not automate customer decisions.",True
R10820,C001391,187,Mildred Herrera,escalation_retention_case,executive_escalation,2026-05-06T00:00:00,Customer Success Lead,Escalate,Review Mildred Herrera for executive_escalation before next outreach.,"Nelson DSS recommends, explains, and records human review. It does not automate customer decisions.",True
R10821,C001391,187,Mildred Herrera,escalation_retention_case,executive_escalation,2026-05-07T00:00:00,Customer Success Lead,Escalate,Review Mildred Herrera for executive_escalation before next outreach.,"Nelson DSS recommends, explains, and records human review. It does not automate customer decisions.",True
R10822,C001391,187,Mildred Herrera,escalation_retention_case,executive_escalation,2026-05-08T00:00:00,Customer Success Lead,Escalate,Review Mildred Herrera for executive_escalation before next outreach.,"Nelson DSS recommends, explains, and records human review. It does not automate customer decisions.",True
R10823,C001392,6724,Benjamin Smith,escalation_retention_case,executive_escalation,2026-05-06T00:00:00,Customer Success Lead,Escalate,Review Benjamin Smith for executive_escalation before next outreach.,"Nelson DSS recommends, explains, and records human review. It does not automate customer decisions.",True
R10824,C001392,6724,Benjamin Smith,escalation_retention_case,executive_escalation,2026-05-07T00:00:00,Customer Success Lead,Escalate,Review Benjamin Smith for executive_escalation before next outreach.,"Nelson DSS recommends, explains, and records human review. It does not automate customer decisions.",True
R10825,C001392,6724,Benjamin Smith,escalation_retention_case,executive_escalation,2026-05-08T00:00:00,Customer Success Lead,Escalate,Review Benjamin Smith for executive_escalation before next outreach.,"Nelson DSS recommends, explains, and records human review. It does not automate customer decisions.",True
R10826,C001395,9573,Grace Gould,late_delivery_frustration,late_delivery_recovery,2026-05-06T00:00:00,Customer Success Lead,Monitor,Review Grace Gould for late_delivery_recovery before next outreach.,"Nelson DSS recommends, explains, and records human review. It does not automate customer decisions.",True
R10827,C001396,7844,Scott Smith,late_delivery_frustration,late_delivery_recovery,2026-05-06T00:00:00,Customer Success Lead,Monitor,Review Scott Smith for late_delivery_recovery before next outreach.,"Nelson DSS recommends, explains, and records human review. It does not automate customer decisions.",True
R10828,C001397,10194,Bobby Walker,late_delivery_frustration,late_delivery_recovery,2026-05-06T00:00:00,Customer Success Lead,Monitor,Review Bobby Walker for late_delivery_recovery before next outreach.,"Nelson DSS recommends, explains, and records human review. It does not automate customer decisions.",True
R10829,C001399,7739,Kathy Morris,late_delivery_frustration,late_delivery_recovery,2026-05-06T00:00:00,Customer Success Lead,Monitor,Review Kathy Morris for late_delivery_recovery before next outreach.,"Nelson DSS recommends, explains, and records human review. It does not automate customer decisions.",True
R10830,C001400,10898,James Knight,late_delivery_frustration,late_delivery_recovery,2026-05-06T00:00:00,Customer Success Lead,Monitor,Review James Knight for late_delivery_recovery before next outreach.,"Nelson DSS recommends, explains, and records human review. It does not automate customer decisions.",True
R10831,C001401,4758,Mary Mendoza,late_delivery_frustration,late_delivery_recovery,2026-05-06T00:00:00,Customer Success Lead,Monitor,Review Mary Mendoza for late_delivery_recovery before next outreach.,"Nelson DSS recommends, explains, and records human review. It does not automate customer decisions.",True
R10832,C001402,6088,Mary Brooks,late_delivery_frustration,late_delivery_recovery,2026-05-06T00:00:00,Customer Success Lead,Monitor,Review Mary Brooks for late_delivery_recovery before next outreach.,"Nelson DSS recommends, explains, and records human review. It does not automate customer decisions.",True
R10833,C001403,3375,Mary Sanchez,late_delivery_frustration,late_delivery_recovery,2026-05-06T00:00:00,Customer Success Lead,Monitor,Review Mary Sanchez for late_delivery_recovery before next outreach.,"Nelson DSS recommends, explains, and records human review. It does not automate customer decisions.",True
R10834,C001404,3493,Joseph Simmons,escalation_retention_case,executive_escalation,2026-05-06T00:00:00,Customer Success Lead,Escalate,Review Joseph Simmons for executive_escalation before next outreach.,"Nelson DSS recommends, explains, and records human review. It does not automate customer decisions.",True
R10835,C001404,3493,Joseph Simmons,escalation_retention_case,executive_escalation,2026-05-07T00:00:00,Customer Success Lead,Escalate,Review Joseph Simmons for executive_escalation before next outreach.,"Nelson DSS recommends, explains, and records human review. It does not automate customer decisions.",True
R10836,C001404,3493,Joseph Simmons,escalation_retention_case,executive_escalation,2026-05-08T00:00:00,Customer Success Lead,Escalate,Review Joseph Simmons for executive_escalation before next outreach.,"Nelson DSS recommends, explains, and records human review. It does not automate customer decisions.",True
R10837,C001405,259,Mary Bates,late_delivery_frustration,late_delivery_recovery,2026-05-06T00:00:00,Customer Success Lead,Monitor,Review Mary Bates for late_delivery_recovery before next outreach.,"Nelson DSS recommends, explains, and records human review. It does not automate customer decisions.",True
R10838,C001406,1013,Frances Smith,escalation_retention_case,executive_escalation,2026-05-06T00:00:00,Customer Success Lead,Escalate,Review Frances Smith for executive_escalation before next outreach.,"Nelson DSS recommends, explains, and records human review. It does not automate customer decisions.",True
R10839,C001406,1013,Frances Smith,escalation_retention_case,executive_escalation,2026-05-07T00:00:00,Customer Success Lead,Escalate,Review Frances Smith for executive_escalation before next outreach.,"Nelson DSS recommends, explains, and records human review. It does not automate customer decisions.",True
R10840,C001406,1013,Frances Smith,escalation_retention_case,executive_escalation,2026-05-08T00:00:00,Customer Success Lead,Escalate,Review Frances Smith for executive_escalation before next outreach.,"Nelson DSS recommends, explains, and records human review. It does not automate customer decisions.",True
R10841,C001407,11311,Julie White,escalation_retention_case,executive_escalation,2026-05-06T00:00:00,Customer Success Lead,Escalate,Review Julie White for executive_escalation before next outreach.,"Nelson DSS recommends, explains, and records human review. It does not automate customer decisions.",True
R10842,C001407,11311,Julie White,escalation_retention_case,executive_escalation,2026-05-07T00:00:00,Customer Success Lead,Escalate,Review Julie White for executive_escalation before next outreach.,"Nelson DSS recommends, explains, and records human review. It does not automate customer decisions.",True
R10843,C001407,11311,Julie White,escalation_retention_case,executive_escalation,2026-05-08T00:00:00,Customer Success Lead,Escalate,Review Julie White for executive_escalation before next outreach.,"Nelson DSS recommends, explains, and records human review. It does not automate customer decisions.",True
R10844,C001408,7595,Mary Meyer,late_delivery_frustration,late_delivery_recovery,2026-05-06T00:00:00,Customer Success Lead,Monitor,Review Mary Meyer for late_delivery_recovery before next outreach.,"Nelson DSS recommends, explains, and records human review. It does not automate customer decisions.",True
R10845,C001409,11801,Shirley Smith,escalation_retention_case,executive_escalation,2026-05-06T00:00:00,Customer Success Lead,Escalate,Review Shirley Smith for executive_escalation before next outreach.,"Nelson DSS recommends, explains, and records human review. It does not automate customer decisions.",True
R10846,C001409,11801,Shirley Smith,escalation_retention_case,executive_escalation,2026-05-07T00:00:00,Customer Success Lead,Escalate,Review Shirley Smith for executive_escalation before next outreach.,"Nelson DSS recommends, explains, and records human review. It does not automate customer decisions.",True
R10847,C001409,11801,Shirley Smith,escalation_retention_case,executive_escalation,2026-05-08T00:00:00,Customer Success Lead,Escalate,Review Shirley Smith for executive_escalation before next outreach.,"Nelson DSS recommends, explains, and records human review. It does not automate customer decisions.",True
R10848,C001410,8038,Donald Smith,escalation_retention_case,executive_escalation,2026-05-06T00:00:00,Customer Success Lead,Escalate,Review Donald Smith for executive_escalation before next outreach.,"Nelson DSS recommends, explains, and records human review. It does not automate customer decisions.",True
R10849,C001410,8038,Donald Smith,escalation_retention_case,executive_escalation,2026-05-07T00:00:00,Customer Success Lead,Escalate,Review Donald Smith for executive_escalation before next outreach.,"Nelson DSS recommends, explains, and records human review. It does not automate customer decisions.",True
R10850,C001410,8038,Donald Smith,escalation_retention_case,executive_escalation,2026-05-08T00:00:00,Customer Success Lead,Escalate,Review Donald Smith for executive_escalation before next outreach.,"Nelson DSS recommends, explains, and records human review. It does not automate customer decisions.",True
R10851,C001411,11895,Timothy Walter,escalation_retention_case,executive_escalation,2026-05-06T00:00:00,Customer Success Lead,Escalate,Review Timothy Walter for executive_escalation before next outreach.,"Nelson DSS recommends, explains, and records human review. It does not automate customer decisions.",True
R10852,C001411,11895,Timothy Walter,escalation_retention_case,executive_escalation,2026-05-07T00:00:00,Customer Success Lead,Escalate,Review Timothy Walter for executive_escalation before next outreach.,"Nelson DSS recommends, explains, and records human review. It does not automate customer decisions.",True
R10853,C001411,11895,Timothy Walter,escalation_retention_case,executive_escalation,2026-05-08T00:00:00,Customer Success Lead,Escalate,Review Timothy Walter for executive_escalation before next outreach.,"Nelson DSS recommends, explains, and records human review. It does not automate customer decisions.",True
R10854,C001412,7667,Henry Maldonado,late_delivery_frustration,late_delivery_recovery,2026-05-06T00:00:00,Customer Success Lead,Monitor,Review Henry Maldonado for late_delivery_recovery before next outreach.,"Nelson DSS recommends, explains, and records human review. It does not automate customer decisions.",True
R10855,C001413,1175,Mary Gray,late_delivery_frustration,late_delivery_recovery,2026-05-06T00:00:00,Customer Success Lead,Monitor,Review Mary Gray for late_delivery_recovery before next outreach.,"Nelson DSS recommends, explains, and records human review. It does not automate customer decisions.",True
R10856,C001414,1735,Mary Gill,late_delivery_frustration,late_delivery_recovery,2026-05-06T00:00:00,Customer Success Lead,Monitor,Review Mary Gill for late_delivery_recovery before next outreach.,"Nelson DSS recommends, explains, and records human review. It does not automate customer decisions.",True
R10857,C001416,6397,Mary Carr,late_delivery_frustration,late_delivery_recovery,2026-05-06T00:00:00,Customer Success Lead,Monitor,Review Mary Carr for late_delivery_recovery before next outreach.,"Nelson DSS recommends, explains, and records human review. It does not automate customer decisions.",True
R10858,C001417,10951,Austin Weiss,escalation_retention_case,executive_escalation,2026-05-06T00:00:00,Customer Success Lead,Escalate,Review Austin Weiss for executive_escalation before next outreach.,"Nelson DSS recommends, explains, and records human review. It does not automate customer decisions.",True
R10859,C001417,10951,Austin Weiss,escalation_retention_case,executive_escalation,2026-05-07T00:00:00,Customer Success Lead,Escalate,Review Austin Weiss for executive_escalation before next outreach.,"Nelson DSS recommends, explains, and records human review. It does not automate customer decisions.",True
R10860,C001417,10951,Austin Weiss,escalation_retention_case,executive_escalation,2026-05-08T00:00:00,Customer Success Lead,Escalate,Review Austin Weiss for executive_escalation before next outreach.,"Nelson DSS recommends, explains, and records human review. It does not automate customer decisions.",True
R10861,C001420,4562,Mary Smith,escalation_retention_case,executive_escalation,2026-05-06T00:00:00,Customer Success Lead,Escalate,Review Mary Smith for executive_escalation before next outreach.,"Nelson DSS recommends, explains, and records human review. It does not automate customer decisions.",True
R10862,C001420,4562,Mary Smith,escalation_retention_case,executive_escalation,2026-05-07T00:00:00,Customer Success Lead,Escalate,Review Mary Smith for executive_escalation before next outreach.,"Nelson DSS recommends, explains, and records human review. It does not automate customer decisions.",True
R10863,C001420,4562,Mary Smith,escalation_retention_case,executive_escalation,2026-05-08T00:00:00,Customer Success Lead,Escalate,Review Mary Smith for executive_escalation before next outreach.,"Nelson DSS recommends, explains, and records human review. It does not automate customer decisions.",True
R10864,C001422,642,Timothy Vasquez,escalation_retention_case,executive_escalation,2026-05-06T00:00:00,Customer Success Lead,Escalate,Review Timothy Vasquez for executive_escalation before next outreach.,"Nelson DSS recommends, explains, and records human review. It does not automate customer decisions.",True
R10865,C001422,642,Timothy Vasquez,escalation_retention_case,executive_escalation,2026-05-07T00:00:00,Customer Success Lead,Escalate,Review Timothy Vasquez for executive_escalation before next outreach.,"Nelson DSS recommends, explains, and records human review. It does not automate customer decisions.",True
R10866,C001422,642,Timothy Vasquez,escalation_retention_case,executive_escalation,2026-05-08T00:00:00,Customer Success Lead,Escalate,Review Timothy Vasquez for executive_escalation before next outreach.,"Nelson DSS recommends, explains, and records human review. It does not automate customer decisions.",True
R10867,C001423,6178,Mary Smith,late_delivery_frustration,late_delivery_recovery,2026-05-06T00:00:00,Customer Success Lead,Monitor,Review Mary Smith for late_delivery_recovery before next outreach.,"Nelson DSS recommends, explains, and records human review. It does not automate customer decisions.",True
R10868,C001424,5518,Patricia Smith,late_delivery_frustration,late_delivery_recovery,2026-05-06T00:00:00,Customer Success Lead,Monitor,Review Patricia Smith for late_delivery_recovery before next outreach.,"Nelson DSS recommends, explains, and records human review. It does not automate customer decisions.",True
R10869,C001425,7112,Mark Harris,late_delivery_frustration,late_delivery_recovery,2026-05-06T00:00:00,Customer Success Lead,Monitor,Review Mark Harris for late_delivery_recovery before next outreach.,"Nelson DSS recommends, explains, and records human review. It does not automate customer decisions.",True
R10870,C001426,8294,Mary Smith,escalation_retention_case,executive_escalation,2026-05-06T00:00:00,Customer Success Lead,Escalate,Review Mary Smith for executive_escalation before next outreach.,"Nelson DSS recommends, explains, and records human review. It does not automate customer decisions.",True
R10871,C001426,8294,Mary Smith,escalation_retention_case,executive_escalation,2026-05-07T00:00:00,Customer Success Lead,Escalate,Review Mary Smith for executive_escalation before next outreach.,"Nelson DSS recommends, explains, and records human review. It does not automate customer decisions.",True
R10872,C001426,8294,Mary Smith,escalation_retention_case,executive_escalation,2026-05-08T00:00:00,Customer Success Lead,Escalate,Review Mary Smith for executive_escalation before next outreach.,"Nelson DSS recommends, explains, and records human review. It does not automate customer decisions.",True
R10873,C001428,9912,David Phillips,late_delivery_frustration,late_delivery_recovery,2026-05-06T00:00:00,Customer Success Lead,Monitor,Review David Phillips for late_delivery_recovery before next outreach.,"Nelson DSS recommends, explains, and records human review. It does not automate customer decisions.",True
R10874,C001429,3656,Willie Smith,late_delivery_frustration,late_delivery_recovery,2026-05-06T00:00:00,Customer Success Lead,Monitor,Review Willie Smith for late_delivery_recovery before next outreach.,"Nelson DSS recommends, explains, and records human review. It does not automate customer decisions.",True
R10875,C001430,3503,Kathryn Davis,late_delivery_frustration,late_delivery_recovery,2026-05-06T00:00:00,Customer Success Lead,Monitor,Review Kathryn Davis for late_delivery_recovery before next outreach.,"Nelson DSS recommends, explains, and records human review. It does not automate customer decisions.",True
R10876,C001431,9195,George Johns,late_delivery_frustration,late_delivery_recovery,2026-05-06T00:00:00,Customer Success Lead,Monitor,Review George Johns for late_delivery_recovery before next outreach.,"Nelson DSS recommends, explains, and records human review. It does not automate customer decisions.",True
R10877,C001433,2453,Stephen Smith,late_delivery_frustration,late_delivery_recovery,2026-05-06T00:00:00,Customer Success Lead,Monitor,Review Stephen Smith for late_delivery_recovery before next outreach.,"Nelson DSS recommends, explains, and records human review. It does not automate customer decisions.",True
R10878,C001436,984,Amy Smith,escalation_retention_case,executive_escalation,2026-05-06T00:00:00,Customer Success Lead,Escalate,Review Amy Smith for executive_escalation before next outreach.,"Nelson DSS recommends, explains, and records human review. It does not automate customer decisions.",True
R10879,C001436,984,Amy Smith,escalation_retention_case,executive_escalation,2026-05-07T00:00:00,Customer Success Lead,Escalate,Review Amy Smith for executive_escalation before next outreach.,"Nelson DSS recommends, explains, and records human review. It does not automate customer decisions.",True
R10880,C001436,984,Amy Smith,escalation_retention_case,executive_escalation,2026-05-08T00:00:00,Customer Success Lead,Escalate,Review Amy Smith for executive_escalation before next outreach.,"Nelson DSS recommends, explains, and records human review. It does not automate customer decisions.",True
R10881,C001437,11189,Mary Hammond,late_delivery_frustration,late_delivery_recovery,2026-05-06T00:00:00,Customer Success Lead,Monitor,Review Mary Hammond for late_delivery_recovery before next outreach.,"Nelson DSS recommends, explains, and records human review. It does not automate customer decisions.",True
R10882,C001438,9305,Mary Evans,escalation_retention_case,executive_escalation,2026-05-06T00:00:00,Customer Success Lead,Escalate,Review Mary Evans for executive_escalation before next outreach.,"Nelson DSS recommends, explains, and records human review. It does not automate customer decisions.",True
R10883,C001438,9305,Mary Evans,escalation_retention_case,executive_escalation,2026-05-07T00:00:00,Customer Success Lead,Escalate,Review Mary Evans for executive_escalation before next outreach.,"Nelson DSS recommends, explains, and records human review. It does not automate customer decisions.",True
R10884,C001438,9305,Mary Evans,escalation_retention_case,executive_escalation,2026-05-08T00:00:00,Customer Success Lead,Escalate,Review Mary Evans for executive_escalation before next outreach.,"Nelson DSS recommends, explains, and records human review. It does not automate customer decisions.",True
R10885,C001441,10165,Joan Buckley,escalation_retention_case,executive_escalation,2026-05-06T00:00:00,Customer Success Lead,Escalate,Review Joan Buckley for executive_escalation before next outreach.,"Nelson DSS recommends, explains, and records human review. It does not automate customer decisions.",True
R10886,C001441,10165,Joan Buckley,escalation_retention_case,executive_escalation,2026-05-07T00:00:00,Customer Success Lead,Escalate,Review Joan Buckley for executive_escalation before next outreach.,"Nelson DSS recommends, explains, and records human review. It does not automate customer decisions.",True
R10887,C001441,10165,Joan Buckley,escalation_retention_case,executive_escalation,2026-05-08T00:00:00,Customer Success Lead,Escalate,Review Joan Buckley for executive_escalation before next outreach.,"Nelson DSS recommends, explains, and records human review. It does not automate customer decisions.",True
R10888,C001442,1273,Maria Evans,escalation_retention_case,executive_escalation,2026-05-06T00:00:00,Customer Success Lead,Escalate,Review Maria Evans for executive_escalation before next outreach.,"Nelson DSS recommends, explains, and records human review. It does not automate customer decisions.",True
R10889,C001442,1273,Maria Evans,escalation_retention_case,executive_escalation,2026-05-07T00:00:00,Customer Success Lead,Escalate,Review Maria Evans for executive_escalation before next outreach.,"Nelson DSS recommends, explains, and records human review. It does not automate customer decisions.",True
R10890,C001442,1273,Maria Evans,escalation_retention_case,executive_escalation,2026-05-08T00:00:00,Customer Success Lead,Escalate,Review Maria Evans for executive_escalation before next outreach.,"Nelson DSS recommends, explains, and records human review. It does not automate customer decisions.",True
R10891,C001443,11032,Mary Welch,late_delivery_frustration,late_delivery_recovery,2026-05-06T00:00:00,Customer Success Lead,Monitor,Review Mary Welch for late_delivery_recovery before next outreach.,"Nelson DSS recommends, explains, and records human review. It does not automate customer decisions.",True
R10892,C001444,7234,Mary Bowers,late_delivery_frustration,late_delivery_recovery,2026-05-06T00:00:00,Customer Success Lead,Monitor,Review Mary Bowers for late_delivery_recovery before next outreach.,"Nelson DSS recommends, explains, and records human review. It does not automate customer decisions.",True
R10893,C001445,3477,Mary Smith,late_delivery_frustration,late_delivery_recovery,2026-05-06T00:00:00,Customer Success Lead,Monitor,Review Mary Smith for late_delivery_recovery before next outreach.,"Nelson DSS recommends, explains, and records human review. It does not automate customer decisions.",True
R10894,C001446,3944,James Smith,late_delivery_frustration,late_delivery_recovery,2026-05-06T00:00:00,Customer Success Lead,Monitor,Review James Smith for late_delivery_recovery before next outreach.,"Nelson DSS recommends, explains, and records human review. It does not automate customer decisions.",True
R10895,C001447,6532,Mary Dixon,late_delivery_frustration,late_delivery_recovery,2026-05-06T00:00:00,Customer Success Lead,Monitor,Review Mary Dixon for late_delivery_recovery before next outreach.,"Nelson DSS recommends, explains, and records human review. It does not automate customer decisions.",True
R10896,C001448,6014,Mary Washington,escalation_retention_case,executive_escalation,2026-05-06T00:00:00,Customer Success Lead,Escalate,Review Mary Washington for executive_escalation before next outreach.,"Nelson DSS recommends, explains, and records human review. It does not automate customer decisions.",True
R10897,C001448,6014,Mary Washington,escalation_retention_case,executive_escalation,2026-05-07T00:00:00,Customer Success Lead,Escalate,Review Mary Washington for executive_escalation before next outreach.,"Nelson DSS recommends, explains, and records human review. It does not automate customer decisions.",True
R10898,C001448,6014,Mary Washington,escalation_retention_case,executive_escalation,2026-05-08T00:00:00,Customer Success Lead,Escalate,Review Mary Washington for executive_escalation before next outreach.,"Nelson DSS recommends, explains, and records human review. It does not automate customer decisions.",True
R10899,C001449,11387,Larry Smith,late_delivery_frustration,late_delivery_recovery,2026-05-06T00:00:00,Customer Success Lead,Monitor,Review Larry Smith for late_delivery_recovery before next outreach.,"Nelson DSS recommends, explains, and records human review. It does not automate customer decisions.",True
R10900,C001451,6287,Mary Smith,late_delivery_frustration,late_delivery_recovery,2026-05-06T00:00:00,Customer Success Lead,Monitor,Review Mary Smith for late_delivery_recovery before next outreach.,"Nelson DSS recommends, explains, and records human review. It does not automate customer decisions.",True
R10901,C001452,3567,Thomas Schroeder,late_delivery_frustration,late_delivery_recovery,2026-05-06T00:00:00,Customer Success Lead,Monitor,Review Thomas Schroeder for late_delivery_recovery before next outreach.,"Nelson DSS recommends, explains, and records human review. It does not automate customer decisions.",True
R10902,C001453,6338,Sharon Snyder,escalation_retention_case,executive_escalation,2026-05-06T00:00:00,Customer Success Lead,Escalate,Review Sharon Snyder for executive_escalation before next outreach.,"Nelson DSS recommends, explains, and records human review. It does not automate customer decisions.",True
R10903,C001453,6338,Sharon Snyder,escalation_retention_case,executive_escalation,2026-05-07T00:00:00,Customer Success Lead,Escalate,Review Sharon Snyder for executive_escalation before next outreach.,"Nelson DSS recommends, explains, and records human review. It does not automate customer decisions.",True
R10904,C001453,6338,Sharon Snyder,escalation_retention_case,executive_escalation,2026-05-08T00:00:00,Customer Success Lead,Escalate,Review Sharon Snyder for executive_escalation before next outreach.,"Nelson DSS recommends, explains, and records human review. It does not automate customer decisions.",True
R10905,C001454,11352,Doris Peterson,escalation_retention_case,executive_escalation,2026-05-06T00:00:00,Customer Success Lead,Escalate,Review Doris Peterson for executive_escalation before next outreach.,"Nelson DSS recommends, explains, and records human review. It does not automate customer decisions.",True
R10906,C001454,11352,Doris Peterson,escalation_retention_case,executive_escalation,2026-05-07T00:00:00,Customer Success Lead,Escalate,Review Doris Peterson for executive_escalation before next outreach.,"Nelson DSS recommends, explains, and records human review. It does not automate customer decisions.",True
R10907,C001454,11352,Doris Peterson,escalation_retention_case,executive_escalation,2026-05-08T00:00:00,Customer Success Lead,Escalate,Review Doris Peterson for executive_escalation before next outreach.,"Nelson DSS recommends, explains, and records human review. It does not automate customer decisions.",True
R10908,C001456,3197,Mary Holloway,escalation_retention_case,executive_escalation,2026-05-06T00:00:00,Customer Success Lead,Escalate,Review Mary Holloway for executive_escalation before next outreach.,"Nelson DSS recommends, explains, and records human review. It does not automate customer decisions.",True
R10909,C001456,3197,Mary Holloway,escalation_retention_case,executive_escalation,2026-05-07T00:00:00,Customer Success Lead,Escalate,Review Mary Holloway for executive_escalation before next outreach.,"Nelson DSS recommends, explains, and records human review. It does not automate customer decisions.",True
R10910,C001456,3197,Mary Holloway,escalation_retention_case,executive_escalation,2026-05-08T00:00:00,Customer Success Lead,Escalate,Review Mary Holloway for executive_escalation before next outreach.,"Nelson DSS recommends, explains, and records human review. It does not automate customer decisions.",True
R10911,C001460,1961,Mary Holt,escalation_retention_case,executive_escalation,2026-05-06T00:00:00,Customer Success Lead,Escalate,Review Mary Holt for executive_escalation before next outreach.,"Nelson DSS recommends, explains, and records human review. It does not automate customer decisions.",True
R10912,C001460,1961,Mary Holt,escalation_retention_case,executive_escalation,2026-05-07T00:00:00,Customer Success Lead,Escalate,Review Mary Holt for executive_escalation before next outreach.,"Nelson DSS recommends, explains, and records human review. It does not automate customer decisions.",True
R10913,C001460,1961,Mary Holt,escalation_retention_case,executive_escalation,2026-05-08T00:00:00,Customer Success Lead,Escalate,Review Mary Holt for executive_escalation before next outreach.,"Nelson DSS recommends, explains, and records human review. It does not automate customer decisions.",True
R10914,C001461,2301,Mary Smith,late_delivery_frustration,late_delivery_recovery,2026-05-06T00:00:00,Customer Success Lead,Monitor,Review Mary Smith for late_delivery_recovery before next outreach.,"Nelson DSS recommends, explains, and records human review. It does not automate customer decisions.",True
R10915,C001462,10518,Jesse Dawson,late_delivery_frustration,late_delivery_recovery,2026-05-06T00:00:00,Customer Success Lead,Monitor,Review Jesse Dawson for late_delivery_recovery before next outreach.,"Nelson DSS recommends, explains, and records human review. It does not automate customer decisions.",True
R10916,C001463,6671,Randy Chambers,late_delivery_frustration,late_delivery_recovery,2026-05-06T00:00:00,Customer Success Lead,Monitor,Review Randy Chambers for late_delivery_recovery before next outreach.,"Nelson DSS recommends, explains, and records human review. It does not automate customer decisions.",True
R10917,C001465,8328,Donna Smith,late_delivery_frustration,late_delivery_recovery,2026-05-06T00:00:00,Customer Success Lead,Monitor,Review Donna Smith for late_delivery_recovery before next outreach.,"Nelson DSS recommends, explains, and records human review. It does not automate customer decisions.",True
R10918,C001466,4926,Mary Smith,late_delivery_frustration,late_delivery_recovery,2026-05-06T00:00:00,Customer Success Lead,Monitor,Review Mary Smith for late_delivery_recovery before next outreach.,"Nelson DSS recommends, explains, and records human review. It does not automate customer decisions.",True
R10919,C001467,6566,David Beck,escalation_retention_case,executive_escalation,2026-05-06T00:00:00,Customer Success Lead,Escalate,Review David Beck for executive_escalation before next outreach.,"Nelson DSS recommends, explains, and records human review. It does not automate customer decisions.",True
R10920,C001467,6566,David Beck,escalation_retention_case,executive_escalation,2026-05-07T00:00:00,Customer Success Lead,Escalate,Review David Beck for executive_escalation before next outreach.,"Nelson DSS recommends, explains, and records human review. It does not automate customer decisions.",True
R10921,C001467,6566,David Beck,escalation_retention_case,executive_escalation,2026-05-08T00:00:00,Customer Success Lead,Escalate,Review David Beck for executive_escalation before next outreach.,"Nelson DSS recommends, explains, and records human review. It does not automate customer decisions.",True
R10922,C001468,4624,Kenneth Matthews,escalation_retention_case,executive_escalation,2026-05-06T00:00:00,Customer Success Lead,Escalate,Review Kenneth Matthews for executive_escalation before next outreach.,"Nelson DSS recommends, explains, and records human review. It does not automate customer decisions.",True
R10923,C001468,4624,Kenneth Matthews,escalation_retention_case,executive_escalation,2026-05-07T00:00:00,Customer Success Lead,Escalate,Review Kenneth Matthews for executive_escalation before next outreach.,"Nelson DSS recommends, explains, and records human review. It does not automate customer decisions.",True
R10924,C001468,4624,Kenneth Matthews,escalation_retention_case,executive_escalation,2026-05-08T00:00:00,Customer Success Lead,Escalate,Review Kenneth Matthews for executive_escalation before next outreach.,"Nelson DSS recommends, explains, and records human review. It does not automate customer decisions.",True
R10925,C001469,3237,James Gonzalez,late_delivery_frustration,late_delivery_recovery,2026-05-06T00:00:00,Customer Success Lead,Monitor,Review James Gonzalez for late_delivery_recovery before next outreach.,"Nelson DSS recommends, explains, and records human review. It does not automate customer decisions.",True
R10926,C001470,10942,Donald Smith,late_delivery_frustration,late_delivery_recovery,2026-05-06T00:00:00,Customer Success Lead,Monitor,Review Donald Smith for late_delivery_recovery before next outreach.,"Nelson DSS recommends, explains, and records human review. It does not automate customer decisions.",True
R10927,C001471,6407,Steven Smith,late_delivery_frustration,late_delivery_recovery,2026-05-06T00:00:00,Customer Success Lead,Monitor,Review Steven Smith for late_delivery_recovery before next outreach.,"Nelson DSS recommends, explains, and records human review. It does not automate customer decisions.",True
R10928,C001472,7738,Mary Smith,escalation_retention_case,executive_escalation,2026-05-06T00:00:00,Customer Success Lead,Escalate,Review Mary Smith for executive_escalation before next outreach.,"Nelson DSS recommends, explains, and records human review. It does not automate customer decisions.",True
R10929,C001472,7738,Mary Smith,escalation_retention_case,executive_escalation,2026-05-07T00:00:00,Customer Success Lead,Escalate,Review Mary Smith for executive_escalation before next outreach.,"Nelson DSS recommends, explains, and records human review. It does not automate customer decisions.",True
R10930,C001472,7738,Mary Smith,escalation_retention_case,executive_escalation,2026-05-08T00:00:00,Customer Success Lead,Escalate,Review Mary Smith for executive_escalation before next outreach.,"Nelson DSS recommends, explains, and records human review. It does not automate customer decisions.",True
R10931,C001473,10039,Mary Butler,late_delivery_frustration,late_delivery_recovery,2026-05-06T00:00:00,Customer Success Lead,Monitor,Review Mary Butler for late_delivery_recovery before next outreach.,"Nelson DSS recommends, explains, and records human review. It does not automate customer decisions.",True
R10932,C001474,296,Mary Mullen,late_delivery_frustration,late_delivery_recovery,2026-05-06T00:00:00,Customer Success Lead,Monitor,Review Mary Mullen for late_delivery_recovery before next outreach.,"Nelson DSS recommends, explains, and records human review. It does not automate customer decisions.",True
R10933,C001476,6253,Mary Peterson,late_delivery_frustration,late_delivery_recovery,2026-05-06T00:00:00,Customer Success Lead,Monitor,Review Mary Peterson for late_delivery_recovery before next outreach.,"Nelson DSS recommends, explains, and records human review. It does not automate customer decisions.",True
R10934,C001477,1882,Jacob Wood,late_delivery_frustration,late_delivery_recovery,2026-05-06T00:00:00,Customer Success Lead,Monitor,Review Jacob Wood for late_delivery_recovery before next outreach.,"Nelson DSS recommends, explains, and records human review. It does not automate customer decisions.",True
R10935,C001478,8463,Nathan Burns,late_delivery_frustration,late_delivery_recovery,2026-05-06T00:00:00,Customer Success Lead,Monitor,Review Nathan Burns for late_delivery_recovery before next outreach.,"Nelson DSS recommends, explains, and records human review. It does not automate customer decisions.",True
R10936,C001480,5683,Rachel Smith,late_delivery_frustration,late_delivery_recovery,2026-05-06T00:00:00,Customer Success Lead,Monitor,Review Rachel Smith for late_delivery_recovery before next outreach.,"Nelson DSS recommends, explains, and records human review. It does not automate customer decisions.",True
R10937,C001481,7967,Samuel Jones,escalation_retention_case,executive_escalation,2026-05-06T00:00:00,Customer Success Lead,Escalate,Review Samuel Jones for executive_escalation before next outreach.,"Nelson DSS recommends, explains, and records human review. It does not automate customer decisions.",True
R10938,C001481,7967,Samuel Jones,escalation_retention_case,executive_escalation,2026-05-07T00:00:00,Customer Success Lead,Escalate,Review Samuel Jones for executive_escalation before next outreach.,"Nelson DSS recommends, explains, and records human review. It does not automate customer decisions.",True
R10939,C001481,7967,Samuel Jones,escalation_retention_case,executive_escalation,2026-05-08T00:00:00,Customer Success Lead,Escalate,Review Samuel Jones for executive_escalation before next outreach.,"Nelson DSS recommends, explains, and records human review. It does not automate customer decisions.",True
R10940,C001482,10277,Ann Smith,late_delivery_frustration,late_delivery_recovery,2026-05-06T00:00:00,Customer Success Lead,Monitor,Review Ann Smith for late_delivery_recovery before next outreach.,"Nelson DSS recommends, explains, and records human review. It does not automate customer decisions.",True
R10941,C001483,12187,Mary Smith,late_delivery_frustration,late_delivery_recovery,2026-05-06T00:00:00,Customer Success Lead,Monitor,Review Mary Smith for late_delivery_recovery before next outreach.,"Nelson DSS recommends, explains, and records human review. It does not automate customer decisions.",True
R10942,C001485,11822,Christian Smith,late_delivery_frustration,late_delivery_recovery,2026-05-06T00:00:00,Customer Success Lead,Monitor,Review Christian Smith for late_delivery_recovery before next outreach.,"Nelson DSS recommends, explains, and records human review. It does not automate customer decisions.",True
R10943,C001487,2306,Mary Chen,late_delivery_frustration,late_delivery_recovery,2026-05-06T00:00:00,Customer Success Lead,Monitor,Review Mary Chen for late_delivery_recovery before next outreach.,"Nelson DSS recommends, explains, and records human review. It does not automate customer decisions.",True
R10944,C001488,4202,Kimberly Griffin,escalation_retention_case,executive_escalation,2026-05-06T00:00:00,Customer Success Lead,Escalate,Review Kimberly Griffin for executive_escalation before next outreach.,"Nelson DSS recommends, explains, and records human review. It does not automate customer decisions.",True
R10945,C001488,4202,Kimberly Griffin,escalation_retention_case,executive_escalation,2026-05-07T00:00:00,Customer Success Lead,Escalate,Review Kimberly Griffin for executive_escalation before next outreach.,"Nelson DSS recommends, explains, and records human review. It does not automate customer decisions.",True
R10946,C001488,4202,Kimberly Griffin,escalation_retention_case,executive_escalation,2026-05-08T00:00:00,Customer Success Lead,Escalate,Review Kimberly Griffin for executive_escalation before next outreach.,"Nelson DSS recommends, explains, and records human review. It does not automate customer decisions.",True
R10947,C001489,1172,Marie Morales,late_delivery_frustration,late_delivery_recovery,2026-05-06T00:00:00,Customer Success Lead,Monitor,Review Marie Morales for late_delivery_recovery before next outreach.,"Nelson DSS recommends, explains, and records human review. It does not automate customer decisions.",True
R10948,C001490,6785,Mary Davila,late_delivery_frustration,late_delivery_recovery,2026-05-06T00:00:00,Customer Success Lead,Monitor,Review Mary Davila for late_delivery_recovery before next outreach.,"Nelson DSS recommends, explains, and records human review. It does not automate customer decisions.",True
R10949,C001491,10454,Anthony Leblanc,escalation_retention_case,executive_escalation,2026-05-06T00:00:00,Customer Success Lead,Escalate,Review Anthony Leblanc for executive_escalation before next outreach.,"Nelson DSS recommends, explains, and records human review. It does not automate customer decisions.",True
R10950,C001491,10454,Anthony Leblanc,escalation_retention_case,executive_escalation,2026-05-07T00:00:00,Customer Success Lead,Escalate,Review Anthony Leblanc for executive_escalation before next outreach.,"Nelson DSS recommends, explains, and records human review. It does not automate customer decisions.",True
R10951,C001491,10454,Anthony Leblanc,escalation_retention_case,executive_escalation,2026-05-08T00:00:00,Customer Success Lead,Escalate,Review Anthony Leblanc for executive_escalation before next outreach.,"Nelson DSS recommends, explains, and records human review. It does not automate customer decisions.",True
R10952,C001493,10799,Jane Smith,late_delivery_frustration,late_delivery_recovery,2026-05-06T00:00:00,Customer Success Lead,Monitor,Review Jane Smith for late_delivery_recovery before next outreach.,"Nelson DSS recommends, explains, and records human review. It does not automate customer decisions.",True
R10953,C001494,8546,Mary Smith,late_delivery_frustration,late_delivery_recovery,2026-05-06T00:00:00,Customer Success Lead,Monitor,Review Mary Smith for late_delivery_recovery before next outreach.,"Nelson DSS recommends, explains, and records human review. It does not automate customer decisions.",True
R10954,C001495,9683,Mary Ray,escalation_retention_case,executive_escalation,2026-05-06T00:00:00,Customer Success Lead,Escalate,Review Mary Ray for executive_escalation before next outreach.,"Nelson DSS recommends, explains, and records human review. It does not automate customer decisions.",True
R10955,C001495,9683,Mary Ray,escalation_retention_case,executive_escalation,2026-05-07T00:00:00,Customer Success Lead,Escalate,Review Mary Ray for executive_escalation before next outreach.,"Nelson DSS recommends, explains, and records human review. It does not automate customer decisions.",True
R10956,C001495,9683,Mary Ray,escalation_retention_case,executive_escalation,2026-05-08T00:00:00,Customer Success Lead,Escalate,Review Mary Ray for executive_escalation before next outreach.,"Nelson DSS recommends, explains, and records human review. It does not automate customer decisions.",True
R10957,C001496,11473,Mary Smith,escalation_retention_case,executive_escalation,2026-05-06T00:00:00,Customer Success Lead,Escalate,Review Mary Smith for executive_escalation before next outreach.,"Nelson DSS recommends, explains, and records human review. It does not automate customer decisions.",True
R10958,C001496,11473,Mary Smith,escalation_retention_case,executive_escalation,2026-05-07T00:00:00,Customer Success Lead,Escalate,Review Mary Smith for executive_escalation before next outreach.,"Nelson DSS recommends, explains, and records human review. It does not automate customer decisions.",True
R10959,C001496,11473,Mary Smith,escalation_retention_case,executive_escalation,2026-05-08T00:00:00,Customer Success Lead,Escalate,Review Mary Smith for executive_escalation before next outreach.,"Nelson DSS recommends, explains, and records human review. It does not automate customer decisions.",True
R10960,C001497,5762,Crystal Foster,late_delivery_frustration,late_delivery_recovery,2026-05-06T00:00:00,Customer Success Lead,Monitor,Review Crystal Foster for late_delivery_recovery before next outreach.,"Nelson DSS recommends, explains, and records human review. It does not automate customer decisions.",True
R10961,C001498,2255,Cheryl Kline,late_delivery_frustration,late_delivery_recovery,2026-05-06T00:00:00,Customer Success Lead,Monitor,Review Cheryl Kline for late_delivery_recovery before next outreach.,"Nelson DSS recommends, explains, and records human review. It does not automate customer decisions.",True
R10962,C001499,3262,Mary Brewer,late_delivery_frustration,late_delivery_recovery,2026-05-06T00:00:00,Customer Success Lead,Monitor,Review Mary Brewer for late_delivery_recovery before next outreach.,"Nelson DSS recommends, explains, and records human review. It does not automate customer decisions.",True
R10963,C001500,10062,Judith Smith,late_delivery_frustration,late_delivery_recovery,2026-05-06T00:00:00,Customer Success Lead,Monitor,Review Judith Smith for late_delivery_recovery before next outreach.,"Nelson DSS recommends, explains, and records human review. It does not automate customer decisions.",True
R10964,C001501,5453,Grace English,escalation_retention_case,executive_escalation,2026-05-06T00:00:00,Customer Success Lead,Escalate,Review Grace English for executive_escalation before next outreach.,"Nelson DSS recommends, explains, and records human review. It does not automate customer decisions.",True
R10965,C001501,5453,Grace English,escalation_retention_case,executive_escalation,2026-05-07T00:00:00,Customer Success Lead,Escalate,Review Grace English for executive_escalation before next outreach.,"Nelson DSS recommends, explains, and records human review. It does not automate customer decisions.",True
R10966,C001501,5453,Grace English,escalation_retention_case,executive_escalation,2026-05-08T00:00:00,Customer Success Lead,Escalate,Review Grace English for executive_escalation before next outreach.,"Nelson DSS recommends, explains, and records human review. It does not automate customer decisions.",True
R10967,C001502,10012,Robert Montoya,late_delivery_frustration,late_delivery_recovery,2026-05-06T00:00:00,Customer Success Lead,Monitor,Review Robert Montoya for late_delivery_recovery before next outreach.,"Nelson DSS recommends, explains, and records human review. It does not automate customer decisions.",True
R10968,C001506,8605,Johnny Morse,late_delivery_frustration,late_delivery_recovery,2026-05-06T00:00:00,Customer Success Lead,Monitor,Review Johnny Morse for late_delivery_recovery before next outreach.,"Nelson DSS recommends, explains, and records human review. It does not automate customer decisions.",True
R10969,C001507,8781,Mary Chan,escalation_retention_case,executive_escalation,2026-05-06T00:00:00,Customer Success Lead,Escalate,Review Mary Chan for executive_escalation before next outreach.,"Nelson DSS recommends, explains, and records human review. It does not automate customer decisions.",True
R10970,C001507,8781,Mary Chan,escalation_retention_case,executive_escalation,2026-05-07T00:00:00,Customer Success Lead,Escalate,Review Mary Chan for executive_escalation before next outreach.,"Nelson DSS recommends, explains, and records human review. It does not automate customer decisions.",True
R10971,C001507,8781,Mary Chan,escalation_retention_case,executive_escalation,2026-05-08T00:00:00,Customer Success Lead,Escalate,Review Mary Chan for executive_escalation before next outreach.,"Nelson DSS recommends, explains, and records human review. It does not automate customer decisions.",True
R10972,C001508,10807,Benjamin Wilson,late_delivery_frustration,late_delivery_recovery,2026-05-06T00:00:00,Customer Success Lead,Monitor,Review Benjamin Wilson for late_delivery_recovery before next outreach.,"Nelson DSS recommends, explains, and records human review. It does not automate customer decisions.",True
R10973,C001512,1376,Mary Austin,escalation_retention_case,executive_escalation,2026-05-06T00:00:00,Customer Success Lead,Escalate,Review Mary Austin for executive_escalation before next outreach.,"Nelson DSS recommends, explains, and records human review. It does not automate customer decisions.",True
R10974,C001512,1376,Mary Austin,escalation_retention_case,executive_escalation,2026-05-07T00:00:00,Customer Success Lead,Escalate,Review Mary Austin for executive_escalation before next outreach.,"Nelson DSS recommends, explains, and records human review. It does not automate customer decisions.",True
R10975,C001512,1376,Mary Austin,escalation_retention_case,executive_escalation,2026-05-08T00:00:00,Customer Success Lead,Escalate,Review Mary Austin for executive_escalation before next outreach.,"Nelson DSS recommends, explains, and records human review. It does not automate customer decisions.",True
R10976,C001513,3980,Frances Smith,late_delivery_frustration,late_delivery_recovery,2026-05-06T00:00:00,Customer Success Lead,Monitor,Review Frances Smith for late_delivery_recovery before next outreach.,"Nelson DSS recommends, explains, and records human review. It does not automate customer decisions.",True
R10977,C001515,6108,Emma Smith,escalation_retention_case,executive_escalation,2026-05-06T00:00:00,Customer Success Lead,Escalate,Review Emma Smith for executive_escalation before next outreach.,"Nelson DSS recommends, explains, and records human review. It does not automate customer decisions.",True
R10978,C001515,6108,Emma Smith,escalation_retention_case,executive_escalation,2026-05-07T00:00:00,Customer Success Lead,Escalate,Review Emma Smith for executive_escalation before next outreach.,"Nelson DSS recommends, explains, and records human review. It does not automate customer decisions.",True
R10979,C001515,6108,Emma Smith,escalation_retention_case,executive_escalation,2026-05-08T00:00:00,Customer Success Lead,Escalate,Review Emma Smith for executive_escalation before next outreach.,"Nelson DSS recommends, explains, and records human review. It does not automate customer decisions.",True
R10980,C001517,9541,Richard Leach,escalation_retention_case,executive_escalation,2026-05-06T00:00:00,Customer Success Lead,Escalate,Review Richard Leach for executive_escalation before next outreach.,"Nelson DSS recommends, explains, and records human review. It does not automate customer decisions.",True
R10981,C001517,9541,Richard Leach,escalation_retention_case,executive_escalation,2026-05-07T00:00:00,Customer Success Lead,Escalate,Review Richard Leach for executive_escalation before next outreach.,"Nelson DSS recommends, explains, and records human review. It does not automate customer decisions.",True
R10982,C001517,9541,Richard Leach,escalation_retention_case,executive_escalation,2026-05-08T00:00:00,Customer Success Lead,Escalate,Review Richard Leach for executive_escalation before next outreach.,"Nelson DSS recommends, explains, and records human review. It does not automate customer decisions.",True
R10983,C001518,4407,Mary Ward,late_delivery_frustration,late_delivery_recovery,2026-05-06T00:00:00,Customer Success Lead,Monitor,Review Mary Ward for late_delivery_recovery before next outreach.,"Nelson DSS recommends, explains, and records human review. It does not automate customer decisions.",True
R10984,C001519,6279,Gary Lewis,late_delivery_frustration,late_delivery_recovery,2026-05-06T00:00:00,Customer Success Lead,Monitor,Review Gary Lewis for late_delivery_recovery before next outreach.,"Nelson DSS recommends, explains, and records human review. It does not automate customer decisions.",True
R10985,C001520,4272,Mary Brewer,late_delivery_frustration,late_delivery_recovery,2026-05-06T00:00:00,Customer Success Lead,Monitor,Review Mary Brewer for late_delivery_recovery before next outreach.,"Nelson DSS recommends, explains, and records human review. It does not automate customer decisions.",True
R10986,C001522,11504,Mary Smith,late_delivery_frustration,late_delivery_recovery,2026-05-06T00:00:00,Customer Success Lead,Monitor,Review Mary Smith for late_delivery_recovery before next outreach.,"Nelson DSS recommends, explains, and records human review. It does not automate customer decisions.",True
R10987,C001523,2121,Mary Dillon,escalation_retention_case,executive_escalation,2026-05-06T00:00:00,Customer Success Lead,Escalate,Review Mary Dillon for executive_escalation before next outreach.,"Nelson DSS recommends, explains, and records human review. It does not automate customer decisions.",True
R10988,C001523,2121,Mary Dillon,escalation_retention_case,executive_escalation,2026-05-07T00:00:00,Customer Success Lead,Escalate,Review Mary Dillon for executive_escalation before next outreach.,"Nelson DSS recommends, explains, and records human review. It does not automate customer decisions.",True
R10989,C001523,2121,Mary Dillon,escalation_retention_case,executive_escalation,2026-05-08T00:00:00,Customer Success Lead,Escalate,Review Mary Dillon for executive_escalation before next outreach.,"Nelson DSS recommends, explains, and records human review. It does not automate customer decisions.",True
R10990,C001524,3985,Debra Gates,escalation_retention_case,executive_escalation,2026-05-06T00:00:00,Customer Success Lead,Escalate,Review Debra Gates for executive_escalation before next outreach.,"Nelson DSS recommends, explains, and records human review. It does not automate customer decisions.",True
R10991,C001524,3985,Debra Gates,escalation_retention_case,executive_escalation,2026-05-07T00:00:00,Customer Success Lead,Escalate,Review Debra Gates for executive_escalation before next outreach.,"Nelson DSS recommends, explains, and records human review. It does not automate customer decisions.",True
R10992,C001524,3985,Debra Gates,escalation_retention_case,executive_escalation,2026-05-08T00:00:00,Customer Success Lead,Escalate,Review Debra Gates for executive_escalation before next outreach.,"Nelson DSS recommends, explains, and records human review. It does not automate customer decisions.",True
R10993,C001525,9384,Mary Anderson,late_delivery_frustration,late_delivery_recovery,2026-05-06T00:00:00,Customer Success Lead,Monitor,Review Mary Anderson for late_delivery_recovery before next outreach.,"Nelson DSS recommends, explains, and records human review. It does not automate customer decisions.",True
R10994,C001526,831,Daniel Smith,late_delivery_frustration,late_delivery_recovery,2026-05-06T00:00:00,Customer Success Lead,Monitor,Review Daniel Smith for late_delivery_recovery before next outreach.,"Nelson DSS recommends, explains, and records human review. It does not automate customer decisions.",True
R10995,C001527,6417,Helen Gomez,late_delivery_frustration,late_delivery_recovery,2026-05-06T00:00:00,Customer Success Lead,Monitor,Review Helen Gomez for late_delivery_recovery before next outreach.,"Nelson DSS recommends, explains, and records human review. It does not automate customer decisions.",True
R10996,C001528,9830,Mary Frey,late_delivery_frustration,late_delivery_recovery,2026-05-06T00:00:00,Customer Success Lead,Monitor,Review Mary Frey for late_delivery_recovery before next outreach.,"Nelson DSS recommends, explains, and records human review. It does not automate customer decisions.",True
R10997,C001529,7294,Sharon Ball,late_delivery_frustration,late_delivery_recovery,2026-05-06T00:00:00,Customer Success Lead,Monitor,Review Sharon Ball for late_delivery_recovery before next outreach.,"Nelson DSS recommends, explains, and records human review. It does not automate customer decisions.",True
R10998,C001531,6669,Mary Smith,late_delivery_frustration,late_delivery_recovery,2026-05-06T00:00:00,Customer Success Lead,Monitor,Review Mary Smith for late_delivery_recovery before next outreach.,"Nelson DSS recommends, explains, and records human review. It does not automate customer decisions.",True
R10999,C001532,7958,Jessica Cochran,escalation_retention_case,executive_escalation,2026-05-06T00:00:00,Customer Success Lead,Escalate,Review Jessica Cochran for executive_escalation before next outreach.,"Nelson DSS recommends, explains, and records human review. It does not automate customer decisions.",True
R11000,C001532,7958,Jessica Cochran,escalation_retention_case,executive_escalation,2026-05-07T00:00:00,Customer Success Lead,Escalate,Review Jessica Cochran for executive_escalation before next outreach.,"Nelson DSS recommends, explains, and records human review. It does not automate customer decisions.",True
R11001,C001532,7958,Jessica Cochran,escalation_retention_case,executive_escalation,2026-05-08T00:00:00,Customer Success Lead,Escalate,Review Jessica Cochran for executive_escalation before next outreach.,"Nelson DSS recommends, explains, and records human review. It does not automate customer decisions.",True
R11002,C001534,2319,Mary Holland,late_delivery_frustration,late_delivery_recovery,2026-05-06T00:00:00,Customer Success Lead,Monitor,Review Mary Holland for late_delivery_recovery before next outreach.,"Nelson DSS recommends, explains, and records human review. It does not automate customer decisions.",True
R11003,C001537,4494,Mary Smith,late_delivery_frustration,late_delivery_recovery,2026-05-06T00:00:00,Customer Success Lead,Monitor,Review Mary Smith for late_delivery_recovery before next outreach.,"Nelson DSS recommends, explains, and records human review. It does not automate customer decisions.",True
R11004,C001539,51,Jessica Smith,escalation_retention_case,executive_escalation,2026-05-06T00:00:00,Customer Success Lead,Escalate,Review Jessica Smith for executive_escalation before next outreach.,"Nelson DSS recommends, explains, and records human review. It does not automate customer decisions.",True
R11005,C001539,51,Jessica Smith,escalation_retention_case,executive_escalation,2026-05-07T00:00:00,Customer Success Lead,Escalate,Review Jessica Smith for executive_escalation before next outreach.,"Nelson DSS recommends, explains, and records human review. It does not automate customer decisions.",True
R11006,C001539,51,Jessica Smith,escalation_retention_case,executive_escalation,2026-05-08T00:00:00,Customer Success Lead,Escalate,Review Jessica Smith for executive_escalation before next outreach.,"Nelson DSS recommends, explains, and records human review. It does not automate customer decisions.",True
R11007,C001540,5859,Ronald Wilson,late_delivery_frustration,late_delivery_recovery,2026-05-06T00:00:00,Customer Success Lead,Monitor,Review Ronald Wilson for late_delivery_recovery before next outreach.,"Nelson DSS recommends, explains, and records human review. It does not automate customer decisions.",True
R11008,C001541,2988,Amy Torres,escalation_retention_case,executive_escalation,2026-05-06T00:00:00,Customer Success Lead,Escalate,Review Amy Torres for executive_escalation before next outreach.,"Nelson DSS recommends, explains, and records human review. It does not automate customer decisions.",True
R11009,C001541,2988,Amy Torres,escalation_retention_case,executive_escalation,2026-05-07T00:00:00,Customer Success Lead,Escalate,Review Amy Torres for executive_escalation before next outreach.,"Nelson DSS recommends, explains, and records human review. It does not automate customer decisions.",True
R11010,C001541,2988,Amy Torres,escalation_retention_case,executive_escalation,2026-05-08T00:00:00,Customer Success Lead,Escalate,Review Amy Torres for executive_escalation before next outreach.,"Nelson DSS recommends, explains, and records human review. It does not automate customer decisions.",True
R11011,C001542,12195,Brenda Moyer,late_delivery_frustration,late_delivery_recovery,2026-05-06T00:00:00,Customer Success Lead,Monitor,Review Brenda Moyer for late_delivery_recovery before next outreach.,"Nelson DSS recommends, explains, and records human review. It does not automate customer decisions.",True
R11012,C001543,1493,Mary Smith,late_delivery_frustration,late_delivery_recovery,2026-05-06T00:00:00,Customer Success Lead,Monitor,Review Mary Smith for late_delivery_recovery before next outreach.,"Nelson DSS recommends, explains, and records human review. It does not automate customer decisions.",True
R11013,C001544,10588,Jessica Newton,late_delivery_frustration,late_delivery_recovery,2026-05-06T00:00:00,Customer Success Lead,Monitor,Review Jessica Newton for late_delivery_recovery before next outreach.,"Nelson DSS recommends, explains, and records human review. It does not automate customer decisions.",True
R11014,C001545,1347,Alan Gillespie,late_delivery_frustration,late_delivery_recovery,2026-05-06T00:00:00,Customer Success Lead,Monitor,Review Alan Gillespie for late_delivery_recovery before next outreach.,"Nelson DSS recommends, explains, and records human review. It does not automate customer decisions.",True
R11015,C001546,512,Mary Harris,escalation_retention_case,executive_escalation,2026-05-06T00:00:00,Customer Success Lead,Escalate,Review Mary Harris for executive_escalation before next outreach.,"Nelson DSS recommends, explains, and records human review. It does not automate customer decisions.",True
R11016,C001546,512,Mary Harris,escalation_retention_case,executive_escalation,2026-05-07T00:00:00,Customer Success Lead,Escalate,Review Mary Harris for executive_escalation before next outreach.,"Nelson DSS recommends, explains, and records human review. It does not automate customer decisions.",True
R11017,C001546,512,Mary Harris,escalation_retention_case,executive_escalation,2026-05-08T00:00:00,Customer Success Lead,Escalate,Review Mary Harris for executive_escalation before next outreach.,"Nelson DSS recommends, explains, and records human review. It does not automate customer decisions.",True
R11018,C001547,7333,Julia Smith,escalation_retention_case,executive_escalation,2026-05-06T00:00:00,Customer Success Lead,Escalate,Review Julia Smith for executive_escalation before next outreach.,"Nelson DSS recommends, explains, and records human review. It does not automate customer decisions.",True
R11019,C001547,7333,Julia Smith,escalation_retention_case,executive_escalation,2026-05-07T00:00:00,Customer Success Lead,Escalate,Review Julia Smith for executive_escalation before next outreach.,"Nelson DSS recommends, explains, and records human review. It does not automate customer decisions.",True
R11020,C001547,7333,Julia Smith,escalation_retention_case,executive_escalation,2026-05-08T00:00:00,Customer Success Lead,Escalate,Review Julia Smith for executive_escalation before next outreach.,"Nelson DSS recommends, explains, and records human review. It does not automate customer decisions.",True
R11021,C001548,8193,Mary Smith,late_delivery_frustration,late_delivery_recovery,2026-05-06T00:00:00,Customer Success Lead,Monitor,Review Mary Smith for late_delivery_recovery before next outreach.,"Nelson DSS recommends, explains, and records human review. It does not automate customer decisions.",True
R11022,C001550,8381,Mary Anderson,late_delivery_frustration,late_delivery_recovery,2026-05-06T00:00:00,Customer Success Lead,Monitor,Review Mary Anderson for late_delivery_recovery before next outreach.,"Nelson DSS recommends, explains, and records human review. It does not automate customer decisions.",True
R11023,C001552,11284,Sarah Sherman,late_delivery_frustration,late_delivery_recovery,2026-05-06T00:00:00,Customer Success Lead,Monitor,Review Sarah Sherman for late_delivery_recovery before next outreach.,"Nelson DSS recommends, explains, and records human review. It does not automate customer decisions.",True
R11024,C001553,2630,Willie Jones,late_delivery_frustration,late_delivery_recovery,2026-05-06T00:00:00,Customer Success Lead,Monitor,Review Willie Jones for late_delivery_recovery before next outreach.,"Nelson DSS recommends, explains, and records human review. It does not automate customer decisions.",True
R11025,C001554,4941,Mary Smith,late_delivery_frustration,late_delivery_recovery,2026-05-06T00:00:00,Customer Success Lead,Monitor,Review Mary Smith for late_delivery_recovery before next outreach.,"Nelson DSS recommends, explains, and records human review. It does not automate customer decisions.",True
R11026,C001555,1864,Deborah Smith,late_delivery_frustration,late_delivery_recovery,2026-05-06T00:00:00,Customer Success Lead,Monitor,Review Deborah Smith for late_delivery_recovery before next outreach.,"Nelson DSS recommends, explains, and records human review. It does not automate customer decisions.",True
R11027,C001557,10668,Mary Smith,escalation_retention_case,executive_escalation,2026-05-06T00:00:00,Customer Success Lead,Escalate,Review Mary Smith for executive_escalation before next outreach.,"Nelson DSS recommends, explains, and records human review. It does not automate customer decisions.",True
R11028,C001557,10668,Mary Smith,escalation_retention_case,executive_escalation,2026-05-07T00:00:00,Customer Success Lead,Escalate,Review Mary Smith for executive_escalation before next outreach.,"Nelson DSS recommends, explains, and records human review. It does not automate customer decisions.",True
R11029,C001557,10668,Mary Smith,escalation_retention_case,executive_escalation,2026-05-08T00:00:00,Customer Success Lead,Escalate,Review Mary Smith for executive_escalation before next outreach.,"Nelson DSS recommends, explains, and records human review. It does not automate customer decisions.",True
R11030,C001559,10801,Ryan Larson,late_delivery_frustration,late_delivery_recovery,2026-05-06T00:00:00,Customer Success Lead,Monitor,Review Ryan Larson for late_delivery_recovery before next outreach.,"Nelson DSS recommends, explains, and records human review. It does not automate customer decisions.",True
R11031,C001561,11318,Mary Henry,late_delivery_frustration,late_delivery_recovery,2026-05-06T00:00:00,Customer Success Lead,Monitor,Review Mary Henry for late_delivery_recovery before next outreach.,"Nelson DSS recommends, explains, and records human review. It does not automate customer decisions.",True
R11032,C001562,12031,Ashley Benitez,late_delivery_frustration,late_delivery_recovery,2026-05-06T00:00:00,Customer Success Lead,Monitor,Review Ashley Benitez for late_delivery_recovery before next outreach.,"Nelson DSS recommends, explains, and records human review. It does not automate customer decisions.",True
R11033,C001564,10042,Christopher Hatfield,late_delivery_frustration,late_delivery_recovery,2026-05-06T00:00:00,Customer Success Lead,Monitor,Review Christopher Hatfield for late_delivery_recovery before next outreach.,"Nelson DSS recommends, explains, and records human review. It does not automate customer decisions.",True
R11034,C001565,12102,Johnny Marks,late_delivery_frustration,late_delivery_recovery,2026-05-06T00:00:00,Customer Success Lead,Monitor,Review Johnny Marks for late_delivery_recovery before next outreach.,"Nelson DSS recommends, explains, and records human review. It does not automate customer decisions.",True
R11035,C001566,2475,Dennis Hall,late_delivery_frustration,late_delivery_recovery,2026-05-06T00:00:00,Customer Success Lead,Monitor,Review Dennis Hall for late_delivery_recovery before next outreach.,"Nelson DSS recommends, explains, and records human review. It does not automate customer decisions.",True
R11036,C001567,6734,Mary Smith,late_delivery_frustration,late_delivery_recovery,2026-05-06T00:00:00,Customer Success Lead,Monitor,Review Mary Smith for late_delivery_recovery before next outreach.,"Nelson DSS recommends, explains, and records human review. It does not automate customer decisions.",True
R11037,C001569,778,John Buckley,late_delivery_frustration,late_delivery_recovery,2026-05-06T00:00:00,Customer Success Lead,Monitor,Review John Buckley for late_delivery_recovery before next outreach.,"Nelson DSS recommends, explains, and records human review. It does not automate customer decisions.",True
R11038,C001570,11560,Walter Walton,late_delivery_frustration,late_delivery_recovery,2026-05-06T00:00:00,Customer Success Lead,Monitor,Review Walter Walton for late_delivery_recovery before next outreach.,"Nelson DSS recommends, explains, and records human review. It does not automate customer decisions.",True
R11039,C001571,2320,Katherine Smith,escalation_retention_case,executive_escalation,2026-05-06T00:00:00,Customer Success Lead,Escalate,Review Katherine Smith for executive_escalation before next outreach.,"Nelson DSS recommends, explains, and records human review. It does not automate customer decisions.",True
R11040,C001571,2320,Katherine Smith,escalation_retention_case,executive_escalation,2026-05-07T00:00:00,Customer Success Lead,Escalate,Review Katherine Smith for executive_escalation before next outreach.,"Nelson DSS recommends, explains, and records human review. It does not automate customer decisions.",True
R11041,C001571,2320,Katherine Smith,escalation_retention_case,executive_escalation,2026-05-08T00:00:00,Customer Success Lead,Escalate,Review Katherine Smith for executive_escalation before next outreach.,"Nelson DSS recommends, explains, and records human review. It does not automate customer decisions.",True
R11042,C001572,704,Mary Mccullough,escalation_retention_case,executive_escalation,2026-05-06T00:00:00,Customer Success Lead,Escalate,Review Mary Mccullough for executive_escalation before next outreach.,"Nelson DSS recommends, explains, and records human review. It does not automate customer decisions.",True
R11043,C001572,704,Mary Mccullough,escalation_retention_case,executive_escalation,2026-05-07T00:00:00,Customer Success Lead,Escalate,Review Mary Mccullough for executive_escalation before next outreach.,"Nelson DSS recommends, explains, and records human review. It does not automate customer decisions.",True
R11044,C001572,704,Mary Mccullough,escalation_retention_case,executive_escalation,2026-05-08T00:00:00,Customer Success Lead,Escalate,Review Mary Mccullough for executive_escalation before next outreach.,"Nelson DSS recommends, explains, and records human review. It does not automate customer decisions.",True
R11045,C001573,3978,Barbara Simmons,late_delivery_frustration,late_delivery_recovery,2026-05-06T00:00:00,Customer Success Lead,Monitor,Review Barbara Simmons for late_delivery_recovery before next outreach.,"Nelson DSS recommends, explains, and records human review. It does not automate customer decisions.",True
R11046,C001574,4191,Kimberly Salazar,late_delivery_frustration,late_delivery_recovery,2026-05-06T00:00:00,Customer Success Lead,Monitor,Review Kimberly Salazar for late_delivery_recovery before next outreach.,"Nelson DSS recommends, explains, and records human review. It does not automate customer decisions.",True
R11047,C001575,4225,Amy Wright,late_delivery_frustration,late_delivery_recovery,2026-05-06T00:00:00,Customer Success Lead,Monitor,Review Amy Wright for late_delivery_recovery before next outreach.,"Nelson DSS recommends, explains, and records human review. It does not automate customer decisions.",True
R11048,C001576,4838,Mark Frank,late_delivery_frustration,late_delivery_recovery,2026-05-06T00:00:00,Customer Success Lead,Monitor,Review Mark Frank for late_delivery_recovery before next outreach.,"Nelson DSS recommends, explains, and records human review. It does not automate customer decisions.",True
R11049,C001577,1828,Doris Alvarez,late_delivery_frustration,late_delivery_recovery,2026-05-06T00:00:00,Customer Success Lead,Monitor,Review Doris Alvarez for late_delivery_recovery before next outreach.,"Nelson DSS recommends, explains, and records human review. It does not automate customer decisions.",True
R11050,C001579,3042,David Howell,late_delivery_frustration,late_delivery_recovery,2026-05-06T00:00:00,Customer Success Lead,Monitor,Review David Howell for late_delivery_recovery before next outreach.,"Nelson DSS recommends, explains, and records human review. It does not automate customer decisions.",True
R11051,C001581,3617,Mary Smith,late_delivery_frustration,late_delivery_recovery,2026-05-06T00:00:00,Customer Success Lead,Monitor,Review Mary Smith for late_delivery_recovery before next outreach.,"Nelson DSS recommends, explains, and records human review. It does not automate customer decisions.",True
R11052,C001582,10839,Mary Blake,late_delivery_frustration,late_delivery_recovery,2026-05-06T00:00:00,Customer Success Lead,Monitor,Review Mary Blake for late_delivery_recovery before next outreach.,"Nelson DSS recommends, explains, and records human review. It does not automate customer decisions.",True
R11053,C001583,11618,Tammy Smith,late_delivery_frustration,late_delivery_recovery,2026-05-06T00:00:00,Customer Success Lead,Monitor,Review Tammy Smith for late_delivery_recovery before next outreach.,"Nelson DSS recommends, explains, and records human review. It does not automate customer decisions.",True
R11054,C001584,8539,John Smith,late_delivery_frustration,late_delivery_recovery,2026-05-06T00:00:00,Customer Success Lead,Monitor,Review John Smith for late_delivery_recovery before next outreach.,"Nelson DSS recommends, explains, and records human review. It does not automate customer decisions.",True
R11055,C001585,8013,Mary Adams,escalation_retention_case,executive_escalation,2026-05-06T00:00:00,Customer Success Lead,Escalate,Review Mary Adams for executive_escalation before next outreach.,"Nelson DSS recommends, explains, and records human review. It does not automate customer decisions.",True
R11056,C001585,8013,Mary Adams,escalation_retention_case,executive_escalation,2026-05-07T00:00:00,Customer Success Lead,Escalate,Review Mary Adams for executive_escalation before next outreach.,"Nelson DSS recommends, explains, and records human review. It does not automate customer decisions.",True
R11057,C001585,8013,Mary Adams,escalation_retention_case,executive_escalation,2026-05-08T00:00:00,Customer Success Lead,Escalate,Review Mary Adams for executive_escalation before next outreach.,"Nelson DSS recommends, explains, and records human review. It does not automate customer decisions.",True
R11058,C001586,8787,Janice Pittman,escalation_retention_case,executive_escalation,2026-05-06T00:00:00,Customer Success Lead,Escalate,Review Janice Pittman for executive_escalation before next outreach.,"Nelson DSS recommends, explains, and records human review. It does not automate customer decisions.",True
R11059,C001586,8787,Janice Pittman,escalation_retention_case,executive_escalation,2026-05-07T00:00:00,Customer Success Lead,Escalate,Review Janice Pittman for executive_escalation before next outreach.,"Nelson DSS recommends, explains, and records human review. It does not automate customer decisions.",True
R11060,C001586,8787,Janice Pittman,escalation_retention_case,executive_escalation,2026-05-08T00:00:00,Customer Success Lead,Escalate,Review Janice Pittman for executive_escalation before next outreach.,"Nelson DSS recommends, explains, and records human review. It does not automate customer decisions.",True
R11061,C001588,3417,Daniel Joseph,late_delivery_frustration,late_delivery_recovery,2026-05-06T00:00:00,Customer Success Lead,Monitor,Review Daniel Joseph for late_delivery_recovery before next outreach.,"Nelson DSS recommends, explains, and records human review. It does not automate customer decisions.",True
R11062,C001589,5052,Larry Meyer,late_delivery_frustration,late_delivery_recovery,2026-05-06T00:00:00,Customer Success Lead,Monitor,Review Larry Meyer for late_delivery_recovery before next outreach.,"Nelson DSS recommends, explains, and records human review. It does not automate customer decisions.",True
R11063,C001593,10257,Michael Smith,escalation_retention_case,executive_escalation,2026-05-06T00:00:00,Customer Success Lead,Escalate,Review Michael Smith for executive_escalation before next outreach.,"Nelson DSS recommends, explains, and records human review. It does not automate customer decisions.",True
R11064,C001593,10257,Michael Smith,escalation_retention_case,executive_escalation,2026-05-07T00:00:00,Customer Success Lead,Escalate,Review Michael Smith for executive_escalation before next outreach.,"Nelson DSS recommends, explains, and records human review. It does not automate customer decisions.",True
R11065,C001593,10257,Michael Smith,escalation_retention_case,executive_escalation,2026-05-08T00:00:00,Customer Success Lead,Escalate,Review Michael Smith for executive_escalation before next outreach.,"Nelson DSS recommends, explains, and records human review. It does not automate customer decisions.",True
R11066,C001594,8963,Ruth Bush,escalation_retention_case,executive_escalation,2026-05-06T00:00:00,Customer Success Lead,Escalate,Review Ruth Bush for executive_escalation before next outreach.,"Nelson DSS recommends, explains, and records human review. It does not automate customer decisions.",True
R11067,C001594,8963,Ruth Bush,escalation_retention_case,executive_escalation,2026-05-07T00:00:00,Customer Success Lead,Escalate,Review Ruth Bush for executive_escalation before next outreach.,"Nelson DSS recommends, explains, and records human review. It does not automate customer decisions.",True
R11068,C001594,8963,Ruth Bush,escalation_retention_case,executive_escalation,2026-05-08T00:00:00,Customer Success Lead,Escalate,Review Ruth Bush for executive_escalation before next outreach.,"Nelson DSS recommends, explains, and records human review. It does not automate customer decisions.",True
R11069,C001595,5229,Thomas Butler,escalation_retention_case,executive_escalation,2026-05-06T00:00:00,Customer Success Lead,Escalate,Review Thomas Butler for executive_escalation before next outreach.,"Nelson DSS recommends, explains, and records human review. It does not automate customer decisions.",True
R11070,C001595,5229,Thomas Butler,escalation_retention_case,executive_escalation,2026-05-07T00:00:00,Customer Success Lead,Escalate,Review Thomas Butler for executive_escalation before next outreach.,"Nelson DSS recommends, explains, and records human review. It does not automate customer decisions.",True
R11071,C001595,5229,Thomas Butler,escalation_retention_case,executive_escalation,2026-05-08T00:00:00,Customer Success Lead,Escalate,Review Thomas Butler for executive_escalation before next outreach.,"Nelson DSS recommends, explains, and records human review. It does not automate customer decisions.",True
R11072,C001596,5732,Jacob Perry,late_delivery_frustration,late_delivery_recovery,2026-05-06T00:00:00,Customer Success Lead,Monitor,Review Jacob Perry for late_delivery_recovery before next outreach.,"Nelson DSS recommends, explains, and records human review. It does not automate customer decisions.",True
R11073,C001597,6834,Mary Smith,escalation_retention_case,executive_escalation,2026-05-06T00:00:00,Customer Success Lead,Escalate,Review Mary Smith for executive_escalation before next outreach.,"Nelson DSS recommends, explains, and records human review. It does not automate customer decisions.",True
R11074,C001597,6834,Mary Smith,escalation_retention_case,executive_escalation,2026-05-07T00:00:00,Customer Success Lead,Escalate,Review Mary Smith for executive_escalation before next outreach.,"Nelson DSS recommends, explains, and records human review. It does not automate customer decisions.",True
R11075,C001597,6834,Mary Smith,escalation_retention_case,executive_escalation,2026-05-08T00:00:00,Customer Success Lead,Escalate,Review Mary Smith for executive_escalation before next outreach.,"Nelson DSS recommends, explains, and records human review. It does not automate customer decisions.",True
R11076,C001598,2321,Mary Patel,escalation_retention_case,executive_escalation,2026-05-06T00:00:00,Customer Success Lead,Escalate,Review Mary Patel for executive_escalation before next outreach.,"Nelson DSS recommends, explains, and records human review. It does not automate customer decisions.",True
R11077,C001598,2321,Mary Patel,escalation_retention_case,executive_escalation,2026-05-07T00:00:00,Customer Success Lead,Escalate,Review Mary Patel for executive_escalation before next outreach.,"Nelson DSS recommends, explains, and records human review. It does not automate customer decisions.",True
R11078,C001598,2321,Mary Patel,escalation_retention_case,executive_escalation,2026-05-08T00:00:00,Customer Success Lead,Escalate,Review Mary Patel for executive_escalation before next outreach.,"Nelson DSS recommends, explains, and records human review. It does not automate customer decisions.",True
R11079,C001599,8853,Richard Ali,late_delivery_frustration,late_delivery_recovery,2026-05-06T00:00:00,Customer Success Lead,Monitor,Review Richard Ali for late_delivery_recovery before next outreach.,"Nelson DSS recommends, explains, and records human review. It does not automate customer decisions.",True
R11080,C001601,377,Mary Smith,late_delivery_frustration,late_delivery_recovery,2026-05-06T00:00:00,Customer Success Lead,Monitor,Review Mary Smith for late_delivery_recovery before next outreach.,"Nelson DSS recommends, explains, and records human review. It does not automate customer decisions.",True
R11081,C001602,8602,Timothy Gilbert,escalation_retention_case,executive_escalation,2026-05-06T00:00:00,Customer Success Lead,Escalate,Review Timothy Gilbert for executive_escalation before next outreach.,"Nelson DSS recommends, explains, and records human review. It does not automate customer decisions.",True
R11082,C001602,8602,Timothy Gilbert,escalation_retention_case,executive_escalation,2026-05-07T00:00:00,Customer Success Lead,Escalate,Review Timothy Gilbert for executive_escalation before next outreach.,"Nelson DSS recommends, explains, and records human review. It does not automate customer decisions.",True
R11083,C001602,8602,Timothy Gilbert,escalation_retention_case,executive_escalation,2026-05-08T00:00:00,Customer Success Lead,Escalate,Review Timothy Gilbert for executive_escalation before next outreach.,"Nelson DSS recommends, explains, and records human review. It does not automate customer decisions.",True
R11084,C001604,8763,Pamela Williams,escalation_retention_case,executive_escalation,2026-05-06T00:00:00,Customer Success Lead,Escalate,Review Pamela Williams for executive_escalation before next outreach.,"Nelson DSS recommends, explains, and records human review. It does not automate customer decisions.",True
R11085,C001604,8763,Pamela Williams,escalation_retention_case,executive_escalation,2026-05-07T00:00:00,Customer Success Lead,Escalate,Review Pamela Williams for executive_escalation before next outreach.,"Nelson DSS recommends, explains, and records human review. It does not automate customer decisions.",True
R11086,C001604,8763,Pamela Williams,escalation_retention_case,executive_escalation,2026-05-08T00:00:00,Customer Success Lead,Escalate,Review Pamela Williams for executive_escalation before next outreach.,"Nelson DSS recommends, explains, and records human review. It does not automate customer decisions.",True
R11087,C001605,8791,Beverly Ali,late_delivery_frustration,late_delivery_recovery,2026-05-06T00:00:00,Customer Success Lead,Monitor,Review Beverly Ali for late_delivery_recovery before next outreach.,"Nelson DSS recommends, explains, and records human review. It does not automate customer decisions.",True
R11088,C001606,3464,Zachary Smith,late_delivery_frustration,late_delivery_recovery,2026-05-06T00:00:00,Customer Success Lead,Monitor,Review Zachary Smith for late_delivery_recovery before next outreach.,"Nelson DSS recommends, explains, and records human review. It does not automate customer decisions.",True
R11089,C001608,4275,Sandra Allen,escalation_retention_case,executive_escalation,2026-05-06T00:00:00,Customer Success Lead,Escalate,Review Sandra Allen for executive_escalation before next outreach.,"Nelson DSS recommends, explains, and records human review. It does not automate customer decisions.",True
R11090,C001608,4275,Sandra Allen,escalation_retention_case,executive_escalation,2026-05-07T00:00:00,Customer Success Lead,Escalate,Review Sandra Allen for executive_escalation before next outreach.,"Nelson DSS recommends, explains, and records human review. It does not automate customer decisions.",True
R11091,C001608,4275,Sandra Allen,escalation_retention_case,executive_escalation,2026-05-08T00:00:00,Customer Success Lead,Escalate,Review Sandra Allen for executive_escalation before next outreach.,"Nelson DSS recommends, explains, and records human review. It does not automate customer decisions.",True
R11092,C001609,5431,Judith Peck,escalation_retention_case,executive_escalation,2026-05-06T00:00:00,Customer Success Lead,Escalate,Review Judith Peck for executive_escalation before next outreach.,"Nelson DSS recommends, explains, and records human review. It does not automate customer decisions.",True
R11093,C001609,5431,Judith Peck,escalation_retention_case,executive_escalation,2026-05-07T00:00:00,Customer Success Lead,Escalate,Review Judith Peck for executive_escalation before next outreach.,"Nelson DSS recommends, explains, and records human review. It does not automate customer decisions.",True
R11094,C001609,5431,Judith Peck,escalation_retention_case,executive_escalation,2026-05-08T00:00:00,Customer Success Lead,Escalate,Review Judith Peck for executive_escalation before next outreach.,"Nelson DSS recommends, explains, and records human review. It does not automate customer decisions.",True
R11095,C001611,1889,Mary West,escalation_retention_case,executive_escalation,2026-05-06T00:00:00,Customer Success Lead,Escalate,Review Mary West for executive_escalation before next outreach.,"Nelson DSS recommends, explains, and records human review. It does not automate customer decisions.",True
R11096,C001611,1889,Mary West,escalation_retention_case,executive_escalation,2026-05-07T00:00:00,Customer Success Lead,Escalate,Review Mary West for executive_escalation before next outreach.,"Nelson DSS recommends, explains, and records human review. It does not automate customer decisions.",True
R11097,C001611,1889,Mary West,escalation_retention_case,executive_escalation,2026-05-08T00:00:00,Customer Success Lead,Escalate,Review Mary West for executive_escalation before next outreach.,"Nelson DSS recommends, explains, and records human review. It does not automate customer decisions.",True
R11098,C001612,6233,Mary Elliott,late_delivery_frustration,late_delivery_recovery,2026-05-06T00:00:00,Customer Success Lead,Monitor,Review Mary Elliott for late_delivery_recovery before next outreach.,"Nelson DSS recommends, explains, and records human review. It does not automate customer decisions.",True
R11099,C001613,2110,Cynthia Myers,escalation_retention_case,executive_escalation,2026-05-06T00:00:00,Customer Success Lead,Escalate,Review Cynthia Myers for executive_escalation before next outreach.,"Nelson DSS recommends, explains, and records human review. It does not automate customer decisions.",True
R11100,C001613,2110,Cynthia Myers,escalation_retention_case,executive_escalation,2026-05-07T00:00:00,Customer Success Lead,Escalate,Review Cynthia Myers for executive_escalation before next outreach.,"Nelson DSS recommends, explains, and records human review. It does not automate customer decisions.",True
R11101,C001613,2110,Cynthia Myers,escalation_retention_case,executive_escalation,2026-05-08T00:00:00,Customer Success Lead,Escalate,Review Cynthia Myers for executive_escalation before next outreach.,"Nelson DSS recommends, explains, and records human review. It does not automate customer decisions.",True
R11102,C001614,4476,Mary Ortiz,escalation_retention_case,executive_escalation,2026-05-06T00:00:00,Customer Success Lead,Escalate,Review Mary Ortiz for executive_escalation before next outreach.,"Nelson DSS recommends, explains, and records human review. It does not automate customer decisions.",True
R11103,C001614,4476,Mary Ortiz,escalation_retention_case,executive_escalation,2026-05-07T00:00:00,Customer Success Lead,Escalate,Review Mary Ortiz for executive_escalation before next outreach.,"Nelson DSS recommends, explains, and records human review. It does not automate customer decisions.",True
R11104,C001614,4476,Mary Ortiz,escalation_retention_case,executive_escalation,2026-05-08T00:00:00,Customer Success Lead,Escalate,Review Mary Ortiz for executive_escalation before next outreach.,"Nelson DSS recommends, explains, and records human review. It does not automate customer decisions.",True
R11105,C001615,2257,Matthew Burgess,escalation_retention_case,executive_escalation,2026-05-06T00:00:00,Customer Success Lead,Escalate,Review Matthew Burgess for executive_escalation before next outreach.,"Nelson DSS recommends, explains, and records human review. It does not automate customer decisions.",True
R11106,C001615,2257,Matthew Burgess,escalation_retention_case,executive_escalation,2026-05-07T00:00:00,Customer Success Lead,Escalate,Review Matthew Burgess for executive_escalation before next outreach.,"Nelson DSS recommends, explains, and records human review. It does not automate customer decisions.",True
R11107,C001615,2257,Matthew Burgess,escalation_retention_case,executive_escalation,2026-05-08T00:00:00,Customer Success Lead,Escalate,Review Matthew Burgess for executive_escalation before next outreach.,"Nelson DSS recommends, explains, and records human review. It does not automate customer decisions.",True
R11108,C001616,1243,Joan Rosales,escalation_retention_case,executive_escalation,2026-05-06T00:00:00,Customer Success Lead,Escalate,Review Joan Rosales for executive_escalation before next outreach.,"Nelson DSS recommends, explains, and records human review. It does not automate customer decisions.",True
R11109,C001616,1243,Joan Rosales,escalation_retention_case,executive_escalation,2026-05-07T00:00:00,Customer Success Lead,Escalate,Review Joan Rosales for executive_escalation before next outreach.,"Nelson DSS recommends, explains, and records human review. It does not automate customer decisions.",True
R11110,C001616,1243,Joan Rosales,escalation_retention_case,executive_escalation,2026-05-08T00:00:00,Customer Success Lead,Escalate,Review Joan Rosales for executive_escalation before next outreach.,"Nelson DSS recommends, explains, and records human review. It does not automate customer decisions.",True
R11111,C001618,285,Shirley Smith,late_delivery_frustration,late_delivery_recovery,2026-05-06T00:00:00,Customer Success Lead,Monitor,Review Shirley Smith for late_delivery_recovery before next outreach.,"Nelson DSS recommends, explains, and records human review. It does not automate customer decisions.",True
R11112,C001619,7465,Andrew Smith,escalation_retention_case,executive_escalation,2026-05-06T00:00:00,Customer Success Lead,Escalate,Review Andrew Smith for executive_escalation before next outreach.,"Nelson DSS recommends, explains, and records human review. It does not automate customer decisions.",True
R11113,C001619,7465,Andrew Smith,escalation_retention_case,executive_escalation,2026-05-07T00:00:00,Customer Success Lead,Escalate,Review Andrew Smith for executive_escalation before next outreach.,"Nelson DSS recommends, explains, and records human review. It does not automate customer decisions.",True
R11114,C001619,7465,Andrew Smith,escalation_retention_case,executive_escalation,2026-05-08T00:00:00,Customer Success Lead,Escalate,Review Andrew Smith for executive_escalation before next outreach.,"Nelson DSS recommends, explains, and records human review. It does not automate customer decisions.",True
R11115,C001620,4997,Roy Todd,late_delivery_frustration,late_delivery_recovery,2026-05-06T00:00:00,Customer Success Lead,Monitor,Review Roy Todd for late_delivery_recovery before next outreach.,"Nelson DSS recommends, explains, and records human review. It does not automate customer decisions.",True
R11116,C001621,2646,Mary Daugherty,late_delivery_frustration,late_delivery_recovery,2026-05-06T00:00:00,Customer Success Lead,Monitor,Review Mary Daugherty for late_delivery_recovery before next outreach.,"Nelson DSS recommends, explains, and records human review. It does not automate customer decisions.",True
R11117,C001622,656,Julie Smith,late_delivery_frustration,late_delivery_recovery,2026-05-06T00:00:00,Customer Success Lead,Monitor,Review Julie Smith for late_delivery_recovery before next outreach.,"Nelson DSS recommends, explains, and records human review. It does not automate customer decisions.",True
R11118,C001623,11491,David Smith,late_delivery_frustration,late_delivery_recovery,2026-05-06T00:00:00,Customer Success Lead,Monitor,Review David Smith for late_delivery_recovery before next outreach.,"Nelson DSS recommends, explains, and records human review. It does not automate customer decisions.",True
R11119,C001624,1126,Mary Thompson,escalation_retention_case,executive_escalation,2026-05-06T00:00:00,Customer Success Lead,Escalate,Review Mary Thompson for executive_escalation before next outreach.,"Nelson DSS recommends, explains, and records human review. It does not automate customer decisions.",True
R11120,C001624,1126,Mary Thompson,escalation_retention_case,executive_escalation,2026-05-07T00:00:00,Customer Success Lead,Escalate,Review Mary Thompson for executive_escalation before next outreach.,"Nelson DSS recommends, explains, and records human review. It does not automate customer decisions.",True
R11121,C001624,1126,Mary Thompson,escalation_retention_case,executive_escalation,2026-05-08T00:00:00,Customer Success Lead,Escalate,Review Mary Thompson for executive_escalation before next outreach.,"Nelson DSS recommends, explains, and records human review. It does not automate customer decisions.",True
R11122,C001625,12026,George Smith,escalation_retention_case,executive_escalation,2026-05-06T00:00:00,Customer Success Lead,Escalate,Review George Smith for executive_escalation before next outreach.,"Nelson DSS recommends, explains, and records human review. It does not automate customer decisions.",True
R11123,C001625,12026,George Smith,escalation_retention_case,executive_escalation,2026-05-07T00:00:00,Customer Success Lead,Escalate,Review George Smith for executive_escalation before next outreach.,"Nelson DSS recommends, explains, and records human review. It does not automate customer decisions.",True
R11124,C001625,12026,George Smith,escalation_retention_case,executive_escalation,2026-05-08T00:00:00,Customer Success Lead,Escalate,Review George Smith for executive_escalation before next outreach.,"Nelson DSS recommends, explains, and records human review. It does not automate customer decisions.",True
R11125,C001626,8397,Amber Smith,late_delivery_frustration,late_delivery_recovery,2026-05-06T00:00:00,Customer Success Lead,Monitor,Review Amber Smith for late_delivery_recovery before next outreach.,"Nelson DSS recommends, explains, and records human review. It does not automate customer decisions.",True
R11126,C001627,3752,Mary Vega,late_delivery_frustration,late_delivery_recovery,2026-05-06T00:00:00,Customer Success Lead,Monitor,Review Mary Vega for late_delivery_recovery before next outreach.,"Nelson DSS recommends, explains, and records human review. It does not automate customer decisions.",True
R11127,C001628,9612,Willie Roberson,escalation_retention_case,executive_escalation,2026-05-06T00:00:00,Customer Success Lead,Escalate,Review Willie Roberson for executive_escalation before next outreach.,"Nelson DSS recommends, explains, and records human review. It does not automate customer decisions.",True
R11128,C001628,9612,Willie Roberson,escalation_retention_case,executive_escalation,2026-05-07T00:00:00,Customer Success Lead,Escalate,Review Willie Roberson for executive_escalation before next outreach.,"Nelson DSS recommends, explains, and records human review. It does not automate customer decisions.",True
R11129,C001628,9612,Willie Roberson,escalation_retention_case,executive_escalation,2026-05-08T00:00:00,Customer Success Lead,Escalate,Review Willie Roberson for executive_escalation before next outreach.,"Nelson DSS recommends, explains, and records human review. It does not automate customer decisions.",True
R11130,C001631,6370,Andrea Smith,late_delivery_frustration,late_delivery_recovery,2026-05-06T00:00:00,Customer Success Lead,Monitor,Review Andrea Smith for late_delivery_recovery before next outreach.,"Nelson DSS recommends, explains, and records human review. It does not automate customer decisions.",True
R11131,C001632,9575,John Richards,late_delivery_frustration,late_delivery_recovery,2026-05-06T00:00:00,Customer Success Lead,Monitor,Review John Richards for late_delivery_recovery before next outreach.,"Nelson DSS recommends, explains, and records human review. It does not automate customer decisions.",True
R11132,C001634,9972,William Serrano,late_delivery_frustration,late_delivery_recovery,2026-05-06T00:00:00,Customer Success Lead,Monitor,Review William Serrano for late_delivery_recovery before next outreach.,"Nelson DSS recommends, explains, and records human review. It does not automate customer decisions.",True
R11133,C001636,3461,Jose Smith,late_delivery_frustration,late_delivery_recovery,2026-05-06T00:00:00,Customer Success Lead,Monitor,Review Jose Smith for late_delivery_recovery before next outreach.,"Nelson DSS recommends, explains, and records human review. It does not automate customer decisions.",True
R11134,C001638,8704,Mary Mclean,late_delivery_frustration,late_delivery_recovery,2026-05-06T00:00:00,Customer Success Lead,Monitor,Review Mary Mclean for late_delivery_recovery before next outreach.,"Nelson DSS recommends, explains, and records human review. It does not automate customer decisions.",True
R11135,C001639,4915,Matthew Juarez,late_delivery_frustration,late_delivery_recovery,2026-05-06T00:00:00,Customer Success Lead,Monitor,Review Matthew Juarez for late_delivery_recovery before next outreach.,"Nelson DSS recommends, explains, and records human review. It does not automate customer decisions.",True
R11136,C001640,10220,Gerald Mason,escalation_retention_case,executive_escalation,2026-05-06T00:00:00,Customer Success Lead,Escalate,Review Gerald Mason for executive_escalation before next outreach.,"Nelson DSS recommends, explains, and records human review. It does not automate customer decisions.",True
R11137,C001640,10220,Gerald Mason,escalation_retention_case,executive_escalation,2026-05-07T00:00:00,Customer Success Lead,Escalate,Review Gerald Mason for executive_escalation before next outreach.,"Nelson DSS recommends, explains, and records human review. It does not automate customer decisions.",True
R11138,C001640,10220,Gerald Mason,escalation_retention_case,executive_escalation,2026-05-08T00:00:00,Customer Success Lead,Escalate,Review Gerald Mason for executive_escalation before next outreach.,"Nelson DSS recommends, explains, and records human review. It does not automate customer decisions.",True
R11139,C001641,9496,Mary Taylor,escalation_retention_case,executive_escalation,2026-05-06T00:00:00,Customer Success Lead,Escalate,Review Mary Taylor for executive_escalation before next outreach.,"Nelson DSS recommends, explains, and records human review. It does not automate customer decisions.",True
R11140,C001641,9496,Mary Taylor,escalation_retention_case,executive_escalation,2026-05-07T00:00:00,Customer Success Lead,Escalate,Review Mary Taylor for executive_escalation before next outreach.,"Nelson DSS recommends, explains, and records human review. It does not automate customer decisions.",True
R11141,C001641,9496,Mary Taylor,escalation_retention_case,executive_escalation,2026-05-08T00:00:00,Customer Success Lead,Escalate,Review Mary Taylor for executive_escalation before next outreach.,"Nelson DSS recommends, explains, and records human review. It does not automate customer decisions.",True
R11142,C001642,11957,Mary Norman,late_delivery_frustration,late_delivery_recovery,2026-05-06T00:00:00,Customer Success Lead,Monitor,Review Mary Norman for late_delivery_recovery before next outreach.,"Nelson DSS recommends, explains, and records human review. It does not automate customer decisions.",True
R11143,C001643,12178,Mary Mcgee,escalation_retention_case,executive_escalation,2026-05-06T00:00:00,Customer Success Lead,Escalate,Review Mary Mcgee for executive_escalation before next outreach.,"Nelson DSS recommends, explains, and records human review. It does not automate customer decisions.",True
R11144,C001643,12178,Mary Mcgee,escalation_retention_case,executive_escalation,2026-05-07T00:00:00,Customer Success Lead,Escalate,Review Mary Mcgee for executive_escalation before next outreach.,"Nelson DSS recommends, explains, and records human review. It does not automate customer decisions.",True
R11145,C001643,12178,Mary Mcgee,escalation_retention_case,executive_escalation,2026-05-08T00:00:00,Customer Success Lead,Escalate,Review Mary Mcgee for executive_escalation before next outreach.,"Nelson DSS recommends, explains, and records human review. It does not automate customer decisions.",True
R11146,C001644,10637,Matthew Smith,escalation_retention_case,executive_escalation,2026-05-06T00:00:00,Customer Success Lead,Escalate,Review Matthew Smith for executive_escalation before next outreach.,"Nelson DSS recommends, explains, and records human review. It does not automate customer decisions.",True
R11147,C001644,10637,Matthew Smith,escalation_retention_case,executive_escalation,2026-05-07T00:00:00,Customer Success Lead,Escalate,Review Matthew Smith for executive_escalation before next outreach.,"Nelson DSS recommends, explains, and records human review. It does not automate customer decisions.",True
R11148,C001644,10637,Matthew Smith,escalation_retention_case,executive_escalation,2026-05-08T00:00:00,Customer Success Lead,Escalate,Review Matthew Smith for executive_escalation before next outreach.,"Nelson DSS recommends, explains, and records human review. It does not automate customer decisions.",True
R11149,C001645,8631,Mary Richardson,late_delivery_frustration,late_delivery_recovery,2026-05-06T00:00:00,Customer Success Lead,Monitor,Review Mary Richardson for late_delivery_recovery before next outreach.,"Nelson DSS recommends, explains, and records human review. It does not automate customer decisions.",True
R11150,C001646,4040,Harold Hart,escalation_retention_case,executive_escalation,2026-05-06T00:00:00,Customer Success Lead,Escalate,Review Harold Hart for executive_escalation before next outreach.,"Nelson DSS recommends, explains, and records human review. It does not automate customer decisions.",True
R11151,C001646,4040,Harold Hart,escalation_retention_case,executive_escalation,2026-05-07T00:00:00,Customer Success Lead,Escalate,Review Harold Hart for executive_escalation before next outreach.,"Nelson DSS recommends, explains, and records human review. It does not automate customer decisions.",True
R11152,C001646,4040,Harold Hart,escalation_retention_case,executive_escalation,2026-05-08T00:00:00,Customer Success Lead,Escalate,Review Harold Hart for executive_escalation before next outreach.,"Nelson DSS recommends, explains, and records human review. It does not automate customer decisions.",True
R11153,C001647,4153,Kathleen Torres,escalation_retention_case,executive_escalation,2026-05-06T00:00:00,Customer Success Lead,Escalate,Review Kathleen Torres for executive_escalation before next outreach.,"Nelson DSS recommends, explains, and records human review. It does not automate customer decisions.",True
R11154,C001647,4153,Kathleen Torres,escalation_retention_case,executive_escalation,2026-05-07T00:00:00,Customer Success Lead,Escalate,Review Kathleen Torres for executive_escalation before next outreach.,"Nelson DSS recommends, explains, and records human review. It does not automate customer decisions.",True
R11155,C001647,4153,Kathleen Torres,escalation_retention_case,executive_escalation,2026-05-08T00:00:00,Customer Success Lead,Escalate,Review Kathleen Torres for executive_escalation before next outreach.,"Nelson DSS recommends, explains, and records human review. It does not automate customer decisions.",True
R11156,C001648,175,Ronald Guzman,late_delivery_frustration,late_delivery_recovery,2026-05-06T00:00:00,Customer Success Lead,Monitor,Review Ronald Guzman for late_delivery_recovery before next outreach.,"Nelson DSS recommends, explains, and records human review. It does not automate customer decisions.",True
R11157,C001650,5585,Mary Wilson,late_delivery_frustration,late_delivery_recovery,2026-05-06T00:00:00,Customer Success Lead,Monitor,Review Mary Wilson for late_delivery_recovery before next outreach.,"Nelson DSS recommends, explains, and records human review. It does not automate customer decisions.",True
R11158,C001652,4547,Mary Molina,late_delivery_frustration,late_delivery_recovery,2026-05-06T00:00:00,Customer Success Lead,Monitor,Review Mary Molina for late_delivery_recovery before next outreach.,"Nelson DSS recommends, explains, and records human review. It does not automate customer decisions.",True
R11159,C001653,11789,Mary Smith,late_delivery_frustration,late_delivery_recovery,2026-05-06T00:00:00,Customer Success Lead,Monitor,Review Mary Smith for late_delivery_recovery before next outreach.,"Nelson DSS recommends, explains, and records human review. It does not automate customer decisions.",True
R11160,C001654,8506,Elizabeth Smith,escalation_retention_case,executive_escalation,2026-05-06T00:00:00,Customer Success Lead,Escalate,Review Elizabeth Smith for executive_escalation before next outreach.,"Nelson DSS recommends, explains, and records human review. It does not automate customer decisions.",True
R11161,C001654,8506,Elizabeth Smith,escalation_retention_case,executive_escalation,2026-05-07T00:00:00,Customer Success Lead,Escalate,Review Elizabeth Smith for executive_escalation before next outreach.,"Nelson DSS recommends, explains, and records human review. It does not automate customer decisions.",True
R11162,C001654,8506,Elizabeth Smith,escalation_retention_case,executive_escalation,2026-05-08T00:00:00,Customer Success Lead,Escalate,Review Elizabeth Smith for executive_escalation before next outreach.,"Nelson DSS recommends, explains, and records human review. It does not automate customer decisions.",True
R11163,C001655,8211,Ronald Mcneil,late_delivery_frustration,late_delivery_recovery,2026-05-06T00:00:00,Customer Success Lead,Monitor,Review Ronald Mcneil for late_delivery_recovery before next outreach.,"Nelson DSS recommends, explains, and records human review. It does not automate customer decisions.",True
R11164,C001656,6089,Laura Blair,late_delivery_frustration,late_delivery_recovery,2026-05-06T00:00:00,Customer Success Lead,Monitor,Review Laura Blair for late_delivery_recovery before next outreach.,"Nelson DSS recommends, explains, and records human review. It does not automate customer decisions.",True
R11165,C001659,5145,James Smith,escalation_retention_case,executive_escalation,2026-05-06T00:00:00,Customer Success Lead,Escalate,Review James Smith for executive_escalation before next outreach.,"Nelson DSS recommends, explains, and records human review. It does not automate customer decisions.",True
R11166,C001659,5145,James Smith,escalation_retention_case,executive_escalation,2026-05-07T00:00:00,Customer Success Lead,Escalate,Review James Smith for executive_escalation before next outreach.,"Nelson DSS recommends, explains, and records human review. It does not automate customer decisions.",True
R11167,C001659,5145,James Smith,escalation_retention_case,executive_escalation,2026-05-08T00:00:00,Customer Success Lead,Escalate,Review James Smith for executive_escalation before next outreach.,"Nelson DSS recommends, explains, and records human review. It does not automate customer decisions.",True
R11168,C001660,4750,Mary Smith,escalation_retention_case,executive_escalation,2026-05-06T00:00:00,Customer Success Lead,Escalate,Review Mary Smith for executive_escalation before next outreach.,"Nelson DSS recommends, explains, and records human review. It does not automate customer decisions.",True
R11169,C001660,4750,Mary Smith,escalation_retention_case,executive_escalation,2026-05-07T00:00:00,Customer Success Lead,Escalate,Review Mary Smith for executive_escalation before next outreach.,"Nelson DSS recommends, explains, and records human review. It does not automate customer decisions.",True
R11170,C001660,4750,Mary Smith,escalation_retention_case,executive_escalation,2026-05-08T00:00:00,Customer Success Lead,Escalate,Review Mary Smith for executive_escalation before next outreach.,"Nelson DSS recommends, explains, and records human review. It does not automate customer decisions.",True
R11171,C001661,10424,Beverly Smith,late_delivery_frustration,late_delivery_recovery,2026-05-06T00:00:00,Customer Success Lead,Monitor,Review Beverly Smith for late_delivery_recovery before next outreach.,"Nelson DSS recommends, explains, and records human review. It does not automate customer decisions.",True
R11172,C001662,1116,Mary Henderson,escalation_retention_case,executive_escalation,2026-05-06T00:00:00,Customer Success Lead,Escalate,Review Mary Henderson for executive_escalation before next outreach.,"Nelson DSS recommends, explains, and records human review. It does not automate customer decisions.",True
R11173,C001662,1116,Mary Henderson,escalation_retention_case,executive_escalation,2026-05-07T00:00:00,Customer Success Lead,Escalate,Review Mary Henderson for executive_escalation before next outreach.,"Nelson DSS recommends, explains, and records human review. It does not automate customer decisions.",True
R11174,C001662,1116,Mary Henderson,escalation_retention_case,executive_escalation,2026-05-08T00:00:00,Customer Success Lead,Escalate,Review Mary Henderson for executive_escalation before next outreach.,"Nelson DSS recommends, explains, and records human review. It does not automate customer decisions.",True
R11175,C001663,929,Alan Smith,late_delivery_frustration,late_delivery_recovery,2026-05-06T00:00:00,Customer Success Lead,Monitor,Review Alan Smith for late_delivery_recovery before next outreach.,"Nelson DSS recommends, explains, and records human review. It does not automate customer decisions.",True
R11176,C001664,6909,Mary Salinas,escalation_retention_case,executive_escalation,2026-05-06T00:00:00,Customer Success Lead,Escalate,Review Mary Salinas for executive_escalation before next outreach.,"Nelson DSS recommends, explains, and records human review. It does not automate customer decisions.",True
R11177,C001664,6909,Mary Salinas,escalation_retention_case,executive_escalation,2026-05-07T00:00:00,Customer Success Lead,Escalate,Review Mary Salinas for executive_escalation before next outreach.,"Nelson DSS recommends, explains, and records human review. It does not automate customer decisions.",True
R11178,C001664,6909,Mary Salinas,escalation_retention_case,executive_escalation,2026-05-08T00:00:00,Customer Success Lead,Escalate,Review Mary Salinas for executive_escalation before next outreach.,"Nelson DSS recommends, explains, and records human review. It does not automate customer decisions.",True
R11179,C001665,4795,Mary Smith,late_delivery_frustration,late_delivery_recovery,2026-05-06T00:00:00,Customer Success Lead,Monitor,Review Mary Smith for late_delivery_recovery before next outreach.,"Nelson DSS recommends, explains, and records human review. It does not automate customer decisions.",True
R11180,C001666,11757,Mary Boyle,late_delivery_frustration,late_delivery_recovery,2026-05-06T00:00:00,Customer Success Lead,Monitor,Review Mary Boyle for late_delivery_recovery before next outreach.,"Nelson DSS recommends, explains, and records human review. It does not automate customer decisions.",True
R11181,C001667,6584,Mary Smith,late_delivery_frustration,late_delivery_recovery,2026-05-06T00:00:00,Customer Success Lead,Monitor,Review Mary Smith for late_delivery_recovery before next outreach.,"Nelson DSS recommends, explains, and records human review. It does not automate customer decisions.",True
R11182,C001669,8520,Denise Smith,late_delivery_frustration,late_delivery_recovery,2026-05-06T00:00:00,Customer Success Lead,Monitor,Review Denise Smith for late_delivery_recovery before next outreach.,"Nelson DSS recommends, explains, and records human review. It does not automate customer decisions.",True
R11183,C001670,5731,Jennifer Smith,late_delivery_frustration,late_delivery_recovery,2026-05-06T00:00:00,Customer Success Lead,Monitor,Review Jennifer Smith for late_delivery_recovery before next outreach.,"Nelson DSS recommends, explains, and records human review. It does not automate customer decisions.",True
R11184,C001671,12069,Brittany Gardner,late_delivery_frustration,late_delivery_recovery,2026-05-06T00:00:00,Customer Success Lead,Monitor,Review Brittany Gardner for late_delivery_recovery before next outreach.,"Nelson DSS recommends, explains, and records human review. It does not automate customer decisions.",True
R11185,C001672,9754,Mary Matthews,late_delivery_frustration,late_delivery_recovery,2026-05-06T00:00:00,Customer Success Lead,Monitor,Review Mary Matthews for late_delivery_recovery before next outreach.,"Nelson DSS recommends, explains, and records human review. It does not automate customer decisions.",True
R11186,C001673,12359,Melissa Smith,late_delivery_frustration,late_delivery_recovery,2026-05-06T00:00:00,Customer Success Lead,Monitor,Review Melissa Smith for late_delivery_recovery before next outreach.,"Nelson DSS recommends, explains, and records human review. It does not automate customer decisions.",True
R11187,C001675,5852,Mary Harris,escalation_retention_case,executive_escalation,2026-05-06T00:00:00,Customer Success Lead,Escalate,Review Mary Harris for executive_escalation before next outreach.,"Nelson DSS recommends, explains, and records human review. It does not automate customer decisions.",True
R11188,C001675,5852,Mary Harris,escalation_retention_case,executive_escalation,2026-05-07T00:00:00,Customer Success Lead,Escalate,Review Mary Harris for executive_escalation before next outreach.,"Nelson DSS recommends, explains, and records human review. It does not automate customer decisions.",True
R11189,C001675,5852,Mary Harris,escalation_retention_case,executive_escalation,2026-05-08T00:00:00,Customer Success Lead,Escalate,Review Mary Harris for executive_escalation before next outreach.,"Nelson DSS recommends, explains, and records human review. It does not automate customer decisions.",True
R11190,C001677,5359,Raymond Wu,late_delivery_frustration,late_delivery_recovery,2026-05-06T00:00:00,Customer Success Lead,Monitor,Review Raymond Wu for late_delivery_recovery before next outreach.,"Nelson DSS recommends, explains, and records human review. It does not automate customer decisions.",True
R11191,C001678,1375,Linda Smith,late_delivery_frustration,late_delivery_recovery,2026-05-06T00:00:00,Customer Success Lead,Monitor,Review Linda Smith for late_delivery_recovery before next outreach.,"Nelson DSS recommends, explains, and records human review. It does not automate customer decisions.",True
R11192,C001679,9309,Mary Wilson,late_delivery_frustration,late_delivery_recovery,2026-05-06T00:00:00,Customer Success Lead,Monitor,Review Mary Wilson for late_delivery_recovery before next outreach.,"Nelson DSS recommends, explains, and records human review. It does not automate customer decisions.",True
R11193,C001680,2210,Mary Bryant,escalation_retention_case,executive_escalation,2026-05-06T00:00:00,Customer Success Lead,Escalate,Review Mary Bryant for executive_escalation before next outreach.,"Nelson DSS recommends, explains, and records human review. It does not automate customer decisions.",True
R11194,C001680,2210,Mary Bryant,escalation_retention_case,executive_escalation,2026-05-07T00:00:00,Customer Success Lead,Escalate,Review Mary Bryant for executive_escalation before next outreach.,"Nelson DSS recommends, explains, and records human review. It does not automate customer decisions.",True
R11195,C001680,2210,Mary Bryant,escalation_retention_case,executive_escalation,2026-05-08T00:00:00,Customer Success Lead,Escalate,Review Mary Bryant for executive_escalation before next outreach.,"Nelson DSS recommends, explains, and records human review. It does not automate customer decisions.",True
R11196,C001683,4855,Tyler Key,late_delivery_frustration,late_delivery_recovery,2026-05-06T00:00:00,Customer Success Lead,Monitor,Review Tyler Key for late_delivery_recovery before next outreach.,"Nelson DSS recommends, explains, and records human review. It does not automate customer decisions.",True
R11197,C001684,5829,Mary Smith,late_delivery_frustration,late_delivery_recovery,2026-05-06T00:00:00,Customer Success Lead,Monitor,Review Mary Smith for late_delivery_recovery before next outreach.,"Nelson DSS recommends, explains, and records human review. It does not automate customer decisions.",True
R11198,C001685,5349,Kenneth Martin,late_delivery_frustration,late_delivery_recovery,2026-05-06T00:00:00,Customer Success Lead,Monitor,Review Kenneth Martin for late_delivery_recovery before next outreach.,"Nelson DSS recommends, explains, and records human review. It does not automate customer decisions.",True
R11199,C001687,12261,Mary Harris,late_delivery_frustration,late_delivery_recovery,2026-05-06T00:00:00,Customer Success Lead,Monitor,Review Mary Harris for late_delivery_recovery before next outreach.,"Nelson DSS recommends, explains, and records human review. It does not automate customer decisions.",True
R11200,C001689,1331,Mary Smith,late_delivery_frustration,late_delivery_recovery,2026-05-06T00:00:00,Customer Success Lead,Monitor,Review Mary Smith for late_delivery_recovery before next outreach.,"Nelson DSS recommends, explains, and records human review. It does not automate customer decisions.",True
R11201,C001690,5565,Laura Orr,late_delivery_frustration,late_delivery_recovery,2026-05-06T00:00:00,Customer Success Lead,Monitor,Review Laura Orr for late_delivery_recovery before next outreach.,"Nelson DSS recommends, explains, and records human review. It does not automate customer decisions.",True
R11202,C001693,4279,Jack Meyer,escalation_retention_case,executive_escalation,2026-05-06T00:00:00,Customer Success Lead,Escalate,Review Jack Meyer for executive_escalation before next outreach.,"Nelson DSS recommends, explains, and records human review. It does not automate customer decisions.",True
R11203,C001693,4279,Jack Meyer,escalation_retention_case,executive_escalation,2026-05-07T00:00:00,Customer Success Lead,Escalate,Review Jack Meyer for executive_escalation before next outreach.,"Nelson DSS recommends, explains, and records human review. It does not automate customer decisions.",True
R11204,C001693,4279,Jack Meyer,escalation_retention_case,executive_escalation,2026-05-08T00:00:00,Customer Success Lead,Escalate,Review Jack Meyer for executive_escalation before next outreach.,"Nelson DSS recommends, explains, and records human review. It does not automate customer decisions.",True
R11205,C001694,6187,Mary Hess,escalation_retention_case,executive_escalation,2026-05-06T00:00:00,Customer Success Lead,Escalate,Review Mary Hess for executive_escalation before next outreach.,"Nelson DSS recommends, explains, and records human review. It does not automate customer decisions.",True
R11206,C001694,6187,Mary Hess,escalation_retention_case,executive_escalation,2026-05-07T00:00:00,Customer Success Lead,Escalate,Review Mary Hess for executive_escalation before next outreach.,"Nelson DSS recommends, explains, and records human review. It does not automate customer decisions.",True
R11207,C001694,6187,Mary Hess,escalation_retention_case,executive_escalation,2026-05-08T00:00:00,Customer Success Lead,Escalate,Review Mary Hess for executive_escalation before next outreach.,"Nelson DSS recommends, explains, and records human review. It does not automate customer decisions.",True
R11208,C001695,203,Madison Blankenship,escalation_retention_case,executive_escalation,2026-05-06T00:00:00,Customer Success Lead,Escalate,Review Madison Blankenship for executive_escalation before next outreach.,"Nelson DSS recommends, explains, and records human review. It does not automate customer decisions.",True
R11209,C001695,203,Madison Blankenship,escalation_retention_case,executive_escalation,2026-05-07T00:00:00,Customer Success Lead,Escalate,Review Madison Blankenship for executive_escalation before next outreach.,"Nelson DSS recommends, explains, and records human review. It does not automate customer decisions.",True
R11210,C001695,203,Madison Blankenship,escalation_retention_case,executive_escalation,2026-05-08T00:00:00,Customer Success Lead,Escalate,Review Madison Blankenship for executive_escalation before next outreach.,"Nelson DSS recommends, explains, and records human review. It does not automate customer decisions.",True
R11211,C001696,4388,Richard Moore,escalation_retention_case,executive_escalation,2026-05-06T00:00:00,Customer Success Lead,Escalate,Review Richard Moore for executive_escalation before next outreach.,"Nelson DSS recommends, explains, and records human review. It does not automate customer decisions.",True
R11212,C001696,4388,Richard Moore,escalation_retention_case,executive_escalation,2026-05-07T00:00:00,Customer Success Lead,Escalate,Review Richard Moore for executive_escalation before next outreach.,"Nelson DSS recommends, explains, and records human review. It does not automate customer decisions.",True
R11213,C001696,4388,Richard Moore,escalation_retention_case,executive_escalation,2026-05-08T00:00:00,Customer Success Lead,Escalate,Review Richard Moore for executive_escalation before next outreach.,"Nelson DSS recommends, explains, and records human review. It does not automate customer decisions.",True
R11214,C001697,1436,Sarah Smith,escalation_retention_case,executive_escalation,2026-05-06T00:00:00,Customer Success Lead,Escalate,Review Sarah Smith for executive_escalation before next outreach.,"Nelson DSS recommends, explains, and records human review. It does not automate customer decisions.",True
R11215,C001697,1436,Sarah Smith,escalation_retention_case,executive_escalation,2026-05-07T00:00:00,Customer Success Lead,Escalate,Review Sarah Smith for executive_escalation before next outreach.,"Nelson DSS recommends, explains, and records human review. It does not automate customer decisions.",True
R11216,C001697,1436,Sarah Smith,escalation_retention_case,executive_escalation,2026-05-08T00:00:00,Customer Success Lead,Escalate,Review Sarah Smith for executive_escalation before next outreach.,"Nelson DSS recommends, explains, and records human review. It does not automate customer decisions.",True
R11217,C001698,8554,Evelyn Smith,late_delivery_frustration,late_delivery_recovery,2026-05-06T00:00:00,Customer Success Lead,Monitor,Review Evelyn Smith for late_delivery_recovery before next outreach.,"Nelson DSS recommends, explains, and records human review. It does not automate customer decisions.",True
R11218,C001699,4877,Mary Greene,escalation_retention_case,executive_escalation,2026-05-06T00:00:00,Customer Success Lead,Escalate,Review Mary Greene for executive_escalation before next outreach.,"Nelson DSS recommends, explains, and records human review. It does not automate customer decisions.",True
R11219,C001699,4877,Mary Greene,escalation_retention_case,executive_escalation,2026-05-07T00:00:00,Customer Success Lead,Escalate,Review Mary Greene for executive_escalation before next outreach.,"Nelson DSS recommends, explains, and records human review. It does not automate customer decisions.",True
R11220,C001699,4877,Mary Greene,escalation_retention_case,executive_escalation,2026-05-08T00:00:00,Customer Success Lead,Escalate,Review Mary Greene for executive_escalation before next outreach.,"Nelson DSS recommends, explains, and records human review. It does not automate customer decisions.",True
R11221,C001700,10495,Janet Gentry,late_delivery_frustration,late_delivery_recovery,2026-05-06T00:00:00,Customer Success Lead,Monitor,Review Janet Gentry for late_delivery_recovery before next outreach.,"Nelson DSS recommends, explains, and records human review. It does not automate customer decisions.",True
R11222,C001701,917,Andrew Glenn,escalation_retention_case,executive_escalation,2026-05-06T00:00:00,Customer Success Lead,Escalate,Review Andrew Glenn for executive_escalation before next outreach.,"Nelson DSS recommends, explains, and records human review. It does not automate customer decisions.",True
R11223,C001701,917,Andrew Glenn,escalation_retention_case,executive_escalation,2026-05-07T00:00:00,Customer Success Lead,Escalate,Review Andrew Glenn for executive_escalation before next outreach.,"Nelson DSS recommends, explains, and records human review. It does not automate customer decisions.",True
R11224,C001701,917,Andrew Glenn,escalation_retention_case,executive_escalation,2026-05-08T00:00:00,Customer Success Lead,Escalate,Review Andrew Glenn for executive_escalation before next outreach.,"Nelson DSS recommends, explains, and records human review. It does not automate customer decisions.",True
R11225,C001702,9096,Mary Andrews,late_delivery_frustration,late_delivery_recovery,2026-05-06T00:00:00,Customer Success Lead,Monitor,Review Mary Andrews for late_delivery_recovery before next outreach.,"Nelson DSS recommends, explains, and records human review. It does not automate customer decisions.",True
R11226,C001703,9552,Richard Wilkerson,escalation_retention_case,executive_escalation,2026-05-06T00:00:00,Customer Success Lead,Escalate,Review Richard Wilkerson for executive_escalation before next outreach.,"Nelson DSS recommends, explains, and records human review. It does not automate customer decisions.",True
R11227,C001703,9552,Richard Wilkerson,escalation_retention_case,executive_escalation,2026-05-07T00:00:00,Customer Success Lead,Escalate,Review Richard Wilkerson for executive_escalation before next outreach.,"Nelson DSS recommends, explains, and records human review. It does not automate customer decisions.",True
R11228,C001703,9552,Richard Wilkerson,escalation_retention_case,executive_escalation,2026-05-08T00:00:00,Customer Success Lead,Escalate,Review Richard Wilkerson for executive_escalation before next outreach.,"Nelson DSS recommends, explains, and records human review. It does not automate customer decisions.",True
R11229,C001704,3188,Madison Ray,late_delivery_frustration,late_delivery_recovery,2026-05-06T00:00:00,Customer Success Lead,Monitor,Review Madison Ray for late_delivery_recovery before next outreach.,"Nelson DSS recommends, explains, and records human review. It does not automate customer decisions.",True
R11230,C001705,10952,Mary Suarez,escalation_retention_case,executive_escalation,2026-05-06T00:00:00,Customer Success Lead,Escalate,Review Mary Suarez for executive_escalation before next outreach.,"Nelson DSS recommends, explains, and records human review. It does not automate customer decisions.",True
R11231,C001705,10952,Mary Suarez,escalation_retention_case,executive_escalation,2026-05-07T00:00:00,Customer Success Lead,Escalate,Review Mary Suarez for executive_escalation before next outreach.,"Nelson DSS recommends, explains, and records human review. It does not automate customer decisions.",True
R11232,C001705,10952,Mary Suarez,escalation_retention_case,executive_escalation,2026-05-08T00:00:00,Customer Success Lead,Escalate,Review Mary Suarez for executive_escalation before next outreach.,"Nelson DSS recommends, explains, and records human review. It does not automate customer decisions.",True
R11233,C001707,10883,Catherine Zamora,escalation_retention_case,executive_escalation,2026-05-06T00:00:00,Customer Success Lead,Escalate,Review Catherine Zamora for executive_escalation before next outreach.,"Nelson DSS recommends, explains, and records human review. It does not automate customer decisions.",True
R11234,C001707,10883,Catherine Zamora,escalation_retention_case,executive_escalation,2026-05-07T00:00:00,Customer Success Lead,Escalate,Review Catherine Zamora for executive_escalation before next outreach.,"Nelson DSS recommends, explains, and records human review. It does not automate customer decisions.",True
R11235,C001707,10883,Catherine Zamora,escalation_retention_case,executive_escalation,2026-05-08T00:00:00,Customer Success Lead,Escalate,Review Catherine Zamora for executive_escalation before next outreach.,"Nelson DSS recommends, explains, and records human review. It does not automate customer decisions.",True
R11236,C001708,937,Daniel Cole,late_delivery_frustration,late_delivery_recovery,2026-05-06T00:00:00,Customer Success Lead,Monitor,Review Daniel Cole for late_delivery_recovery before next outreach.,"Nelson DSS recommends, explains, and records human review. It does not automate customer decisions.",True
R11237,C001709,10721,Mary Smith,escalation_retention_case,executive_escalation,2026-05-06T00:00:00,Customer Success Lead,Escalate,Review Mary Smith for executive_escalation before next outreach.,"Nelson DSS recommends, explains, and records human review. It does not automate customer decisions.",True
R11238,C001709,10721,Mary Smith,escalation_retention_case,executive_escalation,2026-05-07T00:00:00,Customer Success Lead,Escalate,Review Mary Smith for executive_escalation before next outreach.,"Nelson DSS recommends, explains, and records human review. It does not automate customer decisions.",True
R11239,C001709,10721,Mary Smith,escalation_retention_case,executive_escalation,2026-05-08T00:00:00,Customer Success Lead,Escalate,Review Mary Smith for executive_escalation before next outreach.,"Nelson DSS recommends, explains, and records human review. It does not automate customer decisions.",True
R11240,C001710,676,Robert Smith,late_delivery_frustration,late_delivery_recovery,2026-05-06T00:00:00,Customer Success Lead,Monitor,Review Robert Smith for late_delivery_recovery before next outreach.,"Nelson DSS recommends, explains, and records human review. It does not automate customer decisions.",True
R11241,C001711,5665,Mary Smith,escalation_retention_case,executive_escalation,2026-05-06T00:00:00,Customer Success Lead,Escalate,Review Mary Smith for executive_escalation before next outreach.,"Nelson DSS recommends, explains, and records human review. It does not automate customer decisions.",True
R11242,C001711,5665,Mary Smith,escalation_retention_case,executive_escalation,2026-05-07T00:00:00,Customer Success Lead,Escalate,Review Mary Smith for executive_escalation before next outreach.,"Nelson DSS recommends, explains, and records human review. It does not automate customer decisions.",True
R11243,C001711,5665,Mary Smith,escalation_retention_case,executive_escalation,2026-05-08T00:00:00,Customer Success Lead,Escalate,Review Mary Smith for executive_escalation before next outreach.,"Nelson DSS recommends, explains, and records human review. It does not automate customer decisions.",True
R11244,C001712,7893,Lisa Smith,late_delivery_frustration,late_delivery_recovery,2026-05-06T00:00:00,Customer Success Lead,Monitor,Review Lisa Smith for late_delivery_recovery before next outreach.,"Nelson DSS recommends, explains, and records human review. It does not automate customer decisions.",True
R11245,C001713,10759,Douglas Smith,late_delivery_frustration,late_delivery_recovery,2026-05-06T00:00:00,Customer Success Lead,Monitor,Review Douglas Smith for late_delivery_recovery before next outreach.,"Nelson DSS recommends, explains, and records human review. It does not automate customer decisions.",True
R11246,C001714,1008,Mary Smith,late_delivery_frustration,late_delivery_recovery,2026-05-06T00:00:00,Customer Success Lead,Monitor,Review Mary Smith for late_delivery_recovery before next outreach.,"Nelson DSS recommends, explains, and records human review. It does not automate customer decisions.",True
R11247,C001715,10437,Mary Graham,late_delivery_frustration,late_delivery_recovery,2026-05-06T00:00:00,Customer Success Lead,Monitor,Review Mary Graham for late_delivery_recovery before next outreach.,"Nelson DSS recommends, explains, and records human review. It does not automate customer decisions.",True
R11248,C001717,11836,Mary Clayton,escalation_retention_case,executive_escalation,2026-05-06T00:00:00,Customer Success Lead,Escalate,Review Mary Clayton for executive_escalation before next outreach.,"Nelson DSS recommends, explains, and records human review. It does not automate customer decisions.",True
R11249,C001717,11836,Mary Clayton,escalation_retention_case,executive_escalation,2026-05-07T00:00:00,Customer Success Lead,Escalate,Review Mary Clayton for executive_escalation before next outreach.,"Nelson DSS recommends, explains, and records human review. It does not automate customer decisions.",True
R11250,C001717,11836,Mary Clayton,escalation_retention_case,executive_escalation,2026-05-08T00:00:00,Customer Success Lead,Escalate,Review Mary Clayton for executive_escalation before next outreach.,"Nelson DSS recommends, explains, and records human review. It does not automate customer decisions.",True
R11251,C001719,2211,Debra Harvey,late_delivery_frustration,late_delivery_recovery,2026-05-06T00:00:00,Customer Success Lead,Monitor,Review Debra Harvey for late_delivery_recovery before next outreach.,"Nelson DSS recommends, explains, and records human review. It does not automate customer decisions.",True
R11252,C001720,4974,Mary Smith,late_delivery_frustration,late_delivery_recovery,2026-05-06T00:00:00,Customer Success Lead,Monitor,Review Mary Smith for late_delivery_recovery before next outreach.,"Nelson DSS recommends, explains, and records human review. It does not automate customer decisions.",True
R11253,C001721,8086,Paul Moon,escalation_retention_case,executive_escalation,2026-05-06T00:00:00,Customer Success Lead,Escalate,Review Paul Moon for executive_escalation before next outreach.,"Nelson DSS recommends, explains, and records human review. It does not automate customer decisions.",True
R11254,C001721,8086,Paul Moon,escalation_retention_case,executive_escalation,2026-05-07T00:00:00,Customer Success Lead,Escalate,Review Paul Moon for executive_escalation before next outreach.,"Nelson DSS recommends, explains, and records human review. It does not automate customer decisions.",True
R11255,C001721,8086,Paul Moon,escalation_retention_case,executive_escalation,2026-05-08T00:00:00,Customer Success Lead,Escalate,Review Paul Moon for executive_escalation before next outreach.,"Nelson DSS recommends, explains, and records human review. It does not automate customer decisions.",True
R11256,C001722,9813,Mary Roth,late_delivery_frustration,late_delivery_recovery,2026-05-06T00:00:00,Customer Success Lead,Monitor,Review Mary Roth for late_delivery_recovery before next outreach.,"Nelson DSS recommends, explains, and records human review. It does not automate customer decisions.",True
R11257,C001723,10138,Louis Kennedy,escalation_retention_case,executive_escalation,2026-05-06T00:00:00,Customer Success Lead,Escalate,Review Louis Kennedy for executive_escalation before next outreach.,"Nelson DSS recommends, explains, and records human review. It does not automate customer decisions.",True
R11258,C001723,10138,Louis Kennedy,escalation_retention_case,executive_escalation,2026-05-07T00:00:00,Customer Success Lead,Escalate,Review Louis Kennedy for executive_escalation before next outreach.,"Nelson DSS recommends, explains, and records human review. It does not automate customer decisions.",True
R11259,C001723,10138,Louis Kennedy,escalation_retention_case,executive_escalation,2026-05-08T00:00:00,Customer Success Lead,Escalate,Review Louis Kennedy for executive_escalation before next outreach.,"Nelson DSS recommends, explains, and records human review. It does not automate customer decisions.",True
R11260,C001724,7721,Mary Jenkins,late_delivery_frustration,late_delivery_recovery,2026-05-06T00:00:00,Customer Success Lead,Monitor,Review Mary Jenkins for late_delivery_recovery before next outreach.,"Nelson DSS recommends, explains, and records human review. It does not automate customer decisions.",True
R11261,C001725,1460,George Williams,late_delivery_frustration,late_delivery_recovery,2026-05-06T00:00:00,Customer Success Lead,Monitor,Review George Williams for late_delivery_recovery before next outreach.,"Nelson DSS recommends, explains, and records human review. It does not automate customer decisions.",True
R11262,C001726,4536,Mary Griffin,late_delivery_frustration,late_delivery_recovery,2026-05-06T00:00:00,Customer Success Lead,Monitor,Review Mary Griffin for late_delivery_recovery before next outreach.,"Nelson DSS recommends, explains, and records human review. It does not automate customer decisions.",True
R11263,C001728,440,Mary Skinner,late_delivery_frustration,late_delivery_recovery,2026-05-06T00:00:00,Customer Success Lead,Monitor,Review Mary Skinner for late_delivery_recovery before next outreach.,"Nelson DSS recommends, explains, and records human review. It does not automate customer decisions.",True
R11264,C001730,4133,Mary Snyder,late_delivery_frustration,late_delivery_recovery,2026-05-06T00:00:00,Customer Success Lead,Monitor,Review Mary Snyder for late_delivery_recovery before next outreach.,"Nelson DSS recommends, explains, and records human review. It does not automate customer decisions.",True
R11265,C001733,8905,Donna Smith,escalation_retention_case,executive_escalation,2026-05-06T00:00:00,Customer Success Lead,Escalate,Review Donna Smith for executive_escalation before next outreach.,"Nelson DSS recommends, explains, and records human review. It does not automate customer decisions.",True
R11266,C001733,8905,Donna Smith,escalation_retention_case,executive_escalation,2026-05-07T00:00:00,Customer Success Lead,Escalate,Review Donna Smith for executive_escalation before next outreach.,"Nelson DSS recommends, explains, and records human review. It does not automate customer decisions.",True
R11267,C001733,8905,Donna Smith,escalation_retention_case,executive_escalation,2026-05-08T00:00:00,Customer Success Lead,Escalate,Review Donna Smith for executive_escalation before next outreach.,"Nelson DSS recommends, explains, and records human review. It does not automate customer decisions.",True
R11268,C001735,3397,Mary Coleman,late_delivery_frustration,late_delivery_recovery,2026-05-06T00:00:00,Customer Success Lead,Monitor,Review Mary Coleman for late_delivery_recovery before next outreach.,"Nelson DSS recommends, explains, and records human review. It does not automate customer decisions.",True
R11269,C001736,6602,Robert Smith,late_delivery_frustration,late_delivery_recovery,2026-05-06T00:00:00,Customer Success Lead,Monitor,Review Robert Smith for late_delivery_recovery before next outreach.,"Nelson DSS recommends, explains, and records human review. It does not automate customer decisions.",True
R11270,C001738,321,David Smith,late_delivery_frustration,late_delivery_recovery,2026-05-06T00:00:00,Customer Success Lead,Monitor,Review David Smith for late_delivery_recovery before next outreach.,"Nelson DSS recommends, explains, and records human review. It does not automate customer decisions.",True
R11271,C001739,7607,Scott Smith,late_delivery_frustration,late_delivery_recovery,2026-05-06T00:00:00,Customer Success Lead,Monitor,Review Scott Smith for late_delivery_recovery before next outreach.,"Nelson DSS recommends, explains, and records human review. It does not automate customer decisions.",True
R11272,C001740,3378,Mary Torres,late_delivery_frustration,late_delivery_recovery,2026-05-06T00:00:00,Customer Success Lead,Monitor,Review Mary Torres for late_delivery_recovery before next outreach.,"Nelson DSS recommends, explains, and records human review. It does not automate customer decisions.",True
R11273,C001744,9932,Wayne Smith,late_delivery_frustration,late_delivery_recovery,2026-05-06T00:00:00,Customer Success Lead,Monitor,Review Wayne Smith for late_delivery_recovery before next outreach.,"Nelson DSS recommends, explains, and records human review. It does not automate customer decisions.",True
R11274,C001746,8607,Timothy Smith,late_delivery_frustration,late_delivery_recovery,2026-05-06T00:00:00,Customer Success Lead,Monitor,Review Timothy Smith for late_delivery_recovery before next outreach.,"Nelson DSS recommends, explains, and records human review. It does not automate customer decisions.",True
R11275,C001747,10018,Gregory Rodriguez,escalation_retention_case,executive_escalation,2026-05-06T00:00:00,Customer Success Lead,Escalate,Review Gregory Rodriguez for executive_escalation before next outreach.,"Nelson DSS recommends, explains, and records human review. It does not automate customer decisions.",True
R11276,C001747,10018,Gregory Rodriguez,escalation_retention_case,executive_escalation,2026-05-07T00:00:00,Customer Success Lead,Escalate,Review Gregory Rodriguez for executive_escalation before next outreach.,"Nelson DSS recommends, explains, and records human review. It does not automate customer decisions.",True
R11277,C001747,10018,Gregory Rodriguez,escalation_retention_case,executive_escalation,2026-05-08T00:00:00,Customer Success Lead,Escalate,Review Gregory Rodriguez for executive_escalation before next outreach.,"Nelson DSS recommends, explains, and records human review. It does not automate customer decisions.",True
R11278,C001748,1385,Catherine Smith,late_delivery_frustration,late_delivery_recovery,2026-05-06T00:00:00,Customer Success Lead,Monitor,Review Catherine Smith for late_delivery_recovery before next outreach.,"Nelson DSS recommends, explains, and records human review. It does not automate customer decisions.",True
R11279,C001749,1748,Mark Smith,late_delivery_frustration,late_delivery_recovery,2026-05-06T00:00:00,Customer Success Lead,Monitor,Review Mark Smith for late_delivery_recovery before next outreach.,"Nelson DSS recommends, explains, and records human review. It does not automate customer decisions.",True
R11280,C001750,4147,Karen Gillespie,late_delivery_frustration,late_delivery_recovery,2026-05-06T00:00:00,Customer Success Lead,Monitor,Review Karen Gillespie for late_delivery_recovery before next outreach.,"Nelson DSS recommends, explains, and records human review. It does not automate customer decisions.",True
R11281,C001751,11728,Laura Smith,late_delivery_frustration,late_delivery_recovery,2026-05-06T00:00:00,Customer Success Lead,Monitor,Review Laura Smith for late_delivery_recovery before next outreach.,"Nelson DSS recommends, explains, and records human review. It does not automate customer decisions.",True
R11282,C001752,4456,Evelyn Spencer,late_delivery_frustration,late_delivery_recovery,2026-05-06T00:00:00,Customer Success Lead,Monitor,Review Evelyn Spencer for late_delivery_recovery before next outreach.,"Nelson DSS recommends, explains, and records human review. It does not automate customer decisions.",True
R11283,C001753,7824,Mary Jackson,escalation_retention_case,executive_escalation,2026-05-06T00:00:00,Customer Success Lead,Escalate,Review Mary Jackson for executive_escalation before next outreach.,"Nelson DSS recommends, explains, and records human review. It does not automate customer decisions.",True
R11284,C001753,7824,Mary Jackson,escalation_retention_case,executive_escalation,2026-05-07T00:00:00,Customer Success Lead,Escalate,Review Mary Jackson for executive_escalation before next outreach.,"Nelson DSS recommends, explains, and records human review. It does not automate customer decisions.",True
R11285,C001753,7824,Mary Jackson,escalation_retention_case,executive_escalation,2026-05-08T00:00:00,Customer Success Lead,Escalate,Review Mary Jackson for executive_escalation before next outreach.,"Nelson DSS recommends, explains, and records human review. It does not automate customer decisions.",True
R11286,C001754,10134,Mary Stuart,late_delivery_frustration,late_delivery_recovery,2026-05-06T00:00:00,Customer Success Lead,Monitor,Review Mary Stuart for late_delivery_recovery before next outreach.,"Nelson DSS recommends, explains, and records human review. It does not automate customer decisions.",True
R11287,C001755,12049,Mildred Mclaughlin,late_delivery_frustration,late_delivery_recovery,2026-05-06T00:00:00,Customer Success Lead,Monitor,Review Mildred Mclaughlin for late_delivery_recovery before next outreach.,"Nelson DSS recommends, explains, and records human review. It does not automate customer decisions.",True
R11288,C001756,4528,Karen Smith,late_delivery_frustration,late_delivery_recovery,2026-05-06T00:00:00,Customer Success Lead,Monitor,Review Karen Smith for late_delivery_recovery before next outreach.,"Nelson DSS recommends, explains, and records human review. It does not automate customer decisions.",True
R11289,C001758,10289,Virginia Ford,escalation_retention_case,executive_escalation,2026-05-06T00:00:00,Customer Success Lead,Escalate,Review Virginia Ford for executive_escalation before next outreach.,"Nelson DSS recommends, explains, and records human review. It does not automate customer decisions.",True
R11290,C001758,10289,Virginia Ford,escalation_retention_case,executive_escalation,2026-05-07T00:00:00,Customer Success Lead,Escalate,Review Virginia Ford for executive_escalation before next outreach.,"Nelson DSS recommends, explains, and records human review. It does not automate customer decisions.",True
R11291,C001758,10289,Virginia Ford,escalation_retention_case,executive_escalation,2026-05-08T00:00:00,Customer Success Lead,Escalate,Review Virginia Ford for executive_escalation before next outreach.,"Nelson DSS recommends, explains, and records human review. It does not automate customer decisions.",True
R11292,C001759,4079,Timothy Faulkner,late_delivery_frustration,late_delivery_recovery,2026-05-06T00:00:00,Customer Success Lead,Monitor,Review Timothy Faulkner for late_delivery_recovery before next outreach.,"Nelson DSS recommends, explains, and records human review. It does not automate customer decisions.",True
R11293,C001760,8437,Rachel Sweeney,escalation_retention_case,executive_escalation,2026-05-06T00:00:00,Customer Success Lead,Escalate,Review Rachel Sweeney for executive_escalation before next outreach.,"Nelson DSS recommends, explains, and records human review. It does not automate customer decisions.",True
R11294,C001760,8437,Rachel Sweeney,escalation_retention_case,executive_escalation,2026-05-07T00:00:00,Customer Success Lead,Escalate,Review Rachel Sweeney for executive_escalation before next outreach.,"Nelson DSS recommends, explains, and records human review. It does not automate customer decisions.",True
R11295,C001760,8437,Rachel Sweeney,escalation_retention_case,executive_escalation,2026-05-08T00:00:00,Customer Success Lead,Escalate,Review Rachel Sweeney for executive_escalation before next outreach.,"Nelson DSS recommends, explains, and records human review. It does not automate customer decisions.",True
R11296,C001761,2728,Mary Adams,late_delivery_frustration,late_delivery_recovery,2026-05-06T00:00:00,Customer Success Lead,Monitor,Review Mary Adams for late_delivery_recovery before next outreach.,"Nelson DSS recommends, explains, and records human review. It does not automate customer decisions.",True
R11297,C001762,98,William Smith,escalation_retention_case,executive_escalation,2026-05-06T00:00:00,Customer Success Lead,Escalate,Review William Smith for executive_escalation before next outreach.,"Nelson DSS recommends, explains, and records human review. It does not automate customer decisions.",True
R11298,C001762,98,William Smith,escalation_retention_case,executive_escalation,2026-05-07T00:00:00,Customer Success Lead,Escalate,Review William Smith for executive_escalation before next outreach.,"Nelson DSS recommends, explains, and records human review. It does not automate customer decisions.",True
R11299,C001762,98,William Smith,escalation_retention_case,executive_escalation,2026-05-08T00:00:00,Customer Success Lead,Escalate,Review William Smith for executive_escalation before next outreach.,"Nelson DSS recommends, explains, and records human review. It does not automate customer decisions.",True
R11300,C001764,5999,Randy Smith,escalation_retention_case,executive_escalation,2026-05-06T00:00:00,Customer Success Lead,Escalate,Review Randy Smith for executive_escalation before next outreach.,"Nelson DSS recommends, explains, and records human review. It does not automate customer decisions.",True
R11301,C001764,5999,Randy Smith,escalation_retention_case,executive_escalation,2026-05-07T00:00:00,Customer Success Lead,Escalate,Review Randy Smith for executive_escalation before next outreach.,"Nelson DSS recommends, explains, and records human review. It does not automate customer decisions.",True
R11302,C001764,5999,Randy Smith,escalation_retention_case,executive_escalation,2026-05-08T00:00:00,Customer Success Lead,Escalate,Review Randy Smith for executive_escalation before next outreach.,"Nelson DSS recommends, explains, and records human review. It does not automate customer decisions.",True
R11303,C001765,8555,Mary Jones,late_delivery_frustration,late_delivery_recovery,2026-05-06T00:00:00,Customer Success Lead,Monitor,Review Mary Jones for late_delivery_recovery before next outreach.,"Nelson DSS recommends, explains, and records human review. It does not automate customer decisions.",True
R11304,C001766,1909,Mary Smith,late_delivery_frustration,late_delivery_recovery,2026-05-06T00:00:00,Customer Success Lead,Monitor,Review Mary Smith for late_delivery_recovery before next outreach.,"Nelson DSS recommends, explains, and records human review. It does not automate customer decisions.",True
R11305,C001767,8275,Janice Smith,escalation_retention_case,executive_escalation,2026-05-06T00:00:00,Customer Success Lead,Escalate,Review Janice Smith for executive_escalation before next outreach.,"Nelson DSS recommends, explains, and records human review. It does not automate customer decisions.",True
R11306,C001767,8275,Janice Smith,escalation_retention_case,executive_escalation,2026-05-07T00:00:00,Customer Success Lead,Escalate,Review Janice Smith for executive_escalation before next outreach.,"Nelson DSS recommends, explains, and records human review. It does not automate customer decisions.",True
R11307,C001767,8275,Janice Smith,escalation_retention_case,executive_escalation,2026-05-08T00:00:00,Customer Success Lead,Escalate,Review Janice Smith for executive_escalation before next outreach.,"Nelson DSS recommends, explains, and records human review. It does not automate customer decisions.",True
R11308,C001768,2586,Mary Little,escalation_retention_case,executive_escalation,2026-05-06T00:00:00,Customer Success Lead,Escalate,Review Mary Little for executive_escalation before next outreach.,"Nelson DSS recommends, explains, and records human review. It does not automate customer decisions.",True
R11309,C001768,2586,Mary Little,escalation_retention_case,executive_escalation,2026-05-07T00:00:00,Customer Success Lead,Escalate,Review Mary Little for executive_escalation before next outreach.,"Nelson DSS recommends, explains, and records human review. It does not automate customer decisions.",True
R11310,C001768,2586,Mary Little,escalation_retention_case,executive_escalation,2026-05-08T00:00:00,Customer Success Lead,Escalate,Review Mary Little for executive_escalation before next outreach.,"Nelson DSS recommends, explains, and records human review. It does not automate customer decisions.",True
R11311,C001769,3558,Mary Smith,escalation_retention_case,executive_escalation,2026-05-06T00:00:00,Customer Success Lead,Escalate,Review Mary Smith for executive_escalation before next outreach.,"Nelson DSS recommends, explains, and records human review. It does not automate customer decisions.",True
R11312,C001769,3558,Mary Smith,escalation_retention_case,executive_escalation,2026-05-07T00:00:00,Customer Success Lead,Escalate,Review Mary Smith for executive_escalation before next outreach.,"Nelson DSS recommends, explains, and records human review. It does not automate customer decisions.",True
R11313,C001769,3558,Mary Smith,escalation_retention_case,executive_escalation,2026-05-08T00:00:00,Customer Success Lead,Escalate,Review Mary Smith for executive_escalation before next outreach.,"Nelson DSS recommends, explains, and records human review. It does not automate customer decisions.",True
R11314,C001770,5845,Daniel Bruce,late_delivery_frustration,late_delivery_recovery,2026-05-06T00:00:00,Customer Success Lead,Monitor,Review Daniel Bruce for late_delivery_recovery before next outreach.,"Nelson DSS recommends, explains, and records human review. It does not automate customer decisions.",True
R11315,C001771,4730,Karen Smith,late_delivery_frustration,late_delivery_recovery,2026-05-06T00:00:00,Customer Success Lead,Monitor,Review Karen Smith for late_delivery_recovery before next outreach.,"Nelson DSS recommends, explains, and records human review. It does not automate customer decisions.",True
R11316,C001773,4213,Michael Townsend,escalation_retention_case,executive_escalation,2026-05-06T00:00:00,Customer Success Lead,Escalate,Review Michael Townsend for executive_escalation before next outreach.,"Nelson DSS recommends, explains, and records human review. It does not automate customer decisions.",True
R11317,C001773,4213,Michael Townsend,escalation_retention_case,executive_escalation,2026-05-07T00:00:00,Customer Success Lead,Escalate,Review Michael Townsend for executive_escalation before next outreach.,"Nelson DSS recommends, explains, and records human review. It does not automate customer decisions.",True
R11318,C001773,4213,Michael Townsend,escalation_retention_case,executive_escalation,2026-05-08T00:00:00,Customer Success Lead,Escalate,Review Michael Townsend for executive_escalation before next outreach.,"Nelson DSS recommends, explains, and records human review. It does not automate customer decisions.",True
R11319,C001774,2174,Rachel Fuentes,escalation_retention_case,executive_escalation,2026-05-06T00:00:00,Customer Success Lead,Escalate,Review Rachel Fuentes for executive_escalation before next outreach.,"Nelson DSS recommends, explains, and records human review. It does not automate customer decisions.",True
R11320,C001774,2174,Rachel Fuentes,escalation_retention_case,executive_escalation,2026-05-07T00:00:00,Customer Success Lead,Escalate,Review Rachel Fuentes for executive_escalation before next outreach.,"Nelson DSS recommends, explains, and records human review. It does not automate customer decisions.",True
R11321,C001774,2174,Rachel Fuentes,escalation_retention_case,executive_escalation,2026-05-08T00:00:00,Customer Success Lead,Escalate,Review Rachel Fuentes for executive_escalation before next outreach.,"Nelson DSS recommends, explains, and records human review. It does not automate customer decisions.",True
R11322,C001775,9542,Mary Smith,late_delivery_frustration,late_delivery_recovery,2026-05-06T00:00:00,Customer Success Lead,Monitor,Review Mary Smith for late_delivery_recovery before next outreach.,"Nelson DSS recommends, explains, and records human review. It does not automate customer decisions.",True
R11323,C001776,8430,Gloria Smith,late_delivery_frustration,late_delivery_recovery,2026-05-06T00:00:00,Customer Success Lead,Monitor,Review Gloria Smith for late_delivery_recovery before next outreach.,"Nelson DSS recommends, explains, and records human review. It does not automate customer decisions.",True
R11324,C001777,6346,Mary Cooley,late_delivery_frustration,late_delivery_recovery,2026-05-06T00:00:00,Customer Success Lead,Monitor,Review Mary Cooley for late_delivery_recovery before next outreach.,"Nelson DSS recommends, explains, and records human review. It does not automate customer decisions.",True
R11325,C001780,7006,George Smith,late_delivery_frustration,late_delivery_recovery,2026-05-06T00:00:00,Customer Success Lead,Monitor,Review George Smith for late_delivery_recovery before next outreach.,"Nelson DSS recommends, explains, and records human review. It does not automate customer decisions.",True
R11326,C001784,2873,Joyce Padilla,late_delivery_frustration,late_delivery_recovery,2026-05-06T00:00:00,Customer Success Lead,Monitor,Review Joyce Padilla for late_delivery_recovery before next outreach.,"Nelson DSS recommends, explains, and records human review. It does not automate customer decisions.",True
R11327,C001785,5910,Mary Heath,late_delivery_frustration,late_delivery_recovery,2026-05-06T00:00:00,Customer Success Lead,Monitor,Review Mary Heath for late_delivery_recovery before next outreach.,"Nelson DSS recommends, explains, and records human review. It does not automate customer decisions.",True
R11328,C001787,9047,Jordan Medina,late_delivery_frustration,late_delivery_recovery,2026-05-06T00:00:00,Customer Success Lead,Monitor,Review Jordan Medina for late_delivery_recovery before next outreach.,"Nelson DSS recommends, explains, and records human review. It does not automate customer decisions.",True
R11329,C001788,9572,Mary Nelson,late_delivery_frustration,late_delivery_recovery,2026-05-06T00:00:00,Customer Success Lead,Monitor,Review Mary Nelson for late_delivery_recovery before next outreach.,"Nelson DSS recommends, explains, and records human review. It does not automate customer decisions.",True
R11330,C001790,4567,Rose Smith,late_delivery_frustration,late_delivery_recovery,2026-05-06T00:00:00,Customer Success Lead,Monitor,Review Rose Smith for late_delivery_recovery before next outreach.,"Nelson DSS recommends, explains, and records human review. It does not automate customer decisions.",True
R11331,C001791,5653,Jean Schultz,escalation_retention_case,executive_escalation,2026-05-06T00:00:00,Customer Success Lead,Escalate,Review Jean Schultz for executive_escalation before next outreach.,"Nelson DSS recommends, explains, and records human review. It does not automate customer decisions.",True
R11332,C001791,5653,Jean Schultz,escalation_retention_case,executive_escalation,2026-05-07T00:00:00,Customer Success Lead,Escalate,Review Jean Schultz for executive_escalation before next outreach.,"Nelson DSS recommends, explains, and records human review. It does not automate customer decisions.",True
R11333,C001791,5653,Jean Schultz,escalation_retention_case,executive_escalation,2026-05-08T00:00:00,Customer Success Lead,Escalate,Review Jean Schultz for executive_escalation before next outreach.,"Nelson DSS recommends, explains, and records human review. It does not automate customer decisions.",True
R11334,C001793,19,Stephanie Mitchell,late_delivery_frustration,late_delivery_recovery,2026-05-06T00:00:00,Customer Success Lead,Monitor,Review Stephanie Mitchell for late_delivery_recovery before next outreach.,"Nelson DSS recommends, explains, and records human review. It does not automate customer decisions.",True
R11335,C001794,3435,Mary Smith,escalation_retention_case,executive_escalation,2026-05-06T00:00:00,Customer Success Lead,Escalate,Review Mary Smith for executive_escalation before next outreach.,"Nelson DSS recommends, explains, and records human review. It does not automate customer decisions.",True
R11336,C001794,3435,Mary Smith,escalation_retention_case,executive_escalation,2026-05-07T00:00:00,Customer Success Lead,Escalate,Review Mary Smith for executive_escalation before next outreach.,"Nelson DSS recommends, explains, and records human review. It does not automate customer decisions.",True
R11337,C001794,3435,Mary Smith,escalation_retention_case,executive_escalation,2026-05-08T00:00:00,Customer Success Lead,Escalate,Review Mary Smith for executive_escalation before next outreach.,"Nelson DSS recommends, explains, and records human review. It does not automate customer decisions.",True
R11338,C001795,1236,Virginia Robertson,late_delivery_frustration,late_delivery_recovery,2026-05-06T00:00:00,Customer Success Lead,Monitor,Review Virginia Robertson for late_delivery_recovery before next outreach.,"Nelson DSS recommends, explains, and records human review. It does not automate customer decisions.",True
R11339,C001796,5559,Alice Smith,escalation_retention_case,executive_escalation,2026-05-06T00:00:00,Customer Success Lead,Escalate,Review Alice Smith for executive_escalation before next outreach.,"Nelson DSS recommends, explains, and records human review. It does not automate customer decisions.",True
R11340,C001796,5559,Alice Smith,escalation_retention_case,executive_escalation,2026-05-07T00:00:00,Customer Success Lead,Escalate,Review Alice Smith for executive_escalation before next outreach.,"Nelson DSS recommends, explains, and records human review. It does not automate customer decisions.",True
R11341,C001796,5559,Alice Smith,escalation_retention_case,executive_escalation,2026-05-08T00:00:00,Customer Success Lead,Escalate,Review Alice Smith for executive_escalation before next outreach.,"Nelson DSS recommends, explains, and records human review. It does not automate customer decisions.",True
R11342,C001797,4580,Charles Smith,escalation_retention_case,executive_escalation,2026-05-06T00:00:00,Customer Success Lead,Escalate,Review Charles Smith for executive_escalation before next outreach.,"Nelson DSS recommends, explains, and records human review. It does not automate customer decisions.",True
R11343,C001797,4580,Charles Smith,escalation_retention_case,executive_escalation,2026-05-07T00:00:00,Customer Success Lead,Escalate,Review Charles Smith for executive_escalation before next outreach.,"Nelson DSS recommends, explains, and records human review. It does not automate customer decisions.",True
R11344,C001797,4580,Charles Smith,escalation_retention_case,executive_escalation,2026-05-08T00:00:00,Customer Success Lead,Escalate,Review Charles Smith for executive_escalation before next outreach.,"Nelson DSS recommends, explains, and records human review. It does not automate customer decisions.",True
R11345,C001798,1793,Mary Burke,escalation_retention_case,executive_escalation,2026-05-06T00:00:00,Customer Success Lead,Escalate,Review Mary Burke for executive_escalation before next outreach.,"Nelson DSS recommends, explains, and records human review. It does not automate customer decisions.",True
R11346,C001798,1793,Mary Burke,escalation_retention_case,executive_escalation,2026-05-07T00:00:00,Customer Success Lead,Escalate,Review Mary Burke for executive_escalation before next outreach.,"Nelson DSS recommends, explains, and records human review. It does not automate customer decisions.",True
R11347,C001798,1793,Mary Burke,escalation_retention_case,executive_escalation,2026-05-08T00:00:00,Customer Success Lead,Escalate,Review Mary Burke for executive_escalation before next outreach.,"Nelson DSS recommends, explains, and records human review. It does not automate customer decisions.",True
R11348,C001799,8845,Robert Deleon,late_delivery_frustration,late_delivery_recovery,2026-05-06T00:00:00,Customer Success Lead,Monitor,Review Robert Deleon for late_delivery_recovery before next outreach.,"Nelson DSS recommends, explains, and records human review. It does not automate customer decisions.",True
R11349,C001800,6585,Andrew Turner,late_delivery_frustration,late_delivery_recovery,2026-05-06T00:00:00,Customer Success Lead,Monitor,Review Andrew Turner for late_delivery_recovery before next outreach.,"Nelson DSS recommends, explains, and records human review. It does not automate customer decisions.",True
R11350,C001801,2467,Keith Smith,escalation_retention_case,executive_escalation,2026-05-06T00:00:00,Customer Success Lead,Escalate,Review Keith Smith for executive_escalation before next outreach.,"Nelson DSS recommends, explains, and records human review. It does not automate customer decisions.",True
R11351,C001801,2467,Keith Smith,escalation_retention_case,executive_escalation,2026-05-07T00:00:00,Customer Success Lead,Escalate,Review Keith Smith for executive_escalation before next outreach.,"Nelson DSS recommends, explains, and records human review. It does not automate customer decisions.",True
R11352,C001801,2467,Keith Smith,escalation_retention_case,executive_escalation,2026-05-08T00:00:00,Customer Success Lead,Escalate,Review Keith Smith for executive_escalation before next outreach.,"Nelson DSS recommends, explains, and records human review. It does not automate customer decisions.",True
R11353,C001803,3890,Gregory Snyder,escalation_retention_case,executive_escalation,2026-05-06T00:00:00,Customer Success Lead,Escalate,Review Gregory Snyder for executive_escalation before next outreach.,"Nelson DSS recommends, explains, and records human review. It does not automate customer decisions.",True
R11354,C001803,3890,Gregory Snyder,escalation_retention_case,executive_escalation,2026-05-07T00:00:00,Customer Success Lead,Escalate,Review Gregory Snyder for executive_escalation before next outreach.,"Nelson DSS recommends, explains, and records human review. It does not automate customer decisions.",True
R11355,C001803,3890,Gregory Snyder,escalation_retention_case,executive_escalation,2026-05-08T00:00:00,Customer Success Lead,Escalate,Review Gregory Snyder for executive_escalation before next outreach.,"Nelson DSS recommends, explains, and records human review. It does not automate customer decisions.",True
R11356,C001808,3155,Mary Haas,escalation_retention_case,executive_escalation,2026-05-06T00:00:00,Customer Success Lead,Escalate,Review Mary Haas for executive_escalation before next outreach.,"Nelson DSS recommends, explains, and records human review. It does not automate customer decisions.",True
R11357,C001808,3155,Mary Haas,escalation_retention_case,executive_escalation,2026-05-07T00:00:00,Customer Success Lead,Escalate,Review Mary Haas for executive_escalation before next outreach.,"Nelson DSS recommends, explains, and records human review. It does not automate customer decisions.",True
R11358,C001808,3155,Mary Haas,escalation_retention_case,executive_escalation,2026-05-08T00:00:00,Customer Success Lead,Escalate,Review Mary Haas for executive_escalation before next outreach.,"Nelson DSS recommends, explains, and records human review. It does not automate customer decisions.",True
R11359,C001809,2069,Alice Ellison,late_delivery_frustration,late_delivery_recovery,2026-05-06T00:00:00,Customer Success Lead,Monitor,Review Alice Ellison for late_delivery_recovery before next outreach.,"Nelson DSS recommends, explains, and records human review. It does not automate customer decisions.",True
R11360,C001810,1788,Timothy Smith,late_delivery_frustration,late_delivery_recovery,2026-05-06T00:00:00,Customer Success Lead,Monitor,Review Timothy Smith for late_delivery_recovery before next outreach.,"Nelson DSS recommends, explains, and records human review. It does not automate customer decisions.",True
R11361,C001811,6222,Stephanie Smith,escalation_retention_case,executive_escalation,2026-05-06T00:00:00,Customer Success Lead,Escalate,Review Stephanie Smith for executive_escalation before next outreach.,"Nelson DSS recommends, explains, and records human review. It does not automate customer decisions.",True
R11362,C001811,6222,Stephanie Smith,escalation_retention_case,executive_escalation,2026-05-07T00:00:00,Customer Success Lead,Escalate,Review Stephanie Smith for executive_escalation before next outreach.,"Nelson DSS recommends, explains, and records human review. It does not automate customer decisions.",True
R11363,C001811,6222,Stephanie Smith,escalation_retention_case,executive_escalation,2026-05-08T00:00:00,Customer Success Lead,Escalate,Review Stephanie Smith for executive_escalation before next outreach.,"Nelson DSS recommends, explains, and records human review. It does not automate customer decisions.",True
R11364,C001812,2589,Nathan Taylor,late_delivery_frustration,late_delivery_recovery,2026-05-06T00:00:00,Customer Success Lead,Monitor,Review Nathan Taylor for late_delivery_recovery before next outreach.,"Nelson DSS recommends, explains, and records human review. It does not automate customer decisions.",True
R11365,C001813,9605,Mary Smith,late_delivery_frustration,late_delivery_recovery,2026-05-06T00:00:00,Customer Success Lead,Monitor,Review Mary Smith for late_delivery_recovery before next outreach.,"Nelson DSS recommends, explains, and records human review. It does not automate customer decisions.",True
R11366,C001816,821,Daniel Clayton,late_delivery_frustration,late_delivery_recovery,2026-05-06T00:00:00,Customer Success Lead,Monitor,Review Daniel Clayton for late_delivery_recovery before next outreach.,"Nelson DSS recommends, explains, and records human review. It does not automate customer decisions.",True
R11367,C001817,5326,Sean Spencer,escalation_retention_case,executive_escalation,2026-05-06T00:00:00,Customer Success Lead,Escalate,Review Sean Spencer for executive_escalation before next outreach.,"Nelson DSS recommends, explains, and records human review. It does not automate customer decisions.",True
R11368,C001817,5326,Sean Spencer,escalation_retention_case,executive_escalation,2026-05-07T00:00:00,Customer Success Lead,Escalate,Review Sean Spencer for executive_escalation before next outreach.,"Nelson DSS recommends, explains, and records human review. It does not automate customer decisions.",True
R11369,C001817,5326,Sean Spencer,escalation_retention_case,executive_escalation,2026-05-08T00:00:00,Customer Success Lead,Escalate,Review Sean Spencer for executive_escalation before next outreach.,"Nelson DSS recommends, explains, and records human review. It does not automate customer decisions.",True
R11370,C001820,5719,Mary Smith,late_delivery_frustration,late_delivery_recovery,2026-05-06T00:00:00,Customer Success Lead,Monitor,Review Mary Smith for late_delivery_recovery before next outreach.,"Nelson DSS recommends, explains, and records human review. It does not automate customer decisions.",True
R11371,C001821,10821,Mary Cooper,late_delivery_frustration,late_delivery_recovery,2026-05-06T00:00:00,Customer Success Lead,Monitor,Review Mary Cooper for late_delivery_recovery before next outreach.,"Nelson DSS recommends, explains, and records human review. It does not automate customer decisions.",True
R11372,C001822,2129,William Charles,late_delivery_frustration,late_delivery_recovery,2026-05-06T00:00:00,Customer Success Lead,Monitor,Review William Charles for late_delivery_recovery before next outreach.,"Nelson DSS recommends, explains, and records human review. It does not automate customer decisions.",True
R11373,C001823,3153,Mary Smith,late_delivery_frustration,late_delivery_recovery,2026-05-06T00:00:00,Customer Success Lead,Monitor,Review Mary Smith for late_delivery_recovery before next outreach.,"Nelson DSS recommends, explains, and records human review. It does not automate customer decisions.",True
R11374,C001824,9949,Ashley Smith,late_delivery_frustration,late_delivery_recovery,2026-05-06T00:00:00,Customer Success Lead,Monitor,Review Ashley Smith for late_delivery_recovery before next outreach.,"Nelson DSS recommends, explains, and records human review. It does not automate customer decisions.",True
R11375,C001826,4477,Jonathan Smith,late_delivery_frustration,late_delivery_recovery,2026-05-06T00:00:00,Customer Success Lead,Monitor,Review Jonathan Smith for late_delivery_recovery before next outreach.,"Nelson DSS recommends, explains, and records human review. It does not automate customer decisions.",True
R11376,C001827,8692,Vincent Smith,late_delivery_frustration,late_delivery_recovery,2026-05-06T00:00:00,Customer Success Lead,Monitor,Review Vincent Smith for late_delivery_recovery before next outreach.,"Nelson DSS recommends, explains, and records human review. It does not automate customer decisions.",True
R11377,C001828,3905,Denise Smith,late_delivery_frustration,late_delivery_recovery,2026-05-06T00:00:00,Customer Success Lead,Monitor,Review Denise Smith for late_delivery_recovery before next outreach.,"Nelson DSS recommends, explains, and records human review. It does not automate customer decisions.",True
R11378,C001829,8403,Joseph Smith,late_delivery_frustration,late_delivery_recovery,2026-05-06T00:00:00,Customer Success Lead,Monitor,Review Joseph Smith for late_delivery_recovery before next outreach.,"Nelson DSS recommends, explains, and records human review. It does not automate customer decisions.",True
R11379,C001830,342,Jerry Jackson,late_delivery_frustration,late_delivery_recovery,2026-05-06T00:00:00,Customer Success Lead,Monitor,Review Jerry Jackson for late_delivery_recovery before next outreach.,"Nelson DSS recommends, explains, and records human review. It does not automate customer decisions.",True
R11380,C001832,4235,Mary Smith,late_delivery_frustration,late_delivery_recovery,2026-05-06T00:00:00,Customer Success Lead,Monitor,Review Mary Smith for late_delivery_recovery before next outreach.,"Nelson DSS recommends, explains, and records human review. It does not automate customer decisions.",True
R11381,C001833,1249,Donald Odom,escalation_retention_case,executive_escalation,2026-05-06T00:00:00,Customer Success Lead,Escalate,Review Donald Odom for executive_escalation before next outreach.,"Nelson DSS recommends, explains, and records human review. It does not automate customer decisions.",True
R11382,C001833,1249,Donald Odom,escalation_retention_case,executive_escalation,2026-05-07T00:00:00,Customer Success Lead,Escalate,Review Donald Odom for executive_escalation before next outreach.,"Nelson DSS recommends, explains, and records human review. It does not automate customer decisions.",True
R11383,C001833,1249,Donald Odom,escalation_retention_case,executive_escalation,2026-05-08T00:00:00,Customer Success Lead,Escalate,Review Donald Odom for executive_escalation before next outreach.,"Nelson DSS recommends, explains, and records human review. It does not automate customer decisions.",True
R11384,C001834,6915,Robert Whitney,escalation_retention_case,executive_escalation,2026-05-06T00:00:00,Customer Success Lead,Escalate,Review Robert Whitney for executive_escalation before next outreach.,"Nelson DSS recommends, explains, and records human review. It does not automate customer decisions.",True
R11385,C001834,6915,Robert Whitney,escalation_retention_case,executive_escalation,2026-05-07T00:00:00,Customer Success Lead,Escalate,Review Robert Whitney for executive_escalation before next outreach.,"Nelson DSS recommends, explains, and records human review. It does not automate customer decisions.",True
R11386,C001834,6915,Robert Whitney,escalation_retention_case,executive_escalation,2026-05-08T00:00:00,Customer Success Lead,Escalate,Review Robert Whitney for executive_escalation before next outreach.,"Nelson DSS recommends, explains, and records human review. It does not automate customer decisions.",True
R11387,C001835,9093,Andrew Flores,late_delivery_frustration,late_delivery_recovery,2026-05-06T00:00:00,Customer Success Lead,Monitor,Review Andrew Flores for late_delivery_recovery before next outreach.,"Nelson DSS recommends, explains, and records human review. It does not automate customer decisions.",True
R11388,C001837,870,Linda Delacruz,late_delivery_frustration,late_delivery_recovery,2026-05-06T00:00:00,Customer Success Lead,Monitor,Review Linda Delacruz for late_delivery_recovery before next outreach.,"Nelson DSS recommends, explains, and records human review. It does not automate customer decisions.",True
R11389,C001840,2857,Eric Smith,late_delivery_frustration,late_delivery_recovery,2026-05-06T00:00:00,Customer Success Lead,Monitor,Review Eric Smith for late_delivery_recovery before next outreach.,"Nelson DSS recommends, explains, and records human review. It does not automate customer decisions.",True
R11390,C001841,739,Daniel Golden,late_delivery_frustration,late_delivery_recovery,2026-05-06T00:00:00,Customer Success Lead,Monitor,Review Daniel Golden for late_delivery_recovery before next outreach.,"Nelson DSS recommends, explains, and records human review. It does not automate customer decisions.",True
R11391,C001842,568,Sean Vaughn,escalation_retention_case,executive_escalation,2026-05-06T00:00:00,Customer Success Lead,Escalate,Review Sean Vaughn for executive_escalation before next outreach.,"Nelson DSS recommends, explains, and records human review. It does not automate customer decisions.",True
R11392,C001842,568,Sean Vaughn,escalation_retention_case,executive_escalation,2026-05-07T00:00:00,Customer Success Lead,Escalate,Review Sean Vaughn for executive_escalation before next outreach.,"Nelson DSS recommends, explains, and records human review. It does not automate customer decisions.",True
R11393,C001842,568,Sean Vaughn,escalation_retention_case,executive_escalation,2026-05-08T00:00:00,Customer Success Lead,Escalate,Review Sean Vaughn for executive_escalation before next outreach.,"Nelson DSS recommends, explains, and records human review. It does not automate customer decisions.",True
R11394,C001843,10109,Mary Dodson,late_delivery_frustration,late_delivery_recovery,2026-05-06T00:00:00,Customer Success Lead,Monitor,Review Mary Dodson for late_delivery_recovery before next outreach.,"Nelson DSS recommends, explains, and records human review. It does not automate customer decisions.",True
R11395,C001845,4922,Robert Russo,late_delivery_frustration,late_delivery_recovery,2026-05-06T00:00:00,Customer Success Lead,Monitor,Review Robert Russo for late_delivery_recovery before next outreach.,"Nelson DSS recommends, explains, and records human review. It does not automate customer decisions.",True
R11396,C001846,351,John Singh,escalation_retention_case,executive_escalation,2026-05-06T00:00:00,Customer Success Lead,Escalate,Review John Singh for executive_escalation before next outreach.,"Nelson DSS recommends, explains, and records human review. It does not automate customer decisions.",True
R11397,C001846,351,John Singh,escalation_retention_case,executive_escalation,2026-05-07T00:00:00,Customer Success Lead,Escalate,Review John Singh for executive_escalation before next outreach.,"Nelson DSS recommends, explains, and records human review. It does not automate customer decisions.",True
R11398,C001846,351,John Singh,escalation_retention_case,executive_escalation,2026-05-08T00:00:00,Customer Success Lead,Escalate,Review John Singh for executive_escalation before next outreach.,"Nelson DSS recommends, explains, and records human review. It does not automate customer decisions.",True
R11399,C001847,3046,Mary Newman,late_delivery_frustration,late_delivery_recovery,2026-05-06T00:00:00,Customer Success Lead,Monitor,Review Mary Newman for late_delivery_recovery before next outreach.,"Nelson DSS recommends, explains, and records human review. It does not automate customer decisions.",True
R11400,C001851,4739,Mary Jimenez,late_delivery_frustration,late_delivery_recovery,2026-05-06T00:00:00,Customer Success Lead,Monitor,Review Mary Jimenez for late_delivery_recovery before next outreach.,"Nelson DSS recommends, explains, and records human review. It does not automate customer decisions.",True
R11401,C001852,8550,Mary Smith,late_delivery_frustration,late_delivery_recovery,2026-05-06T00:00:00,Customer Success Lead,Monitor,Review Mary Smith for late_delivery_recovery before next outreach.,"Nelson DSS recommends, explains, and records human review. It does not automate customer decisions.",True
R11402,C001853,8207,Charles Jordan,late_delivery_frustration,late_delivery_recovery,2026-05-06T00:00:00,Customer Success Lead,Monitor,Review Charles Jordan for late_delivery_recovery before next outreach.,"Nelson DSS recommends, explains, and records human review. It does not automate customer decisions.",True
R11403,C001854,1473,Anthony Young,late_delivery_frustration,late_delivery_recovery,2026-05-06T00:00:00,Customer Success Lead,Monitor,Review Anthony Young for late_delivery_recovery before next outreach.,"Nelson DSS recommends, explains, and records human review. It does not automate customer decisions.",True
R11404,C001855,10823,Angela Oconnell,escalation_retention_case,executive_escalation,2026-05-06T00:00:00,Customer Success Lead,Escalate,Review Angela Oconnell for executive_escalation before next outreach.,"Nelson DSS recommends, explains, and records human review. It does not automate customer decisions.",True
R11405,C001855,10823,Angela Oconnell,escalation_retention_case,executive_escalation,2026-05-07T00:00:00,Customer Success Lead,Escalate,Review Angela Oconnell for executive_escalation before next outreach.,"Nelson DSS recommends, explains, and records human review. It does not automate customer decisions.",True
R11406,C001855,10823,Angela Oconnell,escalation_retention_case,executive_escalation,2026-05-08T00:00:00,Customer Success Lead,Escalate,Review Angela Oconnell for executive_escalation before next outreach.,"Nelson DSS recommends, explains, and records human review. It does not automate customer decisions.",True
R11407,C001856,3726,Robert Smith,late_delivery_frustration,late_delivery_recovery,2026-05-06T00:00:00,Customer Success Lead,Monitor,Review Robert Smith for late_delivery_recovery before next outreach.,"Nelson DSS recommends, explains, and records human review. It does not automate customer decisions.",True
R11408,C001860,1745,Mary Smith,late_delivery_frustration,late_delivery_recovery,2026-05-06T00:00:00,Customer Success Lead,Monitor,Review Mary Smith for late_delivery_recovery before next outreach.,"Nelson DSS recommends, explains, and records human review. It does not automate customer decisions.",True
R11409,C001861,3499,Mildred Cole,escalation_retention_case,executive_escalation,2026-05-06T00:00:00,Customer Success Lead,Escalate,Review Mildred Cole for executive_escalation before next outreach.,"Nelson DSS recommends, explains, and records human review. It does not automate customer decisions.",True
R11410,C001861,3499,Mildred Cole,escalation_retention_case,executive_escalation,2026-05-07T00:00:00,Customer Success Lead,Escalate,Review Mildred Cole for executive_escalation before next outreach.,"Nelson DSS recommends, explains, and records human review. It does not automate customer decisions.",True
R11411,C001861,3499,Mildred Cole,escalation_retention_case,executive_escalation,2026-05-08T00:00:00,Customer Success Lead,Escalate,Review Mildred Cole for executive_escalation before next outreach.,"Nelson DSS recommends, explains, and records human review. It does not automate customer decisions.",True
R11412,C001862,9885,Jordan Smith,escalation_retention_case,executive_escalation,2026-05-06T00:00:00,Customer Success Lead,Escalate,Review Jordan Smith for executive_escalation before next outreach.,"Nelson DSS recommends, explains, and records human review. It does not automate customer decisions.",True
R11413,C001862,9885,Jordan Smith,escalation_retention_case,executive_escalation,2026-05-07T00:00:00,Customer Success Lead,Escalate,Review Jordan Smith for executive_escalation before next outreach.,"Nelson DSS recommends, explains, and records human review. It does not automate customer decisions.",True
R11414,C001862,9885,Jordan Smith,escalation_retention_case,executive_escalation,2026-05-08T00:00:00,Customer Success Lead,Escalate,Review Jordan Smith for executive_escalation before next outreach.,"Nelson DSS recommends, explains, and records human review. It does not automate customer decisions.",True
R11415,C001863,1618,Mary Davidson,escalation_retention_case,executive_escalation,2026-05-06T00:00:00,Customer Success Lead,Escalate,Review Mary Davidson for executive_escalation before next outreach.,"Nelson DSS recommends, explains, and records human review. It does not automate customer decisions.",True
R11416,C001863,1618,Mary Davidson,escalation_retention_case,executive_escalation,2026-05-07T00:00:00,Customer Success Lead,Escalate,Review Mary Davidson for executive_escalation before next outreach.,"Nelson DSS recommends, explains, and records human review. It does not automate customer decisions.",True
R11417,C001863,1618,Mary Davidson,escalation_retention_case,executive_escalation,2026-05-08T00:00:00,Customer Success Lead,Escalate,Review Mary Davidson for executive_escalation before next outreach.,"Nelson DSS recommends, explains, and records human review. It does not automate customer decisions.",True
R11418,C001864,4529,Steven Morgan,late_delivery_frustration,late_delivery_recovery,2026-05-06T00:00:00,Customer Success Lead,Monitor,Review Steven Morgan for late_delivery_recovery before next outreach.,"Nelson DSS recommends, explains, and records human review. It does not automate customer decisions.",True
R11419,C001865,2979,Nicole Smith,late_delivery_frustration,late_delivery_recovery,2026-05-06T00:00:00,Customer Success Lead,Monitor,Review Nicole Smith for late_delivery_recovery before next outreach.,"Nelson DSS recommends, explains, and records human review. It does not automate customer decisions.",True
R11420,C001867,4846,Mary Lambert,late_delivery_frustration,late_delivery_recovery,2026-05-06T00:00:00,Customer Success Lead,Monitor,Review Mary Lambert for late_delivery_recovery before next outreach.,"Nelson DSS recommends, explains, and records human review. It does not automate customer decisions.",True
R11421,C001868,10885,Mary Lynch,late_delivery_frustration,late_delivery_recovery,2026-05-06T00:00:00,Customer Success Lead,Monitor,Review Mary Lynch for late_delivery_recovery before next outreach.,"Nelson DSS recommends, explains, and records human review. It does not automate customer decisions.",True
R11422,C001869,4229,Barbara Smith,escalation_retention_case,executive_escalation,2026-05-06T00:00:00,Customer Success Lead,Escalate,Review Barbara Smith for executive_escalation before next outreach.,"Nelson DSS recommends, explains, and records human review. It does not automate customer decisions.",True
R11423,C001869,4229,Barbara Smith,escalation_retention_case,executive_escalation,2026-05-07T00:00:00,Customer Success Lead,Escalate,Review Barbara Smith for executive_escalation before next outreach.,"Nelson DSS recommends, explains, and records human review. It does not automate customer decisions.",True
R11424,C001869,4229,Barbara Smith,escalation_retention_case,executive_escalation,2026-05-08T00:00:00,Customer Success Lead,Escalate,Review Barbara Smith for executive_escalation before next outreach.,"Nelson DSS recommends, explains, and records human review. It does not automate customer decisions.",True
R11425,C001873,222,Frank Ruiz,escalation_retention_case,executive_escalation,2026-05-06T00:00:00,Customer Success Lead,Escalate,Review Frank Ruiz for executive_escalation before next outreach.,"Nelson DSS recommends, explains, and records human review. It does not automate customer decisions.",True
R11426,C001873,222,Frank Ruiz,escalation_retention_case,executive_escalation,2026-05-07T00:00:00,Customer Success Lead,Escalate,Review Frank Ruiz for executive_escalation before next outreach.,"Nelson DSS recommends, explains, and records human review. It does not automate customer decisions.",True
R11427,C001873,222,Frank Ruiz,escalation_retention_case,executive_escalation,2026-05-08T00:00:00,Customer Success Lead,Escalate,Review Frank Ruiz for executive_escalation before next outreach.,"Nelson DSS recommends, explains, and records human review. It does not automate customer decisions.",True
R11428,C001874,7180,Mary Walton,escalation_retention_case,executive_escalation,2026-05-06T00:00:00,Customer Success Lead,Escalate,Review Mary Walton for executive_escalation before next outreach.,"Nelson DSS recommends, explains, and records human review. It does not automate customer decisions.",True
R11429,C001874,7180,Mary Walton,escalation_retention_case,executive_escalation,2026-05-07T00:00:00,Customer Success Lead,Escalate,Review Mary Walton for executive_escalation before next outreach.,"Nelson DSS recommends, explains, and records human review. It does not automate customer decisions.",True
R11430,C001874,7180,Mary Walton,escalation_retention_case,executive_escalation,2026-05-08T00:00:00,Customer Success Lead,Escalate,Review Mary Walton for executive_escalation before next outreach.,"Nelson DSS recommends, explains, and records human review. It does not automate customer decisions.",True
R11431,C001875,5140,Mary Walton,escalation_retention_case,executive_escalation,2026-05-06T00:00:00,Customer Success Lead,Escalate,Review Mary Walton for executive_escalation before next outreach.,"Nelson DSS recommends, explains, and records human review. It does not automate customer decisions.",True
R11432,C001875,5140,Mary Walton,escalation_retention_case,executive_escalation,2026-05-07T00:00:00,Customer Success Lead,Escalate,Review Mary Walton for executive_escalation before next outreach.,"Nelson DSS recommends, explains, and records human review. It does not automate customer decisions.",True
R11433,C001875,5140,Mary Walton,escalation_retention_case,executive_escalation,2026-05-08T00:00:00,Customer Success Lead,Escalate,Review Mary Walton for executive_escalation before next outreach.,"Nelson DSS recommends, explains, and records human review. It does not automate customer decisions.",True
R11434,C001876,5445,Alexander Pugh,late_delivery_frustration,late_delivery_recovery,2026-05-06T00:00:00,Customer Success Lead,Monitor,Review Alexander Pugh for late_delivery_recovery before next outreach.,"Nelson DSS recommends, explains, and records human review. It does not automate customer decisions.",True
R11435,C001877,4674,Mary Lynn,late_delivery_frustration,late_delivery_recovery,2026-05-06T00:00:00,Customer Success Lead,Monitor,Review Mary Lynn for late_delivery_recovery before next outreach.,"Nelson DSS recommends, explains, and records human review. It does not automate customer decisions.",True
R11436,C001878,1232,Betty Smith,late_delivery_frustration,late_delivery_recovery,2026-05-06T00:00:00,Customer Success Lead,Monitor,Review Betty Smith for late_delivery_recovery before next outreach.,"Nelson DSS recommends, explains, and records human review. It does not automate customer decisions.",True
R11437,C001879,11954,Mary Smith,escalation_retention_case,executive_escalation,2026-05-06T00:00:00,Customer Success Lead,Escalate,Review Mary Smith for executive_escalation before next outreach.,"Nelson DSS recommends, explains, and records human review. It does not automate customer decisions.",True
R11438,C001879,11954,Mary Smith,escalation_retention_case,executive_escalation,2026-05-07T00:00:00,Customer Success Lead,Escalate,Review Mary Smith for executive_escalation before next outreach.,"Nelson DSS recommends, explains, and records human review. It does not automate customer decisions.",True
R11439,C001879,11954,Mary Smith,escalation_retention_case,executive_escalation,2026-05-08T00:00:00,Customer Success Lead,Escalate,Review Mary Smith for executive_escalation before next outreach.,"Nelson DSS recommends, explains, and records human review. It does not automate customer decisions.",True
R11440,C001880,787,Amanda Ochoa,late_delivery_frustration,late_delivery_recovery,2026-05-06T00:00:00,Customer Success Lead,Monitor,Review Amanda Ochoa for late_delivery_recovery before next outreach.,"Nelson DSS recommends, explains, and records human review. It does not automate customer decisions.",True
R11441,C001881,8120,Stephanie Perry,late_delivery_frustration,late_delivery_recovery,2026-05-06T00:00:00,Customer Success Lead,Monitor,Review Stephanie Perry for late_delivery_recovery before next outreach.,"Nelson DSS recommends, explains, and records human review. It does not automate customer decisions.",True
R11442,C001882,5276,Mary Martin,late_delivery_frustration,late_delivery_recovery,2026-05-06T00:00:00,Customer Success Lead,Monitor,Review Mary Martin for late_delivery_recovery before next outreach.,"Nelson DSS recommends, explains, and records human review. It does not automate customer decisions.",True
R11443,C001883,9176,Theresa Smith,escalation_retention_case,executive_escalation,2026-05-06T00:00:00,Customer Success Lead,Escalate,Review Theresa Smith for executive_escalation before next outreach.,"Nelson DSS recommends, explains, and records human review. It does not automate customer decisions.",True
R11444,C001883,9176,Theresa Smith,escalation_retention_case,executive_escalation,2026-05-07T00:00:00,Customer Success Lead,Escalate,Review Theresa Smith for executive_escalation before next outreach.,"Nelson DSS recommends, explains, and records human review. It does not automate customer decisions.",True
R11445,C001883,9176,Theresa Smith,escalation_retention_case,executive_escalation,2026-05-08T00:00:00,Customer Success Lead,Escalate,Review Theresa Smith for executive_escalation before next outreach.,"Nelson DSS recommends, explains, and records human review. It does not automate customer decisions.",True
R11446,C001884,4778,Amy Campbell,escalation_retention_case,executive_escalation,2026-05-06T00:00:00,Customer Success Lead,Escalate,Review Amy Campbell for executive_escalation before next outreach.,"Nelson DSS recommends, explains, and records human review. It does not automate customer decisions.",True
R11447,C001884,4778,Amy Campbell,escalation_retention_case,executive_escalation,2026-05-07T00:00:00,Customer Success Lead,Escalate,Review Amy Campbell for executive_escalation before next outreach.,"Nelson DSS recommends, explains, and records human review. It does not automate customer decisions.",True
R11448,C001884,4778,Amy Campbell,escalation_retention_case,executive_escalation,2026-05-08T00:00:00,Customer Success Lead,Escalate,Review Amy Campbell for executive_escalation before next outreach.,"Nelson DSS recommends, explains, and records human review. It does not automate customer decisions.",True
R11449,C001886,5913,Cynthia Daniel,late_delivery_frustration,late_delivery_recovery,2026-05-06T00:00:00,Customer Success Lead,Monitor,Review Cynthia Daniel for late_delivery_recovery before next outreach.,"Nelson DSS recommends, explains, and records human review. It does not automate customer decisions.",True
R11450,C001887,11522,Roy Smith,late_delivery_frustration,late_delivery_recovery,2026-05-06T00:00:00,Customer Success Lead,Monitor,Review Roy Smith for late_delivery_recovery before next outreach.,"Nelson DSS recommends, explains, and records human review. It does not automate customer decisions.",True
R11451,C001889,8180,Albert Smith,late_delivery_frustration,late_delivery_recovery,2026-05-06T00:00:00,Customer Success Lead,Monitor,Review Albert Smith for late_delivery_recovery before next outreach.,"Nelson DSS recommends, explains, and records human review. It does not automate customer decisions.",True
R11452,C001890,10323,Eric Jensen,late_delivery_frustration,late_delivery_recovery,2026-05-06T00:00:00,Customer Success Lead,Monitor,Review Eric Jensen for late_delivery_recovery before next outreach.,"Nelson DSS recommends, explains, and records human review. It does not automate customer decisions.",True
R11453,C001891,7369,Mary Smith,late_delivery_frustration,late_delivery_recovery,2026-05-06T00:00:00,Customer Success Lead,Monitor,Review Mary Smith for late_delivery_recovery before next outreach.,"Nelson DSS recommends, explains, and records human review. It does not automate customer decisions.",True
R11454,C001892,5227,Madison Mcfarland,late_delivery_frustration,late_delivery_recovery,2026-05-06T00:00:00,Customer Success Lead,Monitor,Review Madison Mcfarland for late_delivery_recovery before next outreach.,"Nelson DSS recommends, explains, and records human review. It does not automate customer decisions.",True
R11455,C001894,10390,Anthony Stevenson,escalation_retention_case,executive_escalation,2026-05-06T00:00:00,Customer Success Lead,Escalate,Review Anthony Stevenson for executive_escalation before next outreach.,"Nelson DSS recommends, explains, and records human review. It does not automate customer decisions.",True
R11456,C001894,10390,Anthony Stevenson,escalation_retention_case,executive_escalation,2026-05-07T00:00:00,Customer Success Lead,Escalate,Review Anthony Stevenson for executive_escalation before next outreach.,"Nelson DSS recommends, explains, and records human review. It does not automate customer decisions.",True
R11457,C001894,10390,Anthony Stevenson,escalation_retention_case,executive_escalation,2026-05-08T00:00:00,Customer Success Lead,Escalate,Review Anthony Stevenson for executive_escalation before next outreach.,"Nelson DSS recommends, explains, and records human review. It does not automate customer decisions.",True
R11458,C001896,947,Mary Henry,late_delivery_frustration,late_delivery_recovery,2026-05-06T00:00:00,Customer Success Lead,Monitor,Review Mary Henry for late_delivery_recovery before next outreach.,"Nelson DSS recommends, explains, and records human review. It does not automate customer decisions.",True
R11459,C001897,5573,Jordan Ortiz,late_delivery_frustration,late_delivery_recovery,2026-05-06T00:00:00,Customer Success Lead,Monitor,Review Jordan Ortiz for late_delivery_recovery before next outreach.,"Nelson DSS recommends, explains, and records human review. It does not automate customer decisions.",True
R11460,C001898,8352,Teresa Black,escalation_retention_case,executive_escalation,2026-05-06T00:00:00,Customer Success Lead,Escalate,Review Teresa Black for executive_escalation before next outreach.,"Nelson DSS recommends, explains, and records human review. It does not automate customer decisions.",True
R11461,C001898,8352,Teresa Black,escalation_retention_case,executive_escalation,2026-05-07T00:00:00,Customer Success Lead,Escalate,Review Teresa Black for executive_escalation before next outreach.,"Nelson DSS recommends, explains, and records human review. It does not automate customer decisions.",True
R11462,C001898,8352,Teresa Black,escalation_retention_case,executive_escalation,2026-05-08T00:00:00,Customer Success Lead,Escalate,Review Teresa Black for executive_escalation before next outreach.,"Nelson DSS recommends, explains, and records human review. It does not automate customer decisions.",True
R11463,C001900,3574,Mary Smith,late_delivery_frustration,late_delivery_recovery,2026-05-06T00:00:00,Customer Success Lead,Monitor,Review Mary Smith for late_delivery_recovery before next outreach.,"Nelson DSS recommends, explains, and records human review. It does not automate customer decisions.",True
R11464,C001901,3384,Mary Smith,late_delivery_frustration,late_delivery_recovery,2026-05-06T00:00:00,Customer Success Lead,Monitor,Review Mary Smith for late_delivery_recovery before next outreach.,"Nelson DSS recommends, explains, and records human review. It does not automate customer decisions.",True
R11465,C001902,7383,Catherine Washington,escalation_retention_case,executive_escalation,2026-05-06T00:00:00,Customer Success Lead,Escalate,Review Catherine Washington for executive_escalation before next outreach.,"Nelson DSS recommends, explains, and records human review. It does not automate customer decisions.",True
R11466,C001902,7383,Catherine Washington,escalation_retention_case,executive_escalation,2026-05-07T00:00:00,Customer Success Lead,Escalate,Review Catherine Washington for executive_escalation before next outreach.,"Nelson DSS recommends, explains, and records human review. It does not automate customer decisions.",True
R11467,C001902,7383,Catherine Washington,escalation_retention_case,executive_escalation,2026-05-08T00:00:00,Customer Success Lead,Escalate,Review Catherine Washington for executive_escalation before next outreach.,"Nelson DSS recommends, explains, and records human review. It does not automate customer decisions.",True
R11468,C001904,8502,Mary Eaton,late_delivery_frustration,late_delivery_recovery,2026-05-06T00:00:00,Customer Success Lead,Monitor,Review Mary Eaton for late_delivery_recovery before next outreach.,"Nelson DSS recommends, explains, and records human review. It does not automate customer decisions.",True
R11469,C001906,2825,Sarah Smith,escalation_retention_case,executive_escalation,2026-05-06T00:00:00,Customer Success Lead,Escalate,Review Sarah Smith for executive_escalation before next outreach.,"Nelson DSS recommends, explains, and records human review. It does not automate customer decisions.",True
R11470,C001906,2825,Sarah Smith,escalation_retention_case,executive_escalation,2026-05-07T00:00:00,Customer Success Lead,Escalate,Review Sarah Smith for executive_escalation before next outreach.,"Nelson DSS recommends, explains, and records human review. It does not automate customer decisions.",True
R11471,C001906,2825,Sarah Smith,escalation_retention_case,executive_escalation,2026-05-08T00:00:00,Customer Success Lead,Escalate,Review Sarah Smith for executive_escalation before next outreach.,"Nelson DSS recommends, explains, and records human review. It does not automate customer decisions.",True
R11472,C001907,12288,Karen Smith,escalation_retention_case,executive_escalation,2026-05-06T00:00:00,Customer Success Lead,Escalate,Review Karen Smith for executive_escalation before next outreach.,"Nelson DSS recommends, explains, and records human review. It does not automate customer decisions.",True
R11473,C001907,12288,Karen Smith,escalation_retention_case,executive_escalation,2026-05-07T00:00:00,Customer Success Lead,Escalate,Review Karen Smith for executive_escalation before next outreach.,"Nelson DSS recommends, explains, and records human review. It does not automate customer decisions.",True
R11474,C001907,12288,Karen Smith,escalation_retention_case,executive_escalation,2026-05-08T00:00:00,Customer Success Lead,Escalate,Review Karen Smith for executive_escalation before next outreach.,"Nelson DSS recommends, explains, and records human review. It does not automate customer decisions.",True
R11475,C001909,11509,Sharon Wood,escalation_retention_case,executive_escalation,2026-05-06T00:00:00,Customer Success Lead,Escalate,Review Sharon Wood for executive_escalation before next outreach.,"Nelson DSS recommends, explains, and records human review. It does not automate customer decisions.",True
R11476,C001909,11509,Sharon Wood,escalation_retention_case,executive_escalation,2026-05-07T00:00:00,Customer Success Lead,Escalate,Review Sharon Wood for executive_escalation before next outreach.,"Nelson DSS recommends, explains, and records human review. It does not automate customer decisions.",True
R11477,C001909,11509,Sharon Wood,escalation_retention_case,executive_escalation,2026-05-08T00:00:00,Customer Success Lead,Escalate,Review Sharon Wood for executive_escalation before next outreach.,"Nelson DSS recommends, explains, and records human review. It does not automate customer decisions.",True
R11478,C001910,4107,Larry Franklin,late_delivery_frustration,late_delivery_recovery,2026-05-06T00:00:00,Customer Success Lead,Monitor,Review Larry Franklin for late_delivery_recovery before next outreach.,"Nelson DSS recommends, explains, and records human review. It does not automate customer decisions.",True
R11479,C001911,1677,Virginia Robles,late_delivery_frustration,late_delivery_recovery,2026-05-06T00:00:00,Customer Success Lead,Monitor,Review Virginia Robles for late_delivery_recovery before next outreach.,"Nelson DSS recommends, explains, and records human review. It does not automate customer decisions.",True
R11480,C001912,3968,Catherine Pacheco,late_delivery_frustration,late_delivery_recovery,2026-05-06T00:00:00,Customer Success Lead,Monitor,Review Catherine Pacheco for late_delivery_recovery before next outreach.,"Nelson DSS recommends, explains, and records human review. It does not automate customer decisions.",True
R11481,C001913,11856,Helen Smith,late_delivery_frustration,late_delivery_recovery,2026-05-06T00:00:00,Customer Success Lead,Monitor,Review Helen Smith for late_delivery_recovery before next outreach.,"Nelson DSS recommends, explains, and records human review. It does not automate customer decisions.",True
R11482,C001914,12115,Lawrence Smith,escalation_retention_case,executive_escalation,2026-05-06T00:00:00,Customer Success Lead,Escalate,Review Lawrence Smith for executive_escalation before next outreach.,"Nelson DSS recommends, explains, and records human review. It does not automate customer decisions.",True
R11483,C001914,12115,Lawrence Smith,escalation_retention_case,executive_escalation,2026-05-07T00:00:00,Customer Success Lead,Escalate,Review Lawrence Smith for executive_escalation before next outreach.,"Nelson DSS recommends, explains, and records human review. It does not automate customer decisions.",True
R11484,C001914,12115,Lawrence Smith,escalation_retention_case,executive_escalation,2026-05-08T00:00:00,Customer Success Lead,Escalate,Review Lawrence Smith for executive_escalation before next outreach.,"Nelson DSS recommends, explains, and records human review. It does not automate customer decisions.",True
R11485,C001915,359,Mary Pena,escalation_retention_case,executive_escalation,2026-05-06T00:00:00,Customer Success Lead,Escalate,Review Mary Pena for executive_escalation before next outreach.,"Nelson DSS recommends, explains, and records human review. It does not automate customer decisions.",True
R11486,C001915,359,Mary Pena,escalation_retention_case,executive_escalation,2026-05-07T00:00:00,Customer Success Lead,Escalate,Review Mary Pena for executive_escalation before next outreach.,"Nelson DSS recommends, explains, and records human review. It does not automate customer decisions.",True
R11487,C001915,359,Mary Pena,escalation_retention_case,executive_escalation,2026-05-08T00:00:00,Customer Success Lead,Escalate,Review Mary Pena for executive_escalation before next outreach.,"Nelson DSS recommends, explains, and records human review. It does not automate customer decisions.",True
R11488,C001916,7564,Christopher Smith,late_delivery_frustration,late_delivery_recovery,2026-05-06T00:00:00,Customer Success Lead,Monitor,Review Christopher Smith for late_delivery_recovery before next outreach.,"Nelson DSS recommends, explains, and records human review. It does not automate customer decisions.",True
R11489,C001917,3951,Michael Smith,late_delivery_frustration,late_delivery_recovery,2026-05-06T00:00:00,Customer Success Lead,Monitor,Review Michael Smith for late_delivery_recovery before next outreach.,"Nelson DSS recommends, explains, and records human review. It does not automate customer decisions.",True
R11490,C001918,5236,Jessica Roberts,escalation_retention_case,executive_escalation,2026-05-06T00:00:00,Customer Success Lead,Escalate,Review Jessica Roberts for executive_escalation before next outreach.,"Nelson DSS recommends, explains, and records human review. It does not automate customer decisions.",True
R11491,C001918,5236,Jessica Roberts,escalation_retention_case,executive_escalation,2026-05-07T00:00:00,Customer Success Lead,Escalate,Review Jessica Roberts for executive_escalation before next outreach.,"Nelson DSS recommends, explains, and records human review. It does not automate customer decisions.",True
R11492,C001918,5236,Jessica Roberts,escalation_retention_case,executive_escalation,2026-05-08T00:00:00,Customer Success Lead,Escalate,Review Jessica Roberts for executive_escalation before next outreach.,"Nelson DSS recommends, explains, and records human review. It does not automate customer decisions.",True
R11493,C001919,11681,Roy Jackson,escalation_retention_case,executive_escalation,2026-05-06T00:00:00,Customer Success Lead,Escalate,Review Roy Jackson for executive_escalation before next outreach.,"Nelson DSS recommends, explains, and records human review. It does not automate customer decisions.",True
R11494,C001919,11681,Roy Jackson,escalation_retention_case,executive_escalation,2026-05-07T00:00:00,Customer Success Lead,Escalate,Review Roy Jackson for executive_escalation before next outreach.,"Nelson DSS recommends, explains, and records human review. It does not automate customer decisions.",True
R11495,C001919,11681,Roy Jackson,escalation_retention_case,executive_escalation,2026-05-08T00:00:00,Customer Success Lead,Escalate,Review Roy Jackson for executive_escalation before next outreach.,"Nelson DSS recommends, explains, and records human review. It does not automate customer decisions.",True
R11496,C001920,1651,Stephanie Smith,escalation_retention_case,executive_escalation,2026-05-06T00:00:00,Customer Success Lead,Escalate,Review Stephanie Smith for executive_escalation before next outreach.,"Nelson DSS recommends, explains, and records human review. It does not automate customer decisions.",True
R11497,C001920,1651,Stephanie Smith,escalation_retention_case,executive_escalation,2026-05-07T00:00:00,Customer Success Lead,Escalate,Review Stephanie Smith for executive_escalation before next outreach.,"Nelson DSS recommends, explains, and records human review. It does not automate customer decisions.",True
R11498,C001920,1651,Stephanie Smith,escalation_retention_case,executive_escalation,2026-05-08T00:00:00,Customer Success Lead,Escalate,Review Stephanie Smith for executive_escalation before next outreach.,"Nelson DSS recommends, explains, and records human review. It does not automate customer decisions.",True
R11499,C001921,1807,Mary Curtis,late_delivery_frustration,late_delivery_recovery,2026-05-06T00:00:00,Customer Success Lead,Monitor,Review Mary Curtis for late_delivery_recovery before next outreach.,"Nelson DSS recommends, explains, and records human review. It does not automate customer decisions.",True
R11500,C001923,2750,George Mason,late_delivery_frustration,late_delivery_recovery,2026-05-06T00:00:00,Customer Success Lead,Monitor,Review George Mason for late_delivery_recovery before next outreach.,"Nelson DSS recommends, explains, and records human review. It does not automate customer decisions.",True
R11501,C001924,3119,Shirley Hinton,escalation_retention_case,executive_escalation,2026-05-06T00:00:00,Customer Success Lead,Escalate,Review Shirley Hinton for executive_escalation before next outreach.,"Nelson DSS recommends, explains, and records human review. It does not automate customer decisions.",True
R11502,C001924,3119,Shirley Hinton,escalation_retention_case,executive_escalation,2026-05-07T00:00:00,Customer Success Lead,Escalate,Review Shirley Hinton for executive_escalation before next outreach.,"Nelson DSS recommends, explains, and records human review. It does not automate customer decisions.",True
R11503,C001924,3119,Shirley Hinton,escalation_retention_case,executive_escalation,2026-05-08T00:00:00,Customer Success Lead,Escalate,Review Shirley Hinton for executive_escalation before next outreach.,"Nelson DSS recommends, explains, and records human review. It does not automate customer decisions.",True
R11504,C001925,8788,Mary Smith,late_delivery_frustration,late_delivery_recovery,2026-05-06T00:00:00,Customer Success Lead,Monitor,Review Mary Smith for late_delivery_recovery before next outreach.,"Nelson DSS recommends, explains, and records human review. It does not automate customer decisions.",True
R11505,C001926,3331,Diane Martinez,late_delivery_frustration,late_delivery_recovery,2026-05-06T00:00:00,Customer Success Lead,Monitor,Review Diane Martinez for late_delivery_recovery before next outreach.,"Nelson DSS recommends, explains, and records human review. It does not automate customer decisions.",True
R11506,C001927,7687,Evelyn Valencia,late_delivery_frustration,late_delivery_recovery,2026-05-06T00:00:00,Customer Success Lead,Monitor,Review Evelyn Valencia for late_delivery_recovery before next outreach.,"Nelson DSS recommends, explains, and records human review. It does not automate customer decisions.",True
R11507,C001928,1094,Sean Smith,late_delivery_frustration,late_delivery_recovery,2026-05-06T00:00:00,Customer Success Lead,Monitor,Review Sean Smith for late_delivery_recovery before next outreach.,"Nelson DSS recommends, explains, and records human review. It does not automate customer decisions.",True
R11508,C001929,2881,Phillip Smith,escalation_retention_case,executive_escalation,2026-05-06T00:00:00,Customer Success Lead,Escalate,Review Phillip Smith for executive_escalation before next outreach.,"Nelson DSS recommends, explains, and records human review. It does not automate customer decisions.",True
R11509,C001929,2881,Phillip Smith,escalation_retention_case,executive_escalation,2026-05-07T00:00:00,Customer Success Lead,Escalate,Review Phillip Smith for executive_escalation before next outreach.,"Nelson DSS recommends, explains, and records human review. It does not automate customer decisions.",True
R11510,C001929,2881,Phillip Smith,escalation_retention_case,executive_escalation,2026-05-08T00:00:00,Customer Success Lead,Escalate,Review Phillip Smith for executive_escalation before next outreach.,"Nelson DSS recommends, explains, and records human review. It does not automate customer decisions.",True
R11511,C001931,11427,Deborah Martin,late_delivery_frustration,late_delivery_recovery,2026-05-06T00:00:00,Customer Success Lead,Monitor,Review Deborah Martin for late_delivery_recovery before next outreach.,"Nelson DSS recommends, explains, and records human review. It does not automate customer decisions.",True
R11512,C001932,2668,Mary Davis,late_delivery_frustration,late_delivery_recovery,2026-05-06T00:00:00,Customer Success Lead,Monitor,Review Mary Davis for late_delivery_recovery before next outreach.,"Nelson DSS recommends, explains, and records human review. It does not automate customer decisions.",True
R11513,C001933,109,Mary Thompson,escalation_retention_case,executive_escalation,2026-05-06T00:00:00,Customer Success Lead,Escalate,Review Mary Thompson for executive_escalation before next outreach.,"Nelson DSS recommends, explains, and records human review. It does not automate customer decisions.",True
R11514,C001933,109,Mary Thompson,escalation_retention_case,executive_escalation,2026-05-07T00:00:00,Customer Success Lead,Escalate,Review Mary Thompson for executive_escalation before next outreach.,"Nelson DSS recommends, explains, and records human review. It does not automate customer decisions.",True
R11515,C001933,109,Mary Thompson,escalation_retention_case,executive_escalation,2026-05-08T00:00:00,Customer Success Lead,Escalate,Review Mary Thompson for executive_escalation before next outreach.,"Nelson DSS recommends, explains, and records human review. It does not automate customer decisions.",True
R11516,C001934,1180,Mary Martin,late_delivery_frustration,late_delivery_recovery,2026-05-06T00:00:00,Customer Success Lead,Monitor,Review Mary Martin for late_delivery_recovery before next outreach.,"Nelson DSS recommends, explains, and records human review. It does not automate customer decisions.",True
R11517,C001936,6425,Ruth Smith,late_delivery_frustration,late_delivery_recovery,2026-05-06T00:00:00,Customer Success Lead,Monitor,Review Ruth Smith for late_delivery_recovery before next outreach.,"Nelson DSS recommends, explains, and records human review. It does not automate customer decisions.",True
R11518,C001937,3508,Randy Smith,late_delivery_frustration,late_delivery_recovery,2026-05-06T00:00:00,Customer Success Lead,Monitor,Review Randy Smith for late_delivery_recovery before next outreach.,"Nelson DSS recommends, explains, and records human review. It does not automate customer decisions.",True
R11519,C001938,7879,Michelle Powell,escalation_retention_case,executive_escalation,2026-05-06T00:00:00,Customer Success Lead,Escalate,Review Michelle Powell for executive_escalation before next outreach.,"Nelson DSS recommends, explains, and records human review. It does not automate customer decisions.",True
R11520,C001938,7879,Michelle Powell,escalation_retention_case,executive_escalation,2026-05-07T00:00:00,Customer Success Lead,Escalate,Review Michelle Powell for executive_escalation before next outreach.,"Nelson DSS recommends, explains, and records human review. It does not automate customer decisions.",True
R11521,C001938,7879,Michelle Powell,escalation_retention_case,executive_escalation,2026-05-08T00:00:00,Customer Success Lead,Escalate,Review Michelle Powell for executive_escalation before next outreach.,"Nelson DSS recommends, explains, and records human review. It does not automate customer decisions.",True
R11522,C001939,11962,Diana Smith,late_delivery_frustration,late_delivery_recovery,2026-05-06T00:00:00,Customer Success Lead,Monitor,Review Diana Smith for late_delivery_recovery before next outreach.,"Nelson DSS recommends, explains, and records human review. It does not automate customer decisions.",True
R11523,C001940,6767,Brenda Carey,late_delivery_frustration,late_delivery_recovery,2026-05-06T00:00:00,Customer Success Lead,Monitor,Review Brenda Carey for late_delivery_recovery before next outreach.,"Nelson DSS recommends, explains, and records human review. It does not automate customer decisions.",True
R11524,C001941,8938,Raymond Gould,late_delivery_frustration,late_delivery_recovery,2026-05-06T00:00:00,Customer Success Lead,Monitor,Review Raymond Gould for late_delivery_recovery before next outreach.,"Nelson DSS recommends, explains, and records human review. It does not automate customer decisions.",True
R11525,C001943,2562,Mary Anderson,escalation_retention_case,executive_escalation,2026-05-06T00:00:00,Customer Success Lead,Escalate,Review Mary Anderson for executive_escalation before next outreach.,"Nelson DSS recommends, explains, and records human review. It does not automate customer decisions.",True
R11526,C001943,2562,Mary Anderson,escalation_retention_case,executive_escalation,2026-05-07T00:00:00,Customer Success Lead,Escalate,Review Mary Anderson for executive_escalation before next outreach.,"Nelson DSS recommends, explains, and records human review. It does not automate customer decisions.",True
R11527,C001943,2562,Mary Anderson,escalation_retention_case,executive_escalation,2026-05-08T00:00:00,Customer Success Lead,Escalate,Review Mary Anderson for executive_escalation before next outreach.,"Nelson DSS recommends, explains, and records human review. It does not automate customer decisions.",True
R11528,C001944,2192,Mary Clay,late_delivery_frustration,late_delivery_recovery,2026-05-06T00:00:00,Customer Success Lead,Monitor,Review Mary Clay for late_delivery_recovery before next outreach.,"Nelson DSS recommends, explains, and records human review. It does not automate customer decisions.",True
R11529,C001945,9338,James Davis,late_delivery_frustration,late_delivery_recovery,2026-05-06T00:00:00,Customer Success Lead,Monitor,Review James Davis for late_delivery_recovery before next outreach.,"Nelson DSS recommends, explains, and records human review. It does not automate customer decisions.",True
R11530,C001948,5637,Mary Wong,escalation_retention_case,executive_escalation,2026-05-06T00:00:00,Customer Success Lead,Escalate,Review Mary Wong for executive_escalation before next outreach.,"Nelson DSS recommends, explains, and records human review. It does not automate customer decisions.",True
R11531,C001948,5637,Mary Wong,escalation_retention_case,executive_escalation,2026-05-07T00:00:00,Customer Success Lead,Escalate,Review Mary Wong for executive_escalation before next outreach.,"Nelson DSS recommends, explains, and records human review. It does not automate customer decisions.",True
R11532,C001948,5637,Mary Wong,escalation_retention_case,executive_escalation,2026-05-08T00:00:00,Customer Success Lead,Escalate,Review Mary Wong for executive_escalation before next outreach.,"Nelson DSS recommends, explains, and records human review. It does not automate customer decisions.",True
R11533,C001949,3147,Daniel Diaz,late_delivery_frustration,late_delivery_recovery,2026-05-06T00:00:00,Customer Success Lead,Monitor,Review Daniel Diaz for late_delivery_recovery before next outreach.,"Nelson DSS recommends, explains, and records human review. It does not automate customer decisions.",True
R11534,C001952,12129,Mary Perkins,escalation_retention_case,executive_escalation,2026-05-06T00:00:00,Customer Success Lead,Escalate,Review Mary Perkins for executive_escalation before next outreach.,"Nelson DSS recommends, explains, and records human review. It does not automate customer decisions.",True
R11535,C001952,12129,Mary Perkins,escalation_retention_case,executive_escalation,2026-05-07T00:00:00,Customer Success Lead,Escalate,Review Mary Perkins for executive_escalation before next outreach.,"Nelson DSS recommends, explains, and records human review. It does not automate customer decisions.",True
R11536,C001952,12129,Mary Perkins,escalation_retention_case,executive_escalation,2026-05-08T00:00:00,Customer Success Lead,Escalate,Review Mary Perkins for executive_escalation before next outreach.,"Nelson DSS recommends, explains, and records human review. It does not automate customer decisions.",True
R11537,C001953,2676,Jeffrey Smith,escalation_retention_case,executive_escalation,2026-05-06T00:00:00,Customer Success Lead,Escalate,Review Jeffrey Smith for executive_escalation before next outreach.,"Nelson DSS recommends, explains, and records human review. It does not automate customer decisions.",True
R11538,C001953,2676,Jeffrey Smith,escalation_retention_case,executive_escalation,2026-05-07T00:00:00,Customer Success Lead,Escalate,Review Jeffrey Smith for executive_escalation before next outreach.,"Nelson DSS recommends, explains, and records human review. It does not automate customer decisions.",True
R11539,C001953,2676,Jeffrey Smith,escalation_retention_case,executive_escalation,2026-05-08T00:00:00,Customer Success Lead,Escalate,Review Jeffrey Smith for executive_escalation before next outreach.,"Nelson DSS recommends, explains, and records human review. It does not automate customer decisions.",True
R11540,C001954,8789,Helen Carroll,late_delivery_frustration,late_delivery_recovery,2026-05-06T00:00:00,Customer Success Lead,Monitor,Review Helen Carroll for late_delivery_recovery before next outreach.,"Nelson DSS recommends, explains, and records human review. It does not automate customer decisions.",True
R11541,C001955,2654,Donna Martinez,late_delivery_frustration,late_delivery_recovery,2026-05-06T00:00:00,Customer Success Lead,Monitor,Review Donna Martinez for late_delivery_recovery before next outreach.,"Nelson DSS recommends, explains, and records human review. It does not automate customer decisions.",True
R11542,C001959,4417,Arthur Alvarez,late_delivery_frustration,late_delivery_recovery,2026-05-06T00:00:00,Customer Success Lead,Monitor,Review Arthur Alvarez for late_delivery_recovery before next outreach.,"Nelson DSS recommends, explains, and records human review. It does not automate customer decisions.",True
R11543,C001960,5327,Mary Mcbride,late_delivery_frustration,late_delivery_recovery,2026-05-06T00:00:00,Customer Success Lead,Monitor,Review Mary Mcbride for late_delivery_recovery before next outreach.,"Nelson DSS recommends, explains, and records human review. It does not automate customer decisions.",True
R11544,C001962,534,Mary Morris,late_delivery_frustration,late_delivery_recovery,2026-05-06T00:00:00,Customer Success Lead,Monitor,Review Mary Morris for late_delivery_recovery before next outreach.,"Nelson DSS recommends, explains, and records human review. It does not automate customer decisions.",True
R11545,C001963,10570,William Moore,late_delivery_frustration,late_delivery_recovery,2026-05-06T00:00:00,Customer Success Lead,Monitor,Review William Moore for late_delivery_recovery before next outreach.,"Nelson DSS recommends, explains, and records human review. It does not automate customer decisions.",True
R11546,C001964,8136,Charles Smith,late_delivery_frustration,late_delivery_recovery,2026-05-06T00:00:00,Customer Success Lead,Monitor,Review Charles Smith for late_delivery_recovery before next outreach.,"Nelson DSS recommends, explains, and records human review. It does not automate customer decisions.",True
R11547,C001965,3807,Mary Huang,escalation_retention_case,executive_escalation,2026-05-06T00:00:00,Customer Success Lead,Escalate,Review Mary Huang for executive_escalation before next outreach.,"Nelson DSS recommends, explains, and records human review. It does not automate customer decisions.",True
R11548,C001965,3807,Mary Huang,escalation_retention_case,executive_escalation,2026-05-07T00:00:00,Customer Success Lead,Escalate,Review Mary Huang for executive_escalation before next outreach.,"Nelson DSS recommends, explains, and records human review. It does not automate customer decisions.",True
R11549,C001965,3807,Mary Huang,escalation_retention_case,executive_escalation,2026-05-08T00:00:00,Customer Success Lead,Escalate,Review Mary Huang for executive_escalation before next outreach.,"Nelson DSS recommends, explains, and records human review. It does not automate customer decisions.",True
R11550,C001966,7634,Pamela Ray,late_delivery_frustration,late_delivery_recovery,2026-05-06T00:00:00,Customer Success Lead,Monitor,Review Pamela Ray for late_delivery_recovery before next outreach.,"Nelson DSS recommends, explains, and records human review. It does not automate customer decisions.",True
R11551,C001967,7160,Mary Allen,late_delivery_frustration,late_delivery_recovery,2026-05-06T00:00:00,Customer Success Lead,Monitor,Review Mary Allen for late_delivery_recovery before next outreach.,"Nelson DSS recommends, explains, and records human review. It does not automate customer decisions.",True
R11552,C001969,8210,Mary Glenn,late_delivery_frustration,late_delivery_recovery,2026-05-06T00:00:00,Customer Success Lead,Monitor,Review Mary Glenn for late_delivery_recovery before next outreach.,"Nelson DSS recommends, explains, and records human review. It does not automate customer decisions.",True
R11553,C001971,12045,Jeffrey Ryan,late_delivery_frustration,late_delivery_recovery,2026-05-06T00:00:00,Customer Success Lead,Monitor,Review Jeffrey Ryan for late_delivery_recovery before next outreach.,"Nelson DSS recommends, explains, and records human review. It does not automate customer decisions.",True
R11554,C001972,11866,Mary Smith,late_delivery_frustration,late_delivery_recovery,2026-05-06T00:00:00,Customer Success Lead,Monitor,Review Mary Smith for late_delivery_recovery before next outreach.,"Nelson DSS recommends, explains, and records human review. It does not automate customer decisions.",True
R11555,C001973,4436,Janice Smith,late_delivery_frustration,late_delivery_recovery,2026-05-06T00:00:00,Customer Success Lead,Monitor,Review Janice Smith for late_delivery_recovery before next outreach.,"Nelson DSS recommends, explains, and records human review. It does not automate customer decisions.",True
R11556,C001974,4725,Gerald Camacho,late_delivery_frustration,late_delivery_recovery,2026-05-06T00:00:00,Customer Success Lead,Monitor,Review Gerald Camacho for late_delivery_recovery before next outreach.,"Nelson DSS recommends, explains, and records human review. It does not automate customer decisions.",True
R11557,C001976,8942,Robert Smith,escalation_retention_case,executive_escalation,2026-05-06T00:00:00,Customer Success Lead,Escalate,Review Robert Smith for executive_escalation before next outreach.,"Nelson DSS recommends, explains, and records human review. It does not automate customer decisions.",True
R11558,C001976,8942,Robert Smith,escalation_retention_case,executive_escalation,2026-05-07T00:00:00,Customer Success Lead,Escalate,Review Robert Smith for executive_escalation before next outreach.,"Nelson DSS recommends, explains, and records human review. It does not automate customer decisions.",True
R11559,C001976,8942,Robert Smith,escalation_retention_case,executive_escalation,2026-05-08T00:00:00,Customer Success Lead,Escalate,Review Robert Smith for executive_escalation before next outreach.,"Nelson DSS recommends, explains, and records human review. It does not automate customer decisions.",True
R11560,C001978,10843,Cynthia Myers,late_delivery_frustration,late_delivery_recovery,2026-05-06T00:00:00,Customer Success Lead,Monitor,Review Cynthia Myers for late_delivery_recovery before next outreach.,"Nelson DSS recommends, explains, and records human review. It does not automate customer decisions.",True
R11561,C001979,6071,Mary Wu,escalation_retention_case,executive_escalation,2026-05-06T00:00:00,Customer Success Lead,Escalate,Review Mary Wu for executive_escalation before next outreach.,"Nelson DSS recommends, explains, and records human review. It does not automate customer decisions.",True
R11562,C001979,6071,Mary Wu,escalation_retention_case,executive_escalation,2026-05-07T00:00:00,Customer Success Lead,Escalate,Review Mary Wu for executive_escalation before next outreach.,"Nelson DSS recommends, explains, and records human review. It does not automate customer decisions.",True
R11563,C001979,6071,Mary Wu,escalation_retention_case,executive_escalation,2026-05-08T00:00:00,Customer Success Lead,Escalate,Review Mary Wu for executive_escalation before next outreach.,"Nelson DSS recommends, explains, and records human review. It does not automate customer decisions.",True
R11564,C001981,1069,Mary Daniel,late_delivery_frustration,late_delivery_recovery,2026-05-06T00:00:00,Customer Success Lead,Monitor,Review Mary Daniel for late_delivery_recovery before next outreach.,"Nelson DSS recommends, explains, and records human review. It does not automate customer decisions.",True
R11565,C001983,12335,Mary Riley,escalation_retention_case,executive_escalation,2026-05-06T00:00:00,Customer Success Lead,Escalate,Review Mary Riley for executive_escalation before next outreach.,"Nelson DSS recommends, explains, and records human review. It does not automate customer decisions.",True
R11566,C001983,12335,Mary Riley,escalation_retention_case,executive_escalation,2026-05-07T00:00:00,Customer Success Lead,Escalate,Review Mary Riley for executive_escalation before next outreach.,"Nelson DSS recommends, explains, and records human review. It does not automate customer decisions.",True
R11567,C001983,12335,Mary Riley,escalation_retention_case,executive_escalation,2026-05-08T00:00:00,Customer Success Lead,Escalate,Review Mary Riley for executive_escalation before next outreach.,"Nelson DSS recommends, explains, and records human review. It does not automate customer decisions.",True
R11568,C001984,6755,Mary Callahan,escalation_retention_case,executive_escalation,2026-05-06T00:00:00,Customer Success Lead,Escalate,Review Mary Callahan for executive_escalation before next outreach.,"Nelson DSS recommends, explains, and records human review. It does not automate customer decisions.",True
R11569,C001984,6755,Mary Callahan,escalation_retention_case,executive_escalation,2026-05-07T00:00:00,Customer Success Lead,Escalate,Review Mary Callahan for executive_escalation before next outreach.,"Nelson DSS recommends, explains, and records human review. It does not automate customer decisions.",True
R11570,C001984,6755,Mary Callahan,escalation_retention_case,executive_escalation,2026-05-08T00:00:00,Customer Success Lead,Escalate,Review Mary Callahan for executive_escalation before next outreach.,"Nelson DSS recommends, explains, and records human review. It does not automate customer decisions.",True
R11571,C001988,10226,Mary Smith,late_delivery_frustration,late_delivery_recovery,2026-05-06T00:00:00,Customer Success Lead,Monitor,Review Mary Smith for late_delivery_recovery before next outreach.,"Nelson DSS recommends, explains, and records human review. It does not automate customer decisions.",True
R11572,C001990,2219,Mary Chung,escalation_retention_case,executive_escalation,2026-05-06T00:00:00,Customer Success Lead,Escalate,Review Mary Chung for executive_escalation before next outreach.,"Nelson DSS recommends, explains, and records human review. It does not automate customer decisions.",True
R11573,C001990,2219,Mary Chung,escalation_retention_case,executive_escalation,2026-05-07T00:00:00,Customer Success Lead,Escalate,Review Mary Chung for executive_escalation before next outreach.,"Nelson DSS recommends, explains, and records human review. It does not automate customer decisions.",True
R11574,C001990,2219,Mary Chung,escalation_retention_case,executive_escalation,2026-05-08T00:00:00,Customer Success Lead,Escalate,Review Mary Chung for executive_escalation before next outreach.,"Nelson DSS recommends, explains, and records human review. It does not automate customer decisions.",True
R11575,C001993,11411,Kyle Garcia,late_delivery_frustration,late_delivery_recovery,2026-05-06T00:00:00,Customer Success Lead,Monitor,Review Kyle Garcia for late_delivery_recovery before next outreach.,"Nelson DSS recommends, explains, and records human review. It does not automate customer decisions.",True
R11576,C001994,1164,Mary Hahn,late_delivery_frustration,late_delivery_recovery,2026-05-06T00:00:00,Customer Success Lead,Monitor,Review Mary Hahn for late_delivery_recovery before next outreach.,"Nelson DSS recommends, explains, and records human review. It does not automate customer decisions.",True
R11577,C001996,9945,Mary Cameron,late_delivery_frustration,late_delivery_recovery,2026-05-06T00:00:00,Customer Success Lead,Monitor,Review Mary Cameron for late_delivery_recovery before next outreach.,"Nelson DSS recommends, explains, and records human review. It does not automate customer decisions.",True
R11578,C001997,8684,Tiffany Brown,late_delivery_frustration,late_delivery_recovery,2026-05-06T00:00:00,Customer Success Lead,Monitor,Review Tiffany Brown for late_delivery_recovery before next outreach.,"Nelson DSS recommends, explains, and records human review. It does not automate customer decisions.",True
R11579,C001999,5120,Mary Smith,late_delivery_frustration,late_delivery_recovery,2026-05-06T00:00:00,Customer Success Lead,Monitor,Review Mary Smith for late_delivery_recovery before next outreach.,"Nelson DSS recommends, explains, and records human review. It does not automate customer decisions.",True
R11580,C002000,5781,Jack Stanley,escalation_retention_case,executive_escalation,2026-05-06T00:00:00,Customer Success Lead,Escalate,Review Jack Stanley for executive_escalation before next outreach.,"Nelson DSS recommends, explains, and records human review. It does not automate customer decisions.",True
R11581,C002000,5781,Jack Stanley,escalation_retention_case,executive_escalation,2026-05-07T00:00:00,Customer Success Lead,Escalate,Review Jack Stanley for executive_escalation before next outreach.,"Nelson DSS recommends, explains, and records human review. It does not automate customer decisions.",True
R11582,C002000,5781,Jack Stanley,escalation_retention_case,executive_escalation,2026-05-08T00:00:00,Customer Success Lead,Escalate,Review Jack Stanley for executive_escalation before next outreach.,"Nelson DSS recommends, explains, and records human review. It does not automate customer decisions.",True
