source_ticket_id,ticket_id,customer_id,source_customer_id,customer_full_name,support_customer_name,support_customer_email,mapping_method,mapping_confidence,mapping_note
5984,T5984,C000037,2723,Mary Brady,,,risk_redistribution_v2,1.0,Reassigned by repair_data.py to track risk_score.
5042,T5042,C000037,2723,Mary Brady,,,risk_redistribution_v2,1.0,Reassigned by repair_data.py to track risk_score.
5039,T5039,C000037,2723,Mary Brady,,,risk_redistribution_v2,1.0,Reassigned by repair_data.py to track risk_score.
5034,T5034,C000037,2723,Mary Brady,,,risk_redistribution_v2,1.0,Reassigned by repair_data.py to track risk_score.
6971,T6971,C000037,2723,Mary Brady,,,risk_redistribution_v2,1.0,Reassigned by repair_data.py to track risk_score.
5029,T5029,C000037,2723,Mary Brady,,,risk_redistribution_v2,1.0,Reassigned by repair_data.py to track risk_score.
6469,T6469,C000037,2723,Mary Brady,,,risk_redistribution_v2,1.0,Reassigned by repair_data.py to track risk_score.
6467,T6467,C000037,2723,Mary Brady,,,risk_redistribution_v2,1.0,Reassigned by repair_data.py to track risk_score.
6465,T6465,C001760,8437,Rachel Sweeney,,,risk_redistribution_v2,1.0,Reassigned by repair_data.py to track risk_score.
6464,T6464,C001760,8437,Rachel Sweeney,,,risk_redistribution_v2,1.0,Reassigned by repair_data.py to track risk_score.
6459,T6459,C001760,8437,Rachel Sweeney,,,risk_redistribution_v2,1.0,Reassigned by repair_data.py to track risk_score.
5528,T5528,C001760,8437,Rachel Sweeney,,,risk_redistribution_v2,1.0,Reassigned by repair_data.py to track risk_score.
5527,T5527,C001760,8437,Rachel Sweeney,,,risk_redistribution_v2,1.0,Reassigned by repair_data.py to track risk_score.
5521,T5521,C001760,8437,Rachel Sweeney,,,risk_redistribution_v2,1.0,Reassigned by repair_data.py to track risk_score.
5520,T5520,C001760,8437,Rachel Sweeney,,,risk_redistribution_v2,1.0,Reassigned by repair_data.py to track risk_score.
5519,T5519,C001247,6560,Melissa Smith,,,risk_redistribution_v2,1.0,Reassigned by repair_data.py to track risk_score.
5994,T5994,C001247,6560,Melissa Smith,,,risk_redistribution_v2,1.0,Reassigned by repair_data.py to track risk_score.
5973,T5973,C001247,6560,Melissa Smith,,,risk_redistribution_v2,1.0,Reassigned by repair_data.py to track risk_score.
5970,T5970,C001247,6560,Melissa Smith,,,risk_redistribution_v2,1.0,Reassigned by repair_data.py to track risk_score.
5969,T5969,C001247,6560,Melissa Smith,,,risk_redistribution_v2,1.0,Reassigned by repair_data.py to track risk_score.
6944,T6944,C001281,4798,Mary Smith,,,risk_redistribution_v2,1.0,Reassigned by repair_data.py to track risk_score.
6943,T6943,C001281,4798,Mary Smith,,,risk_redistribution_v2,1.0,Reassigned by repair_data.py to track risk_score.
6939,T6939,C001281,4798,Mary Smith,,,risk_redistribution_v2,1.0,Reassigned by repair_data.py to track risk_score.
6968,T6968,C001281,4798,Mary Smith,,,risk_redistribution_v2,1.0,Reassigned by repair_data.py to track risk_score.
6959,T6959,C001281,4798,Mary Smith,,,risk_redistribution_v2,1.0,Reassigned by repair_data.py to track risk_score.
5045,T5045,C001281,4798,Mary Smith,,,risk_redistribution_v2,1.0,Reassigned by repair_data.py to track risk_score.
5025,T5025,C001281,4798,Mary Smith,,,risk_redistribution_v2,1.0,Reassigned by repair_data.py to track risk_score.
5022,T5022,C001281,4798,Mary Smith,,,risk_redistribution_v2,1.0,Reassigned by repair_data.py to track risk_score.
6987,T6987,C001169,1843,Frank Garcia,,,risk_redistribution_v2,1.0,Reassigned by repair_data.py to track risk_score.
6993,T6993,C001169,1843,Frank Garcia,,,risk_redistribution_v2,1.0,Reassigned by repair_data.py to track risk_score.
6997,T6997,C001169,1843,Frank Garcia,,,risk_redistribution_v2,1.0,Reassigned by repair_data.py to track risk_score.
5985,T5985,C001169,1843,Frank Garcia,,,risk_redistribution_v2,1.0,Reassigned by repair_data.py to track risk_score.
5084,T5084,C001169,1843,Frank Garcia,,,risk_redistribution_v2,1.0,Reassigned by repair_data.py to track risk_score.
5081,T5081,C001169,1843,Frank Garcia,,,risk_redistribution_v2,1.0,Reassigned by repair_data.py to track risk_score.
6935,T6935,C001169,1843,Frank Garcia,,,risk_redistribution_v2,1.0,Reassigned by repair_data.py to track risk_score.
6931,T6931,C001169,1843,Frank Garcia,,,risk_redistribution_v2,1.0,Reassigned by repair_data.py to track risk_score.
6929,T6929,C000325,291,John Smith,,,risk_redistribution_v2,1.0,Reassigned by repair_data.py to track risk_score.
6924,T6924,C000325,291,John Smith,,,risk_redistribution_v2,1.0,Reassigned by repair_data.py to track risk_score.
6922,T6922,C000325,291,John Smith,,,risk_redistribution_v2,1.0,Reassigned by repair_data.py to track risk_score.
6921,T6921,C000325,291,John Smith,,,risk_redistribution_v2,1.0,Reassigned by repair_data.py to track risk_score.
5080,T5080,C000325,291,John Smith,,,risk_redistribution_v2,1.0,Reassigned by repair_data.py to track risk_score.
5077,T5077,C000325,291,John Smith,,,risk_redistribution_v2,1.0,Reassigned by repair_data.py to track risk_score.
5968,T5968,C001906,2825,Sarah Smith,,,risk_redistribution_v2,1.0,Reassigned by repair_data.py to track risk_score.
5966,T5966,C001906,2825,Sarah Smith,,,risk_redistribution_v2,1.0,Reassigned by repair_data.py to track risk_score.
5963,T5963,C001906,2825,Sarah Smith,,,risk_redistribution_v2,1.0,Reassigned by repair_data.py to track risk_score.
6022,T6022,C001906,2825,Sarah Smith,,,risk_redistribution_v2,1.0,Reassigned by repair_data.py to track risk_score.
6021,T6021,C001906,2825,Sarah Smith,,,risk_redistribution_v2,1.0,Reassigned by repair_data.py to track risk_score.
6020,T6020,C001906,2825,Sarah Smith,,,risk_redistribution_v2,1.0,Reassigned by repair_data.py to track risk_score.
6909,T6909,C000346,12235,Jane Smith,,,risk_redistribution_v2,1.0,Reassigned by repair_data.py to track risk_score.
6906,T6906,C000346,12235,Jane Smith,,,risk_redistribution_v2,1.0,Reassigned by repair_data.py to track risk_score.
5095,T5095,C000346,12235,Jane Smith,,,risk_redistribution_v2,1.0,Reassigned by repair_data.py to track risk_score.
5089,T5089,C000346,12235,Jane Smith,,,risk_redistribution_v2,1.0,Reassigned by repair_data.py to track risk_score.
5956,T5956,C000346,12235,Jane Smith,,,risk_redistribution_v2,1.0,Reassigned by repair_data.py to track risk_score.
5952,T5952,C000346,12235,Jane Smith,,,risk_redistribution_v2,1.0,Reassigned by repair_data.py to track risk_score.
5948,T5948,C000346,12235,Jane Smith,,,risk_redistribution_v2,1.0,Reassigned by repair_data.py to track risk_score.
5946,T5946,C000346,12235,Jane Smith,,,risk_redistribution_v2,1.0,Reassigned by repair_data.py to track risk_score.
5942,T5942,C001299,7099,Mary Smith,,,risk_redistribution_v2,1.0,Reassigned by repair_data.py to track risk_score.
5939,T5939,C001299,7099,Mary Smith,,,risk_redistribution_v2,1.0,Reassigned by repair_data.py to track risk_score.
5936,T5936,C001299,7099,Mary Smith,,,risk_redistribution_v2,1.0,Reassigned by repair_data.py to track risk_score.
5935,T5935,C001299,7099,Mary Smith,,,risk_redistribution_v2,1.0,Reassigned by repair_data.py to track risk_score.
5932,T5932,C001299,7099,Mary Smith,,,risk_redistribution_v2,1.0,Reassigned by repair_data.py to track risk_score.
5931,T5931,C000615,12189,Judith Hicks,,,risk_redistribution_v2,1.0,Reassigned by repair_data.py to track risk_score.
5930,T5930,C000615,12189,Judith Hicks,,,risk_redistribution_v2,1.0,Reassigned by repair_data.py to track risk_score.
5087,T5087,C000615,12189,Judith Hicks,,,risk_redistribution_v2,1.0,Reassigned by repair_data.py to track risk_score.
5906,T5906,C000615,12189,Judith Hicks,,,risk_redistribution_v2,1.0,Reassigned by repair_data.py to track risk_score.
5904,T5904,C000615,12189,Judith Hicks,,,risk_redistribution_v2,1.0,Reassigned by repair_data.py to track risk_score.
5899,T5899,C000615,12189,Judith Hicks,,,risk_redistribution_v2,1.0,Reassigned by repair_data.py to track risk_score.
5116,T5116,C000615,12189,Judith Hicks,,,risk_redistribution_v2,1.0,Reassigned by repair_data.py to track risk_score.
5109,T5109,C000615,12189,Judith Hicks,,,risk_redistribution_v2,1.0,Reassigned by repair_data.py to track risk_score.
5106,T5106,C001597,6834,Mary Smith,,,risk_redistribution_v2,1.0,Reassigned by repair_data.py to track risk_score.
5103,T5103,C001597,6834,Mary Smith,,,risk_redistribution_v2,1.0,Reassigned by repair_data.py to track risk_score.
5102,T5102,C001597,6834,Mary Smith,,,risk_redistribution_v2,1.0,Reassigned by repair_data.py to track risk_score.
6032,T6032,C001597,6834,Mary Smith,,,risk_redistribution_v2,1.0,Reassigned by repair_data.py to track risk_score.
6030,T6030,C001597,6834,Mary Smith,,,risk_redistribution_v2,1.0,Reassigned by repair_data.py to track risk_score.
6025,T6025,C001597,6834,Mary Smith,,,risk_redistribution_v2,1.0,Reassigned by repair_data.py to track risk_score.
5926,T5926,C001327,6730,Mary Gallegos,,,risk_redistribution_v2,1.0,Reassigned by repair_data.py to track risk_score.
5924,T5924,C001327,6730,Mary Gallegos,,,risk_redistribution_v2,1.0,Reassigned by repair_data.py to track risk_score.
5919,T5919,C001327,6730,Mary Gallegos,,,risk_redistribution_v2,1.0,Reassigned by repair_data.py to track risk_score.
5917,T5917,C001327,6730,Mary Gallegos,,,risk_redistribution_v2,1.0,Reassigned by repair_data.py to track risk_score.
6919,T6919,C001327,6730,Mary Gallegos,,,risk_redistribution_v2,1.0,Reassigned by repair_data.py to track risk_score.
5869,T5869,C001327,6730,Mary Gallegos,,,risk_redistribution_v2,1.0,Reassigned by repair_data.py to track risk_score.
5134,T5134,C001327,6730,Mary Gallegos,,,risk_redistribution_v2,1.0,Reassigned by repair_data.py to track risk_score.
5132,T5132,C001327,6730,Mary Gallegos,,,risk_redistribution_v2,1.0,Reassigned by repair_data.py to track risk_score.
6884,T6884,C001662,1116,Mary Henderson,,,risk_redistribution_v2,1.0,Reassigned by repair_data.py to track risk_score.
6875,T6875,C001662,1116,Mary Henderson,,,risk_redistribution_v2,1.0,Reassigned by repair_data.py to track risk_score.
6899,T6899,C001662,1116,Mary Henderson,,,risk_redistribution_v2,1.0,Reassigned by repair_data.py to track risk_score.
6890,T6890,C001662,1116,Mary Henderson,,,risk_redistribution_v2,1.0,Reassigned by repair_data.py to track risk_score.
5122,T5122,C001662,1116,Mary Henderson,,,risk_redistribution_v2,1.0,Reassigned by repair_data.py to track risk_score.
6049,T6049,C001662,1116,Mary Henderson,,,risk_redistribution_v2,1.0,Reassigned by repair_data.py to track risk_score.
6044,T6044,C001662,1116,Mary Henderson,,,risk_redistribution_v2,1.0,Reassigned by repair_data.py to track risk_score.
6082,T6082,C001662,1116,Mary Henderson,,,risk_redistribution_v2,1.0,Reassigned by repair_data.py to track risk_score.
5916,T5916,C001041,7974,Mary Shaw,,,risk_redistribution_v2,1.0,Reassigned by repair_data.py to track risk_score.
5915,T5915,C001041,7974,Mary Shaw,,,risk_redistribution_v2,1.0,Reassigned by repair_data.py to track risk_score.
5913,T5913,C001041,7974,Mary Shaw,,,risk_redistribution_v2,1.0,Reassigned by repair_data.py to track risk_score.
5912,T5912,C001041,7974,Mary Shaw,,,risk_redistribution_v2,1.0,Reassigned by repair_data.py to track risk_score.
5908,T5908,C001041,7974,Mary Shaw,,,risk_redistribution_v2,1.0,Reassigned by repair_data.py to track risk_score.
5144,T5144,C001041,7974,Mary Shaw,,,risk_redistribution_v2,1.0,Reassigned by repair_data.py to track risk_score.
5141,T5141,C001041,7974,Mary Shaw,,,risk_redistribution_v2,1.0,Reassigned by repair_data.py to track risk_score.
5139,T5139,C001472,7738,Mary Smith,,,risk_redistribution_v2,1.0,Reassigned by repair_data.py to track risk_score.
5137,T5137,C001472,7738,Mary Smith,,,risk_redistribution_v2,1.0,Reassigned by repair_data.py to track risk_score.
5135,T5135,C001472,7738,Mary Smith,,,risk_redistribution_v2,1.0,Reassigned by repair_data.py to track risk_score.
5895,T5895,C001472,7738,Mary Smith,,,risk_redistribution_v2,1.0,Reassigned by repair_data.py to track risk_score.
5891,T5891,C001472,7738,Mary Smith,,,risk_redistribution_v2,1.0,Reassigned by repair_data.py to track risk_score.
5888,T5888,C001236,4495,Mary White,,,risk_redistribution_v2,1.0,Reassigned by repair_data.py to track risk_score.
5884,T5884,C001236,4495,Mary White,,,risk_redistribution_v2,1.0,Reassigned by repair_data.py to track risk_score.
6104,T6104,C001236,4495,Mary White,,,risk_redistribution_v2,1.0,Reassigned by repair_data.py to track risk_score.
6102,T6102,C001236,4495,Mary White,,,risk_redistribution_v2,1.0,Reassigned by repair_data.py to track risk_score.
6098,T6098,C001236,4495,Mary White,,,risk_redistribution_v2,1.0,Reassigned by repair_data.py to track risk_score.
6094,T6094,C001236,4495,Mary White,,,risk_redistribution_v2,1.0,Reassigned by repair_data.py to track risk_score.
6093,T6093,C001236,4495,Mary White,,,risk_redistribution_v2,1.0,Reassigned by repair_data.py to track risk_score.
5879,T5879,C000369,9153,Sharon Jenkins,,,risk_redistribution_v2,1.0,Reassigned by repair_data.py to track risk_score.
5871,T5871,C000369,9153,Sharon Jenkins,,,risk_redistribution_v2,1.0,Reassigned by repair_data.py to track risk_score.
6109,T6109,C000369,9153,Sharon Jenkins,,,risk_redistribution_v2,1.0,Reassigned by repair_data.py to track risk_score.
6105,T6105,C000369,9153,Sharon Jenkins,,,risk_redistribution_v2,1.0,Reassigned by repair_data.py to track risk_score.
5859,T5859,C000369,9153,Sharon Jenkins,,,risk_redistribution_v2,1.0,Reassigned by repair_data.py to track risk_score.
6836,T6836,C000369,9153,Sharon Jenkins,,,risk_redistribution_v2,1.0,Reassigned by repair_data.py to track risk_score.
6835,T6835,C000369,9153,Sharon Jenkins,,,risk_redistribution_v2,1.0,Reassigned by repair_data.py to track risk_score.
6828,T6828,C000369,9153,Sharon Jenkins,,,risk_redistribution_v2,1.0,Reassigned by repair_data.py to track risk_score.
6848,T6848,C000393,6959,Joan Lin,,,risk_redistribution_v2,1.0,Reassigned by repair_data.py to track risk_score.
6845,T6845,C000393,6959,Joan Lin,,,risk_redistribution_v2,1.0,Reassigned by repair_data.py to track risk_score.
6843,T6843,C000393,6959,Joan Lin,,,risk_redistribution_v2,1.0,Reassigned by repair_data.py to track risk_score.
5151,T5151,C000393,6959,Joan Lin,,,risk_redistribution_v2,1.0,Reassigned by repair_data.py to track risk_score.
5150,T5150,C000393,6959,Joan Lin,,,risk_redistribution_v2,1.0,Reassigned by repair_data.py to track risk_score.
6870,T6870,C000393,6959,Joan Lin,,,risk_redistribution_v2,1.0,Reassigned by repair_data.py to track risk_score.
6866,T6866,C000393,6959,Joan Lin,,,risk_redistribution_v2,1.0,Reassigned by repair_data.py to track risk_score.
6860,T6860,C000393,6959,Joan Lin,,,risk_redistribution_v2,1.0,Reassigned by repair_data.py to track risk_score.
6858,T6858,C001426,8294,Mary Smith,,,risk_redistribution_v2,1.0,Reassigned by repair_data.py to track risk_score.
6857,T6857,C001426,8294,Mary Smith,,,risk_redistribution_v2,1.0,Reassigned by repair_data.py to track risk_score.
5163,T5163,C001426,8294,Mary Smith,,,risk_redistribution_v2,1.0,Reassigned by repair_data.py to track risk_score.
6837,T6837,C001426,8294,Mary Smith,,,risk_redistribution_v2,1.0,Reassigned by repair_data.py to track risk_score.
5850,T5850,C001426,8294,Mary Smith,,,risk_redistribution_v2,1.0,Reassigned by repair_data.py to track risk_score.
6135,T6135,C000163,230,Kimberly Smith,,,risk_redistribution_v2,1.0,Reassigned by repair_data.py to track risk_score.
6134,T6134,C000163,230,Kimberly Smith,,,risk_redistribution_v2,1.0,Reassigned by repair_data.py to track risk_score.
6124,T6124,C000163,230,Kimberly Smith,,,risk_redistribution_v2,1.0,Reassigned by repair_data.py to track risk_score.
6123,T6123,C000163,230,Kimberly Smith,,,risk_redistribution_v2,1.0,Reassigned by repair_data.py to track risk_score.
6122,T6122,C000163,230,Kimberly Smith,,,risk_redistribution_v2,1.0,Reassigned by repair_data.py to track risk_score.
5841,T5841,C000163,230,Kimberly Smith,,,risk_redistribution_v2,1.0,Reassigned by repair_data.py to track risk_score.
5838,T5838,C000163,230,Kimberly Smith,,,risk_redistribution_v2,1.0,Reassigned by repair_data.py to track risk_score.
5837,T5837,C001801,2467,Keith Smith,,,risk_redistribution_v2,1.0,Reassigned by repair_data.py to track risk_score.
5836,T5836,C001801,2467,Keith Smith,,,risk_redistribution_v2,1.0,Reassigned by repair_data.py to track risk_score.
5867,T5867,C001801,2467,Keith Smith,,,risk_redistribution_v2,1.0,Reassigned by repair_data.py to track risk_score.
6119,T6119,C001801,2467,Keith Smith,,,risk_redistribution_v2,1.0,Reassigned by repair_data.py to track risk_score.
6118,T6118,C001801,2467,Keith Smith,,,risk_redistribution_v2,1.0,Reassigned by repair_data.py to track risk_score.
6114,T6114,C001801,2467,Keith Smith,,,risk_redistribution_v2,1.0,Reassigned by repair_data.py to track risk_score.
5191,T5191,C001801,2467,Keith Smith,,,risk_redistribution_v2,1.0,Reassigned by repair_data.py to track risk_score.
5190,T5190,C001801,2467,Keith Smith,,,risk_redistribution_v2,1.0,Reassigned by repair_data.py to track risk_score.
5182,T5182,C000534,1512,Mary Rowe,,,risk_redistribution_v2,1.0,Reassigned by repair_data.py to track risk_score.
5180,T5180,C000534,1512,Mary Rowe,,,risk_redistribution_v2,1.0,Reassigned by repair_data.py to track risk_score.
5835,T5835,C000534,1512,Mary Rowe,,,risk_redistribution_v2,1.0,Reassigned by repair_data.py to track risk_score.
6150,T6150,C000534,1512,Mary Rowe,,,risk_redistribution_v2,1.0,Reassigned by repair_data.py to track risk_score.
6144,T6144,C000534,1512,Mary Rowe,,,risk_redistribution_v2,1.0,Reassigned by repair_data.py to track risk_score.
6143,T6143,C001165,5147,Mary Hurst,,,risk_redistribution_v2,1.0,Reassigned by repair_data.py to track risk_score.
6141,T6141,C001165,5147,Mary Hurst,,,risk_redistribution_v2,1.0,Reassigned by repair_data.py to track risk_score.
6139,T6139,C001165,5147,Mary Hurst,,,risk_redistribution_v2,1.0,Reassigned by repair_data.py to track risk_score.
5831,T5831,C001165,5147,Mary Hurst,,,risk_redistribution_v2,1.0,Reassigned by repair_data.py to track risk_score.
5830,T5830,C001165,5147,Mary Hurst,,,risk_redistribution_v2,1.0,Reassigned by repair_data.py to track risk_score.
5822,T5822,C001165,5147,Mary Hurst,,,risk_redistribution_v2,1.0,Reassigned by repair_data.py to track risk_score.
6817,T6817,C001165,5147,Mary Hurst,,,risk_redistribution_v2,1.0,Reassigned by repair_data.py to track risk_score.
6813,T6813,C001165,5147,Mary Hurst,,,risk_redistribution_v2,1.0,Reassigned by repair_data.py to track risk_score.
5175,T5175,C000275,5477,Mary Smith,,,risk_redistribution_v2,1.0,Reassigned by repair_data.py to track risk_score.
5201,T5201,C000275,5477,Mary Smith,,,risk_redistribution_v2,1.0,Reassigned by repair_data.py to track risk_score.
5199,T5199,C000275,5477,Mary Smith,,,risk_redistribution_v2,1.0,Reassigned by repair_data.py to track risk_score.
5194,T5194,C000275,5477,Mary Smith,,,risk_redistribution_v2,1.0,Reassigned by repair_data.py to track risk_score.
5821,T5821,C000275,5477,Mary Smith,,,risk_redistribution_v2,1.0,Reassigned by repair_data.py to track risk_score.
6165,T6165,C001258,1478,Anna Sanchez,,,risk_redistribution_v2,1.0,Reassigned by repair_data.py to track risk_score.
6164,T6164,C001258,1478,Anna Sanchez,,,risk_redistribution_v2,1.0,Reassigned by repair_data.py to track risk_score.
6162,T6162,C001258,1478,Anna Sanchez,,,risk_redistribution_v2,1.0,Reassigned by repair_data.py to track risk_score.
6159,T6159,C001258,1478,Anna Sanchez,,,risk_redistribution_v2,1.0,Reassigned by repair_data.py to track risk_score.
6155,T6155,C001258,1478,Anna Sanchez,,,risk_redistribution_v2,1.0,Reassigned by repair_data.py to track risk_score.
5815,T5815,C001258,1478,Anna Sanchez,,,risk_redistribution_v2,1.0,Reassigned by repair_data.py to track risk_score.
5804,T5804,C001258,1478,Anna Sanchez,,,risk_redistribution_v2,1.0,Reassigned by repair_data.py to track risk_score.
5802,T5802,C001258,1478,Anna Sanchez,,,risk_redistribution_v2,1.0,Reassigned by repair_data.py to track risk_score.
6805,T6805,C000926,2083,Mary Smith,,,risk_redistribution_v2,1.0,Reassigned by repair_data.py to track risk_score.
6795,T6795,C000926,2083,Mary Smith,,,risk_redistribution_v2,1.0,Reassigned by repair_data.py to track risk_score.
6794,T6794,C000926,2083,Mary Smith,,,risk_redistribution_v2,1.0,Reassigned by repair_data.py to track risk_score.
6793,T6793,C000926,2083,Mary Smith,,,risk_redistribution_v2,1.0,Reassigned by repair_data.py to track risk_score.
5220,T5220,C000926,2083,Mary Smith,,,risk_redistribution_v2,1.0,Reassigned by repair_data.py to track risk_score.
5219,T5219,C001012,6573,Joseph Noble,,,risk_redistribution_v2,1.0,Reassigned by repair_data.py to track risk_score.
5216,T5216,C001012,6573,Joseph Noble,,,risk_redistribution_v2,1.0,Reassigned by repair_data.py to track risk_score.
6791,T6791,C001012,6573,Joseph Noble,,,risk_redistribution_v2,1.0,Reassigned by repair_data.py to track risk_score.
6181,T6181,C001012,6573,Joseph Noble,,,risk_redistribution_v2,1.0,Reassigned by repair_data.py to track risk_score.
6173,T6173,C001012,6573,Joseph Noble,,,risk_redistribution_v2,1.0,Reassigned by repair_data.py to track risk_score.
6170,T6170,C001468,4624,Kenneth Matthews,,,risk_redistribution_v2,1.0,Reassigned by repair_data.py to track risk_score.
5798,T5798,C001468,4624,Kenneth Matthews,,,risk_redistribution_v2,1.0,Reassigned by repair_data.py to track risk_score.
5796,T5796,C001468,4624,Kenneth Matthews,,,risk_redistribution_v2,1.0,Reassigned by repair_data.py to track risk_score.
5794,T5794,C001468,4624,Kenneth Matthews,,,risk_redistribution_v2,1.0,Reassigned by repair_data.py to track risk_score.
5793,T5793,C001468,4624,Kenneth Matthews,,,risk_redistribution_v2,1.0,Reassigned by repair_data.py to track risk_score.
5792,T5792,C001468,4624,Kenneth Matthews,,,risk_redistribution_v2,1.0,Reassigned by repair_data.py to track risk_score.
5790,T5790,C001468,4624,Kenneth Matthews,,,risk_redistribution_v2,1.0,Reassigned by repair_data.py to track risk_score.
6784,T6784,C001619,7465,Andrew Smith,,,risk_redistribution_v2,1.0,Reassigned by repair_data.py to track risk_score.
6780,T6780,C001619,7465,Andrew Smith,,,risk_redistribution_v2,1.0,Reassigned by repair_data.py to track risk_score.
5208,T5208,C001619,7465,Andrew Smith,,,risk_redistribution_v2,1.0,Reassigned by repair_data.py to track risk_score.
6187,T6187,C001619,7465,Andrew Smith,,,risk_redistribution_v2,1.0,Reassigned by repair_data.py to track risk_score.
6204,T6204,C001619,7465,Andrew Smith,,,risk_redistribution_v2,1.0,Reassigned by repair_data.py to track risk_score.
5249,T5249,C001619,7465,Andrew Smith,,,risk_redistribution_v2,1.0,Reassigned by repair_data.py to track risk_score.
5244,T5244,C001619,7465,Andrew Smith,,,risk_redistribution_v2,1.0,Reassigned by repair_data.py to track risk_score.
5243,T5243,C001320,6003,Mary Smith,,,risk_redistribution_v2,1.0,Reassigned by repair_data.py to track risk_score.
5239,T5239,C001320,6003,Mary Smith,,,risk_redistribution_v2,1.0,Reassigned by repair_data.py to track risk_score.
5237,T5237,C001320,6003,Mary Smith,,,risk_redistribution_v2,1.0,Reassigned by repair_data.py to track risk_score.
5236,T5236,C001320,6003,Mary Smith,,,risk_redistribution_v2,1.0,Reassigned by repair_data.py to track risk_score.
5235,T5235,C001320,6003,Mary Smith,,,risk_redistribution_v2,1.0,Reassigned by repair_data.py to track risk_score.
5230,T5230,C001862,9885,Jordan Smith,,,risk_redistribution_v2,1.0,Reassigned by repair_data.py to track risk_score.
6772,T6772,C001862,9885,Jordan Smith,,,risk_redistribution_v2,1.0,Reassigned by repair_data.py to track risk_score.
6771,T6771,C001862,9885,Jordan Smith,,,risk_redistribution_v2,1.0,Reassigned by repair_data.py to track risk_score.
6769,T6769,C001862,9885,Jordan Smith,,,risk_redistribution_v2,1.0,Reassigned by repair_data.py to track risk_score.
6764,T6764,C001862,9885,Jordan Smith,,,risk_redistribution_v2,1.0,Reassigned by repair_data.py to track risk_score.
5223,T5223,C001862,9885,Jordan Smith,,,risk_redistribution_v2,1.0,Reassigned by repair_data.py to track risk_score.
5222,T5222,C001862,9885,Jordan Smith,,,risk_redistribution_v2,1.0,Reassigned by repair_data.py to track risk_score.
6217,T6217,C000492,3838,Joseph Jackson,,,risk_redistribution_v2,1.0,Reassigned by repair_data.py to track risk_score.
5766,T5766,C000492,3838,Joseph Jackson,,,risk_redistribution_v2,1.0,Reassigned by repair_data.py to track risk_score.
6753,T6753,C000492,3838,Joseph Jackson,,,risk_redistribution_v2,1.0,Reassigned by repair_data.py to track risk_score.
6751,T6751,C000492,3838,Joseph Jackson,,,risk_redistribution_v2,1.0,Reassigned by repair_data.py to track risk_score.
6749,T6749,C000492,3838,Joseph Jackson,,,risk_redistribution_v2,1.0,Reassigned by repair_data.py to track risk_score.
6746,T6746,C001338,4308,William Smith,,,risk_redistribution_v2,1.0,Reassigned by repair_data.py to track risk_score.
5252,T5252,C001338,4308,William Smith,,,risk_redistribution_v2,1.0,Reassigned by repair_data.py to track risk_score.
5251,T5251,C001338,4308,William Smith,,,risk_redistribution_v2,1.0,Reassigned by repair_data.py to track risk_score.
5789,T5789,C001338,4308,William Smith,,,risk_redistribution_v2,1.0,Reassigned by repair_data.py to track risk_score.
5788,T5788,C001338,4308,William Smith,,,risk_redistribution_v2,1.0,Reassigned by repair_data.py to track risk_score.
5787,T5787,C001338,4308,William Smith,,,risk_redistribution_v2,1.0,Reassigned by repair_data.py to track risk_score.
5786,T5786,C001338,4308,William Smith,,,risk_redistribution_v2,1.0,Reassigned by repair_data.py to track risk_score.
6200,T6200,C001338,4308,William Smith,,,risk_redistribution_v2,1.0,Reassigned by repair_data.py to track risk_score.
6194,T6194,C000551,10490,Brenda Ramirez,,,risk_redistribution_v2,1.0,Reassigned by repair_data.py to track risk_score.
6192,T6192,C000551,10490,Brenda Ramirez,,,risk_redistribution_v2,1.0,Reassigned by repair_data.py to track risk_score.
6189,T6189,C000551,10490,Brenda Ramirez,,,risk_redistribution_v2,1.0,Reassigned by repair_data.py to track risk_score.
5741,T5741,C000551,10490,Brenda Ramirez,,,risk_redistribution_v2,1.0,Reassigned by repair_data.py to track risk_score.
6242,T6242,C000551,10490,Brenda Ramirez,,,risk_redistribution_v2,1.0,Reassigned by repair_data.py to track risk_score.
6731,T6731,C001515,6108,Emma Smith,,,risk_redistribution_v2,1.0,Reassigned by repair_data.py to track risk_score.
6729,T6729,C001515,6108,Emma Smith,,,risk_redistribution_v2,1.0,Reassigned by repair_data.py to track risk_score.
5272,T5272,C001515,6108,Emma Smith,,,risk_redistribution_v2,1.0,Reassigned by repair_data.py to track risk_score.
5271,T5271,C001515,6108,Emma Smith,,,risk_redistribution_v2,1.0,Reassigned by repair_data.py to track risk_score.
5265,T5265,C001515,6108,Emma Smith,,,risk_redistribution_v2,1.0,Reassigned by repair_data.py to track risk_score.
5262,T5262,C001515,6108,Emma Smith,,,risk_redistribution_v2,1.0,Reassigned by repair_data.py to track risk_score.
5784,T5784,C001515,6108,Emma Smith,,,risk_redistribution_v2,1.0,Reassigned by repair_data.py to track risk_score.
5780,T5780,C001046,9721,Mary Smith,,,risk_redistribution_v2,1.0,Reassigned by repair_data.py to track risk_score.
5777,T5777,C001046,9721,Mary Smith,,,risk_redistribution_v2,1.0,Reassigned by repair_data.py to track risk_score.
6232,T6232,C001046,9721,Mary Smith,,,risk_redistribution_v2,1.0,Reassigned by repair_data.py to track risk_score.
6229,T6229,C001046,9721,Mary Smith,,,risk_redistribution_v2,1.0,Reassigned by repair_data.py to track risk_score.
6225,T6225,C001046,9721,Mary Smith,,,risk_redistribution_v2,1.0,Reassigned by repair_data.py to track risk_score.
6223,T6223,C001046,9721,Mary Smith,,,risk_redistribution_v2,1.0,Reassigned by repair_data.py to track risk_score.
6222,T6222,C001046,9721,Mary Smith,,,risk_redistribution_v2,1.0,Reassigned by repair_data.py to track risk_score.
6727,T6727,C001046,9721,Mary Smith,,,risk_redistribution_v2,1.0,Reassigned by repair_data.py to track risk_score.
6725,T6725,C000751,2087,Mary Burton,,,risk_redistribution_v2,1.0,Reassigned by repair_data.py to track risk_score.
6715,T6715,C000751,2087,Mary Burton,,,risk_redistribution_v2,1.0,Reassigned by repair_data.py to track risk_score.
5287,T5287,C000751,2087,Mary Burton,,,risk_redistribution_v2,1.0,Reassigned by repair_data.py to track risk_score.
5284,T5284,C000751,2087,Mary Burton,,,risk_redistribution_v2,1.0,Reassigned by repair_data.py to track risk_score.
5281,T5281,C000751,2087,Mary Burton,,,risk_redistribution_v2,1.0,Reassigned by repair_data.py to track risk_score.
5273,T5273,C000506,9053,William Smith,,,risk_redistribution_v2,1.0,Reassigned by repair_data.py to track risk_score.
6744,T6744,C000506,9053,William Smith,,,risk_redistribution_v2,1.0,Reassigned by repair_data.py to track risk_score.
5761,T5761,C000506,9053,William Smith,,,risk_redistribution_v2,1.0,Reassigned by repair_data.py to track risk_score.
5753,T5753,C000506,9053,William Smith,,,risk_redistribution_v2,1.0,Reassigned by repair_data.py to track risk_score.
5751,T5751,C000506,9053,William Smith,,,risk_redistribution_v2,1.0,Reassigned by repair_data.py to track risk_score.
5750,T5750,C001790,4567,Rose Smith,,,risk_redistribution_v2,1.0,Reassigned by repair_data.py to track risk_score.
5749,T5749,C001790,4567,Rose Smith,,,risk_redistribution_v2,1.0,Reassigned by repair_data.py to track risk_score.
5744,T5744,C001790,4567,Rose Smith,,,risk_redistribution_v2,1.0,Reassigned by repair_data.py to track risk_score.
5743,T5743,C001790,4567,Rose Smith,,,risk_redistribution_v2,1.0,Reassigned by repair_data.py to track risk_score.
5742,T5742,C001790,4567,Rose Smith,,,risk_redistribution_v2,1.0,Reassigned by repair_data.py to track risk_score.
5306,T5306,C000947,5296,Evelyn Jefferson,,,risk_redistribution_v2,1.0,Reassigned by repair_data.py to track risk_score.
6712,T6712,C000947,5296,Evelyn Jefferson,,,risk_redistribution_v2,1.0,Reassigned by repair_data.py to track risk_score.
6697,T6697,C000947,5296,Evelyn Jefferson,,,risk_redistribution_v2,1.0,Reassigned by repair_data.py to track risk_score.
5298,T5298,C001542,12195,Brenda Moyer,,,risk_redistribution_v2,1.0,Reassigned by repair_data.py to track risk_score.
5295,T5295,C001542,12195,Brenda Moyer,,,risk_redistribution_v2,1.0,Reassigned by repair_data.py to track risk_score.
5294,T5294,C001542,12195,Brenda Moyer,,,risk_redistribution_v2,1.0,Reassigned by repair_data.py to track risk_score.
6241,T6241,C001542,12195,Brenda Moyer,,,risk_redistribution_v2,1.0,Reassigned by repair_data.py to track risk_score.
6240,T6240,C001542,12195,Brenda Moyer,,,risk_redistribution_v2,1.0,Reassigned by repair_data.py to track risk_score.
6237,T6237,C000127,4022,Mary Harding,,,risk_redistribution_v2,1.0,Reassigned by repair_data.py to track risk_score.
5735,T5735,C000127,4022,Mary Harding,,,risk_redistribution_v2,1.0,Reassigned by repair_data.py to track risk_score.
5733,T5733,C000127,4022,Mary Harding,,,risk_redistribution_v2,1.0,Reassigned by repair_data.py to track risk_score.
5728,T5728,C000127,4022,Mary Harding,,,risk_redistribution_v2,1.0,Reassigned by repair_data.py to track risk_score.
5721,T5721,C000310,9740,Mary Smith,,,risk_redistribution_v2,1.0,Reassigned by repair_data.py to track risk_score.
6263,T6263,C000310,9740,Mary Smith,,,risk_redistribution_v2,1.0,Reassigned by repair_data.py to track risk_score.
5290,T5290,C000310,9740,Mary Smith,,,risk_redistribution_v2,1.0,Reassigned by repair_data.py to track risk_score.
6728,T6728,C000310,9740,Mary Smith,,,risk_redistribution_v2,1.0,Reassigned by repair_data.py to track risk_score.
5324,T5324,C000310,9740,Mary Smith,,,risk_redistribution_v2,1.0,Reassigned by repair_data.py to track risk_score.
5323,T5323,C000498,11513,David Smith,,,risk_redistribution_v2,1.0,Reassigned by repair_data.py to track risk_score.
6683,T6683,C000498,11513,David Smith,,,risk_redistribution_v2,1.0,Reassigned by repair_data.py to track risk_score.
6682,T6682,C000498,11513,David Smith,,,risk_redistribution_v2,1.0,Reassigned by repair_data.py to track risk_score.
5320,T5320,C000972,8542,Jane Rich,,,risk_redistribution_v2,1.0,Reassigned by repair_data.py to track risk_score.
5316,T5316,C000972,8542,Jane Rich,,,risk_redistribution_v2,1.0,Reassigned by repair_data.py to track risk_score.
5312,T5312,C000972,8542,Jane Rich,,,risk_redistribution_v2,1.0,Reassigned by repair_data.py to track risk_score.
6254,T6254,C001576,4838,Mark Frank,,,risk_redistribution_v2,1.0,Reassigned by repair_data.py to track risk_score.
6253,T6253,C001576,4838,Mark Frank,,,risk_redistribution_v2,1.0,Reassigned by repair_data.py to track risk_score.
6249,T6249,C001576,4838,Mark Frank,,,risk_redistribution_v2,1.0,Reassigned by repair_data.py to track risk_score.
5720,T5720,C001576,4838,Mark Frank,,,risk_redistribution_v2,1.0,Reassigned by repair_data.py to track risk_score.
5719,T5719,C001576,4838,Mark Frank,,,risk_redistribution_v2,1.0,Reassigned by repair_data.py to track risk_score.
5717,T5717,C001738,321,David Smith,,,risk_redistribution_v2,1.0,Reassigned by repair_data.py to track risk_score.
5715,T5715,C001738,321,David Smith,,,risk_redistribution_v2,1.0,Reassigned by repair_data.py to track risk_score.
5711,T5711,C001738,321,David Smith,,,risk_redistribution_v2,1.0,Reassigned by repair_data.py to track risk_score.
5308,T5308,C001738,321,David Smith,,,risk_redistribution_v2,1.0,Reassigned by repair_data.py to track risk_score.
5680,T5680,C001738,321,David Smith,,,risk_redistribution_v2,1.0,Reassigned by repair_data.py to track risk_score.
5342,T5342,C001290,1346,Mary Gutierrez,,,risk_redistribution_v2,1.0,Reassigned by repair_data.py to track risk_score.
5339,T5339,C001290,1346,Mary Gutierrez,,,risk_redistribution_v2,1.0,Reassigned by repair_data.py to track risk_score.
5337,T5337,C001290,1346,Mary Gutierrez,,,risk_redistribution_v2,1.0,Reassigned by repair_data.py to track risk_score.
6680,T6680,C001290,1346,Mary Gutierrez,,,risk_redistribution_v2,1.0,Reassigned by repair_data.py to track risk_score.
6679,T6679,C001290,1346,Mary Gutierrez,,,risk_redistribution_v2,1.0,Reassigned by repair_data.py to track risk_score.
6678,T6678,C000675,1373,Mary Smith,,,risk_redistribution_v2,1.0,Reassigned by repair_data.py to track risk_score.
6671,T6671,C000675,1373,Mary Smith,,,risk_redistribution_v2,1.0,Reassigned by repair_data.py to track risk_score.
5327,T5327,C000675,1373,Mary Smith,,,risk_redistribution_v2,1.0,Reassigned by repair_data.py to track risk_score.
5710,T5710,C000264,10610,Nancy Bryant,,,risk_redistribution_v2,1.0,Reassigned by repair_data.py to track risk_score.
5708,T5708,C000264,10610,Nancy Bryant,,,risk_redistribution_v2,1.0,Reassigned by repair_data.py to track risk_score.
6278,T6278,C000264,10610,Nancy Bryant,,,risk_redistribution_v2,1.0,Reassigned by repair_data.py to track risk_score.
6277,T6277,C000264,10610,Nancy Bryant,,,risk_redistribution_v2,1.0,Reassigned by repair_data.py to track risk_score.
6272,T6272,C001853,8207,Charles Jordan,,,risk_redistribution_v2,1.0,Reassigned by repair_data.py to track risk_score.
6266,T6266,C001853,8207,Charles Jordan,,,risk_redistribution_v2,1.0,Reassigned by repair_data.py to track risk_score.
5702,T5702,C001853,8207,Charles Jordan,,,risk_redistribution_v2,1.0,Reassigned by repair_data.py to track risk_score.
5354,T5354,C001853,8207,Charles Jordan,,,risk_redistribution_v2,1.0,Reassigned by repair_data.py to track risk_score.
6664,T6664,C000880,2600,Deborah Smith,,,risk_redistribution_v2,1.0,Reassigned by repair_data.py to track risk_score.
6660,T6660,C000880,2600,Deborah Smith,,,risk_redistribution_v2,1.0,Reassigned by repair_data.py to track risk_score.
6650,T6650,C000880,2600,Deborah Smith,,,risk_redistribution_v2,1.0,Reassigned by repair_data.py to track risk_score.
6649,T6649,C000880,2600,Deborah Smith,,,risk_redistribution_v2,1.0,Reassigned by repair_data.py to track risk_score.
5351,T5351,C001437,11189,Mary Hammond,,,risk_redistribution_v2,1.0,Reassigned by repair_data.py to track risk_score.
5350,T5350,C001437,11189,Mary Hammond,,,risk_redistribution_v2,1.0,Reassigned by repair_data.py to track risk_score.
5701,T5701,C001437,11189,Mary Hammond,,,risk_redistribution_v2,1.0,Reassigned by repair_data.py to track risk_score.
5698,T5698,C000626,11554,Hannah Marshall,,,risk_redistribution_v2,1.0,Reassigned by repair_data.py to track risk_score.
5693,T5693,C000626,11554,Hannah Marshall,,,risk_redistribution_v2,1.0,Reassigned by repair_data.py to track risk_score.
6294,T6294,C000626,11554,Hannah Marshall,,,risk_redistribution_v2,1.0,Reassigned by repair_data.py to track risk_score.
6292,T6292,C000626,11554,Hannah Marshall,,,risk_redistribution_v2,1.0,Reassigned by repair_data.py to track risk_score.
6288,T6288,C001077,5660,Mary Maldonado,,,risk_redistribution_v2,1.0,Reassigned by repair_data.py to track risk_score.
6283,T6283,C001077,5660,Mary Maldonado,,,risk_redistribution_v2,1.0,Reassigned by repair_data.py to track risk_score.
5685,T5685,C001077,5660,Mary Maldonado,,,risk_redistribution_v2,1.0,Reassigned by repair_data.py to track risk_score.
5684,T5684,C001077,5660,Mary Maldonado,,,risk_redistribution_v2,1.0,Reassigned by repair_data.py to track risk_score.
5654,T5654,C001460,1961,Mary Holt,,,risk_redistribution_v2,1.0,Reassigned by repair_data.py to track risk_score.
5374,T5374,C001460,1961,Mary Holt,,,risk_redistribution_v2,1.0,Reassigned by repair_data.py to track risk_score.
6641,T6641,C001460,1961,Mary Holt,,,risk_redistribution_v2,1.0,Reassigned by repair_data.py to track risk_score.
6640,T6640,C001910,4107,Larry Franklin,,,risk_redistribution_v2,1.0,Reassigned by repair_data.py to track risk_score.
6635,T6635,C001910,4107,Larry Franklin,,,risk_redistribution_v2,1.0,Reassigned by repair_data.py to track risk_score.
5368,T5368,C001910,4107,Larry Franklin,,,risk_redistribution_v2,1.0,Reassigned by repair_data.py to track risk_score.
5367,T5367,C001910,4107,Larry Franklin,,,risk_redistribution_v2,1.0,Reassigned by repair_data.py to track risk_score.
5364,T5364,C000955,4768,Amanda Hays,,,risk_redistribution_v2,1.0,Reassigned by repair_data.py to track risk_score.
5360,T5360,C000955,4768,Amanda Hays,,,risk_redistribution_v2,1.0,Reassigned by repair_data.py to track risk_score.
5358,T5358,C000955,4768,Amanda Hays,,,risk_redistribution_v2,1.0,Reassigned by repair_data.py to track risk_score.
6311,T6311,C001032,9990,Mary Smith,,,risk_redistribution_v2,1.0,Reassigned by repair_data.py to track risk_score.
6307,T6307,C001032,9990,Mary Smith,,,risk_redistribution_v2,1.0,Reassigned by repair_data.py to track risk_score.
6304,T6304,C001032,9990,Mary Smith,,,risk_redistribution_v2,1.0,Reassigned by repair_data.py to track risk_score.
5668,T5668,C000846,2609,Mary Smith,,,risk_redistribution_v2,1.0,Reassigned by repair_data.py to track risk_score.
5667,T5667,C000846,2609,Mary Smith,,,risk_redistribution_v2,1.0,Reassigned by repair_data.py to track risk_score.
5657,T5657,C000846,2609,Mary Smith,,,risk_redistribution_v2,1.0,Reassigned by repair_data.py to track risk_score.
5387,T5387,C001159,10796,Debra Hardy,,,risk_redistribution_v2,1.0,Reassigned by repair_data.py to track risk_score.
5385,T5385,C001159,10796,Debra Hardy,,,risk_redistribution_v2,1.0,Reassigned by repair_data.py to track risk_score.
6631,T6631,C001159,10796,Debra Hardy,,,risk_redistribution_v2,1.0,Reassigned by repair_data.py to track risk_score.
6630,T6630,C001159,10796,Debra Hardy,,,risk_redistribution_v2,1.0,Reassigned by repair_data.py to track risk_score.
6629,T6629,C000562,2540,Patricia Smith,,,risk_redistribution_v2,1.0,Reassigned by repair_data.py to track risk_score.
6627,T6627,C000562,2540,Patricia Smith,,,risk_redistribution_v2,1.0,Reassigned by repair_data.py to track risk_score.
6621,T6621,C000562,2540,Patricia Smith,,,risk_redistribution_v2,1.0,Reassigned by repair_data.py to track risk_score.
6619,T6619,C000583,7777,Evelyn Rogers,,,risk_redistribution_v2,1.0,Reassigned by repair_data.py to track risk_score.
6618,T6618,C000583,7777,Evelyn Rogers,,,risk_redistribution_v2,1.0,Reassigned by repair_data.py to track risk_score.
5383,T5383,C000583,7777,Evelyn Rogers,,,risk_redistribution_v2,1.0,Reassigned by repair_data.py to track risk_score.
6327,T6327,C000583,7777,Evelyn Rogers,,,risk_redistribution_v2,1.0,Reassigned by repair_data.py to track risk_score.
6325,T6325,C000628,6428,Mary Smith,,,risk_redistribution_v2,1.0,Reassigned by repair_data.py to track risk_score.
6322,T6322,C000628,6428,Mary Smith,,,risk_redistribution_v2,1.0,Reassigned by repair_data.py to track risk_score.
6319,T6319,C000628,6428,Mary Smith,,,risk_redistribution_v2,1.0,Reassigned by repair_data.py to track risk_score.
6314,T6314,C000628,6428,Mary Smith,,,risk_redistribution_v2,1.0,Reassigned by repair_data.py to track risk_score.
6313,T6313,C001701,917,Andrew Glenn,,,risk_redistribution_v2,1.0,Reassigned by repair_data.py to track risk_score.
6614,T6614,C001701,917,Andrew Glenn,,,risk_redistribution_v2,1.0,Reassigned by repair_data.py to track risk_score.
6603,T6603,C001701,917,Andrew Glenn,,,risk_redistribution_v2,1.0,Reassigned by repair_data.py to track risk_score.
6602,T6602,C001701,917,Andrew Glenn,,,risk_redistribution_v2,1.0,Reassigned by repair_data.py to track risk_score.
5399,T5399,C001701,917,Andrew Glenn,,,risk_redistribution_v2,1.0,Reassigned by repair_data.py to track risk_score.
5395,T5395,C001066,647,Mary Rios,,,risk_redistribution_v2,1.0,Reassigned by repair_data.py to track risk_score.
5393,T5393,C001066,647,Mary Rios,,,risk_redistribution_v2,1.0,Reassigned by repair_data.py to track risk_score.
5650,T5650,C001066,647,Mary Rios,,,risk_redistribution_v2,1.0,Reassigned by repair_data.py to track risk_score.
5644,T5644,C001096,1997,Amy Callahan,,,risk_redistribution_v2,1.0,Reassigned by repair_data.py to track risk_score.
5642,T5642,C001096,1997,Amy Callahan,,,risk_redistribution_v2,1.0,Reassigned by repair_data.py to track risk_score.
6344,T6344,C001096,1997,Amy Callahan,,,risk_redistribution_v2,1.0,Reassigned by repair_data.py to track risk_score.
6343,T6343,C001096,1997,Amy Callahan,,,risk_redistribution_v2,1.0,Reassigned by repair_data.py to track risk_score.
6340,T6340,C000535,4435,George Cross,,,risk_redistribution_v2,1.0,Reassigned by repair_data.py to track risk_score.
6338,T6338,C000535,4435,George Cross,,,risk_redistribution_v2,1.0,Reassigned by repair_data.py to track risk_score.
6337,T6337,C000535,4435,George Cross,,,risk_redistribution_v2,1.0,Reassigned by repair_data.py to track risk_score.
5639,T5639,C000692,972,Mary Smith,,,risk_redistribution_v2,1.0,Reassigned by repair_data.py to track risk_score.
5637,T5637,C000692,972,Mary Smith,,,risk_redistribution_v2,1.0,Reassigned by repair_data.py to track risk_score.
5420,T5420,C000692,972,Mary Smith,,,risk_redistribution_v2,1.0,Reassigned by repair_data.py to track risk_score.
5418,T5418,C000692,972,Mary Smith,,,risk_redistribution_v2,1.0,Reassigned by repair_data.py to track risk_score.
6584,T6584,C001371,4505,Mary Smith,,,risk_redistribution_v2,1.0,Reassigned by repair_data.py to track risk_score.
6573,T6573,C001371,4505,Mary Smith,,,risk_redistribution_v2,1.0,Reassigned by repair_data.py to track risk_score.
6569,T6569,C001371,4505,Mary Smith,,,risk_redistribution_v2,1.0,Reassigned by repair_data.py to track risk_score.
6593,T6593,C001371,4505,Mary Smith,,,risk_redistribution_v2,1.0,Reassigned by repair_data.py to track risk_score.
5633,T5633,C001759,4079,Timothy Faulkner,,,risk_redistribution_v2,1.0,Reassigned by repair_data.py to track risk_score.
5630,T5630,C001759,4079,Timothy Faulkner,,,risk_redistribution_v2,1.0,Reassigned by repair_data.py to track risk_score.
5627,T5627,C001759,4079,Timothy Faulkner,,,risk_redistribution_v2,1.0,Reassigned by repair_data.py to track risk_score.
6352,T6352,C001759,4079,Timothy Faulkner,,,risk_redistribution_v2,1.0,Reassigned by repair_data.py to track risk_score.
6349,T6349,C001759,4079,Timothy Faulkner,,,risk_redistribution_v2,1.0,Reassigned by repair_data.py to track risk_score.
6348,T6348,C001830,342,Jerry Jackson,,,risk_redistribution_v2,1.0,Reassigned by repair_data.py to track risk_score.
5416,T5416,C001830,342,Jerry Jackson,,,risk_redistribution_v2,1.0,Reassigned by repair_data.py to track risk_score.
5415,T5415,C001830,342,Jerry Jackson,,,risk_redistribution_v2,1.0,Reassigned by repair_data.py to track risk_score.
5409,T5409,C001830,342,Jerry Jackson,,,risk_redistribution_v2,1.0,Reassigned by repair_data.py to track risk_score.
5405,T5405,C000811,9325,Mary Navarro,,,risk_redistribution_v2,1.0,Reassigned by repair_data.py to track risk_score.
5586,T5586,C000811,9325,Mary Navarro,,,risk_redistribution_v2,1.0,Reassigned by repair_data.py to track risk_score.
5585,T5585,C000811,9325,Mary Navarro,,,risk_redistribution_v2,1.0,Reassigned by repair_data.py to track risk_score.
5436,T5436,C000811,9325,Mary Navarro,,,risk_redistribution_v2,1.0,Reassigned by repair_data.py to track risk_score.
6568,T6568,C000811,9325,Mary Navarro,,,risk_redistribution_v2,1.0,Reassigned by repair_data.py to track risk_score.
6567,T6567,C001646,4040,Harold Hart,,,risk_redistribution_v2,1.0,Reassigned by repair_data.py to track risk_score.
6557,T6557,C001646,4040,Harold Hart,,,risk_redistribution_v2,1.0,Reassigned by repair_data.py to track risk_score.
5624,T5624,C001646,4040,Harold Hart,,,risk_redistribution_v2,1.0,Reassigned by repair_data.py to track risk_score.
5609,T5609,C001271,8167,Betty Roberts,,,risk_redistribution_v2,1.0,Reassigned by repair_data.py to track risk_score.
6375,T6375,C001271,8167,Betty Roberts,,,risk_redistribution_v2,1.0,Reassigned by repair_data.py to track risk_score.
6371,T6371,C001271,8167,Betty Roberts,,,risk_redistribution_v2,1.0,Reassigned by repair_data.py to track risk_score.
5605,T5605,C001693,4279,Jack Meyer,,,risk_redistribution_v2,1.0,Reassigned by repair_data.py to track risk_score.
5604,T5604,C001693,4279,Jack Meyer,,,risk_redistribution_v2,1.0,Reassigned by repair_data.py to track risk_score.
5603,T5603,C001693,4279,Jack Meyer,,,risk_redistribution_v2,1.0,Reassigned by repair_data.py to track risk_score.
5599,T5599,C001410,8038,Donald Smith,,,risk_redistribution_v2,1.0,Reassigned by repair_data.py to track risk_score.
5597,T5597,C001410,8038,Donald Smith,,,risk_redistribution_v2,1.0,Reassigned by repair_data.py to track risk_score.
5421,T5421,C001410,8038,Donald Smith,,,risk_redistribution_v2,1.0,Reassigned by repair_data.py to track risk_score.
5455,T5455,C001410,8038,Donald Smith,,,risk_redistribution_v2,1.0,Reassigned by repair_data.py to track risk_score.
5453,T5453,C000389,9377,Carol Leach,,,risk_redistribution_v2,1.0,Reassigned by repair_data.py to track risk_score.
5451,T5451,C000389,9377,Carol Leach,,,risk_redistribution_v2,1.0,Reassigned by repair_data.py to track risk_score.
5450,T5450,C000389,9377,Carol Leach,,,risk_redistribution_v2,1.0,Reassigned by repair_data.py to track risk_score.
6549,T6549,C000994,10778,Mary Mercado,,,risk_redistribution_v2,1.0,Reassigned by repair_data.py to track risk_score.
6546,T6546,C000994,10778,Mary Mercado,,,risk_redistribution_v2,1.0,Reassigned by repair_data.py to track risk_score.
6545,T6545,C000994,10778,Mary Mercado,,,risk_redistribution_v2,1.0,Reassigned by repair_data.py to track risk_score.
6542,T6542,C000099,2851,Mary Huffman,,,risk_redistribution_v2,1.0,Reassigned by repair_data.py to track risk_score.
5438,T5438,C000099,2851,Mary Huffman,,,risk_redistribution_v2,1.0,Reassigned by repair_data.py to track risk_score.
5593,T5593,C000099,2851,Mary Huffman,,,risk_redistribution_v2,1.0,Reassigned by repair_data.py to track risk_score.
6392,T6392,C001292,1298,Susan Fuller,,,risk_redistribution_v2,1.0,Reassigned by repair_data.py to track risk_score.
6387,T6387,C001292,1298,Susan Fuller,,,risk_redistribution_v2,1.0,Reassigned by repair_data.py to track risk_score.
6385,T6385,C001292,1298,Susan Fuller,,,risk_redistribution_v2,1.0,Reassigned by repair_data.py to track risk_score.
6383,T6383,C001292,1298,Susan Fuller,,,risk_redistribution_v2,1.0,Reassigned by repair_data.py to track risk_score.
5589,T5589,C001292,1298,Susan Fuller,,,risk_redistribution_v2,1.0,Reassigned by repair_data.py to track risk_score.
5587,T5587,C001963,10570,William Moore,,,risk_redistribution_v2,1.0,Reassigned by repair_data.py to track risk_score.
6531,T6531,C001963,10570,William Moore,,,risk_redistribution_v2,1.0,Reassigned by repair_data.py to track risk_score.
6526,T6526,C001963,10570,William Moore,,,risk_redistribution_v2,1.0,Reassigned by repair_data.py to track risk_score.
6524,T6524,C001963,10570,William Moore,,,risk_redistribution_v2,1.0,Reassigned by repair_data.py to track risk_score.
6523,T6523,C001963,10570,William Moore,,,risk_redistribution_v2,1.0,Reassigned by repair_data.py to track risk_score.
5462,T5462,C001528,9830,Mary Frey,,,risk_redistribution_v2,1.0,Reassigned by repair_data.py to track risk_score.
5581,T5581,C001528,9830,Mary Frey,,,risk_redistribution_v2,1.0,Reassigned by repair_data.py to track risk_score.
6408,T6408,C001528,9830,Mary Frey,,,risk_redistribution_v2,1.0,Reassigned by repair_data.py to track risk_score.
6407,T6407,C001495,9683,Mary Ray,,,risk_redistribution_v2,1.0,Reassigned by repair_data.py to track risk_score.
6405,T6405,C001495,9683,Mary Ray,,,risk_redistribution_v2,1.0,Reassigned by repair_data.py to track risk_score.
6401,T6401,C001495,9683,Mary Ray,,,risk_redistribution_v2,1.0,Reassigned by repair_data.py to track risk_score.
6397,T6397,C001495,9683,Mary Ray,,,risk_redistribution_v2,1.0,Reassigned by repair_data.py to track risk_score.
6395,T6395,C001495,9683,Mary Ray,,,risk_redistribution_v2,1.0,Reassigned by repair_data.py to track risk_score.
5574,T5574,C001634,9972,William Serrano,,,risk_redistribution_v2,1.0,Reassigned by repair_data.py to track risk_score.
5570,T5570,C001634,9972,William Serrano,,,risk_redistribution_v2,1.0,Reassigned by repair_data.py to track risk_score.
5561,T5561,C001634,9972,William Serrano,,,risk_redistribution_v2,1.0,Reassigned by repair_data.py to track risk_score.
5458,T5458,C001413,1175,Mary Gray,,,risk_redistribution_v2,1.0,Reassigned by repair_data.py to track risk_score.
5480,T5480,C001413,1175,Mary Gray,,,risk_redistribution_v2,1.0,Reassigned by repair_data.py to track risk_score.
5478,T5478,C001413,1175,Mary Gray,,,risk_redistribution_v2,1.0,Reassigned by repair_data.py to track risk_score.
6423,T6423,C001413,1175,Mary Gray,,,risk_redistribution_v2,1.0,Reassigned by repair_data.py to track risk_score.
6414,T6414,C001747,10018,Gregory Rodriguez,,,risk_redistribution_v2,1.0,Reassigned by repair_data.py to track risk_score.
6412,T6412,C001747,10018,Gregory Rodriguez,,,risk_redistribution_v2,1.0,Reassigned by repair_data.py to track risk_score.
6440,T6440,C001747,10018,Gregory Rodriguez,,,risk_redistribution_v2,1.0,Reassigned by repair_data.py to track risk_score.
6438,T6438,C001747,10018,Gregory Rodriguez,,,risk_redistribution_v2,1.0,Reassigned by repair_data.py to track risk_score.
6431,T6431,C000687,3754,Mary Sims,,,risk_redistribution_v2,1.0,Reassigned by repair_data.py to track risk_score.
6427,T6427,C000687,3754,Mary Sims,,,risk_redistribution_v2,1.0,Reassigned by repair_data.py to track risk_score.
5559,T5559,C000687,3754,Mary Sims,,,risk_redistribution_v2,1.0,Reassigned by repair_data.py to track risk_score.
5556,T5556,C000687,3754,Mary Sims,,,risk_redistribution_v2,1.0,Reassigned by repair_data.py to track risk_score.
5555,T5555,C001352,12061,Ruth Huffman,,,risk_redistribution_v2,1.0,Reassigned by repair_data.py to track risk_score.
5471,T5471,C001352,12061,Ruth Huffman,,,risk_redistribution_v2,1.0,Reassigned by repair_data.py to track risk_score.
5468,T5468,C001352,12061,Ruth Huffman,,,risk_redistribution_v2,1.0,Reassigned by repair_data.py to track risk_score.
5465,T5465,C001352,12061,Ruth Huffman,,,risk_redistribution_v2,1.0,Reassigned by repair_data.py to track risk_score.
6534,T6534,C001352,12061,Ruth Huffman,,,risk_redistribution_v2,1.0,Reassigned by repair_data.py to track risk_score.
5541,T5541,C000772,40,Mary Smith,,,risk_redistribution_v2,1.0,Reassigned by repair_data.py to track risk_score.
5506,T5506,C000772,40,Mary Smith,,,risk_redistribution_v2,1.0,Reassigned by repair_data.py to track risk_score.
5502,T5502,C000772,40,Mary Smith,,,risk_redistribution_v2,1.0,Reassigned by repair_data.py to track risk_score.
5500,T5500,C000772,40,Mary Smith,,,risk_redistribution_v2,1.0,Reassigned by repair_data.py to track risk_score.
5499,T5499,C000772,40,Mary Smith,,,risk_redistribution_v2,1.0,Reassigned by repair_data.py to track risk_score.
5494,T5494,C000357,3099,Brittany Copeland,,,risk_redistribution_v2,1.0,Reassigned by repair_data.py to track risk_score.
5493,T5493,C000357,3099,Brittany Copeland,,,risk_redistribution_v2,1.0,Reassigned by repair_data.py to track risk_score.
5488,T5488,C000357,3099,Brittany Copeland,,,risk_redistribution_v2,1.0,Reassigned by repair_data.py to track risk_score.
5485,T5485,C000357,3099,Brittany Copeland,,,risk_redistribution_v2,1.0,Reassigned by repair_data.py to track risk_score.
6503,T6503,C000281,1285,Ruth Petersen,,,risk_redistribution_v2,1.0,Reassigned by repair_data.py to track risk_score.
6501,T6501,C000281,1285,Ruth Petersen,,,risk_redistribution_v2,1.0,Reassigned by repair_data.py to track risk_score.
6500,T6500,C000281,1285,Ruth Petersen,,,risk_redistribution_v2,1.0,Reassigned by repair_data.py to track risk_score.
6492,T6492,C000281,1285,Ruth Petersen,,,risk_redistribution_v2,1.0,Reassigned by repair_data.py to track risk_score.
6516,T6516,C000540,4187,Jesse Mack,,,risk_redistribution_v2,1.0,Reassigned by repair_data.py to track risk_score.
6510,T6510,C000540,4187,Jesse Mack,,,risk_redistribution_v2,1.0,Reassigned by repair_data.py to track risk_score.
6505,T6505,C000540,4187,Jesse Mack,,,risk_redistribution_v2,1.0,Reassigned by repair_data.py to track risk_score.
5517,T5517,C000540,4187,Jesse Mack,,,risk_redistribution_v2,1.0,Reassigned by repair_data.py to track risk_score.
5515,T5515,C000540,4187,Jesse Mack,,,risk_redistribution_v2,1.0,Reassigned by repair_data.py to track risk_score.
5514,T5514,C000431,5097,Jennifer Moore,,,risk_redistribution_v2,1.0,Reassigned by repair_data.py to track risk_score.
6484,T6484,C000431,5097,Jennifer Moore,,,risk_redistribution_v2,1.0,Reassigned by repair_data.py to track risk_score.
6478,T6478,C000431,5097,Jennifer Moore,,,risk_redistribution_v2,1.0,Reassigned by repair_data.py to track risk_score.
6476,T6476,C001599,8853,Richard Ali,,,risk_redistribution_v2,1.0,Reassigned by repair_data.py to track risk_score.
6474,T6474,C001599,8853,Richard Ali,,,risk_redistribution_v2,1.0,Reassigned by repair_data.py to track risk_score.
5508,T5508,C001599,8853,Richard Ali,,,risk_redistribution_v2,1.0,Reassigned by repair_data.py to track risk_score.
5507,T5507,C001599,8853,Richard Ali,,,risk_redistribution_v2,1.0,Reassigned by repair_data.py to track risk_score.
5553,T5553,C001537,4494,Mary Smith,,,risk_redistribution_v2,1.0,Reassigned by repair_data.py to track risk_score.
5552,T5552,C001537,4494,Mary Smith,,,risk_redistribution_v2,1.0,Reassigned by repair_data.py to track risk_score.
5545,T5545,C001537,4494,Mary Smith,,,risk_redistribution_v2,1.0,Reassigned by repair_data.py to track risk_score.
6454,T6454,C000313,4454,Robert Smith,,,risk_redistribution_v2,1.0,Reassigned by repair_data.py to track risk_score.
6453,T6453,C000313,4454,Robert Smith,,,risk_redistribution_v2,1.0,Reassigned by repair_data.py to track risk_score.
6452,T6452,C000313,4454,Robert Smith,,,risk_redistribution_v2,1.0,Reassigned by repair_data.py to track risk_score.
6444,T6444,C000313,4454,Robert Smith,,,risk_redistribution_v2,1.0,Reassigned by repair_data.py to track risk_score.
6016,T6016,C000313,4454,Robert Smith,,,risk_redistribution_v2,1.0,Reassigned by repair_data.py to track risk_score.
6015,T6015,C000162,3889,Mary Smith,,,risk_redistribution_v2,1.0,Reassigned by repair_data.py to track risk_score.
5959,T5959,C000162,3889,Mary Smith,,,risk_redistribution_v2,1.0,Reassigned by repair_data.py to track risk_score.
5076,T5076,C000162,3889,Mary Smith,,,risk_redistribution_v2,1.0,Reassigned by repair_data.py to track risk_score.
5075,T5075,C000162,3889,Mary Smith,,,risk_redistribution_v2,1.0,Reassigned by repair_data.py to track risk_score.
5074,T5074,C001175,7511,Mary Park,,,risk_redistribution_v2,1.0,Reassigned by repair_data.py to track risk_score.
5069,T5069,C001175,7511,Mary Park,,,risk_redistribution_v2,1.0,Reassigned by repair_data.py to track risk_score.
5062,T5062,C001175,7511,Mary Park,,,risk_redistribution_v2,1.0,Reassigned by repair_data.py to track risk_score.
5058,T5058,C001175,7511,Mary Park,,,risk_redistribution_v2,1.0,Reassigned by repair_data.py to track risk_score.
5056,T5056,C000150,5173,Mary Smith,,,risk_redistribution_v2,1.0,Reassigned by repair_data.py to track risk_score.
5977,T5977,C000150,5173,Mary Smith,,,risk_redistribution_v2,1.0,Reassigned by repair_data.py to track risk_score.
6007,T6007,C000150,5173,Mary Smith,,,risk_redistribution_v2,1.0,Reassigned by repair_data.py to track risk_score.
6006,T6006,C000150,5173,Mary Smith,,,risk_redistribution_v2,1.0,Reassigned by repair_data.py to track risk_score.
6002,T6002,C001000,9191,Marie Smith,,,risk_redistribution_v2,1.0,Reassigned by repair_data.py to track risk_score.
6001,T6001,C001000,9191,Marie Smith,,,risk_redistribution_v2,1.0,Reassigned by repair_data.py to track risk_score.
5996,T5996,C001000,9191,Marie Smith,,,risk_redistribution_v2,1.0,Reassigned by repair_data.py to track risk_score.
5987,T5987,C001889,8180,Albert Smith,,,risk_redistribution_v2,1.0,Reassigned by repair_data.py to track risk_score.
5988,T5988,C001889,8180,Albert Smith,,,risk_redistribution_v2,1.0,Reassigned by repair_data.py to track risk_score.
5992,T5992,C001889,8180,Albert Smith,,,risk_redistribution_v2,1.0,Reassigned by repair_data.py to track risk_score.
5001,T5001,C000114,3979,Mary Wagner,,,risk_redistribution_v2,1.0,Reassigned by repair_data.py to track risk_score.
5002,T5002,C000114,3979,Mary Wagner,,,risk_redistribution_v2,1.0,Reassigned by repair_data.py to track risk_score.
5007,T5007,C000114,3979,Mary Wagner,,,risk_redistribution_v2,1.0,Reassigned by repair_data.py to track risk_score.
5008,T5008,C000114,3979,Mary Wagner,,,risk_redistribution_v2,1.0,Reassigned by repair_data.py to track risk_score.
5010,T5010,C000114,3979,Mary Wagner,,,risk_redistribution_v2,1.0,Reassigned by repair_data.py to track risk_score.
5017,T5017,C000228,123,Mary Mann,,,risk_redistribution_v2,1.0,Reassigned by repair_data.py to track risk_score.
6985,T6985,C000228,123,Mary Mann,,,risk_redistribution_v2,1.0,Reassigned by repair_data.py to track risk_score.
5016,T5016,C000228,123,Mary Mann,,,risk_redistribution_v2,1.0,Reassigned by repair_data.py to track risk_score.
5015,T5015,C001489,1172,Marie Morales,,,risk_redistribution_v2,1.0,Reassigned by repair_data.py to track risk_score.
5012,T5012,C001489,1172,Marie Morales,,,risk_redistribution_v2,1.0,Reassigned by repair_data.py to track risk_score.
5011,T5011,C001489,1172,Marie Morales,,,risk_redistribution_v2,1.0,Reassigned by repair_data.py to track risk_score.
5979,T5979,C001238,12322,Mary Cain,,,risk_redistribution_v2,1.0,Reassigned by repair_data.py to track risk_score.
5036,T5036,C001238,12322,Mary Cain,,,risk_redistribution_v2,1.0,Reassigned by repair_data.py to track risk_score.
6982,T6982,C001238,12322,Mary Cain,,,risk_redistribution_v2,1.0,Reassigned by repair_data.py to track risk_score.
6978,T6978,C001667,6584,Mary Smith,,,risk_redistribution_v2,1.0,Reassigned by repair_data.py to track risk_score.
6976,T6976,C001667,6584,Mary Smith,,,risk_redistribution_v2,1.0,Reassigned by repair_data.py to track risk_score.
6975,T6975,C001667,6584,Mary Smith,,,risk_redistribution_v2,1.0,Reassigned by repair_data.py to track risk_score.
6974,T6974,C001667,6584,Mary Smith,,,risk_redistribution_v2,1.0,Reassigned by repair_data.py to track risk_score.
6973,T6973,C001667,6584,Mary Smith,,,risk_redistribution_v2,1.0,Reassigned by repair_data.py to track risk_score.
6972,T6972,C000970,11262,Laura Lopez,,,risk_redistribution_v2,1.0,Reassigned by repair_data.py to track risk_score.
6970,T6970,C000970,11262,Laura Lopez,,,risk_redistribution_v2,1.0,Reassigned by repair_data.py to track risk_score.
6969,T6969,C000970,11262,Laura Lopez,,,risk_redistribution_v2,1.0,Reassigned by repair_data.py to track risk_score.
5028,T5028,C000970,11262,Laura Lopez,,,risk_redistribution_v2,1.0,Reassigned by repair_data.py to track risk_score.
5533,T5533,C000730,11777,Melissa Marsh,,,risk_redistribution_v2,1.0,Reassigned by repair_data.py to track risk_score.
6470,T6470,C000730,11777,Melissa Marsh,,,risk_redistribution_v2,1.0,Reassigned by repair_data.py to track risk_score.
6463,T6463,C000730,11777,Melissa Marsh,,,risk_redistribution_v2,1.0,Reassigned by repair_data.py to track risk_score.
6462,T6462,C000730,11777,Melissa Marsh,,,risk_redistribution_v2,1.0,Reassigned by repair_data.py to track risk_score.
6457,T6457,C000730,11777,Melissa Marsh,,,risk_redistribution_v2,1.0,Reassigned by repair_data.py to track risk_score.
5524,T5524,C001775,9542,Mary Smith,,,risk_redistribution_v2,1.0,Reassigned by repair_data.py to track risk_score.
5523,T5523,C001775,9542,Mary Smith,,,risk_redistribution_v2,1.0,Reassigned by repair_data.py to track risk_score.
5518,T5518,C001775,9542,Mary Smith,,,risk_redistribution_v2,1.0,Reassigned by repair_data.py to track risk_score.
6487,T6487,C001775,9542,Mary Smith,,,risk_redistribution_v2,1.0,Reassigned by repair_data.py to track risk_score.
6480,T6480,C001775,9542,Mary Smith,,,risk_redistribution_v2,1.0,Reassigned by repair_data.py to track risk_score.
6477,T6477,C000822,3272,Julie Smith,,,risk_redistribution_v2,1.0,Reassigned by repair_data.py to track risk_score.
6475,T6475,C000822,3272,Julie Smith,,,risk_redistribution_v2,1.0,Reassigned by repair_data.py to track risk_score.
5510,T5510,C000822,3272,Julie Smith,,,risk_redistribution_v2,1.0,Reassigned by repair_data.py to track risk_score.
5554,T5554,C000822,3272,Julie Smith,,,risk_redistribution_v2,1.0,Reassigned by repair_data.py to track risk_score.
5547,T5547,C000822,3272,Julie Smith,,,risk_redistribution_v2,1.0,Reassigned by repair_data.py to track risk_score.
6451,T6451,C001856,3726,Robert Smith,,,risk_redistribution_v2,1.0,Reassigned by repair_data.py to track risk_score.
6448,T6448,C001856,3726,Robert Smith,,,risk_redistribution_v2,1.0,Reassigned by repair_data.py to track risk_score.
6447,T6447,C001856,3726,Robert Smith,,,risk_redistribution_v2,1.0,Reassigned by repair_data.py to track risk_score.
6446,T6446,C001856,3726,Robert Smith,,,risk_redistribution_v2,1.0,Reassigned by repair_data.py to track risk_score.
6442,T6442,C000261,6643,Nicholas Smith,,,risk_redistribution_v2,1.0,Reassigned by repair_data.py to track risk_score.
5538,T5538,C000261,6643,Nicholas Smith,,,risk_redistribution_v2,1.0,Reassigned by repair_data.py to track risk_score.
5503,T5503,C000261,6643,Nicholas Smith,,,risk_redistribution_v2,1.0,Reassigned by repair_data.py to track risk_score.
5501,T5501,C001289,6179,Samuel Henderson,,,risk_redistribution_v2,1.0,Reassigned by repair_data.py to track risk_score.
5492,T5492,C001289,6179,Samuel Henderson,,,risk_redistribution_v2,1.0,Reassigned by repair_data.py to track risk_score.
5490,T5490,C001289,6179,Samuel Henderson,,,risk_redistribution_v2,1.0,Reassigned by repair_data.py to track risk_score.
5487,T5487,C001289,6179,Samuel Henderson,,,risk_redistribution_v2,1.0,Reassigned by repair_data.py to track risk_score.
5482,T5482,C000857,2155,Joshua Mckinney,,,risk_redistribution_v2,1.0,Reassigned by repair_data.py to track risk_score.
6504,T6504,C000857,2155,Joshua Mckinney,,,risk_redistribution_v2,1.0,Reassigned by repair_data.py to track risk_score.
6502,T6502,C000857,2155,Joshua Mckinney,,,risk_redistribution_v2,1.0,Reassigned by repair_data.py to track risk_score.
6499,T6499,C000857,2155,Joshua Mckinney,,,risk_redistribution_v2,1.0,Reassigned by repair_data.py to track risk_score.
6495,T6495,C001999,5120,Mary Smith,,,risk_redistribution_v2,1.0,Reassigned by repair_data.py to track risk_score.
6491,T6491,C001999,5120,Mary Smith,,,risk_redistribution_v2,1.0,Reassigned by repair_data.py to track risk_score.
6520,T6520,C001999,5120,Mary Smith,,,risk_redistribution_v2,1.0,Reassigned by repair_data.py to track risk_score.
6518,T6518,C001999,5120,Mary Smith,,,risk_redistribution_v2,1.0,Reassigned by repair_data.py to track risk_score.
6517,T6517,C001969,8210,Mary Glenn,,,risk_redistribution_v2,1.0,Reassigned by repair_data.py to track risk_score.
6507,T6507,C001969,8210,Mary Glenn,,,risk_redistribution_v2,1.0,Reassigned by repair_data.py to track risk_score.
6424,T6424,C001969,8210,Mary Glenn,,,risk_redistribution_v2,1.0,Reassigned by repair_data.py to track risk_score.
6418,T6418,C001969,8210,Mary Glenn,,,risk_redistribution_v2,1.0,Reassigned by repair_data.py to track risk_score.
6415,T6415,C001508,10807,Benjamin Wilson,,,risk_redistribution_v2,1.0,Reassigned by repair_data.py to track risk_score.
6409,T6409,C001508,10807,Benjamin Wilson,,,risk_redistribution_v2,1.0,Reassigned by repair_data.py to track risk_score.
6428,T6428,C001508,10807,Benjamin Wilson,,,risk_redistribution_v2,1.0,Reassigned by repair_data.py to track risk_score.
6425,T6425,C001063,8233,Mary Hanna,,,risk_redistribution_v2,1.0,Reassigned by repair_data.py to track risk_score.
5476,T5476,C001063,8233,Mary Hanna,,,risk_redistribution_v2,1.0,Reassigned by repair_data.py to track risk_score.
5472,T5472,C001063,8233,Mary Hanna,,,risk_redistribution_v2,1.0,Reassigned by repair_data.py to track risk_score.
5466,T5466,C001063,8233,Mary Hanna,,,risk_redistribution_v2,1.0,Reassigned by repair_data.py to track risk_score.
6529,T6529,C001063,8233,Mary Hanna,,,risk_redistribution_v2,1.0,Reassigned by repair_data.py to track risk_score.
6527,T6527,C001685,5349,Kenneth Martin,,,risk_redistribution_v2,1.0,Reassigned by repair_data.py to track risk_score.
6522,T6522,C001685,5349,Kenneth Martin,,,risk_redistribution_v2,1.0,Reassigned by repair_data.py to track risk_score.
6521,T6521,C001685,5349,Kenneth Martin,,,risk_redistribution_v2,1.0,Reassigned by repair_data.py to track risk_score.
5584,T5584,C001685,5349,Kenneth Martin,,,risk_redistribution_v2,1.0,Reassigned by repair_data.py to track risk_score.
5583,T5583,C001685,5349,Kenneth Martin,,,risk_redistribution_v2,1.0,Reassigned by repair_data.py to track risk_score.
5578,T5578,C001058,7771,Janice Jackson,,,risk_redistribution_v2,1.0,Reassigned by repair_data.py to track risk_score.
6402,T6402,C001058,7771,Janice Jackson,,,risk_redistribution_v2,1.0,Reassigned by repair_data.py to track risk_score.
5568,T5568,C001058,7771,Janice Jackson,,,risk_redistribution_v2,1.0,Reassigned by repair_data.py to track risk_score.
5565,T5565,C001949,3147,Daniel Diaz,,,risk_redistribution_v2,1.0,Reassigned by repair_data.py to track risk_score.
5454,T5454,C001949,3147,Daniel Diaz,,,risk_redistribution_v2,1.0,Reassigned by repair_data.py to track risk_score.
6552,T6552,C001949,3147,Daniel Diaz,,,risk_redistribution_v2,1.0,Reassigned by repair_data.py to track risk_score.
6547,T6547,C001949,3147,Daniel Diaz,,,risk_redistribution_v2,1.0,Reassigned by repair_data.py to track risk_score.
6543,T6543,C000354,10013,Jessica Smith,,,risk_redistribution_v2,1.0,Reassigned by repair_data.py to track risk_score.
6540,T6540,C000354,10013,Jessica Smith,,,risk_redistribution_v2,1.0,Reassigned by repair_data.py to track risk_score.
5448,T5448,C000354,10013,Jessica Smith,,,risk_redistribution_v2,1.0,Reassigned by repair_data.py to track risk_score.
6391,T6391,C000354,10013,Jessica Smith,,,risk_redistribution_v2,1.0,Reassigned by repair_data.py to track risk_score.
6390,T6390,C000570,6553,Larry House,,,risk_redistribution_v2,1.0,Reassigned by repair_data.py to track risk_score.
6382,T6382,C000570,6553,Larry House,,,risk_redistribution_v2,1.0,Reassigned by repair_data.py to track risk_score.
6379,T6379,C000570,6553,Larry House,,,risk_redistribution_v2,1.0,Reassigned by repair_data.py to track risk_score.
6378,T6378,C001254,846,Mary Powell,,,risk_redistribution_v2,1.0,Reassigned by repair_data.py to track risk_score.
6377,T6377,C001254,846,Mary Powell,,,risk_redistribution_v2,1.0,Reassigned by repair_data.py to track risk_score.
5590,T5590,C001254,846,Mary Powell,,,risk_redistribution_v2,1.0,Reassigned by repair_data.py to track risk_score.
6566,T6566,C001254,846,Mary Powell,,,risk_redistribution_v2,1.0,Reassigned by repair_data.py to track risk_score.
6564,T6564,C000870,2027,Jennifer Mills,,,risk_redistribution_v2,1.0,Reassigned by repair_data.py to track risk_score.
6563,T6563,C000870,2027,Jennifer Mills,,,risk_redistribution_v2,1.0,Reassigned by repair_data.py to track risk_score.
6562,T6562,C000870,2027,Jennifer Mills,,,risk_redistribution_v2,1.0,Reassigned by repair_data.py to track risk_score.
6561,T6561,C000938,5413,Mary Smith,,,risk_redistribution_v2,1.0,Reassigned by repair_data.py to track risk_score.
6558,T6558,C000938,5413,Mary Smith,,,risk_redistribution_v2,1.0,Reassigned by repair_data.py to track risk_score.
6556,T6556,C000938,5413,Mary Smith,,,risk_redistribution_v2,1.0,Reassigned by repair_data.py to track risk_score.
6555,T6555,C001726,4536,Mary Griffin,,,risk_redistribution_v2,1.0,Reassigned by repair_data.py to track risk_score.
6554,T6554,C001726,4536,Mary Griffin,,,risk_redistribution_v2,1.0,Reassigned by repair_data.py to track risk_score.
5429,T5429,C001726,4536,Mary Griffin,,,risk_redistribution_v2,1.0,Reassigned by repair_data.py to track risk_score.
5427,T5427,C001726,4536,Mary Griffin,,,risk_redistribution_v2,1.0,Reassigned by repair_data.py to track risk_score.
5425,T5425,C001726,4536,Mary Griffin,,,risk_redistribution_v2,1.0,Reassigned by repair_data.py to track risk_score.
5623,T5623,C000125,3879,Melissa Davis,,,risk_redistribution_v2,1.0,Reassigned by repair_data.py to track risk_score.
5619,T5619,C000125,3879,Melissa Davis,,,risk_redistribution_v2,1.0,Reassigned by repair_data.py to track risk_score.
6372,T6372,C000125,3879,Melissa Davis,,,risk_redistribution_v2,1.0,Reassigned by repair_data.py to track risk_score.
5602,T5602,C000125,3879,Melissa Davis,,,risk_redistribution_v2,1.0,Reassigned by repair_data.py to track risk_score.
5600,T5600,C000760,8420,Gregory Fitzpatrick,,,risk_redistribution_v2,1.0,Reassigned by repair_data.py to track risk_score.
5598,T5598,C000760,8420,Gregory Fitzpatrick,,,risk_redistribution_v2,1.0,Reassigned by repair_data.py to track risk_score.
5595,T5595,C000760,8420,Gregory Fitzpatrick,,,risk_redistribution_v2,1.0,Reassigned by repair_data.py to track risk_score.
5424,T5424,C000760,8420,Gregory Fitzpatrick,,,risk_redistribution_v2,1.0,Reassigned by repair_data.py to track risk_score.
6582,T6582,C000760,8420,Gregory Fitzpatrick,,,risk_redistribution_v2,1.0,Reassigned by repair_data.py to track risk_score.
6574,T6574,C000685,9432,Hannah Smith,,,risk_redistribution_v2,1.0,Reassigned by repair_data.py to track risk_score.
6572,T6572,C000685,9432,Hannah Smith,,,risk_redistribution_v2,1.0,Reassigned by repair_data.py to track risk_score.
6599,T6599,C000685,9432,Hannah Smith,,,risk_redistribution_v2,1.0,Reassigned by repair_data.py to track risk_score.
6597,T6597,C000685,9432,Hannah Smith,,,risk_redistribution_v2,1.0,Reassigned by repair_data.py to track risk_score.
6595,T6595,C001253,4875,Edward Peters,,,risk_redistribution_v2,1.0,Reassigned by repair_data.py to track risk_score.
6594,T6594,C001253,4875,Edward Peters,,,risk_redistribution_v2,1.0,Reassigned by repair_data.py to track risk_score.
6587,T6587,C001253,4875,Edward Peters,,,risk_redistribution_v2,1.0,Reassigned by repair_data.py to track risk_score.
5629,T5629,C001253,4875,Edward Peters,,,risk_redistribution_v2,1.0,Reassigned by repair_data.py to track risk_score.
5628,T5628,C001253,4875,Edward Peters,,,risk_redistribution_v2,1.0,Reassigned by repair_data.py to track risk_score.
6359,T6359,C000053,9883,Michelle Waters,,,risk_redistribution_v2,1.0,Reassigned by repair_data.py to track risk_score.
6358,T6358,C000053,9883,Michelle Waters,,,risk_redistribution_v2,1.0,Reassigned by repair_data.py to track risk_score.
6356,T6356,C000053,9883,Michelle Waters,,,risk_redistribution_v2,1.0,Reassigned by repair_data.py to track risk_score.
6355,T6355,C000053,9883,Michelle Waters,,,risk_redistribution_v2,1.0,Reassigned by repair_data.py to track risk_score.
6351,T6351,C000053,9883,Michelle Waters,,,risk_redistribution_v2,1.0,Reassigned by repair_data.py to track risk_score.
6350,T6350,C001612,6233,Mary Elliott,,,risk_redistribution_v2,1.0,Reassigned by repair_data.py to track risk_score.
6347,T6347,C001612,6233,Mary Elliott,,,risk_redistribution_v2,1.0,Reassigned by repair_data.py to track risk_score.
6346,T6346,C001612,6233,Mary Elliott,,,risk_redistribution_v2,1.0,Reassigned by repair_data.py to track risk_score.
5407,T5407,C001612,6233,Mary Elliott,,,risk_redistribution_v2,1.0,Reassigned by repair_data.py to track risk_score.
5400,T5400,C000997,4698,Mary Collier,,,risk_redistribution_v2,1.0,Reassigned by repair_data.py to track risk_score.
5394,T5394,C000997,4698,Mary Collier,,,risk_redistribution_v2,1.0,Reassigned by repair_data.py to track risk_score.
5392,T5392,C000997,4698,Mary Collier,,,risk_redistribution_v2,1.0,Reassigned by repair_data.py to track risk_score.
5391,T5391,C000997,4698,Mary Collier,,,risk_redistribution_v2,1.0,Reassigned by repair_data.py to track risk_score.
5388,T5388,C000087,3957,Thomas Smith,,,risk_redistribution_v2,1.0,Reassigned by repair_data.py to track risk_score.
5651,T5651,C000087,3957,Thomas Smith,,,risk_redistribution_v2,1.0,Reassigned by repair_data.py to track risk_score.
5643,T5643,C000087,3957,Thomas Smith,,,risk_redistribution_v2,1.0,Reassigned by repair_data.py to track risk_score.
6335,T6335,C000087,3957,Thomas Smith,,,risk_redistribution_v2,1.0,Reassigned by repair_data.py to track risk_score.
6334,T6334,C000292,10707,Mary Hansen,,,risk_redistribution_v2,1.0,Reassigned by repair_data.py to track risk_score.
6331,T6331,C000292,10707,Mary Hansen,,,risk_redistribution_v2,1.0,Reassigned by repair_data.py to track risk_score.
5640,T5640,C000292,10707,Mary Hansen,,,risk_redistribution_v2,1.0,Reassigned by repair_data.py to track risk_score.
6625,T6625,C000292,10707,Mary Hansen,,,risk_redistribution_v2,1.0,Reassigned by repair_data.py to track risk_score.
6624,T6624,C000292,10707,Mary Hansen,,,risk_redistribution_v2,1.0,Reassigned by repair_data.py to track risk_score.
6622,T6622,C000969,4164,Mary Smith,,,risk_redistribution_v2,1.0,Reassigned by repair_data.py to track risk_score.
6617,T6617,C000969,4164,Mary Smith,,,risk_redistribution_v2,1.0,Reassigned by repair_data.py to track risk_score.
5384,T5384,C000969,4164,Mary Smith,,,risk_redistribution_v2,1.0,Reassigned by repair_data.py to track risk_score.
5382,T5382,C000969,4164,Mary Smith,,,risk_redistribution_v2,1.0,Reassigned by repair_data.py to track risk_score.
6328,T6328,C000896,1688,Mary Blake,,,risk_redistribution_v2,1.0,Reassigned by repair_data.py to track risk_score.
6326,T6326,C000896,1688,Mary Blake,,,risk_redistribution_v2,1.0,Reassigned by repair_data.py to track risk_score.
6324,T6324,C000896,1688,Mary Blake,,,risk_redistribution_v2,1.0,Reassigned by repair_data.py to track risk_score.
6321,T6321,C000896,1688,Mary Blake,,,risk_redistribution_v2,1.0,Reassigned by repair_data.py to track risk_score.
6316,T6316,C001411,11895,Timothy Walter,,,risk_redistribution_v2,1.0,Reassigned by repair_data.py to track risk_score.
6315,T6315,C001411,11895,Timothy Walter,,,risk_redistribution_v2,1.0,Reassigned by repair_data.py to track risk_score.
5656,T5656,C001411,11895,Timothy Walter,,,risk_redistribution_v2,1.0,Reassigned by repair_data.py to track risk_score.
5655,T5655,C002000,5781,Jack Stanley,,,risk_redistribution_v2,1.0,Reassigned by repair_data.py to track risk_score.
5652,T5652,C002000,5781,Jack Stanley,,,risk_redistribution_v2,1.0,Reassigned by repair_data.py to track risk_score.
6648,T6648,C002000,5781,Jack Stanley,,,risk_redistribution_v2,1.0,Reassigned by repair_data.py to track risk_score.
6646,T6646,C002000,5781,Jack Stanley,,,risk_redistribution_v2,1.0,Reassigned by repair_data.py to track risk_score.
6643,T6643,C002000,5781,Jack Stanley,,,risk_redistribution_v2,1.0,Reassigned by repair_data.py to track risk_score.
6639,T6639,C001934,1180,Mary Martin,,,risk_redistribution_v2,1.0,Reassigned by repair_data.py to track risk_score.
6637,T6637,C001934,1180,Mary Martin,,,risk_redistribution_v2,1.0,Reassigned by repair_data.py to track risk_score.
6634,T6634,C001934,1180,Mary Martin,,,risk_redistribution_v2,1.0,Reassigned by repair_data.py to track risk_score.
5365,T5365,C001934,1180,Mary Martin,,,risk_redistribution_v2,1.0,Reassigned by repair_data.py to track risk_score.
5678,T5678,C001296,11039,Mary Torres,,,risk_redistribution_v2,1.0,Reassigned by repair_data.py to track risk_score.
5676,T5676,C001296,11039,Mary Torres,,,risk_redistribution_v2,1.0,Reassigned by repair_data.py to track risk_score.
5675,T5675,C001296,11039,Mary Torres,,,risk_redistribution_v2,1.0,Reassigned by repair_data.py to track risk_score.
6309,T6309,C001940,6767,Brenda Carey,,,risk_redistribution_v2,1.0,Reassigned by repair_data.py to track risk_score.
6308,T6308,C001940,6767,Brenda Carey,,,risk_redistribution_v2,1.0,Reassigned by repair_data.py to track risk_score.
6306,T6306,C001940,6767,Brenda Carey,,,risk_redistribution_v2,1.0,Reassigned by repair_data.py to track risk_score.
6299,T6299,C001940,6767,Brenda Carey,,,risk_redistribution_v2,1.0,Reassigned by repair_data.py to track risk_score.
6298,T6298,C001940,6767,Brenda Carey,,,risk_redistribution_v2,1.0,Reassigned by repair_data.py to track risk_score.
5663,T5663,C001567,6734,Mary Smith,,,risk_redistribution_v2,1.0,Reassigned by repair_data.py to track risk_score.
5658,T5658,C001567,6734,Mary Smith,,,risk_redistribution_v2,1.0,Reassigned by repair_data.py to track risk_score.
5357,T5357,C001567,6734,Mary Smith,,,risk_redistribution_v2,1.0,Reassigned by repair_data.py to track risk_score.
5356,T5356,C001567,6734,Mary Smith,,,risk_redistribution_v2,1.0,Reassigned by repair_data.py to track risk_score.
5353,T5353,C001073,9726,Steven Smith,,,risk_redistribution_v2,1.0,Reassigned by repair_data.py to track risk_score.
6661,T6661,C001073,9726,Steven Smith,,,risk_redistribution_v2,1.0,Reassigned by repair_data.py to track risk_score.
6659,T6659,C001073,9726,Steven Smith,,,risk_redistribution_v2,1.0,Reassigned by repair_data.py to track risk_score.
6656,T6656,C000342,4936,Kyle Smith,,,risk_redistribution_v2,1.0,Reassigned by repair_data.py to track risk_score.
6655,T6655,C000342,4936,Kyle Smith,,,risk_redistribution_v2,1.0,Reassigned by repair_data.py to track risk_score.
6651,T6651,C000342,4936,Kyle Smith,,,risk_redistribution_v2,1.0,Reassigned by repair_data.py to track risk_score.
5346,T5346,C000342,4936,Kyle Smith,,,risk_redistribution_v2,1.0,Reassigned by repair_data.py to track risk_score.
5697,T5697,C000342,4936,Kyle Smith,,,risk_redistribution_v2,1.0,Reassigned by repair_data.py to track risk_score.
5692,T5692,C001125,4815,Jerry Smith,,,risk_redistribution_v2,1.0,Reassigned by repair_data.py to track risk_score.
6293,T6293,C001125,4815,Jerry Smith,,,risk_redistribution_v2,1.0,Reassigned by repair_data.py to track risk_score.
6286,T6286,C001125,4815,Jerry Smith,,,risk_redistribution_v2,1.0,Reassigned by repair_data.py to track risk_score.
6284,T6284,C001125,4815,Jerry Smith,,,risk_redistribution_v2,1.0,Reassigned by repair_data.py to track risk_score.
5686,T5686,C001125,4815,Jerry Smith,,,risk_redistribution_v2,1.0,Reassigned by repair_data.py to track risk_score.
5345,T5345,C000204,10699,Mary Lee,,,risk_redistribution_v2,1.0,Reassigned by repair_data.py to track risk_score.
5338,T5338,C000204,10699,Mary Lee,,,risk_redistribution_v2,1.0,Reassigned by repair_data.py to track risk_score.
6674,T6674,C000204,10699,Mary Lee,,,risk_redistribution_v2,1.0,Reassigned by repair_data.py to track risk_score.
6670,T6670,C000204,10699,Mary Lee,,,risk_redistribution_v2,1.0,Reassigned by repair_data.py to track risk_score.
6668,T6668,C000204,10699,Mary Lee,,,risk_redistribution_v2,1.0,Reassigned by repair_data.py to track risk_score.
6666,T6666,C001550,8381,Mary Anderson,,,risk_redistribution_v2,1.0,Reassigned by repair_data.py to track risk_score.
5336,T5336,C001550,8381,Mary Anderson,,,risk_redistribution_v2,1.0,Reassigned by repair_data.py to track risk_score.
5335,T5335,C001550,8381,Mary Anderson,,,risk_redistribution_v2,1.0,Reassigned by repair_data.py to track risk_score.
5707,T5707,C001550,8381,Mary Anderson,,,risk_redistribution_v2,1.0,Reassigned by repair_data.py to track risk_score.
5706,T5706,C001620,4997,Roy Todd,,,risk_redistribution_v2,1.0,Reassigned by repair_data.py to track risk_score.
5705,T5705,C001620,4997,Roy Todd,,,risk_redistribution_v2,1.0,Reassigned by repair_data.py to track risk_score.
6276,T6276,C001620,4997,Roy Todd,,,risk_redistribution_v2,1.0,Reassigned by repair_data.py to track risk_score.
6274,T6274,C000438,3593,Christina Lewis,,,risk_redistribution_v2,1.0,Reassigned by repair_data.py to track risk_score.
6270,T6270,C000438,3593,Christina Lewis,,,risk_redistribution_v2,1.0,Reassigned by repair_data.py to track risk_score.
6269,T6269,C000438,3593,Christina Lewis,,,risk_redistribution_v2,1.0,Reassigned by repair_data.py to track risk_score.
5704,T5704,C000017,4663,Paul Smith,,,risk_redistribution_v2,1.0,Reassigned by repair_data.py to track risk_score.
5703,T5703,C000017,4663,Paul Smith,,,risk_redistribution_v2,1.0,Reassigned by repair_data.py to track risk_score.
5322,T5322,C000017,4663,Paul Smith,,,risk_redistribution_v2,1.0,Reassigned by repair_data.py to track risk_score.
6693,T6693,C000017,4663,Paul Smith,,,risk_redistribution_v2,1.0,Reassigned by repair_data.py to track risk_score.
6692,T6692,C000017,4663,Paul Smith,,,risk_redistribution_v2,1.0,Reassigned by repair_data.py to track risk_score.
6685,T6685,C001264,3021,Nancy Alvarado,,,risk_redistribution_v2,1.0,Reassigned by repair_data.py to track risk_score.
5317,T5317,C001264,3021,Nancy Alvarado,,,risk_redistribution_v2,1.0,Reassigned by repair_data.py to track risk_score.
5315,T5315,C001264,3021,Nancy Alvarado,,,risk_redistribution_v2,1.0,Reassigned by repair_data.py to track risk_score.
5311,T5311,C000549,2528,Mary Acevedo,,,risk_redistribution_v2,1.0,Reassigned by repair_data.py to track risk_score.
5310,T5310,C000549,2528,Mary Acevedo,,,risk_redistribution_v2,1.0,Reassigned by repair_data.py to track risk_score.
5309,T5309,C000549,2528,Mary Acevedo,,,risk_redistribution_v2,1.0,Reassigned by repair_data.py to track risk_score.
6261,T6261,C000549,2528,Mary Acevedo,,,risk_redistribution_v2,1.0,Reassigned by repair_data.py to track risk_score.
6256,T6256,C000549,2528,Mary Acevedo,,,risk_redistribution_v2,1.0,Reassigned by repair_data.py to track risk_score.
6255,T6255,C001170,7910,Mary Camacho,,,risk_redistribution_v2,1.0,Reassigned by repair_data.py to track risk_score.
6252,T6252,C001170,7910,Mary Camacho,,,risk_redistribution_v2,1.0,Reassigned by repair_data.py to track risk_score.
6250,T6250,C001170,7910,Mary Camacho,,,risk_redistribution_v2,1.0,Reassigned by repair_data.py to track risk_score.
5716,T5716,C001170,7910,Mary Camacho,,,risk_redistribution_v2,1.0,Reassigned by repair_data.py to track risk_score.
5713,T5713,C001170,7910,Mary Camacho,,,risk_redistribution_v2,1.0,Reassigned by repair_data.py to track risk_score.
5712,T5712,C001972,11866,Mary Smith,,,risk_redistribution_v2,1.0,Reassigned by repair_data.py to track risk_score.
6711,T6711,C001972,11866,Mary Smith,,,risk_redistribution_v2,1.0,Reassigned by repair_data.py to track risk_score.
6710,T6710,C001972,11866,Mary Smith,,,risk_redistribution_v2,1.0,Reassigned by repair_data.py to track risk_score.
6708,T6708,C001978,10843,Cynthia Myers,,,risk_redistribution_v2,1.0,Reassigned by repair_data.py to track risk_score.
6707,T6707,C001978,10843,Cynthia Myers,,,risk_redistribution_v2,1.0,Reassigned by repair_data.py to track risk_score.
6705,T6705,C001978,10843,Cynthia Myers,,,risk_redistribution_v2,1.0,Reassigned by repair_data.py to track risk_score.
6702,T6702,C001978,10843,Cynthia Myers,,,risk_redistribution_v2,1.0,Reassigned by repair_data.py to track risk_score.
5301,T5301,C001978,10843,Cynthia Myers,,,risk_redistribution_v2,1.0,Reassigned by repair_data.py to track risk_score.
5293,T5293,C001978,10843,Cynthia Myers,,,risk_redistribution_v2,1.0,Reassigned by repair_data.py to track risk_score.
5292,T5292,C000854,8981,Mary Bennett,,,risk_redistribution_v2,1.0,Reassigned by repair_data.py to track risk_score.
6239,T6239,C000854,8981,Mary Bennett,,,risk_redistribution_v2,1.0,Reassigned by repair_data.py to track risk_score.
6238,T6238,C000854,8981,Mary Bennett,,,risk_redistribution_v2,1.0,Reassigned by repair_data.py to track risk_score.
6236,T6236,C001761,2728,Mary Adams,,,risk_redistribution_v2,1.0,Reassigned by repair_data.py to track risk_score.
6235,T6235,C001761,2728,Mary Adams,,,risk_redistribution_v2,1.0,Reassigned by repair_data.py to track risk_score.
6234,T6234,C001761,2728,Mary Adams,,,risk_redistribution_v2,1.0,Reassigned by repair_data.py to track risk_score.
5736,T5736,C001761,2728,Mary Adams,,,risk_redistribution_v2,1.0,Reassigned by repair_data.py to track risk_score.
5729,T5729,C001822,2129,William Charles,,,risk_redistribution_v2,1.0,Reassigned by repair_data.py to track risk_score.
6262,T6262,C001822,2129,William Charles,,,risk_redistribution_v2,1.0,Reassigned by repair_data.py to track risk_score.
5289,T5289,C001822,2129,William Charles,,,risk_redistribution_v2,1.0,Reassigned by repair_data.py to track risk_score.
6723,T6723,C001822,2129,William Charles,,,risk_redistribution_v2,1.0,Reassigned by repair_data.py to track risk_score.
6721,T6721,C000771,11313,Mary Smith,,,risk_redistribution_v2,1.0,Reassigned by repair_data.py to track risk_score.
5280,T5280,C000771,11313,Mary Smith,,,risk_redistribution_v2,1.0,Reassigned by repair_data.py to track risk_score.
5274,T5274,C000771,11313,Mary Smith,,,risk_redistribution_v2,1.0,Reassigned by repair_data.py to track risk_score.
6742,T6742,C000771,11313,Mary Smith,,,risk_redistribution_v2,1.0,Reassigned by repair_data.py to track risk_score.
5756,T5756,C000771,11313,Mary Smith,,,risk_redistribution_v2,1.0,Reassigned by repair_data.py to track risk_score.
5747,T5747,C000304,5321,Robert Rowe,,,risk_redistribution_v2,1.0,Reassigned by repair_data.py to track risk_score.
5739,T5739,C000304,5321,Robert Rowe,,,risk_redistribution_v2,1.0,Reassigned by repair_data.py to track risk_score.
5737,T5737,C000304,5321,Robert Rowe,,,risk_redistribution_v2,1.0,Reassigned by repair_data.py to track risk_score.
6248,T6248,C000304,5321,Robert Rowe,,,risk_redistribution_v2,1.0,Reassigned by repair_data.py to track risk_score.
6245,T6245,C001353,5300,Joseph Smith,,,risk_redistribution_v2,1.0,Reassigned by repair_data.py to track risk_score.
6741,T6741,C001353,5300,Joseph Smith,,,risk_redistribution_v2,1.0,Reassigned by repair_data.py to track risk_score.
6740,T6740,C001353,5300,Joseph Smith,,,risk_redistribution_v2,1.0,Reassigned by repair_data.py to track risk_score.
6739,T6739,C001353,5300,Joseph Smith,,,risk_redistribution_v2,1.0,Reassigned by repair_data.py to track risk_score.
6738,T6738,C001353,5300,Joseph Smith,,,risk_redistribution_v2,1.0,Reassigned by repair_data.py to track risk_score.
6737,T6737,C001422,642,Timothy Vasquez,,,risk_redistribution_v2,1.0,Reassigned by repair_data.py to track risk_score.
6732,T6732,C001422,642,Timothy Vasquez,,,risk_redistribution_v2,1.0,Reassigned by repair_data.py to track risk_score.
6730,T6730,C001422,642,Timothy Vasquez,,,risk_redistribution_v2,1.0,Reassigned by repair_data.py to track risk_score.
5270,T5270,C001422,642,Timothy Vasquez,,,risk_redistribution_v2,1.0,Reassigned by repair_data.py to track risk_score.
5267,T5267,C001234,9823,Mary Camacho,,,risk_redistribution_v2,1.0,Reassigned by repair_data.py to track risk_score.
5261,T5261,C001234,9823,Mary Camacho,,,risk_redistribution_v2,1.0,Reassigned by repair_data.py to track risk_score.
6203,T6203,C001234,9823,Mary Camacho,,,risk_redistribution_v2,1.0,Reassigned by repair_data.py to track risk_score.
5783,T5783,C001234,9823,Mary Camacho,,,risk_redistribution_v2,1.0,Reassigned by repair_data.py to track risk_score.
5770,T5770,C001234,9823,Mary Camacho,,,risk_redistribution_v2,1.0,Reassigned by repair_data.py to track risk_score.
6228,T6228,C000009,5654,Jerry Smith,,,risk_redistribution_v2,1.0,Reassigned by repair_data.py to track risk_score.
6220,T6220,C000009,5654,Jerry Smith,,,risk_redistribution_v2,1.0,Reassigned by repair_data.py to track risk_score.
5762,T5762,C000009,5654,Jerry Smith,,,risk_redistribution_v2,1.0,Reassigned by repair_data.py to track risk_score.
5259,T5259,C000009,5654,Jerry Smith,,,risk_redistribution_v2,1.0,Reassigned by repair_data.py to track risk_score.
5258,T5258,C000009,5654,Jerry Smith,,,risk_redistribution_v2,1.0,Reassigned by repair_data.py to track risk_score.
5257,T5257,C000924,12213,Mary Smith,,,risk_redistribution_v2,1.0,Reassigned by repair_data.py to track risk_score.
6755,T6755,C000924,12213,Mary Smith,,,risk_redistribution_v2,1.0,Reassigned by repair_data.py to track risk_score.
6750,T6750,C000924,12213,Mary Smith,,,risk_redistribution_v2,1.0,Reassigned by repair_data.py to track risk_score.
6748,T6748,C000924,12213,Mary Smith,,,risk_redistribution_v2,1.0,Reassigned by repair_data.py to track risk_score.
6747,T6747,C000924,12213,Mary Smith,,,risk_redistribution_v2,1.0,Reassigned by repair_data.py to track risk_score.
5256,T5256,C001954,8789,Helen Carroll,,,risk_redistribution_v2,1.0,Reassigned by repair_data.py to track risk_score.
5254,T5254,C001954,8789,Helen Carroll,,,risk_redistribution_v2,1.0,Reassigned by repair_data.py to track risk_score.
5253,T5253,C001954,8789,Helen Carroll,,,risk_redistribution_v2,1.0,Reassigned by repair_data.py to track risk_score.
6186,T6186,C001954,8789,Helen Carroll,,,risk_redistribution_v2,1.0,Reassigned by repair_data.py to track risk_score.
6185,T6185,C001959,4417,Arthur Alvarez,,,risk_redistribution_v2,1.0,Reassigned by repair_data.py to track risk_score.
6215,T6215,C001959,4417,Arthur Alvarez,,,risk_redistribution_v2,1.0,Reassigned by repair_data.py to track risk_score.
6213,T6213,C001959,4417,Arthur Alvarez,,,risk_redistribution_v2,1.0,Reassigned by repair_data.py to track risk_score.
6212,T6212,C001959,4417,Arthur Alvarez,,,risk_redistribution_v2,1.0,Reassigned by repair_data.py to track risk_score.
6207,T6207,C000699,6725,Mary Alexander,,,risk_redistribution_v2,1.0,Reassigned by repair_data.py to track risk_score.
5250,T5250,C000699,6725,Mary Alexander,,,risk_redistribution_v2,1.0,Reassigned by repair_data.py to track risk_score.
5238,T5238,C000699,6725,Mary Alexander,,,risk_redistribution_v2,1.0,Reassigned by repair_data.py to track risk_score.
5234,T5234,C000699,6725,Mary Alexander,,,risk_redistribution_v2,1.0,Reassigned by repair_data.py to track risk_score.
5233,T5233,C000699,6725,Mary Alexander,,,risk_redistribution_v2,1.0,Reassigned by repair_data.py to track risk_score.
5232,T5232,C001312,7864,Alice Smith,,,risk_redistribution_v2,1.0,Reassigned by repair_data.py to track risk_score.
5227,T5227,C001312,7864,Alice Smith,,,risk_redistribution_v2,1.0,Reassigned by repair_data.py to track risk_score.
5226,T5226,C001312,7864,Alice Smith,,,risk_redistribution_v2,1.0,Reassigned by repair_data.py to track risk_score.
6776,T6776,C001312,7864,Alice Smith,,,risk_redistribution_v2,1.0,Reassigned by repair_data.py to track risk_score.
6774,T6774,C001312,7864,Alice Smith,,,risk_redistribution_v2,1.0,Reassigned by repair_data.py to track risk_score.
6767,T6767,C000386,688,Kathy Gross,,,risk_redistribution_v2,1.0,Reassigned by repair_data.py to track risk_score.
6766,T6766,C000386,688,Kathy Gross,,,risk_redistribution_v2,1.0,Reassigned by repair_data.py to track risk_score.
5217,T5217,C000386,688,Kathy Gross,,,risk_redistribution_v2,1.0,Reassigned by repair_data.py to track risk_score.
5214,T5214,C000386,688,Kathy Gross,,,risk_redistribution_v2,1.0,Reassigned by repair_data.py to track risk_score.
5209,T5209,C000386,688,Kathy Gross,,,risk_redistribution_v2,1.0,Reassigned by repair_data.py to track risk_score.
6180,T6180,C000763,847,Jerry Ferguson,,,risk_redistribution_v2,1.0,Reassigned by repair_data.py to track risk_score.
6176,T6176,C000763,847,Jerry Ferguson,,,risk_redistribution_v2,1.0,Reassigned by repair_data.py to track risk_score.
6175,T6175,C000763,847,Jerry Ferguson,,,risk_redistribution_v2,1.0,Reassigned by repair_data.py to track risk_score.
6172,T6172,C000763,847,Jerry Ferguson,,,risk_redistribution_v2,1.0,Reassigned by repair_data.py to track risk_score.
5799,T5799,C000891,8986,Mary Smith,,,risk_redistribution_v2,1.0,Reassigned by repair_data.py to track risk_score.
5797,T5797,C000891,8986,Mary Smith,,,risk_redistribution_v2,1.0,Reassigned by repair_data.py to track risk_score.
5791,T5791,C000891,8986,Mary Smith,,,risk_redistribution_v2,1.0,Reassigned by repair_data.py to track risk_score.
6790,T6790,C000891,8986,Mary Smith,,,risk_redistribution_v2,1.0,Reassigned by repair_data.py to track risk_score.
6787,T6787,C000891,8986,Mary Smith,,,risk_redistribution_v2,1.0,Reassigned by repair_data.py to track risk_score.
6782,T6782,C000427,5013,Mary Peters,,,risk_redistribution_v2,1.0,Reassigned by repair_data.py to track risk_score.
6779,T6779,C000427,5013,Mary Peters,,,risk_redistribution_v2,1.0,Reassigned by repair_data.py to track risk_score.
6778,T6778,C000427,5013,Mary Peters,,,risk_redistribution_v2,1.0,Reassigned by repair_data.py to track risk_score.
6777,T6777,C000427,5013,Mary Peters,,,risk_redistribution_v2,1.0,Reassigned by repair_data.py to track risk_score.
5207,T5207,C000427,5013,Mary Peters,,,risk_redistribution_v2,1.0,Reassigned by repair_data.py to track risk_score.
5205,T5205,C001309,11341,Mary Meyer,,,risk_redistribution_v2,1.0,Reassigned by repair_data.py to track risk_score.
5198,T5198,C001309,11341,Mary Meyer,,,risk_redistribution_v2,1.0,Reassigned by repair_data.py to track risk_score.
5196,T5196,C001309,11341,Mary Meyer,,,risk_redistribution_v2,1.0,Reassigned by repair_data.py to track risk_score.
5819,T5819,C001309,11341,Mary Meyer,,,risk_redistribution_v2,1.0,Reassigned by repair_data.py to track risk_score.
6168,T6168,C001309,11341,Mary Meyer,,,risk_redistribution_v2,1.0,Reassigned by repair_data.py to track risk_score.
6154,T6154,C000830,1762,Nicholas Smith,,,risk_redistribution_v2,1.0,Reassigned by repair_data.py to track risk_score.
6153,T6153,C000830,1762,Nicholas Smith,,,risk_redistribution_v2,1.0,Reassigned by repair_data.py to track risk_score.
5812,T5812,C000830,1762,Nicholas Smith,,,risk_redistribution_v2,1.0,Reassigned by repair_data.py to track risk_score.
5807,T5807,C000468,2872,Mary Ortiz,,,risk_redistribution_v2,1.0,Reassigned by repair_data.py to track risk_score.
6184,T6184,C000468,2872,Mary Ortiz,,,risk_redistribution_v2,1.0,Reassigned by repair_data.py to track risk_score.
6804,T6804,C000468,2872,Mary Ortiz,,,risk_redistribution_v2,1.0,Reassigned by repair_data.py to track risk_score.
6800,T6800,C000468,2872,Mary Ortiz,,,risk_redistribution_v2,1.0,Reassigned by repair_data.py to track risk_score.
6798,T6798,C000468,2872,Mary Ortiz,,,risk_redistribution_v2,1.0,Reassigned by repair_data.py to track risk_score.
6797,T6797,C000478,5579,Mary Hurley,,,risk_redistribution_v2,1.0,Reassigned by repair_data.py to track risk_score.
6796,T6796,C000478,5579,Mary Hurley,,,risk_redistribution_v2,1.0,Reassigned by repair_data.py to track risk_score.
5189,T5189,C000478,5579,Mary Hurley,,,risk_redistribution_v2,1.0,Reassigned by repair_data.py to track risk_score.
5185,T5185,C000478,5579,Mary Hurley,,,risk_redistribution_v2,1.0,Reassigned by repair_data.py to track risk_score.
5183,T5183,C000478,5579,Mary Hurley,,,risk_redistribution_v2,1.0,Reassigned by repair_data.py to track risk_score.
5833,T5833,C001891,7369,Mary Smith,,,risk_redistribution_v2,1.0,Reassigned by repair_data.py to track risk_score.
6151,T6151,C001891,7369,Mary Smith,,,risk_redistribution_v2,1.0,Reassigned by repair_data.py to track risk_score.
6148,T6148,C001891,7369,Mary Smith,,,risk_redistribution_v2,1.0,Reassigned by repair_data.py to track risk_score.
6147,T6147,C001891,7369,Mary Smith,,,risk_redistribution_v2,1.0,Reassigned by repair_data.py to track risk_score.
6146,T6146,C001891,7369,Mary Smith,,,risk_redistribution_v2,1.0,Reassigned by repair_data.py to track risk_score.
6142,T6142,C001311,7163,Mary Jones,,,risk_redistribution_v2,1.0,Reassigned by repair_data.py to track risk_score.
5829,T5829,C001311,7163,Mary Jones,,,risk_redistribution_v2,1.0,Reassigned by repair_data.py to track risk_score.
5178,T5178,C001311,7163,Mary Jones,,,risk_redistribution_v2,1.0,Reassigned by repair_data.py to track risk_score.
6824,T6824,C001311,7163,Mary Jones,,,risk_redistribution_v2,1.0,Reassigned by repair_data.py to track risk_score.
6823,T6823,C001311,7163,Mary Jones,,,risk_redistribution_v2,1.0,Reassigned by repair_data.py to track risk_score.
6820,T6820,C000696,5640,Matthew Smith,,,risk_redistribution_v2,1.0,Reassigned by repair_data.py to track risk_score.
6814,T6814,C000696,5640,Matthew Smith,,,risk_redistribution_v2,1.0,Reassigned by repair_data.py to track risk_score.
6812,T6812,C000696,5640,Matthew Smith,,,risk_redistribution_v2,1.0,Reassigned by repair_data.py to track risk_score.
6810,T6810,C001283,8260,Teresa Berg,,,risk_redistribution_v2,1.0,Reassigned by repair_data.py to track risk_score.
5169,T5169,C001283,8260,Teresa Berg,,,risk_redistribution_v2,1.0,Reassigned by repair_data.py to track risk_score.
5162,T5162,C001283,8260,Teresa Berg,,,risk_redistribution_v2,1.0,Reassigned by repair_data.py to track risk_score.
5161,T5161,C000473,6125,Jeremy Pennington,,,risk_redistribution_v2,1.0,Reassigned by repair_data.py to track risk_score.
6840,T6840,C000473,6125,Jeremy Pennington,,,risk_redistribution_v2,1.0,Reassigned by repair_data.py to track risk_score.
5855,T5855,C000473,6125,Jeremy Pennington,,,risk_redistribution_v2,1.0,Reassigned by repair_data.py to track risk_score.
6128,T6128,C000473,6125,Jeremy Pennington,,,risk_redistribution_v2,1.0,Reassigned by repair_data.py to track risk_score.
6127,T6127,C000473,6125,Jeremy Pennington,,,risk_redistribution_v2,1.0,Reassigned by repair_data.py to track risk_score.
6125,T6125,C001890,10323,Eric Jensen,,,risk_redistribution_v2,1.0,Reassigned by repair_data.py to track risk_score.
5847,T5847,C001890,10323,Eric Jensen,,,risk_redistribution_v2,1.0,Reassigned by repair_data.py to track risk_score.
5844,T5844,C001890,10323,Eric Jensen,,,risk_redistribution_v2,1.0,Reassigned by repair_data.py to track risk_score.
5866,T5866,C001890,10323,Eric Jensen,,,risk_redistribution_v2,1.0,Reassigned by repair_data.py to track risk_score.
5865,T5865,C001890,10323,Eric Jensen,,,risk_redistribution_v2,1.0,Reassigned by repair_data.py to track risk_score.
6120,T6120,C000680,2893,Russell Wyatt,,,risk_redistribution_v2,1.0,Reassigned by repair_data.py to track risk_score.
6116,T6116,C000680,2893,Russell Wyatt,,,risk_redistribution_v2,1.0,Reassigned by repair_data.py to track risk_score.
6115,T6115,C000680,2893,Russell Wyatt,,,risk_redistribution_v2,1.0,Reassigned by repair_data.py to track risk_score.
6108,T6108,C001840,2857,Eric Smith,,,risk_redistribution_v2,1.0,Reassigned by repair_data.py to track risk_score.
5861,T5861,C001840,2857,Eric Smith,,,risk_redistribution_v2,1.0,Reassigned by repair_data.py to track risk_score.
5857,T5857,C001840,2857,Eric Smith,,,risk_redistribution_v2,1.0,Reassigned by repair_data.py to track risk_score.
5856,T5856,C001840,2857,Eric Smith,,,risk_redistribution_v2,1.0,Reassigned by repair_data.py to track risk_score.
6831,T6831,C000102,11344,Mary Sparks,,,risk_redistribution_v2,1.0,Reassigned by repair_data.py to track risk_score.
6827,T6827,C000102,11344,Mary Sparks,,,risk_redistribution_v2,1.0,Reassigned by repair_data.py to track risk_score.
6826,T6826,C000102,11344,Mary Sparks,,,risk_redistribution_v2,1.0,Reassigned by repair_data.py to track risk_score.
6825,T6825,C000102,11344,Mary Sparks,,,risk_redistribution_v2,1.0,Reassigned by repair_data.py to track risk_score.
6856,T6856,C000102,11344,Mary Sparks,,,risk_redistribution_v2,1.0,Reassigned by repair_data.py to track risk_score.
6854,T6854,C001051,10170,Mary Tyler,,,risk_redistribution_v2,1.0,Reassigned by repair_data.py to track risk_score.
6847,T6847,C001051,10170,Mary Tyler,,,risk_redistribution_v2,1.0,Reassigned by repair_data.py to track risk_score.
6844,T6844,C001051,10170,Mary Tyler,,,risk_redistribution_v2,1.0,Reassigned by repair_data.py to track risk_score.
5160,T5160,C001245,728,Anthony Rosario,,,risk_redistribution_v2,1.0,Reassigned by repair_data.py to track risk_score.
5149,T5149,C001245,728,Anthony Rosario,,,risk_redistribution_v2,1.0,Reassigned by repair_data.py to track risk_score.
6868,T6868,C001245,728,Anthony Rosario,,,risk_redistribution_v2,1.0,Reassigned by repair_data.py to track risk_score.
6859,T6859,C001245,728,Anthony Rosario,,,risk_redistribution_v2,1.0,Reassigned by repair_data.py to track risk_score.
5143,T5143,C001245,728,Anthony Rosario,,,risk_redistribution_v2,1.0,Reassigned by repair_data.py to track risk_score.
5142,T5142,C000984,7223,Mary Smith,,,risk_redistribution_v2,1.0,Reassigned by repair_data.py to track risk_score.
5881,T5881,C000984,7223,Mary Smith,,,risk_redistribution_v2,1.0,Reassigned by repair_data.py to track risk_score.
6089,T6089,C000984,7223,Mary Smith,,,risk_redistribution_v2,1.0,Reassigned by repair_data.py to track risk_score.
5877,T5877,C001650,5585,Mary Wilson,,,risk_redistribution_v2,1.0,Reassigned by repair_data.py to track risk_score.
5875,T5875,C001650,5585,Mary Wilson,,,risk_redistribution_v2,1.0,Reassigned by repair_data.py to track risk_score.
6888,T6888,C001650,5585,Mary Wilson,,,risk_redistribution_v2,1.0,Reassigned by repair_data.py to track risk_score.
6887,T6887,C001700,10495,Janet Gentry,,,risk_redistribution_v2,1.0,Reassigned by repair_data.py to track risk_score.
6885,T6885,C001700,10495,Janet Gentry,,,risk_redistribution_v2,1.0,Reassigned by repair_data.py to track risk_score.
6883,T6883,C001700,10495,Janet Gentry,,,risk_redistribution_v2,1.0,Reassigned by repair_data.py to track risk_score.
6880,T6880,C001700,10495,Janet Gentry,,,risk_redistribution_v2,1.0,Reassigned by repair_data.py to track risk_score.
6877,T6877,C001700,10495,Janet Gentry,,,risk_redistribution_v2,1.0,Reassigned by repair_data.py to track risk_score.
6900,T6900,C001699,4877,Mary Greene,,,risk_redistribution_v2,1.0,Reassigned by repair_data.py to track risk_score.
6892,T6892,C001699,4877,Mary Greene,,,risk_redistribution_v2,1.0,Reassigned by repair_data.py to track risk_score.
5125,T5125,C001699,4877,Mary Greene,,,risk_redistribution_v2,1.0,Reassigned by repair_data.py to track risk_score.
6051,T6051,C001699,4877,Mary Greene,,,risk_redistribution_v2,1.0,Reassigned by repair_data.py to track risk_score.
6050,T6050,C001703,9552,Richard Wilkerson,,,risk_redistribution_v2,1.0,Reassigned by repair_data.py to track risk_score.
6048,T6048,C001703,9552,Richard Wilkerson,,,risk_redistribution_v2,1.0,Reassigned by repair_data.py to track risk_score.
6046,T6046,C001703,9552,Richard Wilkerson,,,risk_redistribution_v2,1.0,Reassigned by repair_data.py to track risk_score.
6043,T6043,C001703,9552,Richard Wilkerson,,,risk_redistribution_v2,1.0,Reassigned by repair_data.py to track risk_score.
6042,T6042,C000448,6789,Jessica Mcintosh,,,risk_redistribution_v2,1.0,Reassigned by repair_data.py to track risk_score.
6061,T6061,C000448,6789,Jessica Mcintosh,,,risk_redistribution_v2,1.0,Reassigned by repair_data.py to track risk_score.
6060,T6060,C000448,6789,Jessica Mcintosh,,,risk_redistribution_v2,1.0,Reassigned by repair_data.py to track risk_score.
6058,T6058,C000448,6789,Jessica Mcintosh,,,risk_redistribution_v2,1.0,Reassigned by repair_data.py to track risk_score.
6057,T6057,C000448,6789,Jessica Mcintosh,,,risk_redistribution_v2,1.0,Reassigned by repair_data.py to track risk_score.
6086,T6086,C001199,10308,Mary Smith,,,risk_redistribution_v2,1.0,Reassigned by repair_data.py to track risk_score.
6080,T6080,C001199,10308,Mary Smith,,,risk_redistribution_v2,1.0,Reassigned by repair_data.py to track risk_score.
6075,T6075,C001199,10308,Mary Smith,,,risk_redistribution_v2,1.0,Reassigned by repair_data.py to track risk_score.
5914,T5914,C001483,12187,Mary Smith,,,risk_redistribution_v2,1.0,Reassigned by repair_data.py to track risk_score.
5911,T5911,C001483,12187,Mary Smith,,,risk_redistribution_v2,1.0,Reassigned by repair_data.py to track risk_score.
5910,T5910,C001483,12187,Mary Smith,,,risk_redistribution_v2,1.0,Reassigned by repair_data.py to track risk_score.
5907,T5907,C001483,12187,Mary Smith,,,risk_redistribution_v2,1.0,Reassigned by repair_data.py to track risk_score.
5905,T5905,C001540,5859,Ronald Wilson,,,risk_redistribution_v2,1.0,Reassigned by repair_data.py to track risk_score.
5901,T5901,C001540,5859,Ronald Wilson,,,risk_redistribution_v2,1.0,Reassigned by repair_data.py to track risk_score.
5897,T5897,C001540,5859,Ronald Wilson,,,risk_redistribution_v2,1.0,Reassigned by repair_data.py to track risk_score.
6056,T6056,C001540,5859,Ronald Wilson,,,risk_redistribution_v2,1.0,Reassigned by repair_data.py to track risk_score.
5119,T5119,C001120,11407,Steven Powers,,,risk_redistribution_v2,1.0,Reassigned by repair_data.py to track risk_score.
5117,T5117,C001120,11407,Steven Powers,,,risk_redistribution_v2,1.0,Reassigned by repair_data.py to track risk_score.
5115,T5115,C001120,11407,Steven Powers,,,risk_redistribution_v2,1.0,Reassigned by repair_data.py to track risk_score.
5114,T5114,C001120,11407,Steven Powers,,,risk_redistribution_v2,1.0,Reassigned by repair_data.py to track risk_score.
5112,T5112,C001120,11407,Steven Powers,,,risk_redistribution_v2,1.0,Reassigned by repair_data.py to track risk_score.
5111,T5111,C001149,956,Karen Smith,,,risk_redistribution_v2,1.0,Reassigned by repair_data.py to track risk_score.
5110,T5110,C001149,956,Karen Smith,,,risk_redistribution_v2,1.0,Reassigned by repair_data.py to track risk_score.
5108,T5108,C001149,956,Karen Smith,,,risk_redistribution_v2,1.0,Reassigned by repair_data.py to track risk_score.
5105,T5105,C000041,12285,Patrick Mcgee,,,risk_redistribution_v2,1.0,Reassigned by repair_data.py to track risk_score.
5104,T5104,C000041,12285,Patrick Mcgee,,,risk_redistribution_v2,1.0,Reassigned by repair_data.py to track risk_score.
5101,T5101,C000041,12285,Patrick Mcgee,,,risk_redistribution_v2,1.0,Reassigned by repair_data.py to track risk_score.
5929,T5929,C000041,12285,Patrick Mcgee,,,risk_redistribution_v2,1.0,Reassigned by repair_data.py to track risk_score.
6040,T6040,C000597,10834,Susan Sullivan,,,risk_redistribution_v2,1.0,Reassigned by repair_data.py to track risk_score.
6037,T6037,C000597,10834,Susan Sullivan,,,risk_redistribution_v2,1.0,Reassigned by repair_data.py to track risk_score.
6036,T6036,C000597,10834,Susan Sullivan,,,risk_redistribution_v2,1.0,Reassigned by repair_data.py to track risk_score.
6028,T6028,C000597,10834,Susan Sullivan,,,risk_redistribution_v2,1.0,Reassigned by repair_data.py to track risk_score.
6027,T6027,C000595,10965,Robert Smith,,,risk_redistribution_v2,1.0,Reassigned by repair_data.py to track risk_score.
5927,T5927,C000595,10965,Robert Smith,,,risk_redistribution_v2,1.0,Reassigned by repair_data.py to track risk_score.
5923,T5923,C000595,10965,Robert Smith,,,risk_redistribution_v2,1.0,Reassigned by repair_data.py to track risk_score.
5920,T5920,C000595,10965,Robert Smith,,,risk_redistribution_v2,1.0,Reassigned by repair_data.py to track risk_score.
5099,T5099,C000637,8954,Mary Hayden,,,risk_redistribution_v2,1.0,Reassigned by repair_data.py to track risk_score.
5098,T5098,C000637,8954,Mary Hayden,,,risk_redistribution_v2,1.0,Reassigned by repair_data.py to track risk_score.
5097,T5097,C000637,8954,Mary Hayden,,,risk_redistribution_v2,1.0,Reassigned by repair_data.py to track risk_score.
6920,T6920,C000637,8954,Mary Hayden,,,risk_redistribution_v2,1.0,Reassigned by repair_data.py to track risk_score.
6918,T6918,C000637,8954,Mary Hayden,,,risk_redistribution_v2,1.0,Reassigned by repair_data.py to track risk_score.
6915,T6915,C001915,359,Mary Pena,,,risk_redistribution_v2,1.0,Reassigned by repair_data.py to track risk_score.
6913,T6913,C001915,359,Mary Pena,,,risk_redistribution_v2,1.0,Reassigned by repair_data.py to track risk_score.
6907,T6907,C001915,359,Mary Pena,,,risk_redistribution_v2,1.0,Reassigned by repair_data.py to track risk_score.
5096,T5096,C001915,359,Mary Pena,,,risk_redistribution_v2,1.0,Reassigned by repair_data.py to track risk_score.
5091,T5091,C000641,4200,Ralph Campbell,,,risk_redistribution_v2,1.0,Reassigned by repair_data.py to track risk_score.
5088,T5088,C000641,4200,Ralph Campbell,,,risk_redistribution_v2,1.0,Reassigned by repair_data.py to track risk_score.
5958,T5958,C000641,4200,Ralph Campbell,,,risk_redistribution_v2,1.0,Reassigned by repair_data.py to track risk_score.
5947,T5947,C000641,4200,Ralph Campbell,,,risk_redistribution_v2,1.0,Reassigned by repair_data.py to track risk_score.
5943,T5943,C000641,4200,Ralph Campbell,,,risk_redistribution_v2,1.0,Reassigned by repair_data.py to track risk_score.
5938,T5938,C000035,6375,Mary Smith,,,risk_redistribution_v2,1.0,Reassigned by repair_data.py to track risk_score.
5933,T5933,C000035,6375,Mary Smith,,,risk_redistribution_v2,1.0,Reassigned by repair_data.py to track risk_score.
5086,T5086,C000035,6375,Mary Smith,,,risk_redistribution_v2,1.0,Reassigned by repair_data.py to track risk_score.
6936,T6936,C000035,6375,Mary Smith,,,risk_redistribution_v2,1.0,Reassigned by repair_data.py to track risk_score.
6933,T6933,C000035,6375,Mary Smith,,,risk_redistribution_v2,1.0,Reassigned by repair_data.py to track risk_score.
6926,T6926,C001534,2319,Mary Holland,,,risk_redistribution_v2,1.0,Reassigned by repair_data.py to track risk_score.
6925,T6925,C001534,2319,Mary Holland,,,risk_redistribution_v2,1.0,Reassigned by repair_data.py to track risk_score.
5965,T5965,C001534,2319,Mary Holland,,,risk_redistribution_v2,1.0,Reassigned by repair_data.py to track risk_score.
5962,T5962,C001534,2319,Mary Holland,,,risk_redistribution_v2,1.0,Reassigned by repair_data.py to track risk_score.
5961,T5961,C001534,2319,Mary Holland,,,risk_redistribution_v2,1.0,Reassigned by repair_data.py to track risk_score.
6023,T6023,C000356,12329,Scott Norman,,,risk_redistribution_v2,1.0,Reassigned by repair_data.py to track risk_score.
6014,T6014,C000356,12329,Scott Norman,,,risk_redistribution_v2,1.0,Reassigned by repair_data.py to track risk_score.
6013,T6013,C000356,12329,Scott Norman,,,risk_redistribution_v2,1.0,Reassigned by repair_data.py to track risk_score.
6010,T6010,C000356,12329,Scott Norman,,,risk_redistribution_v2,1.0,Reassigned by repair_data.py to track risk_score.
5070,T5070,C000356,12329,Scott Norman,,,risk_redistribution_v2,1.0,Reassigned by repair_data.py to track risk_score.
5067,T5067,C001153,5564,Mary Smith,,,risk_redistribution_v2,1.0,Reassigned by repair_data.py to track risk_score.
5064,T5064,C001153,5564,Mary Smith,,,risk_redistribution_v2,1.0,Reassigned by repair_data.py to track risk_score.
5063,T5063,C001153,5564,Mary Smith,,,risk_redistribution_v2,1.0,Reassigned by repair_data.py to track risk_score.
5053,T5053,C001153,5564,Mary Smith,,,risk_redistribution_v2,1.0,Reassigned by repair_data.py to track risk_score.
5049,T5049,C000974,2250,Amanda Smith,,,risk_redistribution_v2,1.0,Reassigned by repair_data.py to track risk_score.
6951,T6951,C000974,2250,Amanda Smith,,,risk_redistribution_v2,1.0,Reassigned by repair_data.py to track risk_score.
6950,T6950,C000974,2250,Amanda Smith,,,risk_redistribution_v2,1.0,Reassigned by repair_data.py to track risk_score.
6949,T6949,C001414,1735,Mary Gill,,,risk_redistribution_v2,1.0,Reassigned by repair_data.py to track risk_score.
6004,T6004,C001414,1735,Mary Gill,,,risk_redistribution_v2,1.0,Reassigned by repair_data.py to track risk_score.
6000,T6000,C001414,1735,Mary Gill,,,risk_redistribution_v2,1.0,Reassigned by repair_data.py to track risk_score.
5995,T5995,C001414,1735,Mary Gill,,,risk_redistribution_v2,1.0,Reassigned by repair_data.py to track risk_score.
5976,T5976,C001414,1735,Mary Gill,,,risk_redistribution_v2,1.0,Reassigned by repair_data.py to track risk_score.
5972,T5972,C001642,11957,Mary Norman,,,risk_redistribution_v2,1.0,Reassigned by repair_data.py to track risk_score.
5971,T5971,C001642,11957,Mary Norman,,,risk_redistribution_v2,1.0,Reassigned by repair_data.py to track risk_score.
6945,T6945,C001642,11957,Mary Norman,,,risk_redistribution_v2,1.0,Reassigned by repair_data.py to track risk_score.
6941,T6941,C001642,11957,Mary Norman,,,risk_redistribution_v2,1.0,Reassigned by repair_data.py to track risk_score.
6940,T6940,C000413,6836,Virginia Smith,,,risk_redistribution_v2,1.0,Reassigned by repair_data.py to track risk_score.
6938,T6938,C000413,6836,Virginia Smith,,,risk_redistribution_v2,1.0,Reassigned by repair_data.py to track risk_score.
6937,T6937,C000413,6836,Virginia Smith,,,risk_redistribution_v2,1.0,Reassigned by repair_data.py to track risk_score.
6967,T6967,C001207,11362,Michael Harmon,,,risk_redistribution_v2,1.0,Reassigned by repair_data.py to track risk_score.
6960,T6960,C001207,11362,Michael Harmon,,,risk_redistribution_v2,1.0,Reassigned by repair_data.py to track risk_score.
6956,T6956,C001207,11362,Michael Harmon,,,risk_redistribution_v2,1.0,Reassigned by repair_data.py to track risk_score.
6953,T6953,C001201,8529,Mary Watts,,,risk_redistribution_v2,1.0,Reassigned by repair_data.py to track risk_score.
5047,T5047,C001201,8529,Mary Watts,,,risk_redistribution_v2,1.0,Reassigned by repair_data.py to track risk_score.
6990,T6990,C001201,8529,Mary Watts,,,risk_redistribution_v2,1.0,Reassigned by repair_data.py to track risk_score.
6991,T6991,C000181,10111,Mary Garcia,,,risk_redistribution_v2,1.0,Reassigned by repair_data.py to track risk_score.
5021,T5021,C000181,10111,Mary Garcia,,,risk_redistribution_v2,1.0,Reassigned by repair_data.py to track risk_score.
5019,T5019,C000181,10111,Mary Garcia,,,risk_redistribution_v2,1.0,Reassigned by repair_data.py to track risk_score.
6999,T6999,C000181,10111,Mary Garcia,,,risk_redistribution_v2,1.0,Reassigned by repair_data.py to track risk_score.
5018,T5018,C000181,10111,Mary Garcia,,,risk_redistribution_v2,1.0,Reassigned by repair_data.py to track risk_score.
5483,T5483,C001037,254,Diana Hale,,,risk_redistribution_v2,1.0,Reassigned by repair_data.py to track risk_score.
5486,T5486,C001037,254,Diana Hale,,,risk_redistribution_v2,1.0,Reassigned by repair_data.py to track risk_score.
5489,T5489,C001037,254,Diana Hale,,,risk_redistribution_v2,1.0,Reassigned by repair_data.py to track risk_score.
5497,T5497,C000712,5824,James Smith,,,risk_redistribution_v2,1.0,Reassigned by repair_data.py to track risk_score.
5498,T5498,C000712,5824,James Smith,,,risk_redistribution_v2,1.0,Reassigned by repair_data.py to track risk_score.
5504,T5504,C000712,5824,James Smith,,,risk_redistribution_v2,1.0,Reassigned by repair_data.py to track risk_score.
6473,T6473,C000712,5824,James Smith,,,risk_redistribution_v2,1.0,Reassigned by repair_data.py to track risk_score.
6479,T6479,C000712,5824,James Smith,,,risk_redistribution_v2,1.0,Reassigned by repair_data.py to track risk_score.
6481,T6481,C000717,6470,Douglas Smith,,,risk_redistribution_v2,1.0,Reassigned by repair_data.py to track risk_score.
6482,T6482,C000717,6470,Douglas Smith,,,risk_redistribution_v2,1.0,Reassigned by repair_data.py to track risk_score.
6483,T6483,C000717,6470,Douglas Smith,,,risk_redistribution_v2,1.0,Reassigned by repair_data.py to track risk_score.
5467,T5467,C000717,6470,Douglas Smith,,,risk_redistribution_v2,1.0,Reassigned by repair_data.py to track risk_score.
5473,T5473,C000736,3365,William Crawford,,,risk_redistribution_v2,1.0,Reassigned by repair_data.py to track risk_score.
5474,T5474,C000736,3365,William Crawford,,,risk_redistribution_v2,1.0,Reassigned by repair_data.py to track risk_score.
6506,T6506,C000736,3365,William Crawford,,,risk_redistribution_v2,1.0,Reassigned by repair_data.py to track risk_score.
6508,T6508,C000051,341,Mary Smith,,,risk_redistribution_v2,1.0,Reassigned by repair_data.py to track risk_score.
5993,T5993,C000051,341,Mary Smith,,,risk_redistribution_v2,1.0,Reassigned by repair_data.py to track risk_score.
5997,T5997,C000051,341,Mary Smith,,,risk_redistribution_v2,1.0,Reassigned by repair_data.py to track risk_score.
5998,T5998,C000051,341,Mary Smith,,,risk_redistribution_v2,1.0,Reassigned by repair_data.py to track risk_score.
5999,T5999,C000703,465,Shawn Smith,,,risk_redistribution_v2,1.0,Reassigned by repair_data.py to track risk_score.
6003,T6003,C000703,465,Shawn Smith,,,risk_redistribution_v2,1.0,Reassigned by repair_data.py to track risk_score.
6005,T6005,C000703,465,Shawn Smith,,,risk_redistribution_v2,1.0,Reassigned by repair_data.py to track risk_score.
6008,T6008,C000703,465,Shawn Smith,,,risk_redistribution_v2,1.0,Reassigned by repair_data.py to track risk_score.
5978,T5978,C000703,465,Shawn Smith,,,risk_redistribution_v2,1.0,Reassigned by repair_data.py to track risk_score.
5980,T5980,C001965,3807,Mary Huang,,,risk_redistribution_v2,1.0,Reassigned by repair_data.py to track risk_score.
5981,T5981,C001965,3807,Mary Huang,,,risk_redistribution_v2,1.0,Reassigned by repair_data.py to track risk_score.
5982,T5982,C001965,3807,Mary Huang,,,risk_redistribution_v2,1.0,Reassigned by repair_data.py to track risk_score.
5983,T5983,C001965,3807,Mary Huang,,,risk_redistribution_v2,1.0,Reassigned by repair_data.py to track risk_score.
6995,T6995,C001965,3807,Mary Huang,,,risk_redistribution_v2,1.0,Reassigned by repair_data.py to track risk_score.
6996,T6996,C000450,9353,Michael Scott,,,risk_redistribution_v2,1.0,Reassigned by repair_data.py to track risk_score.
6998,T6998,C000450,9353,Michael Scott,,,risk_redistribution_v2,1.0,Reassigned by repair_data.py to track risk_score.
5481,T5481,C000450,9353,Michael Scott,,,risk_redistribution_v2,1.0,Reassigned by repair_data.py to track risk_score.
5925,T5925,C000450,9353,Michael Scott,,,risk_redistribution_v2,1.0,Reassigned by repair_data.py to track risk_score.
5928,T5928,C000778,12341,Roy Fields,,,risk_redistribution_v2,1.0,Reassigned by repair_data.py to track risk_score.
6026,T6026,C000778,12341,Roy Fields,,,risk_redistribution_v2,1.0,Reassigned by repair_data.py to track risk_score.
6031,T6031,C000778,12341,Roy Fields,,,risk_redistribution_v2,1.0,Reassigned by repair_data.py to track risk_score.
6033,T6033,C000778,12341,Roy Fields,,,risk_redistribution_v2,1.0,Reassigned by repair_data.py to track risk_score.
6034,T6034,C001276,3631,Mary Smith,,,risk_redistribution_v2,1.0,Reassigned by repair_data.py to track risk_score.
6039,T6039,C001276,3631,Mary Smith,,,risk_redistribution_v2,1.0,Reassigned by repair_data.py to track risk_score.
5934,T5934,C001276,3631,Mary Smith,,,risk_redistribution_v2,1.0,Reassigned by repair_data.py to track risk_score.
5937,T5937,C001349,9302,Melissa Smith,,,risk_redistribution_v2,1.0,Reassigned by repair_data.py to track risk_score.
5940,T5940,C001349,9302,Melissa Smith,,,risk_redistribution_v2,1.0,Reassigned by repair_data.py to track risk_score.
5941,T5941,C001349,9302,Melissa Smith,,,risk_redistribution_v2,1.0,Reassigned by repair_data.py to track risk_score.
5944,T5944,C000479,4406,Mary Smith,,,risk_redistribution_v2,1.0,Reassigned by repair_data.py to track risk_score.
5950,T5950,C000479,4406,Mary Smith,,,risk_redistribution_v2,1.0,Reassigned by repair_data.py to track risk_score.
5951,T5951,C000479,4406,Mary Smith,,,risk_redistribution_v2,1.0,Reassigned by repair_data.py to track risk_score.
5954,T5954,C000479,4406,Mary Smith,,,risk_redistribution_v2,1.0,Reassigned by repair_data.py to track risk_score.
5957,T5957,C000922,9589,Jacqueline Arroyo,,,risk_redistribution_v2,1.0,Reassigned by repair_data.py to track risk_score.
6053,T6053,C000922,9589,Jacqueline Arroyo,,,risk_redistribution_v2,1.0,Reassigned by repair_data.py to track risk_score.
6054,T6054,C000922,9589,Jacqueline Arroyo,,,risk_redistribution_v2,1.0,Reassigned by repair_data.py to track risk_score.
6055,T6055,C000922,9589,Jacqueline Arroyo,,,risk_redistribution_v2,1.0,Reassigned by repair_data.py to track risk_score.
5900,T5900,C000151,4491,Mary Banks,,,risk_redistribution_v2,1.0,Reassigned by repair_data.py to track risk_score.
5918,T5918,C000151,4491,Mary Banks,,,risk_redistribution_v2,1.0,Reassigned by repair_data.py to track risk_score.
6965,T6965,C000151,4491,Mary Banks,,,risk_redistribution_v2,1.0,Reassigned by repair_data.py to track risk_score.
6966,T6966,C000900,9969,Mary Wright,,,risk_redistribution_v2,1.0,Reassigned by repair_data.py to track risk_score.
6947,T6947,C000900,9969,Mary Wright,,,risk_redistribution_v2,1.0,Reassigned by repair_data.py to track risk_score.
6948,T6948,C000900,9969,Mary Wright,,,risk_redistribution_v2,1.0,Reassigned by repair_data.py to track risk_score.
5050,T5050,C000900,9969,Mary Wright,,,risk_redistribution_v2,1.0,Reassigned by repair_data.py to track risk_score.
5051,T5051,C000900,9969,Mary Wright,,,risk_redistribution_v2,1.0,Reassigned by repair_data.py to track risk_score.
5052,T5052,C000967,5727,Mary Smith,,,risk_redistribution_v2,1.0,Reassigned by repair_data.py to track risk_score.
5057,T5057,C000967,5727,Mary Smith,,,risk_redistribution_v2,1.0,Reassigned by repair_data.py to track risk_score.
5059,T5059,C000967,5727,Mary Smith,,,risk_redistribution_v2,1.0,Reassigned by repair_data.py to track risk_score.
5060,T5060,C000967,5727,Mary Smith,,,risk_redistribution_v2,1.0,Reassigned by repair_data.py to track risk_score.
5061,T5061,C001656,6089,Laura Blair,,,risk_redistribution_v2,1.0,Reassigned by repair_data.py to track risk_score.
6063,T6063,C001656,6089,Laura Blair,,,risk_redistribution_v2,1.0,Reassigned by repair_data.py to track risk_score.
6064,T6064,C001656,6089,Laura Blair,,,risk_redistribution_v2,1.0,Reassigned by repair_data.py to track risk_score.
6066,T6066,C001648,175,Ronald Guzman,,,risk_redistribution_v2,1.0,Reassigned by repair_data.py to track risk_score.
6070,T6070,C001648,175,Ronald Guzman,,,risk_redistribution_v2,1.0,Reassigned by repair_data.py to track risk_score.
5065,T5065,C001648,175,Ronald Guzman,,,risk_redistribution_v2,1.0,Reassigned by repair_data.py to track risk_score.
5066,T5066,C001648,175,Ronald Guzman,,,risk_redistribution_v2,1.0,Reassigned by repair_data.py to track risk_score.
5071,T5071,C001648,175,Ronald Guzman,,,risk_redistribution_v2,1.0,Reassigned by repair_data.py to track risk_score.
5072,T5072,C000176,4627,Eric Lang,,,risk_redistribution_v2,1.0,Reassigned by repair_data.py to track risk_score.
5079,T5079,C000176,4627,Eric Lang,,,risk_redistribution_v2,1.0,Reassigned by repair_data.py to track risk_score.
6928,T6928,C000176,4627,Eric Lang,,,risk_redistribution_v2,1.0,Reassigned by repair_data.py to track risk_score.
6932,T6932,C001402,6088,Mary Brooks,,,risk_redistribution_v2,1.0,Reassigned by repair_data.py to track risk_score.
6934,T6934,C001402,6088,Mary Brooks,,,risk_redistribution_v2,1.0,Reassigned by repair_data.py to track risk_score.
5082,T5082,C001402,6088,Mary Brooks,,,risk_redistribution_v2,1.0,Reassigned by repair_data.py to track risk_score.
6041,T6041,C001402,6088,Mary Brooks,,,risk_redistribution_v2,1.0,Reassigned by repair_data.py to track risk_score.
6045,T6045,C001402,6088,Mary Brooks,,,risk_redistribution_v2,1.0,Reassigned by repair_data.py to track risk_score.
6047,T6047,C001402,6088,Mary Brooks,,,risk_redistribution_v2,1.0,Reassigned by repair_data.py to track risk_score.
5085,T5085,C001226,12101,Samantha Smith,,,risk_redistribution_v2,1.0,Reassigned by repair_data.py to track risk_score.
5090,T5090,C001226,12101,Samantha Smith,,,risk_redistribution_v2,1.0,Reassigned by repair_data.py to track risk_score.
6911,T6911,C001226,12101,Samantha Smith,,,risk_redistribution_v2,1.0,Reassigned by repair_data.py to track risk_score.
6917,T6917,C001618,285,Shirley Smith,,,risk_redistribution_v2,1.0,Reassigned by repair_data.py to track risk_score.
5113,T5113,C001618,285,Shirley Smith,,,risk_redistribution_v2,1.0,Reassigned by repair_data.py to track risk_score.
5887,T5887,C001618,285,Shirley Smith,,,risk_redistribution_v2,1.0,Reassigned by repair_data.py to track risk_score.
5889,T5889,C001618,285,Shirley Smith,,,risk_redistribution_v2,1.0,Reassigned by repair_data.py to track risk_score.
5893,T5893,C001065,5548,Michael Crawford,,,risk_redistribution_v2,1.0,Reassigned by repair_data.py to track risk_score.
6073,T6073,C001065,5548,Michael Crawford,,,risk_redistribution_v2,1.0,Reassigned by repair_data.py to track risk_score.
6074,T6074,C001065,5548,Michael Crawford,,,risk_redistribution_v2,1.0,Reassigned by repair_data.py to track risk_score.
6078,T6078,C001065,5548,Michael Crawford,,,risk_redistribution_v2,1.0,Reassigned by repair_data.py to track risk_score.
6079,T6079,C000327,7190,Mary Mckinney,,,risk_redistribution_v2,1.0,Reassigned by repair_data.py to track risk_score.
6081,T6081,C000327,7190,Mary Mckinney,,,risk_redistribution_v2,1.0,Reassigned by repair_data.py to track risk_score.
6084,T6084,C000327,7190,Mary Mckinney,,,risk_redistribution_v2,1.0,Reassigned by repair_data.py to track risk_score.
6085,T6085,C000327,7190,Mary Mckinney,,,risk_redistribution_v2,1.0,Reassigned by repair_data.py to track risk_score.
6059,T6059,C000327,7190,Mary Mckinney,,,risk_redistribution_v2,1.0,Reassigned by repair_data.py to track risk_score.
5133,T5133,C001632,9575,John Richards,,,risk_redistribution_v2,1.0,Reassigned by repair_data.py to track risk_score.
5874,T5874,C001632,9575,John Richards,,,risk_redistribution_v2,1.0,Reassigned by repair_data.py to track risk_score.
5876,T5876,C001632,9575,John Richards,,,risk_redistribution_v2,1.0,Reassigned by repair_data.py to track risk_score.
5878,T5878,C000036,4781,Janet Smith,,,risk_redistribution_v2,1.0,Reassigned by repair_data.py to track risk_score.
5880,T5880,C000036,4781,Janet Smith,,,risk_redistribution_v2,1.0,Reassigned by repair_data.py to track risk_score.
6096,T6096,C000036,4781,Janet Smith,,,risk_redistribution_v2,1.0,Reassigned by repair_data.py to track risk_score.
6097,T6097,C000036,4781,Janet Smith,,,risk_redistribution_v2,1.0,Reassigned by repair_data.py to track risk_score.
6100,T6100,C000036,4781,Janet Smith,,,risk_redistribution_v2,1.0,Reassigned by repair_data.py to track risk_score.
5118,T5118,C000280,4588,Melissa Rosario,,,risk_redistribution_v2,1.0,Reassigned by repair_data.py to track risk_score.
5121,T5121,C000280,4588,Melissa Rosario,,,risk_redistribution_v2,1.0,Reassigned by repair_data.py to track risk_score.
5126,T5126,C000280,4588,Melissa Rosario,,,risk_redistribution_v2,1.0,Reassigned by repair_data.py to track risk_score.
6889,T6889,C000280,4588,Melissa Rosario,,,risk_redistribution_v2,1.0,Reassigned by repair_data.py to track risk_score.
6893,T6893,C000059,9962,Diana Smith,,,risk_redistribution_v2,1.0,Reassigned by repair_data.py to track risk_score.
6896,T6896,C000059,9962,Diana Smith,,,risk_redistribution_v2,1.0,Reassigned by repair_data.py to track risk_score.
6897,T6897,C000059,9962,Diana Smith,,,risk_redistribution_v2,1.0,Reassigned by repair_data.py to track risk_score.
6898,T6898,C001157,436,Mary Smith,,,risk_redistribution_v2,1.0,Reassigned by repair_data.py to track risk_score.
6871,T6871,C001157,436,Mary Smith,,,risk_redistribution_v2,1.0,Reassigned by repair_data.py to track risk_score.
5146,T5146,C001157,436,Mary Smith,,,risk_redistribution_v2,1.0,Reassigned by repair_data.py to track risk_score.
5854,T5854,C001157,436,Mary Smith,,,risk_redistribution_v2,1.0,Reassigned by repair_data.py to track risk_score.
5858,T5858,C000323,4980,Mary Wilson,,,risk_redistribution_v2,1.0,Reassigned by repair_data.py to track risk_score.
5860,T5860,C000323,4980,Mary Wilson,,,risk_redistribution_v2,1.0,Reassigned by repair_data.py to track risk_score.
5862,T5862,C000323,4980,Mary Wilson,,,risk_redistribution_v2,1.0,Reassigned by repair_data.py to track risk_score.
5864,T5864,C000323,4980,Mary Wilson,,,risk_redistribution_v2,1.0,Reassigned by repair_data.py to track risk_score.
6106,T6106,C000323,4980,Mary Wilson,,,risk_redistribution_v2,1.0,Reassigned by repair_data.py to track risk_score.
6117,T6117,C001451,6287,Mary Smith,,,risk_redistribution_v2,1.0,Reassigned by repair_data.py to track risk_score.
6903,T6903,C001451,6287,Mary Smith,,,risk_redistribution_v2,1.0,Reassigned by repair_data.py to track risk_score.
6874,T6874,C001451,6287,Mary Smith,,,risk_redistribution_v2,1.0,Reassigned by repair_data.py to track risk_score.
6878,T6878,C001451,6287,Mary Smith,,,risk_redistribution_v2,1.0,Reassigned by repair_data.py to track risk_score.
6879,T6879,C001119,6023,Shirley Webb,,,risk_redistribution_v2,1.0,Reassigned by repair_data.py to track risk_score.
6886,T6886,C001119,6023,Shirley Webb,,,risk_redistribution_v2,1.0,Reassigned by repair_data.py to track risk_score.
5129,T5129,C001119,6023,Shirley Webb,,,risk_redistribution_v2,1.0,Reassigned by repair_data.py to track risk_score.
5131,T5131,C001500,10062,Judith Smith,,,risk_redistribution_v2,1.0,Reassigned by repair_data.py to track risk_score.
6842,T6842,C001500,10062,Judith Smith,,,risk_redistribution_v2,1.0,Reassigned by repair_data.py to track risk_score.
6849,T6849,C001500,10062,Judith Smith,,,risk_redistribution_v2,1.0,Reassigned by repair_data.py to track risk_score.
6851,T6851,C001500,10062,Judith Smith,,,risk_redistribution_v2,1.0,Reassigned by repair_data.py to track risk_score.
6852,T6852,C001774,2174,Rachel Fuentes,,,risk_redistribution_v2,1.0,Reassigned by repair_data.py to track risk_score.
6130,T6130,C001774,2174,Rachel Fuentes,,,risk_redistribution_v2,1.0,Reassigned by repair_data.py to track risk_score.
6131,T6131,C001774,2174,Rachel Fuentes,,,risk_redistribution_v2,1.0,Reassigned by repair_data.py to track risk_score.
6132,T6132,C001774,2174,Rachel Fuentes,,,risk_redistribution_v2,1.0,Reassigned by repair_data.py to track risk_score.
6133,T6133,C001744,9932,Wayne Smith,,,risk_redistribution_v2,1.0,Reassigned by repair_data.py to track risk_score.
6136,T6136,C001744,9932,Wayne Smith,,,risk_redistribution_v2,1.0,Reassigned by repair_data.py to track risk_score.
5849,T5849,C001744,9932,Wayne Smith,,,risk_redistribution_v2,1.0,Reassigned by repair_data.py to track risk_score.
5853,T5853,C001739,7607,Scott Smith,,,risk_redistribution_v2,1.0,Reassigned by repair_data.py to track risk_score.
6861,T6861,C001739,7607,Scott Smith,,,risk_redistribution_v2,1.0,Reassigned by repair_data.py to track risk_score.
6862,T6862,C001739,7607,Scott Smith,,,risk_redistribution_v2,1.0,Reassigned by repair_data.py to track risk_score.
6863,T6863,C001707,10883,Catherine Zamora,,,risk_redistribution_v2,1.0,Reassigned by repair_data.py to track risk_score.
6865,T6865,C001707,10883,Catherine Zamora,,,risk_redistribution_v2,1.0,Reassigned by repair_data.py to track risk_score.
6869,T6869,C001707,10883,Catherine Zamora,,,risk_redistribution_v2,1.0,Reassigned by repair_data.py to track risk_score.
5168,T5168,C001707,10883,Catherine Zamora,,,risk_redistribution_v2,1.0,Reassigned by repair_data.py to track risk_score.
5170,T5170,C001707,10883,Catherine Zamora,,,risk_redistribution_v2,1.0,Reassigned by repair_data.py to track risk_score.
5824,T5824,C001707,10883,Catherine Zamora,,,risk_redistribution_v2,1.0,Reassigned by repair_data.py to track risk_score.
5826,T5826,C001671,12069,Brittany Gardner,,,risk_redistribution_v2,1.0,Reassigned by repair_data.py to track risk_score.
5827,T5827,C001671,12069,Brittany Gardner,,,risk_redistribution_v2,1.0,Reassigned by repair_data.py to track risk_score.
6137,T6137,C001671,12069,Brittany Gardner,,,risk_redistribution_v2,1.0,Reassigned by repair_data.py to track risk_score.
6138,T6138,C000927,2680,Jennifer Ferguson,,,risk_redistribution_v2,1.0,Reassigned by repair_data.py to track risk_score.
6149,T6149,C000927,2680,Jennifer Ferguson,,,risk_redistribution_v2,1.0,Reassigned by repair_data.py to track risk_score.
5834,T5834,C000927,2680,Jennifer Ferguson,,,risk_redistribution_v2,1.0,Reassigned by repair_data.py to track risk_score.
5839,T5839,C000927,2680,Jennifer Ferguson,,,risk_redistribution_v2,1.0,Reassigned by repair_data.py to track risk_score.
5840,T5840,C000715,1940,Katherine Smith,,,risk_redistribution_v2,1.0,Reassigned by repair_data.py to track risk_score.
5152,T5152,C000715,1940,Katherine Smith,,,risk_redistribution_v2,1.0,Reassigned by repair_data.py to track risk_score.
5154,T5154,C000715,1940,Katherine Smith,,,risk_redistribution_v2,1.0,Reassigned by repair_data.py to track risk_score.
5155,T5155,C000715,1940,Katherine Smith,,,risk_redistribution_v2,1.0,Reassigned by repair_data.py to track risk_score.
5158,T5158,C000715,1940,Katherine Smith,,,risk_redistribution_v2,1.0,Reassigned by repair_data.py to track risk_score.
6841,T6841,C000708,8719,John Smith,,,risk_redistribution_v2,1.0,Reassigned by repair_data.py to track risk_score.
5811,T5811,C000708,8719,John Smith,,,risk_redistribution_v2,1.0,Reassigned by repair_data.py to track risk_score.
5813,T5813,C000708,8719,John Smith,,,risk_redistribution_v2,1.0,Reassigned by repair_data.py to track risk_score.
6156,T6156,C001867,4846,Mary Lambert,,,risk_redistribution_v2,1.0,Reassigned by repair_data.py to track risk_score.
6161,T6161,C001867,4846,Mary Lambert,,,risk_redistribution_v2,1.0,Reassigned by repair_data.py to track risk_score.
6163,T6163,C001867,4846,Mary Lambert,,,risk_redistribution_v2,1.0,Reassigned by repair_data.py to track risk_score.
6166,T6166,C001867,4846,Mary Lambert,,,risk_redistribution_v2,1.0,Reassigned by repair_data.py to track risk_score.
6167,T6167,C000665,10398,Mary Pierce,,,risk_redistribution_v2,1.0,Reassigned by repair_data.py to track risk_score.
5817,T5817,C000665,10398,Mary Pierce,,,risk_redistribution_v2,1.0,Reassigned by repair_data.py to track risk_score.
5820,T5820,C000665,10398,Mary Pierce,,,risk_redistribution_v2,1.0,Reassigned by repair_data.py to track risk_score.
5823,T5823,C000491,3423,Mary Smith,,,risk_redistribution_v2,1.0,Reassigned by repair_data.py to track risk_score.
6855,T6855,C000491,3423,Mary Smith,,,risk_redistribution_v2,1.0,Reassigned by repair_data.py to track risk_score.
6830,T6830,C000491,3423,Mary Smith,,,risk_redistribution_v2,1.0,Reassigned by repair_data.py to track risk_score.
6834,T6834,C000491,3423,Mary Smith,,,risk_redistribution_v2,1.0,Reassigned by repair_data.py to track risk_score.
6838,T6838,C000491,3423,Mary Smith,,,risk_redistribution_v2,1.0,Reassigned by repair_data.py to track risk_score.
5164,T5164,C001310,8889,Evelyn Brown,,,risk_redistribution_v2,1.0,Reassigned by repair_data.py to track risk_score.
5167,T5167,C001310,8889,Evelyn Brown,,,risk_redistribution_v2,1.0,Reassigned by repair_data.py to track risk_score.
5803,T5803,C001310,8889,Evelyn Brown,,,risk_redistribution_v2,1.0,Reassigned by repair_data.py to track risk_score.
5805,T5805,C001310,8889,Evelyn Brown,,,risk_redistribution_v2,1.0,Reassigned by repair_data.py to track risk_score.
5808,T5808,C000296,7664,Brandon Walker,,,risk_redistribution_v2,1.0,Reassigned by repair_data.py to track risk_score.
5810,T5810,C000296,7664,Brandon Walker,,,risk_redistribution_v2,1.0,Reassigned by repair_data.py to track risk_score.
5173,T5173,C000296,7664,Brandon Walker,,,risk_redistribution_v2,1.0,Reassigned by repair_data.py to track risk_score.
5174,T5174,C000296,7664,Brandon Walker,,,risk_redistribution_v2,1.0,Reassigned by repair_data.py to track risk_score.
5176,T5176,C000296,7664,Brandon Walker,,,risk_redistribution_v2,1.0,Reassigned by repair_data.py to track risk_score.
6809,T6809,C000015,10351,Teresa Gray,,,risk_redistribution_v2,1.0,Reassigned by repair_data.py to track risk_score.
6815,T6815,C000015,10351,Teresa Gray,,,risk_redistribution_v2,1.0,Reassigned by repair_data.py to track risk_score.
6816,T6816,C000015,10351,Teresa Gray,,,risk_redistribution_v2,1.0,Reassigned by repair_data.py to track risk_score.
6819,T6819,C000015,10351,Teresa Gray,,,risk_redistribution_v2,1.0,Reassigned by repair_data.py to track risk_score.
6821,T6821,C000015,10351,Teresa Gray,,,risk_redistribution_v2,1.0,Reassigned by repair_data.py to track risk_score.
5177,T5177,C001981,1069,Mary Daniel,,,risk_redistribution_v2,1.0,Reassigned by repair_data.py to track risk_score.
5179,T5179,C001981,1069,Mary Daniel,,,risk_redistribution_v2,1.0,Reassigned by repair_data.py to track risk_score.
5181,T5181,C001981,1069,Mary Daniel,,,risk_redistribution_v2,1.0,Reassigned by repair_data.py to track risk_score.
5184,T5184,C001981,1069,Mary Daniel,,,risk_redistribution_v2,1.0,Reassigned by repair_data.py to track risk_score.
5193,T5193,C001966,7634,Pamela Ray,,,risk_redistribution_v2,1.0,Reassigned by repair_data.py to track risk_score.
5195,T5195,C001966,7634,Pamela Ray,,,risk_redistribution_v2,1.0,Reassigned by repair_data.py to track risk_score.
5200,T5200,C001966,7634,Pamela Ray,,,risk_redistribution_v2,1.0,Reassigned by repair_data.py to track risk_score.
5202,T5202,C000287,1824,Julia Tucker,,,risk_redistribution_v2,1.0,Reassigned by repair_data.py to track risk_score.
5203,T5203,C000287,1824,Julia Tucker,,,risk_redistribution_v2,1.0,Reassigned by repair_data.py to track risk_score.
6209,T6209,C000287,1824,Julia Tucker,,,risk_redistribution_v2,1.0,Reassigned by repair_data.py to track risk_score.
6210,T6210,C000287,1824,Julia Tucker,,,risk_redistribution_v2,1.0,Reassigned by repair_data.py to track risk_score.
6211,T6211,C001373,1936,Jane Jennings,,,risk_redistribution_v2,1.0,Reassigned by repair_data.py to track risk_score.
6214,T6214,C001373,1936,Jane Jennings,,,risk_redistribution_v2,1.0,Reassigned by repair_data.py to track risk_score.
6188,T6188,C001373,1936,Jane Jennings,,,risk_redistribution_v2,1.0,Reassigned by repair_data.py to track risk_score.
6190,T6190,C001412,7667,Henry Maldonado,,,risk_redistribution_v2,1.0,Reassigned by repair_data.py to track risk_score.
6197,T6197,C001412,7667,Henry Maldonado,,,risk_redistribution_v2,1.0,Reassigned by repair_data.py to track risk_score.
6169,T6169,C001412,7667,Henry Maldonado,,,risk_redistribution_v2,1.0,Reassigned by repair_data.py to track risk_score.
6171,T6171,C001412,7667,Henry Maldonado,,,risk_redistribution_v2,1.0,Reassigned by repair_data.py to track risk_score.
6182,T6182,C000263,6137,Eric Smith,,,risk_redistribution_v2,1.0,Reassigned by repair_data.py to track risk_score.
6183,T6183,C000263,6137,Eric Smith,,,risk_redistribution_v2,1.0,Reassigned by repair_data.py to track risk_score.
6789,T6789,C000263,6137,Eric Smith,,,risk_redistribution_v2,1.0,Reassigned by repair_data.py to track risk_score.
5213,T5213,C000270,6474,Madison Smith,,,risk_redistribution_v2,1.0,Reassigned by repair_data.py to track risk_score.
5221,T5221,C000270,6474,Madison Smith,,,risk_redistribution_v2,1.0,Reassigned by repair_data.py to track risk_score.
5769,T5769,C000270,6474,Madison Smith,,,risk_redistribution_v2,1.0,Reassigned by repair_data.py to track risk_score.
5772,T5772,C000270,6474,Madison Smith,,,risk_redistribution_v2,1.0,Reassigned by repair_data.py to track risk_score.
5773,T5773,C000270,6474,Madison Smith,,,risk_redistribution_v2,1.0,Reassigned by repair_data.py to track risk_score.
5775,T5775,C001404,3493,Joseph Simmons,,,risk_redistribution_v2,1.0,Reassigned by repair_data.py to track risk_score.
5778,T5778,C001404,3493,Joseph Simmons,,,risk_redistribution_v2,1.0,Reassigned by repair_data.py to track risk_score.
5782,T5782,C001404,3493,Joseph Simmons,,,risk_redistribution_v2,1.0,Reassigned by repair_data.py to track risk_score.
6201,T6201,C001404,3493,Joseph Simmons,,,risk_redistribution_v2,1.0,Reassigned by repair_data.py to track risk_score.
6202,T6202,C001748,1385,Catherine Smith,,,risk_redistribution_v2,1.0,Reassigned by repair_data.py to track risk_score.
6208,T6208,C001748,1385,Catherine Smith,,,risk_redistribution_v2,1.0,Reassigned by repair_data.py to track risk_score.
5187,T5187,C001748,1385,Catherine Smith,,,risk_redistribution_v2,1.0,Reassigned by repair_data.py to track risk_score.
6803,T6803,C000278,4599,Mary Smith,,,risk_redistribution_v2,1.0,Reassigned by repair_data.py to track risk_score.
6807,T6807,C000278,4599,Mary Smith,,,risk_redistribution_v2,1.0,Reassigned by repair_data.py to track risk_score.
6808,T6808,C000278,4599,Mary Smith,,,risk_redistribution_v2,1.0,Reassigned by repair_data.py to track risk_score.
5263,T5263,C000278,4599,Mary Smith,,,risk_redistribution_v2,1.0,Reassigned by repair_data.py to track risk_score.
5264,T5264,C000278,4599,Mary Smith,,,risk_redistribution_v2,1.0,Reassigned by repair_data.py to track risk_score.
5758,T5758,C001916,7564,Christopher Smith,,,risk_redistribution_v2,1.0,Reassigned by repair_data.py to track risk_score.
5759,T5759,C001916,7564,Christopher Smith,,,risk_redistribution_v2,1.0,Reassigned by repair_data.py to track risk_score.
5763,T5763,C001916,7564,Christopher Smith,,,risk_redistribution_v2,1.0,Reassigned by repair_data.py to track risk_score.
5764,T5764,C001916,7564,Christopher Smith,,,risk_redistribution_v2,1.0,Reassigned by repair_data.py to track risk_score.
5765,T5765,C001916,7564,Christopher Smith,,,risk_redistribution_v2,1.0,Reassigned by repair_data.py to track risk_score.
5767,T5767,C000581,10071,Mary Lawrence,,,risk_redistribution_v2,1.0,Reassigned by repair_data.py to track risk_score.
6218,T6218,C000581,10071,Mary Lawrence,,,risk_redistribution_v2,1.0,Reassigned by repair_data.py to track risk_score.
6231,T6231,C000581,10071,Mary Lawrence,,,risk_redistribution_v2,1.0,Reassigned by repair_data.py to track risk_score.
6762,T6762,C000581,10071,Mary Lawrence,,,risk_redistribution_v2,1.0,Reassigned by repair_data.py to track risk_score.
6763,T6763,C001948,5637,Mary Wong,,,risk_redistribution_v2,1.0,Reassigned by repair_data.py to track risk_score.
5225,T5225,C001948,5637,Mary Wong,,,risk_redistribution_v2,1.0,Reassigned by repair_data.py to track risk_score.
5206,T5206,C001948,5637,Mary Wong,,,risk_redistribution_v2,1.0,Reassigned by repair_data.py to track risk_score.
6785,T6785,C000599,5047,Shirley Whitehead,,,risk_redistribution_v2,1.0,Reassigned by repair_data.py to track risk_score.
6788,T6788,C000599,5047,Shirley Whitehead,,,risk_redistribution_v2,1.0,Reassigned by repair_data.py to track risk_score.
5278,T5278,C000599,5047,Shirley Whitehead,,,risk_redistribution_v2,1.0,Reassigned by repair_data.py to track risk_score.
5734,T5734,C000599,5047,Shirley Whitehead,,,risk_redistribution_v2,1.0,Reassigned by repair_data.py to track risk_score.
6233,T6233,C000018,3708,Judy Miller,,,risk_redistribution_v2,1.0,Reassigned by repair_data.py to track risk_score.
6247,T6247,C000018,3708,Judy Miller,,,risk_redistribution_v2,1.0,Reassigned by repair_data.py to track risk_score.
5740,T5740,C000018,3708,Judy Miller,,,risk_redistribution_v2,1.0,Reassigned by repair_data.py to track risk_score.
5746,T5746,C000018,3708,Judy Miller,,,risk_redistribution_v2,1.0,Reassigned by repair_data.py to track risk_score.
5752,T5752,C000889,11089,Mary Smith,,,risk_redistribution_v2,1.0,Reassigned by repair_data.py to track risk_score.
5755,T5755,C000889,11089,Mary Smith,,,risk_redistribution_v2,1.0,Reassigned by repair_data.py to track risk_score.
5245,T5245,C000889,11089,Mary Smith,,,risk_redistribution_v2,1.0,Reassigned by repair_data.py to track risk_score.
5246,T5246,C000889,11089,Mary Smith,,,risk_redistribution_v2,1.0,Reassigned by repair_data.py to track risk_score.
5247,T5247,C000889,11089,Mary Smith,,,risk_redistribution_v2,1.0,Reassigned by repair_data.py to track risk_score.
5248,T5248,C000893,5186,Jason Robinson,,,risk_redistribution_v2,1.0,Reassigned by repair_data.py to track risk_score.
6745,T6745,C000893,5186,Jason Robinson,,,risk_redistribution_v2,1.0,Reassigned by repair_data.py to track risk_score.
6754,T6754,C000893,5186,Jason Robinson,,,risk_redistribution_v2,1.0,Reassigned by repair_data.py to track risk_score.
6757,T6757,C001030,1990,Kathryn Smith,,,risk_redistribution_v2,1.0,Reassigned by repair_data.py to track risk_score.
6759,T6759,C001030,1990,Kathryn Smith,,,risk_redistribution_v2,1.0,Reassigned by repair_data.py to track risk_score.
6720,T6720,C001030,1990,Kathryn Smith,,,risk_redistribution_v2,1.0,Reassigned by repair_data.py to track risk_score.
5296,T5296,C001030,1990,Kathryn Smith,,,risk_redistribution_v2,1.0,Reassigned by repair_data.py to track risk_score.
5297,T5297,C001030,1990,Kathryn Smith,,,risk_redistribution_v2,1.0,Reassigned by repair_data.py to track risk_score.
6257,T6257,C000164,1025,Megan Todd,,,risk_redistribution_v2,1.0,Reassigned by repair_data.py to track risk_score.
6258,T6258,C000164,1025,Megan Todd,,,risk_redistribution_v2,1.0,Reassigned by repair_data.py to track risk_score.
5723,T5723,C000164,1025,Megan Todd,,,risk_redistribution_v2,1.0,Reassigned by repair_data.py to track risk_score.
5727,T5727,C001847,3046,Mary Newman,,,risk_redistribution_v2,1.0,Reassigned by repair_data.py to track risk_score.
5266,T5266,C001847,3046,Mary Newman,,,risk_redistribution_v2,1.0,Reassigned by repair_data.py to track risk_score.
5269,T5269,C001847,3046,Mary Newman,,,risk_redistribution_v2,1.0,Reassigned by repair_data.py to track risk_score.
6733,T6733,C001547,7333,Julia Smith,,,risk_redistribution_v2,1.0,Reassigned by repair_data.py to track risk_score.
6734,T6734,C001547,7333,Julia Smith,,,risk_redistribution_v2,1.0,Reassigned by repair_data.py to track risk_score.
6735,T6735,C001547,7333,Julia Smith,,,risk_redistribution_v2,1.0,Reassigned by repair_data.py to track risk_score.
6736,T6736,C001547,7333,Julia Smith,,,risk_redistribution_v2,1.0,Reassigned by repair_data.py to track risk_score.
6743,T6743,C000818,9690,Edward Mccoy,,,risk_redistribution_v2,1.0,Reassigned by repair_data.py to track risk_score.
5275,T5275,C000818,9690,Edward Mccoy,,,risk_redistribution_v2,1.0,Reassigned by repair_data.py to track risk_score.
5277,T5277,C000818,9690,Edward Mccoy,,,risk_redistribution_v2,1.0,Reassigned by repair_data.py to track risk_score.
6704,T6704,C001764,5999,Randy Smith,,,risk_redistribution_v2,1.0,Reassigned by repair_data.py to track risk_score.
5305,T5305,C001764,5999,Randy Smith,,,risk_redistribution_v2,1.0,Reassigned by repair_data.py to track risk_score.
5313,T5313,C001764,5999,Randy Smith,,,risk_redistribution_v2,1.0,Reassigned by repair_data.py to track risk_score.
5690,T5690,C001764,5999,Randy Smith,,,risk_redistribution_v2,1.0,Reassigned by repair_data.py to track risk_score.
5691,T5691,C001752,4456,Evelyn Spencer,,,risk_redistribution_v2,1.0,Reassigned by repair_data.py to track risk_score.
5694,T5694,C001752,4456,Evelyn Spencer,,,risk_redistribution_v2,1.0,Reassigned by repair_data.py to track risk_score.
5695,T5695,C001752,4456,Evelyn Spencer,,,risk_redistribution_v2,1.0,Reassigned by repair_data.py to track risk_score.
5700,T5700,C001752,4456,Evelyn Spencer,,,risk_redistribution_v2,1.0,Reassigned by repair_data.py to track risk_score.
6268,T6268,C001444,7234,Mary Bowers,,,risk_redistribution_v2,1.0,Reassigned by repair_data.py to track risk_score.
6271,T6271,C001444,7234,Mary Bowers,,,risk_redistribution_v2,1.0,Reassigned by repair_data.py to track risk_score.
6279,T6279,C001444,7234,Mary Bowers,,,risk_redistribution_v2,1.0,Reassigned by repair_data.py to track risk_score.
5286,T5286,C001627,3752,Mary Vega,,,risk_redistribution_v2,1.0,Reassigned by repair_data.py to track risk_score.
6713,T6713,C001627,3752,Mary Vega,,,risk_redistribution_v2,1.0,Reassigned by repair_data.py to track risk_score.
6717,T6717,C001627,3752,Mary Vega,,,risk_redistribution_v2,1.0,Reassigned by repair_data.py to track risk_score.
6718,T6718,C001627,3752,Mary Vega,,,risk_redistribution_v2,1.0,Reassigned by repair_data.py to track risk_score.
6719,T6719,C001627,3752,Mary Vega,,,risk_redistribution_v2,1.0,Reassigned by repair_data.py to track risk_score.
5687,T5687,C000363,3635,Catherine Flowers,,,risk_redistribution_v2,1.0,Reassigned by repair_data.py to track risk_score.
5688,T5688,C000363,3635,Catherine Flowers,,,risk_redistribution_v2,1.0,Reassigned by repair_data.py to track risk_score.
6281,T6281,C000363,3635,Catherine Flowers,,,risk_redistribution_v2,1.0,Reassigned by repair_data.py to track risk_score.
6287,T6287,C001144,2169,Betty Ayala,,,risk_redistribution_v2,1.0,Reassigned by repair_data.py to track risk_score.
6290,T6290,C001144,2169,Betty Ayala,,,risk_redistribution_v2,1.0,Reassigned by repair_data.py to track risk_score.
6291,T6291,C001144,2169,Betty Ayala,,,risk_redistribution_v2,1.0,Reassigned by repair_data.py to track risk_score.
6295,T6295,C001144,2169,Betty Ayala,,,risk_redistribution_v2,1.0,Reassigned by repair_data.py to track risk_score.
6296,T6296,C001144,2169,Betty Ayala,,,risk_redistribution_v2,1.0,Reassigned by repair_data.py to track risk_score.
5689,T5689,C001144,2169,Betty Ayala,,,risk_redistribution_v2,1.0,Reassigned by repair_data.py to track risk_score.
5300,T5300,C001833,1249,Donald Odom,,,risk_redistribution_v2,1.0,Reassigned by repair_data.py to track risk_score.
5302,T5302,C001833,1249,Donald Odom,,,risk_redistribution_v2,1.0,Reassigned by repair_data.py to track risk_score.
5303,T5303,C001833,1249,Donald Odom,,,risk_redistribution_v2,1.0,Reassigned by repair_data.py to track risk_score.
5304,T5304,C001833,1249,Donald Odom,,,risk_redistribution_v2,1.0,Reassigned by repair_data.py to track risk_score.
6699,T6699,C001833,1249,Donald Odom,,,risk_redistribution_v2,1.0,Reassigned by repair_data.py to track risk_score.
6701,T6701,C001390,9463,Mary Key,,,risk_redistribution_v2,1.0,Reassigned by repair_data.py to track risk_score.
6703,T6703,C001390,9463,Mary Key,,,risk_redistribution_v2,1.0,Reassigned by repair_data.py to track risk_score.
6310,T6310,C001390,9463,Mary Key,,,risk_redistribution_v2,1.0,Reassigned by repair_data.py to track risk_score.
6312,T6312,C001390,9463,Mary Key,,,risk_redistribution_v2,1.0,Reassigned by repair_data.py to track risk_score.
5673,T5673,C001160,5775,Joyce Garcia,,,risk_redistribution_v2,1.0,Reassigned by repair_data.py to track risk_score.
5674,T5674,C001160,5775,Joyce Garcia,,,risk_redistribution_v2,1.0,Reassigned by repair_data.py to track risk_score.
5677,T5677,C001160,5775,Joyce Garcia,,,risk_redistribution_v2,1.0,Reassigned by repair_data.py to track risk_score.
5319,T5319,C001188,11116,Mary Wu,,,risk_redistribution_v2,1.0,Reassigned by repair_data.py to track risk_score.
6684,T6684,C001188,11116,Mary Wu,,,risk_redistribution_v2,1.0,Reassigned by repair_data.py to track risk_score.
6687,T6687,C001188,11116,Mary Wu,,,risk_redistribution_v2,1.0,Reassigned by repair_data.py to track risk_score.
6688,T6688,C001188,11116,Mary Wu,,,risk_redistribution_v2,1.0,Reassigned by repair_data.py to track risk_score.
6689,T6689,C001188,11116,Mary Wu,,,risk_redistribution_v2,1.0,Reassigned by repair_data.py to track risk_score.
6690,T6690,C000655,7176,Mary Hudson,,,risk_redistribution_v2,1.0,Reassigned by repair_data.py to track risk_score.
6691,T6691,C000655,7176,Mary Hudson,,,risk_redistribution_v2,1.0,Reassigned by repair_data.py to track risk_score.
6695,T6695,C000655,7176,Mary Hudson,,,risk_redistribution_v2,1.0,Reassigned by repair_data.py to track risk_score.
6696,T6696,C000383,5395,Mary Bell,,,risk_redistribution_v2,1.0,Reassigned by repair_data.py to track risk_score.
5321,T5321,C000383,5395,Mary Bell,,,risk_redistribution_v2,1.0,Reassigned by repair_data.py to track risk_score.
5679,T5679,C000383,5395,Mary Bell,,,risk_redistribution_v2,1.0,Reassigned by repair_data.py to track risk_score.
5660,T5660,C000457,8666,Mary Smith,,,risk_redistribution_v2,1.0,Reassigned by repair_data.py to track risk_score.
5661,T5661,C000457,8666,Mary Smith,,,risk_redistribution_v2,1.0,Reassigned by repair_data.py to track risk_score.
5662,T5662,C000457,8666,Mary Smith,,,risk_redistribution_v2,1.0,Reassigned by repair_data.py to track risk_score.
5664,T5664,C000457,8666,Mary Smith,,,risk_redistribution_v2,1.0,Reassigned by repair_data.py to track risk_score.
5329,T5329,C000457,8666,Mary Smith,,,risk_redistribution_v2,1.0,Reassigned by repair_data.py to track risk_score.
5330,T5330,C000132,11426,Mary Smith,,,risk_redistribution_v2,1.0,Reassigned by repair_data.py to track risk_score.
5332,T5332,C000132,11426,Mary Smith,,,risk_redistribution_v2,1.0,Reassigned by repair_data.py to track risk_score.
5333,T5333,C000132,11426,Mary Smith,,,risk_redistribution_v2,1.0,Reassigned by repair_data.py to track risk_score.
5334,T5334,C000132,11426,Mary Smith,,,risk_redistribution_v2,1.0,Reassigned by repair_data.py to track risk_score.
6665,T6665,C001730,4133,Mary Snyder,,,risk_redistribution_v2,1.0,Reassigned by repair_data.py to track risk_score.
6667,T6667,C001730,4133,Mary Snyder,,,risk_redistribution_v2,1.0,Reassigned by repair_data.py to track risk_score.
6669,T6669,C001730,4133,Mary Snyder,,,risk_redistribution_v2,1.0,Reassigned by repair_data.py to track risk_score.
6673,T6673,C001730,4133,Mary Snyder,,,risk_redistribution_v2,1.0,Reassigned by repair_data.py to track risk_score.
6676,T6676,C001730,4133,Mary Snyder,,,risk_redistribution_v2,1.0,Reassigned by repair_data.py to track risk_score.
5666,T5666,C001573,3978,Barbara Simmons,,,risk_redistribution_v2,1.0,Reassigned by repair_data.py to track risk_score.
5671,T5671,C001573,3978,Barbara Simmons,,,risk_redistribution_v2,1.0,Reassigned by repair_data.py to track risk_score.
5348,T5348,C001573,3978,Barbara Simmons,,,risk_redistribution_v2,1.0,Reassigned by repair_data.py to track risk_score.
5349,T5349,C000184,1844,Teresa Smith,,,risk_redistribution_v2,1.0,Reassigned by repair_data.py to track risk_score.
5352,T5352,C000184,1844,Teresa Smith,,,risk_redistribution_v2,1.0,Reassigned by repair_data.py to track risk_score.
6658,T6658,C000184,1844,Teresa Smith,,,risk_redistribution_v2,1.0,Reassigned by repair_data.py to track risk_score.
6663,T6663,C000184,1844,Teresa Smith,,,risk_redistribution_v2,1.0,Reassigned by repair_data.py to track risk_score.
5355,T5355,C000451,238,Charles Turner,,,risk_redistribution_v2,1.0,Reassigned by repair_data.py to track risk_score.
5631,T5631,C000451,238,Charles Turner,,,risk_redistribution_v2,1.0,Reassigned by repair_data.py to track risk_score.
5635,T5635,C000451,238,Charles Turner,,,risk_redistribution_v2,1.0,Reassigned by repair_data.py to track risk_score.
5636,T5636,C000451,238,Charles Turner,,,risk_redistribution_v2,1.0,Reassigned by repair_data.py to track risk_score.
6329,T6329,C000451,238,Charles Turner,,,risk_redistribution_v2,1.0,Reassigned by repair_data.py to track risk_score.
6330,T6330,C000451,238,Charles Turner,,,risk_redistribution_v2,1.0,Reassigned by repair_data.py to track risk_score.
6341,T6341,C000980,639,Elizabeth Pittman,,,risk_redistribution_v2,1.0,Reassigned by repair_data.py to track risk_score.
5645,T5645,C000980,639,Elizabeth Pittman,,,risk_redistribution_v2,1.0,Reassigned by repair_data.py to track risk_score.
5647,T5647,C000980,639,Elizabeth Pittman,,,risk_redistribution_v2,1.0,Reassigned by repair_data.py to track risk_score.
5649,T5649,C000980,639,Elizabeth Pittman,,,risk_redistribution_v2,1.0,Reassigned by repair_data.py to track risk_score.
6317,T6317,C000980,639,Elizabeth Pittman,,,risk_redistribution_v2,1.0,Reassigned by repair_data.py to track risk_score.
5615,T5615,C000052,2484,Sarah Smith,,,risk_redistribution_v2,1.0,Reassigned by repair_data.py to track risk_score.
5617,T5617,C000052,2484,Sarah Smith,,,risk_redistribution_v2,1.0,Reassigned by repair_data.py to track risk_score.
5622,T5622,C000052,2484,Sarah Smith,,,risk_redistribution_v2,1.0,Reassigned by repair_data.py to track risk_score.
6353,T6353,C000052,2484,Sarah Smith,,,risk_redistribution_v2,1.0,Reassigned by repair_data.py to track risk_score.
5625,T5625,C000587,7575,Mary Romero,,,risk_redistribution_v2,1.0,Reassigned by repair_data.py to track risk_score.
5361,T5361,C000587,7575,Mary Romero,,,risk_redistribution_v2,1.0,Reassigned by repair_data.py to track risk_score.
5362,T5362,C000587,7575,Mary Romero,,,risk_redistribution_v2,1.0,Reassigned by repair_data.py to track risk_score.
5366,T5366,C000587,7575,Mary Romero,,,risk_redistribution_v2,1.0,Reassigned by repair_data.py to track risk_score.
6636,T6636,C000587,7575,Mary Romero,,,risk_redistribution_v2,1.0,Reassigned by repair_data.py to track risk_score.
6642,T6642,C000046,1492,Gerald Patel,,,risk_redistribution_v2,1.0,Reassigned by repair_data.py to track risk_score.
6645,T6645,C000046,1492,Gerald Patel,,,risk_redistribution_v2,1.0,Reassigned by repair_data.py to track risk_score.
5371,T5371,C000046,1492,Gerald Patel,,,risk_redistribution_v2,1.0,Reassigned by repair_data.py to track risk_score.
5372,T5372,C000590,10258,Joyce Gonzalez,,,risk_redistribution_v2,1.0,Reassigned by repair_data.py to track risk_score.
5373,T5373,C000590,10258,Joyce Gonzalez,,,risk_redistribution_v2,1.0,Reassigned by repair_data.py to track risk_score.
5341,T5341,C000590,10258,Joyce Gonzalez,,,risk_redistribution_v2,1.0,Reassigned by repair_data.py to track risk_score.
5344,T5344,C000590,10258,Joyce Gonzalez,,,risk_redistribution_v2,1.0,Reassigned by repair_data.py to track risk_score.
6365,T6365,C001722,9813,Mary Roth,,,risk_redistribution_v2,1.0,Reassigned by repair_data.py to track risk_score.
6366,T6366,C001722,9813,Mary Roth,,,risk_redistribution_v2,1.0,Reassigned by repair_data.py to track risk_score.
6369,T6369,C001722,9813,Mary Roth,,,risk_redistribution_v2,1.0,Reassigned by repair_data.py to track risk_score.
6374,T6374,C001665,4795,Mary Smith,,,risk_redistribution_v2,1.0,Reassigned by repair_data.py to track risk_score.
5610,T5610,C001665,4795,Mary Smith,,,risk_redistribution_v2,1.0,Reassigned by repair_data.py to track risk_score.
5378,T5378,C001665,4795,Mary Smith,,,risk_redistribution_v2,1.0,Reassigned by repair_data.py to track risk_score.
5379,T5379,C001665,4795,Mary Smith,,,risk_redistribution_v2,1.0,Reassigned by repair_data.py to track risk_score.
5380,T5380,C001665,4795,Mary Smith,,,risk_redistribution_v2,1.0,Reassigned by repair_data.py to track risk_score.
6620,T6620,C000429,10612,Anna Smith,,,risk_redistribution_v2,1.0,Reassigned by repair_data.py to track risk_score.
6626,T6626,C000429,10612,Anna Smith,,,risk_redistribution_v2,1.0,Reassigned by repair_data.py to track risk_score.
6628,T6628,C000429,10612,Anna Smith,,,risk_redistribution_v2,1.0,Reassigned by repair_data.py to track risk_score.
5386,T5386,C000429,10612,Anna Smith,,,risk_redistribution_v2,1.0,Reassigned by repair_data.py to track risk_score.
5389,T5389,C000429,10612,Anna Smith,,,risk_redistribution_v2,1.0,Reassigned by repair_data.py to track risk_score.
5390,T5390,C001694,6187,Mary Hess,,,risk_redistribution_v2,1.0,Reassigned by repair_data.py to track risk_score.
5612,T5612,C001694,6187,Mary Hess,,,risk_redistribution_v2,1.0,Reassigned by repair_data.py to track risk_score.
5613,T5613,C001694,6187,Mary Hess,,,risk_redistribution_v2,1.0,Reassigned by repair_data.py to track risk_score.
6386,T6386,C001694,6187,Mary Hess,,,risk_redistribution_v2,1.0,Reassigned by repair_data.py to track risk_score.
6388,T6388,C001694,6187,Mary Hess,,,risk_redistribution_v2,1.0,Reassigned by repair_data.py to track risk_score.
6389,T6389,C001441,10165,Joan Buckley,,,risk_redistribution_v2,1.0,Reassigned by repair_data.py to track risk_score.
5398,T5398,C001441,10165,Joan Buckley,,,risk_redistribution_v2,1.0,Reassigned by repair_data.py to track risk_score.
6605,T6605,C001441,10165,Joan Buckley,,,risk_redistribution_v2,1.0,Reassigned by repair_data.py to track risk_score.
6607,T6607,C001441,10165,Joan Buckley,,,risk_redistribution_v2,1.0,Reassigned by repair_data.py to track risk_score.
6608,T6608,C001441,10165,Joan Buckley,,,risk_redistribution_v2,1.0,Reassigned by repair_data.py to track risk_score.
6610,T6610,C001820,5719,Mary Smith,,,risk_redistribution_v2,1.0,Reassigned by repair_data.py to track risk_score.
6611,T6611,C001820,5719,Mary Smith,,,risk_redistribution_v2,1.0,Reassigned by repair_data.py to track risk_score.
6612,T6612,C001820,5719,Mary Smith,,,risk_redistribution_v2,1.0,Reassigned by repair_data.py to track risk_score.
6613,T6613,C001882,5276,Mary Martin,,,risk_redistribution_v2,1.0,Reassigned by repair_data.py to track risk_score.
6616,T6616,C001882,5276,Mary Martin,,,risk_redistribution_v2,1.0,Reassigned by repair_data.py to track risk_score.
5401,T5401,C001882,5276,Mary Martin,,,risk_redistribution_v2,1.0,Reassigned by repair_data.py to track risk_score.
6362,T6362,C001882,5276,Mary Martin,,,risk_redistribution_v2,1.0,Reassigned by repair_data.py to track risk_score.
6363,T6363,C001318,4400,Madison Morris,,,risk_redistribution_v2,1.0,Reassigned by repair_data.py to track risk_score.
6364,T6364,C001318,4400,Madison Morris,,,risk_redistribution_v2,1.0,Reassigned by repair_data.py to track risk_score.
5408,T5408,C001318,4400,Madison Morris,,,risk_redistribution_v2,1.0,Reassigned by repair_data.py to track risk_score.
5410,T5410,C001318,4400,Madison Morris,,,risk_redistribution_v2,1.0,Reassigned by repair_data.py to track risk_score.
5413,T5413,C001318,4400,Madison Morris,,,risk_redistribution_v2,1.0,Reassigned by repair_data.py to track risk_score.
6586,T6586,C001357,8768,Evelyn Bradford,,,risk_redistribution_v2,1.0,Reassigned by repair_data.py to track risk_score.
5575,T5575,C001357,8768,Evelyn Bradford,,,risk_redistribution_v2,1.0,Reassigned by repair_data.py to track risk_score.
6393,T6393,C001357,8768,Evelyn Bradford,,,risk_redistribution_v2,1.0,Reassigned by repair_data.py to track risk_score.
6394,T6394,C001333,7318,John Allen,,,risk_redistribution_v2,1.0,Reassigned by repair_data.py to track risk_score.
6400,T6400,C001333,7318,John Allen,,,risk_redistribution_v2,1.0,Reassigned by repair_data.py to track risk_score.
6403,T6403,C001333,7318,John Allen,,,risk_redistribution_v2,1.0,Reassigned by repair_data.py to track risk_score.
6406,T6406,C001333,7318,John Allen,,,risk_redistribution_v2,1.0,Reassigned by repair_data.py to track risk_score.
5579,T5579,C001369,10296,Mary Ramos,,,risk_redistribution_v2,1.0,Reassigned by repair_data.py to track risk_score.
5580,T5580,C001369,10296,Mary Ramos,,,risk_redistribution_v2,1.0,Reassigned by repair_data.py to track risk_score.
5588,T5588,C001369,10296,Mary Ramos,,,risk_redistribution_v2,1.0,Reassigned by repair_data.py to track risk_score.
5592,T5592,C001369,10296,Mary Ramos,,,risk_redistribution_v2,1.0,Reassigned by repair_data.py to track risk_score.
6380,T6380,C001369,10296,Mary Ramos,,,risk_redistribution_v2,1.0,Reassigned by repair_data.py to track risk_score.
6381,T6381,C001360,2727,Henry Smith,,,risk_redistribution_v2,1.0,Reassigned by repair_data.py to track risk_score.
6413,T6413,C001360,2727,Henry Smith,,,risk_redistribution_v2,1.0,Reassigned by repair_data.py to track risk_score.
6417,T6417,C001360,2727,Henry Smith,,,risk_redistribution_v2,1.0,Reassigned by repair_data.py to track risk_score.
6419,T6419,C001360,2727,Henry Smith,,,risk_redistribution_v2,1.0,Reassigned by repair_data.py to track risk_score.
6420,T6420,C001496,11473,Mary Smith,,,risk_redistribution_v2,1.0,Reassigned by repair_data.py to track risk_score.
5562,T5562,C001496,11473,Mary Smith,,,risk_redistribution_v2,1.0,Reassigned by repair_data.py to track risk_score.
5563,T5563,C001496,11473,Mary Smith,,,risk_redistribution_v2,1.0,Reassigned by repair_data.py to track risk_score.
6592,T6592,C001496,11473,Mary Smith,,,risk_redistribution_v2,1.0,Reassigned by repair_data.py to track risk_score.
6596,T6596,C001496,11473,Mary Smith,,,risk_redistribution_v2,1.0,Reassigned by repair_data.py to track risk_score.
6600,T6600,C000198,11534,Mary Kim,,,risk_redistribution_v2,1.0,Reassigned by repair_data.py to track risk_score.
6576,T6576,C000198,11534,Mary Kim,,,risk_redistribution_v2,1.0,Reassigned by repair_data.py to track risk_score.
6577,T6577,C000198,11534,Mary Kim,,,risk_redistribution_v2,1.0,Reassigned by repair_data.py to track risk_score.
6578,T6578,C000198,11534,Mary Kim,,,risk_redistribution_v2,1.0,Reassigned by repair_data.py to track risk_score.
6580,T6580,C000215,5015,Mary Gutierrez,,,risk_redistribution_v2,1.0,Reassigned by repair_data.py to track risk_score.
6581,T6581,C000215,5015,Mary Gutierrez,,,risk_redistribution_v2,1.0,Reassigned by repair_data.py to track risk_score.
5402,T5402,C000215,5015,Mary Gutierrez,,,risk_redistribution_v2,1.0,Reassigned by repair_data.py to track risk_score.
5403,T5403,C000215,5015,Mary Gutierrez,,,risk_redistribution_v2,1.0,Reassigned by repair_data.py to track risk_score.
6550,T6550,C001101,2157,Danielle Holt,,,risk_redistribution_v2,1.0,Reassigned by repair_data.py to track risk_score.
6551,T6551,C001101,2157,Danielle Holt,,,risk_redistribution_v2,1.0,Reassigned by repair_data.py to track risk_score.
5558,T5558,C001101,2157,Danielle Holt,,,risk_redistribution_v2,1.0,Reassigned by repair_data.py to track risk_score.
6429,T6429,C001101,2157,Danielle Holt,,,risk_redistribution_v2,1.0,Reassigned by repair_data.py to track risk_score.
6430,T6430,C000748,11109,William Smith,,,risk_redistribution_v2,1.0,Reassigned by repair_data.py to track risk_score.
6432,T6432,C000748,11109,William Smith,,,risk_redistribution_v2,1.0,Reassigned by repair_data.py to track risk_score.
6435,T6435,C000748,11109,William Smith,,,risk_redistribution_v2,1.0,Reassigned by repair_data.py to track risk_score.
6436,T6436,C000748,11109,William Smith,,,risk_redistribution_v2,1.0,Reassigned by repair_data.py to track risk_score.
5422,T5422,C000809,245,Deborah Smith,,,risk_redistribution_v2,1.0,Reassigned by repair_data.py to track risk_score.
5428,T5428,C000809,245,Deborah Smith,,,risk_redistribution_v2,1.0,Reassigned by repair_data.py to track risk_score.
6553,T6553,C000809,245,Deborah Smith,,,risk_redistribution_v2,1.0,Reassigned by repair_data.py to track risk_score.
6559,T6559,C000809,245,Deborah Smith,,,risk_redistribution_v2,1.0,Reassigned by repair_data.py to track risk_score.
6565,T6565,C000809,245,Deborah Smith,,,risk_redistribution_v2,1.0,Reassigned by repair_data.py to track risk_score.
5433,T5433,C000086,3938,Mary Smith,,,risk_redistribution_v2,1.0,Reassigned by repair_data.py to track risk_score.
5435,T5435,C000086,3938,Mary Smith,,,risk_redistribution_v2,1.0,Reassigned by repair_data.py to track risk_score.
5439,T5439,C000086,3938,Mary Smith,,,risk_redistribution_v2,1.0,Reassigned by repair_data.py to track risk_score.
5539,T5539,C000086,3938,Mary Smith,,,risk_redistribution_v2,1.0,Reassigned by repair_data.py to track risk_score.
5540,T5540,C000086,3938,Mary Smith,,,risk_redistribution_v2,1.0,Reassigned by repair_data.py to track risk_score.
5542,T5542,C001227,1812,Mary Smith,,,risk_redistribution_v2,1.0,Reassigned by repair_data.py to track risk_score.
5543,T5543,C001227,1812,Mary Smith,,,risk_redistribution_v2,1.0,Reassigned by repair_data.py to track risk_score.
6449,T6449,C001227,1812,Mary Smith,,,risk_redistribution_v2,1.0,Reassigned by repair_data.py to track risk_score.
6450,T6450,C001945,9338,James Davis,,,risk_redistribution_v2,1.0,Reassigned by repair_data.py to track risk_score.
6455,T6455,C001945,9338,James Davis,,,risk_redistribution_v2,1.0,Reassigned by repair_data.py to track risk_score.
6456,T6456,C001945,9338,James Davis,,,risk_redistribution_v2,1.0,Reassigned by repair_data.py to track risk_score.
5546,T5546,C001945,9338,James Davis,,,risk_redistribution_v2,1.0,Reassigned by repair_data.py to track risk_score.
5442,T5442,C001945,9338,James Davis,,,risk_redistribution_v2,1.0,Reassigned by repair_data.py to track risk_score.
5444,T5444,C000592,10886,Scott Smith,,,risk_redistribution_v2,1.0,Reassigned by repair_data.py to track risk_score.
5445,T5445,C000592,10886,Scott Smith,,,risk_redistribution_v2,1.0,Reassigned by repair_data.py to track risk_score.
5447,T5447,C000592,10886,Scott Smith,,,risk_redistribution_v2,1.0,Reassigned by repair_data.py to track risk_score.
6541,T6541,C000592,10886,Scott Smith,,,risk_redistribution_v2,1.0,Reassigned by repair_data.py to track risk_score.
6544,T6544,C000556,9636,Mary Cruz,,,risk_redistribution_v2,1.0,Reassigned by repair_data.py to track risk_score.
6548,T6548,C000556,9636,Mary Cruz,,,risk_redistribution_v2,1.0,Reassigned by repair_data.py to track risk_score.
6511,T6511,C000556,9636,Mary Cruz,,,risk_redistribution_v2,1.0,Reassigned by repair_data.py to track risk_score.
6512,T6512,C000556,9636,Mary Cruz,,,risk_redistribution_v2,1.0,Reassigned by repair_data.py to track risk_score.
5516,T5516,C001914,12115,Lawrence Smith,,,risk_redistribution_v2,1.0,Reassigned by repair_data.py to track risk_score.
5526,T5526,C001914,12115,Lawrence Smith,,,risk_redistribution_v2,1.0,Reassigned by repair_data.py to track risk_score.
6466,T6466,C001914,12115,Lawrence Smith,,,risk_redistribution_v2,1.0,Reassigned by repair_data.py to track risk_score.
6468,T6468,C000907,1024,Paul Alvarado,,,risk_redistribution_v2,1.0,Reassigned by repair_data.py to track risk_score.
5530,T5530,C000907,1024,Paul Alvarado,,,risk_redistribution_v2,1.0,Reassigned by repair_data.py to track risk_score.
5531,T5531,C000907,1024,Paul Alvarado,,,risk_redistribution_v2,1.0,Reassigned by repair_data.py to track risk_score.
5534,T5534,C000907,1024,Paul Alvarado,,,risk_redistribution_v2,1.0,Reassigned by repair_data.py to track risk_score.
5449,T5449,C000843,433,Mary Smith,,,risk_redistribution_v2,1.0,Reassigned by repair_data.py to track risk_score.
5463,T5463,C000843,433,Mary Smith,,,risk_redistribution_v2,1.0,Reassigned by repair_data.py to track risk_score.
5464,T5464,C000843,433,Mary Smith,,,risk_redistribution_v2,1.0,Reassigned by repair_data.py to track risk_score.
6536,T6536,C000843,433,Mary Smith,,,risk_redistribution_v2,1.0,Reassigned by repair_data.py to track risk_score.
5535,T5535,C000169,9073,Thomas Skinner,,,risk_redistribution_v2,1.0,Reassigned by repair_data.py to track risk_score.
5536,T5536,C000169,9073,Thomas Skinner,,,risk_redistribution_v2,1.0,Reassigned by repair_data.py to track risk_score.
5537,T5537,C000169,9073,Thomas Skinner,,,risk_redistribution_v2,1.0,Reassigned by repair_data.py to track risk_score.
5960,T5960,C000169,9073,Thomas Skinner,,,risk_redistribution_v2,1.0,Reassigned by repair_data.py to track risk_score.
6009,T6009,C001723,10138,Louis Kennedy,,,risk_redistribution_v2,1.0,Reassigned by repair_data.py to track risk_score.
6018,T6018,C001723,10138,Louis Kennedy,,,risk_redistribution_v2,1.0,Reassigned by repair_data.py to track risk_score.
6024,T6024,C001723,10138,Louis Kennedy,,,risk_redistribution_v2,1.0,Reassigned by repair_data.py to track risk_score.
5037,T5037,C000387,8090,Mary Martinez,,,risk_redistribution_v2,1.0,Reassigned by repair_data.py to track risk_score.
5038,T5038,C000387,8090,Mary Martinez,,,risk_redistribution_v2,1.0,Reassigned by repair_data.py to track risk_score.
5040,T5040,C000387,8090,Mary Martinez,,,risk_redistribution_v2,1.0,Reassigned by repair_data.py to track risk_score.
5043,T5043,C000387,8090,Mary Martinez,,,risk_redistribution_v2,1.0,Reassigned by repair_data.py to track risk_score.
5048,T5048,C000387,8090,Mary Martinez,,,risk_redistribution_v2,1.0,Reassigned by repair_data.py to track risk_score.
6955,T6955,C001022,907,Samantha Kline,,,risk_redistribution_v2,1.0,Reassigned by repair_data.py to track risk_score.
6957,T6957,C001022,907,Samantha Kline,,,risk_redistribution_v2,1.0,Reassigned by repair_data.py to track risk_score.
6958,T6958,C001022,907,Samantha Kline,,,risk_redistribution_v2,1.0,Reassigned by repair_data.py to track risk_score.
6961,T6961,C001022,907,Samantha Kline,,,risk_redistribution_v2,1.0,Reassigned by repair_data.py to track risk_score.
6962,T6962,C001098,4707,Victoria Smith,,,risk_redistribution_v2,1.0,Reassigned by repair_data.py to track risk_score.
6964,T6964,C001098,4707,Victoria Smith,,,risk_redistribution_v2,1.0,Reassigned by repair_data.py to track risk_score.
5967,T5967,C001098,4707,Victoria Smith,,,risk_redistribution_v2,1.0,Reassigned by repair_data.py to track risk_score.
6497,T6497,C001098,4707,Victoria Smith,,,risk_redistribution_v2,1.0,Reassigned by repair_data.py to track risk_score.
6493,T6493,C001430,3503,Kathryn Davis,,,risk_redistribution_v2,1.0,Reassigned by repair_data.py to track risk_score.
6489,T6489,C001430,3503,Kathryn Davis,,,risk_redistribution_v2,1.0,Reassigned by repair_data.py to track risk_score.
6994,T6994,C001430,3503,Kathryn Davis,,,risk_redistribution_v2,1.0,Reassigned by repair_data.py to track risk_score.
6988,T6988,C001878,1232,Betty Smith,,,risk_redistribution_v2,1.0,Reassigned by repair_data.py to track risk_score.
5991,T5991,C001878,1232,Betty Smith,,,risk_redistribution_v2,1.0,Reassigned by repair_data.py to track risk_score.
5989,T5989,C001878,1232,Betty Smith,,,risk_redistribution_v2,1.0,Reassigned by repair_data.py to track risk_score.
5033,T5033,C001506,8605,Johnny Morse,,,risk_redistribution_v2,1.0,Reassigned by repair_data.py to track risk_score.
6983,T6983,C001506,8605,Johnny Morse,,,risk_redistribution_v2,1.0,Reassigned by repair_data.py to track risk_score.
6977,T6977,C001506,8605,Johnny Morse,,,risk_redistribution_v2,1.0,Reassigned by repair_data.py to track risk_score.
5032,T5032,C001506,8605,Johnny Morse,,,risk_redistribution_v2,1.0,Reassigned by repair_data.py to track risk_score.
5030,T5030,C001506,8605,Johnny Morse,,,risk_redistribution_v2,1.0,Reassigned by repair_data.py to track risk_score.
5026,T5026,C000503,1802,Cynthia Smith,,,risk_redistribution_v2,1.0,Reassigned by repair_data.py to track risk_score.
5023,T5023,C000503,1802,Cynthia Smith,,,risk_redistribution_v2,1.0,Reassigned by repair_data.py to track risk_score.
7000,T7000,C000503,1802,Cynthia Smith,,,risk_redistribution_v2,1.0,Reassigned by repair_data.py to track risk_score.
5020,T5020,C000068,5648,Joshua Smith,,,risk_redistribution_v2,1.0,Reassigned by repair_data.py to track risk_score.
5024,T5024,C000068,5648,Joshua Smith,,,risk_redistribution_v2,1.0,Reassigned by repair_data.py to track risk_score.
5027,T5027,C000068,5648,Joshua Smith,,,risk_redistribution_v2,1.0,Reassigned by repair_data.py to track risk_score.
5031,T5031,C000068,5648,Joshua Smith,,,risk_redistribution_v2,1.0,Reassigned by repair_data.py to track risk_score.
6979,T6979,C000068,5648,Joshua Smith,,,risk_redistribution_v2,1.0,Reassigned by repair_data.py to track risk_score.
6980,T6980,C000670,9946,Bryan Kaufman,,,risk_redistribution_v2,1.0,Reassigned by repair_data.py to track risk_score.
6981,T6981,C000670,9946,Bryan Kaufman,,,risk_redistribution_v2,1.0,Reassigned by repair_data.py to track risk_score.
6984,T6984,C000670,9946,Bryan Kaufman,,,risk_redistribution_v2,1.0,Reassigned by repair_data.py to track risk_score.
5035,T5035,C000670,9946,Bryan Kaufman,,,risk_redistribution_v2,1.0,Reassigned by repair_data.py to track risk_score.
5986,T5986,C000670,9946,Bryan Kaufman,,,risk_redistribution_v2,1.0,Reassigned by repair_data.py to track risk_score.
5990,T5990,C001921,1807,Mary Curtis,,,risk_redistribution_v2,1.0,Reassigned by repair_data.py to track risk_score.
5003,T5003,C001921,1807,Mary Curtis,,,risk_redistribution_v2,1.0,Reassigned by repair_data.py to track risk_score.
5004,T5004,C001921,1807,Mary Curtis,,,risk_redistribution_v2,1.0,Reassigned by repair_data.py to track risk_score.
5005,T5005,C001921,1807,Mary Curtis,,,risk_redistribution_v2,1.0,Reassigned by repair_data.py to track risk_score.
5006,T5006,C000674,5936,Michael Davis,,,risk_redistribution_v2,1.0,Reassigned by repair_data.py to track risk_score.
5009,T5009,C000674,5936,Michael Davis,,,risk_redistribution_v2,1.0,Reassigned by repair_data.py to track risk_score.
5013,T5013,C000674,5936,Michael Davis,,,risk_redistribution_v2,1.0,Reassigned by repair_data.py to track risk_score.
5014,T5014,C000674,5936,Michael Davis,,,risk_redistribution_v2,1.0,Reassigned by repair_data.py to track risk_score.
6986,T6986,C000674,5936,Michael Davis,,,risk_redistribution_v2,1.0,Reassigned by repair_data.py to track risk_score.
6989,T6989,C000123,154,Emily May,,,risk_redistribution_v2,1.0,Reassigned by repair_data.py to track risk_score.
6992,T6992,C000123,154,Emily May,,,risk_redistribution_v2,1.0,Reassigned by repair_data.py to track risk_score.
6519,T6519,C000123,154,Emily May,,,risk_redistribution_v2,1.0,Reassigned by repair_data.py to track risk_score.
6490,T6490,C000123,154,Emily May,,,risk_redistribution_v2,1.0,Reassigned by repair_data.py to track risk_score.
6494,T6494,C000405,3816,Dorothy Smith,,,risk_redistribution_v2,1.0,Reassigned by repair_data.py to track risk_score.
6496,T6496,C000405,3816,Dorothy Smith,,,risk_redistribution_v2,1.0,Reassigned by repair_data.py to track risk_score.
6498,T6498,C000405,3816,Dorothy Smith,,,risk_redistribution_v2,1.0,Reassigned by repair_data.py to track risk_score.
5484,T5484,C000405,3816,Dorothy Smith,,,risk_redistribution_v2,1.0,Reassigned by repair_data.py to track risk_score.
5491,T5491,C000405,3816,Dorothy Smith,,,risk_redistribution_v2,1.0,Reassigned by repair_data.py to track risk_score.
5495,T5495,C000165,4539,Jacqueline James,,,risk_redistribution_v2,1.0,Reassigned by repair_data.py to track risk_score.
5496,T5496,C000165,4539,Jacqueline James,,,risk_redistribution_v2,1.0,Reassigned by repair_data.py to track risk_score.
5505,T5505,C000165,4539,Jacqueline James,,,risk_redistribution_v2,1.0,Reassigned by repair_data.py to track risk_score.
5509,T5509,C001705,10952,Mary Suarez,,,risk_redistribution_v2,1.0,Reassigned by repair_data.py to track risk_score.
5511,T5511,C001705,10952,Mary Suarez,,,risk_redistribution_v2,1.0,Reassigned by repair_data.py to track risk_score.
5512,T5512,C001705,10952,Mary Suarez,,,risk_redistribution_v2,1.0,Reassigned by repair_data.py to track risk_score.
6485,T6485,C001705,10952,Mary Suarez,,,risk_redistribution_v2,1.0,Reassigned by repair_data.py to track risk_score.
6486,T6486,C001740,3378,Mary Torres,,,risk_redistribution_v2,1.0,Reassigned by repair_data.py to track risk_score.
6488,T6488,C001740,3378,Mary Torres,,,risk_redistribution_v2,1.0,Reassigned by repair_data.py to track risk_score.
5513,T5513,C001740,3378,Mary Torres,,,risk_redistribution_v2,1.0,Reassigned by repair_data.py to track risk_score.
5469,T5469,C001740,3378,Mary Torres,,,risk_redistribution_v2,1.0,Reassigned by repair_data.py to track risk_score.
5470,T5470,C001566,2475,Dennis Hall,,,risk_redistribution_v2,1.0,Reassigned by repair_data.py to track risk_score.
5475,T5475,C001566,2475,Dennis Hall,,,risk_redistribution_v2,1.0,Reassigned by repair_data.py to track risk_score.
5477,T5477,C001566,2475,Dennis Hall,,,risk_redistribution_v2,1.0,Reassigned by repair_data.py to track risk_score.
5479,T5479,C001566,2475,Dennis Hall,,,risk_redistribution_v2,1.0,Reassigned by repair_data.py to track risk_score.
6509,T6509,C001566,2475,Dennis Hall,,,risk_redistribution_v2,1.0,Reassigned by repair_data.py to track risk_score.
6513,T6513,C001329,6649,Mary Smith,,,risk_redistribution_v2,1.0,Reassigned by repair_data.py to track risk_score.
6514,T6514,C001329,6649,Mary Smith,,,risk_redistribution_v2,1.0,Reassigned by repair_data.py to track risk_score.
6515,T6515,C001329,6649,Mary Smith,,,risk_redistribution_v2,1.0,Reassigned by repair_data.py to track risk_score.
5522,T5522,C001927,7687,Evelyn Valencia,,,risk_redistribution_v2,1.0,Reassigned by repair_data.py to track risk_score.
5525,T5525,C001927,7687,Evelyn Valencia,,,risk_redistribution_v2,1.0,Reassigned by repair_data.py to track risk_score.
6458,T6458,C001927,7687,Evelyn Valencia,,,risk_redistribution_v2,1.0,Reassigned by repair_data.py to track risk_score.
6460,T6460,C001927,7687,Evelyn Valencia,,,risk_redistribution_v2,1.0,Reassigned by repair_data.py to track risk_score.
6461,T6461,C001927,7687,Evelyn Valencia,,,risk_redistribution_v2,1.0,Reassigned by repair_data.py to track risk_score.
6471,T6471,C000677,4667,Cheryl Gonzalez,,,risk_redistribution_v2,1.0,Reassigned by repair_data.py to track risk_score.
6472,T6472,C000677,4667,Cheryl Gonzalez,,,risk_redistribution_v2,1.0,Reassigned by repair_data.py to track risk_score.
5529,T5529,C000677,4667,Cheryl Gonzalez,,,risk_redistribution_v2,1.0,Reassigned by repair_data.py to track risk_score.
5532,T5532,C000660,2384,Mary Mays,,,risk_redistribution_v2,1.0,Reassigned by repair_data.py to track risk_score.
5452,T5452,C000660,2384,Mary Mays,,,risk_redistribution_v2,1.0,Reassigned by repair_data.py to track risk_score.
5456,T5456,C000660,2384,Mary Mays,,,risk_redistribution_v2,1.0,Reassigned by repair_data.py to track risk_score.
5457,T5457,C000246,2773,Linda Hale,,,risk_redistribution_v2,1.0,Reassigned by repair_data.py to track risk_score.
5459,T5459,C000246,2773,Linda Hale,,,risk_redistribution_v2,1.0,Reassigned by repair_data.py to track risk_score.
5460,T5460,C000246,2773,Linda Hale,,,risk_redistribution_v2,1.0,Reassigned by repair_data.py to track risk_score.
5461,T5461,C000246,2773,Linda Hale,,,risk_redistribution_v2,1.0,Reassigned by repair_data.py to track risk_score.
6525,T6525,C001869,4229,Barbara Smith,,,risk_redistribution_v2,1.0,Reassigned by repair_data.py to track risk_score.
6528,T6528,C001869,4229,Barbara Smith,,,risk_redistribution_v2,1.0,Reassigned by repair_data.py to track risk_score.
6530,T6530,C001869,4229,Barbara Smith,,,risk_redistribution_v2,1.0,Reassigned by repair_data.py to track risk_score.
6532,T6532,C001936,6425,Ruth Smith,,,risk_redistribution_v2,1.0,Reassigned by repair_data.py to track risk_score.
6533,T6533,C001936,6425,Ruth Smith,,,risk_redistribution_v2,1.0,Reassigned by repair_data.py to track risk_score.
6535,T6535,C001936,6425,Ruth Smith,,,risk_redistribution_v2,1.0,Reassigned by repair_data.py to track risk_score.
5544,T5544,C001936,6425,Ruth Smith,,,risk_redistribution_v2,1.0,Reassigned by repair_data.py to track risk_score.
6441,T6441,C000847,4159,Mary Castillo,,,risk_redistribution_v2,1.0,Reassigned by repair_data.py to track risk_score.
6443,T6443,C000847,4159,Mary Castillo,,,risk_redistribution_v2,1.0,Reassigned by repair_data.py to track risk_score.
6445,T6445,C000847,4159,Mary Castillo,,,risk_redistribution_v2,1.0,Reassigned by repair_data.py to track risk_score.
5440,T5440,C000847,4159,Mary Castillo,,,risk_redistribution_v2,1.0,Reassigned by repair_data.py to track risk_score.
5441,T5441,C000847,4159,Mary Castillo,,,risk_redistribution_v2,1.0,Reassigned by repair_data.py to track risk_score.
5443,T5443,C000603,10493,Frances Taylor,,,risk_redistribution_v2,1.0,Reassigned by repair_data.py to track risk_score.
5446,T5446,C000603,10493,Frances Taylor,,,risk_redistribution_v2,1.0,Reassigned by repair_data.py to track risk_score.
6537,T6537,C000603,10493,Frances Taylor,,,risk_redistribution_v2,1.0,Reassigned by repair_data.py to track risk_score.
6538,T6538,C000603,10493,Frances Taylor,,,risk_redistribution_v2,1.0,Reassigned by repair_data.py to track risk_score.
6539,T6539,C000603,10493,Frances Taylor,,,risk_redistribution_v2,1.0,Reassigned by repair_data.py to track risk_score.
5548,T5548,C000014,664,Bobby Jimenez,,,risk_redistribution_v2,1.0,Reassigned by repair_data.py to track risk_score.
5549,T5549,C000014,664,Bobby Jimenez,,,risk_redistribution_v2,1.0,Reassigned by repair_data.py to track risk_score.
5550,T5550,C000014,664,Bobby Jimenez,,,risk_redistribution_v2,1.0,Reassigned by repair_data.py to track risk_score.
5551,T5551,C001431,9195,George Johns,,,risk_redistribution_v2,1.0,Reassigned by repair_data.py to track risk_score.
5557,T5557,C001431,9195,George Johns,,,risk_redistribution_v2,1.0,Reassigned by repair_data.py to track risk_score.
5560,T5560,C001431,9195,George Johns,,,risk_redistribution_v2,1.0,Reassigned by repair_data.py to track risk_score.
6426,T6426,C001431,9195,George Johns,,,risk_redistribution_v2,1.0,Reassigned by repair_data.py to track risk_score.
6433,T6433,C000332,697,Harold Pratt,,,risk_redistribution_v2,1.0,Reassigned by repair_data.py to track risk_score.
6434,T6434,C000332,697,Harold Pratt,,,risk_redistribution_v2,1.0,Reassigned by repair_data.py to track risk_score.
6437,T6437,C000332,697,Harold Pratt,,,risk_redistribution_v2,1.0,Reassigned by repair_data.py to track risk_score.
5423,T5423,C000332,697,Harold Pratt,,,risk_redistribution_v2,1.0,Reassigned by repair_data.py to track risk_score.
5426,T5426,C001470,10942,Donald Smith,,,risk_redistribution_v2,1.0,Reassigned by repair_data.py to track risk_score.
5430,T5430,C001470,10942,Donald Smith,,,risk_redistribution_v2,1.0,Reassigned by repair_data.py to track risk_score.
5431,T5431,C001470,10942,Donald Smith,,,risk_redistribution_v2,1.0,Reassigned by repair_data.py to track risk_score.
5432,T5432,C001386,7403,Jason Smith,,,risk_redistribution_v2,1.0,Reassigned by repair_data.py to track risk_score.
6560,T6560,C001386,7403,Jason Smith,,,risk_redistribution_v2,1.0,Reassigned by repair_data.py to track risk_score.
5434,T5434,C001386,7403,Jason Smith,,,risk_redistribution_v2,1.0,Reassigned by repair_data.py to track risk_score.
5437,T5437,C001386,7403,Jason Smith,,,risk_redistribution_v2,1.0,Reassigned by repair_data.py to track risk_score.
6439,T6439,C001395,9573,Grace Gould,,,risk_redistribution_v2,1.0,Reassigned by repair_data.py to track risk_score.
6410,T6410,C001395,9573,Grace Gould,,,risk_redistribution_v2,1.0,Reassigned by repair_data.py to track risk_score.
6411,T6411,C001395,9573,Grace Gould,,,risk_redistribution_v2,1.0,Reassigned by repair_data.py to track risk_score.
6416,T6416,C001395,9573,Grace Gould,,,risk_redistribution_v2,1.0,Reassigned by repair_data.py to track risk_score.
6421,T6421,C000128,9743,David Smith,,,risk_redistribution_v2,1.0,Reassigned by repair_data.py to track risk_score.
6422,T6422,C000128,9743,David Smith,,,risk_redistribution_v2,1.0,Reassigned by repair_data.py to track risk_score.
5564,T5564,C000128,9743,David Smith,,,risk_redistribution_v2,1.0,Reassigned by repair_data.py to track risk_score.
5566,T5566,C000128,9743,David Smith,,,risk_redistribution_v2,1.0,Reassigned by repair_data.py to track risk_score.
5567,T5567,C000128,9743,David Smith,,,risk_redistribution_v2,1.0,Reassigned by repair_data.py to track risk_score.
5569,T5569,C001652,4547,Mary Molina,,,risk_redistribution_v2,1.0,Reassigned by repair_data.py to track risk_score.
6598,T6598,C001652,4547,Mary Molina,,,risk_redistribution_v2,1.0,Reassigned by repair_data.py to track risk_score.
6570,T6570,C001652,4547,Mary Molina,,,risk_redistribution_v2,1.0,Reassigned by repair_data.py to track risk_score.
6571,T6571,C000370,542,Mary Smith,,,risk_redistribution_v2,1.0,Reassigned by repair_data.py to track risk_score.
6575,T6575,C000370,542,Mary Smith,,,risk_redistribution_v2,1.0,Reassigned by repair_data.py to track risk_score.
6579,T6579,C000370,542,Mary Smith,,,risk_redistribution_v2,1.0,Reassigned by repair_data.py to track risk_score.
6583,T6583,C001577,1828,Doris Alvarez,,,risk_redistribution_v2,1.0,Reassigned by repair_data.py to track risk_score.
5417,T5417,C001577,1828,Doris Alvarez,,,risk_redistribution_v2,1.0,Reassigned by repair_data.py to track risk_score.
5419,T5419,C001577,1828,Doris Alvarez,,,risk_redistribution_v2,1.0,Reassigned by repair_data.py to track risk_score.
5404,T5404,C001577,1828,Doris Alvarez,,,risk_redistribution_v2,1.0,Reassigned by repair_data.py to track risk_score.
5406,T5406,C001577,1828,Doris Alvarez,,,risk_redistribution_v2,1.0,Reassigned by repair_data.py to track risk_score.
5411,T5411,C000459,10653,Mary Smith,,,risk_redistribution_v2,1.0,Reassigned by repair_data.py to track risk_score.
5412,T5412,C000459,10653,Mary Smith,,,risk_redistribution_v2,1.0,Reassigned by repair_data.py to track risk_score.
5414,T5414,C000459,10653,Mary Smith,,,risk_redistribution_v2,1.0,Reassigned by repair_data.py to track risk_score.
6585,T6585,C000459,10653,Mary Smith,,,risk_redistribution_v2,1.0,Reassigned by repair_data.py to track risk_score.
6588,T6588,C000459,10653,Mary Smith,,,risk_redistribution_v2,1.0,Reassigned by repair_data.py to track risk_score.
6589,T6589,C001717,11836,Mary Clayton,,,risk_redistribution_v2,1.0,Reassigned by repair_data.py to track risk_score.
6590,T6590,C001717,11836,Mary Clayton,,,risk_redistribution_v2,1.0,Reassigned by repair_data.py to track risk_score.
6591,T6591,C001717,11836,Mary Clayton,,,risk_redistribution_v2,1.0,Reassigned by repair_data.py to track risk_score.
5571,T5571,C000137,5168,Mary Smith,,,risk_redistribution_v2,1.0,Reassigned by repair_data.py to track risk_score.
5572,T5572,C000137,5168,Mary Smith,,,risk_redistribution_v2,1.0,Reassigned by repair_data.py to track risk_score.
5573,T5573,C000137,5168,Mary Smith,,,risk_redistribution_v2,1.0,Reassigned by repair_data.py to track risk_score.
5576,T5576,C000130,12039,Mary Wilson,,,risk_redistribution_v2,1.0,Reassigned by repair_data.py to track risk_score.
6396,T6396,C000130,12039,Mary Wilson,,,risk_redistribution_v2,1.0,Reassigned by repair_data.py to track risk_score.
6398,T6398,C000130,12039,Mary Wilson,,,risk_redistribution_v2,1.0,Reassigned by repair_data.py to track risk_score.
6399,T6399,C000130,12039,Mary Wilson,,,risk_redistribution_v2,1.0,Reassigned by repair_data.py to track risk_score.
6404,T6404,C000130,12039,Mary Wilson,,,risk_redistribution_v2,1.0,Reassigned by repair_data.py to track risk_score.
5577,T5577,C000559,5190,Mary Smith,,,risk_redistribution_v2,1.0,Reassigned by repair_data.py to track risk_score.
5582,T5582,C000559,5190,Mary Smith,,,risk_redistribution_v2,1.0,Reassigned by repair_data.py to track risk_score.
5591,T5591,C000559,5190,Mary Smith,,,risk_redistribution_v2,1.0,Reassigned by repair_data.py to track risk_score.
6384,T6384,C000559,5190,Mary Smith,,,risk_redistribution_v2,1.0,Reassigned by repair_data.py to track risk_score.
5594,T5594,C000559,5190,Mary Smith,,,risk_redistribution_v2,1.0,Reassigned by repair_data.py to track risk_score.
5596,T5596,C001973,4436,Janice Smith,,,risk_redistribution_v2,1.0,Reassigned by repair_data.py to track risk_score.
5601,T5601,C001973,4436,Janice Smith,,,risk_redistribution_v2,1.0,Reassigned by repair_data.py to track risk_score.
5606,T5606,C001973,4436,Janice Smith,,,risk_redistribution_v2,1.0,Reassigned by repair_data.py to track risk_score.
5607,T5607,C000364,10982,Joan Harris,,,risk_redistribution_v2,1.0,Reassigned by repair_data.py to track risk_score.
5397,T5397,C000364,10982,Joan Harris,,,risk_redistribution_v2,1.0,Reassigned by repair_data.py to track risk_score.
6601,T6601,C000364,10982,Joan Harris,,,risk_redistribution_v2,1.0,Reassigned by repair_data.py to track risk_score.
6604,T6604,C001624,1126,Mary Thompson,,,risk_redistribution_v2,1.0,Reassigned by repair_data.py to track risk_score.
6606,T6606,C001624,1126,Mary Thompson,,,risk_redistribution_v2,1.0,Reassigned by repair_data.py to track risk_score.
6609,T6609,C001624,1126,Mary Thompson,,,risk_redistribution_v2,1.0,Reassigned by repair_data.py to track risk_score.
6615,T6615,C001624,1126,Mary Thompson,,,risk_redistribution_v2,1.0,Reassigned by repair_data.py to track risk_score.
5608,T5608,C001624,1126,Mary Thompson,,,risk_redistribution_v2,1.0,Reassigned by repair_data.py to track risk_score.
6361,T6361,C000824,3323,Megan Meyers,,,risk_redistribution_v2,1.0,Reassigned by repair_data.py to track risk_score.
6367,T6367,C000824,3323,Megan Meyers,,,risk_redistribution_v2,1.0,Reassigned by repair_data.py to track risk_score.
6368,T6368,C000824,3323,Megan Meyers,,,risk_redistribution_v2,1.0,Reassigned by repair_data.py to track risk_score.
6370,T6370,C000824,3323,Megan Meyers,,,risk_redistribution_v2,1.0,Reassigned by repair_data.py to track risk_score.
6373,T6373,C000824,3323,Megan Meyers,,,risk_redistribution_v2,1.0,Reassigned by repair_data.py to track risk_score.
6376,T6376,C001623,11491,David Smith,,,risk_redistribution_v2,1.0,Reassigned by repair_data.py to track risk_score.
5611,T5611,C001623,11491,David Smith,,,risk_redistribution_v2,1.0,Reassigned by repair_data.py to track risk_score.
5375,T5375,C001623,11491,David Smith,,,risk_redistribution_v2,1.0,Reassigned by repair_data.py to track risk_score.
5376,T5376,C001623,11491,David Smith,,,risk_redistribution_v2,1.0,Reassigned by repair_data.py to track risk_score.
5377,T5377,C001623,11491,David Smith,,,risk_redistribution_v2,1.0,Reassigned by repair_data.py to track risk_score.
5381,T5381,C001623,11491,David Smith,,,risk_redistribution_v2,1.0,Reassigned by repair_data.py to track risk_score.
6623,T6623,C001851,4739,Mary Jimenez,,,risk_redistribution_v2,1.0,Reassigned by repair_data.py to track risk_score.
6632,T6632,C001851,4739,Mary Jimenez,,,risk_redistribution_v2,1.0,Reassigned by repair_data.py to track risk_score.
5396,T5396,C001851,4739,Mary Jimenez,,,risk_redistribution_v2,1.0,Reassigned by repair_data.py to track risk_score.
5614,T5614,C001851,4739,Mary Jimenez,,,risk_redistribution_v2,1.0,Reassigned by repair_data.py to track risk_score.
5616,T5616,C001851,4739,Mary Jimenez,,,risk_redistribution_v2,1.0,Reassigned by repair_data.py to track risk_score.
5618,T5618,C001527,6417,Helen Gomez,,,risk_redistribution_v2,1.0,Reassigned by repair_data.py to track risk_score.
5620,T5620,C001527,6417,Helen Gomez,,,risk_redistribution_v2,1.0,Reassigned by repair_data.py to track risk_score.
5621,T5621,C001527,6417,Helen Gomez,,,risk_redistribution_v2,1.0,Reassigned by repair_data.py to track risk_score.
6345,T6345,C001527,6417,Helen Gomez,,,risk_redistribution_v2,1.0,Reassigned by repair_data.py to track risk_score.
6354,T6354,C001527,6417,Helen Gomez,,,risk_redistribution_v2,1.0,Reassigned by repair_data.py to track risk_score.
6357,T6357,C001498,2255,Cheryl Kline,,,risk_redistribution_v2,1.0,Reassigned by repair_data.py to track risk_score.
6360,T6360,C001498,2255,Cheryl Kline,,,risk_redistribution_v2,1.0,Reassigned by repair_data.py to track risk_score.
5363,T5363,C001498,2255,Cheryl Kline,,,risk_redistribution_v2,1.0,Reassigned by repair_data.py to track risk_score.
6633,T6633,C000348,1782,Robert Smith,,,risk_redistribution_v2,1.0,Reassigned by repair_data.py to track risk_score.
6638,T6638,C000348,1782,Robert Smith,,,risk_redistribution_v2,1.0,Reassigned by repair_data.py to track risk_score.
6644,T6644,C000348,1782,Robert Smith,,,risk_redistribution_v2,1.0,Reassigned by repair_data.py to track risk_score.
6647,T6647,C000335,12205,Roy Smith,,,risk_redistribution_v2,1.0,Reassigned by repair_data.py to track risk_score.
5369,T5369,C000335,12205,Roy Smith,,,risk_redistribution_v2,1.0,Reassigned by repair_data.py to track risk_score.
5370,T5370,C000335,12205,Roy Smith,,,risk_redistribution_v2,1.0,Reassigned by repair_data.py to track risk_score.
5343,T5343,C000306,6130,Donald Rodriguez,,,risk_redistribution_v2,1.0,Reassigned by repair_data.py to track risk_score.
5347,T5347,C000306,6130,Donald Rodriguez,,,risk_redistribution_v2,1.0,Reassigned by repair_data.py to track risk_score.
6652,T6652,C000306,6130,Donald Rodriguez,,,risk_redistribution_v2,1.0,Reassigned by repair_data.py to track risk_score.
6653,T6653,C000298,9107,Mark Nunez,,,risk_redistribution_v2,1.0,Reassigned by repair_data.py to track risk_score.
6654,T6654,C000298,9107,Mark Nunez,,,risk_redistribution_v2,1.0,Reassigned by repair_data.py to track risk_score.
6657,T6657,C000298,9107,Mark Nunez,,,risk_redistribution_v2,1.0,Reassigned by repair_data.py to track risk_score.
6662,T6662,C000298,9107,Mark Nunez,,,risk_redistribution_v2,1.0,Reassigned by repair_data.py to track risk_score.
5359,T5359,C000298,9107,Mark Nunez,,,risk_redistribution_v2,1.0,Reassigned by repair_data.py to track risk_score.
5626,T5626,C001316,5051,Brenda Smith,,,risk_redistribution_v2,1.0,Reassigned by repair_data.py to track risk_score.
5632,T5632,C001316,5051,Brenda Smith,,,risk_redistribution_v2,1.0,Reassigned by repair_data.py to track risk_score.
5634,T5634,C001316,5051,Brenda Smith,,,risk_redistribution_v2,1.0,Reassigned by repair_data.py to track risk_score.
5638,T5638,C001316,5051,Brenda Smith,,,risk_redistribution_v2,1.0,Reassigned by repair_data.py to track risk_score.
6332,T6332,C000065,11888,Frank Barrett,,,risk_redistribution_v2,1.0,Reassigned by repair_data.py to track risk_score.
6333,T6333,C000065,11888,Frank Barrett,,,risk_redistribution_v2,1.0,Reassigned by repair_data.py to track risk_score.
6336,T6336,C000065,11888,Frank Barrett,,,risk_redistribution_v2,1.0,Reassigned by repair_data.py to track risk_score.
6339,T6339,C000065,11888,Frank Barrett,,,risk_redistribution_v2,1.0,Reassigned by repair_data.py to track risk_score.
6342,T6342,C001260,9352,Mary Lewis,,,risk_redistribution_v2,1.0,Reassigned by repair_data.py to track risk_score.
5641,T5641,C001260,9352,Mary Lewis,,,risk_redistribution_v2,1.0,Reassigned by repair_data.py to track risk_score.
5646,T5646,C001260,9352,Mary Lewis,,,risk_redistribution_v2,1.0,Reassigned by repair_data.py to track risk_score.
5648,T5648,C001358,2325,Mary Johnson,,,risk_redistribution_v2,1.0,Reassigned by repair_data.py to track risk_score.
5653,T5653,C001358,2325,Mary Johnson,,,risk_redistribution_v2,1.0,Reassigned by repair_data.py to track risk_score.
6318,T6318,C001358,2325,Mary Johnson,,,risk_redistribution_v2,1.0,Reassigned by repair_data.py to track risk_score.
6320,T6320,C000066,450,Kathryn Carter,,,risk_redistribution_v2,1.0,Reassigned by repair_data.py to track risk_score.
6323,T6323,C000066,450,Kathryn Carter,,,risk_redistribution_v2,1.0,Reassigned by repair_data.py to track risk_score.
5659,T5659,C000066,450,Kathryn Carter,,,risk_redistribution_v2,1.0,Reassigned by repair_data.py to track risk_score.
5665,T5665,C000066,450,Kathryn Carter,,,risk_redistribution_v2,1.0,Reassigned by repair_data.py to track risk_score.
5328,T5328,C000111,5828,Katherine Oconnell,,,risk_redistribution_v2,1.0,Reassigned by repair_data.py to track risk_score.
5331,T5331,C000111,5828,Katherine Oconnell,,,risk_redistribution_v2,1.0,Reassigned by repair_data.py to track risk_score.
6672,T6672,C000111,5828,Katherine Oconnell,,,risk_redistribution_v2,1.0,Reassigned by repair_data.py to track risk_score.
6675,T6675,C000111,5828,Katherine Oconnell,,,risk_redistribution_v2,1.0,Reassigned by repair_data.py to track risk_score.
6677,T6677,C000117,6696,Mary Spencer,,,risk_redistribution_v2,1.0,Reassigned by repair_data.py to track risk_score.
5340,T5340,C000117,6696,Mary Spencer,,,risk_redistribution_v2,1.0,Reassigned by repair_data.py to track risk_score.
5669,T5669,C000117,6696,Mary Spencer,,,risk_redistribution_v2,1.0,Reassigned by repair_data.py to track risk_score.
5670,T5670,C001571,2320,Katherine Smith,,,risk_redistribution_v2,1.0,Reassigned by repair_data.py to track risk_score.
5672,T5672,C001571,2320,Katherine Smith,,,risk_redistribution_v2,1.0,Reassigned by repair_data.py to track risk_score.
6297,T6297,C001571,2320,Katherine Smith,,,risk_redistribution_v2,1.0,Reassigned by repair_data.py to track risk_score.
6300,T6300,C001571,2320,Katherine Smith,,,risk_redistribution_v2,1.0,Reassigned by repair_data.py to track risk_score.
6301,T6301,C001571,2320,Katherine Smith,,,risk_redistribution_v2,1.0,Reassigned by repair_data.py to track risk_score.
6302,T6302,C001107,12382,Jennifer Smith,,,risk_redistribution_v2,1.0,Reassigned by repair_data.py to track risk_score.
6303,T6303,C001107,12382,Jennifer Smith,,,risk_redistribution_v2,1.0,Reassigned by repair_data.py to track risk_score.
6305,T6305,C001107,12382,Jennifer Smith,,,risk_redistribution_v2,1.0,Reassigned by repair_data.py to track risk_score.
5318,T5318,C001111,5198,Mary Smith,,,risk_redistribution_v2,1.0,Reassigned by repair_data.py to track risk_score.
6681,T6681,C001111,5198,Mary Smith,,,risk_redistribution_v2,1.0,Reassigned by repair_data.py to track risk_score.
6686,T6686,C001111,5198,Mary Smith,,,risk_redistribution_v2,1.0,Reassigned by repair_data.py to track risk_score.
6694,T6694,C001111,5198,Mary Smith,,,risk_redistribution_v2,1.0,Reassigned by repair_data.py to track risk_score.
5325,T5325,C000212,4659,Paul Smith,,,risk_redistribution_v2,1.0,Reassigned by repair_data.py to track risk_score.
5326,T5326,C000212,4659,Paul Smith,,,risk_redistribution_v2,1.0,Reassigned by repair_data.py to track risk_score.
5681,T5681,C000212,4659,Paul Smith,,,risk_redistribution_v2,1.0,Reassigned by repair_data.py to track risk_score.
5682,T5682,C000212,4659,Paul Smith,,,risk_redistribution_v2,1.0,Reassigned by repair_data.py to track risk_score.
5683,T5683,C000787,6229,Mary Smith,,,risk_redistribution_v2,1.0,Reassigned by repair_data.py to track risk_score.
6282,T6282,C000787,6229,Mary Smith,,,risk_redistribution_v2,1.0,Reassigned by repair_data.py to track risk_score.
6285,T6285,C000787,6229,Mary Smith,,,risk_redistribution_v2,1.0,Reassigned by repair_data.py to track risk_score.
6289,T6289,C000787,6229,Mary Smith,,,risk_redistribution_v2,1.0,Reassigned by repair_data.py to track risk_score.
6698,T6698,C000788,3020,Mary Smith,,,risk_redistribution_v2,1.0,Reassigned by repair_data.py to track risk_score.
6700,T6700,C000788,3020,Mary Smith,,,risk_redistribution_v2,1.0,Reassigned by repair_data.py to track risk_score.
6706,T6706,C000788,3020,Mary Smith,,,risk_redistribution_v2,1.0,Reassigned by repair_data.py to track risk_score.
6709,T6709,C000788,3020,Mary Smith,,,risk_redistribution_v2,1.0,Reassigned by repair_data.py to track risk_score.
5307,T5307,C000788,3020,Mary Smith,,,risk_redistribution_v2,1.0,Reassigned by repair_data.py to track risk_score.
5314,T5314,C001800,6585,Andrew Turner,,,risk_redistribution_v2,1.0,Reassigned by repair_data.py to track risk_score.
5696,T5696,C001800,6585,Andrew Turner,,,risk_redistribution_v2,1.0,Reassigned by repair_data.py to track risk_score.
5699,T5699,C001800,6585,Andrew Turner,,,risk_redistribution_v2,1.0,Reassigned by repair_data.py to track risk_score.
6265,T6265,C001800,6585,Andrew Turner,,,risk_redistribution_v2,1.0,Reassigned by repair_data.py to track risk_score.
6267,T6267,C001800,6585,Andrew Turner,,,risk_redistribution_v2,1.0,Reassigned by repair_data.py to track risk_score.
6273,T6273,C000242,685,Crystal Smith,,,risk_redistribution_v2,1.0,Reassigned by repair_data.py to track risk_score.
6275,T6275,C000242,685,Crystal Smith,,,risk_redistribution_v2,1.0,Reassigned by repair_data.py to track risk_score.
6280,T6280,C000242,685,Crystal Smith,,,risk_redistribution_v2,1.0,Reassigned by repair_data.py to track risk_score.
5709,T5709,C001167,6854,Mary Wade,,,risk_redistribution_v2,1.0,Reassigned by repair_data.py to track risk_score.
5288,T5288,C001167,6854,Mary Wade,,,risk_redistribution_v2,1.0,Reassigned by repair_data.py to track risk_score.
6714,T6714,C001167,6854,Mary Wade,,,risk_redistribution_v2,1.0,Reassigned by repair_data.py to track risk_score.
6716,T6716,C001167,6854,Mary Wade,,,risk_redistribution_v2,1.0,Reassigned by repair_data.py to track risk_score.
6722,T6722,C001183,6025,Mary Smith,,,risk_redistribution_v2,1.0,Reassigned by repair_data.py to track risk_score.
6724,T6724,C001183,6025,Mary Smith,,,risk_redistribution_v2,1.0,Reassigned by repair_data.py to track risk_score.
6726,T6726,C001183,6025,Mary Smith,,,risk_redistribution_v2,1.0,Reassigned by repair_data.py to track risk_score.
5291,T5291,C001823,3153,Mary Smith,,,risk_redistribution_v2,1.0,Reassigned by repair_data.py to track risk_score.
5299,T5299,C001823,3153,Mary Smith,,,risk_redistribution_v2,1.0,Reassigned by repair_data.py to track risk_score.
5714,T5714,C001823,3153,Mary Smith,,,risk_redistribution_v2,1.0,Reassigned by repair_data.py to track risk_score.
5718,T5718,C001823,3153,Mary Smith,,,risk_redistribution_v2,1.0,Reassigned by repair_data.py to track risk_score.
6251,T6251,C001826,4477,Jonathan Smith,,,risk_redistribution_v2,1.0,Reassigned by repair_data.py to track risk_score.
6259,T6259,C001826,4477,Jonathan Smith,,,risk_redistribution_v2,1.0,Reassigned by repair_data.py to track risk_score.
6260,T6260,C001826,4477,Jonathan Smith,,,risk_redistribution_v2,1.0,Reassigned by repair_data.py to track risk_score.
6264,T6264,C001826,4477,Jonathan Smith,,,risk_redistribution_v2,1.0,Reassigned by repair_data.py to track risk_score.
5722,T5722,C001467,6566,David Beck,,,risk_redistribution_v2,1.0,Reassigned by repair_data.py to track risk_score.
5724,T5724,C001467,6566,David Beck,,,risk_redistribution_v2,1.0,Reassigned by repair_data.py to track risk_score.
5725,T5725,C001467,6566,David Beck,,,risk_redistribution_v2,1.0,Reassigned by repair_data.py to track risk_score.
5726,T5726,C001467,6566,David Beck,,,risk_redistribution_v2,1.0,Reassigned by repair_data.py to track risk_score.
5730,T5730,C000321,1664,Mary Arnold,,,risk_redistribution_v2,1.0,Reassigned by repair_data.py to track risk_score.
5731,T5731,C000321,1664,Mary Arnold,,,risk_redistribution_v2,1.0,Reassigned by repair_data.py to track risk_score.
5268,T5268,C000321,1664,Mary Arnold,,,risk_redistribution_v2,1.0,Reassigned by repair_data.py to track risk_score.
5276,T5276,C001445,3477,Mary Smith,,,risk_redistribution_v2,1.0,Reassigned by repair_data.py to track risk_score.
5279,T5279,C001445,3477,Mary Smith,,,risk_redistribution_v2,1.0,Reassigned by repair_data.py to track risk_score.
5282,T5282,C001445,3477,Mary Smith,,,risk_redistribution_v2,1.0,Reassigned by repair_data.py to track risk_score.
5283,T5283,C000776,8587,James Roy,,,risk_redistribution_v2,1.0,Reassigned by repair_data.py to track risk_score.
5285,T5285,C000776,8587,James Roy,,,risk_redistribution_v2,1.0,Reassigned by repair_data.py to track risk_score.
5732,T5732,C000776,8587,James Roy,,,risk_redistribution_v2,1.0,Reassigned by repair_data.py to track risk_score.
6243,T6243,C001091,4422,Mary Schwartz,,,risk_redistribution_v2,1.0,Reassigned by repair_data.py to track risk_score.
6244,T6244,C001091,4422,Mary Schwartz,,,risk_redistribution_v2,1.0,Reassigned by repair_data.py to track risk_score.
6246,T6246,C001091,4422,Mary Schwartz,,,risk_redistribution_v2,1.0,Reassigned by repair_data.py to track risk_score.
5738,T5738,C001579,3042,David Howell,,,risk_redistribution_v2,1.0,Reassigned by repair_data.py to track risk_score.
5745,T5745,C001579,3042,David Howell,,,risk_redistribution_v2,1.0,Reassigned by repair_data.py to track risk_score.
5748,T5748,C001579,3042,David Howell,,,risk_redistribution_v2,1.0,Reassigned by repair_data.py to track risk_score.
5754,T5754,C001579,3042,David Howell,,,risk_redistribution_v2,1.0,Reassigned by repair_data.py to track risk_score.
5757,T5757,C001047,2334,Mary Morgan,,,risk_redistribution_v2,1.0,Reassigned by repair_data.py to track risk_score.
5255,T5255,C001047,2334,Mary Morgan,,,risk_redistribution_v2,1.0,Reassigned by repair_data.py to track risk_score.
6752,T6752,C001047,2334,Mary Morgan,,,risk_redistribution_v2,1.0,Reassigned by repair_data.py to track risk_score.
6756,T6756,C001047,2334,Mary Morgan,,,risk_redistribution_v2,1.0,Reassigned by repair_data.py to track risk_score.
6758,T6758,C001047,2334,Mary Morgan,,,risk_redistribution_v2,1.0,Reassigned by repair_data.py to track risk_score.
6760,T6760,C000097,11645,Mary Ward,,,risk_redistribution_v2,1.0,Reassigned by repair_data.py to track risk_score.
5260,T5260,C000097,11645,Mary Ward,,,risk_redistribution_v2,1.0,Reassigned by repair_data.py to track risk_score.
5760,T5760,C000097,11645,Mary Ward,,,risk_redistribution_v2,1.0,Reassigned by repair_data.py to track risk_score.
5768,T5768,C001712,7893,Lisa Smith,,,risk_redistribution_v2,1.0,Reassigned by repair_data.py to track risk_score.
6219,T6219,C001712,7893,Lisa Smith,,,risk_redistribution_v2,1.0,Reassigned by repair_data.py to track risk_score.
6221,T6221,C001712,7893,Lisa Smith,,,risk_redistribution_v2,1.0,Reassigned by repair_data.py to track risk_score.
6224,T6224,C001684,5829,Mary Smith,,,risk_redistribution_v2,1.0,Reassigned by repair_data.py to track risk_score.
6226,T6226,C001684,5829,Mary Smith,,,risk_redistribution_v2,1.0,Reassigned by repair_data.py to track risk_score.
6227,T6227,C001684,5829,Mary Smith,,,risk_redistribution_v2,1.0,Reassigned by repair_data.py to track risk_score.
6230,T6230,C001684,5829,Mary Smith,,,risk_redistribution_v2,1.0,Reassigned by repair_data.py to track risk_score.
5224,T5224,C000901,4186,Joseph Smith,,,risk_redistribution_v2,1.0,Reassigned by repair_data.py to track risk_score.
6761,T6761,C000901,4186,Joseph Smith,,,risk_redistribution_v2,1.0,Reassigned by repair_data.py to track risk_score.
6765,T6765,C000901,4186,Joseph Smith,,,risk_redistribution_v2,1.0,Reassigned by repair_data.py to track risk_score.
6768,T6768,C000901,4186,Joseph Smith,,,risk_redistribution_v2,1.0,Reassigned by repair_data.py to track risk_score.
6770,T6770,C000901,4186,Joseph Smith,,,risk_redistribution_v2,1.0,Reassigned by repair_data.py to track risk_score.
6773,T6773,C000959,8948,Russell Smith,,,risk_redistribution_v2,1.0,Reassigned by repair_data.py to track risk_score.
6775,T6775,C000959,8948,Russell Smith,,,risk_redistribution_v2,1.0,Reassigned by repair_data.py to track risk_score.
5228,T5228,C000959,8948,Russell Smith,,,risk_redistribution_v2,1.0,Reassigned by repair_data.py to track risk_score.
5229,T5229,C000025,12431,Mary Rios,,,risk_redistribution_v2,1.0,Reassigned by repair_data.py to track risk_score.
5231,T5231,C000025,12431,Mary Rios,,,risk_redistribution_v2,1.0,Reassigned by repair_data.py to track risk_score.
5240,T5240,C000025,12431,Mary Rios,,,risk_redistribution_v2,1.0,Reassigned by repair_data.py to track risk_score.
5241,T5241,C000557,5207,Catherine Erickson,,,risk_redistribution_v2,1.0,Reassigned by repair_data.py to track risk_score.
5242,T5242,C000557,5207,Catherine Erickson,,,risk_redistribution_v2,1.0,Reassigned by repair_data.py to track risk_score.
5204,T5204,C000557,5207,Catherine Erickson,,,risk_redistribution_v2,1.0,Reassigned by repair_data.py to track risk_score.
6781,T6781,C000557,5207,Catherine Erickson,,,risk_redistribution_v2,1.0,Reassigned by repair_data.py to track risk_score.
6783,T6783,C000589,4914,Mary Curtis,,,risk_redistribution_v2,1.0,Reassigned by repair_data.py to track risk_score.
6786,T6786,C000589,4914,Mary Curtis,,,risk_redistribution_v2,1.0,Reassigned by repair_data.py to track risk_score.
6792,T6792,C000589,4914,Mary Curtis,,,risk_redistribution_v2,1.0,Reassigned by repair_data.py to track risk_score.
5210,T5210,C000589,4914,Mary Curtis,,,risk_redistribution_v2,1.0,Reassigned by repair_data.py to track risk_score.
5211,T5211,C000047,5691,James Brown,,,risk_redistribution_v2,1.0,Reassigned by repair_data.py to track risk_score.
5212,T5212,C000047,5691,James Brown,,,risk_redistribution_v2,1.0,Reassigned by repair_data.py to track risk_score.
5215,T5215,C000047,5691,James Brown,,,risk_redistribution_v2,1.0,Reassigned by repair_data.py to track risk_score.
5218,T5218,C000047,5691,James Brown,,,risk_redistribution_v2,1.0,Reassigned by repair_data.py to track risk_score.
5771,T5771,C000047,5691,James Brown,,,risk_redistribution_v2,1.0,Reassigned by repair_data.py to track risk_score.
5774,T5774,C000998,8790,Mary Keller,,,risk_redistribution_v2,1.0,Reassigned by repair_data.py to track risk_score.
5776,T5776,C000251,11218,Louis Novak,,,risk_redistribution_v2,1.0,Reassigned by repair_data.py to track risk_score.
5779,T5779,C000526,2451,Joshua Garcia,,,risk_redistribution_v2,1.0,Reassigned by repair_data.py to track risk_score.
5781,T5781,C001168,11512,Mary Randall,,,risk_redistribution_v2,1.0,Reassigned by repair_data.py to track risk_score.
6205,T6205,C000324,3800,Shawn Smith,,,risk_redistribution_v2,1.0,Reassigned by repair_data.py to track risk_score.
6206,T6206,C001598,2321,Mary Patel,,,risk_redistribution_v2,1.0,Reassigned by repair_data.py to track risk_score.
5188,T5188,C001918,5236,Jessica Roberts,,,risk_redistribution_v2,1.0,Reassigned by repair_data.py to track risk_score.
5192,T5192,C000107,9490,Mary Glass,,,risk_redistribution_v2,1.0,Reassigned by repair_data.py to track risk_score.
6799,T6799,C000553,10253,Kyle Smith,,,risk_redistribution_v2,1.0,Reassigned by repair_data.py to track risk_score.
6801,T6801,C000553,10253,Kyle Smith,,,risk_redistribution_v2,1.0,Reassigned by repair_data.py to track risk_score.
6802,T6802,C001021,10545,Kenneth Smith,,,risk_redistribution_v2,1.0,Reassigned by repair_data.py to track risk_score.
6806,T6806,C000971,242,Mary Stein,,,risk_redistribution_v2,1.0,Reassigned by repair_data.py to track risk_score.
5197,T5197,C000754,11700,Ruth Smith,,,risk_redistribution_v2,1.0,Reassigned by repair_data.py to track risk_score.
6216,T6216,C001570,11560,Walter Walton,,,risk_redistribution_v2,1.0,Reassigned by repair_data.py to track risk_score.
6191,T6191,C001854,1473,Anthony Young,,,risk_redistribution_v2,1.0,Reassigned by repair_data.py to track risk_score.
6193,T6193,C001126,5594,Mary Davidson,,,risk_redistribution_v2,1.0,Reassigned by repair_data.py to track risk_score.
6195,T6195,C001126,5594,Mary Davidson,,,risk_redistribution_v2,1.0,Reassigned by repair_data.py to track risk_score.
6196,T6196,C001473,10039,Mary Butler,,,risk_redistribution_v2,1.0,Reassigned by repair_data.py to track risk_score.
6198,T6198,C001313,10701,Amanda Smith,,,risk_redistribution_v2,1.0,Reassigned by repair_data.py to track risk_score.
6199,T6199,C001403,3375,Mary Sanchez,,,risk_redistribution_v2,1.0,Reassigned by repair_data.py to track risk_score.
5785,T5785,C000260,3303,Mary Robinson,,,risk_redistribution_v2,1.0,Reassigned by repair_data.py to track risk_score.
5795,T5795,C001186,7949,Mary Barrera,,,risk_redistribution_v2,1.0,Reassigned by repair_data.py to track risk_score.
5800,T5800,C000884,6472,Albert Smith,,,risk_redistribution_v2,1.0,Reassigned by repair_data.py to track risk_score.
6174,T6174,C000521,640,Jean Smith,,,risk_redistribution_v2,1.0,Reassigned by repair_data.py to track risk_score.
6177,T6177,C000656,11224,Mary Smith,,,risk_redistribution_v2,1.0,Reassigned by repair_data.py to track risk_score.
6178,T6178,C001920,1651,Stephanie Smith,,,risk_redistribution_v2,1.0,Reassigned by repair_data.py to track risk_score.
6179,T6179,C001911,1677,Virginia Robles,,,risk_redistribution_v2,1.0,Reassigned by repair_data.py to track risk_score.
5801,T5801,C000352,10447,Mary Smith,,,risk_redistribution_v2,1.0,Reassigned by repair_data.py to track risk_score.
5806,T5806,C001768,2586,Mary Little,,,risk_redistribution_v2,1.0,Reassigned by repair_data.py to track risk_score.
5809,T5809,C001305,4876,Harry Smith,,,risk_redistribution_v2,1.0,Reassigned by repair_data.py to track risk_score.
6811,T6811,C000920,7848,Jessica Smith,,,risk_redistribution_v2,1.0,Reassigned by repair_data.py to track risk_score.
6818,T6818,C000664,6393,Mary Smith,,,risk_redistribution_v2,1.0,Reassigned by repair_data.py to track risk_score.
6822,T6822,C000475,10307,Bobby Miller,,,risk_redistribution_v2,1.0,Reassigned by repair_data.py to track risk_score.
5186,T5186,C001001,9273,Bobby Smith,,,risk_redistribution_v2,1.0,Reassigned by repair_data.py to track risk_score.
5814,T5814,C000698,1910,Helen Price,,,risk_redistribution_v2,1.0,Reassigned by repair_data.py to track risk_score.
5816,T5816,C000032,10591,Deborah Humphrey,,,risk_redistribution_v2,1.0,Reassigned by repair_data.py to track risk_score.
6157,T6157,C000921,5644,Carl Horn,,,risk_redistribution_v2,1.0,Reassigned by repair_data.py to track risk_score.
6158,T6158,C000249,1426,Mary Conner,,,risk_redistribution_v2,1.0,Reassigned by repair_data.py to track risk_score.
6160,T6160,C001861,3499,Mildred Cole,,,risk_redistribution_v2,1.0,Reassigned by repair_data.py to track risk_score.
5818,T5818,C000840,455,Jeffrey Smith,,,risk_redistribution_v2,1.0,Reassigned by repair_data.py to track risk_score.
6829,T6829,C000074,11048,Randy Ball,,,risk_redistribution_v2,1.0,Reassigned by repair_data.py to track risk_score.
6832,T6832,C001383,8949,Mary Thompson,,,risk_redistribution_v2,1.0,Reassigned by repair_data.py to track risk_score.
6833,T6833,C000055,5283,Jacob Guerrero,,,risk_redistribution_v2,1.0,Reassigned by repair_data.py to track risk_score.
6839,T6839,C000284,3031,Carol Smith,,,risk_redistribution_v2,1.0,Reassigned by repair_data.py to track risk_score.
5165,T5165,C001466,4926,Mary Smith,,,risk_redistribution_v2,1.0,Reassigned by repair_data.py to track risk_score.
5166,T5166,C001197,6883,Mary Smith,,,risk_redistribution_v2,1.0,Reassigned by repair_data.py to track risk_score.
5171,T5171,C001161,4025,Janet Schmidt,,,risk_redistribution_v2,1.0,Reassigned by repair_data.py to track risk_score.
5172,T5172,C001449,11387,Larry Smith,,,risk_redistribution_v2,1.0,Reassigned by repair_data.py to track risk_score.
5825,T5825,C000469,10555,Mary Howell,,,risk_redistribution_v2,1.0,Reassigned by repair_data.py to track risk_score.
5828,T5828,C000010,5624,Mary Mata,,,risk_redistribution_v2,1.0,Reassigned by repair_data.py to track risk_score.
5832,T5832,C001608,4275,Sandra Allen,,,risk_redistribution_v2,1.0,Reassigned by repair_data.py to track risk_score.
6140,T6140,C000434,8171,Benjamin Cole,,,risk_redistribution_v2,1.0,Reassigned by repair_data.py to track risk_score.
6145,T6145,C000245,1747,Mary Booker,,,risk_redistribution_v2,1.0,Reassigned by repair_data.py to track risk_score.
6152,T6152,C001040,1624,Walter Huerta,,,risk_redistribution_v2,1.0,Reassigned by repair_data.py to track risk_score.
5842,T5842,C000365,3529,Victoria Weaver,,,risk_redistribution_v2,1.0,Reassigned by repair_data.py to track risk_score.
5153,T5153,C000250,6660,Christine Smith,,,risk_redistribution_v2,1.0,Reassigned by repair_data.py to track risk_score.
5156,T5156,C000898,6236,Mary Martinez,,,risk_redistribution_v2,1.0,Reassigned by repair_data.py to track risk_score.
5157,T5157,C000455,10211,Jeffrey Smith,,,risk_redistribution_v2,1.0,Reassigned by repair_data.py to track risk_score.
5159,T5159,C000812,4863,Elizabeth Smith,,,risk_redistribution_v2,1.0,Reassigned by repair_data.py to track risk_score.
6846,T6846,C001082,1466,Stephen Cole,,,risk_redistribution_v2,1.0,Reassigned by repair_data.py to track risk_score.
6850,T6850,C000765,8065,Margaret Smith,,,risk_redistribution_v2,1.0,Reassigned by repair_data.py to track risk_score.
6853,T6853,C001719,2211,Debra Harvey,,,risk_redistribution_v2,1.0,Reassigned by repair_data.py to track risk_score.
5843,T5843,C000527,9971,Mary Smith,,,risk_redistribution_v2,1.0,Reassigned by repair_data.py to track risk_score.
5845,T5845,C000507,12107,Sharon Patterson,,,risk_redistribution_v2,1.0,Reassigned by repair_data.py to track risk_score.
5846,T5846,C001250,12321,Helen Christensen,,,risk_redistribution_v2,1.0,Reassigned by repair_data.py to track risk_score.
5848,T5848,C001038,9607,Mary Smith,,,risk_redistribution_v2,1.0,Reassigned by repair_data.py to track risk_score.
6121,T6121,C000571,8370,Mary Smith,,,risk_redistribution_v2,1.0,Reassigned by repair_data.py to track risk_score.
6126,T6126,C000571,8370,Mary Smith,,,risk_redistribution_v2,1.0,Reassigned by repair_data.py to track risk_score.
6129,T6129,C000223,6587,Heather Henson,,,risk_redistribution_v2,1.0,Reassigned by repair_data.py to track risk_score.
5851,T5851,C000377,3498,Elizabeth Ramos,,,risk_redistribution_v2,1.0,Reassigned by repair_data.py to track risk_score.
5852,T5852,C000749,11766,Mary Mason,,,risk_redistribution_v2,1.0,Reassigned by repair_data.py to track risk_score.
5136,T5136,C001354,2078,Roger Morales,,,risk_redistribution_v2,1.0,Reassigned by repair_data.py to track risk_score.
5138,T5138,C001324,11897,Virginia Herrera,,,risk_redistribution_v2,1.0,Reassigned by repair_data.py to track risk_score.
5140,T5140,C000638,9603,Mary Moore,,,risk_redistribution_v2,1.0,Reassigned by repair_data.py to track risk_score.
6864,T6864,C001363,990,Mary Ellison,,,risk_redistribution_v2,1.0,Reassigned by repair_data.py to track risk_score.
6867,T6867,C001561,11318,Mary Henry,,,risk_redistribution_v2,1.0,Reassigned by repair_data.py to track risk_score.
6872,T6872,C001572,704,Mary Mccullough,,,risk_redistribution_v2,1.0,Reassigned by repair_data.py to track risk_score.
5145,T5145,C000196,1148,Mary Anderson,,,risk_redistribution_v2,1.0,Reassigned by repair_data.py to track risk_score.
5147,T5147,C000826,11263,Mary Keller,,,risk_redistribution_v2,1.0,Reassigned by repair_data.py to track risk_score.
5148,T5148,C001239,8612,Emma Smith,,,risk_redistribution_v2,1.0,Reassigned by repair_data.py to track risk_score.
5863,T5863,C001241,1563,Carolyn Smith,,,risk_redistribution_v2,1.0,Reassigned by repair_data.py to track risk_score.
6107,T6107,C001812,2589,Nathan Taylor,,,risk_redistribution_v2,1.0,Reassigned by repair_data.py to track risk_score.
6110,T6110,C001204,5125,Mary Miller,,,risk_redistribution_v2,1.0,Reassigned by repair_data.py to track risk_score.
6111,T6111,C001677,5359,Raymond Wu,,,risk_redistribution_v2,1.0,Reassigned by repair_data.py to track risk_score.
6112,T6112,C000216,7001,Mary Weeks,,,risk_redistribution_v2,1.0,Reassigned by repair_data.py to track risk_score.
6113,T6113,C001569,778,John Buckley,,,risk_redistribution_v2,1.0,Reassigned by repair_data.py to track risk_score.
5868,T5868,C000407,4770,Andrea Malone,,,risk_redistribution_v2,1.0,Reassigned by repair_data.py to track risk_score.
5870,T5870,C001385,4016,Mary Smith,,,risk_redistribution_v2,1.0,Reassigned by repair_data.py to track risk_score.
5872,T5872,C001520,4272,Mary Brewer,,,risk_redistribution_v2,1.0,Reassigned by repair_data.py to track risk_score.
6901,T6901,C000392,9871,Jonathan Smith,,,risk_redistribution_v2,1.0,Reassigned by repair_data.py to track risk_score.
6902,T6902,C001680,2210,Mary Bryant,,,risk_redistribution_v2,1.0,Reassigned by repair_data.py to track risk_score.
6904,T6904,C001391,187,Mildred Herrera,,,risk_redistribution_v2,1.0,Reassigned by repair_data.py to track risk_score.
6873,T6873,C001664,6909,Mary Salinas,,,risk_redistribution_v2,1.0,Reassigned by repair_data.py to track risk_score.
6876,T6876,C000517,5533,Mary Harrison,,,risk_redistribution_v2,1.0,Reassigned by repair_data.py to track risk_score.
6881,T6881,C001689,1331,Mary Smith,,,risk_redistribution_v2,1.0,Reassigned by repair_data.py to track risk_score.
6882,T6882,C000780,9341,Karen Collins,,,risk_redistribution_v2,1.0,Reassigned by repair_data.py to track risk_score.
5130,T5130,C001117,6165,Mary Gardner,,,risk_redistribution_v2,1.0,Reassigned by repair_data.py to track risk_score.
5873,T5873,C001586,8787,Janice Pittman,,,risk_redistribution_v2,1.0,Reassigned by repair_data.py to track risk_score.
6090,T6090,C001769,3558,Mary Smith,,,risk_redistribution_v2,1.0,Reassigned by repair_data.py to track risk_score.
6091,T6091,C001011,3071,Mary Meadows,,,risk_redistribution_v2,1.0,Reassigned by repair_data.py to track risk_score.
6092,T6092,C000289,6893,Deborah Smith,,,risk_redistribution_v2,1.0,Reassigned by repair_data.py to track risk_score.
6095,T6095,C001256,8987,Kathleen Price,,,risk_redistribution_v2,1.0,Reassigned by repair_data.py to track risk_score.
6099,T6099,C000267,8156,Hannah Smith,,,risk_redistribution_v2,1.0,Reassigned by repair_data.py to track risk_score.
6101,T6101,C000072,6305,Mary Smith,,,risk_redistribution_v2,1.0,Reassigned by repair_data.py to track risk_score.
6103,T6103,C000769,2824,Mary Bray,,,risk_redistribution_v2,1.0,Reassigned by repair_data.py to track risk_score.
5882,T5882,C001796,5559,Alice Smith,,,risk_redistribution_v2,1.0,Reassigned by repair_data.py to track risk_score.
5120,T5120,C000611,7762,Mary Roberson,,,risk_redistribution_v2,1.0,Reassigned by repair_data.py to track risk_score.
5123,T5123,C001673,12359,Melissa Smith,,,risk_redistribution_v2,1.0,Reassigned by repair_data.py to track risk_score.
5124,T5124,C001361,11154,Pamela Dickerson,,,risk_redistribution_v2,1.0,Reassigned by repair_data.py to track risk_score.
5127,T5127,C001578,2093,Justin Jennings,,,risk_redistribution_v2,1.0,Reassigned by repair_data.py to track risk_score.
5128,T5128,C000146,2740,Robert Williams,,,risk_redistribution_v2,1.0,Reassigned by repair_data.py to track risk_score.
6891,T6891,C001737,948,Michelle Smith,,,risk_redistribution_v2,1.0,Reassigned by repair_data.py to track risk_score.
6894,T6894,C000182,1932,Shirley Perez,,,risk_redistribution_v2,1.0,Reassigned by repair_data.py to track risk_score.
6895,T6895,C000441,11755,Mary Jackson,,,risk_redistribution_v2,1.0,Reassigned by repair_data.py to track risk_score.
5092,T5092,C001995,9670,Mary Crane,,,risk_redistribution_v2,1.0,Reassigned by repair_data.py to track risk_score.
5093,T5093,C000573,1282,Mary Smith,,,risk_redistribution_v2,1.0,Reassigned by repair_data.py to track risk_score.
5094,T5094,C001681,5238,Frank Smith,,,risk_redistribution_v2,1.0,Reassigned by repair_data.py to track risk_score.
6905,T6905,C001697,1436,Sarah Smith,,,risk_redistribution_v2,1.0,Reassigned by repair_data.py to track risk_score.
6908,T6908,C000234,6101,Mary Smith,,,risk_redistribution_v2,1.0,Reassigned by repair_data.py to track risk_score.
6910,T6910,C001727,6932,Evelyn Herring,,,risk_redistribution_v2,1.0,Reassigned by repair_data.py to track risk_score.
6912,T6912,C000500,1865,Mary Romero,,,risk_redistribution_v2,1.0,Reassigned by repair_data.py to track risk_score.
6914,T6914,C000406,8012,Gregory Smith,,,risk_redistribution_v2,1.0,Reassigned by repair_data.py to track risk_score.
6916,T6916,C000382,7457,Cheryl Smith,,,risk_redistribution_v2,1.0,Reassigned by repair_data.py to track risk_score.
5100,T5100,C000965,8658,Mary Allen,,,risk_redistribution_v2,1.0,Reassigned by repair_data.py to track risk_score.
5107,T5107,C001013,8478,Mary Sweeney,,,risk_redistribution_v2,1.0,Reassigned by repair_data.py to track risk_score.
5883,T5883,C000768,483,Mary Smith,,,risk_redistribution_v2,1.0,Reassigned by repair_data.py to track risk_score.
5885,T5885,C001943,2562,Mary Anderson,,,risk_redistribution_v2,1.0,Reassigned by repair_data.py to track risk_score.
5886,T5886,C000678,2016,Jonathan Wilson,,,risk_redistribution_v2,1.0,Reassigned by repair_data.py to track risk_score.
5890,T5890,C001394,1753,Sandra Smith,,,risk_redistribution_v2,1.0,Reassigned by repair_data.py to track risk_score.
5892,T5892,C001551,2193,Catherine Smith,,,risk_redistribution_v2,1.0,Reassigned by repair_data.py to track risk_score.
5894,T5894,C001905,3947,Mary Blake,,,risk_redistribution_v2,1.0,Reassigned by repair_data.py to track risk_score.
5896,T5896,C000206,2229,Mary Hunt,,,risk_redistribution_v2,1.0,Reassigned by repair_data.py to track risk_score.
6076,T6076,C000711,11936,Mary Smith,,,risk_redistribution_v2,1.0,Reassigned by repair_data.py to track risk_score.
6077,T6077,C000747,9283,Mary Smith,,,risk_redistribution_v2,1.0,Reassigned by repair_data.py to track risk_score.
6083,T6083,C000309,11305,Mary Hartman,,,risk_redistribution_v2,1.0,Reassigned by repair_data.py to track risk_score.
6087,T6087,C000376,5904,Catherine Peterson,,,risk_redistribution_v2,1.0,Reassigned by repair_data.py to track risk_score.
6088,T6088,C000817,12291,Jennifer Sims,,,risk_redistribution_v2,1.0,Reassigned by repair_data.py to track risk_score.
6062,T6062,C001263,8989,Sarah Aguilar,,,risk_redistribution_v2,1.0,Reassigned by repair_data.py to track risk_score.
6065,T6065,C000227,11947,Mary Smith,,,risk_redistribution_v2,1.0,Reassigned by repair_data.py to track risk_score.
6067,T6067,C000591,1544,Brittany Marquez,,,risk_redistribution_v2,1.0,Reassigned by repair_data.py to track risk_score.
6068,T6068,C000591,1544,Brittany Marquez,,,risk_redistribution_v2,1.0,Reassigned by repair_data.py to track risk_score.
6069,T6069,C001319,2585,Kyle Rice,,,risk_redistribution_v2,1.0,Reassigned by repair_data.py to track risk_score.
5068,T5068,C000874,9967,Linda Herman,,,risk_redistribution_v2,1.0,Reassigned by repair_data.py to track risk_score.
5073,T5073,C001219,10344,Mary Smith,,,risk_redistribution_v2,1.0,Reassigned by repair_data.py to track risk_score.
5078,T5078,C000320,5175,Mary Sullivan,,,risk_redistribution_v2,1.0,Reassigned by repair_data.py to track risk_score.
6923,T6923,C000909,2291,Mary Mcdonald,,,risk_redistribution_v2,1.0,Reassigned by repair_data.py to track risk_score.
6927,T6927,C001076,6746,Anthony Sanchez,,,risk_redistribution_v2,1.0,Reassigned by repair_data.py to track risk_score.
6930,T6930,C000813,12192,Mary Carlson,,,risk_redistribution_v2,1.0,Reassigned by repair_data.py to track risk_score.
5083,T5083,C000808,5907,Mary Proctor,,,risk_redistribution_v2,1.0,Reassigned by repair_data.py to track risk_score.
6071,T6071,C000020,7200,Katherine Smith,,,risk_redistribution_v2,1.0,Reassigned by repair_data.py to track risk_score.
6072,T6072,C000550,9018,Mary Smith,,,risk_redistribution_v2,1.0,Reassigned by repair_data.py to track risk_score.
6052,T6052,C001950,5449,Mary Smith,,,risk_redistribution_v2,1.0,Reassigned by repair_data.py to track risk_score.
5898,T5898,C001947,11330,Arthur Johnson,,,risk_redistribution_v2,1.0,Reassigned by repair_data.py to track risk_score.
5902,T5902,C001259,8256,James Parker,,,risk_redistribution_v2,1.0,Reassigned by repair_data.py to track risk_score.
5903,T5903,C000432,698,Mary Smith,,,risk_redistribution_v2,1.0,Reassigned by repair_data.py to track risk_score.
5909,T5909,C001718,9245,Joshua Rodriguez,,,risk_redistribution_v2,1.0,Reassigned by repair_data.py to track risk_score.
5921,T5921,C000384,10831,Larry Smith,,,risk_redistribution_v2,1.0,Reassigned by repair_data.py to track risk_score.
6942,T6942,C000654,12123,Jeremy Tucker,,,risk_redistribution_v2,1.0,Reassigned by repair_data.py to track risk_score.
6946,T6946,C001786,8883,Marie Davis,,,risk_redistribution_v2,1.0,Reassigned by repair_data.py to track risk_score.
6952,T6952,C000428,8812,Mary Woodward,,,risk_redistribution_v2,1.0,Reassigned by repair_data.py to track risk_score.
5054,T5054,C001512,1376,Mary Austin,,,risk_redistribution_v2,1.0,Reassigned by repair_data.py to track risk_score.
5055,T5055,C000214,11887,Christopher Smith,,,risk_redistribution_v2,1.0,Reassigned by repair_data.py to track risk_score.
5922,T5922,C000038,11017,Rachel Prince,,,risk_redistribution_v2,1.0,Reassigned by repair_data.py to track risk_score.
6029,T6029,C000038,11017,Rachel Prince,,,risk_redistribution_v2,1.0,Reassigned by repair_data.py to track risk_score.
6035,T6035,C000948,8578,Kevin Graham,,,risk_redistribution_v2,1.0,Reassigned by repair_data.py to track risk_score.
6038,T6038,C000704,4045,Mary Neal,,,risk_redistribution_v2,1.0,Reassigned by repair_data.py to track risk_score.
5945,T5945,C000943,11761,Lauren Coleman,,,risk_redistribution_v2,1.0,Reassigned by repair_data.py to track risk_score.
5949,T5949,C001908,1475,Mary Smith,,,risk_redistribution_v2,1.0,Reassigned by repair_data.py to track risk_score.
5953,T5953,C000617,2687,Kelly Smith,,,risk_redistribution_v2,1.0,Reassigned by repair_data.py to track risk_score.
5955,T5955,C000039,5146,Harry Graves,,,risk_redistribution_v2,1.0,Reassigned by repair_data.py to track risk_score.
6011,T6011,C001196,2627,Mary King,,,risk_redistribution_v2,1.0,Reassigned by repair_data.py to track risk_score.
6012,T6012,C000513,2417,Mary Mullins,,,risk_redistribution_v2,1.0,Reassigned by repair_data.py to track risk_score.
6017,T6017,C000513,2417,Mary Mullins,,,risk_redistribution_v2,1.0,Reassigned by repair_data.py to track risk_score.
6019,T6019,C000390,6970,Helen Long,,,risk_redistribution_v2,1.0,Reassigned by repair_data.py to track risk_score.
5041,T5041,C001815,9281,Ann Smith,,,risk_redistribution_v2,1.0,Reassigned by repair_data.py to track risk_score.
5044,T5044,C001455,4297,Mary Torres,,,risk_redistribution_v2,1.0,Reassigned by repair_data.py to track risk_score.
5046,T5046,C000033,9727,Mary Cruz,,,risk_redistribution_v2,1.0,Reassigned by repair_data.py to track risk_score.
6954,T6954,C001549,5722,Mary Smith,,,risk_redistribution_v2,1.0,Reassigned by repair_data.py to track risk_score.
6963,T6963,C001637,3406,Mary Smith,,,risk_redistribution_v2,1.0,Reassigned by repair_data.py to track risk_score.
5964,T5964,C001779,9831,Daniel Smith,,,risk_redistribution_v2,1.0,Reassigned by repair_data.py to track risk_score.
5974,T5974,C001143,10340,Nicholas Stevens,,,risk_redistribution_v2,1.0,Reassigned by repair_data.py to track risk_score.
5975,T5975,C000358,4150,Jordan Riley,,,risk_redistribution_v2,1.0,Reassigned by repair_data.py to track risk_score.
