customer_id,source_customer_id,source_dataset,customer_full_name,customer_email,mapping_method,mapping_note
C000001,791,DataCo SMART Supply Chain,Mary Smith,XXXXXXXXX,direct_dataco_customer,Direct mapping from DataCo Customer Id to Nelson DSS customer_id.
C000002,9371,DataCo SMART Supply Chain,Mary Patterson,XXXXXXXXX,direct_dataco_customer,Direct mapping from DataCo Customer Id to Nelson DSS customer_id.
C000003,8766,DataCo SMART Supply Chain,Mary Duncan,XXXXXXXXX,direct_dataco_customer,Direct mapping from DataCo Customer Id to Nelson DSS customer_id.
C000004,1657,DataCo SMART Supply Chain,Betty Phillips,XXXXXXXXX,direct_dataco_customer,Direct mapping from DataCo Customer Id to Nelson DSS customer_id.
C000005,2641,DataCo SMART Supply Chain,Betty Spears,XXXXXXXXX,direct_dataco_customer,Direct mapping from DataCo Customer Id to Nelson DSS customer_id.
C000006,1288,DataCo SMART Supply Chain,Evelyn Thompson,XXXXXXXXX,direct_dataco_customer,Direct mapping from DataCo Customer Id to Nelson DSS customer_id.
C000007,3710,DataCo SMART Supply Chain,Ashley Smith,XXXXXXXXX,direct_dataco_customer,Direct mapping from DataCo Customer Id to Nelson DSS customer_id.
C000008,4249,DataCo SMART Supply Chain,Mary Butler,XXXXXXXXX,direct_dataco_customer,Direct mapping from DataCo Customer Id to Nelson DSS customer_id.
C000009,5654,DataCo SMART Supply Chain,Jerry Smith,XXXXXXXXX,direct_dataco_customer,Direct mapping from DataCo Customer Id to Nelson DSS customer_id.
C000010,5624,DataCo SMART Supply Chain,Mary Mata,XXXXXXXXX,direct_dataco_customer,Direct mapping from DataCo Customer Id to Nelson DSS customer_id.
C000011,5715,DataCo SMART Supply Chain,Kelly Smith,XXXXXXXXX,direct_dataco_customer,Direct mapping from DataCo Customer Id to Nelson DSS customer_id.
C000012,1464,DataCo SMART Supply Chain,Amber Dixon,XXXXXXXXX,direct_dataco_customer,Direct mapping from DataCo Customer Id to Nelson DSS customer_id.
C000013,10235,DataCo SMART Supply Chain,Joseph Singh,XXXXXXXXX,direct_dataco_customer,Direct mapping from DataCo Customer Id to Nelson DSS customer_id.
C000014,664,DataCo SMART Supply Chain,Bobby Jimenez,XXXXXXXXX,direct_dataco_customer,Direct mapping from DataCo Customer Id to Nelson DSS customer_id.
C000015,10351,DataCo SMART Supply Chain,Teresa Gray,XXXXXXXXX,direct_dataco_customer,Direct mapping from DataCo Customer Id to Nelson DSS customer_id.
C000016,2292,DataCo SMART Supply Chain,Ashley Smith,XXXXXXXXX,direct_dataco_customer,Direct mapping from DataCo Customer Id to Nelson DSS customer_id.
C000017,4663,DataCo SMART Supply Chain,Paul Smith,XXXXXXXXX,direct_dataco_customer,Direct mapping from DataCo Customer Id to Nelson DSS customer_id.
C000018,3708,DataCo SMART Supply Chain,Judy Miller,XXXXXXXXX,direct_dataco_customer,Direct mapping from DataCo Customer Id to Nelson DSS customer_id.
C000019,12284,DataCo SMART Supply Chain,Mary Smith,XXXXXXXXX,direct_dataco_customer,Direct mapping from DataCo Customer Id to Nelson DSS customer_id.
C000020,7200,DataCo SMART Supply Chain,Katherine Smith,XXXXXXXXX,direct_dataco_customer,Direct mapping from DataCo Customer Id to Nelson DSS customer_id.
C000021,5927,DataCo SMART Supply Chain,Christopher Cooper,XXXXXXXXX,direct_dataco_customer,Direct mapping from DataCo Customer Id to Nelson DSS customer_id.
C000022,5004,DataCo SMART Supply Chain,Dorothy Friedman,XXXXXXXXX,direct_dataco_customer,Direct mapping from DataCo Customer Id to Nelson DSS customer_id.
C000023,1443,DataCo SMART Supply Chain,Denise Cohen,XXXXXXXXX,direct_dataco_customer,Direct mapping from DataCo Customer Id to Nelson DSS customer_id.
C000024,6316,DataCo SMART Supply Chain,Kyle Smith,XXXXXXXXX,direct_dataco_customer,Direct mapping from DataCo Customer Id to Nelson DSS customer_id.
C000025,12431,DataCo SMART Supply Chain,Mary Rios,XXXXXXXXX,direct_dataco_customer,Direct mapping from DataCo Customer Id to Nelson DSS customer_id.
C000026,5897,DataCo SMART Supply Chain,Mary Griffin,XXXXXXXXX,direct_dataco_customer,Direct mapping from DataCo Customer Id to Nelson DSS customer_id.
C000027,2774,DataCo SMART Supply Chain,Sandra Smith,XXXXXXXXX,direct_dataco_customer,Direct mapping from DataCo Customer Id to Nelson DSS customer_id.
C000028,1011,DataCo SMART Supply Chain,Mary Smith,XXXXXXXXX,direct_dataco_customer,Direct mapping from DataCo Customer Id to Nelson DSS customer_id.
C000029,6950,DataCo SMART Supply Chain,Nicholas Smith,XXXXXXXXX,direct_dataco_customer,Direct mapping from DataCo Customer Id to Nelson DSS customer_id.
C000030,5216,DataCo SMART Supply Chain,Mary Pitts,XXXXXXXXX,direct_dataco_customer,Direct mapping from DataCo Customer Id to Nelson DSS customer_id.
C000031,9300,DataCo SMART Supply Chain,Mary Smith,XXXXXXXXX,direct_dataco_customer,Direct mapping from DataCo Customer Id to Nelson DSS customer_id.
C000032,10591,DataCo SMART Supply Chain,Deborah Humphrey,XXXXXXXXX,direct_dataco_customer,Direct mapping from DataCo Customer Id to Nelson DSS customer_id.
C000033,9727,DataCo SMART Supply Chain,Mary Cruz,XXXXXXXXX,direct_dataco_customer,Direct mapping from DataCo Customer Id to Nelson DSS customer_id.
C000034,9557,DataCo SMART Supply Chain,Mary Figueroa,XXXXXXXXX,direct_dataco_customer,Direct mapping from DataCo Customer Id to Nelson DSS customer_id.
C000035,6375,DataCo SMART Supply Chain,Mary Smith,XXXXXXXXX,direct_dataco_customer,Direct mapping from DataCo Customer Id to Nelson DSS customer_id.
C000036,4781,DataCo SMART Supply Chain,Janet Smith,XXXXXXXXX,direct_dataco_customer,Direct mapping from DataCo Customer Id to Nelson DSS customer_id.
C000037,2723,DataCo SMART Supply Chain,Mary Brady,XXXXXXXXX,direct_dataco_customer,Direct mapping from DataCo Customer Id to Nelson DSS customer_id.
C000038,11017,DataCo SMART Supply Chain,Rachel Prince,XXXXXXXXX,direct_dataco_customer,Direct mapping from DataCo Customer Id to Nelson DSS customer_id.
C000039,5146,DataCo SMART Supply Chain,Harry Graves,XXXXXXXXX,direct_dataco_customer,Direct mapping from DataCo Customer Id to Nelson DSS customer_id.
C000040,9271,DataCo SMART Supply Chain,Christopher Smith,XXXXXXXXX,direct_dataco_customer,Direct mapping from DataCo Customer Id to Nelson DSS customer_id.
C000041,12285,DataCo SMART Supply Chain,Patrick Mcgee,XXXXXXXXX,direct_dataco_customer,Direct mapping from DataCo Customer Id to Nelson DSS customer_id.
C000042,8517,DataCo SMART Supply Chain,Debra Smith,XXXXXXXXX,direct_dataco_customer,Direct mapping from DataCo Customer Id to Nelson DSS customer_id.
C000043,7218,DataCo SMART Supply Chain,Mary Nguyen,XXXXXXXXX,direct_dataco_customer,Direct mapping from DataCo Customer Id to Nelson DSS customer_id.
C000044,749,DataCo SMART Supply Chain,Jesse Matthews,XXXXXXXXX,direct_dataco_customer,Direct mapping from DataCo Customer Id to Nelson DSS customer_id.
C000045,10777,DataCo SMART Supply Chain,Martha Smith,XXXXXXXXX,direct_dataco_customer,Direct mapping from DataCo Customer Id to Nelson DSS customer_id.
C000046,1492,DataCo SMART Supply Chain,Gerald Patel,XXXXXXXXX,direct_dataco_customer,Direct mapping from DataCo Customer Id to Nelson DSS customer_id.
C000047,5691,DataCo SMART Supply Chain,James Brown,XXXXXXXXX,direct_dataco_customer,Direct mapping from DataCo Customer Id to Nelson DSS customer_id.
C000048,5217,DataCo SMART Supply Chain,David Smith,XXXXXXXXX,direct_dataco_customer,Direct mapping from DataCo Customer Id to Nelson DSS customer_id.
C000049,9737,DataCo SMART Supply Chain,Benjamin Smith,XXXXXXXXX,direct_dataco_customer,Direct mapping from DataCo Customer Id to Nelson DSS customer_id.
C000050,10371,DataCo SMART Supply Chain,Joseph Smith,XXXXXXXXX,direct_dataco_customer,Direct mapping from DataCo Customer Id to Nelson DSS customer_id.
C000051,341,DataCo SMART Supply Chain,Mary Smith,XXXXXXXXX,direct_dataco_customer,Direct mapping from DataCo Customer Id to Nelson DSS customer_id.
C000052,2484,DataCo SMART Supply Chain,Sarah Smith,XXXXXXXXX,direct_dataco_customer,Direct mapping from DataCo Customer Id to Nelson DSS customer_id.
C000053,9883,DataCo SMART Supply Chain,Michelle Waters,XXXXXXXXX,direct_dataco_customer,Direct mapping from DataCo Customer Id to Nelson DSS customer_id.
C000054,9494,DataCo SMART Supply Chain,Robert Gilmore,XXXXXXXXX,direct_dataco_customer,Direct mapping from DataCo Customer Id to Nelson DSS customer_id.
C000055,5283,DataCo SMART Supply Chain,Jacob Guerrero,XXXXXXXXX,direct_dataco_customer,Direct mapping from DataCo Customer Id to Nelson DSS customer_id.
C000056,1695,DataCo SMART Supply Chain,Amanda Marquez,XXXXXXXXX,direct_dataco_customer,Direct mapping from DataCo Customer Id to Nelson DSS customer_id.
C000057,1920,DataCo SMART Supply Chain,Stephanie Archer,XXXXXXXXX,direct_dataco_customer,Direct mapping from DataCo Customer Id to Nelson DSS customer_id.
C000058,11065,DataCo SMART Supply Chain,Aaron Smith,XXXXXXXXX,direct_dataco_customer,Direct mapping from DataCo Customer Id to Nelson DSS customer_id.
C000059,9962,DataCo SMART Supply Chain,Diana Smith,XXXXXXXXX,direct_dataco_customer,Direct mapping from DataCo Customer Id to Nelson DSS customer_id.
C000060,5053,DataCo SMART Supply Chain,Mary Smith,XXXXXXXXX,direct_dataco_customer,Direct mapping from DataCo Customer Id to Nelson DSS customer_id.
C000061,773,DataCo SMART Supply Chain,Dylan Horton,XXXXXXXXX,direct_dataco_customer,Direct mapping from DataCo Customer Id to Nelson DSS customer_id.
C000062,11431,DataCo SMART Supply Chain,Willie Sanders,XXXXXXXXX,direct_dataco_customer,Direct mapping from DataCo Customer Id to Nelson DSS customer_id.
C000063,7631,DataCo SMART Supply Chain,Alexander Nguyen,XXXXXXXXX,direct_dataco_customer,Direct mapping from DataCo Customer Id to Nelson DSS customer_id.
C000064,898,DataCo SMART Supply Chain,Cheryl Smith,XXXXXXXXX,direct_dataco_customer,Direct mapping from DataCo Customer Id to Nelson DSS customer_id.
C000065,11888,DataCo SMART Supply Chain,Frank Barrett,XXXXXXXXX,direct_dataco_customer,Direct mapping from DataCo Customer Id to Nelson DSS customer_id.
C000066,450,DataCo SMART Supply Chain,Kathryn Carter,XXXXXXXXX,direct_dataco_customer,Direct mapping from DataCo Customer Id to Nelson DSS customer_id.
C000067,9821,DataCo SMART Supply Chain,Deborah Smith,XXXXXXXXX,direct_dataco_customer,Direct mapping from DataCo Customer Id to Nelson DSS customer_id.
C000068,5648,DataCo SMART Supply Chain,Joshua Smith,XXXXXXXXX,direct_dataco_customer,Direct mapping from DataCo Customer Id to Nelson DSS customer_id.
C000069,1577,DataCo SMART Supply Chain,Mary Smith,XXXXXXXXX,direct_dataco_customer,Direct mapping from DataCo Customer Id to Nelson DSS customer_id.
C000070,10744,DataCo SMART Supply Chain,Samantha Smith,XXXXXXXXX,direct_dataco_customer,Direct mapping from DataCo Customer Id to Nelson DSS customer_id.
C000071,5454,DataCo SMART Supply Chain,Mary Smith,XXXXXXXXX,direct_dataco_customer,Direct mapping from DataCo Customer Id to Nelson DSS customer_id.
C000072,6305,DataCo SMART Supply Chain,Mary Smith,XXXXXXXXX,direct_dataco_customer,Direct mapping from DataCo Customer Id to Nelson DSS customer_id.
C000073,2444,DataCo SMART Supply Chain,Kenneth Smith,XXXXXXXXX,direct_dataco_customer,Direct mapping from DataCo Customer Id to Nelson DSS customer_id.
C000074,11048,DataCo SMART Supply Chain,Randy Ball,XXXXXXXXX,direct_dataco_customer,Direct mapping from DataCo Customer Id to Nelson DSS customer_id.
C000075,11768,DataCo SMART Supply Chain,Virginia Smith,XXXXXXXXX,direct_dataco_customer,Direct mapping from DataCo Customer Id to Nelson DSS customer_id.
C000076,2970,DataCo SMART Supply Chain,Kenneth Smith,XXXXXXXXX,direct_dataco_customer,Direct mapping from DataCo Customer Id to Nelson DSS customer_id.
C000077,2041,DataCo SMART Supply Chain,Paul Garcia,XXXXXXXXX,direct_dataco_customer,Direct mapping from DataCo Customer Id to Nelson DSS customer_id.
C000078,468,DataCo SMART Supply Chain,Mary Stone,XXXXXXXXX,direct_dataco_customer,Direct mapping from DataCo Customer Id to Nelson DSS customer_id.
C000079,5293,DataCo SMART Supply Chain,Michelle Callahan,XXXXXXXXX,direct_dataco_customer,Direct mapping from DataCo Customer Id to Nelson DSS customer_id.
C000080,7445,DataCo SMART Supply Chain,Mary Smith,XXXXXXXXX,direct_dataco_customer,Direct mapping from DataCo Customer Id to Nelson DSS customer_id.
C000081,10291,DataCo SMART Supply Chain,Ann Smith,XXXXXXXXX,direct_dataco_customer,Direct mapping from DataCo Customer Id to Nelson DSS customer_id.
C000082,10263,DataCo SMART Supply Chain,Katherine Bailey,XXXXXXXXX,direct_dataco_customer,Direct mapping from DataCo Customer Id to Nelson DSS customer_id.
C000083,9358,DataCo SMART Supply Chain,Mary Smith,XXXXXXXXX,direct_dataco_customer,Direct mapping from DataCo Customer Id to Nelson DSS customer_id.
C000084,6615,DataCo SMART Supply Chain,Mary Meadows,XXXXXXXXX,direct_dataco_customer,Direct mapping from DataCo Customer Id to Nelson DSS customer_id.
C000085,6341,DataCo SMART Supply Chain,Daniel Smith,XXXXXXXXX,direct_dataco_customer,Direct mapping from DataCo Customer Id to Nelson DSS customer_id.
C000086,3938,DataCo SMART Supply Chain,Mary Smith,XXXXXXXXX,direct_dataco_customer,Direct mapping from DataCo Customer Id to Nelson DSS customer_id.
C000087,3957,DataCo SMART Supply Chain,Thomas Smith,XXXXXXXXX,direct_dataco_customer,Direct mapping from DataCo Customer Id to Nelson DSS customer_id.
C000088,3420,DataCo SMART Supply Chain,Kenneth Price,XXXXXXXXX,direct_dataco_customer,Direct mapping from DataCo Customer Id to Nelson DSS customer_id.
C000089,4116,DataCo SMART Supply Chain,Mary Smith,XXXXXXXXX,direct_dataco_customer,Direct mapping from DataCo Customer Id to Nelson DSS customer_id.
C000090,9580,DataCo SMART Supply Chain,Mary Robbins,XXXXXXXXX,direct_dataco_customer,Direct mapping from DataCo Customer Id to Nelson DSS customer_id.
C000091,5803,DataCo SMART Supply Chain,Rebecca Stewart,XXXXXXXXX,direct_dataco_customer,Direct mapping from DataCo Customer Id to Nelson DSS customer_id.
C000092,7962,DataCo SMART Supply Chain,Justin Smith,XXXXXXXXX,direct_dataco_customer,Direct mapping from DataCo Customer Id to Nelson DSS customer_id.
C000093,1540,DataCo SMART Supply Chain,Mary Mckee,XXXXXXXXX,direct_dataco_customer,Direct mapping from DataCo Customer Id to Nelson DSS customer_id.
C000094,687,DataCo SMART Supply Chain,Ronald Harrison,XXXXXXXXX,direct_dataco_customer,Direct mapping from DataCo Customer Id to Nelson DSS customer_id.
C000095,5582,DataCo SMART Supply Chain,Gloria Larson,XXXXXXXXX,direct_dataco_customer,Direct mapping from DataCo Customer Id to Nelson DSS customer_id.
C000096,1780,DataCo SMART Supply Chain,Larry Sharp,XXXXXXXXX,direct_dataco_customer,Direct mapping from DataCo Customer Id to Nelson DSS customer_id.
C000097,11645,DataCo SMART Supply Chain,Mary Ward,XXXXXXXXX,direct_dataco_customer,Direct mapping from DataCo Customer Id to Nelson DSS customer_id.
C000098,7670,DataCo SMART Supply Chain,Anna Smith,XXXXXXXXX,direct_dataco_customer,Direct mapping from DataCo Customer Id to Nelson DSS customer_id.
C000099,2851,DataCo SMART Supply Chain,Mary Huffman,XXXXXXXXX,direct_dataco_customer,Direct mapping from DataCo Customer Id to Nelson DSS customer_id.
C000100,11378,DataCo SMART Supply Chain,Mary Foster,XXXXXXXXX,direct_dataco_customer,Direct mapping from DataCo Customer Id to Nelson DSS customer_id.
C000101,12226,DataCo SMART Supply Chain,Nicholas Smith,XXXXXXXXX,direct_dataco_customer,Direct mapping from DataCo Customer Id to Nelson DSS customer_id.
C000102,11344,DataCo SMART Supply Chain,Mary Sparks,XXXXXXXXX,direct_dataco_customer,Direct mapping from DataCo Customer Id to Nelson DSS customer_id.
C000103,9337,DataCo SMART Supply Chain,Mary Smith,XXXXXXXXX,direct_dataco_customer,Direct mapping from DataCo Customer Id to Nelson DSS customer_id.
C000104,11654,DataCo SMART Supply Chain,Michelle Acosta,XXXXXXXXX,direct_dataco_customer,Direct mapping from DataCo Customer Id to Nelson DSS customer_id.
C000105,6285,DataCo SMART Supply Chain,Mary Garcia,XXXXXXXXX,direct_dataco_customer,Direct mapping from DataCo Customer Id to Nelson DSS customer_id.
C000106,467,DataCo SMART Supply Chain,James Smith,XXXXXXXXX,direct_dataco_customer,Direct mapping from DataCo Customer Id to Nelson DSS customer_id.
C000107,9490,DataCo SMART Supply Chain,Mary Glass,XXXXXXXXX,direct_dataco_customer,Direct mapping from DataCo Customer Id to Nelson DSS customer_id.
C000108,7417,DataCo SMART Supply Chain,Mary Soto,XXXXXXXXX,direct_dataco_customer,Direct mapping from DataCo Customer Id to Nelson DSS customer_id.
C000109,4812,DataCo SMART Supply Chain,Nathan Fritz,XXXXXXXXX,direct_dataco_customer,Direct mapping from DataCo Customer Id to Nelson DSS customer_id.
C000110,9697,DataCo SMART Supply Chain,Stephen Williams,XXXXXXXXX,direct_dataco_customer,Direct mapping from DataCo Customer Id to Nelson DSS customer_id.
C000111,5828,DataCo SMART Supply Chain,Katherine Oconnell,XXXXXXXXX,direct_dataco_customer,Direct mapping from DataCo Customer Id to Nelson DSS customer_id.
C000112,6050,DataCo SMART Supply Chain,Rebecca Arnold,XXXXXXXXX,direct_dataco_customer,Direct mapping from DataCo Customer Id to Nelson DSS customer_id.
C000113,7954,DataCo SMART Supply Chain,Danielle Smith,XXXXXXXXX,direct_dataco_customer,Direct mapping from DataCo Customer Id to Nelson DSS customer_id.
C000114,3979,DataCo SMART Supply Chain,Mary Wagner,XXXXXXXXX,direct_dataco_customer,Direct mapping from DataCo Customer Id to Nelson DSS customer_id.
C000115,11656,DataCo SMART Supply Chain,Mary Wyatt,XXXXXXXXX,direct_dataco_customer,Direct mapping from DataCo Customer Id to Nelson DSS customer_id.
C000116,2813,DataCo SMART Supply Chain,Mary Smith,XXXXXXXXX,direct_dataco_customer,Direct mapping from DataCo Customer Id to Nelson DSS customer_id.
C000117,6696,DataCo SMART Supply Chain,Mary Spencer,XXXXXXXXX,direct_dataco_customer,Direct mapping from DataCo Customer Id to Nelson DSS customer_id.
C000118,12180,DataCo SMART Supply Chain,Mary Allen,XXXXXXXXX,direct_dataco_customer,Direct mapping from DataCo Customer Id to Nelson DSS customer_id.
C000119,8015,DataCo SMART Supply Chain,Mary Blackburn,XXXXXXXXX,direct_dataco_customer,Direct mapping from DataCo Customer Id to Nelson DSS customer_id.
C000120,3369,DataCo SMART Supply Chain,Joseph Clark,XXXXXXXXX,direct_dataco_customer,Direct mapping from DataCo Customer Id to Nelson DSS customer_id.
C000121,3554,DataCo SMART Supply Chain,Michael Smith,XXXXXXXXX,direct_dataco_customer,Direct mapping from DataCo Customer Id to Nelson DSS customer_id.
C000122,8314,DataCo SMART Supply Chain,Angela Walsh,XXXXXXXXX,direct_dataco_customer,Direct mapping from DataCo Customer Id to Nelson DSS customer_id.
C000123,154,DataCo SMART Supply Chain,Emily May,XXXXXXXXX,direct_dataco_customer,Direct mapping from DataCo Customer Id to Nelson DSS customer_id.
C000124,10549,DataCo SMART Supply Chain,Mary Atkinson,XXXXXXXXX,direct_dataco_customer,Direct mapping from DataCo Customer Id to Nelson DSS customer_id.
C000125,3879,DataCo SMART Supply Chain,Melissa Davis,XXXXXXXXX,direct_dataco_customer,Direct mapping from DataCo Customer Id to Nelson DSS customer_id.
C000126,8018,DataCo SMART Supply Chain,Ruth Shepherd,XXXXXXXXX,direct_dataco_customer,Direct mapping from DataCo Customer Id to Nelson DSS customer_id.
C000127,4022,DataCo SMART Supply Chain,Mary Harding,XXXXXXXXX,direct_dataco_customer,Direct mapping from DataCo Customer Id to Nelson DSS customer_id.
C000128,9743,DataCo SMART Supply Chain,David Smith,XXXXXXXXX,direct_dataco_customer,Direct mapping from DataCo Customer Id to Nelson DSS customer_id.
C000129,3199,DataCo SMART Supply Chain,Ashley Hernandez,XXXXXXXXX,direct_dataco_customer,Direct mapping from DataCo Customer Id to Nelson DSS customer_id.
C000130,12039,DataCo SMART Supply Chain,Mary Wilson,XXXXXXXXX,direct_dataco_customer,Direct mapping from DataCo Customer Id to Nelson DSS customer_id.
C000131,2074,DataCo SMART Supply Chain,Mary Gross,XXXXXXXXX,direct_dataco_customer,Direct mapping from DataCo Customer Id to Nelson DSS customer_id.
C000132,11426,DataCo SMART Supply Chain,Mary Smith,XXXXXXXXX,direct_dataco_customer,Direct mapping from DataCo Customer Id to Nelson DSS customer_id.
C000133,11983,DataCo SMART Supply Chain,Mary Bell,XXXXXXXXX,direct_dataco_customer,Direct mapping from DataCo Customer Id to Nelson DSS customer_id.
C000134,10175,DataCo SMART Supply Chain,Michael Gibson,XXXXXXXXX,direct_dataco_customer,Direct mapping from DataCo Customer Id to Nelson DSS customer_id.
C000135,6049,DataCo SMART Supply Chain,Patricia Smith,XXXXXXXXX,direct_dataco_customer,Direct mapping from DataCo Customer Id to Nelson DSS customer_id.
C000136,8170,DataCo SMART Supply Chain,Rachel Smith,XXXXXXXXX,direct_dataco_customer,Direct mapping from DataCo Customer Id to Nelson DSS customer_id.
C000137,5168,DataCo SMART Supply Chain,Mary Smith,XXXXXXXXX,direct_dataco_customer,Direct mapping from DataCo Customer Id to Nelson DSS customer_id.
C000138,8964,DataCo SMART Supply Chain,Mary Berger,XXXXXXXXX,direct_dataco_customer,Direct mapping from DataCo Customer Id to Nelson DSS customer_id.
C000139,2224,DataCo SMART Supply Chain,Ann Mercado,XXXXXXXXX,direct_dataco_customer,Direct mapping from DataCo Customer Id to Nelson DSS customer_id.
C000140,5001,DataCo SMART Supply Chain,Ann Waller,XXXXXXXXX,direct_dataco_customer,Direct mapping from DataCo Customer Id to Nelson DSS customer_id.
C000141,2595,DataCo SMART Supply Chain,Amy Smith,XXXXXXXXX,direct_dataco_customer,Direct mapping from DataCo Customer Id to Nelson DSS customer_id.
C000142,3550,DataCo SMART Supply Chain,Mary Garner,XXXXXXXXX,direct_dataco_customer,Direct mapping from DataCo Customer Id to Nelson DSS customer_id.
C000143,7892,DataCo SMART Supply Chain,Michael Hayes,XXXXXXXXX,direct_dataco_customer,Direct mapping from DataCo Customer Id to Nelson DSS customer_id.
C000144,7358,DataCo SMART Supply Chain,Michael Simpson,XXXXXXXXX,direct_dataco_customer,Direct mapping from DataCo Customer Id to Nelson DSS customer_id.
C000145,437,DataCo SMART Supply Chain,Cynthia Benjamin,XXXXXXXXX,direct_dataco_customer,Direct mapping from DataCo Customer Id to Nelson DSS customer_id.
C000146,2740,DataCo SMART Supply Chain,Robert Williams,XXXXXXXXX,direct_dataco_customer,Direct mapping from DataCo Customer Id to Nelson DSS customer_id.
C000147,10829,DataCo SMART Supply Chain,Anthony Smith,XXXXXXXXX,direct_dataco_customer,Direct mapping from DataCo Customer Id to Nelson DSS customer_id.
C000148,1012,DataCo SMART Supply Chain,Mark Watts,XXXXXXXXX,direct_dataco_customer,Direct mapping from DataCo Customer Id to Nelson DSS customer_id.
C000149,5563,DataCo SMART Supply Chain,Paul Trevino,XXXXXXXXX,direct_dataco_customer,Direct mapping from DataCo Customer Id to Nelson DSS customer_id.
C000150,5173,DataCo SMART Supply Chain,Mary Smith,XXXXXXXXX,direct_dataco_customer,Direct mapping from DataCo Customer Id to Nelson DSS customer_id.
C000151,4491,DataCo SMART Supply Chain,Mary Banks,XXXXXXXXX,direct_dataco_customer,Direct mapping from DataCo Customer Id to Nelson DSS customer_id.
C000152,2113,DataCo SMART Supply Chain,David Smith,XXXXXXXXX,direct_dataco_customer,Direct mapping from DataCo Customer Id to Nelson DSS customer_id.
C000153,5371,DataCo SMART Supply Chain,Emma Robinson,XXXXXXXXX,direct_dataco_customer,Direct mapping from DataCo Customer Id to Nelson DSS customer_id.
C000154,1588,DataCo SMART Supply Chain,Mary Smith,XXXXXXXXX,direct_dataco_customer,Direct mapping from DataCo Customer Id to Nelson DSS customer_id.
C000155,9515,DataCo SMART Supply Chain,Victoria Smith,XXXXXXXXX,direct_dataco_customer,Direct mapping from DataCo Customer Id to Nelson DSS customer_id.
C000156,482,DataCo SMART Supply Chain,Megan Moreno,XXXXXXXXX,direct_dataco_customer,Direct mapping from DataCo Customer Id to Nelson DSS customer_id.
C000157,11503,DataCo SMART Supply Chain,Juan Curry,XXXXXXXXX,direct_dataco_customer,Direct mapping from DataCo Customer Id to Nelson DSS customer_id.
C000158,6812,DataCo SMART Supply Chain,Sharon Smith,XXXXXXXXX,direct_dataco_customer,Direct mapping from DataCo Customer Id to Nelson DSS customer_id.
C000159,5493,DataCo SMART Supply Chain,Mary Cochran,XXXXXXXXX,direct_dataco_customer,Direct mapping from DataCo Customer Id to Nelson DSS customer_id.
C000160,5072,DataCo SMART Supply Chain,Jacob Smith,XXXXXXXXX,direct_dataco_customer,Direct mapping from DataCo Customer Id to Nelson DSS customer_id.
C000161,12420,DataCo SMART Supply Chain,Nathan Adams,XXXXXXXXX,direct_dataco_customer,Direct mapping from DataCo Customer Id to Nelson DSS customer_id.
C000162,3889,DataCo SMART Supply Chain,Mary Smith,XXXXXXXXX,direct_dataco_customer,Direct mapping from DataCo Customer Id to Nelson DSS customer_id.
C000163,230,DataCo SMART Supply Chain,Kimberly Smith,XXXXXXXXX,direct_dataco_customer,Direct mapping from DataCo Customer Id to Nelson DSS customer_id.
C000164,1025,DataCo SMART Supply Chain,Megan Todd,XXXXXXXXX,direct_dataco_customer,Direct mapping from DataCo Customer Id to Nelson DSS customer_id.
C000165,4539,DataCo SMART Supply Chain,Jacqueline James,XXXXXXXXX,direct_dataco_customer,Direct mapping from DataCo Customer Id to Nelson DSS customer_id.
C000166,8820,DataCo SMART Supply Chain,Jessica Smith,XXXXXXXXX,direct_dataco_customer,Direct mapping from DataCo Customer Id to Nelson DSS customer_id.
C000167,9897,DataCo SMART Supply Chain,Marilyn Smith,XXXXXXXXX,direct_dataco_customer,Direct mapping from DataCo Customer Id to Nelson DSS customer_id.
C000168,5867,DataCo SMART Supply Chain,Beverly Jackson,XXXXXXXXX,direct_dataco_customer,Direct mapping from DataCo Customer Id to Nelson DSS customer_id.
C000169,9073,DataCo SMART Supply Chain,Thomas Skinner,XXXXXXXXX,direct_dataco_customer,Direct mapping from DataCo Customer Id to Nelson DSS customer_id.
C000170,6303,DataCo SMART Supply Chain,Mary Smith,XXXXXXXXX,direct_dataco_customer,Direct mapping from DataCo Customer Id to Nelson DSS customer_id.
C000171,58,DataCo SMART Supply Chain,Michael Edwards,XXXXXXXXX,direct_dataco_customer,Direct mapping from DataCo Customer Id to Nelson DSS customer_id.
C000172,7139,DataCo SMART Supply Chain,Mary Smith,XXXXXXXXX,direct_dataco_customer,Direct mapping from DataCo Customer Id to Nelson DSS customer_id.
C000173,1599,DataCo SMART Supply Chain,Andrew Smith,XXXXXXXXX,direct_dataco_customer,Direct mapping from DataCo Customer Id to Nelson DSS customer_id.
C000174,9368,DataCo SMART Supply Chain,Mary Cabrera,XXXXXXXXX,direct_dataco_customer,Direct mapping from DataCo Customer Id to Nelson DSS customer_id.
C000175,6977,DataCo SMART Supply Chain,Mary Short,XXXXXXXXX,direct_dataco_customer,Direct mapping from DataCo Customer Id to Nelson DSS customer_id.
C000176,4627,DataCo SMART Supply Chain,Eric Lang,XXXXXXXXX,direct_dataco_customer,Direct mapping from DataCo Customer Id to Nelson DSS customer_id.
C000177,3259,DataCo SMART Supply Chain,Mary Gallegos,XXXXXXXXX,direct_dataco_customer,Direct mapping from DataCo Customer Id to Nelson DSS customer_id.
C000178,172,DataCo SMART Supply Chain,Lauren Rush,XXXXXXXXX,direct_dataco_customer,Direct mapping from DataCo Customer Id to Nelson DSS customer_id.
C000179,6143,DataCo SMART Supply Chain,Deborah Barber,XXXXXXXXX,direct_dataco_customer,Direct mapping from DataCo Customer Id to Nelson DSS customer_id.
C000180,5778,DataCo SMART Supply Chain,Evelyn Smith,XXXXXXXXX,direct_dataco_customer,Direct mapping from DataCo Customer Id to Nelson DSS customer_id.
C000181,10111,DataCo SMART Supply Chain,Mary Garcia,XXXXXXXXX,direct_dataco_customer,Direct mapping from DataCo Customer Id to Nelson DSS customer_id.
C000182,1932,DataCo SMART Supply Chain,Shirley Perez,XXXXXXXXX,direct_dataco_customer,Direct mapping from DataCo Customer Id to Nelson DSS customer_id.
C000183,7857,DataCo SMART Supply Chain,Jean Bentley,XXXXXXXXX,direct_dataco_customer,Direct mapping from DataCo Customer Id to Nelson DSS customer_id.
C000184,1844,DataCo SMART Supply Chain,Teresa Smith,XXXXXXXXX,direct_dataco_customer,Direct mapping from DataCo Customer Id to Nelson DSS customer_id.
C000185,6953,DataCo SMART Supply Chain,Benjamin Smith,XXXXXXXXX,direct_dataco_customer,Direct mapping from DataCo Customer Id to Nelson DSS customer_id.
C000186,10601,DataCo SMART Supply Chain,Patrick Mayo,XXXXXXXXX,direct_dataco_customer,Direct mapping from DataCo Customer Id to Nelson DSS customer_id.
C000187,1537,DataCo SMART Supply Chain,Linda Murray,XXXXXXXXX,direct_dataco_customer,Direct mapping from DataCo Customer Id to Nelson DSS customer_id.
C000188,4181,DataCo SMART Supply Chain,Aaron Hudson,XXXXXXXXX,direct_dataco_customer,Direct mapping from DataCo Customer Id to Nelson DSS customer_id.
C000189,7597,DataCo SMART Supply Chain,Catherine Smith,XXXXXXXXX,direct_dataco_customer,Direct mapping from DataCo Customer Id to Nelson DSS customer_id.
C000190,7717,DataCo SMART Supply Chain,Terry Smith,XXXXXXXXX,direct_dataco_customer,Direct mapping from DataCo Customer Id to Nelson DSS customer_id.
C000191,10129,DataCo SMART Supply Chain,Mary Kidd,XXXXXXXXX,direct_dataco_customer,Direct mapping from DataCo Customer Id to Nelson DSS customer_id.
C000192,1136,DataCo SMART Supply Chain,Mary Smith,XXXXXXXXX,direct_dataco_customer,Direct mapping from DataCo Customer Id to Nelson DSS customer_id.
C000193,11132,DataCo SMART Supply Chain,Jonathan Washington,XXXXXXXXX,direct_dataco_customer,Direct mapping from DataCo Customer Id to Nelson DSS customer_id.
C000194,5560,DataCo SMART Supply Chain,Mary Rodriguez,XXXXXXXXX,direct_dataco_customer,Direct mapping from DataCo Customer Id to Nelson DSS customer_id.
C000195,11337,DataCo SMART Supply Chain,Mary Howell,XXXXXXXXX,direct_dataco_customer,Direct mapping from DataCo Customer Id to Nelson DSS customer_id.
C000196,1148,DataCo SMART Supply Chain,Mary Anderson,XXXXXXXXX,direct_dataco_customer,Direct mapping from DataCo Customer Id to Nelson DSS customer_id.
C000197,4394,DataCo SMART Supply Chain,Christopher Smith,XXXXXXXXX,direct_dataco_customer,Direct mapping from DataCo Customer Id to Nelson DSS customer_id.
C000198,11534,DataCo SMART Supply Chain,Mary Kim,XXXXXXXXX,direct_dataco_customer,Direct mapping from DataCo Customer Id to Nelson DSS customer_id.
C000199,12406,DataCo SMART Supply Chain,Mary Michael,XXXXXXXXX,direct_dataco_customer,Direct mapping from DataCo Customer Id to Nelson DSS customer_id.
C000200,11475,DataCo SMART Supply Chain,Mary Garner,XXXXXXXXX,direct_dataco_customer,Direct mapping from DataCo Customer Id to Nelson DSS customer_id.
C000201,5028,DataCo SMART Supply Chain,Joseph Lucero,XXXXXXXXX,direct_dataco_customer,Direct mapping from DataCo Customer Id to Nelson DSS customer_id.
C000202,2197,DataCo SMART Supply Chain,Joseph Smith,XXXXXXXXX,direct_dataco_customer,Direct mapping from DataCo Customer Id to Nelson DSS customer_id.
C000203,1107,DataCo SMART Supply Chain,Nicole Miller,XXXXXXXXX,direct_dataco_customer,Direct mapping from DataCo Customer Id to Nelson DSS customer_id.
C000204,10699,DataCo SMART Supply Chain,Mary Lee,XXXXXXXXX,direct_dataco_customer,Direct mapping from DataCo Customer Id to Nelson DSS customer_id.
C000205,9760,DataCo SMART Supply Chain,Mary Wolf,XXXXXXXXX,direct_dataco_customer,Direct mapping from DataCo Customer Id to Nelson DSS customer_id.
C000206,2229,DataCo SMART Supply Chain,Mary Hunt,XXXXXXXXX,direct_dataco_customer,Direct mapping from DataCo Customer Id to Nelson DSS customer_id.
C000207,1445,DataCo SMART Supply Chain,Linda Ortiz,XXXXXXXXX,direct_dataco_customer,Direct mapping from DataCo Customer Id to Nelson DSS customer_id.
C000208,8861,DataCo SMART Supply Chain,Mary Smith,XXXXXXXXX,direct_dataco_customer,Direct mapping from DataCo Customer Id to Nelson DSS customer_id.
C000209,7633,DataCo SMART Supply Chain,Emily Smith,XXXXXXXXX,direct_dataco_customer,Direct mapping from DataCo Customer Id to Nelson DSS customer_id.
C000210,6664,DataCo SMART Supply Chain,Mary Hall,XXXXXXXXX,direct_dataco_customer,Direct mapping from DataCo Customer Id to Nelson DSS customer_id.
C000211,11985,DataCo SMART Supply Chain,Jennifer Moss,XXXXXXXXX,direct_dataco_customer,Direct mapping from DataCo Customer Id to Nelson DSS customer_id.
C000212,4659,DataCo SMART Supply Chain,Paul Smith,XXXXXXXXX,direct_dataco_customer,Direct mapping from DataCo Customer Id to Nelson DSS customer_id.
C000213,4530,DataCo SMART Supply Chain,Mary Smith,XXXXXXXXX,direct_dataco_customer,Direct mapping from DataCo Customer Id to Nelson DSS customer_id.
C000214,11887,DataCo SMART Supply Chain,Christopher Smith,XXXXXXXXX,direct_dataco_customer,Direct mapping from DataCo Customer Id to Nelson DSS customer_id.
C000215,5015,DataCo SMART Supply Chain,Mary Gutierrez,XXXXXXXXX,direct_dataco_customer,Direct mapping from DataCo Customer Id to Nelson DSS customer_id.
C000216,7001,DataCo SMART Supply Chain,Mary Weeks,XXXXXXXXX,direct_dataco_customer,Direct mapping from DataCo Customer Id to Nelson DSS customer_id.
C000217,5875,DataCo SMART Supply Chain,Mary Rodgers,XXXXXXXXX,direct_dataco_customer,Direct mapping from DataCo Customer Id to Nelson DSS customer_id.
C000218,12221,DataCo SMART Supply Chain,Betty Sanchez,XXXXXXXXX,direct_dataco_customer,Direct mapping from DataCo Customer Id to Nelson DSS customer_id.
C000219,7305,DataCo SMART Supply Chain,David Smith,XXXXXXXXX,direct_dataco_customer,Direct mapping from DataCo Customer Id to Nelson DSS customer_id.
C000220,2220,DataCo SMART Supply Chain,James Smith,XXXXXXXXX,direct_dataco_customer,Direct mapping from DataCo Customer Id to Nelson DSS customer_id.
C000221,197,DataCo SMART Supply Chain,Ruth Smith,XXXXXXXXX,direct_dataco_customer,Direct mapping from DataCo Customer Id to Nelson DSS customer_id.
C000222,11733,DataCo SMART Supply Chain,Christopher Chan,XXXXXXXXX,direct_dataco_customer,Direct mapping from DataCo Customer Id to Nelson DSS customer_id.
C000223,6587,DataCo SMART Supply Chain,Heather Henson,XXXXXXXXX,direct_dataco_customer,Direct mapping from DataCo Customer Id to Nelson DSS customer_id.
C000224,1417,DataCo SMART Supply Chain,Rachel Smith,XXXXXXXXX,direct_dataco_customer,Direct mapping from DataCo Customer Id to Nelson DSS customer_id.
C000225,8522,DataCo SMART Supply Chain,Mary Smith,XXXXXXXXX,direct_dataco_customer,Direct mapping from DataCo Customer Id to Nelson DSS customer_id.
C000226,3556,DataCo SMART Supply Chain,Mary Lane,XXXXXXXXX,direct_dataco_customer,Direct mapping from DataCo Customer Id to Nelson DSS customer_id.
C000227,11947,DataCo SMART Supply Chain,Mary Smith,XXXXXXXXX,direct_dataco_customer,Direct mapping from DataCo Customer Id to Nelson DSS customer_id.
C000228,123,DataCo SMART Supply Chain,Mary Mann,XXXXXXXXX,direct_dataco_customer,Direct mapping from DataCo Customer Id to Nelson DSS customer_id.
C000229,2860,DataCo SMART Supply Chain,George Smith,XXXXXXXXX,direct_dataco_customer,Direct mapping from DataCo Customer Id to Nelson DSS customer_id.
C000230,5583,DataCo SMART Supply Chain,Mary Skinner,XXXXXXXXX,direct_dataco_customer,Direct mapping from DataCo Customer Id to Nelson DSS customer_id.
C000231,9502,DataCo SMART Supply Chain,Matthew Love,XXXXXXXXX,direct_dataco_customer,Direct mapping from DataCo Customer Id to Nelson DSS customer_id.
C000232,7852,DataCo SMART Supply Chain,Mary Greene,XXXXXXXXX,direct_dataco_customer,Direct mapping from DataCo Customer Id to Nelson DSS customer_id.
C000233,221,DataCo SMART Supply Chain,Mary Cox,XXXXXXXXX,direct_dataco_customer,Direct mapping from DataCo Customer Id to Nelson DSS customer_id.
C000234,6101,DataCo SMART Supply Chain,Mary Smith,XXXXXXXXX,direct_dataco_customer,Direct mapping from DataCo Customer Id to Nelson DSS customer_id.
C000235,7926,DataCo SMART Supply Chain,Bobby Castillo,XXXXXXXXX,direct_dataco_customer,Direct mapping from DataCo Customer Id to Nelson DSS customer_id.
C000236,1826,DataCo SMART Supply Chain,Matthew Smith,XXXXXXXXX,direct_dataco_customer,Direct mapping from DataCo Customer Id to Nelson DSS customer_id.
C000237,938,DataCo SMART Supply Chain,Cheryl Smith,XXXXXXXXX,direct_dataco_customer,Direct mapping from DataCo Customer Id to Nelson DSS customer_id.
C000238,2330,DataCo SMART Supply Chain,Sharon Sellers,XXXXXXXXX,direct_dataco_customer,Direct mapping from DataCo Customer Id to Nelson DSS customer_id.
C000239,7273,DataCo SMART Supply Chain,Mary Smith,XXXXXXXXX,direct_dataco_customer,Direct mapping from DataCo Customer Id to Nelson DSS customer_id.
C000240,1948,DataCo SMART Supply Chain,Peter Smith,XXXXXXXXX,direct_dataco_customer,Direct mapping from DataCo Customer Id to Nelson DSS customer_id.
C000241,7211,DataCo SMART Supply Chain,Kathleen Smith,XXXXXXXXX,direct_dataco_customer,Direct mapping from DataCo Customer Id to Nelson DSS customer_id.
C000242,685,DataCo SMART Supply Chain,Crystal Smith,XXXXXXXXX,direct_dataco_customer,Direct mapping from DataCo Customer Id to Nelson DSS customer_id.
C000243,9504,DataCo SMART Supply Chain,Mary Smith,XXXXXXXXX,direct_dataco_customer,Direct mapping from DataCo Customer Id to Nelson DSS customer_id.
C000244,5952,DataCo SMART Supply Chain,Jacob Smith,XXXXXXXXX,direct_dataco_customer,Direct mapping from DataCo Customer Id to Nelson DSS customer_id.
C000245,1747,DataCo SMART Supply Chain,Mary Booker,XXXXXXXXX,direct_dataco_customer,Direct mapping from DataCo Customer Id to Nelson DSS customer_id.
C000246,2773,DataCo SMART Supply Chain,Linda Hale,XXXXXXXXX,direct_dataco_customer,Direct mapping from DataCo Customer Id to Nelson DSS customer_id.
C000247,10375,DataCo SMART Supply Chain,Joan James,XXXXXXXXX,direct_dataco_customer,Direct mapping from DataCo Customer Id to Nelson DSS customer_id.
C000248,5054,DataCo SMART Supply Chain,Paul Thomas,XXXXXXXXX,direct_dataco_customer,Direct mapping from DataCo Customer Id to Nelson DSS customer_id.
C000249,1426,DataCo SMART Supply Chain,Mary Conner,XXXXXXXXX,direct_dataco_customer,Direct mapping from DataCo Customer Id to Nelson DSS customer_id.
C000250,6660,DataCo SMART Supply Chain,Christine Smith,XXXXXXXXX,direct_dataco_customer,Direct mapping from DataCo Customer Id to Nelson DSS customer_id.
C000251,11218,DataCo SMART Supply Chain,Louis Novak,XXXXXXXXX,direct_dataco_customer,Direct mapping from DataCo Customer Id to Nelson DSS customer_id.
C000252,2626,DataCo SMART Supply Chain,Laura Smith,XXXXXXXXX,direct_dataco_customer,Direct mapping from DataCo Customer Id to Nelson DSS customer_id.
C000253,4460,DataCo SMART Supply Chain,Mary Smith,XXXXXXXXX,direct_dataco_customer,Direct mapping from DataCo Customer Id to Nelson DSS customer_id.
C000254,11738,DataCo SMART Supply Chain,Samuel Bryan,XXXXXXXXX,direct_dataco_customer,Direct mapping from DataCo Customer Id to Nelson DSS customer_id.
C000255,11156,DataCo SMART Supply Chain,Jessica Valdez,XXXXXXXXX,direct_dataco_customer,Direct mapping from DataCo Customer Id to Nelson DSS customer_id.
C000256,11833,DataCo SMART Supply Chain,Mary Weaver,XXXXXXXXX,direct_dataco_customer,Direct mapping from DataCo Customer Id to Nelson DSS customer_id.
C000257,7460,DataCo SMART Supply Chain,Ethan Smith,XXXXXXXXX,direct_dataco_customer,Direct mapping from DataCo Customer Id to Nelson DSS customer_id.
C000258,8016,DataCo SMART Supply Chain,Patricia Smith,XXXXXXXXX,direct_dataco_customer,Direct mapping from DataCo Customer Id to Nelson DSS customer_id.
C000259,2389,DataCo SMART Supply Chain,Mary Smith,XXXXXXXXX,direct_dataco_customer,Direct mapping from DataCo Customer Id to Nelson DSS customer_id.
C000260,3303,DataCo SMART Supply Chain,Mary Robinson,XXXXXXXXX,direct_dataco_customer,Direct mapping from DataCo Customer Id to Nelson DSS customer_id.
C000261,6643,DataCo SMART Supply Chain,Nicholas Smith,XXXXXXXXX,direct_dataco_customer,Direct mapping from DataCo Customer Id to Nelson DSS customer_id.
C000262,11134,DataCo SMART Supply Chain,Robert Lopez,XXXXXXXXX,direct_dataco_customer,Direct mapping from DataCo Customer Id to Nelson DSS customer_id.
C000263,6137,DataCo SMART Supply Chain,Eric Smith,XXXXXXXXX,direct_dataco_customer,Direct mapping from DataCo Customer Id to Nelson DSS customer_id.
C000264,10610,DataCo SMART Supply Chain,Nancy Bryant,XXXXXXXXX,direct_dataco_customer,Direct mapping from DataCo Customer Id to Nelson DSS customer_id.
C000265,9928,DataCo SMART Supply Chain,Mary Smith,XXXXXXXXX,direct_dataco_customer,Direct mapping from DataCo Customer Id to Nelson DSS customer_id.
C000266,7789,DataCo SMART Supply Chain,Mary Sullivan,XXXXXXXXX,direct_dataco_customer,Direct mapping from DataCo Customer Id to Nelson DSS customer_id.
C000267,8156,DataCo SMART Supply Chain,Hannah Smith,XXXXXXXXX,direct_dataco_customer,Direct mapping from DataCo Customer Id to Nelson DSS customer_id.
C000268,11295,DataCo SMART Supply Chain,Mary Ayala,XXXXXXXXX,direct_dataco_customer,Direct mapping from DataCo Customer Id to Nelson DSS customer_id.
C000269,2021,DataCo SMART Supply Chain,Theresa Smith,XXXXXXXXX,direct_dataco_customer,Direct mapping from DataCo Customer Id to Nelson DSS customer_id.
C000270,6474,DataCo SMART Supply Chain,Madison Smith,XXXXXXXXX,direct_dataco_customer,Direct mapping from DataCo Customer Id to Nelson DSS customer_id.
C000271,6213,DataCo SMART Supply Chain,Michael Richardson,XXXXXXXXX,direct_dataco_customer,Direct mapping from DataCo Customer Id to Nelson DSS customer_id.
C000272,8652,DataCo SMART Supply Chain,Kenneth Newman,XXXXXXXXX,direct_dataco_customer,Direct mapping from DataCo Customer Id to Nelson DSS customer_id.
C000273,2303,DataCo SMART Supply Chain,Brittany Smith,XXXXXXXXX,direct_dataco_customer,Direct mapping from DataCo Customer Id to Nelson DSS customer_id.
C000274,11931,DataCo SMART Supply Chain,Elizabeth Howell,XXXXXXXXX,direct_dataco_customer,Direct mapping from DataCo Customer Id to Nelson DSS customer_id.
C000275,5477,DataCo SMART Supply Chain,Mary Smith,XXXXXXXXX,direct_dataco_customer,Direct mapping from DataCo Customer Id to Nelson DSS customer_id.
C000276,10198,DataCo SMART Supply Chain,Mary Smith,XXXXXXXXX,direct_dataco_customer,Direct mapping from DataCo Customer Id to Nelson DSS customer_id.
C000277,10108,DataCo SMART Supply Chain,Jose Smith,XXXXXXXXX,direct_dataco_customer,Direct mapping from DataCo Customer Id to Nelson DSS customer_id.
C000278,4599,DataCo SMART Supply Chain,Mary Smith,XXXXXXXXX,direct_dataco_customer,Direct mapping from DataCo Customer Id to Nelson DSS customer_id.
C000279,8052,DataCo SMART Supply Chain,Pamela Smith,XXXXXXXXX,direct_dataco_customer,Direct mapping from DataCo Customer Id to Nelson DSS customer_id.
C000280,4588,DataCo SMART Supply Chain,Melissa Rosario,XXXXXXXXX,direct_dataco_customer,Direct mapping from DataCo Customer Id to Nelson DSS customer_id.
C000281,1285,DataCo SMART Supply Chain,Ruth Petersen,XXXXXXXXX,direct_dataco_customer,Direct mapping from DataCo Customer Id to Nelson DSS customer_id.
C000282,5491,DataCo SMART Supply Chain,Sharon Smith,XXXXXXXXX,direct_dataco_customer,Direct mapping from DataCo Customer Id to Nelson DSS customer_id.
C000283,8380,DataCo SMART Supply Chain,Brittany Smith,XXXXXXXXX,direct_dataco_customer,Direct mapping from DataCo Customer Id to Nelson DSS customer_id.
C000284,3031,DataCo SMART Supply Chain,Carol Smith,XXXXXXXXX,direct_dataco_customer,Direct mapping from DataCo Customer Id to Nelson DSS customer_id.
C000285,12094,DataCo SMART Supply Chain,Mary Smith,XXXXXXXXX,direct_dataco_customer,Direct mapping from DataCo Customer Id to Nelson DSS customer_id.
C000286,11112,DataCo SMART Supply Chain,Jessica Cowan,XXXXXXXXX,direct_dataco_customer,Direct mapping from DataCo Customer Id to Nelson DSS customer_id.
C000287,1824,DataCo SMART Supply Chain,Julia Tucker,XXXXXXXXX,direct_dataco_customer,Direct mapping from DataCo Customer Id to Nelson DSS customer_id.
C000288,5519,DataCo SMART Supply Chain,Deborah Archer,XXXXXXXXX,direct_dataco_customer,Direct mapping from DataCo Customer Id to Nelson DSS customer_id.
C000289,6893,DataCo SMART Supply Chain,Deborah Smith,XXXXXXXXX,direct_dataco_customer,Direct mapping from DataCo Customer Id to Nelson DSS customer_id.
C000290,10672,DataCo SMART Supply Chain,Mary Smith,XXXXXXXXX,direct_dataco_customer,Direct mapping from DataCo Customer Id to Nelson DSS customer_id.
C000291,5138,DataCo SMART Supply Chain,William Rivera,XXXXXXXXX,direct_dataco_customer,Direct mapping from DataCo Customer Id to Nelson DSS customer_id.
C000292,10707,DataCo SMART Supply Chain,Mary Hansen,XXXXXXXXX,direct_dataco_customer,Direct mapping from DataCo Customer Id to Nelson DSS customer_id.
C000293,10761,DataCo SMART Supply Chain,David Smith,XXXXXXXXX,direct_dataco_customer,Direct mapping from DataCo Customer Id to Nelson DSS customer_id.
C000294,1578,DataCo SMART Supply Chain,Lisa Harper,XXXXXXXXX,direct_dataco_customer,Direct mapping from DataCo Customer Id to Nelson DSS customer_id.
C000295,8511,DataCo SMART Supply Chain,Mary Smith,XXXXXXXXX,direct_dataco_customer,Direct mapping from DataCo Customer Id to Nelson DSS customer_id.
C000296,7664,DataCo SMART Supply Chain,Brandon Walker,XXXXXXXXX,direct_dataco_customer,Direct mapping from DataCo Customer Id to Nelson DSS customer_id.
C000297,1636,DataCo SMART Supply Chain,Julie Petersen,XXXXXXXXX,direct_dataco_customer,Direct mapping from DataCo Customer Id to Nelson DSS customer_id.
C000298,9107,DataCo SMART Supply Chain,Mark Nunez,XXXXXXXXX,direct_dataco_customer,Direct mapping from DataCo Customer Id to Nelson DSS customer_id.
C000299,7060,DataCo SMART Supply Chain,Virginia Carroll,XXXXXXXXX,direct_dataco_customer,Direct mapping from DataCo Customer Id to Nelson DSS customer_id.
C000300,9597,DataCo SMART Supply Chain,Lori Perez,XXXXXXXXX,direct_dataco_customer,Direct mapping from DataCo Customer Id to Nelson DSS customer_id.
C000301,7435,DataCo SMART Supply Chain,Susan Smith,XXXXXXXXX,direct_dataco_customer,Direct mapping from DataCo Customer Id to Nelson DSS customer_id.
C000302,4517,DataCo SMART Supply Chain,Mary Cline,XXXXXXXXX,direct_dataco_customer,Direct mapping from DataCo Customer Id to Nelson DSS customer_id.
C000303,8078,DataCo SMART Supply Chain,Janet Thomas,XXXXXXXXX,direct_dataco_customer,Direct mapping from DataCo Customer Id to Nelson DSS customer_id.
C000304,5321,DataCo SMART Supply Chain,Robert Rowe,XXXXXXXXX,direct_dataco_customer,Direct mapping from DataCo Customer Id to Nelson DSS customer_id.
C000305,6266,DataCo SMART Supply Chain,Deborah Hunter,XXXXXXXXX,direct_dataco_customer,Direct mapping from DataCo Customer Id to Nelson DSS customer_id.
C000306,6130,DataCo SMART Supply Chain,Donald Rodriguez,XXXXXXXXX,direct_dataco_customer,Direct mapping from DataCo Customer Id to Nelson DSS customer_id.
C000307,3781,DataCo SMART Supply Chain,Richard Lara,XXXXXXXXX,direct_dataco_customer,Direct mapping from DataCo Customer Id to Nelson DSS customer_id.
C000308,8664,DataCo SMART Supply Chain,Mary Smith,XXXXXXXXX,direct_dataco_customer,Direct mapping from DataCo Customer Id to Nelson DSS customer_id.
C000309,11305,DataCo SMART Supply Chain,Mary Hartman,XXXXXXXXX,direct_dataco_customer,Direct mapping from DataCo Customer Id to Nelson DSS customer_id.
C000310,9740,DataCo SMART Supply Chain,Mary Smith,XXXXXXXXX,direct_dataco_customer,Direct mapping from DataCo Customer Id to Nelson DSS customer_id.
C000311,3038,DataCo SMART Supply Chain,Mary Schmidt,XXXXXXXXX,direct_dataco_customer,Direct mapping from DataCo Customer Id to Nelson DSS customer_id.
C000312,8071,DataCo SMART Supply Chain,Gary Baker,XXXXXXXXX,direct_dataco_customer,Direct mapping from DataCo Customer Id to Nelson DSS customer_id.
C000313,4454,DataCo SMART Supply Chain,Robert Smith,XXXXXXXXX,direct_dataco_customer,Direct mapping from DataCo Customer Id to Nelson DSS customer_id.
C000314,10008,DataCo SMART Supply Chain,Arthur Garrison,XXXXXXXXX,direct_dataco_customer,Direct mapping from DataCo Customer Id to Nelson DSS customer_id.
C000315,1979,DataCo SMART Supply Chain,Kimberly Kramer,XXXXXXXXX,direct_dataco_customer,Direct mapping from DataCo Customer Id to Nelson DSS customer_id.
C000316,9833,DataCo SMART Supply Chain,Jacob Smith,XXXXXXXXX,direct_dataco_customer,Direct mapping from DataCo Customer Id to Nelson DSS customer_id.
C000317,4290,DataCo SMART Supply Chain,Lori Davis,XXXXXXXXX,direct_dataco_customer,Direct mapping from DataCo Customer Id to Nelson DSS customer_id.
C000318,11884,DataCo SMART Supply Chain,Evelyn Contreras,XXXXXXXXX,direct_dataco_customer,Direct mapping from DataCo Customer Id to Nelson DSS customer_id.
C000319,3983,DataCo SMART Supply Chain,Mary Smith,XXXXXXXXX,direct_dataco_customer,Direct mapping from DataCo Customer Id to Nelson DSS customer_id.
C000320,5175,DataCo SMART Supply Chain,Mary Sullivan,XXXXXXXXX,direct_dataco_customer,Direct mapping from DataCo Customer Id to Nelson DSS customer_id.
C000321,1664,DataCo SMART Supply Chain,Mary Arnold,XXXXXXXXX,direct_dataco_customer,Direct mapping from DataCo Customer Id to Nelson DSS customer_id.
C000322,5752,DataCo SMART Supply Chain,Barbara Smith,XXXXXXXXX,direct_dataco_customer,Direct mapping from DataCo Customer Id to Nelson DSS customer_id.
C000323,4980,DataCo SMART Supply Chain,Mary Wilson,XXXXXXXXX,direct_dataco_customer,Direct mapping from DataCo Customer Id to Nelson DSS customer_id.
C000324,3800,DataCo SMART Supply Chain,Shawn Smith,XXXXXXXXX,direct_dataco_customer,Direct mapping from DataCo Customer Id to Nelson DSS customer_id.
C000325,291,DataCo SMART Supply Chain,John Smith,XXXXXXXXX,direct_dataco_customer,Direct mapping from DataCo Customer Id to Nelson DSS customer_id.
C000326,10185,DataCo SMART Supply Chain,Austin Buck,XXXXXXXXX,direct_dataco_customer,Direct mapping from DataCo Customer Id to Nelson DSS customer_id.
C000327,7190,DataCo SMART Supply Chain,Mary Mckinney,XXXXXXXXX,direct_dataco_customer,Direct mapping from DataCo Customer Id to Nelson DSS customer_id.
C000328,4697,DataCo SMART Supply Chain,Kathryn Singh,XXXXXXXXX,direct_dataco_customer,Direct mapping from DataCo Customer Id to Nelson DSS customer_id.
C000329,3735,DataCo SMART Supply Chain,Mary Lewis,XXXXXXXXX,direct_dataco_customer,Direct mapping from DataCo Customer Id to Nelson DSS customer_id.
C000330,2462,DataCo SMART Supply Chain,Lawrence Kent,XXXXXXXXX,direct_dataco_customer,Direct mapping from DataCo Customer Id to Nelson DSS customer_id.
C000331,8524,DataCo SMART Supply Chain,Ruth Farrell,XXXXXXXXX,direct_dataco_customer,Direct mapping from DataCo Customer Id to Nelson DSS customer_id.
C000332,697,DataCo SMART Supply Chain,Harold Pratt,XXXXXXXXX,direct_dataco_customer,Direct mapping from DataCo Customer Id to Nelson DSS customer_id.
C000333,12,DataCo SMART Supply Chain,Christopher Smith,XXXXXXXXX,direct_dataco_customer,Direct mapping from DataCo Customer Id to Nelson DSS customer_id.
C000334,8847,DataCo SMART Supply Chain,Ruth Brown,XXXXXXXXX,direct_dataco_customer,Direct mapping from DataCo Customer Id to Nelson DSS customer_id.
C000335,12205,DataCo SMART Supply Chain,Roy Smith,XXXXXXXXX,direct_dataco_customer,Direct mapping from DataCo Customer Id to Nelson DSS customer_id.
C000336,2537,DataCo SMART Supply Chain,Mary Smith,XXXXXXXXX,direct_dataco_customer,Direct mapping from DataCo Customer Id to Nelson DSS customer_id.
C000337,11901,DataCo SMART Supply Chain,Mary Smith,XXXXXXXXX,direct_dataco_customer,Direct mapping from DataCo Customer Id to Nelson DSS customer_id.
C000338,1014,DataCo SMART Supply Chain,Mary Maxwell,XXXXXXXXX,direct_dataco_customer,Direct mapping from DataCo Customer Id to Nelson DSS customer_id.
C000339,8192,DataCo SMART Supply Chain,Kathryn Marshall,XXXXXXXXX,direct_dataco_customer,Direct mapping from DataCo Customer Id to Nelson DSS customer_id.
C000340,1972,DataCo SMART Supply Chain,Marilyn Smith,XXXXXXXXX,direct_dataco_customer,Direct mapping from DataCo Customer Id to Nelson DSS customer_id.
C000341,11422,DataCo SMART Supply Chain,Mary Jones,XXXXXXXXX,direct_dataco_customer,Direct mapping from DataCo Customer Id to Nelson DSS customer_id.
C000342,4936,DataCo SMART Supply Chain,Kyle Smith,XXXXXXXXX,direct_dataco_customer,Direct mapping from DataCo Customer Id to Nelson DSS customer_id.
C000343,2842,DataCo SMART Supply Chain,Charles Johnson,XXXXXXXXX,direct_dataco_customer,Direct mapping from DataCo Customer Id to Nelson DSS customer_id.
C000344,2625,DataCo SMART Supply Chain,Betty Wyatt,XXXXXXXXX,direct_dataco_customer,Direct mapping from DataCo Customer Id to Nelson DSS customer_id.
C000345,10634,DataCo SMART Supply Chain,Mary King,XXXXXXXXX,direct_dataco_customer,Direct mapping from DataCo Customer Id to Nelson DSS customer_id.
C000346,12235,DataCo SMART Supply Chain,Jane Smith,XXXXXXXXX,direct_dataco_customer,Direct mapping from DataCo Customer Id to Nelson DSS customer_id.
C000347,9213,DataCo SMART Supply Chain,Jennifer Williamson,XXXXXXXXX,direct_dataco_customer,Direct mapping from DataCo Customer Id to Nelson DSS customer_id.
C000348,1782,DataCo SMART Supply Chain,Robert Smith,XXXXXXXXX,direct_dataco_customer,Direct mapping from DataCo Customer Id to Nelson DSS customer_id.
C000349,10635,DataCo SMART Supply Chain,Donna Torres,XXXXXXXXX,direct_dataco_customer,Direct mapping from DataCo Customer Id to Nelson DSS customer_id.
C000350,1054,DataCo SMART Supply Chain,Barbara Cooley,XXXXXXXXX,direct_dataco_customer,Direct mapping from DataCo Customer Id to Nelson DSS customer_id.
C000351,7278,DataCo SMART Supply Chain,Mary Liu,XXXXXXXXX,direct_dataco_customer,Direct mapping from DataCo Customer Id to Nelson DSS customer_id.
C000352,10447,DataCo SMART Supply Chain,Mary Smith,XXXXXXXXX,direct_dataco_customer,Direct mapping from DataCo Customer Id to Nelson DSS customer_id.
C000353,2180,DataCo SMART Supply Chain,Shirley Smith,XXXXXXXXX,direct_dataco_customer,Direct mapping from DataCo Customer Id to Nelson DSS customer_id.
C000354,10013,DataCo SMART Supply Chain,Jessica Smith,XXXXXXXXX,direct_dataco_customer,Direct mapping from DataCo Customer Id to Nelson DSS customer_id.
C000355,5682,DataCo SMART Supply Chain,Mary Proctor,XXXXXXXXX,direct_dataco_customer,Direct mapping from DataCo Customer Id to Nelson DSS customer_id.
C000356,12329,DataCo SMART Supply Chain,Scott Norman,XXXXXXXXX,direct_dataco_customer,Direct mapping from DataCo Customer Id to Nelson DSS customer_id.
C000357,3099,DataCo SMART Supply Chain,Brittany Copeland,XXXXXXXXX,direct_dataco_customer,Direct mapping from DataCo Customer Id to Nelson DSS customer_id.
C000358,4150,DataCo SMART Supply Chain,Jordan Riley,XXXXXXXXX,direct_dataco_customer,Direct mapping from DataCo Customer Id to Nelson DSS customer_id.
C000359,7432,DataCo SMART Supply Chain,Betty Smith,XXXXXXXXX,direct_dataco_customer,Direct mapping from DataCo Customer Id to Nelson DSS customer_id.
C000360,6623,DataCo SMART Supply Chain,Christian Turner,XXXXXXXXX,direct_dataco_customer,Direct mapping from DataCo Customer Id to Nelson DSS customer_id.
C000361,1149,DataCo SMART Supply Chain,Cynthia Harper,XXXXXXXXX,direct_dataco_customer,Direct mapping from DataCo Customer Id to Nelson DSS customer_id.
C000362,1937,DataCo SMART Supply Chain,Mary Werner,XXXXXXXXX,direct_dataco_customer,Direct mapping from DataCo Customer Id to Nelson DSS customer_id.
C000363,3635,DataCo SMART Supply Chain,Catherine Flowers,XXXXXXXXX,direct_dataco_customer,Direct mapping from DataCo Customer Id to Nelson DSS customer_id.
C000364,10982,DataCo SMART Supply Chain,Joan Harris,XXXXXXXXX,direct_dataco_customer,Direct mapping from DataCo Customer Id to Nelson DSS customer_id.
C000365,3529,DataCo SMART Supply Chain,Victoria Weaver,XXXXXXXXX,direct_dataco_customer,Direct mapping from DataCo Customer Id to Nelson DSS customer_id.
C000366,1721,DataCo SMART Supply Chain,Jeremy Hart,XXXXXXXXX,direct_dataco_customer,Direct mapping from DataCo Customer Id to Nelson DSS customer_id.
C000367,5446,DataCo SMART Supply Chain,Mary Smith,XXXXXXXXX,direct_dataco_customer,Direct mapping from DataCo Customer Id to Nelson DSS customer_id.
C000368,3257,DataCo SMART Supply Chain,Julia Mcconnell,XXXXXXXXX,direct_dataco_customer,Direct mapping from DataCo Customer Id to Nelson DSS customer_id.
C000369,9153,DataCo SMART Supply Chain,Sharon Jenkins,XXXXXXXXX,direct_dataco_customer,Direct mapping from DataCo Customer Id to Nelson DSS customer_id.
C000370,542,DataCo SMART Supply Chain,Mary Smith,XXXXXXXXX,direct_dataco_customer,Direct mapping from DataCo Customer Id to Nelson DSS customer_id.
C000371,3337,DataCo SMART Supply Chain,Jeffrey Smith,XXXXXXXXX,direct_dataco_customer,Direct mapping from DataCo Customer Id to Nelson DSS customer_id.
C000372,4514,DataCo SMART Supply Chain,Carl Nicholson,XXXXXXXXX,direct_dataco_customer,Direct mapping from DataCo Customer Id to Nelson DSS customer_id.
C000373,2205,DataCo SMART Supply Chain,Wayne Rodriguez,XXXXXXXXX,direct_dataco_customer,Direct mapping from DataCo Customer Id to Nelson DSS customer_id.
C000374,12106,DataCo SMART Supply Chain,Mary Smith,XXXXXXXXX,direct_dataco_customer,Direct mapping from DataCo Customer Id to Nelson DSS customer_id.
C000375,634,DataCo SMART Supply Chain,Jack Edwards,XXXXXXXXX,direct_dataco_customer,Direct mapping from DataCo Customer Id to Nelson DSS customer_id.
C000376,5904,DataCo SMART Supply Chain,Catherine Peterson,XXXXXXXXX,direct_dataco_customer,Direct mapping from DataCo Customer Id to Nelson DSS customer_id.
C000377,3498,DataCo SMART Supply Chain,Elizabeth Ramos,XXXXXXXXX,direct_dataco_customer,Direct mapping from DataCo Customer Id to Nelson DSS customer_id.
C000378,8920,DataCo SMART Supply Chain,Linda Smith,XXXXXXXXX,direct_dataco_customer,Direct mapping from DataCo Customer Id to Nelson DSS customer_id.
C000379,3603,DataCo SMART Supply Chain,Susan Smith,XXXXXXXXX,direct_dataco_customer,Direct mapping from DataCo Customer Id to Nelson DSS customer_id.
C000380,5739,DataCo SMART Supply Chain,Mary Palmer,XXXXXXXXX,direct_dataco_customer,Direct mapping from DataCo Customer Id to Nelson DSS customer_id.
C000381,7744,DataCo SMART Supply Chain,Kathleen Kelley,XXXXXXXXX,direct_dataco_customer,Direct mapping from DataCo Customer Id to Nelson DSS customer_id.
C000382,7457,DataCo SMART Supply Chain,Cheryl Smith,XXXXXXXXX,direct_dataco_customer,Direct mapping from DataCo Customer Id to Nelson DSS customer_id.
C000383,5395,DataCo SMART Supply Chain,Mary Bell,XXXXXXXXX,direct_dataco_customer,Direct mapping from DataCo Customer Id to Nelson DSS customer_id.
C000384,10831,DataCo SMART Supply Chain,Larry Smith,XXXXXXXXX,direct_dataco_customer,Direct mapping from DataCo Customer Id to Nelson DSS customer_id.
C000385,2708,DataCo SMART Supply Chain,Jennifer Dominguez,XXXXXXXXX,direct_dataco_customer,Direct mapping from DataCo Customer Id to Nelson DSS customer_id.
C000386,688,DataCo SMART Supply Chain,Kathy Gross,XXXXXXXXX,direct_dataco_customer,Direct mapping from DataCo Customer Id to Nelson DSS customer_id.
C000387,8090,DataCo SMART Supply Chain,Mary Martinez,XXXXXXXXX,direct_dataco_customer,Direct mapping from DataCo Customer Id to Nelson DSS customer_id.
C000388,9590,DataCo SMART Supply Chain,Adam Smith,XXXXXXXXX,direct_dataco_customer,Direct mapping from DataCo Customer Id to Nelson DSS customer_id.
C000389,9377,DataCo SMART Supply Chain,Carol Leach,XXXXXXXXX,direct_dataco_customer,Direct mapping from DataCo Customer Id to Nelson DSS customer_id.
C000390,6970,DataCo SMART Supply Chain,Helen Long,XXXXXXXXX,direct_dataco_customer,Direct mapping from DataCo Customer Id to Nelson DSS customer_id.
C000391,5197,DataCo SMART Supply Chain,Brenda Jordan,XXXXXXXXX,direct_dataco_customer,Direct mapping from DataCo Customer Id to Nelson DSS customer_id.
C000392,9871,DataCo SMART Supply Chain,Jonathan Smith,XXXXXXXXX,direct_dataco_customer,Direct mapping from DataCo Customer Id to Nelson DSS customer_id.
C000393,6959,DataCo SMART Supply Chain,Joan Lin,XXXXXXXXX,direct_dataco_customer,Direct mapping from DataCo Customer Id to Nelson DSS customer_id.
C000394,2564,DataCo SMART Supply Chain,Phillip Smith,XXXXXXXXX,direct_dataco_customer,Direct mapping from DataCo Customer Id to Nelson DSS customer_id.
C000395,1100,DataCo SMART Supply Chain,Megan Moyer,XXXXXXXXX,direct_dataco_customer,Direct mapping from DataCo Customer Id to Nelson DSS customer_id.
C000396,6473,DataCo SMART Supply Chain,Mary Castillo,XXXXXXXXX,direct_dataco_customer,Direct mapping from DataCo Customer Id to Nelson DSS customer_id.
C000397,5755,DataCo SMART Supply Chain,Marie Shah,XXXXXXXXX,direct_dataco_customer,Direct mapping from DataCo Customer Id to Nelson DSS customer_id.
C000398,1379,DataCo SMART Supply Chain,Raymond Harvey,XXXXXXXXX,direct_dataco_customer,Direct mapping from DataCo Customer Id to Nelson DSS customer_id.
C000399,8368,DataCo SMART Supply Chain,Susan Smith,XXXXXXXXX,direct_dataco_customer,Direct mapping from DataCo Customer Id to Nelson DSS customer_id.
C000400,3373,DataCo SMART Supply Chain,Mary Willis,XXXXXXXXX,direct_dataco_customer,Direct mapping from DataCo Customer Id to Nelson DSS customer_id.
C000401,3297,DataCo SMART Supply Chain,Bryan Lewis,XXXXXXXXX,direct_dataco_customer,Direct mapping from DataCo Customer Id to Nelson DSS customer_id.
C000402,8917,DataCo SMART Supply Chain,Mary Smith,XXXXXXXXX,direct_dataco_customer,Direct mapping from DataCo Customer Id to Nelson DSS customer_id.
C000403,194,DataCo SMART Supply Chain,Mary Bates,XXXXXXXXX,direct_dataco_customer,Direct mapping from DataCo Customer Id to Nelson DSS customer_id.
C000404,6862,DataCo SMART Supply Chain,Mary Taylor,XXXXXXXXX,direct_dataco_customer,Direct mapping from DataCo Customer Id to Nelson DSS customer_id.
C000405,3816,DataCo SMART Supply Chain,Dorothy Smith,XXXXXXXXX,direct_dataco_customer,Direct mapping from DataCo Customer Id to Nelson DSS customer_id.
C000406,8012,DataCo SMART Supply Chain,Gregory Smith,XXXXXXXXX,direct_dataco_customer,Direct mapping from DataCo Customer Id to Nelson DSS customer_id.
C000407,4770,DataCo SMART Supply Chain,Andrea Malone,XXXXXXXXX,direct_dataco_customer,Direct mapping from DataCo Customer Id to Nelson DSS customer_id.
C000408,633,DataCo SMART Supply Chain,Mary Campbell,XXXXXXXXX,direct_dataco_customer,Direct mapping from DataCo Customer Id to Nelson DSS customer_id.
C000409,1868,DataCo SMART Supply Chain,Mary Riddle,XXXXXXXXX,direct_dataco_customer,Direct mapping from DataCo Customer Id to Nelson DSS customer_id.
C000410,7082,DataCo SMART Supply Chain,Adam Blair,XXXXXXXXX,direct_dataco_customer,Direct mapping from DataCo Customer Id to Nelson DSS customer_id.
C000411,1535,DataCo SMART Supply Chain,Frank Livingston,XXXXXXXXX,direct_dataco_customer,Direct mapping from DataCo Customer Id to Nelson DSS customer_id.
C000412,1503,DataCo SMART Supply Chain,Mary Garner,XXXXXXXXX,direct_dataco_customer,Direct mapping from DataCo Customer Id to Nelson DSS customer_id.
C000413,6836,DataCo SMART Supply Chain,Virginia Smith,XXXXXXXXX,direct_dataco_customer,Direct mapping from DataCo Customer Id to Nelson DSS customer_id.
C000414,5570,DataCo SMART Supply Chain,Mary Smith,XXXXXXXXX,direct_dataco_customer,Direct mapping from DataCo Customer Id to Nelson DSS customer_id.
C000415,5821,DataCo SMART Supply Chain,Jessica Humphrey,XXXXXXXXX,direct_dataco_customer,Direct mapping from DataCo Customer Id to Nelson DSS customer_id.
C000416,8290,DataCo SMART Supply Chain,Benjamin Jennings,XXXXXXXXX,direct_dataco_customer,Direct mapping from DataCo Customer Id to Nelson DSS customer_id.
C000417,4596,DataCo SMART Supply Chain,Mary Burns,XXXXXXXXX,direct_dataco_customer,Direct mapping from DataCo Customer Id to Nelson DSS customer_id.
C000418,1222,DataCo SMART Supply Chain,Michael Garcia,XXXXXXXXX,direct_dataco_customer,Direct mapping from DataCo Customer Id to Nelson DSS customer_id.
C000419,5606,DataCo SMART Supply Chain,Teresa White,XXXXXXXXX,direct_dataco_customer,Direct mapping from DataCo Customer Id to Nelson DSS customer_id.
C000420,6230,DataCo SMART Supply Chain,Kenneth Cameron,XXXXXXXXX,direct_dataco_customer,Direct mapping from DataCo Customer Id to Nelson DSS customer_id.
C000421,7123,DataCo SMART Supply Chain,Carl Smith,XXXXXXXXX,direct_dataco_customer,Direct mapping from DataCo Customer Id to Nelson DSS customer_id.
C000422,8382,DataCo SMART Supply Chain,Joshua Mullins,XXXXXXXXX,direct_dataco_customer,Direct mapping from DataCo Customer Id to Nelson DSS customer_id.
C000423,6948,DataCo SMART Supply Chain,Mary Smith,XXXXXXXXX,direct_dataco_customer,Direct mapping from DataCo Customer Id to Nelson DSS customer_id.
C000424,6806,DataCo SMART Supply Chain,Catherine Guerra,XXXXXXXXX,direct_dataco_customer,Direct mapping from DataCo Customer Id to Nelson DSS customer_id.
C000425,6110,DataCo SMART Supply Chain,Mary Smith,XXXXXXXXX,direct_dataco_customer,Direct mapping from DataCo Customer Id to Nelson DSS customer_id.
C000426,8971,DataCo SMART Supply Chain,Mary Gill,XXXXXXXXX,direct_dataco_customer,Direct mapping from DataCo Customer Id to Nelson DSS customer_id.
C000427,5013,DataCo SMART Supply Chain,Mary Peters,XXXXXXXXX,direct_dataco_customer,Direct mapping from DataCo Customer Id to Nelson DSS customer_id.
C000428,8812,DataCo SMART Supply Chain,Mary Woodward,XXXXXXXXX,direct_dataco_customer,Direct mapping from DataCo Customer Id to Nelson DSS customer_id.
C000429,10612,DataCo SMART Supply Chain,Anna Smith,XXXXXXXXX,direct_dataco_customer,Direct mapping from DataCo Customer Id to Nelson DSS customer_id.
C000430,10845,DataCo SMART Supply Chain,John Smith,XXXXXXXXX,direct_dataco_customer,Direct mapping from DataCo Customer Id to Nelson DSS customer_id.
C000431,5097,DataCo SMART Supply Chain,Jennifer Moore,XXXXXXXXX,direct_dataco_customer,Direct mapping from DataCo Customer Id to Nelson DSS customer_id.
C000432,698,DataCo SMART Supply Chain,Mary Smith,XXXXXXXXX,direct_dataco_customer,Direct mapping from DataCo Customer Id to Nelson DSS customer_id.
C000433,8166,DataCo SMART Supply Chain,Patricia Smith,XXXXXXXXX,direct_dataco_customer,Direct mapping from DataCo Customer Id to Nelson DSS customer_id.
C000434,8171,DataCo SMART Supply Chain,Benjamin Cole,XXXXXXXXX,direct_dataco_customer,Direct mapping from DataCo Customer Id to Nelson DSS customer_id.
C000435,10501,DataCo SMART Supply Chain,Jennifer Richardson,XXXXXXXXX,direct_dataco_customer,Direct mapping from DataCo Customer Id to Nelson DSS customer_id.
C000436,5264,DataCo SMART Supply Chain,Mary Smith,XXXXXXXXX,direct_dataco_customer,Direct mapping from DataCo Customer Id to Nelson DSS customer_id.
C000437,2514,DataCo SMART Supply Chain,Mary Luna,XXXXXXXXX,direct_dataco_customer,Direct mapping from DataCo Customer Id to Nelson DSS customer_id.
C000438,3593,DataCo SMART Supply Chain,Christina Lewis,XXXXXXXXX,direct_dataco_customer,Direct mapping from DataCo Customer Id to Nelson DSS customer_id.
C000439,9513,DataCo SMART Supply Chain,Brian Rice,XXXXXXXXX,direct_dataco_customer,Direct mapping from DataCo Customer Id to Nelson DSS customer_id.
C000440,2755,DataCo SMART Supply Chain,Andrew Smith,XXXXXXXXX,direct_dataco_customer,Direct mapping from DataCo Customer Id to Nelson DSS customer_id.
C000441,11755,DataCo SMART Supply Chain,Mary Jackson,XXXXXXXXX,direct_dataco_customer,Direct mapping from DataCo Customer Id to Nelson DSS customer_id.
C000442,173,DataCo SMART Supply Chain,Jose Smith,XXXXXXXXX,direct_dataco_customer,Direct mapping from DataCo Customer Id to Nelson DSS customer_id.
C000443,3051,DataCo SMART Supply Chain,John Johnson,XXXXXXXXX,direct_dataco_customer,Direct mapping from DataCo Customer Id to Nelson DSS customer_id.
C000444,9119,DataCo SMART Supply Chain,Mary Smith,XXXXXXXXX,direct_dataco_customer,Direct mapping from DataCo Customer Id to Nelson DSS customer_id.
C000445,4512,DataCo SMART Supply Chain,Jane Anderson,XXXXXXXXX,direct_dataco_customer,Direct mapping from DataCo Customer Id to Nelson DSS customer_id.
C000446,9436,DataCo SMART Supply Chain,Mary Torres,XXXXXXXXX,direct_dataco_customer,Direct mapping from DataCo Customer Id to Nelson DSS customer_id.
C000447,9489,DataCo SMART Supply Chain,Danielle Dixon,XXXXXXXXX,direct_dataco_customer,Direct mapping from DataCo Customer Id to Nelson DSS customer_id.
C000448,6789,DataCo SMART Supply Chain,Jessica Mcintosh,XXXXXXXXX,direct_dataco_customer,Direct mapping from DataCo Customer Id to Nelson DSS customer_id.
C000449,9876,DataCo SMART Supply Chain,Mary Smith,XXXXXXXXX,direct_dataco_customer,Direct mapping from DataCo Customer Id to Nelson DSS customer_id.
C000450,9353,DataCo SMART Supply Chain,Michael Scott,XXXXXXXXX,direct_dataco_customer,Direct mapping from DataCo Customer Id to Nelson DSS customer_id.
C000451,238,DataCo SMART Supply Chain,Charles Turner,XXXXXXXXX,direct_dataco_customer,Direct mapping from DataCo Customer Id to Nelson DSS customer_id.
C000452,5784,DataCo SMART Supply Chain,Matthew Wolfe,XXXXXXXXX,direct_dataco_customer,Direct mapping from DataCo Customer Id to Nelson DSS customer_id.
C000453,1261,DataCo SMART Supply Chain,Victoria Hancock,XXXXXXXXX,direct_dataco_customer,Direct mapping from DataCo Customer Id to Nelson DSS customer_id.
C000454,2508,DataCo SMART Supply Chain,Brandon Adkins,XXXXXXXXX,direct_dataco_customer,Direct mapping from DataCo Customer Id to Nelson DSS customer_id.
C000455,10211,DataCo SMART Supply Chain,Jeffrey Smith,XXXXXXXXX,direct_dataco_customer,Direct mapping from DataCo Customer Id to Nelson DSS customer_id.
C000456,11741,DataCo SMART Supply Chain,Mary Smith,XXXXXXXXX,direct_dataco_customer,Direct mapping from DataCo Customer Id to Nelson DSS customer_id.
C000457,8666,DataCo SMART Supply Chain,Mary Smith,XXXXXXXXX,direct_dataco_customer,Direct mapping from DataCo Customer Id to Nelson DSS customer_id.
C000458,6156,DataCo SMART Supply Chain,Mary Hernandez,XXXXXXXXX,direct_dataco_customer,Direct mapping from DataCo Customer Id to Nelson DSS customer_id.
C000459,10653,DataCo SMART Supply Chain,Mary Smith,XXXXXXXXX,direct_dataco_customer,Direct mapping from DataCo Customer Id to Nelson DSS customer_id.
C000460,7830,DataCo SMART Supply Chain,Christina Carroll,XXXXXXXXX,direct_dataco_customer,Direct mapping from DataCo Customer Id to Nelson DSS customer_id.
C000461,5873,DataCo SMART Supply Chain,Jerry Clark,XXXXXXXXX,direct_dataco_customer,Direct mapping from DataCo Customer Id to Nelson DSS customer_id.
C000462,3295,DataCo SMART Supply Chain,Maria Joseph,XXXXXXXXX,direct_dataco_customer,Direct mapping from DataCo Customer Id to Nelson DSS customer_id.
C000463,4257,DataCo SMART Supply Chain,William Smith,XXXXXXXXX,direct_dataco_customer,Direct mapping from DataCo Customer Id to Nelson DSS customer_id.
C000464,10967,DataCo SMART Supply Chain,Alexander Cunningham,XXXXXXXXX,direct_dataco_customer,Direct mapping from DataCo Customer Id to Nelson DSS customer_id.
C000465,10438,DataCo SMART Supply Chain,Barbara Johnston,XXXXXXXXX,direct_dataco_customer,Direct mapping from DataCo Customer Id to Nelson DSS customer_id.
C000466,8027,DataCo SMART Supply Chain,James Smith,XXXXXXXXX,direct_dataco_customer,Direct mapping from DataCo Customer Id to Nelson DSS customer_id.
C000467,1658,DataCo SMART Supply Chain,Dylan Conner,XXXXXXXXX,direct_dataco_customer,Direct mapping from DataCo Customer Id to Nelson DSS customer_id.
C000468,2872,DataCo SMART Supply Chain,Mary Ortiz,XXXXXXXXX,direct_dataco_customer,Direct mapping from DataCo Customer Id to Nelson DSS customer_id.
C000469,10555,DataCo SMART Supply Chain,Mary Howell,XXXXXXXXX,direct_dataco_customer,Direct mapping from DataCo Customer Id to Nelson DSS customer_id.
C000470,11960,DataCo SMART Supply Chain,Ryan Allen,XXXXXXXXX,direct_dataco_customer,Direct mapping from DataCo Customer Id to Nelson DSS customer_id.
C000471,679,DataCo SMART Supply Chain,Grace Smith,XXXXXXXXX,direct_dataco_customer,Direct mapping from DataCo Customer Id to Nelson DSS customer_id.
C000472,9692,DataCo SMART Supply Chain,Carolyn Price,XXXXXXXXX,direct_dataco_customer,Direct mapping from DataCo Customer Id to Nelson DSS customer_id.
C000473,6125,DataCo SMART Supply Chain,Jeremy Pennington,XXXXXXXXX,direct_dataco_customer,Direct mapping from DataCo Customer Id to Nelson DSS customer_id.
C000474,5549,DataCo SMART Supply Chain,Kathryn Smith,XXXXXXXXX,direct_dataco_customer,Direct mapping from DataCo Customer Id to Nelson DSS customer_id.
C000475,10307,DataCo SMART Supply Chain,Bobby Miller,XXXXXXXXX,direct_dataco_customer,Direct mapping from DataCo Customer Id to Nelson DSS customer_id.
C000476,10407,DataCo SMART Supply Chain,William Clay,XXXXXXXXX,direct_dataco_customer,Direct mapping from DataCo Customer Id to Nelson DSS customer_id.
C000477,2553,DataCo SMART Supply Chain,Hannah Ellison,XXXXXXXXX,direct_dataco_customer,Direct mapping from DataCo Customer Id to Nelson DSS customer_id.
C000478,5579,DataCo SMART Supply Chain,Mary Hurley,XXXXXXXXX,direct_dataco_customer,Direct mapping from DataCo Customer Id to Nelson DSS customer_id.
C000479,4406,DataCo SMART Supply Chain,Mary Smith,XXXXXXXXX,direct_dataco_customer,Direct mapping from DataCo Customer Id to Nelson DSS customer_id.
C000480,2278,DataCo SMART Supply Chain,Marie Smith,XXXXXXXXX,direct_dataco_customer,Direct mapping from DataCo Customer Id to Nelson DSS customer_id.
C000481,10735,DataCo SMART Supply Chain,Albert Valdez,XXXXXXXXX,direct_dataco_customer,Direct mapping from DataCo Customer Id to Nelson DSS customer_id.
C000482,8895,DataCo SMART Supply Chain,Mary Ferguson,XXXXXXXXX,direct_dataco_customer,Direct mapping from DataCo Customer Id to Nelson DSS customer_id.
C000483,578,DataCo SMART Supply Chain,Dylan Knapp,XXXXXXXXX,direct_dataco_customer,Direct mapping from DataCo Customer Id to Nelson DSS customer_id.
C000484,8769,DataCo SMART Supply Chain,Mary Cantrell,XXXXXXXXX,direct_dataco_customer,Direct mapping from DataCo Customer Id to Nelson DSS customer_id.
C000485,5311,DataCo SMART Supply Chain,Mary Smith,XXXXXXXXX,direct_dataco_customer,Direct mapping from DataCo Customer Id to Nelson DSS customer_id.
C000486,10081,DataCo SMART Supply Chain,Mary Castillo,XXXXXXXXX,direct_dataco_customer,Direct mapping from DataCo Customer Id to Nelson DSS customer_id.
C000487,4013,DataCo SMART Supply Chain,Gloria Thornton,XXXXXXXXX,direct_dataco_customer,Direct mapping from DataCo Customer Id to Nelson DSS customer_id.
C000488,3655,DataCo SMART Supply Chain,Karen Conway,XXXXXXXXX,direct_dataco_customer,Direct mapping from DataCo Customer Id to Nelson DSS customer_id.
C000489,2555,DataCo SMART Supply Chain,Mary Long,XXXXXXXXX,direct_dataco_customer,Direct mapping from DataCo Customer Id to Nelson DSS customer_id.
C000490,3755,DataCo SMART Supply Chain,Eugene Smith,XXXXXXXXX,direct_dataco_customer,Direct mapping from DataCo Customer Id to Nelson DSS customer_id.
C000491,3423,DataCo SMART Supply Chain,Mary Smith,XXXXXXXXX,direct_dataco_customer,Direct mapping from DataCo Customer Id to Nelson DSS customer_id.
C000492,3838,DataCo SMART Supply Chain,Joseph Jackson,XXXXXXXXX,direct_dataco_customer,Direct mapping from DataCo Customer Id to Nelson DSS customer_id.
C000493,603,DataCo SMART Supply Chain,Austin Smith,XXXXXXXXX,direct_dataco_customer,Direct mapping from DataCo Customer Id to Nelson DSS customer_id.
C000494,5200,DataCo SMART Supply Chain,Jennifer Little,XXXXXXXXX,direct_dataco_customer,Direct mapping from DataCo Customer Id to Nelson DSS customer_id.
C000495,6412,DataCo SMART Supply Chain,Mary Smith,XXXXXXXXX,direct_dataco_customer,Direct mapping from DataCo Customer Id to Nelson DSS customer_id.
C000496,2373,DataCo SMART Supply Chain,Mary Smith,XXXXXXXXX,direct_dataco_customer,Direct mapping from DataCo Customer Id to Nelson DSS customer_id.
C000497,11793,DataCo SMART Supply Chain,Thomas Riley,XXXXXXXXX,direct_dataco_customer,Direct mapping from DataCo Customer Id to Nelson DSS customer_id.
C000498,11513,DataCo SMART Supply Chain,David Smith,XXXXXXXXX,direct_dataco_customer,Direct mapping from DataCo Customer Id to Nelson DSS customer_id.
C000499,5410,DataCo SMART Supply Chain,Mary Davis,XXXXXXXXX,direct_dataco_customer,Direct mapping from DataCo Customer Id to Nelson DSS customer_id.
C000500,1865,DataCo SMART Supply Chain,Mary Romero,XXXXXXXXX,direct_dataco_customer,Direct mapping from DataCo Customer Id to Nelson DSS customer_id.
C000501,4930,DataCo SMART Supply Chain,Mary Preston,XXXXXXXXX,direct_dataco_customer,Direct mapping from DataCo Customer Id to Nelson DSS customer_id.
C000502,827,DataCo SMART Supply Chain,Tyler Smith,XXXXXXXXX,direct_dataco_customer,Direct mapping from DataCo Customer Id to Nelson DSS customer_id.
C000503,1802,DataCo SMART Supply Chain,Cynthia Smith,XXXXXXXXX,direct_dataco_customer,Direct mapping from DataCo Customer Id to Nelson DSS customer_id.
C000504,2447,DataCo SMART Supply Chain,Mary Smith,XXXXXXXXX,direct_dataco_customer,Direct mapping from DataCo Customer Id to Nelson DSS customer_id.
C000505,9731,DataCo SMART Supply Chain,Mary Smith,XXXXXXXXX,direct_dataco_customer,Direct mapping from DataCo Customer Id to Nelson DSS customer_id.
C000506,9053,DataCo SMART Supply Chain,William Smith,XXXXXXXXX,direct_dataco_customer,Direct mapping from DataCo Customer Id to Nelson DSS customer_id.
C000507,12107,DataCo SMART Supply Chain,Sharon Patterson,XXXXXXXXX,direct_dataco_customer,Direct mapping from DataCo Customer Id to Nelson DSS customer_id.
C000508,8995,DataCo SMART Supply Chain,Mary Smith,XXXXXXXXX,direct_dataco_customer,Direct mapping from DataCo Customer Id to Nelson DSS customer_id.
C000509,6092,DataCo SMART Supply Chain,Mary Smith,XXXXXXXXX,direct_dataco_customer,Direct mapping from DataCo Customer Id to Nelson DSS customer_id.
C000510,10559,DataCo SMART Supply Chain,Mary Jones,XXXXXXXXX,direct_dataco_customer,Direct mapping from DataCo Customer Id to Nelson DSS customer_id.
C000511,3471,DataCo SMART Supply Chain,Mary Franco,XXXXXXXXX,direct_dataco_customer,Direct mapping from DataCo Customer Id to Nelson DSS customer_id.
C000512,11421,DataCo SMART Supply Chain,Tiffany Brown,XXXXXXXXX,direct_dataco_customer,Direct mapping from DataCo Customer Id to Nelson DSS customer_id.
C000513,2417,DataCo SMART Supply Chain,Mary Mullins,XXXXXXXXX,direct_dataco_customer,Direct mapping from DataCo Customer Id to Nelson DSS customer_id.
C000514,2581,DataCo SMART Supply Chain,Mary Smith,XXXXXXXXX,direct_dataco_customer,Direct mapping from DataCo Customer Id to Nelson DSS customer_id.
C000515,4444,DataCo SMART Supply Chain,Russell Sullivan,XXXXXXXXX,direct_dataco_customer,Direct mapping from DataCo Customer Id to Nelson DSS customer_id.
C000516,1989,DataCo SMART Supply Chain,Richard Leach,XXXXXXXXX,direct_dataco_customer,Direct mapping from DataCo Customer Id to Nelson DSS customer_id.
C000517,5533,DataCo SMART Supply Chain,Mary Harrison,XXXXXXXXX,direct_dataco_customer,Direct mapping from DataCo Customer Id to Nelson DSS customer_id.
C000518,6898,DataCo SMART Supply Chain,Nathan Butler,XXXXXXXXX,direct_dataco_customer,Direct mapping from DataCo Customer Id to Nelson DSS customer_id.
C000519,5331,DataCo SMART Supply Chain,Victoria Hines,XXXXXXXXX,direct_dataco_customer,Direct mapping from DataCo Customer Id to Nelson DSS customer_id.
C000520,6514,DataCo SMART Supply Chain,Crystal Contreras,XXXXXXXXX,direct_dataco_customer,Direct mapping from DataCo Customer Id to Nelson DSS customer_id.
C000521,640,DataCo SMART Supply Chain,Jean Smith,XXXXXXXXX,direct_dataco_customer,Direct mapping from DataCo Customer Id to Nelson DSS customer_id.
C000522,10650,DataCo SMART Supply Chain,Donna Carter,XXXXXXXXX,direct_dataco_customer,Direct mapping from DataCo Customer Id to Nelson DSS customer_id.
C000523,1962,DataCo SMART Supply Chain,Marie Smith,XXXXXXXXX,direct_dataco_customer,Direct mapping from DataCo Customer Id to Nelson DSS customer_id.
C000524,2826,DataCo SMART Supply Chain,Lisa Wallace,XXXXXXXXX,direct_dataco_customer,Direct mapping from DataCo Customer Id to Nelson DSS customer_id.
C000525,142,DataCo SMART Supply Chain,Heather Smith,XXXXXXXXX,direct_dataco_customer,Direct mapping from DataCo Customer Id to Nelson DSS customer_id.
C000526,2451,DataCo SMART Supply Chain,Joshua Garcia,XXXXXXXXX,direct_dataco_customer,Direct mapping from DataCo Customer Id to Nelson DSS customer_id.
C000527,9971,DataCo SMART Supply Chain,Mary Smith,XXXXXXXXX,direct_dataco_customer,Direct mapping from DataCo Customer Id to Nelson DSS customer_id.
C000528,335,DataCo SMART Supply Chain,Mary Smith,XXXXXXXXX,direct_dataco_customer,Direct mapping from DataCo Customer Id to Nelson DSS customer_id.
C000529,2433,DataCo SMART Supply Chain,James Smith,XXXXXXXXX,direct_dataco_customer,Direct mapping from DataCo Customer Id to Nelson DSS customer_id.
C000530,1739,DataCo SMART Supply Chain,Justin Smith,XXXXXXXXX,direct_dataco_customer,Direct mapping from DataCo Customer Id to Nelson DSS customer_id.
C000531,8613,DataCo SMART Supply Chain,Mary Kirk,XXXXXXXXX,direct_dataco_customer,Direct mapping from DataCo Customer Id to Nelson DSS customer_id.
C000532,11403,DataCo SMART Supply Chain,Mary Smith,XXXXXXXXX,direct_dataco_customer,Direct mapping from DataCo Customer Id to Nelson DSS customer_id.
C000533,4943,DataCo SMART Supply Chain,Paul Sosa,XXXXXXXXX,direct_dataco_customer,Direct mapping from DataCo Customer Id to Nelson DSS customer_id.
C000534,1512,DataCo SMART Supply Chain,Mary Rowe,XXXXXXXXX,direct_dataco_customer,Direct mapping from DataCo Customer Id to Nelson DSS customer_id.
C000535,4435,DataCo SMART Supply Chain,George Cross,XXXXXXXXX,direct_dataco_customer,Direct mapping from DataCo Customer Id to Nelson DSS customer_id.
C000536,1169,DataCo SMART Supply Chain,Mary Smith,XXXXXXXXX,direct_dataco_customer,Direct mapping from DataCo Customer Id to Nelson DSS customer_id.
C000537,731,DataCo SMART Supply Chain,Robert Smith,XXXXXXXXX,direct_dataco_customer,Direct mapping from DataCo Customer Id to Nelson DSS customer_id.
C000538,1804,DataCo SMART Supply Chain,Kathleen Lee,XXXXXXXXX,direct_dataco_customer,Direct mapping from DataCo Customer Id to Nelson DSS customer_id.
C000539,6461,DataCo SMART Supply Chain,Patricia Delgado,XXXXXXXXX,direct_dataco_customer,Direct mapping from DataCo Customer Id to Nelson DSS customer_id.
C000540,4187,DataCo SMART Supply Chain,Jesse Mack,XXXXXXXXX,direct_dataco_customer,Direct mapping from DataCo Customer Id to Nelson DSS customer_id.
C000541,7401,DataCo SMART Supply Chain,Mary Moore,XXXXXXXXX,direct_dataco_customer,Direct mapping from DataCo Customer Id to Nelson DSS customer_id.
C000542,4008,DataCo SMART Supply Chain,Diana Smith,XXXXXXXXX,direct_dataco_customer,Direct mapping from DataCo Customer Id to Nelson DSS customer_id.
C000543,1901,DataCo SMART Supply Chain,Jacob Smith,XXXXXXXXX,direct_dataco_customer,Direct mapping from DataCo Customer Id to Nelson DSS customer_id.
C000544,1853,DataCo SMART Supply Chain,Mary Austin,XXXXXXXXX,direct_dataco_customer,Direct mapping from DataCo Customer Id to Nelson DSS customer_id.
C000545,6581,DataCo SMART Supply Chain,Christian Smith,XXXXXXXXX,direct_dataco_customer,Direct mapping from DataCo Customer Id to Nelson DSS customer_id.
C000546,11120,DataCo SMART Supply Chain,Mary Smith,XXXXXXXXX,direct_dataco_customer,Direct mapping from DataCo Customer Id to Nelson DSS customer_id.
C000547,11523,DataCo SMART Supply Chain,Mary Mayer,XXXXXXXXX,direct_dataco_customer,Direct mapping from DataCo Customer Id to Nelson DSS customer_id.
C000548,9586,DataCo SMART Supply Chain,Mary Olson,XXXXXXXXX,direct_dataco_customer,Direct mapping from DataCo Customer Id to Nelson DSS customer_id.
C000549,2528,DataCo SMART Supply Chain,Mary Acevedo,XXXXXXXXX,direct_dataco_customer,Direct mapping from DataCo Customer Id to Nelson DSS customer_id.
C000550,9018,DataCo SMART Supply Chain,Mary Smith,XXXXXXXXX,direct_dataco_customer,Direct mapping from DataCo Customer Id to Nelson DSS customer_id.
C000551,10490,DataCo SMART Supply Chain,Brenda Ramirez,XXXXXXXXX,direct_dataco_customer,Direct mapping from DataCo Customer Id to Nelson DSS customer_id.
C000552,8869,DataCo SMART Supply Chain,Thomas Lambert,XXXXXXXXX,direct_dataco_customer,Direct mapping from DataCo Customer Id to Nelson DSS customer_id.
C000553,10253,DataCo SMART Supply Chain,Kyle Smith,XXXXXXXXX,direct_dataco_customer,Direct mapping from DataCo Customer Id to Nelson DSS customer_id.
C000554,10051,DataCo SMART Supply Chain,Kathryn Smith,XXXXXXXXX,direct_dataco_customer,Direct mapping from DataCo Customer Id to Nelson DSS customer_id.
C000555,3813,DataCo SMART Supply Chain,Andrew Smith,XXXXXXXXX,direct_dataco_customer,Direct mapping from DataCo Customer Id to Nelson DSS customer_id.
C000556,9636,DataCo SMART Supply Chain,Mary Cruz,XXXXXXXXX,direct_dataco_customer,Direct mapping from DataCo Customer Id to Nelson DSS customer_id.
C000557,5207,DataCo SMART Supply Chain,Catherine Erickson,XXXXXXXXX,direct_dataco_customer,Direct mapping from DataCo Customer Id to Nelson DSS customer_id.
C000558,11124,DataCo SMART Supply Chain,Mary Bowman,XXXXXXXXX,direct_dataco_customer,Direct mapping from DataCo Customer Id to Nelson DSS customer_id.
C000559,5190,DataCo SMART Supply Chain,Mary Smith,XXXXXXXXX,direct_dataco_customer,Direct mapping from DataCo Customer Id to Nelson DSS customer_id.
C000560,5658,DataCo SMART Supply Chain,Michael Wiley,XXXXXXXXX,direct_dataco_customer,Direct mapping from DataCo Customer Id to Nelson DSS customer_id.
C000561,3136,DataCo SMART Supply Chain,Mary Sharp,XXXXXXXXX,direct_dataco_customer,Direct mapping from DataCo Customer Id to Nelson DSS customer_id.
C000562,2540,DataCo SMART Supply Chain,Patricia Smith,XXXXXXXXX,direct_dataco_customer,Direct mapping from DataCo Customer Id to Nelson DSS customer_id.
C000563,6448,DataCo SMART Supply Chain,Mary Lawrence,XXXXXXXXX,direct_dataco_customer,Direct mapping from DataCo Customer Id to Nelson DSS customer_id.
C000564,5049,DataCo SMART Supply Chain,Mary Walton,XXXXXXXXX,direct_dataco_customer,Direct mapping from DataCo Customer Id to Nelson DSS customer_id.
C000565,7,DataCo SMART Supply Chain,Melissa Wilcox,XXXXXXXXX,direct_dataco_customer,Direct mapping from DataCo Customer Id to Nelson DSS customer_id.
C000566,10500,DataCo SMART Supply Chain,Mary Smith,XXXXXXXXX,direct_dataco_customer,Direct mapping from DataCo Customer Id to Nelson DSS customer_id.
C000567,5267,DataCo SMART Supply Chain,Mary Smith,XXXXXXXXX,direct_dataco_customer,Direct mapping from DataCo Customer Id to Nelson DSS customer_id.
C000568,10327,DataCo SMART Supply Chain,Laura Sparks,XXXXXXXXX,direct_dataco_customer,Direct mapping from DataCo Customer Id to Nelson DSS customer_id.
C000569,1571,DataCo SMART Supply Chain,Betty Bishop,XXXXXXXXX,direct_dataco_customer,Direct mapping from DataCo Customer Id to Nelson DSS customer_id.
C000570,6553,DataCo SMART Supply Chain,Larry House,XXXXXXXXX,direct_dataco_customer,Direct mapping from DataCo Customer Id to Nelson DSS customer_id.
C000571,8370,DataCo SMART Supply Chain,Mary Smith,XXXXXXXXX,direct_dataco_customer,Direct mapping from DataCo Customer Id to Nelson DSS customer_id.
C000572,5815,DataCo SMART Supply Chain,Mary Proctor,XXXXXXXXX,direct_dataco_customer,Direct mapping from DataCo Customer Id to Nelson DSS customer_id.
C000573,1282,DataCo SMART Supply Chain,Mary Smith,XXXXXXXXX,direct_dataco_customer,Direct mapping from DataCo Customer Id to Nelson DSS customer_id.
C000574,6065,DataCo SMART Supply Chain,Thomas Simmons,XXXXXXXXX,direct_dataco_customer,Direct mapping from DataCo Customer Id to Nelson DSS customer_id.
C000575,1810,DataCo SMART Supply Chain,James Miller,XXXXXXXXX,direct_dataco_customer,Direct mapping from DataCo Customer Id to Nelson DSS customer_id.
C000576,6430,DataCo SMART Supply Chain,Mary Jackson,XXXXXXXXX,direct_dataco_customer,Direct mapping from DataCo Customer Id to Nelson DSS customer_id.
C000577,6388,DataCo SMART Supply Chain,Emma Smith,XXXXXXXXX,direct_dataco_customer,Direct mapping from DataCo Customer Id to Nelson DSS customer_id.
C000578,5687,DataCo SMART Supply Chain,Mary Chapman,XXXXXXXXX,direct_dataco_customer,Direct mapping from DataCo Customer Id to Nelson DSS customer_id.
C000579,2683,DataCo SMART Supply Chain,Mary Gallegos,XXXXXXXXX,direct_dataco_customer,Direct mapping from DataCo Customer Id to Nelson DSS customer_id.
C000580,6255,DataCo SMART Supply Chain,Joshua Smith,XXXXXXXXX,direct_dataco_customer,Direct mapping from DataCo Customer Id to Nelson DSS customer_id.
C000581,10071,DataCo SMART Supply Chain,Mary Lawrence,XXXXXXXXX,direct_dataco_customer,Direct mapping from DataCo Customer Id to Nelson DSS customer_id.
C000582,7749,DataCo SMART Supply Chain,Amy Gibson,XXXXXXXXX,direct_dataco_customer,Direct mapping from DataCo Customer Id to Nelson DSS customer_id.
C000583,7777,DataCo SMART Supply Chain,Evelyn Rogers,XXXXXXXXX,direct_dataco_customer,Direct mapping from DataCo Customer Id to Nelson DSS customer_id.
C000584,3830,DataCo SMART Supply Chain,William Smith,XXXXXXXXX,direct_dataco_customer,Direct mapping from DataCo Customer Id to Nelson DSS customer_id.
C000585,11056,DataCo SMART Supply Chain,Larry Booker,XXXXXXXXX,direct_dataco_customer,Direct mapping from DataCo Customer Id to Nelson DSS customer_id.
C000586,11576,DataCo SMART Supply Chain,Richard Andrade,XXXXXXXXX,direct_dataco_customer,Direct mapping from DataCo Customer Id to Nelson DSS customer_id.
C000587,7575,DataCo SMART Supply Chain,Mary Romero,XXXXXXXXX,direct_dataco_customer,Direct mapping from DataCo Customer Id to Nelson DSS customer_id.
C000588,10849,DataCo SMART Supply Chain,Hannah Simpson,XXXXXXXXX,direct_dataco_customer,Direct mapping from DataCo Customer Id to Nelson DSS customer_id.
C000589,4914,DataCo SMART Supply Chain,Mary Curtis,XXXXXXXXX,direct_dataco_customer,Direct mapping from DataCo Customer Id to Nelson DSS customer_id.
C000590,10258,DataCo SMART Supply Chain,Joyce Gonzalez,XXXXXXXXX,direct_dataco_customer,Direct mapping from DataCo Customer Id to Nelson DSS customer_id.
C000591,1544,DataCo SMART Supply Chain,Brittany Marquez,XXXXXXXXX,direct_dataco_customer,Direct mapping from DataCo Customer Id to Nelson DSS customer_id.
C000592,10886,DataCo SMART Supply Chain,Scott Smith,XXXXXXXXX,direct_dataco_customer,Direct mapping from DataCo Customer Id to Nelson DSS customer_id.
C000593,4318,DataCo SMART Supply Chain,Mary Fletcher,XXXXXXXXX,direct_dataco_customer,Direct mapping from DataCo Customer Id to Nelson DSS customer_id.
C000594,12064,DataCo SMART Supply Chain,Tammy Smith,XXXXXXXXX,direct_dataco_customer,Direct mapping from DataCo Customer Id to Nelson DSS customer_id.
C000595,10965,DataCo SMART Supply Chain,Robert Smith,XXXXXXXXX,direct_dataco_customer,Direct mapping from DataCo Customer Id to Nelson DSS customer_id.
C000596,11068,DataCo SMART Supply Chain,Roger Smith,XXXXXXXXX,direct_dataco_customer,Direct mapping from DataCo Customer Id to Nelson DSS customer_id.
C000597,10834,DataCo SMART Supply Chain,Susan Sullivan,XXXXXXXXX,direct_dataco_customer,Direct mapping from DataCo Customer Id to Nelson DSS customer_id.
C000598,9761,DataCo SMART Supply Chain,Helen Smith,XXXXXXXXX,direct_dataco_customer,Direct mapping from DataCo Customer Id to Nelson DSS customer_id.
C000599,5047,DataCo SMART Supply Chain,Shirley Whitehead,XXXXXXXXX,direct_dataco_customer,Direct mapping from DataCo Customer Id to Nelson DSS customer_id.
C000600,7268,DataCo SMART Supply Chain,Mary Reed,XXXXXXXXX,direct_dataco_customer,Direct mapping from DataCo Customer Id to Nelson DSS customer_id.
C000601,801,DataCo SMART Supply Chain,Elizabeth Parker,XXXXXXXXX,direct_dataco_customer,Direct mapping from DataCo Customer Id to Nelson DSS customer_id.
C000602,1607,DataCo SMART Supply Chain,Mary Ortiz,XXXXXXXXX,direct_dataco_customer,Direct mapping from DataCo Customer Id to Nelson DSS customer_id.
C000603,10493,DataCo SMART Supply Chain,Frances Taylor,XXXXXXXXX,direct_dataco_customer,Direct mapping from DataCo Customer Id to Nelson DSS customer_id.
C000604,3184,DataCo SMART Supply Chain,Tyler Smith,XXXXXXXXX,direct_dataco_customer,Direct mapping from DataCo Customer Id to Nelson DSS customer_id.
C000605,2217,DataCo SMART Supply Chain,Mary Martinez,XXXXXXXXX,direct_dataco_customer,Direct mapping from DataCo Customer Id to Nelson DSS customer_id.
C000606,11128,DataCo SMART Supply Chain,Timothy Lyons,XXXXXXXXX,direct_dataco_customer,Direct mapping from DataCo Customer Id to Nelson DSS customer_id.
C000607,9702,DataCo SMART Supply Chain,Katherine Tyler,XXXXXXXXX,direct_dataco_customer,Direct mapping from DataCo Customer Id to Nelson DSS customer_id.
C000608,1927,DataCo SMART Supply Chain,Laura Stevens,XXXXXXXXX,direct_dataco_customer,Direct mapping from DataCo Customer Id to Nelson DSS customer_id.
C000609,11516,DataCo SMART Supply Chain,Kevin Smith,XXXXXXXXX,direct_dataco_customer,Direct mapping from DataCo Customer Id to Nelson DSS customer_id.
C000610,3302,DataCo SMART Supply Chain,Terry Smith,XXXXXXXXX,direct_dataco_customer,Direct mapping from DataCo Customer Id to Nelson DSS customer_id.
C000611,7762,DataCo SMART Supply Chain,Mary Roberson,XXXXXXXXX,direct_dataco_customer,Direct mapping from DataCo Customer Id to Nelson DSS customer_id.
C000612,2549,DataCo SMART Supply Chain,Stephanie Smith,XXXXXXXXX,direct_dataco_customer,Direct mapping from DataCo Customer Id to Nelson DSS customer_id.
C000613,3180,DataCo SMART Supply Chain,Raymond Smith,XXXXXXXXX,direct_dataco_customer,Direct mapping from DataCo Customer Id to Nelson DSS customer_id.
C000614,4568,DataCo SMART Supply Chain,Mary Hodge,XXXXXXXXX,direct_dataco_customer,Direct mapping from DataCo Customer Id to Nelson DSS customer_id.
C000615,12189,DataCo SMART Supply Chain,Judith Hicks,XXXXXXXXX,direct_dataco_customer,Direct mapping from DataCo Customer Id to Nelson DSS customer_id.
C000616,6359,DataCo SMART Supply Chain,Jerry Smith,XXXXXXXXX,direct_dataco_customer,Direct mapping from DataCo Customer Id to Nelson DSS customer_id.
C000617,2687,DataCo SMART Supply Chain,Kelly Smith,XXXXXXXXX,direct_dataco_customer,Direct mapping from DataCo Customer Id to Nelson DSS customer_id.
C000618,7802,DataCo SMART Supply Chain,Mary Acevedo,XXXXXXXXX,direct_dataco_customer,Direct mapping from DataCo Customer Id to Nelson DSS customer_id.
C000619,9161,DataCo SMART Supply Chain,Mary Smith,XXXXXXXXX,direct_dataco_customer,Direct mapping from DataCo Customer Id to Nelson DSS customer_id.
C000620,8637,DataCo SMART Supply Chain,Mary Smith,XXXXXXXXX,direct_dataco_customer,Direct mapping from DataCo Customer Id to Nelson DSS customer_id.
C000621,4704,DataCo SMART Supply Chain,Henry James,XXXXXXXXX,direct_dataco_customer,Direct mapping from DataCo Customer Id to Nelson DSS customer_id.
C000622,5364,DataCo SMART Supply Chain,Thomas Colon,XXXXXXXXX,direct_dataco_customer,Direct mapping from DataCo Customer Id to Nelson DSS customer_id.
C000623,11417,DataCo SMART Supply Chain,Kenneth Whitney,XXXXXXXXX,direct_dataco_customer,Direct mapping from DataCo Customer Id to Nelson DSS customer_id.
C000624,6060,DataCo SMART Supply Chain,Michael Smith,XXXXXXXXX,direct_dataco_customer,Direct mapping from DataCo Customer Id to Nelson DSS customer_id.
C000625,548,DataCo SMART Supply Chain,Ryan Horton,XXXXXXXXX,direct_dataco_customer,Direct mapping from DataCo Customer Id to Nelson DSS customer_id.
C000626,11554,DataCo SMART Supply Chain,Hannah Marshall,XXXXXXXXX,direct_dataco_customer,Direct mapping from DataCo Customer Id to Nelson DSS customer_id.
C000627,8579,DataCo SMART Supply Chain,Mary Conrad,XXXXXXXXX,direct_dataco_customer,Direct mapping from DataCo Customer Id to Nelson DSS customer_id.
C000628,6428,DataCo SMART Supply Chain,Mary Smith,XXXXXXXXX,direct_dataco_customer,Direct mapping from DataCo Customer Id to Nelson DSS customer_id.
C000629,7571,DataCo SMART Supply Chain,Amber Booth,XXXXXXXXX,direct_dataco_customer,Direct mapping from DataCo Customer Id to Nelson DSS customer_id.
C000630,1832,DataCo SMART Supply Chain,Mary Valenzuela,XXXXXXXXX,direct_dataco_customer,Direct mapping from DataCo Customer Id to Nelson DSS customer_id.
C000631,4552,DataCo SMART Supply Chain,Janice Smith,XXXXXXXXX,direct_dataco_customer,Direct mapping from DataCo Customer Id to Nelson DSS customer_id.
C000632,1725,DataCo SMART Supply Chain,Mary Dyer,XXXXXXXXX,direct_dataco_customer,Direct mapping from DataCo Customer Id to Nelson DSS customer_id.
C000633,2800,DataCo SMART Supply Chain,Edward Hernandez,XXXXXXXXX,direct_dataco_customer,Direct mapping from DataCo Customer Id to Nelson DSS customer_id.
C000634,8285,DataCo SMART Supply Chain,Eric Smith,XXXXXXXXX,direct_dataco_customer,Direct mapping from DataCo Customer Id to Nelson DSS customer_id.
C000635,4464,DataCo SMART Supply Chain,Mary Johnson,XXXXXXXXX,direct_dataco_customer,Direct mapping from DataCo Customer Id to Nelson DSS customer_id.
C000636,2844,DataCo SMART Supply Chain,Robert Smith,XXXXXXXXX,direct_dataco_customer,Direct mapping from DataCo Customer Id to Nelson DSS customer_id.
C000637,8954,DataCo SMART Supply Chain,Mary Hayden,XXXXXXXXX,direct_dataco_customer,Direct mapping from DataCo Customer Id to Nelson DSS customer_id.
C000638,9603,DataCo SMART Supply Chain,Mary Moore,XXXXXXXXX,direct_dataco_customer,Direct mapping from DataCo Customer Id to Nelson DSS customer_id.
C000639,8254,DataCo SMART Supply Chain,Jesse Esparza,XXXXXXXXX,direct_dataco_customer,Direct mapping from DataCo Customer Id to Nelson DSS customer_id.
C000640,9528,DataCo SMART Supply Chain,Mary Flores,XXXXXXXXX,direct_dataco_customer,Direct mapping from DataCo Customer Id to Nelson DSS customer_id.
C000641,4200,DataCo SMART Supply Chain,Ralph Campbell,XXXXXXXXX,direct_dataco_customer,Direct mapping from DataCo Customer Id to Nelson DSS customer_id.
C000642,564,DataCo SMART Supply Chain,Mary Mccann,XXXXXXXXX,direct_dataco_customer,Direct mapping from DataCo Customer Id to Nelson DSS customer_id.
C000643,1387,DataCo SMART Supply Chain,Mary Smith,XXXXXXXXX,direct_dataco_customer,Direct mapping from DataCo Customer Id to Nelson DSS customer_id.
C000644,12238,DataCo SMART Supply Chain,Rebecca Gallagher,XXXXXXXXX,direct_dataco_customer,Direct mapping from DataCo Customer Id to Nelson DSS customer_id.
C000645,6907,DataCo SMART Supply Chain,Timothy Smith,XXXXXXXXX,direct_dataco_customer,Direct mapping from DataCo Customer Id to Nelson DSS customer_id.
C000646,7616,DataCo SMART Supply Chain,Mary Mason,XXXXXXXXX,direct_dataco_customer,Direct mapping from DataCo Customer Id to Nelson DSS customer_id.
C000647,4807,DataCo SMART Supply Chain,Raymond Rodgers,XXXXXXXXX,direct_dataco_customer,Direct mapping from DataCo Customer Id to Nelson DSS customer_id.
C000648,7940,DataCo SMART Supply Chain,Mary Mejia,XXXXXXXXX,direct_dataco_customer,Direct mapping from DataCo Customer Id to Nelson DSS customer_id.
C000649,9077,DataCo SMART Supply Chain,Sean Smith,XXXXXXXXX,direct_dataco_customer,Direct mapping from DataCo Customer Id to Nelson DSS customer_id.
C000650,3304,DataCo SMART Supply Chain,Amanda Gibson,XXXXXXXXX,direct_dataco_customer,Direct mapping from DataCo Customer Id to Nelson DSS customer_id.
C000651,2071,DataCo SMART Supply Chain,Walter Howard,XXXXXXXXX,direct_dataco_customer,Direct mapping from DataCo Customer Id to Nelson DSS customer_id.
C000652,7316,DataCo SMART Supply Chain,Marilyn Wu,XXXXXXXXX,direct_dataco_customer,Direct mapping from DataCo Customer Id to Nelson DSS customer_id.
C000653,10533,DataCo SMART Supply Chain,Michael Smith,XXXXXXXXX,direct_dataco_customer,Direct mapping from DataCo Customer Id to Nelson DSS customer_id.
C000654,12123,DataCo SMART Supply Chain,Jeremy Tucker,XXXXXXXXX,direct_dataco_customer,Direct mapping from DataCo Customer Id to Nelson DSS customer_id.
C000655,7176,DataCo SMART Supply Chain,Mary Hudson,XXXXXXXXX,direct_dataco_customer,Direct mapping from DataCo Customer Id to Nelson DSS customer_id.
C000656,11224,DataCo SMART Supply Chain,Mary Smith,XXXXXXXXX,direct_dataco_customer,Direct mapping from DataCo Customer Id to Nelson DSS customer_id.
C000657,11430,DataCo SMART Supply Chain,Mary Miller,XXXXXXXXX,direct_dataco_customer,Direct mapping from DataCo Customer Id to Nelson DSS customer_id.
C000658,10916,DataCo SMART Supply Chain,Randy Smith,XXXXXXXXX,direct_dataco_customer,Direct mapping from DataCo Customer Id to Nelson DSS customer_id.
C000659,4212,DataCo SMART Supply Chain,Robert Mendez,XXXXXXXXX,direct_dataco_customer,Direct mapping from DataCo Customer Id to Nelson DSS customer_id.
C000660,2384,DataCo SMART Supply Chain,Mary Mays,XXXXXXXXX,direct_dataco_customer,Direct mapping from DataCo Customer Id to Nelson DSS customer_id.
C000661,12019,DataCo SMART Supply Chain,Mary Walters,XXXXXXXXX,direct_dataco_customer,Direct mapping from DataCo Customer Id to Nelson DSS customer_id.
C000662,12075,DataCo SMART Supply Chain,Aaron Carr,XXXXXXXXX,direct_dataco_customer,Direct mapping from DataCo Customer Id to Nelson DSS customer_id.
C000663,4399,DataCo SMART Supply Chain,Richard Smith,XXXXXXXXX,direct_dataco_customer,Direct mapping from DataCo Customer Id to Nelson DSS customer_id.
C000664,6393,DataCo SMART Supply Chain,Mary Smith,XXXXXXXXX,direct_dataco_customer,Direct mapping from DataCo Customer Id to Nelson DSS customer_id.
C000665,10398,DataCo SMART Supply Chain,Mary Pierce,XXXXXXXXX,direct_dataco_customer,Direct mapping from DataCo Customer Id to Nelson DSS customer_id.
C000666,10095,DataCo SMART Supply Chain,Michelle Smith,XXXXXXXXX,direct_dataco_customer,Direct mapping from DataCo Customer Id to Nelson DSS customer_id.
C000667,5085,DataCo SMART Supply Chain,Janet Jones,XXXXXXXXX,direct_dataco_customer,Direct mapping from DataCo Customer Id to Nelson DSS customer_id.
C000668,3187,DataCo SMART Supply Chain,Mary Clark,XXXXXXXXX,direct_dataco_customer,Direct mapping from DataCo Customer Id to Nelson DSS customer_id.
C000669,11835,DataCo SMART Supply Chain,Tammy Smith,XXXXXXXXX,direct_dataco_customer,Direct mapping from DataCo Customer Id to Nelson DSS customer_id.
C000670,9946,DataCo SMART Supply Chain,Bryan Kaufman,XXXXXXXXX,direct_dataco_customer,Direct mapping from DataCo Customer Id to Nelson DSS customer_id.
C000671,3447,DataCo SMART Supply Chain,Sara Andersen,XXXXXXXXX,direct_dataco_customer,Direct mapping from DataCo Customer Id to Nelson DSS customer_id.
C000672,2362,DataCo SMART Supply Chain,Samantha Smith,XXXXXXXXX,direct_dataco_customer,Direct mapping from DataCo Customer Id to Nelson DSS customer_id.
C000673,1906,DataCo SMART Supply Chain,Raymond Smith,XXXXXXXXX,direct_dataco_customer,Direct mapping from DataCo Customer Id to Nelson DSS customer_id.
C000674,5936,DataCo SMART Supply Chain,Michael Davis,XXXXXXXXX,direct_dataco_customer,Direct mapping from DataCo Customer Id to Nelson DSS customer_id.
C000675,1373,DataCo SMART Supply Chain,Mary Smith,XXXXXXXXX,direct_dataco_customer,Direct mapping from DataCo Customer Id to Nelson DSS customer_id.
C000676,6288,DataCo SMART Supply Chain,Catherine Johnson,XXXXXXXXX,direct_dataco_customer,Direct mapping from DataCo Customer Id to Nelson DSS customer_id.
C000677,4667,DataCo SMART Supply Chain,Cheryl Gonzalez,XXXXXXXXX,direct_dataco_customer,Direct mapping from DataCo Customer Id to Nelson DSS customer_id.
C000678,2016,DataCo SMART Supply Chain,Jonathan Wilson,XXXXXXXXX,direct_dataco_customer,Direct mapping from DataCo Customer Id to Nelson DSS customer_id.
C000679,9875,DataCo SMART Supply Chain,Christian Calderon,XXXXXXXXX,direct_dataco_customer,Direct mapping from DataCo Customer Id to Nelson DSS customer_id.
C000680,2893,DataCo SMART Supply Chain,Russell Wyatt,XXXXXXXXX,direct_dataco_customer,Direct mapping from DataCo Customer Id to Nelson DSS customer_id.
C000681,9930,DataCo SMART Supply Chain,Nathan Smith,XXXXXXXXX,direct_dataco_customer,Direct mapping from DataCo Customer Id to Nelson DSS customer_id.
C000682,3762,DataCo SMART Supply Chain,Juan Smith,XXXXXXXXX,direct_dataco_customer,Direct mapping from DataCo Customer Id to Nelson DSS customer_id.
C000683,2335,DataCo SMART Supply Chain,Harold Howell,XXXXXXXXX,direct_dataco_customer,Direct mapping from DataCo Customer Id to Nelson DSS customer_id.
C000684,7829,DataCo SMART Supply Chain,Raymond Smith,XXXXXXXXX,direct_dataco_customer,Direct mapping from DataCo Customer Id to Nelson DSS customer_id.
C000685,9432,DataCo SMART Supply Chain,Hannah Smith,XXXXXXXXX,direct_dataco_customer,Direct mapping from DataCo Customer Id to Nelson DSS customer_id.
C000686,1833,DataCo SMART Supply Chain,Ronald Smith,XXXXXXXXX,direct_dataco_customer,Direct mapping from DataCo Customer Id to Nelson DSS customer_id.
C000687,3754,DataCo SMART Supply Chain,Mary Sims,XXXXXXXXX,direct_dataco_customer,Direct mapping from DataCo Customer Id to Nelson DSS customer_id.
C000688,2969,DataCo SMART Supply Chain,Mary Fernandez,XXXXXXXXX,direct_dataco_customer,Direct mapping from DataCo Customer Id to Nelson DSS customer_id.
C000689,6086,DataCo SMART Supply Chain,Mary Hutchinson,XXXXXXXXX,direct_dataco_customer,Direct mapping from DataCo Customer Id to Nelson DSS customer_id.
C000690,11457,DataCo SMART Supply Chain,Jonathan Smith,XXXXXXXXX,direct_dataco_customer,Direct mapping from DataCo Customer Id to Nelson DSS customer_id.
C000691,7282,DataCo SMART Supply Chain,Jennifer Clark,XXXXXXXXX,direct_dataco_customer,Direct mapping from DataCo Customer Id to Nelson DSS customer_id.
C000692,972,DataCo SMART Supply Chain,Mary Smith,XXXXXXXXX,direct_dataco_customer,Direct mapping from DataCo Customer Id to Nelson DSS customer_id.
C000693,12076,DataCo SMART Supply Chain,Mary Smith,XXXXXXXXX,direct_dataco_customer,Direct mapping from DataCo Customer Id to Nelson DSS customer_id.
C000694,867,DataCo SMART Supply Chain,Catherine Smith,XXXXXXXXX,direct_dataco_customer,Direct mapping from DataCo Customer Id to Nelson DSS customer_id.
C000695,2909,DataCo SMART Supply Chain,Sarah Snyder,XXXXXXXXX,direct_dataco_customer,Direct mapping from DataCo Customer Id to Nelson DSS customer_id.
C000696,5640,DataCo SMART Supply Chain,Matthew Smith,XXXXXXXXX,direct_dataco_customer,Direct mapping from DataCo Customer Id to Nelson DSS customer_id.
C000697,4806,DataCo SMART Supply Chain,Mary Smith,XXXXXXXXX,direct_dataco_customer,Direct mapping from DataCo Customer Id to Nelson DSS customer_id.
C000698,1910,DataCo SMART Supply Chain,Helen Price,XXXXXXXXX,direct_dataco_customer,Direct mapping from DataCo Customer Id to Nelson DSS customer_id.
C000699,6725,DataCo SMART Supply Chain,Mary Alexander,XXXXXXXXX,direct_dataco_customer,Direct mapping from DataCo Customer Id to Nelson DSS customer_id.
C000700,241,DataCo SMART Supply Chain,Janet Carter,XXXXXXXXX,direct_dataco_customer,Direct mapping from DataCo Customer Id to Nelson DSS customer_id.
C000701,4939,DataCo SMART Supply Chain,Carol Jackson,XXXXXXXXX,direct_dataco_customer,Direct mapping from DataCo Customer Id to Nelson DSS customer_id.
C000702,5071,DataCo SMART Supply Chain,Andrew Campos,XXXXXXXXX,direct_dataco_customer,Direct mapping from DataCo Customer Id to Nelson DSS customer_id.
C000703,465,DataCo SMART Supply Chain,Shawn Smith,XXXXXXXXX,direct_dataco_customer,Direct mapping from DataCo Customer Id to Nelson DSS customer_id.
C000704,4045,DataCo SMART Supply Chain,Mary Neal,XXXXXXXXX,direct_dataco_customer,Direct mapping from DataCo Customer Id to Nelson DSS customer_id.
C000705,3977,DataCo SMART Supply Chain,Mary Smith,XXXXXXXXX,direct_dataco_customer,Direct mapping from DataCo Customer Id to Nelson DSS customer_id.
C000706,6256,DataCo SMART Supply Chain,Mary Murray,XXXXXXXXX,direct_dataco_customer,Direct mapping from DataCo Customer Id to Nelson DSS customer_id.
C000707,11397,DataCo SMART Supply Chain,Mary Mercer,XXXXXXXXX,direct_dataco_customer,Direct mapping from DataCo Customer Id to Nelson DSS customer_id.
C000708,8719,DataCo SMART Supply Chain,John Smith,XXXXXXXXX,direct_dataco_customer,Direct mapping from DataCo Customer Id to Nelson DSS customer_id.
C000709,5440,DataCo SMART Supply Chain,Mary Malone,XXXXXXXXX,direct_dataco_customer,Direct mapping from DataCo Customer Id to Nelson DSS customer_id.
C000710,744,DataCo SMART Supply Chain,Gary Hodges,XXXXXXXXX,direct_dataco_customer,Direct mapping from DataCo Customer Id to Nelson DSS customer_id.
C000711,11936,DataCo SMART Supply Chain,Mary Smith,XXXXXXXXX,direct_dataco_customer,Direct mapping from DataCo Customer Id to Nelson DSS customer_id.
C000712,5824,DataCo SMART Supply Chain,James Smith,XXXXXXXXX,direct_dataco_customer,Direct mapping from DataCo Customer Id to Nelson DSS customer_id.
C000713,7327,DataCo SMART Supply Chain,Tammy Hood,XXXXXXXXX,direct_dataco_customer,Direct mapping from DataCo Customer Id to Nelson DSS customer_id.
C000714,3523,DataCo SMART Supply Chain,Mary Mcgee,XXXXXXXXX,direct_dataco_customer,Direct mapping from DataCo Customer Id to Nelson DSS customer_id.
C000715,1940,DataCo SMART Supply Chain,Katherine Smith,XXXXXXXXX,direct_dataco_customer,Direct mapping from DataCo Customer Id to Nelson DSS customer_id.
C000716,7868,DataCo SMART Supply Chain,Michael Smith,XXXXXXXXX,direct_dataco_customer,Direct mapping from DataCo Customer Id to Nelson DSS customer_id.
C000717,6470,DataCo SMART Supply Chain,Douglas Smith,XXXXXXXXX,direct_dataco_customer,Direct mapping from DataCo Customer Id to Nelson DSS customer_id.
C000718,7050,DataCo SMART Supply Chain,Mary Holloway,XXXXXXXXX,direct_dataco_customer,Direct mapping from DataCo Customer Id to Nelson DSS customer_id.
C000719,6350,DataCo SMART Supply Chain,Mary Wilson,XXXXXXXXX,direct_dataco_customer,Direct mapping from DataCo Customer Id to Nelson DSS customer_id.
C000720,1158,DataCo SMART Supply Chain,Emily Price,XXXXXXXXX,direct_dataco_customer,Direct mapping from DataCo Customer Id to Nelson DSS customer_id.
C000721,2037,DataCo SMART Supply Chain,Jacob Clark,XXXXXXXXX,direct_dataco_customer,Direct mapping from DataCo Customer Id to Nelson DSS customer_id.
C000722,3577,DataCo SMART Supply Chain,Michael Martin,XXXXXXXXX,direct_dataco_customer,Direct mapping from DataCo Customer Id to Nelson DSS customer_id.
C000723,6707,DataCo SMART Supply Chain,Grace Smith,XXXXXXXXX,direct_dataco_customer,Direct mapping from DataCo Customer Id to Nelson DSS customer_id.
C000724,10681,DataCo SMART Supply Chain,Mary Hatfield,XXXXXXXXX,direct_dataco_customer,Direct mapping from DataCo Customer Id to Nelson DSS customer_id.
C000725,5490,DataCo SMART Supply Chain,Mary Richardson,XXXXXXXXX,direct_dataco_customer,Direct mapping from DataCo Customer Id to Nelson DSS customer_id.
C000726,5965,DataCo SMART Supply Chain,Richard Parker,XXXXXXXXX,direct_dataco_customer,Direct mapping from DataCo Customer Id to Nelson DSS customer_id.
C000727,10543,DataCo SMART Supply Chain,Jonathan Smith,XXXXXXXXX,direct_dataco_customer,Direct mapping from DataCo Customer Id to Nelson DSS customer_id.
C000728,3138,DataCo SMART Supply Chain,Barbara Nelson,XXXXXXXXX,direct_dataco_customer,Direct mapping from DataCo Customer Id to Nelson DSS customer_id.
C000729,388,DataCo SMART Supply Chain,Robert Smith,XXXXXXXXX,direct_dataco_customer,Direct mapping from DataCo Customer Id to Nelson DSS customer_id.
C000730,11777,DataCo SMART Supply Chain,Melissa Marsh,XXXXXXXXX,direct_dataco_customer,Direct mapping from DataCo Customer Id to Nelson DSS customer_id.
C000731,10077,DataCo SMART Supply Chain,Judith Smith,XXXXXXXXX,direct_dataco_customer,Direct mapping from DataCo Customer Id to Nelson DSS customer_id.
C000732,8930,DataCo SMART Supply Chain,Jordan Mcgee,XXXXXXXXX,direct_dataco_customer,Direct mapping from DataCo Customer Id to Nelson DSS customer_id.
C000733,364,DataCo SMART Supply Chain,Jason Mcmahon,XXXXXXXXX,direct_dataco_customer,Direct mapping from DataCo Customer Id to Nelson DSS customer_id.
C000734,11492,DataCo SMART Supply Chain,Evelyn Allen,XXXXXXXXX,direct_dataco_customer,Direct mapping from DataCo Customer Id to Nelson DSS customer_id.
C000735,4904,DataCo SMART Supply Chain,Bruce Smith,XXXXXXXXX,direct_dataco_customer,Direct mapping from DataCo Customer Id to Nelson DSS customer_id.
C000736,3365,DataCo SMART Supply Chain,William Crawford,XXXXXXXXX,direct_dataco_customer,Direct mapping from DataCo Customer Id to Nelson DSS customer_id.
C000737,682,DataCo SMART Supply Chain,Emma Smith,XXXXXXXXX,direct_dataco_customer,Direct mapping from DataCo Customer Id to Nelson DSS customer_id.
C000738,11542,DataCo SMART Supply Chain,Mary Perkins,XXXXXXXXX,direct_dataco_customer,Direct mapping from DataCo Customer Id to Nelson DSS customer_id.
C000739,5068,DataCo SMART Supply Chain,Anna Smith,XXXXXXXXX,direct_dataco_customer,Direct mapping from DataCo Customer Id to Nelson DSS customer_id.
C000740,10213,DataCo SMART Supply Chain,Justin Huff,XXXXXXXXX,direct_dataco_customer,Direct mapping from DataCo Customer Id to Nelson DSS customer_id.
C000741,10331,DataCo SMART Supply Chain,Megan Collier,XXXXXXXXX,direct_dataco_customer,Direct mapping from DataCo Customer Id to Nelson DSS customer_id.
C000742,10815,DataCo SMART Supply Chain,Dennis Smith,XXXXXXXXX,direct_dataco_customer,Direct mapping from DataCo Customer Id to Nelson DSS customer_id.
C000743,8800,DataCo SMART Supply Chain,John Smith,XXXXXXXXX,direct_dataco_customer,Direct mapping from DataCo Customer Id to Nelson DSS customer_id.
C000744,5382,DataCo SMART Supply Chain,Mary Smith,XXXXXXXXX,direct_dataco_customer,Direct mapping from DataCo Customer Id to Nelson DSS customer_id.
C000745,4721,DataCo SMART Supply Chain,Scott Keith,XXXXXXXXX,direct_dataco_customer,Direct mapping from DataCo Customer Id to Nelson DSS customer_id.
C000746,7317,DataCo SMART Supply Chain,Mary Smith,XXXXXXXXX,direct_dataco_customer,Direct mapping from DataCo Customer Id to Nelson DSS customer_id.
C000747,9283,DataCo SMART Supply Chain,Mary Smith,XXXXXXXXX,direct_dataco_customer,Direct mapping from DataCo Customer Id to Nelson DSS customer_id.
C000748,11109,DataCo SMART Supply Chain,William Smith,XXXXXXXXX,direct_dataco_customer,Direct mapping from DataCo Customer Id to Nelson DSS customer_id.
C000749,11766,DataCo SMART Supply Chain,Mary Mason,XXXXXXXXX,direct_dataco_customer,Direct mapping from DataCo Customer Id to Nelson DSS customer_id.
C000750,9103,DataCo SMART Supply Chain,Nathan Smith,XXXXXXXXX,direct_dataco_customer,Direct mapping from DataCo Customer Id to Nelson DSS customer_id.
C000751,2087,DataCo SMART Supply Chain,Mary Burton,XXXXXXXXX,direct_dataco_customer,Direct mapping from DataCo Customer Id to Nelson DSS customer_id.
C000752,1627,DataCo SMART Supply Chain,Mary Gonzales,XXXXXXXXX,direct_dataco_customer,Direct mapping from DataCo Customer Id to Nelson DSS customer_id.
C000753,5033,DataCo SMART Supply Chain,Mary Smith,XXXXXXXXX,direct_dataco_customer,Direct mapping from DataCo Customer Id to Nelson DSS customer_id.
C000754,11700,DataCo SMART Supply Chain,Ruth Smith,XXXXXXXXX,direct_dataco_customer,Direct mapping from DataCo Customer Id to Nelson DSS customer_id.
C000755,2833,DataCo SMART Supply Chain,Eric Vega,XXXXXXXXX,direct_dataco_customer,Direct mapping from DataCo Customer Id to Nelson DSS customer_id.
C000756,72,DataCo SMART Supply Chain,Frank Gillespie,XXXXXXXXX,direct_dataco_customer,Direct mapping from DataCo Customer Id to Nelson DSS customer_id.
C000757,4700,DataCo SMART Supply Chain,Mary Campbell,XXXXXXXXX,direct_dataco_customer,Direct mapping from DataCo Customer Id to Nelson DSS customer_id.
C000758,502,DataCo SMART Supply Chain,Jennifer May,XXXXXXXXX,direct_dataco_customer,Direct mapping from DataCo Customer Id to Nelson DSS customer_id.
C000759,11784,DataCo SMART Supply Chain,Mary Cunningham,XXXXXXXXX,direct_dataco_customer,Direct mapping from DataCo Customer Id to Nelson DSS customer_id.
C000760,8420,DataCo SMART Supply Chain,Gregory Fitzpatrick,XXXXXXXXX,direct_dataco_customer,Direct mapping from DataCo Customer Id to Nelson DSS customer_id.
C000761,3501,DataCo SMART Supply Chain,Rachel Davila,XXXXXXXXX,direct_dataco_customer,Direct mapping from DataCo Customer Id to Nelson DSS customer_id.
C000762,4969,DataCo SMART Supply Chain,Mary Smith,XXXXXXXXX,direct_dataco_customer,Direct mapping from DataCo Customer Id to Nelson DSS customer_id.
C000763,847,DataCo SMART Supply Chain,Jerry Ferguson,XXXXXXXXX,direct_dataco_customer,Direct mapping from DataCo Customer Id to Nelson DSS customer_id.
C000764,10572,DataCo SMART Supply Chain,Mary Smith,XXXXXXXXX,direct_dataco_customer,Direct mapping from DataCo Customer Id to Nelson DSS customer_id.
C000765,8065,DataCo SMART Supply Chain,Margaret Smith,XXXXXXXXX,direct_dataco_customer,Direct mapping from DataCo Customer Id to Nelson DSS customer_id.
C000766,1106,DataCo SMART Supply Chain,Daniel Smith,XXXXXXXXX,direct_dataco_customer,Direct mapping from DataCo Customer Id to Nelson DSS customer_id.
C000767,373,DataCo SMART Supply Chain,George Sandoval,XXXXXXXXX,direct_dataco_customer,Direct mapping from DataCo Customer Id to Nelson DSS customer_id.
C000768,483,DataCo SMART Supply Chain,Mary Smith,XXXXXXXXX,direct_dataco_customer,Direct mapping from DataCo Customer Id to Nelson DSS customer_id.
C000769,2824,DataCo SMART Supply Chain,Mary Bray,XXXXXXXXX,direct_dataco_customer,Direct mapping from DataCo Customer Id to Nelson DSS customer_id.
C000770,6263,DataCo SMART Supply Chain,John Smith,XXXXXXXXX,direct_dataco_customer,Direct mapping from DataCo Customer Id to Nelson DSS customer_id.
C000771,11313,DataCo SMART Supply Chain,Mary Smith,XXXXXXXXX,direct_dataco_customer,Direct mapping from DataCo Customer Id to Nelson DSS customer_id.
C000772,40,DataCo SMART Supply Chain,Mary Smith,XXXXXXXXX,direct_dataco_customer,Direct mapping from DataCo Customer Id to Nelson DSS customer_id.
C000773,10521,DataCo SMART Supply Chain,Mary Wood,XXXXXXXXX,direct_dataco_customer,Direct mapping from DataCo Customer Id to Nelson DSS customer_id.
C000774,9785,DataCo SMART Supply Chain,Barbara Barnes,XXXXXXXXX,direct_dataco_customer,Direct mapping from DataCo Customer Id to Nelson DSS customer_id.
C000775,6281,DataCo SMART Supply Chain,Eugene Calderon,XXXXXXXXX,direct_dataco_customer,Direct mapping from DataCo Customer Id to Nelson DSS customer_id.
C000776,8587,DataCo SMART Supply Chain,James Roy,XXXXXXXXX,direct_dataco_customer,Direct mapping from DataCo Customer Id to Nelson DSS customer_id.
C000777,3336,DataCo SMART Supply Chain,Sandra Hunter,XXXXXXXXX,direct_dataco_customer,Direct mapping from DataCo Customer Id to Nelson DSS customer_id.
C000778,12341,DataCo SMART Supply Chain,Roy Fields,XXXXXXXXX,direct_dataco_customer,Direct mapping from DataCo Customer Id to Nelson DSS customer_id.
C000779,4258,DataCo SMART Supply Chain,Charles Rogers,XXXXXXXXX,direct_dataco_customer,Direct mapping from DataCo Customer Id to Nelson DSS customer_id.
C000780,9341,DataCo SMART Supply Chain,Karen Collins,XXXXXXXXX,direct_dataco_customer,Direct mapping from DataCo Customer Id to Nelson DSS customer_id.
C000781,4991,DataCo SMART Supply Chain,Mary Krause,XXXXXXXXX,direct_dataco_customer,Direct mapping from DataCo Customer Id to Nelson DSS customer_id.
C000782,9671,DataCo SMART Supply Chain,Jennifer Smith,XXXXXXXXX,direct_dataco_customer,Direct mapping from DataCo Customer Id to Nelson DSS customer_id.
C000783,7790,DataCo SMART Supply Chain,Edward Castaneda,XXXXXXXXX,direct_dataco_customer,Direct mapping from DataCo Customer Id to Nelson DSS customer_id.
C000784,4557,DataCo SMART Supply Chain,David Sutton,XXXXXXXXX,direct_dataco_customer,Direct mapping from DataCo Customer Id to Nelson DSS customer_id.
C000785,12013,DataCo SMART Supply Chain,Katherine Kramer,XXXXXXXXX,direct_dataco_customer,Direct mapping from DataCo Customer Id to Nelson DSS customer_id.
C000786,9459,DataCo SMART Supply Chain,Stephen Bond,XXXXXXXXX,direct_dataco_customer,Direct mapping from DataCo Customer Id to Nelson DSS customer_id.
C000787,6229,DataCo SMART Supply Chain,Mary Smith,XXXXXXXXX,direct_dataco_customer,Direct mapping from DataCo Customer Id to Nelson DSS customer_id.
C000788,3020,DataCo SMART Supply Chain,Mary Smith,XXXXXXXXX,direct_dataco_customer,Direct mapping from DataCo Customer Id to Nelson DSS customer_id.
C000789,7988,DataCo SMART Supply Chain,Mary Rice,XXXXXXXXX,direct_dataco_customer,Direct mapping from DataCo Customer Id to Nelson DSS customer_id.
C000790,12432,DataCo SMART Supply Chain,Angela Smith,XXXXXXXXX,direct_dataco_customer,Direct mapping from DataCo Customer Id to Nelson DSS customer_id.
C000791,4595,DataCo SMART Supply Chain,Christian Smith,XXXXXXXXX,direct_dataco_customer,Direct mapping from DataCo Customer Id to Nelson DSS customer_id.
C000792,12347,DataCo SMART Supply Chain,Ralph Preston,XXXXXXXXX,direct_dataco_customer,Direct mapping from DataCo Customer Id to Nelson DSS customer_id.
C000793,569,DataCo SMART Supply Chain,Mary Frye,XXXXXXXXX,direct_dataco_customer,Direct mapping from DataCo Customer Id to Nelson DSS customer_id.
C000794,4582,DataCo SMART Supply Chain,Brian House,XXXXXXXXX,direct_dataco_customer,Direct mapping from DataCo Customer Id to Nelson DSS customer_id.
C000795,9819,DataCo SMART Supply Chain,Crystal Smith,XXXXXXXXX,direct_dataco_customer,Direct mapping from DataCo Customer Id to Nelson DSS customer_id.
C000796,771,DataCo SMART Supply Chain,Patricia Smith,XXXXXXXXX,direct_dataco_customer,Direct mapping from DataCo Customer Id to Nelson DSS customer_id.
C000797,5672,DataCo SMART Supply Chain,Mary Smith,XXXXXXXXX,direct_dataco_customer,Direct mapping from DataCo Customer Id to Nelson DSS customer_id.
C000798,3229,DataCo SMART Supply Chain,Teresa Smith,XXXXXXXXX,direct_dataco_customer,Direct mapping from DataCo Customer Id to Nelson DSS customer_id.
C000799,4376,DataCo SMART Supply Chain,Scott Smith,XXXXXXXXX,direct_dataco_customer,Direct mapping from DataCo Customer Id to Nelson DSS customer_id.
C000800,12210,DataCo SMART Supply Chain,Mary Smith,XXXXXXXXX,direct_dataco_customer,Direct mapping from DataCo Customer Id to Nelson DSS customer_id.
C000801,10992,DataCo SMART Supply Chain,Barbara Duran,XXXXXXXXX,direct_dataco_customer,Direct mapping from DataCo Customer Id to Nelson DSS customer_id.
C000802,10803,DataCo SMART Supply Chain,Laura Carey,XXXXXXXXX,direct_dataco_customer,Direct mapping from DataCo Customer Id to Nelson DSS customer_id.
C000803,7298,DataCo SMART Supply Chain,Mary Barnes,XXXXXXXXX,direct_dataco_customer,Direct mapping from DataCo Customer Id to Nelson DSS customer_id.
C000804,10278,DataCo SMART Supply Chain,Mary Farrell,XXXXXXXXX,direct_dataco_customer,Direct mapping from DataCo Customer Id to Nelson DSS customer_id.
C000805,8697,DataCo SMART Supply Chain,Gerald Smith,XXXXXXXXX,direct_dataco_customer,Direct mapping from DataCo Customer Id to Nelson DSS customer_id.
C000806,9248,DataCo SMART Supply Chain,Mary Luna,XXXXXXXXX,direct_dataco_customer,Direct mapping from DataCo Customer Id to Nelson DSS customer_id.
C000807,9898,DataCo SMART Supply Chain,Mary Moon,XXXXXXXXX,direct_dataco_customer,Direct mapping from DataCo Customer Id to Nelson DSS customer_id.
C000808,5907,DataCo SMART Supply Chain,Mary Proctor,XXXXXXXXX,direct_dataco_customer,Direct mapping from DataCo Customer Id to Nelson DSS customer_id.
C000809,245,DataCo SMART Supply Chain,Deborah Smith,XXXXXXXXX,direct_dataco_customer,Direct mapping from DataCo Customer Id to Nelson DSS customer_id.
C000810,6459,DataCo SMART Supply Chain,Vincent Valenzuela,XXXXXXXXX,direct_dataco_customer,Direct mapping from DataCo Customer Id to Nelson DSS customer_id.
C000811,9325,DataCo SMART Supply Chain,Mary Navarro,XXXXXXXXX,direct_dataco_customer,Direct mapping from DataCo Customer Id to Nelson DSS customer_id.
C000812,4863,DataCo SMART Supply Chain,Elizabeth Smith,XXXXXXXXX,direct_dataco_customer,Direct mapping from DataCo Customer Id to Nelson DSS customer_id.
C000813,12192,DataCo SMART Supply Chain,Mary Carlson,XXXXXXXXX,direct_dataco_customer,Direct mapping from DataCo Customer Id to Nelson DSS customer_id.
C000814,9375,DataCo SMART Supply Chain,George Smith,XXXXXXXXX,direct_dataco_customer,Direct mapping from DataCo Customer Id to Nelson DSS customer_id.
C000815,6529,DataCo SMART Supply Chain,Aaron Smith,XXXXXXXXX,direct_dataco_customer,Direct mapping from DataCo Customer Id to Nelson DSS customer_id.
C000816,2942,DataCo SMART Supply Chain,Mary Taylor,XXXXXXXXX,direct_dataco_customer,Direct mapping from DataCo Customer Id to Nelson DSS customer_id.
C000817,12291,DataCo SMART Supply Chain,Jennifer Sims,XXXXXXXXX,direct_dataco_customer,Direct mapping from DataCo Customer Id to Nelson DSS customer_id.
C000818,9690,DataCo SMART Supply Chain,Edward Mccoy,XXXXXXXXX,direct_dataco_customer,Direct mapping from DataCo Customer Id to Nelson DSS customer_id.
C000819,9003,DataCo SMART Supply Chain,Judy Duran,XXXXXXXXX,direct_dataco_customer,Direct mapping from DataCo Customer Id to Nelson DSS customer_id.
C000820,7215,DataCo SMART Supply Chain,Patricia Ruiz,XXXXXXXXX,direct_dataco_customer,Direct mapping from DataCo Customer Id to Nelson DSS customer_id.
C000821,3074,DataCo SMART Supply Chain,Mary Smith,XXXXXXXXX,direct_dataco_customer,Direct mapping from DataCo Customer Id to Nelson DSS customer_id.
C000822,3272,DataCo SMART Supply Chain,Julie Smith,XXXXXXXXX,direct_dataco_customer,Direct mapping from DataCo Customer Id to Nelson DSS customer_id.
C000823,8618,DataCo SMART Supply Chain,Joan Trujillo,XXXXXXXXX,direct_dataco_customer,Direct mapping from DataCo Customer Id to Nelson DSS customer_id.
C000824,3323,DataCo SMART Supply Chain,Megan Meyers,XXXXXXXXX,direct_dataco_customer,Direct mapping from DataCo Customer Id to Nelson DSS customer_id.
C000825,6342,DataCo SMART Supply Chain,Kimberly Blair,XXXXXXXXX,direct_dataco_customer,Direct mapping from DataCo Customer Id to Nelson DSS customer_id.
C000826,11263,DataCo SMART Supply Chain,Mary Keller,XXXXXXXXX,direct_dataco_customer,Direct mapping from DataCo Customer Id to Nelson DSS customer_id.
C000827,12201,DataCo SMART Supply Chain,Mary Burton,XXXXXXXXX,direct_dataco_customer,Direct mapping from DataCo Customer Id to Nelson DSS customer_id.
C000828,5946,DataCo SMART Supply Chain,Daniel Smith,XXXXXXXXX,direct_dataco_customer,Direct mapping from DataCo Customer Id to Nelson DSS customer_id.
C000829,5301,DataCo SMART Supply Chain,Mary Ward,XXXXXXXXX,direct_dataco_customer,Direct mapping from DataCo Customer Id to Nelson DSS customer_id.
C000830,1762,DataCo SMART Supply Chain,Nicholas Smith,XXXXXXXXX,direct_dataco_customer,Direct mapping from DataCo Customer Id to Nelson DSS customer_id.
C000831,7013,DataCo SMART Supply Chain,Amber Smith,XXXXXXXXX,direct_dataco_customer,Direct mapping from DataCo Customer Id to Nelson DSS customer_id.
C000832,3868,DataCo SMART Supply Chain,Rachel Smith,XXXXXXXXX,direct_dataco_customer,Direct mapping from DataCo Customer Id to Nelson DSS customer_id.
C000833,11606,DataCo SMART Supply Chain,Mary Cisneros,XXXXXXXXX,direct_dataco_customer,Direct mapping from DataCo Customer Id to Nelson DSS customer_id.
C000834,5411,DataCo SMART Supply Chain,Robert Crane,XXXXXXXXX,direct_dataco_customer,Direct mapping from DataCo Customer Id to Nelson DSS customer_id.
C000835,1731,DataCo SMART Supply Chain,Michelle Bennett,XXXXXXXXX,direct_dataco_customer,Direct mapping from DataCo Customer Id to Nelson DSS customer_id.
C000836,11133,DataCo SMART Supply Chain,Mary Smith,XXXXXXXXX,direct_dataco_customer,Direct mapping from DataCo Customer Id to Nelson DSS customer_id.
C000837,2429,DataCo SMART Supply Chain,Mary Roberts,XXXXXXXXX,direct_dataco_customer,Direct mapping from DataCo Customer Id to Nelson DSS customer_id.
C000838,5741,DataCo SMART Supply Chain,Mary Spencer,XXXXXXXXX,direct_dataco_customer,Direct mapping from DataCo Customer Id to Nelson DSS customer_id.
C000839,1498,DataCo SMART Supply Chain,Peter Bray,XXXXXXXXX,direct_dataco_customer,Direct mapping from DataCo Customer Id to Nelson DSS customer_id.
C000840,455,DataCo SMART Supply Chain,Jeffrey Smith,XXXXXXXXX,direct_dataco_customer,Direct mapping from DataCo Customer Id to Nelson DSS customer_id.
C000841,10854,DataCo SMART Supply Chain,Mary Coleman,XXXXXXXXX,direct_dataco_customer,Direct mapping from DataCo Customer Id to Nelson DSS customer_id.
C000842,1589,DataCo SMART Supply Chain,Matthew Brennan,XXXXXXXXX,direct_dataco_customer,Direct mapping from DataCo Customer Id to Nelson DSS customer_id.
C000843,433,DataCo SMART Supply Chain,Mary Smith,XXXXXXXXX,direct_dataco_customer,Direct mapping from DataCo Customer Id to Nelson DSS customer_id.
C000844,9872,DataCo SMART Supply Chain,Mary Aguilar,XXXXXXXXX,direct_dataco_customer,Direct mapping from DataCo Customer Id to Nelson DSS customer_id.
C000845,5093,DataCo SMART Supply Chain,Sara Rice,XXXXXXXXX,direct_dataco_customer,Direct mapping from DataCo Customer Id to Nelson DSS customer_id.
C000846,2609,DataCo SMART Supply Chain,Mary Smith,XXXXXXXXX,direct_dataco_customer,Direct mapping from DataCo Customer Id to Nelson DSS customer_id.
C000847,4159,DataCo SMART Supply Chain,Mary Castillo,XXXXXXXXX,direct_dataco_customer,Direct mapping from DataCo Customer Id to Nelson DSS customer_id.
C000848,1225,DataCo SMART Supply Chain,Mary Smith,XXXXXXXXX,direct_dataco_customer,Direct mapping from DataCo Customer Id to Nelson DSS customer_id.
C000849,3676,DataCo SMART Supply Chain,Mary Smith,XXXXXXXXX,direct_dataco_customer,Direct mapping from DataCo Customer Id to Nelson DSS customer_id.
C000850,4911,DataCo SMART Supply Chain,Mary Smith,XXXXXXXXX,direct_dataco_customer,Direct mapping from DataCo Customer Id to Nelson DSS customer_id.
C000851,6319,DataCo SMART Supply Chain,Mary Merritt,XXXXXXXXX,direct_dataco_customer,Direct mapping from DataCo Customer Id to Nelson DSS customer_id.
C000852,174,DataCo SMART Supply Chain,Mary Perez,XXXXXXXXX,direct_dataco_customer,Direct mapping from DataCo Customer Id to Nelson DSS customer_id.
C000853,8198,DataCo SMART Supply Chain,Mary Frank,XXXXXXXXX,direct_dataco_customer,Direct mapping from DataCo Customer Id to Nelson DSS customer_id.
C000854,8981,DataCo SMART Supply Chain,Mary Bennett,XXXXXXXXX,direct_dataco_customer,Direct mapping from DataCo Customer Id to Nelson DSS customer_id.
C000855,7677,DataCo SMART Supply Chain,Mary Bonilla,XXXXXXXXX,direct_dataco_customer,Direct mapping from DataCo Customer Id to Nelson DSS customer_id.
C000856,987,DataCo SMART Supply Chain,Cheryl Smith,XXXXXXXXX,direct_dataco_customer,Direct mapping from DataCo Customer Id to Nelson DSS customer_id.
C000857,2155,DataCo SMART Supply Chain,Joshua Mckinney,XXXXXXXXX,direct_dataco_customer,Direct mapping from DataCo Customer Id to Nelson DSS customer_id.
C000858,3581,DataCo SMART Supply Chain,Mary Pugh,XXXXXXXXX,direct_dataco_customer,Direct mapping from DataCo Customer Id to Nelson DSS customer_id.
C000859,5302,DataCo SMART Supply Chain,Betty Smith,XXXXXXXXX,direct_dataco_customer,Direct mapping from DataCo Customer Id to Nelson DSS customer_id.
C000860,12207,DataCo SMART Supply Chain,Jose Smith,XXXXXXXXX,direct_dataco_customer,Direct mapping from DataCo Customer Id to Nelson DSS customer_id.
C000861,1806,DataCo SMART Supply Chain,Roger Smith,XXXXXXXXX,direct_dataco_customer,Direct mapping from DataCo Customer Id to Nelson DSS customer_id.
C000862,4618,DataCo SMART Supply Chain,Andrea Smith,XXXXXXXXX,direct_dataco_customer,Direct mapping from DataCo Customer Id to Nelson DSS customer_id.
C000863,4931,DataCo SMART Supply Chain,Arthur Smith,XXXXXXXXX,direct_dataco_customer,Direct mapping from DataCo Customer Id to Nelson DSS customer_id.
C000864,3531,DataCo SMART Supply Chain,Amanda Foster,XXXXXXXXX,direct_dataco_customer,Direct mapping from DataCo Customer Id to Nelson DSS customer_id.
C000865,5971,DataCo SMART Supply Chain,Philip Johnson,XXXXXXXXX,direct_dataco_customer,Direct mapping from DataCo Customer Id to Nelson DSS customer_id.
C000866,9789,DataCo SMART Supply Chain,Daniel Valdez,XXXXXXXXX,direct_dataco_customer,Direct mapping from DataCo Customer Id to Nelson DSS customer_id.
C000867,7186,DataCo SMART Supply Chain,Mary Meadows,XXXXXXXXX,direct_dataco_customer,Direct mapping from DataCo Customer Id to Nelson DSS customer_id.
C000868,1619,DataCo SMART Supply Chain,Laura Smith,XXXXXXXXX,direct_dataco_customer,Direct mapping from DataCo Customer Id to Nelson DSS customer_id.
C000869,2134,DataCo SMART Supply Chain,Mary Gibbs,XXXXXXXXX,direct_dataco_customer,Direct mapping from DataCo Customer Id to Nelson DSS customer_id.
C000870,2027,DataCo SMART Supply Chain,Jennifer Mills,XXXXXXXXX,direct_dataco_customer,Direct mapping from DataCo Customer Id to Nelson DSS customer_id.
C000871,9563,DataCo SMART Supply Chain,Pamela Murphy,XXXXXXXXX,direct_dataco_customer,Direct mapping from DataCo Customer Id to Nelson DSS customer_id.
C000872,4654,DataCo SMART Supply Chain,Alexander Smith,XXXXXXXXX,direct_dataco_customer,Direct mapping from DataCo Customer Id to Nelson DSS customer_id.
C000873,7602,DataCo SMART Supply Chain,Brian Mitchell,XXXXXXXXX,direct_dataco_customer,Direct mapping from DataCo Customer Id to Nelson DSS customer_id.
C000874,9967,DataCo SMART Supply Chain,Linda Herman,XXXXXXXXX,direct_dataco_customer,Direct mapping from DataCo Customer Id to Nelson DSS customer_id.
C000875,7158,DataCo SMART Supply Chain,Mary Todd,XXXXXXXXX,direct_dataco_customer,Direct mapping from DataCo Customer Id to Nelson DSS customer_id.
C000876,7960,DataCo SMART Supply Chain,Ethan Thomas,XXXXXXXXX,direct_dataco_customer,Direct mapping from DataCo Customer Id to Nelson DSS customer_id.
C000877,7590,DataCo SMART Supply Chain,Robert Johnson,XXXXXXXXX,direct_dataco_customer,Direct mapping from DataCo Customer Id to Nelson DSS customer_id.
C000878,2252,DataCo SMART Supply Chain,Mary Smith,XXXXXXXXX,direct_dataco_customer,Direct mapping from DataCo Customer Id to Nelson DSS customer_id.
C000879,8974,DataCo SMART Supply Chain,Mary Schultz,XXXXXXXXX,direct_dataco_customer,Direct mapping from DataCo Customer Id to Nelson DSS customer_id.
C000880,2600,DataCo SMART Supply Chain,Deborah Smith,XXXXXXXXX,direct_dataco_customer,Direct mapping from DataCo Customer Id to Nelson DSS customer_id.
C000881,5787,DataCo SMART Supply Chain,Jordan Medina,XXXXXXXXX,direct_dataco_customer,Direct mapping from DataCo Customer Id to Nelson DSS customer_id.
C000882,8174,DataCo SMART Supply Chain,Jane Simmons,XXXXXXXXX,direct_dataco_customer,Direct mapping from DataCo Customer Id to Nelson DSS customer_id.
C000883,6480,DataCo SMART Supply Chain,Ryan Austin,XXXXXXXXX,direct_dataco_customer,Direct mapping from DataCo Customer Id to Nelson DSS customer_id.
C000884,6472,DataCo SMART Supply Chain,Albert Smith,XXXXXXXXX,direct_dataco_customer,Direct mapping from DataCo Customer Id to Nelson DSS customer_id.
C000885,4907,DataCo SMART Supply Chain,Amanda Lopez,XXXXXXXXX,direct_dataco_customer,Direct mapping from DataCo Customer Id to Nelson DSS customer_id.
C000886,12301,DataCo SMART Supply Chain,John Smith,XXXXXXXXX,direct_dataco_customer,Direct mapping from DataCo Customer Id to Nelson DSS customer_id.
C000887,2365,DataCo SMART Supply Chain,Sara Smith,XXXXXXXXX,direct_dataco_customer,Direct mapping from DataCo Customer Id to Nelson DSS customer_id.
C000888,11678,DataCo SMART Supply Chain,Olivia Smith,XXXXXXXXX,direct_dataco_customer,Direct mapping from DataCo Customer Id to Nelson DSS customer_id.
C000889,11089,DataCo SMART Supply Chain,Mary Smith,XXXXXXXXX,direct_dataco_customer,Direct mapping from DataCo Customer Id to Nelson DSS customer_id.
C000890,11061,DataCo SMART Supply Chain,Joseph Webster,XXXXXXXXX,direct_dataco_customer,Direct mapping from DataCo Customer Id to Nelson DSS customer_id.
C000891,8986,DataCo SMART Supply Chain,Mary Smith,XXXXXXXXX,direct_dataco_customer,Direct mapping from DataCo Customer Id to Nelson DSS customer_id.
C000892,9847,DataCo SMART Supply Chain,Mary Smith,XXXXXXXXX,direct_dataco_customer,Direct mapping from DataCo Customer Id to Nelson DSS customer_id.
C000893,5186,DataCo SMART Supply Chain,Jason Robinson,XXXXXXXXX,direct_dataco_customer,Direct mapping from DataCo Customer Id to Nelson DSS customer_id.
C000894,9510,DataCo SMART Supply Chain,Steven Wright,XXXXXXXXX,direct_dataco_customer,Direct mapping from DataCo Customer Id to Nelson DSS customer_id.
C000895,616,DataCo SMART Supply Chain,Nancy Mcclure,XXXXXXXXX,direct_dataco_customer,Direct mapping from DataCo Customer Id to Nelson DSS customer_id.
C000896,1688,DataCo SMART Supply Chain,Mary Blake,XXXXXXXXX,direct_dataco_customer,Direct mapping from DataCo Customer Id to Nelson DSS customer_id.
C000897,8203,DataCo SMART Supply Chain,Nicole Harrison,XXXXXXXXX,direct_dataco_customer,Direct mapping from DataCo Customer Id to Nelson DSS customer_id.
C000898,6236,DataCo SMART Supply Chain,Mary Martinez,XXXXXXXXX,direct_dataco_customer,Direct mapping from DataCo Customer Id to Nelson DSS customer_id.
C000899,1685,DataCo SMART Supply Chain,Cheryl Buchanan,XXXXXXXXX,direct_dataco_customer,Direct mapping from DataCo Customer Id to Nelson DSS customer_id.
C000900,9969,DataCo SMART Supply Chain,Mary Wright,XXXXXXXXX,direct_dataco_customer,Direct mapping from DataCo Customer Id to Nelson DSS customer_id.
C000901,4186,DataCo SMART Supply Chain,Joseph Smith,XXXXXXXXX,direct_dataco_customer,Direct mapping from DataCo Customer Id to Nelson DSS customer_id.
C000902,9392,DataCo SMART Supply Chain,Sean Smith,XXXXXXXXX,direct_dataco_customer,Direct mapping from DataCo Customer Id to Nelson DSS customer_id.
C000903,11817,DataCo SMART Supply Chain,Mary Smith,XXXXXXXXX,direct_dataco_customer,Direct mapping from DataCo Customer Id to Nelson DSS customer_id.
C000904,11275,DataCo SMART Supply Chain,Kyle Wheeler,XXXXXXXXX,direct_dataco_customer,Direct mapping from DataCo Customer Id to Nelson DSS customer_id.
C000905,6168,DataCo SMART Supply Chain,Arthur Li,XXXXXXXXX,direct_dataco_customer,Direct mapping from DataCo Customer Id to Nelson DSS customer_id.
C000906,10118,DataCo SMART Supply Chain,Mary Reynolds,XXXXXXXXX,direct_dataco_customer,Direct mapping from DataCo Customer Id to Nelson DSS customer_id.
C000907,1024,DataCo SMART Supply Chain,Paul Alvarado,XXXXXXXXX,direct_dataco_customer,Direct mapping from DataCo Customer Id to Nelson DSS customer_id.
C000908,5865,DataCo SMART Supply Chain,David Middleton,XXXXXXXXX,direct_dataco_customer,Direct mapping from DataCo Customer Id to Nelson DSS customer_id.
C000909,2291,DataCo SMART Supply Chain,Mary Mcdonald,XXXXXXXXX,direct_dataco_customer,Direct mapping from DataCo Customer Id to Nelson DSS customer_id.
C000910,2669,DataCo SMART Supply Chain,Dorothy Buck,XXXXXXXXX,direct_dataco_customer,Direct mapping from DataCo Customer Id to Nelson DSS customer_id.
C000911,4901,DataCo SMART Supply Chain,Brenda Smith,XXXXXXXXX,direct_dataco_customer,Direct mapping from DataCo Customer Id to Nelson DSS customer_id.
C000912,3206,DataCo SMART Supply Chain,Mary Smith,XXXXXXXXX,direct_dataco_customer,Direct mapping from DataCo Customer Id to Nelson DSS customer_id.
C000913,3280,DataCo SMART Supply Chain,Kathleen Smith,XXXXXXXXX,direct_dataco_customer,Direct mapping from DataCo Customer Id to Nelson DSS customer_id.
C000914,3506,DataCo SMART Supply Chain,Samantha Graham,XXXXXXXXX,direct_dataco_customer,Direct mapping from DataCo Customer Id to Nelson DSS customer_id.
C000915,1430,DataCo SMART Supply Chain,Henry Smith,XXXXXXXXX,direct_dataco_customer,Direct mapping from DataCo Customer Id to Nelson DSS customer_id.
C000916,8681,DataCo SMART Supply Chain,Cynthia Smith,XXXXXXXXX,direct_dataco_customer,Direct mapping from DataCo Customer Id to Nelson DSS customer_id.
C000917,2769,DataCo SMART Supply Chain,Mary Hendricks,XXXXXXXXX,direct_dataco_customer,Direct mapping from DataCo Customer Id to Nelson DSS customer_id.
C000918,10554,DataCo SMART Supply Chain,Justin Smith,XXXXXXXXX,direct_dataco_customer,Direct mapping from DataCo Customer Id to Nelson DSS customer_id.
C000919,7887,DataCo SMART Supply Chain,Mary Keller,XXXXXXXXX,direct_dataco_customer,Direct mapping from DataCo Customer Id to Nelson DSS customer_id.
C000920,7848,DataCo SMART Supply Chain,Jessica Smith,XXXXXXXXX,direct_dataco_customer,Direct mapping from DataCo Customer Id to Nelson DSS customer_id.
C000921,5644,DataCo SMART Supply Chain,Carl Horn,XXXXXXXXX,direct_dataco_customer,Direct mapping from DataCo Customer Id to Nelson DSS customer_id.
C000922,9589,DataCo SMART Supply Chain,Jacqueline Arroyo,XXXXXXXXX,direct_dataco_customer,Direct mapping from DataCo Customer Id to Nelson DSS customer_id.
C000923,4238,DataCo SMART Supply Chain,Bryan Griffin,XXXXXXXXX,direct_dataco_customer,Direct mapping from DataCo Customer Id to Nelson DSS customer_id.
C000924,12213,DataCo SMART Supply Chain,Mary Smith,XXXXXXXXX,direct_dataco_customer,Direct mapping from DataCo Customer Id to Nelson DSS customer_id.
C000925,8084,DataCo SMART Supply Chain,Mary Smith,XXXXXXXXX,direct_dataco_customer,Direct mapping from DataCo Customer Id to Nelson DSS customer_id.
C000926,2083,DataCo SMART Supply Chain,Mary Smith,XXXXXXXXX,direct_dataco_customer,Direct mapping from DataCo Customer Id to Nelson DSS customer_id.
C000927,2680,DataCo SMART Supply Chain,Jennifer Ferguson,XXXXXXXXX,direct_dataco_customer,Direct mapping from DataCo Customer Id to Nelson DSS customer_id.
C000928,5657,DataCo SMART Supply Chain,Mary James,XXXXXXXXX,direct_dataco_customer,Direct mapping from DataCo Customer Id to Nelson DSS customer_id.
C000929,9992,DataCo SMART Supply Chain,Mary Smith,XXXXXXXXX,direct_dataco_customer,Direct mapping from DataCo Customer Id to Nelson DSS customer_id.
C000930,4959,DataCo SMART Supply Chain,Laura Baldwin,XXXXXXXXX,direct_dataco_customer,Direct mapping from DataCo Customer Id to Nelson DSS customer_id.
C000931,4561,DataCo SMART Supply Chain,Scott Stone,XXXXXXXXX,direct_dataco_customer,Direct mapping from DataCo Customer Id to Nelson DSS customer_id.
C000932,11662,DataCo SMART Supply Chain,Mary Smith,XXXXXXXXX,direct_dataco_customer,Direct mapping from DataCo Customer Id to Nelson DSS customer_id.
C000933,5011,DataCo SMART Supply Chain,William Berg,XXXXXXXXX,direct_dataco_customer,Direct mapping from DataCo Customer Id to Nelson DSS customer_id.
C000934,1946,DataCo SMART Supply Chain,Diane Smith,XXXXXXXXX,direct_dataco_customer,Direct mapping from DataCo Customer Id to Nelson DSS customer_id.
C000935,3128,DataCo SMART Supply Chain,Karen Turner,XXXXXXXXX,direct_dataco_customer,Direct mapping from DataCo Customer Id to Nelson DSS customer_id.
C000936,11694,DataCo SMART Supply Chain,Margaret Rios,XXXXXXXXX,direct_dataco_customer,Direct mapping from DataCo Customer Id to Nelson DSS customer_id.
C000937,8462,DataCo SMART Supply Chain,Helen Smith,XXXXXXXXX,direct_dataco_customer,Direct mapping from DataCo Customer Id to Nelson DSS customer_id.
C000938,5413,DataCo SMART Supply Chain,Mary Smith,XXXXXXXXX,direct_dataco_customer,Direct mapping from DataCo Customer Id to Nelson DSS customer_id.
C000939,11448,DataCo SMART Supply Chain,Mary Tucker,XXXXXXXXX,direct_dataco_customer,Direct mapping from DataCo Customer Id to Nelson DSS customer_id.
C000940,11630,DataCo SMART Supply Chain,Mary Clark,XXXXXXXXX,direct_dataco_customer,Direct mapping from DataCo Customer Id to Nelson DSS customer_id.
C000941,6307,DataCo SMART Supply Chain,Gregory Smith,XXXXXXXXX,direct_dataco_customer,Direct mapping from DataCo Customer Id to Nelson DSS customer_id.
C000942,8757,DataCo SMART Supply Chain,Tyler Gutierrez,XXXXXXXXX,direct_dataco_customer,Direct mapping from DataCo Customer Id to Nelson DSS customer_id.
C000943,11761,DataCo SMART Supply Chain,Lauren Coleman,XXXXXXXXX,direct_dataco_customer,Direct mapping from DataCo Customer Id to Nelson DSS customer_id.
C000944,9704,DataCo SMART Supply Chain,Mary Mcneil,XXXXXXXXX,direct_dataco_customer,Direct mapping from DataCo Customer Id to Nelson DSS customer_id.
C000945,396,DataCo SMART Supply Chain,Deborah Smith,XXXXXXXXX,direct_dataco_customer,Direct mapping from DataCo Customer Id to Nelson DSS customer_id.
C000946,9640,DataCo SMART Supply Chain,Andrea Leonard,XXXXXXXXX,direct_dataco_customer,Direct mapping from DataCo Customer Id to Nelson DSS customer_id.
C000947,5296,DataCo SMART Supply Chain,Evelyn Jefferson,XXXXXXXXX,direct_dataco_customer,Direct mapping from DataCo Customer Id to Nelson DSS customer_id.
C000948,8578,DataCo SMART Supply Chain,Kevin Graham,XXXXXXXXX,direct_dataco_customer,Direct mapping from DataCo Customer Id to Nelson DSS customer_id.
C000949,408,DataCo SMART Supply Chain,Elizabeth Raymond,XXXXXXXXX,direct_dataco_customer,Direct mapping from DataCo Customer Id to Nelson DSS customer_id.
C000950,4496,DataCo SMART Supply Chain,Joseph Hoffman,XXXXXXXXX,direct_dataco_customer,Direct mapping from DataCo Customer Id to Nelson DSS customer_id.
C000951,11127,DataCo SMART Supply Chain,Mary Tucker,XXXXXXXXX,direct_dataco_customer,Direct mapping from DataCo Customer Id to Nelson DSS customer_id.
C000952,3133,DataCo SMART Supply Chain,Ruth Becker,XXXXXXXXX,direct_dataco_customer,Direct mapping from DataCo Customer Id to Nelson DSS customer_id.
C000953,7016,DataCo SMART Supply Chain,Jack Sloan,XXXXXXXXX,direct_dataco_customer,Direct mapping from DataCo Customer Id to Nelson DSS customer_id.
C000954,5050,DataCo SMART Supply Chain,Susan Nicholson,XXXXXXXXX,direct_dataco_customer,Direct mapping from DataCo Customer Id to Nelson DSS customer_id.
C000955,4768,DataCo SMART Supply Chain,Amanda Hays,XXXXXXXXX,direct_dataco_customer,Direct mapping from DataCo Customer Id to Nelson DSS customer_id.
C000956,12362,DataCo SMART Supply Chain,Mary Smith,XXXXXXXXX,direct_dataco_customer,Direct mapping from DataCo Customer Id to Nelson DSS customer_id.
C000957,3482,DataCo SMART Supply Chain,Mary Horton,XXXXXXXXX,direct_dataco_customer,Direct mapping from DataCo Customer Id to Nelson DSS customer_id.
C000958,866,DataCo SMART Supply Chain,James Davies,XXXXXXXXX,direct_dataco_customer,Direct mapping from DataCo Customer Id to Nelson DSS customer_id.
C000959,8948,DataCo SMART Supply Chain,Russell Smith,XXXXXXXXX,direct_dataco_customer,Direct mapping from DataCo Customer Id to Nelson DSS customer_id.
C000960,9039,DataCo SMART Supply Chain,Amber Wall,XXXXXXXXX,direct_dataco_customer,Direct mapping from DataCo Customer Id to Nelson DSS customer_id.
C000961,3993,DataCo SMART Supply Chain,Mary Crawford,XXXXXXXXX,direct_dataco_customer,Direct mapping from DataCo Customer Id to Nelson DSS customer_id.
C000962,9405,DataCo SMART Supply Chain,Ashley Smith,XXXXXXXXX,direct_dataco_customer,Direct mapping from DataCo Customer Id to Nelson DSS customer_id.
C000963,7042,DataCo SMART Supply Chain,Mary Hudson,XXXXXXXXX,direct_dataco_customer,Direct mapping from DataCo Customer Id to Nelson DSS customer_id.
C000964,11806,DataCo SMART Supply Chain,Mildred Hester,XXXXXXXXX,direct_dataco_customer,Direct mapping from DataCo Customer Id to Nelson DSS customer_id.
C000965,8658,DataCo SMART Supply Chain,Mary Allen,XXXXXXXXX,direct_dataco_customer,Direct mapping from DataCo Customer Id to Nelson DSS customer_id.
C000966,4320,DataCo SMART Supply Chain,Jordan Taylor,XXXXXXXXX,direct_dataco_customer,Direct mapping from DataCo Customer Id to Nelson DSS customer_id.
C000967,5727,DataCo SMART Supply Chain,Mary Smith,XXXXXXXXX,direct_dataco_customer,Direct mapping from DataCo Customer Id to Nelson DSS customer_id.
C000968,5084,DataCo SMART Supply Chain,Edward Smith,XXXXXXXXX,direct_dataco_customer,Direct mapping from DataCo Customer Id to Nelson DSS customer_id.
C000969,4164,DataCo SMART Supply Chain,Mary Smith,XXXXXXXXX,direct_dataco_customer,Direct mapping from DataCo Customer Id to Nelson DSS customer_id.
C000970,11262,DataCo SMART Supply Chain,Laura Lopez,XXXXXXXXX,direct_dataco_customer,Direct mapping from DataCo Customer Id to Nelson DSS customer_id.
C000971,242,DataCo SMART Supply Chain,Mary Stein,XXXXXXXXX,direct_dataco_customer,Direct mapping from DataCo Customer Id to Nelson DSS customer_id.
C000972,8542,DataCo SMART Supply Chain,Jane Rich,XXXXXXXXX,direct_dataco_customer,Direct mapping from DataCo Customer Id to Nelson DSS customer_id.
C000973,12373,DataCo SMART Supply Chain,Mary Herman,XXXXXXXXX,direct_dataco_customer,Direct mapping from DataCo Customer Id to Nelson DSS customer_id.
C000974,2250,DataCo SMART Supply Chain,Amanda Smith,XXXXXXXXX,direct_dataco_customer,Direct mapping from DataCo Customer Id to Nelson DSS customer_id.
C000975,9560,DataCo SMART Supply Chain,Mary Oneill,XXXXXXXXX,direct_dataco_customer,Direct mapping from DataCo Customer Id to Nelson DSS customer_id.
C000976,4199,DataCo SMART Supply Chain,Mary Smith,XXXXXXXXX,direct_dataco_customer,Direct mapping from DataCo Customer Id to Nelson DSS customer_id.
C000977,625,DataCo SMART Supply Chain,Terry Smith,XXXXXXXXX,direct_dataco_customer,Direct mapping from DataCo Customer Id to Nelson DSS customer_id.
C000978,11388,DataCo SMART Supply Chain,Mary Rangel,XXXXXXXXX,direct_dataco_customer,Direct mapping from DataCo Customer Id to Nelson DSS customer_id.
C000979,8628,DataCo SMART Supply Chain,Frances Meyer,XXXXXXXXX,direct_dataco_customer,Direct mapping from DataCo Customer Id to Nelson DSS customer_id.
C000980,639,DataCo SMART Supply Chain,Elizabeth Pittman,XXXXXXXXX,direct_dataco_customer,Direct mapping from DataCo Customer Id to Nelson DSS customer_id.
C000981,1092,DataCo SMART Supply Chain,George Garcia,XXXXXXXXX,direct_dataco_customer,Direct mapping from DataCo Customer Id to Nelson DSS customer_id.
C000982,3763,DataCo SMART Supply Chain,Mary Martinez,XXXXXXXXX,direct_dataco_customer,Direct mapping from DataCo Customer Id to Nelson DSS customer_id.
C000983,6969,DataCo SMART Supply Chain,Mary Smith,XXXXXXXXX,direct_dataco_customer,Direct mapping from DataCo Customer Id to Nelson DSS customer_id.
C000984,7223,DataCo SMART Supply Chain,Mary Smith,XXXXXXXXX,direct_dataco_customer,Direct mapping from DataCo Customer Id to Nelson DSS customer_id.
C000985,9260,DataCo SMART Supply Chain,Joyce Smith,XXXXXXXXX,direct_dataco_customer,Direct mapping from DataCo Customer Id to Nelson DSS customer_id.
C000986,11668,DataCo SMART Supply Chain,Jean Smith,XXXXXXXXX,direct_dataco_customer,Direct mapping from DataCo Customer Id to Nelson DSS customer_id.
C000987,9314,DataCo SMART Supply Chain,Olivia Smith,XXXXXXXXX,direct_dataco_customer,Direct mapping from DataCo Customer Id to Nelson DSS customer_id.
C000988,11861,DataCo SMART Supply Chain,Brittany Bentley,XXXXXXXXX,direct_dataco_customer,Direct mapping from DataCo Customer Id to Nelson DSS customer_id.
C000989,192,DataCo SMART Supply Chain,Mary Hall,XXXXXXXXX,direct_dataco_customer,Direct mapping from DataCo Customer Id to Nelson DSS customer_id.
C000990,12253,DataCo SMART Supply Chain,Mary Chan,XXXXXXXXX,direct_dataco_customer,Direct mapping from DataCo Customer Id to Nelson DSS customer_id.
C000991,888,DataCo SMART Supply Chain,Mary Smith,XXXXXXXXX,direct_dataco_customer,Direct mapping from DataCo Customer Id to Nelson DSS customer_id.
C000992,3235,DataCo SMART Supply Chain,Lori Baker,XXXXXXXXX,direct_dataco_customer,Direct mapping from DataCo Customer Id to Nelson DSS customer_id.
C000993,6740,DataCo SMART Supply Chain,Brian Smith,XXXXXXXXX,direct_dataco_customer,Direct mapping from DataCo Customer Id to Nelson DSS customer_id.
C000994,10778,DataCo SMART Supply Chain,Mary Mercado,XXXXXXXXX,direct_dataco_customer,Direct mapping from DataCo Customer Id to Nelson DSS customer_id.
C000995,8125,DataCo SMART Supply Chain,Philip Robbins,XXXXXXXXX,direct_dataco_customer,Direct mapping from DataCo Customer Id to Nelson DSS customer_id.
C000996,11148,DataCo SMART Supply Chain,Lisa Keith,XXXXXXXXX,direct_dataco_customer,Direct mapping from DataCo Customer Id to Nelson DSS customer_id.
C000997,4698,DataCo SMART Supply Chain,Mary Collier,XXXXXXXXX,direct_dataco_customer,Direct mapping from DataCo Customer Id to Nelson DSS customer_id.
C000998,8790,DataCo SMART Supply Chain,Mary Keller,XXXXXXXXX,direct_dataco_customer,Direct mapping from DataCo Customer Id to Nelson DSS customer_id.
C000999,620,DataCo SMART Supply Chain,Roger Smith,XXXXXXXXX,direct_dataco_customer,Direct mapping from DataCo Customer Id to Nelson DSS customer_id.
C001000,9191,DataCo SMART Supply Chain,Marie Smith,XXXXXXXXX,direct_dataco_customer,Direct mapping from DataCo Customer Id to Nelson DSS customer_id.
C001001,9273,DataCo SMART Supply Chain,Bobby Smith,XXXXXXXXX,direct_dataco_customer,Direct mapping from DataCo Customer Id to Nelson DSS customer_id.
C001002,5481,DataCo SMART Supply Chain,Mary Hall,XXXXXXXXX,direct_dataco_customer,Direct mapping from DataCo Customer Id to Nelson DSS customer_id.
C001003,1715,DataCo SMART Supply Chain,Mary Henson,XXXXXXXXX,direct_dataco_customer,Direct mapping from DataCo Customer Id to Nelson DSS customer_id.
C001004,1494,DataCo SMART Supply Chain,Rebecca Ortiz,XXXXXXXXX,direct_dataco_customer,Direct mapping from DataCo Customer Id to Nelson DSS customer_id.
C001005,10457,DataCo SMART Supply Chain,Elizabeth Watkins,XXXXXXXXX,direct_dataco_customer,Direct mapping from DataCo Customer Id to Nelson DSS customer_id.
C001006,5298,DataCo SMART Supply Chain,Lisa Moore,XXXXXXXXX,direct_dataco_customer,Direct mapping from DataCo Customer Id to Nelson DSS customer_id.
C001007,8398,DataCo SMART Supply Chain,Mary Williams,XXXXXXXXX,direct_dataco_customer,Direct mapping from DataCo Customer Id to Nelson DSS customer_id.
C001008,9523,DataCo SMART Supply Chain,Dylan Jackson,XXXXXXXXX,direct_dataco_customer,Direct mapping from DataCo Customer Id to Nelson DSS customer_id.
C001009,10567,DataCo SMART Supply Chain,Diana Smith,XXXXXXXXX,direct_dataco_customer,Direct mapping from DataCo Customer Id to Nelson DSS customer_id.
C001010,8220,DataCo SMART Supply Chain,Michael Smith,XXXXXXXXX,direct_dataco_customer,Direct mapping from DataCo Customer Id to Nelson DSS customer_id.
C001011,3071,DataCo SMART Supply Chain,Mary Meadows,XXXXXXXXX,direct_dataco_customer,Direct mapping from DataCo Customer Id to Nelson DSS customer_id.
C001012,6573,DataCo SMART Supply Chain,Joseph Noble,XXXXXXXXX,direct_dataco_customer,Direct mapping from DataCo Customer Id to Nelson DSS customer_id.
C001013,8478,DataCo SMART Supply Chain,Mary Sweeney,XXXXXXXXX,direct_dataco_customer,Direct mapping from DataCo Customer Id to Nelson DSS customer_id.
C001014,10348,DataCo SMART Supply Chain,Alice Barnes,XXXXXXXXX,direct_dataco_customer,Direct mapping from DataCo Customer Id to Nelson DSS customer_id.
C001015,8817,DataCo SMART Supply Chain,Mary Smith,XXXXXXXXX,direct_dataco_customer,Direct mapping from DataCo Customer Id to Nelson DSS customer_id.
C001016,4967,DataCo SMART Supply Chain,Mary Maldonado,XXXXXXXXX,direct_dataco_customer,Direct mapping from DataCo Customer Id to Nelson DSS customer_id.
C001017,1365,DataCo SMART Supply Chain,Evelyn Smith,XXXXXXXXX,direct_dataco_customer,Direct mapping from DataCo Customer Id to Nelson DSS customer_id.
C001018,7787,DataCo SMART Supply Chain,Robert Christensen,XXXXXXXXX,direct_dataco_customer,Direct mapping from DataCo Customer Id to Nelson DSS customer_id.
C001019,10934,DataCo SMART Supply Chain,Tiffany Walker,XXXXXXXXX,direct_dataco_customer,Direct mapping from DataCo Customer Id to Nelson DSS customer_id.
C001020,11058,DataCo SMART Supply Chain,Charles Wright,XXXXXXXXX,direct_dataco_customer,Direct mapping from DataCo Customer Id to Nelson DSS customer_id.
C001021,10545,DataCo SMART Supply Chain,Kenneth Smith,XXXXXXXXX,direct_dataco_customer,Direct mapping from DataCo Customer Id to Nelson DSS customer_id.
C001022,907,DataCo SMART Supply Chain,Samantha Kline,XXXXXXXXX,direct_dataco_customer,Direct mapping from DataCo Customer Id to Nelson DSS customer_id.
C001023,12038,DataCo SMART Supply Chain,Patricia Smith,XXXXXXXXX,direct_dataco_customer,Direct mapping from DataCo Customer Id to Nelson DSS customer_id.
C001024,9517,DataCo SMART Supply Chain,Angela Vargas,XXXXXXXXX,direct_dataco_customer,Direct mapping from DataCo Customer Id to Nelson DSS customer_id.
C001025,9356,DataCo SMART Supply Chain,Nancy Johnson,XXXXXXXXX,direct_dataco_customer,Direct mapping from DataCo Customer Id to Nelson DSS customer_id.
C001026,4278,DataCo SMART Supply Chain,Andrew Smith,XXXXXXXXX,direct_dataco_customer,Direct mapping from DataCo Customer Id to Nelson DSS customer_id.
C001027,7005,DataCo SMART Supply Chain,James Carpenter,XXXXXXXXX,direct_dataco_customer,Direct mapping from DataCo Customer Id to Nelson DSS customer_id.
C001028,10891,DataCo SMART Supply Chain,Mary Smith,XXXXXXXXX,direct_dataco_customer,Direct mapping from DataCo Customer Id to Nelson DSS customer_id.
C001029,7980,DataCo SMART Supply Chain,Jennifer Ortiz,XXXXXXXXX,direct_dataco_customer,Direct mapping from DataCo Customer Id to Nelson DSS customer_id.
C001030,1990,DataCo SMART Supply Chain,Kathryn Smith,XXXXXXXXX,direct_dataco_customer,Direct mapping from DataCo Customer Id to Nelson DSS customer_id.
C001031,6405,DataCo SMART Supply Chain,Mary Anderson,XXXXXXXXX,direct_dataco_customer,Direct mapping from DataCo Customer Id to Nelson DSS customer_id.
C001032,9990,DataCo SMART Supply Chain,Mary Smith,XXXXXXXXX,direct_dataco_customer,Direct mapping from DataCo Customer Id to Nelson DSS customer_id.
C001033,3033,DataCo SMART Supply Chain,Kevin Larsen,XXXXXXXXX,direct_dataco_customer,Direct mapping from DataCo Customer Id to Nelson DSS customer_id.
C001034,326,DataCo SMART Supply Chain,Shirley Stafford,XXXXXXXXX,direct_dataco_customer,Direct mapping from DataCo Customer Id to Nelson DSS customer_id.
C001035,586,DataCo SMART Supply Chain,Patricia Jefferson,XXXXXXXXX,direct_dataco_customer,Direct mapping from DataCo Customer Id to Nelson DSS customer_id.
C001036,10765,DataCo SMART Supply Chain,Mary Byrd,XXXXXXXXX,direct_dataco_customer,Direct mapping from DataCo Customer Id to Nelson DSS customer_id.
C001037,254,DataCo SMART Supply Chain,Diana Hale,XXXXXXXXX,direct_dataco_customer,Direct mapping from DataCo Customer Id to Nelson DSS customer_id.
C001038,9607,DataCo SMART Supply Chain,Mary Smith,XXXXXXXXX,direct_dataco_customer,Direct mapping from DataCo Customer Id to Nelson DSS customer_id.
C001039,12384,DataCo SMART Supply Chain,Raymond Berry,XXXXXXXXX,direct_dataco_customer,Direct mapping from DataCo Customer Id to Nelson DSS customer_id.
C001040,1624,DataCo SMART Supply Chain,Walter Huerta,XXXXXXXXX,direct_dataco_customer,Direct mapping from DataCo Customer Id to Nelson DSS customer_id.
C001041,7974,DataCo SMART Supply Chain,Mary Shaw,XXXXXXXXX,direct_dataco_customer,Direct mapping from DataCo Customer Id to Nelson DSS customer_id.
C001042,5878,DataCo SMART Supply Chain,Sharon Smith,XXXXXXXXX,direct_dataco_customer,Direct mapping from DataCo Customer Id to Nelson DSS customer_id.
C001043,3580,DataCo SMART Supply Chain,Jessica Larson,XXXXXXXXX,direct_dataco_customer,Direct mapping from DataCo Customer Id to Nelson DSS customer_id.
C001044,3167,DataCo SMART Supply Chain,Janice Ward,XXXXXXXXX,direct_dataco_customer,Direct mapping from DataCo Customer Id to Nelson DSS customer_id.
C001045,9879,DataCo SMART Supply Chain,Linda Ibarra,XXXXXXXXX,direct_dataco_customer,Direct mapping from DataCo Customer Id to Nelson DSS customer_id.
C001046,9721,DataCo SMART Supply Chain,Mary Smith,XXXXXXXXX,direct_dataco_customer,Direct mapping from DataCo Customer Id to Nelson DSS customer_id.
C001047,2334,DataCo SMART Supply Chain,Mary Morgan,XXXXXXXXX,direct_dataco_customer,Direct mapping from DataCo Customer Id to Nelson DSS customer_id.
C001048,10269,DataCo SMART Supply Chain,Mary Flowers,XXXXXXXXX,direct_dataco_customer,Direct mapping from DataCo Customer Id to Nelson DSS customer_id.
C001049,434,DataCo SMART Supply Chain,Michael Torres,XXXXXXXXX,direct_dataco_customer,Direct mapping from DataCo Customer Id to Nelson DSS customer_id.
C001050,4276,DataCo SMART Supply Chain,Jacqueline Page,XXXXXXXXX,direct_dataco_customer,Direct mapping from DataCo Customer Id to Nelson DSS customer_id.
C001051,10170,DataCo SMART Supply Chain,Mary Tyler,XXXXXXXXX,direct_dataco_customer,Direct mapping from DataCo Customer Id to Nelson DSS customer_id.
C001052,371,DataCo SMART Supply Chain,Adam Marquez,XXXXXXXXX,direct_dataco_customer,Direct mapping from DataCo Customer Id to Nelson DSS customer_id.
C001053,11677,DataCo SMART Supply Chain,Christine Smith,XXXXXXXXX,direct_dataco_customer,Direct mapping from DataCo Customer Id to Nelson DSS customer_id.
C001054,3918,DataCo SMART Supply Chain,Mary Smith,XXXXXXXXX,direct_dataco_customer,Direct mapping from DataCo Customer Id to Nelson DSS customer_id.
C001055,7757,DataCo SMART Supply Chain,Donna Davis,XXXXXXXXX,direct_dataco_customer,Direct mapping from DataCo Customer Id to Nelson DSS customer_id.
C001056,3678,DataCo SMART Supply Chain,Alice Castro,XXXXXXXXX,direct_dataco_customer,Direct mapping from DataCo Customer Id to Nelson DSS customer_id.
C001057,11306,DataCo SMART Supply Chain,Gerald Beasley,XXXXXXXXX,direct_dataco_customer,Direct mapping from DataCo Customer Id to Nelson DSS customer_id.
C001058,7771,DataCo SMART Supply Chain,Janice Jackson,XXXXXXXXX,direct_dataco_customer,Direct mapping from DataCo Customer Id to Nelson DSS customer_id.
C001059,1505,DataCo SMART Supply Chain,Mary Smith,XXXXXXXXX,direct_dataco_customer,Direct mapping from DataCo Customer Id to Nelson DSS customer_id.
C001060,5024,DataCo SMART Supply Chain,Thomas Klein,XXXXXXXXX,direct_dataco_customer,Direct mapping from DataCo Customer Id to Nelson DSS customer_id.
C001061,1576,DataCo SMART Supply Chain,Dorothy Melton,XXXXXXXXX,direct_dataco_customer,Direct mapping from DataCo Customer Id to Nelson DSS customer_id.
C001062,4861,DataCo SMART Supply Chain,Rebecca Smith,XXXXXXXXX,direct_dataco_customer,Direct mapping from DataCo Customer Id to Nelson DSS customer_id.
C001063,8233,DataCo SMART Supply Chain,Mary Hanna,XXXXXXXXX,direct_dataco_customer,Direct mapping from DataCo Customer Id to Nelson DSS customer_id.
C001064,11077,DataCo SMART Supply Chain,Andrew Smith,XXXXXXXXX,direct_dataco_customer,Direct mapping from DataCo Customer Id to Nelson DSS customer_id.
C001065,5548,DataCo SMART Supply Chain,Michael Crawford,XXXXXXXXX,direct_dataco_customer,Direct mapping from DataCo Customer Id to Nelson DSS customer_id.
C001066,647,DataCo SMART Supply Chain,Mary Rios,XXXXXXXXX,direct_dataco_customer,Direct mapping from DataCo Customer Id to Nelson DSS customer_id.
C001067,6759,DataCo SMART Supply Chain,Matthew Smith,XXXXXXXXX,direct_dataco_customer,Direct mapping from DataCo Customer Id to Nelson DSS customer_id.
C001068,9197,DataCo SMART Supply Chain,Mary Sutton,XXXXXXXXX,direct_dataco_customer,Direct mapping from DataCo Customer Id to Nelson DSS customer_id.
C001069,8217,DataCo SMART Supply Chain,Virginia Cantrell,XXXXXXXXX,direct_dataco_customer,Direct mapping from DataCo Customer Id to Nelson DSS customer_id.
C001070,4916,DataCo SMART Supply Chain,Larry Smith,XXXXXXXXX,direct_dataco_customer,Direct mapping from DataCo Customer Id to Nelson DSS customer_id.
C001071,8365,DataCo SMART Supply Chain,Matthew Norman,XXXXXXXXX,direct_dataco_customer,Direct mapping from DataCo Customer Id to Nelson DSS customer_id.
C001072,10888,DataCo SMART Supply Chain,Mary Cline,XXXXXXXXX,direct_dataco_customer,Direct mapping from DataCo Customer Id to Nelson DSS customer_id.
C001073,9726,DataCo SMART Supply Chain,Steven Smith,XXXXXXXXX,direct_dataco_customer,Direct mapping from DataCo Customer Id to Nelson DSS customer_id.
C001074,9074,DataCo SMART Supply Chain,Margaret Smith,XXXXXXXXX,direct_dataco_customer,Direct mapping from DataCo Customer Id to Nelson DSS customer_id.
C001075,6571,DataCo SMART Supply Chain,Brenda Gonzalez,XXXXXXXXX,direct_dataco_customer,Direct mapping from DataCo Customer Id to Nelson DSS customer_id.
C001076,6746,DataCo SMART Supply Chain,Anthony Sanchez,XXXXXXXXX,direct_dataco_customer,Direct mapping from DataCo Customer Id to Nelson DSS customer_id.
C001077,5660,DataCo SMART Supply Chain,Mary Maldonado,XXXXXXXXX,direct_dataco_customer,Direct mapping from DataCo Customer Id to Nelson DSS customer_id.
C001078,4265,DataCo SMART Supply Chain,Debra Smith,XXXXXXXXX,direct_dataco_customer,Direct mapping from DataCo Customer Id to Nelson DSS customer_id.
C001079,4190,DataCo SMART Supply Chain,Mary Martinez,XXXXXXXXX,direct_dataco_customer,Direct mapping from DataCo Customer Id to Nelson DSS customer_id.
C001080,2703,DataCo SMART Supply Chain,Kimberly Smith,XXXXXXXXX,direct_dataco_customer,Direct mapping from DataCo Customer Id to Nelson DSS customer_id.
C001081,1670,DataCo SMART Supply Chain,Keith Callahan,XXXXXXXXX,direct_dataco_customer,Direct mapping from DataCo Customer Id to Nelson DSS customer_id.
C001082,1466,DataCo SMART Supply Chain,Stephen Cole,XXXXXXXXX,direct_dataco_customer,Direct mapping from DataCo Customer Id to Nelson DSS customer_id.
C001083,6788,DataCo SMART Supply Chain,Mary Allen,XXXXXXXXX,direct_dataco_customer,Direct mapping from DataCo Customer Id to Nelson DSS customer_id.
C001084,1532,DataCo SMART Supply Chain,Mary Bailey,XXXXXXXXX,direct_dataco_customer,Direct mapping from DataCo Customer Id to Nelson DSS customer_id.
C001085,3468,DataCo SMART Supply Chain,Mary Romero,XXXXXXXXX,direct_dataco_customer,Direct mapping from DataCo Customer Id to Nelson DSS customer_id.
C001086,4929,DataCo SMART Supply Chain,Janet Harvey,XXXXXXXXX,direct_dataco_customer,Direct mapping from DataCo Customer Id to Nelson DSS customer_id.
C001087,376,DataCo SMART Supply Chain,Grace Sanchez,XXXXXXXXX,direct_dataco_customer,Direct mapping from DataCo Customer Id to Nelson DSS customer_id.
C001088,3758,DataCo SMART Supply Chain,Scott Smith,XXXXXXXXX,direct_dataco_customer,Direct mapping from DataCo Customer Id to Nelson DSS customer_id.
C001089,10072,DataCo SMART Supply Chain,Richard Smith,XXXXXXXXX,direct_dataco_customer,Direct mapping from DataCo Customer Id to Nelson DSS customer_id.
C001090,8754,DataCo SMART Supply Chain,Paul Sanchez,XXXXXXXXX,direct_dataco_customer,Direct mapping from DataCo Customer Id to Nelson DSS customer_id.
C001091,4422,DataCo SMART Supply Chain,Mary Schwartz,XXXXXXXXX,direct_dataco_customer,Direct mapping from DataCo Customer Id to Nelson DSS customer_id.
C001092,12117,DataCo SMART Supply Chain,Helen Smith,XXXXXXXXX,direct_dataco_customer,Direct mapping from DataCo Customer Id to Nelson DSS customer_id.
C001093,10617,DataCo SMART Supply Chain,Ruth Smith,XXXXXXXXX,direct_dataco_customer,Direct mapping from DataCo Customer Id to Nelson DSS customer_id.
C001094,2578,DataCo SMART Supply Chain,Mary Blake,XXXXXXXXX,direct_dataco_customer,Direct mapping from DataCo Customer Id to Nelson DSS customer_id.
C001095,11115,DataCo SMART Supply Chain,Michelle Smith,XXXXXXXXX,direct_dataco_customer,Direct mapping from DataCo Customer Id to Nelson DSS customer_id.
C001096,1997,DataCo SMART Supply Chain,Amy Callahan,XXXXXXXXX,direct_dataco_customer,Direct mapping from DataCo Customer Id to Nelson DSS customer_id.
C001097,2610,DataCo SMART Supply Chain,Virginia Johnson,XXXXXXXXX,direct_dataco_customer,Direct mapping from DataCo Customer Id to Nelson DSS customer_id.
C001098,4707,DataCo SMART Supply Chain,Victoria Smith,XXXXXXXXX,direct_dataco_customer,Direct mapping from DataCo Customer Id to Nelson DSS customer_id.
C001099,6418,DataCo SMART Supply Chain,Olivia Owens,XXXXXXXXX,direct_dataco_customer,Direct mapping from DataCo Customer Id to Nelson DSS customer_id.
C001100,10273,DataCo SMART Supply Chain,Mary Smith,XXXXXXXXX,direct_dataco_customer,Direct mapping from DataCo Customer Id to Nelson DSS customer_id.
C001101,2157,DataCo SMART Supply Chain,Danielle Holt,XXXXXXXXX,direct_dataco_customer,Direct mapping from DataCo Customer Id to Nelson DSS customer_id.
C001102,2830,DataCo SMART Supply Chain,Maria Baker,XXXXXXXXX,direct_dataco_customer,Direct mapping from DataCo Customer Id to Nelson DSS customer_id.
C001103,10687,DataCo SMART Supply Chain,George Weeks,XXXXXXXXX,direct_dataco_customer,Direct mapping from DataCo Customer Id to Nelson DSS customer_id.
C001104,9887,DataCo SMART Supply Chain,Margaret Valenzuela,XXXXXXXXX,direct_dataco_customer,Direct mapping from DataCo Customer Id to Nelson DSS customer_id.
C001105,9002,DataCo SMART Supply Chain,Mary Mullins,XXXXXXXXX,direct_dataco_customer,Direct mapping from DataCo Customer Id to Nelson DSS customer_id.
C001106,10563,DataCo SMART Supply Chain,Mary Smith,XXXXXXXXX,direct_dataco_customer,Direct mapping from DataCo Customer Id to Nelson DSS customer_id.
C001107,12382,DataCo SMART Supply Chain,Jennifer Smith,XXXXXXXXX,direct_dataco_customer,Direct mapping from DataCo Customer Id to Nelson DSS customer_id.
C001108,7143,DataCo SMART Supply Chain,Mary Burnett,XXXXXXXXX,direct_dataco_customer,Direct mapping from DataCo Customer Id to Nelson DSS customer_id.
C001109,1921,DataCo SMART Supply Chain,Larry Smith,XXXXXXXXX,direct_dataco_customer,Direct mapping from DataCo Customer Id to Nelson DSS customer_id.
C001110,4109,DataCo SMART Supply Chain,Scott Shaffer,XXXXXXXXX,direct_dataco_customer,Direct mapping from DataCo Customer Id to Nelson DSS customer_id.
C001111,5198,DataCo SMART Supply Chain,Mary Smith,XXXXXXXXX,direct_dataco_customer,Direct mapping from DataCo Customer Id to Nelson DSS customer_id.
C001112,10620,DataCo SMART Supply Chain,Mary Smith,XXXXXXXXX,direct_dataco_customer,Direct mapping from DataCo Customer Id to Nelson DSS customer_id.
C001113,9581,DataCo SMART Supply Chain,Deborah Smith,XXXXXXXXX,direct_dataco_customer,Direct mapping from DataCo Customer Id to Nelson DSS customer_id.
C001114,6081,DataCo SMART Supply Chain,Lauren Bennett,XXXXXXXXX,direct_dataco_customer,Direct mapping from DataCo Customer Id to Nelson DSS customer_id.
C001115,11235,DataCo SMART Supply Chain,Judy Church,XXXXXXXXX,direct_dataco_customer,Direct mapping from DataCo Customer Id to Nelson DSS customer_id.
C001116,8300,DataCo SMART Supply Chain,Mary Reynolds,XXXXXXXXX,direct_dataco_customer,Direct mapping from DataCo Customer Id to Nelson DSS customer_id.
C001117,6165,DataCo SMART Supply Chain,Mary Gardner,XXXXXXXXX,direct_dataco_customer,Direct mapping from DataCo Customer Id to Nelson DSS customer_id.
C001118,11984,DataCo SMART Supply Chain,Richard Smith,XXXXXXXXX,direct_dataco_customer,Direct mapping from DataCo Customer Id to Nelson DSS customer_id.
C001119,6023,DataCo SMART Supply Chain,Shirley Webb,XXXXXXXXX,direct_dataco_customer,Direct mapping from DataCo Customer Id to Nelson DSS customer_id.
C001120,11407,DataCo SMART Supply Chain,Steven Powers,XXXXXXXXX,direct_dataco_customer,Direct mapping from DataCo Customer Id to Nelson DSS customer_id.
C001121,10928,DataCo SMART Supply Chain,Sharon Smith,XXXXXXXXX,direct_dataco_customer,Direct mapping from DataCo Customer Id to Nelson DSS customer_id.
C001122,859,DataCo SMART Supply Chain,Dorothy Hawkins,XXXXXXXXX,direct_dataco_customer,Direct mapping from DataCo Customer Id to Nelson DSS customer_id.
C001123,11584,DataCo SMART Supply Chain,Jeffrey Wilcox,XXXXXXXXX,direct_dataco_customer,Direct mapping from DataCo Customer Id to Nelson DSS customer_id.
C001124,5403,DataCo SMART Supply Chain,Mary Smith,XXXXXXXXX,direct_dataco_customer,Direct mapping from DataCo Customer Id to Nelson DSS customer_id.
C001125,4815,DataCo SMART Supply Chain,Jerry Smith,XXXXXXXXX,direct_dataco_customer,Direct mapping from DataCo Customer Id to Nelson DSS customer_id.
C001126,5594,DataCo SMART Supply Chain,Mary Davidson,XXXXXXXXX,direct_dataco_customer,Direct mapping from DataCo Customer Id to Nelson DSS customer_id.
C001127,8043,DataCo SMART Supply Chain,Mary Herrera,XXXXXXXXX,direct_dataco_customer,Direct mapping from DataCo Customer Id to Nelson DSS customer_id.
C001128,3509,DataCo SMART Supply Chain,Mary Perry,XXXXXXXXX,direct_dataco_customer,Direct mapping from DataCo Customer Id to Nelson DSS customer_id.
C001129,11765,DataCo SMART Supply Chain,Steven Smith,XXXXXXXXX,direct_dataco_customer,Direct mapping from DataCo Customer Id to Nelson DSS customer_id.
C001130,5671,DataCo SMART Supply Chain,Jacqueline Lam,XXXXXXXXX,direct_dataco_customer,Direct mapping from DataCo Customer Id to Nelson DSS customer_id.
C001131,1558,DataCo SMART Supply Chain,Mary Smith,XXXXXXXXX,direct_dataco_customer,Direct mapping from DataCo Customer Id to Nelson DSS customer_id.
C001132,4432,DataCo SMART Supply Chain,Kenneth Gillespie,XXXXXXXXX,direct_dataco_customer,Direct mapping from DataCo Customer Id to Nelson DSS customer_id.
C001133,9162,DataCo SMART Supply Chain,Christina Carter,XXXXXXXXX,direct_dataco_customer,Direct mapping from DataCo Customer Id to Nelson DSS customer_id.
C001134,5938,DataCo SMART Supply Chain,Donna Smith,XXXXXXXXX,direct_dataco_customer,Direct mapping from DataCo Customer Id to Nelson DSS customer_id.
C001135,4005,DataCo SMART Supply Chain,Virginia Dyer,XXXXXXXXX,direct_dataco_customer,Direct mapping from DataCo Customer Id to Nelson DSS customer_id.
C001136,9632,DataCo SMART Supply Chain,Mary Tate,XXXXXXXXX,direct_dataco_customer,Direct mapping from DataCo Customer Id to Nelson DSS customer_id.
C001137,10514,DataCo SMART Supply Chain,Mary Page,XXXXXXXXX,direct_dataco_customer,Direct mapping from DataCo Customer Id to Nelson DSS customer_id.
C001138,2298,DataCo SMART Supply Chain,Elizabeth Smith,XXXXXXXXX,direct_dataco_customer,Direct mapping from DataCo Customer Id to Nelson DSS customer_id.
C001139,12132,DataCo SMART Supply Chain,Mary Larson,XXXXXXXXX,direct_dataco_customer,Direct mapping from DataCo Customer Id to Nelson DSS customer_id.
C001140,9009,DataCo SMART Supply Chain,Mary Sanchez,XXXXXXXXX,direct_dataco_customer,Direct mapping from DataCo Customer Id to Nelson DSS customer_id.
C001141,10160,DataCo SMART Supply Chain,Denise Potter,XXXXXXXXX,direct_dataco_customer,Direct mapping from DataCo Customer Id to Nelson DSS customer_id.
C001142,11659,DataCo SMART Supply Chain,Steven Gonzalez,XXXXXXXXX,direct_dataco_customer,Direct mapping from DataCo Customer Id to Nelson DSS customer_id.
C001143,10340,DataCo SMART Supply Chain,Nicholas Stevens,XXXXXXXXX,direct_dataco_customer,Direct mapping from DataCo Customer Id to Nelson DSS customer_id.
C001144,2169,DataCo SMART Supply Chain,Betty Ayala,XXXXXXXXX,direct_dataco_customer,Direct mapping from DataCo Customer Id to Nelson DSS customer_id.
C001145,9639,DataCo SMART Supply Chain,Mary Smith,XXXXXXXXX,direct_dataco_customer,Direct mapping from DataCo Customer Id to Nelson DSS customer_id.
C001146,6992,DataCo SMART Supply Chain,Christopher Thompson,XXXXXXXXX,direct_dataco_customer,Direct mapping from DataCo Customer Id to Nelson DSS customer_id.
C001147,5976,DataCo SMART Supply Chain,William Estrada,XXXXXXXXX,direct_dataco_customer,Direct mapping from DataCo Customer Id to Nelson DSS customer_id.
C001148,247,DataCo SMART Supply Chain,Angela Smith,XXXXXXXXX,direct_dataco_customer,Direct mapping from DataCo Customer Id to Nelson DSS customer_id.
C001149,956,DataCo SMART Supply Chain,Karen Smith,XXXXXXXXX,direct_dataco_customer,Direct mapping from DataCo Customer Id to Nelson DSS customer_id.
C001150,7975,DataCo SMART Supply Chain,Eugene Davila,XXXXXXXXX,direct_dataco_customer,Direct mapping from DataCo Customer Id to Nelson DSS customer_id.
C001151,1255,DataCo SMART Supply Chain,Richard Goodman,XXXXXXXXX,direct_dataco_customer,Direct mapping from DataCo Customer Id to Nelson DSS customer_id.
C001152,5388,DataCo SMART Supply Chain,David Ashley,XXXXXXXXX,direct_dataco_customer,Direct mapping from DataCo Customer Id to Nelson DSS customer_id.
C001153,5564,DataCo SMART Supply Chain,Mary Smith,XXXXXXXXX,direct_dataco_customer,Direct mapping from DataCo Customer Id to Nelson DSS customer_id.
C001154,3926,DataCo SMART Supply Chain,Ann Allison,XXXXXXXXX,direct_dataco_customer,Direct mapping from DataCo Customer Id to Nelson DSS customer_id.
C001155,8808,DataCo SMART Supply Chain,Kenneth Smith,XXXXXXXXX,direct_dataco_customer,Direct mapping from DataCo Customer Id to Nelson DSS customer_id.
C001156,1058,DataCo SMART Supply Chain,Martha Smith,XXXXXXXXX,direct_dataco_customer,Direct mapping from DataCo Customer Id to Nelson DSS customer_id.
C001157,436,DataCo SMART Supply Chain,Mary Smith,XXXXXXXXX,direct_dataco_customer,Direct mapping from DataCo Customer Id to Nelson DSS customer_id.
C001158,5165,DataCo SMART Supply Chain,Mary Smith,XXXXXXXXX,direct_dataco_customer,Direct mapping from DataCo Customer Id to Nelson DSS customer_id.
C001159,10796,DataCo SMART Supply Chain,Debra Hardy,XXXXXXXXX,direct_dataco_customer,Direct mapping from DataCo Customer Id to Nelson DSS customer_id.
C001160,5775,DataCo SMART Supply Chain,Joyce Garcia,XXXXXXXXX,direct_dataco_customer,Direct mapping from DataCo Customer Id to Nelson DSS customer_id.
C001161,4025,DataCo SMART Supply Chain,Janet Schmidt,XXXXXXXXX,direct_dataco_customer,Direct mapping from DataCo Customer Id to Nelson DSS customer_id.
C001162,6109,DataCo SMART Supply Chain,Zachary Tate,XXXXXXXXX,direct_dataco_customer,Direct mapping from DataCo Customer Id to Nelson DSS customer_id.
C001163,9554,DataCo SMART Supply Chain,Mary Hayes,XXXXXXXXX,direct_dataco_customer,Direct mapping from DataCo Customer Id to Nelson DSS customer_id.
C001164,4470,DataCo SMART Supply Chain,Mary Smith,XXXXXXXXX,direct_dataco_customer,Direct mapping from DataCo Customer Id to Nelson DSS customer_id.
C001165,5147,DataCo SMART Supply Chain,Mary Hurst,XXXXXXXXX,direct_dataco_customer,Direct mapping from DataCo Customer Id to Nelson DSS customer_id.
C001166,10552,DataCo SMART Supply Chain,Mary Finley,XXXXXXXXX,direct_dataco_customer,Direct mapping from DataCo Customer Id to Nelson DSS customer_id.
C001167,6854,DataCo SMART Supply Chain,Mary Wade,XXXXXXXXX,direct_dataco_customer,Direct mapping from DataCo Customer Id to Nelson DSS customer_id.
C001168,11512,DataCo SMART Supply Chain,Mary Randall,XXXXXXXXX,direct_dataco_customer,Direct mapping from DataCo Customer Id to Nelson DSS customer_id.
C001169,1843,DataCo SMART Supply Chain,Frank Garcia,XXXXXXXXX,direct_dataco_customer,Direct mapping from DataCo Customer Id to Nelson DSS customer_id.
C001170,7910,DataCo SMART Supply Chain,Mary Camacho,XXXXXXXXX,direct_dataco_customer,Direct mapping from DataCo Customer Id to Nelson DSS customer_id.
C001171,7716,DataCo SMART Supply Chain,David Middleton,XXXXXXXXX,direct_dataco_customer,Direct mapping from DataCo Customer Id to Nelson DSS customer_id.
C001172,7593,DataCo SMART Supply Chain,Roger Bowman,XXXXXXXXX,direct_dataco_customer,Direct mapping from DataCo Customer Id to Nelson DSS customer_id.
C001173,11285,DataCo SMART Supply Chain,Christian Smith,XXXXXXXXX,direct_dataco_customer,Direct mapping from DataCo Customer Id to Nelson DSS customer_id.
C001174,10685,DataCo SMART Supply Chain,Amy Walker,XXXXXXXXX,direct_dataco_customer,Direct mapping from DataCo Customer Id to Nelson DSS customer_id.
C001175,7511,DataCo SMART Supply Chain,Mary Park,XXXXXXXXX,direct_dataco_customer,Direct mapping from DataCo Customer Id to Nelson DSS customer_id.
C001176,11767,DataCo SMART Supply Chain,Joshua Huynh,XXXXXXXXX,direct_dataco_customer,Direct mapping from DataCo Customer Id to Nelson DSS customer_id.
C001177,599,DataCo SMART Supply Chain,Doris Smith,XXXXXXXXX,direct_dataco_customer,Direct mapping from DataCo Customer Id to Nelson DSS customer_id.
C001178,1448,DataCo SMART Supply Chain,Mary Murray,XXXXXXXXX,direct_dataco_customer,Direct mapping from DataCo Customer Id to Nelson DSS customer_id.
C001179,10172,DataCo SMART Supply Chain,Mary Pugh,XXXXXXXXX,direct_dataco_customer,Direct mapping from DataCo Customer Id to Nelson DSS customer_id.
C001180,1871,DataCo SMART Supply Chain,Mary Mcknight,XXXXXXXXX,direct_dataco_customer,Direct mapping from DataCo Customer Id to Nelson DSS customer_id.
C001181,1847,DataCo SMART Supply Chain,Mary Smith,XXXXXXXXX,direct_dataco_customer,Direct mapping from DataCo Customer Id to Nelson DSS customer_id.
C001182,11689,DataCo SMART Supply Chain,Samantha Parker,XXXXXXXXX,direct_dataco_customer,Direct mapping from DataCo Customer Id to Nelson DSS customer_id.
C001183,6025,DataCo SMART Supply Chain,Mary Smith,XXXXXXXXX,direct_dataco_customer,Direct mapping from DataCo Customer Id to Nelson DSS customer_id.
C001184,4579,DataCo SMART Supply Chain,William Zimmerman,XXXXXXXXX,direct_dataco_customer,Direct mapping from DataCo Customer Id to Nelson DSS customer_id.
C001185,2403,DataCo SMART Supply Chain,Christopher Hall,XXXXXXXXX,direct_dataco_customer,Direct mapping from DataCo Customer Id to Nelson DSS customer_id.
C001186,7949,DataCo SMART Supply Chain,Mary Barrera,XXXXXXXXX,direct_dataco_customer,Direct mapping from DataCo Customer Id to Nelson DSS customer_id.
C001187,3127,DataCo SMART Supply Chain,Jessica Smith,XXXXXXXXX,direct_dataco_customer,Direct mapping from DataCo Customer Id to Nelson DSS customer_id.
C001188,11116,DataCo SMART Supply Chain,Mary Wu,XXXXXXXXX,direct_dataco_customer,Direct mapping from DataCo Customer Id to Nelson DSS customer_id.
C001189,8488,DataCo SMART Supply Chain,Teresa Allen,XXXXXXXXX,direct_dataco_customer,Direct mapping from DataCo Customer Id to Nelson DSS customer_id.
C001190,329,DataCo SMART Supply Chain,Samantha Higgins,XXXXXXXXX,direct_dataco_customer,Direct mapping from DataCo Customer Id to Nelson DSS customer_id.
C001191,2256,DataCo SMART Supply Chain,Mary Smith,XXXXXXXXX,direct_dataco_customer,Direct mapping from DataCo Customer Id to Nelson DSS customer_id.
C001192,6521,DataCo SMART Supply Chain,Mary Hanson,XXXXXXXXX,direct_dataco_customer,Direct mapping from DataCo Customer Id to Nelson DSS customer_id.
C001193,10766,DataCo SMART Supply Chain,Rose Roman,XXXXXXXXX,direct_dataco_customer,Direct mapping from DataCo Customer Id to Nelson DSS customer_id.
C001194,2446,DataCo SMART Supply Chain,Paul Hamilton,XXXXXXXXX,direct_dataco_customer,Direct mapping from DataCo Customer Id to Nelson DSS customer_id.
C001195,8892,DataCo SMART Supply Chain,Russell Dennis,XXXXXXXXX,direct_dataco_customer,Direct mapping from DataCo Customer Id to Nelson DSS customer_id.
C001196,2627,DataCo SMART Supply Chain,Mary King,XXXXXXXXX,direct_dataco_customer,Direct mapping from DataCo Customer Id to Nelson DSS customer_id.
C001197,6883,DataCo SMART Supply Chain,Mary Smith,XXXXXXXXX,direct_dataco_customer,Direct mapping from DataCo Customer Id to Nelson DSS customer_id.
C001198,8376,DataCo SMART Supply Chain,Catherine Moreno,XXXXXXXXX,direct_dataco_customer,Direct mapping from DataCo Customer Id to Nelson DSS customer_id.
C001199,10308,DataCo SMART Supply Chain,Mary Smith,XXXXXXXXX,direct_dataco_customer,Direct mapping from DataCo Customer Id to Nelson DSS customer_id.
C001200,8432,DataCo SMART Supply Chain,William Ellis,XXXXXXXXX,direct_dataco_customer,Direct mapping from DataCo Customer Id to Nelson DSS customer_id.
C001201,8529,DataCo SMART Supply Chain,Mary Watts,XXXXXXXXX,direct_dataco_customer,Direct mapping from DataCo Customer Id to Nelson DSS customer_id.
C001202,2114,DataCo SMART Supply Chain,Timothy Vega,XXXXXXXXX,direct_dataco_customer,Direct mapping from DataCo Customer Id to Nelson DSS customer_id.
C001203,5158,DataCo SMART Supply Chain,Ashley Smith,XXXXXXXXX,direct_dataco_customer,Direct mapping from DataCo Customer Id to Nelson DSS customer_id.
C001204,5125,DataCo SMART Supply Chain,Mary Miller,XXXXXXXXX,direct_dataco_customer,Direct mapping from DataCo Customer Id to Nelson DSS customer_id.
C001205,5989,DataCo SMART Supply Chain,Kathleen Becker,XXXXXXXXX,direct_dataco_customer,Direct mapping from DataCo Customer Id to Nelson DSS customer_id.
C001206,10905,DataCo SMART Supply Chain,Lisa Warner,XXXXXXXXX,direct_dataco_customer,Direct mapping from DataCo Customer Id to Nelson DSS customer_id.
C001207,11362,DataCo SMART Supply Chain,Michael Harmon,XXXXXXXXX,direct_dataco_customer,Direct mapping from DataCo Customer Id to Nelson DSS customer_id.
C001208,6356,DataCo SMART Supply Chain,Mary Smith,XXXXXXXXX,direct_dataco_customer,Direct mapping from DataCo Customer Id to Nelson DSS customer_id.
C001209,10899,DataCo SMART Supply Chain,William Soto,XXXXXXXXX,direct_dataco_customer,Direct mapping from DataCo Customer Id to Nelson DSS customer_id.
C001210,2111,DataCo SMART Supply Chain,Joan Smith,XXXXXXXXX,direct_dataco_customer,Direct mapping from DataCo Customer Id to Nelson DSS customer_id.
C001211,3713,DataCo SMART Supply Chain,Helen Smith,XXXXXXXXX,direct_dataco_customer,Direct mapping from DataCo Customer Id to Nelson DSS customer_id.
C001212,2759,DataCo SMART Supply Chain,Carolyn Ritter,XXXXXXXXX,direct_dataco_customer,Direct mapping from DataCo Customer Id to Nelson DSS customer_id.
C001213,1567,DataCo SMART Supply Chain,Danielle Smith,XXXXXXXXX,direct_dataco_customer,Direct mapping from DataCo Customer Id to Nelson DSS customer_id.
C001214,5941,DataCo SMART Supply Chain,Douglas Smith,XXXXXXXXX,direct_dataco_customer,Direct mapping from DataCo Customer Id to Nelson DSS customer_id.
C001215,6942,DataCo SMART Supply Chain,Jordan Moran,XXXXXXXXX,direct_dataco_customer,Direct mapping from DataCo Customer Id to Nelson DSS customer_id.
C001216,8919,DataCo SMART Supply Chain,Mary Conner,XXXXXXXXX,direct_dataco_customer,Direct mapping from DataCo Customer Id to Nelson DSS customer_id.
C001217,11816,DataCo SMART Supply Chain,Tammy Cannon,XXXXXXXXX,direct_dataco_customer,Direct mapping from DataCo Customer Id to Nelson DSS customer_id.
C001218,5203,DataCo SMART Supply Chain,Mary Chandler,XXXXXXXXX,direct_dataco_customer,Direct mapping from DataCo Customer Id to Nelson DSS customer_id.
C001219,10344,DataCo SMART Supply Chain,Mary Smith,XXXXXXXXX,direct_dataco_customer,Direct mapping from DataCo Customer Id to Nelson DSS customer_id.
C001220,55,DataCo SMART Supply Chain,Janet Farley,XXXXXXXXX,direct_dataco_customer,Direct mapping from DataCo Customer Id to Nelson DSS customer_id.
C001221,2156,DataCo SMART Supply Chain,Mary Smith,XXXXXXXXX,direct_dataco_customer,Direct mapping from DataCo Customer Id to Nelson DSS customer_id.
C001222,531,DataCo SMART Supply Chain,Paul Burns,XXXXXXXXX,direct_dataco_customer,Direct mapping from DataCo Customer Id to Nelson DSS customer_id.
C001223,11772,DataCo SMART Supply Chain,Mary Smith,XXXXXXXXX,direct_dataco_customer,Direct mapping from DataCo Customer Id to Nelson DSS customer_id.
C001224,8715,DataCo SMART Supply Chain,Mary Adams,XXXXXXXXX,direct_dataco_customer,Direct mapping from DataCo Customer Id to Nelson DSS customer_id.
C001225,308,DataCo SMART Supply Chain,Alan Berger,XXXXXXXXX,direct_dataco_customer,Direct mapping from DataCo Customer Id to Nelson DSS customer_id.
C001226,12101,DataCo SMART Supply Chain,Samantha Smith,XXXXXXXXX,direct_dataco_customer,Direct mapping from DataCo Customer Id to Nelson DSS customer_id.
C001227,1812,DataCo SMART Supply Chain,Mary Smith,XXXXXXXXX,direct_dataco_customer,Direct mapping from DataCo Customer Id to Nelson DSS customer_id.
C001228,2618,DataCo SMART Supply Chain,Nicole Jones,XXXXXXXXX,direct_dataco_customer,Direct mapping from DataCo Customer Id to Nelson DSS customer_id.
C001229,4462,DataCo SMART Supply Chain,Mary Dillon,XXXXXXXXX,direct_dataco_customer,Direct mapping from DataCo Customer Id to Nelson DSS customer_id.
C001230,11862,DataCo SMART Supply Chain,Mary Smith,XXXXXXXXX,direct_dataco_customer,Direct mapping from DataCo Customer Id to Nelson DSS customer_id.
C001231,715,DataCo SMART Supply Chain,Mary Smith,XXXXXXXXX,direct_dataco_customer,Direct mapping from DataCo Customer Id to Nelson DSS customer_id.
C001232,9924,DataCo SMART Supply Chain,Christine Smith,XXXXXXXXX,direct_dataco_customer,Direct mapping from DataCo Customer Id to Nelson DSS customer_id.
C001233,10631,DataCo SMART Supply Chain,Frances Smith,XXXXXXXXX,direct_dataco_customer,Direct mapping from DataCo Customer Id to Nelson DSS customer_id.
C001234,9823,DataCo SMART Supply Chain,Mary Camacho,XXXXXXXXX,direct_dataco_customer,Direct mapping from DataCo Customer Id to Nelson DSS customer_id.
C001235,11163,DataCo SMART Supply Chain,Jane Price,XXXXXXXXX,direct_dataco_customer,Direct mapping from DataCo Customer Id to Nelson DSS customer_id.
C001236,4495,DataCo SMART Supply Chain,Mary White,XXXXXXXXX,direct_dataco_customer,Direct mapping from DataCo Customer Id to Nelson DSS customer_id.
C001237,1848,DataCo SMART Supply Chain,Mary Brown,XXXXXXXXX,direct_dataco_customer,Direct mapping from DataCo Customer Id to Nelson DSS customer_id.
C001238,12322,DataCo SMART Supply Chain,Mary Cain,XXXXXXXXX,direct_dataco_customer,Direct mapping from DataCo Customer Id to Nelson DSS customer_id.
C001239,8612,DataCo SMART Supply Chain,Emma Smith,XXXXXXXXX,direct_dataco_customer,Direct mapping from DataCo Customer Id to Nelson DSS customer_id.
C001240,8806,DataCo SMART Supply Chain,Amber Diaz,XXXXXXXXX,direct_dataco_customer,Direct mapping from DataCo Customer Id to Nelson DSS customer_id.
C001241,1563,DataCo SMART Supply Chain,Carolyn Smith,XXXXXXXXX,direct_dataco_customer,Direct mapping from DataCo Customer Id to Nelson DSS customer_id.
C001242,2469,DataCo SMART Supply Chain,Shawn Smith,XXXXXXXXX,direct_dataco_customer,Direct mapping from DataCo Customer Id to Nelson DSS customer_id.
C001243,1733,DataCo SMART Supply Chain,Margaret Smith,XXXXXXXXX,direct_dataco_customer,Direct mapping from DataCo Customer Id to Nelson DSS customer_id.
C001244,6838,DataCo SMART Supply Chain,Lisa Garcia,XXXXXXXXX,direct_dataco_customer,Direct mapping from DataCo Customer Id to Nelson DSS customer_id.
C001245,728,DataCo SMART Supply Chain,Anthony Rosario,XXXXXXXXX,direct_dataco_customer,Direct mapping from DataCo Customer Id to Nelson DSS customer_id.
C001246,10453,DataCo SMART Supply Chain,Elizabeth Brewer,XXXXXXXXX,direct_dataco_customer,Direct mapping from DataCo Customer Id to Nelson DSS customer_id.
C001247,6560,DataCo SMART Supply Chain,Melissa Smith,XXXXXXXXX,direct_dataco_customer,Direct mapping from DataCo Customer Id to Nelson DSS customer_id.
C001248,11106,DataCo SMART Supply Chain,Mary Navarro,XXXXXXXXX,direct_dataco_customer,Direct mapping from DataCo Customer Id to Nelson DSS customer_id.
C001249,383,DataCo SMART Supply Chain,Evelyn Smith,XXXXXXXXX,direct_dataco_customer,Direct mapping from DataCo Customer Id to Nelson DSS customer_id.
C001250,12321,DataCo SMART Supply Chain,Helen Christensen,XXXXXXXXX,direct_dataco_customer,Direct mapping from DataCo Customer Id to Nelson DSS customer_id.
C001251,6672,DataCo SMART Supply Chain,Mary Conrad,XXXXXXXXX,direct_dataco_customer,Direct mapping from DataCo Customer Id to Nelson DSS customer_id.
C001252,9862,DataCo SMART Supply Chain,Mary Decker,XXXXXXXXX,direct_dataco_customer,Direct mapping from DataCo Customer Id to Nelson DSS customer_id.
C001253,4875,DataCo SMART Supply Chain,Edward Peters,XXXXXXXXX,direct_dataco_customer,Direct mapping from DataCo Customer Id to Nelson DSS customer_id.
C001254,846,DataCo SMART Supply Chain,Mary Powell,XXXXXXXXX,direct_dataco_customer,Direct mapping from DataCo Customer Id to Nelson DSS customer_id.
C001255,3677,DataCo SMART Supply Chain,Sandra Edwards,XXXXXXXXX,direct_dataco_customer,Direct mapping from DataCo Customer Id to Nelson DSS customer_id.
C001256,8987,DataCo SMART Supply Chain,Kathleen Price,XXXXXXXXX,direct_dataco_customer,Direct mapping from DataCo Customer Id to Nelson DSS customer_id.
C001257,9317,DataCo SMART Supply Chain,Mary Smith,XXXXXXXXX,direct_dataco_customer,Direct mapping from DataCo Customer Id to Nelson DSS customer_id.
C001258,1478,DataCo SMART Supply Chain,Anna Sanchez,XXXXXXXXX,direct_dataco_customer,Direct mapping from DataCo Customer Id to Nelson DSS customer_id.
C001259,8256,DataCo SMART Supply Chain,James Parker,XXXXXXXXX,direct_dataco_customer,Direct mapping from DataCo Customer Id to Nelson DSS customer_id.
C001260,9352,DataCo SMART Supply Chain,Mary Lewis,XXXXXXXXX,direct_dataco_customer,Direct mapping from DataCo Customer Id to Nelson DSS customer_id.
C001261,9974,DataCo SMART Supply Chain,Olivia Smith,XXXXXXXXX,direct_dataco_customer,Direct mapping from DataCo Customer Id to Nelson DSS customer_id.
C001262,5204,DataCo SMART Supply Chain,Andrew Smith,XXXXXXXXX,direct_dataco_customer,Direct mapping from DataCo Customer Id to Nelson DSS customer_id.
C001263,8989,DataCo SMART Supply Chain,Sarah Aguilar,XXXXXXXXX,direct_dataco_customer,Direct mapping from DataCo Customer Id to Nelson DSS customer_id.
C001264,3021,DataCo SMART Supply Chain,Nancy Alvarado,XXXXXXXXX,direct_dataco_customer,Direct mapping from DataCo Customer Id to Nelson DSS customer_id.
C001265,5805,DataCo SMART Supply Chain,Raymond Bray,XXXXXXXXX,direct_dataco_customer,Direct mapping from DataCo Customer Id to Nelson DSS customer_id.
C001266,7743,DataCo SMART Supply Chain,Melissa Smith,XXXXXXXXX,direct_dataco_customer,Direct mapping from DataCo Customer Id to Nelson DSS customer_id.
C001267,8447,DataCo SMART Supply Chain,Michael Smith,XXXXXXXXX,direct_dataco_customer,Direct mapping from DataCo Customer Id to Nelson DSS customer_id.
C001268,7216,DataCo SMART Supply Chain,Mary Hendrix,XXXXXXXXX,direct_dataco_customer,Direct mapping from DataCo Customer Id to Nelson DSS customer_id.
C001269,514,DataCo SMART Supply Chain,Mary Johnson,XXXXXXXXX,direct_dataco_customer,Direct mapping from DataCo Customer Id to Nelson DSS customer_id.
C001270,3595,DataCo SMART Supply Chain,Joshua Lewis,XXXXXXXXX,direct_dataco_customer,Direct mapping from DataCo Customer Id to Nelson DSS customer_id.
C001271,8167,DataCo SMART Supply Chain,Betty Roberts,XXXXXXXXX,direct_dataco_customer,Direct mapping from DataCo Customer Id to Nelson DSS customer_id.
C001272,6872,DataCo SMART Supply Chain,Mary Lloyd,XXXXXXXXX,direct_dataco_customer,Direct mapping from DataCo Customer Id to Nelson DSS customer_id.
C001273,2960,DataCo SMART Supply Chain,Megan Rogers,XXXXXXXXX,direct_dataco_customer,Direct mapping from DataCo Customer Id to Nelson DSS customer_id.
C001274,8674,DataCo SMART Supply Chain,Mary Rhodes,XXXXXXXXX,direct_dataco_customer,Direct mapping from DataCo Customer Id to Nelson DSS customer_id.
C001275,4665,DataCo SMART Supply Chain,Jessica York,XXXXXXXXX,direct_dataco_customer,Direct mapping from DataCo Customer Id to Nelson DSS customer_id.
C001276,3631,DataCo SMART Supply Chain,Mary Smith,XXXXXXXXX,direct_dataco_customer,Direct mapping from DataCo Customer Id to Nelson DSS customer_id.
C001277,1223,DataCo SMART Supply Chain,Richard Perry,XXXXXXXXX,direct_dataco_customer,Direct mapping from DataCo Customer Id to Nelson DSS customer_id.
C001278,5943,DataCo SMART Supply Chain,Mary Sherman,XXXXXXXXX,direct_dataco_customer,Direct mapping from DataCo Customer Id to Nelson DSS customer_id.
C001279,3316,DataCo SMART Supply Chain,Mary Oconnor,XXXXXXXXX,direct_dataco_customer,Direct mapping from DataCo Customer Id to Nelson DSS customer_id.
C001280,11667,DataCo SMART Supply Chain,Mary Brooks,XXXXXXXXX,direct_dataco_customer,Direct mapping from DataCo Customer Id to Nelson DSS customer_id.
C001281,4798,DataCo SMART Supply Chain,Mary Smith,XXXXXXXXX,direct_dataco_customer,Direct mapping from DataCo Customer Id to Nelson DSS customer_id.
C001282,5427,DataCo SMART Supply Chain,Betty Lester,XXXXXXXXX,direct_dataco_customer,Direct mapping from DataCo Customer Id to Nelson DSS customer_id.
C001283,8260,DataCo SMART Supply Chain,Teresa Berg,XXXXXXXXX,direct_dataco_customer,Direct mapping from DataCo Customer Id to Nelson DSS customer_id.
C001284,8929,DataCo SMART Supply Chain,David Smith,XXXXXXXXX,direct_dataco_customer,Direct mapping from DataCo Customer Id to Nelson DSS customer_id.
C001285,2091,DataCo SMART Supply Chain,Doris Smith,XXXXXXXXX,direct_dataco_customer,Direct mapping from DataCo Customer Id to Nelson DSS customer_id.
C001286,5280,DataCo SMART Supply Chain,Mary Day,XXXXXXXXX,direct_dataco_customer,Direct mapping from DataCo Customer Id to Nelson DSS customer_id.
C001287,4683,DataCo SMART Supply Chain,Mary Lang,XXXXXXXXX,direct_dataco_customer,Direct mapping from DataCo Customer Id to Nelson DSS customer_id.
C001288,927,DataCo SMART Supply Chain,Diana Smith,XXXXXXXXX,direct_dataco_customer,Direct mapping from DataCo Customer Id to Nelson DSS customer_id.
C001289,6179,DataCo SMART Supply Chain,Samuel Henderson,XXXXXXXXX,direct_dataco_customer,Direct mapping from DataCo Customer Id to Nelson DSS customer_id.
C001290,1346,DataCo SMART Supply Chain,Mary Gutierrez,XXXXXXXXX,direct_dataco_customer,Direct mapping from DataCo Customer Id to Nelson DSS customer_id.
C001291,6737,DataCo SMART Supply Chain,Joyce Smith,XXXXXXXXX,direct_dataco_customer,Direct mapping from DataCo Customer Id to Nelson DSS customer_id.
C001292,1298,DataCo SMART Supply Chain,Susan Fuller,XXXXXXXXX,direct_dataco_customer,Direct mapping from DataCo Customer Id to Nelson DSS customer_id.
C001293,9154,DataCo SMART Supply Chain,Anna Gillespie,XXXXXXXXX,direct_dataco_customer,Direct mapping from DataCo Customer Id to Nelson DSS customer_id.
C001294,140,DataCo SMART Supply Chain,Amanda Smith,XXXXXXXXX,direct_dataco_customer,Direct mapping from DataCo Customer Id to Nelson DSS customer_id.
C001295,3925,DataCo SMART Supply Chain,Mary Hicks,XXXXXXXXX,direct_dataco_customer,Direct mapping from DataCo Customer Id to Nelson DSS customer_id.
C001296,11039,DataCo SMART Supply Chain,Mary Torres,XXXXXXXXX,direct_dataco_customer,Direct mapping from DataCo Customer Id to Nelson DSS customer_id.
C001297,252,DataCo SMART Supply Chain,Mary Frazier,XXXXXXXXX,direct_dataco_customer,Direct mapping from DataCo Customer Id to Nelson DSS customer_id.
C001298,2092,DataCo SMART Supply Chain,Mary Hunter,XXXXXXXXX,direct_dataco_customer,Direct mapping from DataCo Customer Id to Nelson DSS customer_id.
C001299,7099,DataCo SMART Supply Chain,Mary Smith,XXXXXXXXX,direct_dataco_customer,Direct mapping from DataCo Customer Id to Nelson DSS customer_id.
C001300,354,DataCo SMART Supply Chain,Edward Peterson,XXXXXXXXX,direct_dataco_customer,Direct mapping from DataCo Customer Id to Nelson DSS customer_id.
C001301,7795,DataCo SMART Supply Chain,Sandra Smith,XXXXXXXXX,direct_dataco_customer,Direct mapping from DataCo Customer Id to Nelson DSS customer_id.
C001302,2783,DataCo SMART Supply Chain,Mary Willis,XXXXXXXXX,direct_dataco_customer,Direct mapping from DataCo Customer Id to Nelson DSS customer_id.
C001303,3660,DataCo SMART Supply Chain,Roger Smith,XXXXXXXXX,direct_dataco_customer,Direct mapping from DataCo Customer Id to Nelson DSS customer_id.
C001304,10442,DataCo SMART Supply Chain,Mary Hall,XXXXXXXXX,direct_dataco_customer,Direct mapping from DataCo Customer Id to Nelson DSS customer_id.
C001305,4876,DataCo SMART Supply Chain,Harry Smith,XXXXXXXXX,direct_dataco_customer,Direct mapping from DataCo Customer Id to Nelson DSS customer_id.
C001306,9739,DataCo SMART Supply Chain,Sara Rich,XXXXXXXXX,direct_dataco_customer,Direct mapping from DataCo Customer Id to Nelson DSS customer_id.
C001307,53,DataCo SMART Supply Chain,Katherine Smith,XXXXXXXXX,direct_dataco_customer,Direct mapping from DataCo Customer Id to Nelson DSS customer_id.
C001308,10142,DataCo SMART Supply Chain,Teresa Smith,XXXXXXXXX,direct_dataco_customer,Direct mapping from DataCo Customer Id to Nelson DSS customer_id.
C001309,11341,DataCo SMART Supply Chain,Mary Meyer,XXXXXXXXX,direct_dataco_customer,Direct mapping from DataCo Customer Id to Nelson DSS customer_id.
C001310,8889,DataCo SMART Supply Chain,Evelyn Brown,XXXXXXXXX,direct_dataco_customer,Direct mapping from DataCo Customer Id to Nelson DSS customer_id.
C001311,7163,DataCo SMART Supply Chain,Mary Jones,XXXXXXXXX,direct_dataco_customer,Direct mapping from DataCo Customer Id to Nelson DSS customer_id.
C001312,7864,DataCo SMART Supply Chain,Alice Smith,XXXXXXXXX,direct_dataco_customer,Direct mapping from DataCo Customer Id to Nelson DSS customer_id.
C001313,10701,DataCo SMART Supply Chain,Amanda Smith,XXXXXXXXX,direct_dataco_customer,Direct mapping from DataCo Customer Id to Nelson DSS customer_id.
C001314,290,DataCo SMART Supply Chain,Mary Garza,XXXXXXXXX,direct_dataco_customer,Direct mapping from DataCo Customer Id to Nelson DSS customer_id.
C001315,11005,DataCo SMART Supply Chain,Christian Keller,XXXXXXXXX,direct_dataco_customer,Direct mapping from DataCo Customer Id to Nelson DSS customer_id.
C001316,5051,DataCo SMART Supply Chain,Brenda Smith,XXXXXXXXX,direct_dataco_customer,Direct mapping from DataCo Customer Id to Nelson DSS customer_id.
C001317,10584,DataCo SMART Supply Chain,Mary Smith,XXXXXXXXX,direct_dataco_customer,Direct mapping from DataCo Customer Id to Nelson DSS customer_id.
C001318,4400,DataCo SMART Supply Chain,Madison Morris,XXXXXXXXX,direct_dataco_customer,Direct mapping from DataCo Customer Id to Nelson DSS customer_id.
C001319,2585,DataCo SMART Supply Chain,Kyle Rice,XXXXXXXXX,direct_dataco_customer,Direct mapping from DataCo Customer Id to Nelson DSS customer_id.
C001320,6003,DataCo SMART Supply Chain,Mary Smith,XXXXXXXXX,direct_dataco_customer,Direct mapping from DataCo Customer Id to Nelson DSS customer_id.
C001321,12365,DataCo SMART Supply Chain,Mary Pearson,XXXXXXXXX,direct_dataco_customer,Direct mapping from DataCo Customer Id to Nelson DSS customer_id.
C001322,9058,DataCo SMART Supply Chain,Mary Ramos,XXXXXXXXX,direct_dataco_customer,Direct mapping from DataCo Customer Id to Nelson DSS customer_id.
C001323,8999,DataCo SMART Supply Chain,Paul Smith,XXXXXXXXX,direct_dataco_customer,Direct mapping from DataCo Customer Id to Nelson DSS customer_id.
C001324,11897,DataCo SMART Supply Chain,Virginia Herrera,XXXXXXXXX,direct_dataco_customer,Direct mapping from DataCo Customer Id to Nelson DSS customer_id.
C001325,7986,DataCo SMART Supply Chain,Mary Steele,XXXXXXXXX,direct_dataco_customer,Direct mapping from DataCo Customer Id to Nelson DSS customer_id.
C001326,3224,DataCo SMART Supply Chain,Kevin Bowers,XXXXXXXXX,direct_dataco_customer,Direct mapping from DataCo Customer Id to Nelson DSS customer_id.
C001327,6730,DataCo SMART Supply Chain,Mary Gallegos,XXXXXXXXX,direct_dataco_customer,Direct mapping from DataCo Customer Id to Nelson DSS customer_id.
C001328,8298,DataCo SMART Supply Chain,Theresa Russell,XXXXXXXXX,direct_dataco_customer,Direct mapping from DataCo Customer Id to Nelson DSS customer_id.
C001329,6649,DataCo SMART Supply Chain,Mary Smith,XXXXXXXXX,direct_dataco_customer,Direct mapping from DataCo Customer Id to Nelson DSS customer_id.
C001330,7043,DataCo SMART Supply Chain,Cheryl Smith,XXXXXXXXX,direct_dataco_customer,Direct mapping from DataCo Customer Id to Nelson DSS customer_id.
C001331,3739,DataCo SMART Supply Chain,Terry Long,XXXXXXXXX,direct_dataco_customer,Direct mapping from DataCo Customer Id to Nelson DSS customer_id.
C001332,7850,DataCo SMART Supply Chain,Mary Lara,XXXXXXXXX,direct_dataco_customer,Direct mapping from DataCo Customer Id to Nelson DSS customer_id.
C001333,7318,DataCo SMART Supply Chain,John Allen,XXXXXXXXX,direct_dataco_customer,Direct mapping from DataCo Customer Id to Nelson DSS customer_id.
C001334,10925,DataCo SMART Supply Chain,Marie Abbott,XXXXXXXXX,direct_dataco_customer,Direct mapping from DataCo Customer Id to Nelson DSS customer_id.
C001335,10406,DataCo SMART Supply Chain,Michael Smith,XXXXXXXXX,direct_dataco_customer,Direct mapping from DataCo Customer Id to Nelson DSS customer_id.
C001336,1383,DataCo SMART Supply Chain,Catherine Smith,XXXXXXXXX,direct_dataco_customer,Direct mapping from DataCo Customer Id to Nelson DSS customer_id.
C001337,6688,DataCo SMART Supply Chain,Mary Smith,XXXXXXXXX,direct_dataco_customer,Direct mapping from DataCo Customer Id to Nelson DSS customer_id.
C001338,4308,DataCo SMART Supply Chain,William Smith,XXXXXXXXX,direct_dataco_customer,Direct mapping from DataCo Customer Id to Nelson DSS customer_id.
C001339,7141,DataCo SMART Supply Chain,Mary Jackson,XXXXXXXXX,direct_dataco_customer,Direct mapping from DataCo Customer Id to Nelson DSS customer_id.
C001340,10022,DataCo SMART Supply Chain,Alice Smith,XXXXXXXXX,direct_dataco_customer,Direct mapping from DataCo Customer Id to Nelson DSS customer_id.
C001341,986,DataCo SMART Supply Chain,Catherine Hawkins,XXXXXXXXX,direct_dataco_customer,Direct mapping from DataCo Customer Id to Nelson DSS customer_id.
C001342,8005,DataCo SMART Supply Chain,Robert Lambert,XXXXXXXXX,direct_dataco_customer,Direct mapping from DataCo Customer Id to Nelson DSS customer_id.
C001343,3296,DataCo SMART Supply Chain,Mary Smith,XXXXXXXXX,direct_dataco_customer,Direct mapping from DataCo Customer Id to Nelson DSS customer_id.
C001344,452,DataCo SMART Supply Chain,Carl Smith,XXXXXXXXX,direct_dataco_customer,Direct mapping from DataCo Customer Id to Nelson DSS customer_id.
C001345,8675,DataCo SMART Supply Chain,Zachary Smith,XXXXXXXXX,direct_dataco_customer,Direct mapping from DataCo Customer Id to Nelson DSS customer_id.
C001346,5797,DataCo SMART Supply Chain,Roy Smith,XXXXXXXXX,direct_dataco_customer,Direct mapping from DataCo Customer Id to Nelson DSS customer_id.
C001347,4713,DataCo SMART Supply Chain,Jack Smith,XXXXXXXXX,direct_dataco_customer,Direct mapping from DataCo Customer Id to Nelson DSS customer_id.
C001348,12424,DataCo SMART Supply Chain,Judy Phillips,XXXXXXXXX,direct_dataco_customer,Direct mapping from DataCo Customer Id to Nelson DSS customer_id.
C001349,9302,DataCo SMART Supply Chain,Melissa Smith,XXXXXXXXX,direct_dataco_customer,Direct mapping from DataCo Customer Id to Nelson DSS customer_id.
C001350,6739,DataCo SMART Supply Chain,Matthew Mullins,XXXXXXXXX,direct_dataco_customer,Direct mapping from DataCo Customer Id to Nelson DSS customer_id.
C001351,4044,DataCo SMART Supply Chain,Stephen Smith,XXXXXXXXX,direct_dataco_customer,Direct mapping from DataCo Customer Id to Nelson DSS customer_id.
C001352,12061,DataCo SMART Supply Chain,Ruth Huffman,XXXXXXXXX,direct_dataco_customer,Direct mapping from DataCo Customer Id to Nelson DSS customer_id.
C001353,5300,DataCo SMART Supply Chain,Joseph Smith,XXXXXXXXX,direct_dataco_customer,Direct mapping from DataCo Customer Id to Nelson DSS customer_id.
C001354,2078,DataCo SMART Supply Chain,Roger Morales,XXXXXXXXX,direct_dataco_customer,Direct mapping from DataCo Customer Id to Nelson DSS customer_id.
C001355,2717,DataCo SMART Supply Chain,Mary Smith,XXXXXXXXX,direct_dataco_customer,Direct mapping from DataCo Customer Id to Nelson DSS customer_id.
C001356,10506,DataCo SMART Supply Chain,Mary Smith,XXXXXXXXX,direct_dataco_customer,Direct mapping from DataCo Customer Id to Nelson DSS customer_id.
C001357,8768,DataCo SMART Supply Chain,Evelyn Bradford,XXXXXXXXX,direct_dataco_customer,Direct mapping from DataCo Customer Id to Nelson DSS customer_id.
C001358,2325,DataCo SMART Supply Chain,Mary Johnson,XXXXXXXXX,direct_dataco_customer,Direct mapping from DataCo Customer Id to Nelson DSS customer_id.
C001359,10884,DataCo SMART Supply Chain,Zachary Smith,XXXXXXXXX,direct_dataco_customer,Direct mapping from DataCo Customer Id to Nelson DSS customer_id.
C001360,2727,DataCo SMART Supply Chain,Henry Smith,XXXXXXXXX,direct_dataco_customer,Direct mapping from DataCo Customer Id to Nelson DSS customer_id.
C001361,11154,DataCo SMART Supply Chain,Pamela Dickerson,XXXXXXXXX,direct_dataco_customer,Direct mapping from DataCo Customer Id to Nelson DSS customer_id.
C001362,2367,DataCo SMART Supply Chain,Sean Smith,XXXXXXXXX,direct_dataco_customer,Direct mapping from DataCo Customer Id to Nelson DSS customer_id.
C001363,990,DataCo SMART Supply Chain,Mary Ellison,XXXXXXXXX,direct_dataco_customer,Direct mapping from DataCo Customer Id to Nelson DSS customer_id.
C001364,10954,DataCo SMART Supply Chain,Mary White,XXXXXXXXX,direct_dataco_customer,Direct mapping from DataCo Customer Id to Nelson DSS customer_id.
C001365,6184,DataCo SMART Supply Chain,James Potter,XXXXXXXXX,direct_dataco_customer,Direct mapping from DataCo Customer Id to Nelson DSS customer_id.
C001366,6199,DataCo SMART Supply Chain,Mary Jacobs,XXXXXXXXX,direct_dataco_customer,Direct mapping from DataCo Customer Id to Nelson DSS customer_id.
C001367,4479,DataCo SMART Supply Chain,Billy Mooney,XXXXXXXXX,direct_dataco_customer,Direct mapping from DataCo Customer Id to Nelson DSS customer_id.
C001368,7492,DataCo SMART Supply Chain,Vincent Smith,XXXXXXXXX,direct_dataco_customer,Direct mapping from DataCo Customer Id to Nelson DSS customer_id.
C001369,10296,DataCo SMART Supply Chain,Mary Ramos,XXXXXXXXX,direct_dataco_customer,Direct mapping from DataCo Customer Id to Nelson DSS customer_id.
C001370,9126,DataCo SMART Supply Chain,Philip Anderson,XXXXXXXXX,direct_dataco_customer,Direct mapping from DataCo Customer Id to Nelson DSS customer_id.
C001371,4505,DataCo SMART Supply Chain,Mary Smith,XXXXXXXXX,direct_dataco_customer,Direct mapping from DataCo Customer Id to Nelson DSS customer_id.
C001372,9609,DataCo SMART Supply Chain,Mary Lucero,XXXXXXXXX,direct_dataco_customer,Direct mapping from DataCo Customer Id to Nelson DSS customer_id.
C001373,1936,DataCo SMART Supply Chain,Jane Jennings,XXXXXXXXX,direct_dataco_customer,Direct mapping from DataCo Customer Id to Nelson DSS customer_id.
C001374,1851,DataCo SMART Supply Chain,Mary Smith,XXXXXXXXX,direct_dataco_customer,Direct mapping from DataCo Customer Id to Nelson DSS customer_id.
C001375,2025,DataCo SMART Supply Chain,Mary Fleming,XXXXXXXXX,direct_dataco_customer,Direct mapping from DataCo Customer Id to Nelson DSS customer_id.
C001376,4253,DataCo SMART Supply Chain,Maria Smith,XXXXXXXXX,direct_dataco_customer,Direct mapping from DataCo Customer Id to Nelson DSS customer_id.
C001377,6488,DataCo SMART Supply Chain,Mary Smith,XXXXXXXXX,direct_dataco_customer,Direct mapping from DataCo Customer Id to Nelson DSS customer_id.
C001378,4113,DataCo SMART Supply Chain,Frank Smith,XXXXXXXXX,direct_dataco_customer,Direct mapping from DataCo Customer Id to Nelson DSS customer_id.
C001379,5612,DataCo SMART Supply Chain,Mary Huang,XXXXXXXXX,direct_dataco_customer,Direct mapping from DataCo Customer Id to Nelson DSS customer_id.
C001380,5234,DataCo SMART Supply Chain,Shirley Humphrey,XXXXXXXXX,direct_dataco_customer,Direct mapping from DataCo Customer Id to Nelson DSS customer_id.
C001381,1038,DataCo SMART Supply Chain,Christine Briggs,XXXXXXXXX,direct_dataco_customer,Direct mapping from DataCo Customer Id to Nelson DSS customer_id.
C001382,8499,DataCo SMART Supply Chain,Angela Smith,XXXXXXXXX,direct_dataco_customer,Direct mapping from DataCo Customer Id to Nelson DSS customer_id.
C001383,8949,DataCo SMART Supply Chain,Mary Thompson,XXXXXXXXX,direct_dataco_customer,Direct mapping from DataCo Customer Id to Nelson DSS customer_id.
C001384,1393,DataCo SMART Supply Chain,Ryan Hodge,XXXXXXXXX,direct_dataco_customer,Direct mapping from DataCo Customer Id to Nelson DSS customer_id.
C001385,4016,DataCo SMART Supply Chain,Mary Smith,XXXXXXXXX,direct_dataco_customer,Direct mapping from DataCo Customer Id to Nelson DSS customer_id.
C001386,7403,DataCo SMART Supply Chain,Jason Smith,XXXXXXXXX,direct_dataco_customer,Direct mapping from DataCo Customer Id to Nelson DSS customer_id.
C001387,10017,DataCo SMART Supply Chain,John Smith,XXXXXXXXX,direct_dataco_customer,Direct mapping from DataCo Customer Id to Nelson DSS customer_id.
C001388,5012,DataCo SMART Supply Chain,Karen Smith,XXXXXXXXX,direct_dataco_customer,Direct mapping from DataCo Customer Id to Nelson DSS customer_id.
C001389,7271,DataCo SMART Supply Chain,Karen Barber,XXXXXXXXX,direct_dataco_customer,Direct mapping from DataCo Customer Id to Nelson DSS customer_id.
C001390,9463,DataCo SMART Supply Chain,Mary Key,XXXXXXXXX,direct_dataco_customer,Direct mapping from DataCo Customer Id to Nelson DSS customer_id.
C001391,187,DataCo SMART Supply Chain,Mildred Herrera,XXXXXXXXX,direct_dataco_customer,Direct mapping from DataCo Customer Id to Nelson DSS customer_id.
C001392,6724,DataCo SMART Supply Chain,Benjamin Smith,XXXXXXXXX,direct_dataco_customer,Direct mapping from DataCo Customer Id to Nelson DSS customer_id.
C001393,6494,DataCo SMART Supply Chain,Brittany Smith,XXXXXXXXX,direct_dataco_customer,Direct mapping from DataCo Customer Id to Nelson DSS customer_id.
C001394,1753,DataCo SMART Supply Chain,Sandra Smith,XXXXXXXXX,direct_dataco_customer,Direct mapping from DataCo Customer Id to Nelson DSS customer_id.
C001395,9573,DataCo SMART Supply Chain,Grace Gould,XXXXXXXXX,direct_dataco_customer,Direct mapping from DataCo Customer Id to Nelson DSS customer_id.
C001396,7844,DataCo SMART Supply Chain,Scott Smith,XXXXXXXXX,direct_dataco_customer,Direct mapping from DataCo Customer Id to Nelson DSS customer_id.
C001397,10194,DataCo SMART Supply Chain,Bobby Walker,XXXXXXXXX,direct_dataco_customer,Direct mapping from DataCo Customer Id to Nelson DSS customer_id.
C001398,5297,DataCo SMART Supply Chain,Mary Smith,XXXXXXXXX,direct_dataco_customer,Direct mapping from DataCo Customer Id to Nelson DSS customer_id.
C001399,7739,DataCo SMART Supply Chain,Kathy Morris,XXXXXXXXX,direct_dataco_customer,Direct mapping from DataCo Customer Id to Nelson DSS customer_id.
C001400,10898,DataCo SMART Supply Chain,James Knight,XXXXXXXXX,direct_dataco_customer,Direct mapping from DataCo Customer Id to Nelson DSS customer_id.
C001401,4758,DataCo SMART Supply Chain,Mary Mendoza,XXXXXXXXX,direct_dataco_customer,Direct mapping from DataCo Customer Id to Nelson DSS customer_id.
C001402,6088,DataCo SMART Supply Chain,Mary Brooks,XXXXXXXXX,direct_dataco_customer,Direct mapping from DataCo Customer Id to Nelson DSS customer_id.
C001403,3375,DataCo SMART Supply Chain,Mary Sanchez,XXXXXXXXX,direct_dataco_customer,Direct mapping from DataCo Customer Id to Nelson DSS customer_id.
C001404,3493,DataCo SMART Supply Chain,Joseph Simmons,XXXXXXXXX,direct_dataco_customer,Direct mapping from DataCo Customer Id to Nelson DSS customer_id.
C001405,259,DataCo SMART Supply Chain,Mary Bates,XXXXXXXXX,direct_dataco_customer,Direct mapping from DataCo Customer Id to Nelson DSS customer_id.
C001406,1013,DataCo SMART Supply Chain,Frances Smith,XXXXXXXXX,direct_dataco_customer,Direct mapping from DataCo Customer Id to Nelson DSS customer_id.
C001407,11311,DataCo SMART Supply Chain,Julie White,XXXXXXXXX,direct_dataco_customer,Direct mapping from DataCo Customer Id to Nelson DSS customer_id.
C001408,7595,DataCo SMART Supply Chain,Mary Meyer,XXXXXXXXX,direct_dataco_customer,Direct mapping from DataCo Customer Id to Nelson DSS customer_id.
C001409,11801,DataCo SMART Supply Chain,Shirley Smith,XXXXXXXXX,direct_dataco_customer,Direct mapping from DataCo Customer Id to Nelson DSS customer_id.
C001410,8038,DataCo SMART Supply Chain,Donald Smith,XXXXXXXXX,direct_dataco_customer,Direct mapping from DataCo Customer Id to Nelson DSS customer_id.
C001411,11895,DataCo SMART Supply Chain,Timothy Walter,XXXXXXXXX,direct_dataco_customer,Direct mapping from DataCo Customer Id to Nelson DSS customer_id.
C001412,7667,DataCo SMART Supply Chain,Henry Maldonado,XXXXXXXXX,direct_dataco_customer,Direct mapping from DataCo Customer Id to Nelson DSS customer_id.
C001413,1175,DataCo SMART Supply Chain,Mary Gray,XXXXXXXXX,direct_dataco_customer,Direct mapping from DataCo Customer Id to Nelson DSS customer_id.
C001414,1735,DataCo SMART Supply Chain,Mary Gill,XXXXXXXXX,direct_dataco_customer,Direct mapping from DataCo Customer Id to Nelson DSS customer_id.
C001415,10312,DataCo SMART Supply Chain,Evelyn Lowe,XXXXXXXXX,direct_dataco_customer,Direct mapping from DataCo Customer Id to Nelson DSS customer_id.
C001416,6397,DataCo SMART Supply Chain,Mary Carr,XXXXXXXXX,direct_dataco_customer,Direct mapping from DataCo Customer Id to Nelson DSS customer_id.
C001417,10951,DataCo SMART Supply Chain,Austin Weiss,XXXXXXXXX,direct_dataco_customer,Direct mapping from DataCo Customer Id to Nelson DSS customer_id.
C001418,2310,DataCo SMART Supply Chain,Mary Reeves,XXXXXXXXX,direct_dataco_customer,Direct mapping from DataCo Customer Id to Nelson DSS customer_id.
C001419,4169,DataCo SMART Supply Chain,Mary Palmer,XXXXXXXXX,direct_dataco_customer,Direct mapping from DataCo Customer Id to Nelson DSS customer_id.
C001420,4562,DataCo SMART Supply Chain,Mary Smith,XXXXXXXXX,direct_dataco_customer,Direct mapping from DataCo Customer Id to Nelson DSS customer_id.
C001421,11929,DataCo SMART Supply Chain,Amy Smith,XXXXXXXXX,direct_dataco_customer,Direct mapping from DataCo Customer Id to Nelson DSS customer_id.
C001422,642,DataCo SMART Supply Chain,Timothy Vasquez,XXXXXXXXX,direct_dataco_customer,Direct mapping from DataCo Customer Id to Nelson DSS customer_id.
C001423,6178,DataCo SMART Supply Chain,Mary Smith,XXXXXXXXX,direct_dataco_customer,Direct mapping from DataCo Customer Id to Nelson DSS customer_id.
C001424,5518,DataCo SMART Supply Chain,Patricia Smith,XXXXXXXXX,direct_dataco_customer,Direct mapping from DataCo Customer Id to Nelson DSS customer_id.
C001425,7112,DataCo SMART Supply Chain,Mark Harris,XXXXXXXXX,direct_dataco_customer,Direct mapping from DataCo Customer Id to Nelson DSS customer_id.
C001426,8294,DataCo SMART Supply Chain,Mary Smith,XXXXXXXXX,direct_dataco_customer,Direct mapping from DataCo Customer Id to Nelson DSS customer_id.
C001427,3428,DataCo SMART Supply Chain,Madison Joseph,XXXXXXXXX,direct_dataco_customer,Direct mapping from DataCo Customer Id to Nelson DSS customer_id.
C001428,9912,DataCo SMART Supply Chain,David Phillips,XXXXXXXXX,direct_dataco_customer,Direct mapping from DataCo Customer Id to Nelson DSS customer_id.
C001429,3656,DataCo SMART Supply Chain,Willie Smith,XXXXXXXXX,direct_dataco_customer,Direct mapping from DataCo Customer Id to Nelson DSS customer_id.
C001430,3503,DataCo SMART Supply Chain,Kathryn Davis,XXXXXXXXX,direct_dataco_customer,Direct mapping from DataCo Customer Id to Nelson DSS customer_id.
C001431,9195,DataCo SMART Supply Chain,George Johns,XXXXXXXXX,direct_dataco_customer,Direct mapping from DataCo Customer Id to Nelson DSS customer_id.
C001432,3066,DataCo SMART Supply Chain,Mary Smith,XXXXXXXXX,direct_dataco_customer,Direct mapping from DataCo Customer Id to Nelson DSS customer_id.
C001433,2453,DataCo SMART Supply Chain,Stephen Smith,XXXXXXXXX,direct_dataco_customer,Direct mapping from DataCo Customer Id to Nelson DSS customer_id.
C001434,6926,DataCo SMART Supply Chain,Ashley Powell,XXXXXXXXX,direct_dataco_customer,Direct mapping from DataCo Customer Id to Nelson DSS customer_id.
C001435,11443,DataCo SMART Supply Chain,Mary Smith,XXXXXXXXX,direct_dataco_customer,Direct mapping from DataCo Customer Id to Nelson DSS customer_id.
C001436,984,DataCo SMART Supply Chain,Amy Smith,XXXXXXXXX,direct_dataco_customer,Direct mapping from DataCo Customer Id to Nelson DSS customer_id.
C001437,11189,DataCo SMART Supply Chain,Mary Hammond,XXXXXXXXX,direct_dataco_customer,Direct mapping from DataCo Customer Id to Nelson DSS customer_id.
C001438,9305,DataCo SMART Supply Chain,Mary Evans,XXXXXXXXX,direct_dataco_customer,Direct mapping from DataCo Customer Id to Nelson DSS customer_id.
C001439,10162,DataCo SMART Supply Chain,Joseph Livingston,XXXXXXXXX,direct_dataco_customer,Direct mapping from DataCo Customer Id to Nelson DSS customer_id.
C001440,11924,DataCo SMART Supply Chain,Mary Ramos,XXXXXXXXX,direct_dataco_customer,Direct mapping from DataCo Customer Id to Nelson DSS customer_id.
C001441,10165,DataCo SMART Supply Chain,Joan Buckley,XXXXXXXXX,direct_dataco_customer,Direct mapping from DataCo Customer Id to Nelson DSS customer_id.
C001442,1273,DataCo SMART Supply Chain,Maria Evans,XXXXXXXXX,direct_dataco_customer,Direct mapping from DataCo Customer Id to Nelson DSS customer_id.
C001443,11032,DataCo SMART Supply Chain,Mary Welch,XXXXXXXXX,direct_dataco_customer,Direct mapping from DataCo Customer Id to Nelson DSS customer_id.
C001444,7234,DataCo SMART Supply Chain,Mary Bowers,XXXXXXXXX,direct_dataco_customer,Direct mapping from DataCo Customer Id to Nelson DSS customer_id.
C001445,3477,DataCo SMART Supply Chain,Mary Smith,XXXXXXXXX,direct_dataco_customer,Direct mapping from DataCo Customer Id to Nelson DSS customer_id.
C001446,3944,DataCo SMART Supply Chain,James Smith,XXXXXXXXX,direct_dataco_customer,Direct mapping from DataCo Customer Id to Nelson DSS customer_id.
C001447,6532,DataCo SMART Supply Chain,Mary Dixon,XXXXXXXXX,direct_dataco_customer,Direct mapping from DataCo Customer Id to Nelson DSS customer_id.
C001448,6014,DataCo SMART Supply Chain,Mary Washington,XXXXXXXXX,direct_dataco_customer,Direct mapping from DataCo Customer Id to Nelson DSS customer_id.
C001449,11387,DataCo SMART Supply Chain,Larry Smith,XXXXXXXXX,direct_dataco_customer,Direct mapping from DataCo Customer Id to Nelson DSS customer_id.
C001450,7439,DataCo SMART Supply Chain,Mary Flores,XXXXXXXXX,direct_dataco_customer,Direct mapping from DataCo Customer Id to Nelson DSS customer_id.
C001451,6287,DataCo SMART Supply Chain,Mary Smith,XXXXXXXXX,direct_dataco_customer,Direct mapping from DataCo Customer Id to Nelson DSS customer_id.
C001452,3567,DataCo SMART Supply Chain,Thomas Schroeder,XXXXXXXXX,direct_dataco_customer,Direct mapping from DataCo Customer Id to Nelson DSS customer_id.
C001453,6338,DataCo SMART Supply Chain,Sharon Snyder,XXXXXXXXX,direct_dataco_customer,Direct mapping from DataCo Customer Id to Nelson DSS customer_id.
C001454,11352,DataCo SMART Supply Chain,Doris Peterson,XXXXXXXXX,direct_dataco_customer,Direct mapping from DataCo Customer Id to Nelson DSS customer_id.
C001455,4297,DataCo SMART Supply Chain,Mary Torres,XXXXXXXXX,direct_dataco_customer,Direct mapping from DataCo Customer Id to Nelson DSS customer_id.
C001456,3197,DataCo SMART Supply Chain,Mary Holloway,XXXXXXXXX,direct_dataco_customer,Direct mapping from DataCo Customer Id to Nelson DSS customer_id.
C001457,4673,DataCo SMART Supply Chain,Wayne Hodges,XXXXXXXXX,direct_dataco_customer,Direct mapping from DataCo Customer Id to Nelson DSS customer_id.
C001458,737,DataCo SMART Supply Chain,Lawrence Smith,XXXXXXXXX,direct_dataco_customer,Direct mapping from DataCo Customer Id to Nelson DSS customer_id.
C001459,538,DataCo SMART Supply Chain,Joshua Livingston,XXXXXXXXX,direct_dataco_customer,Direct mapping from DataCo Customer Id to Nelson DSS customer_id.
C001460,1961,DataCo SMART Supply Chain,Mary Holt,XXXXXXXXX,direct_dataco_customer,Direct mapping from DataCo Customer Id to Nelson DSS customer_id.
C001461,2301,DataCo SMART Supply Chain,Mary Smith,XXXXXXXXX,direct_dataco_customer,Direct mapping from DataCo Customer Id to Nelson DSS customer_id.
C001462,10518,DataCo SMART Supply Chain,Jesse Dawson,XXXXXXXXX,direct_dataco_customer,Direct mapping from DataCo Customer Id to Nelson DSS customer_id.
C001463,6671,DataCo SMART Supply Chain,Randy Chambers,XXXXXXXXX,direct_dataco_customer,Direct mapping from DataCo Customer Id to Nelson DSS customer_id.
C001464,11073,DataCo SMART Supply Chain,Mary Smith,XXXXXXXXX,direct_dataco_customer,Direct mapping from DataCo Customer Id to Nelson DSS customer_id.
C001465,8328,DataCo SMART Supply Chain,Donna Smith,XXXXXXXXX,direct_dataco_customer,Direct mapping from DataCo Customer Id to Nelson DSS customer_id.
C001466,4926,DataCo SMART Supply Chain,Mary Smith,XXXXXXXXX,direct_dataco_customer,Direct mapping from DataCo Customer Id to Nelson DSS customer_id.
C001467,6566,DataCo SMART Supply Chain,David Beck,XXXXXXXXX,direct_dataco_customer,Direct mapping from DataCo Customer Id to Nelson DSS customer_id.
C001468,4624,DataCo SMART Supply Chain,Kenneth Matthews,XXXXXXXXX,direct_dataco_customer,Direct mapping from DataCo Customer Id to Nelson DSS customer_id.
C001469,3237,DataCo SMART Supply Chain,James Gonzalez,XXXXXXXXX,direct_dataco_customer,Direct mapping from DataCo Customer Id to Nelson DSS customer_id.
C001470,10942,DataCo SMART Supply Chain,Donald Smith,XXXXXXXXX,direct_dataco_customer,Direct mapping from DataCo Customer Id to Nelson DSS customer_id.
C001471,6407,DataCo SMART Supply Chain,Steven Smith,XXXXXXXXX,direct_dataco_customer,Direct mapping from DataCo Customer Id to Nelson DSS customer_id.
C001472,7738,DataCo SMART Supply Chain,Mary Smith,XXXXXXXXX,direct_dataco_customer,Direct mapping from DataCo Customer Id to Nelson DSS customer_id.
C001473,10039,DataCo SMART Supply Chain,Mary Butler,XXXXXXXXX,direct_dataco_customer,Direct mapping from DataCo Customer Id to Nelson DSS customer_id.
C001474,296,DataCo SMART Supply Chain,Mary Mullen,XXXXXXXXX,direct_dataco_customer,Direct mapping from DataCo Customer Id to Nelson DSS customer_id.
C001475,7905,DataCo SMART Supply Chain,Cynthia Garcia,XXXXXXXXX,direct_dataco_customer,Direct mapping from DataCo Customer Id to Nelson DSS customer_id.
C001476,6253,DataCo SMART Supply Chain,Mary Peterson,XXXXXXXXX,direct_dataco_customer,Direct mapping from DataCo Customer Id to Nelson DSS customer_id.
C001477,1882,DataCo SMART Supply Chain,Jacob Wood,XXXXXXXXX,direct_dataco_customer,Direct mapping from DataCo Customer Id to Nelson DSS customer_id.
C001478,8463,DataCo SMART Supply Chain,Nathan Burns,XXXXXXXXX,direct_dataco_customer,Direct mapping from DataCo Customer Id to Nelson DSS customer_id.
C001479,7758,DataCo SMART Supply Chain,Joyce Howe,XXXXXXXXX,direct_dataco_customer,Direct mapping from DataCo Customer Id to Nelson DSS customer_id.
C001480,5683,DataCo SMART Supply Chain,Rachel Smith,XXXXXXXXX,direct_dataco_customer,Direct mapping from DataCo Customer Id to Nelson DSS customer_id.
C001481,7967,DataCo SMART Supply Chain,Samuel Jones,XXXXXXXXX,direct_dataco_customer,Direct mapping from DataCo Customer Id to Nelson DSS customer_id.
C001482,10277,DataCo SMART Supply Chain,Ann Smith,XXXXXXXXX,direct_dataco_customer,Direct mapping from DataCo Customer Id to Nelson DSS customer_id.
C001483,12187,DataCo SMART Supply Chain,Mary Smith,XXXXXXXXX,direct_dataco_customer,Direct mapping from DataCo Customer Id to Nelson DSS customer_id.
C001484,7992,DataCo SMART Supply Chain,Harold Smith,XXXXXXXXX,direct_dataco_customer,Direct mapping from DataCo Customer Id to Nelson DSS customer_id.
C001485,11822,DataCo SMART Supply Chain,Christian Smith,XXXXXXXXX,direct_dataco_customer,Direct mapping from DataCo Customer Id to Nelson DSS customer_id.
C001486,3291,DataCo SMART Supply Chain,Mary Parrish,XXXXXXXXX,direct_dataco_customer,Direct mapping from DataCo Customer Id to Nelson DSS customer_id.
C001487,2306,DataCo SMART Supply Chain,Mary Chen,XXXXXXXXX,direct_dataco_customer,Direct mapping from DataCo Customer Id to Nelson DSS customer_id.
C001488,4202,DataCo SMART Supply Chain,Kimberly Griffin,XXXXXXXXX,direct_dataco_customer,Direct mapping from DataCo Customer Id to Nelson DSS customer_id.
C001489,1172,DataCo SMART Supply Chain,Marie Morales,XXXXXXXXX,direct_dataco_customer,Direct mapping from DataCo Customer Id to Nelson DSS customer_id.
C001490,6785,DataCo SMART Supply Chain,Mary Davila,XXXXXXXXX,direct_dataco_customer,Direct mapping from DataCo Customer Id to Nelson DSS customer_id.
C001491,10454,DataCo SMART Supply Chain,Anthony Leblanc,XXXXXXXXX,direct_dataco_customer,Direct mapping from DataCo Customer Id to Nelson DSS customer_id.
C001492,11875,DataCo SMART Supply Chain,Joseph Stevens,XXXXXXXXX,direct_dataco_customer,Direct mapping from DataCo Customer Id to Nelson DSS customer_id.
C001493,10799,DataCo SMART Supply Chain,Jane Smith,XXXXXXXXX,direct_dataco_customer,Direct mapping from DataCo Customer Id to Nelson DSS customer_id.
C001494,8546,DataCo SMART Supply Chain,Mary Smith,XXXXXXXXX,direct_dataco_customer,Direct mapping from DataCo Customer Id to Nelson DSS customer_id.
C001495,9683,DataCo SMART Supply Chain,Mary Ray,XXXXXXXXX,direct_dataco_customer,Direct mapping from DataCo Customer Id to Nelson DSS customer_id.
C001496,11473,DataCo SMART Supply Chain,Mary Smith,XXXXXXXXX,direct_dataco_customer,Direct mapping from DataCo Customer Id to Nelson DSS customer_id.
C001497,5762,DataCo SMART Supply Chain,Crystal Foster,XXXXXXXXX,direct_dataco_customer,Direct mapping from DataCo Customer Id to Nelson DSS customer_id.
C001498,2255,DataCo SMART Supply Chain,Cheryl Kline,XXXXXXXXX,direct_dataco_customer,Direct mapping from DataCo Customer Id to Nelson DSS customer_id.
C001499,3262,DataCo SMART Supply Chain,Mary Brewer,XXXXXXXXX,direct_dataco_customer,Direct mapping from DataCo Customer Id to Nelson DSS customer_id.
C001500,10062,DataCo SMART Supply Chain,Judith Smith,XXXXXXXXX,direct_dataco_customer,Direct mapping from DataCo Customer Id to Nelson DSS customer_id.
C001501,5453,DataCo SMART Supply Chain,Grace English,XXXXXXXXX,direct_dataco_customer,Direct mapping from DataCo Customer Id to Nelson DSS customer_id.
C001502,10012,DataCo SMART Supply Chain,Robert Montoya,XXXXXXXXX,direct_dataco_customer,Direct mapping from DataCo Customer Id to Nelson DSS customer_id.
C001503,6416,DataCo SMART Supply Chain,Mary Smith,XXXXXXXXX,direct_dataco_customer,Direct mapping from DataCo Customer Id to Nelson DSS customer_id.
C001504,11968,DataCo SMART Supply Chain,Emily Winters,XXXXXXXXX,direct_dataco_customer,Direct mapping from DataCo Customer Id to Nelson DSS customer_id.
C001505,5987,DataCo SMART Supply Chain,Mary Smith,XXXXXXXXX,direct_dataco_customer,Direct mapping from DataCo Customer Id to Nelson DSS customer_id.
C001506,8605,DataCo SMART Supply Chain,Johnny Morse,XXXXXXXXX,direct_dataco_customer,Direct mapping from DataCo Customer Id to Nelson DSS customer_id.
C001507,8781,DataCo SMART Supply Chain,Mary Chan,XXXXXXXXX,direct_dataco_customer,Direct mapping from DataCo Customer Id to Nelson DSS customer_id.
C001508,10807,DataCo SMART Supply Chain,Benjamin Wilson,XXXXXXXXX,direct_dataco_customer,Direct mapping from DataCo Customer Id to Nelson DSS customer_id.
C001509,6457,DataCo SMART Supply Chain,Dorothy Coleman,XXXXXXXXX,direct_dataco_customer,Direct mapping from DataCo Customer Id to Nelson DSS customer_id.
C001510,439,DataCo SMART Supply Chain,Rose Delgado,XXXXXXXXX,direct_dataco_customer,Direct mapping from DataCo Customer Id to Nelson DSS customer_id.
C001511,6318,DataCo SMART Supply Chain,Gerald Garza,XXXXXXXXX,direct_dataco_customer,Direct mapping from DataCo Customer Id to Nelson DSS customer_id.
C001512,1376,DataCo SMART Supply Chain,Mary Austin,XXXXXXXXX,direct_dataco_customer,Direct mapping from DataCo Customer Id to Nelson DSS customer_id.
C001513,3980,DataCo SMART Supply Chain,Frances Smith,XXXXXXXXX,direct_dataco_customer,Direct mapping from DataCo Customer Id to Nelson DSS customer_id.
C001514,207,DataCo SMART Supply Chain,Jose Powers,XXXXXXXXX,direct_dataco_customer,Direct mapping from DataCo Customer Id to Nelson DSS customer_id.
C001515,6108,DataCo SMART Supply Chain,Emma Smith,XXXXXXXXX,direct_dataco_customer,Direct mapping from DataCo Customer Id to Nelson DSS customer_id.
C001516,9181,DataCo SMART Supply Chain,Mary Smith,XXXXXXXXX,direct_dataco_customer,Direct mapping from DataCo Customer Id to Nelson DSS customer_id.
C001517,9541,DataCo SMART Supply Chain,Richard Leach,XXXXXXXXX,direct_dataco_customer,Direct mapping from DataCo Customer Id to Nelson DSS customer_id.
C001518,4407,DataCo SMART Supply Chain,Mary Ward,XXXXXXXXX,direct_dataco_customer,Direct mapping from DataCo Customer Id to Nelson DSS customer_id.
C001519,6279,DataCo SMART Supply Chain,Gary Lewis,XXXXXXXXX,direct_dataco_customer,Direct mapping from DataCo Customer Id to Nelson DSS customer_id.
C001520,4272,DataCo SMART Supply Chain,Mary Brewer,XXXXXXXXX,direct_dataco_customer,Direct mapping from DataCo Customer Id to Nelson DSS customer_id.
C001521,9514,DataCo SMART Supply Chain,Mary Bowen,XXXXXXXXX,direct_dataco_customer,Direct mapping from DataCo Customer Id to Nelson DSS customer_id.
C001522,11504,DataCo SMART Supply Chain,Mary Smith,XXXXXXXXX,direct_dataco_customer,Direct mapping from DataCo Customer Id to Nelson DSS customer_id.
C001523,2121,DataCo SMART Supply Chain,Mary Dillon,XXXXXXXXX,direct_dataco_customer,Direct mapping from DataCo Customer Id to Nelson DSS customer_id.
C001524,3985,DataCo SMART Supply Chain,Debra Gates,XXXXXXXXX,direct_dataco_customer,Direct mapping from DataCo Customer Id to Nelson DSS customer_id.
C001525,9384,DataCo SMART Supply Chain,Mary Anderson,XXXXXXXXX,direct_dataco_customer,Direct mapping from DataCo Customer Id to Nelson DSS customer_id.
C001526,831,DataCo SMART Supply Chain,Daniel Smith,XXXXXXXXX,direct_dataco_customer,Direct mapping from DataCo Customer Id to Nelson DSS customer_id.
C001527,6417,DataCo SMART Supply Chain,Helen Gomez,XXXXXXXXX,direct_dataco_customer,Direct mapping from DataCo Customer Id to Nelson DSS customer_id.
C001528,9830,DataCo SMART Supply Chain,Mary Frey,XXXXXXXXX,direct_dataco_customer,Direct mapping from DataCo Customer Id to Nelson DSS customer_id.
C001529,7294,DataCo SMART Supply Chain,Sharon Ball,XXXXXXXXX,direct_dataco_customer,Direct mapping from DataCo Customer Id to Nelson DSS customer_id.
C001530,6810,DataCo SMART Supply Chain,Roger Smith,XXXXXXXXX,direct_dataco_customer,Direct mapping from DataCo Customer Id to Nelson DSS customer_id.
C001531,6669,DataCo SMART Supply Chain,Mary Smith,XXXXXXXXX,direct_dataco_customer,Direct mapping from DataCo Customer Id to Nelson DSS customer_id.
C001532,7958,DataCo SMART Supply Chain,Jessica Cochran,XXXXXXXXX,direct_dataco_customer,Direct mapping from DataCo Customer Id to Nelson DSS customer_id.
C001533,328,DataCo SMART Supply Chain,William Morrison,XXXXXXXXX,direct_dataco_customer,Direct mapping from DataCo Customer Id to Nelson DSS customer_id.
C001534,2319,DataCo SMART Supply Chain,Mary Holland,XXXXXXXXX,direct_dataco_customer,Direct mapping from DataCo Customer Id to Nelson DSS customer_id.
C001535,2137,DataCo SMART Supply Chain,Mary Page,XXXXXXXXX,direct_dataco_customer,Direct mapping from DataCo Customer Id to Nelson DSS customer_id.
C001536,2763,DataCo SMART Supply Chain,Frances Smith,XXXXXXXXX,direct_dataco_customer,Direct mapping from DataCo Customer Id to Nelson DSS customer_id.
C001537,4494,DataCo SMART Supply Chain,Mary Smith,XXXXXXXXX,direct_dataco_customer,Direct mapping from DataCo Customer Id to Nelson DSS customer_id.
C001538,9402,DataCo SMART Supply Chain,Amber Smith,XXXXXXXXX,direct_dataco_customer,Direct mapping from DataCo Customer Id to Nelson DSS customer_id.
C001539,51,DataCo SMART Supply Chain,Jessica Smith,XXXXXXXXX,direct_dataco_customer,Direct mapping from DataCo Customer Id to Nelson DSS customer_id.
C001540,5859,DataCo SMART Supply Chain,Ronald Wilson,XXXXXXXXX,direct_dataco_customer,Direct mapping from DataCo Customer Id to Nelson DSS customer_id.
C001541,2988,DataCo SMART Supply Chain,Amy Torres,XXXXXXXXX,direct_dataco_customer,Direct mapping from DataCo Customer Id to Nelson DSS customer_id.
C001542,12195,DataCo SMART Supply Chain,Brenda Moyer,XXXXXXXXX,direct_dataco_customer,Direct mapping from DataCo Customer Id to Nelson DSS customer_id.
C001543,1493,DataCo SMART Supply Chain,Mary Smith,XXXXXXXXX,direct_dataco_customer,Direct mapping from DataCo Customer Id to Nelson DSS customer_id.
C001544,10588,DataCo SMART Supply Chain,Jessica Newton,XXXXXXXXX,direct_dataco_customer,Direct mapping from DataCo Customer Id to Nelson DSS customer_id.
C001545,1347,DataCo SMART Supply Chain,Alan Gillespie,XXXXXXXXX,direct_dataco_customer,Direct mapping from DataCo Customer Id to Nelson DSS customer_id.
C001546,512,DataCo SMART Supply Chain,Mary Harris,XXXXXXXXX,direct_dataco_customer,Direct mapping from DataCo Customer Id to Nelson DSS customer_id.
C001547,7333,DataCo SMART Supply Chain,Julia Smith,XXXXXXXXX,direct_dataco_customer,Direct mapping from DataCo Customer Id to Nelson DSS customer_id.
C001548,8193,DataCo SMART Supply Chain,Mary Smith,XXXXXXXXX,direct_dataco_customer,Direct mapping from DataCo Customer Id to Nelson DSS customer_id.
C001549,5722,DataCo SMART Supply Chain,Mary Smith,XXXXXXXXX,direct_dataco_customer,Direct mapping from DataCo Customer Id to Nelson DSS customer_id.
C001550,8381,DataCo SMART Supply Chain,Mary Anderson,XXXXXXXXX,direct_dataco_customer,Direct mapping from DataCo Customer Id to Nelson DSS customer_id.
C001551,2193,DataCo SMART Supply Chain,Catherine Smith,XXXXXXXXX,direct_dataco_customer,Direct mapping from DataCo Customer Id to Nelson DSS customer_id.
C001552,11284,DataCo SMART Supply Chain,Sarah Sherman,XXXXXXXXX,direct_dataco_customer,Direct mapping from DataCo Customer Id to Nelson DSS customer_id.
C001553,2630,DataCo SMART Supply Chain,Willie Jones,XXXXXXXXX,direct_dataco_customer,Direct mapping from DataCo Customer Id to Nelson DSS customer_id.
C001554,4941,DataCo SMART Supply Chain,Mary Smith,XXXXXXXXX,direct_dataco_customer,Direct mapping from DataCo Customer Id to Nelson DSS customer_id.
C001555,1864,DataCo SMART Supply Chain,Deborah Smith,XXXXXXXXX,direct_dataco_customer,Direct mapping from DataCo Customer Id to Nelson DSS customer_id.
C001556,4140,DataCo SMART Supply Chain,Brandon Smith,XXXXXXXXX,direct_dataco_customer,Direct mapping from DataCo Customer Id to Nelson DSS customer_id.
C001557,10668,DataCo SMART Supply Chain,Mary Smith,XXXXXXXXX,direct_dataco_customer,Direct mapping from DataCo Customer Id to Nelson DSS customer_id.
C001558,5749,DataCo SMART Supply Chain,Mary Smith,XXXXXXXXX,direct_dataco_customer,Direct mapping from DataCo Customer Id to Nelson DSS customer_id.
C001559,10801,DataCo SMART Supply Chain,Ryan Larson,XXXXXXXXX,direct_dataco_customer,Direct mapping from DataCo Customer Id to Nelson DSS customer_id.
C001560,9168,DataCo SMART Supply Chain,Martha Evans,XXXXXXXXX,direct_dataco_customer,Direct mapping from DataCo Customer Id to Nelson DSS customer_id.
C001561,11318,DataCo SMART Supply Chain,Mary Henry,XXXXXXXXX,direct_dataco_customer,Direct mapping from DataCo Customer Id to Nelson DSS customer_id.
C001562,12031,DataCo SMART Supply Chain,Ashley Benitez,XXXXXXXXX,direct_dataco_customer,Direct mapping from DataCo Customer Id to Nelson DSS customer_id.
C001563,1765,DataCo SMART Supply Chain,Mary Smith,XXXXXXXXX,direct_dataco_customer,Direct mapping from DataCo Customer Id to Nelson DSS customer_id.
C001564,10042,DataCo SMART Supply Chain,Christopher Hatfield,XXXXXXXXX,direct_dataco_customer,Direct mapping from DataCo Customer Id to Nelson DSS customer_id.
C001565,12102,DataCo SMART Supply Chain,Johnny Marks,XXXXXXXXX,direct_dataco_customer,Direct mapping from DataCo Customer Id to Nelson DSS customer_id.
C001566,2475,DataCo SMART Supply Chain,Dennis Hall,XXXXXXXXX,direct_dataco_customer,Direct mapping from DataCo Customer Id to Nelson DSS customer_id.
C001567,6734,DataCo SMART Supply Chain,Mary Smith,XXXXXXXXX,direct_dataco_customer,Direct mapping from DataCo Customer Id to Nelson DSS customer_id.
C001568,936,DataCo SMART Supply Chain,Mary Smith,XXXXXXXXX,direct_dataco_customer,Direct mapping from DataCo Customer Id to Nelson DSS customer_id.
C001569,778,DataCo SMART Supply Chain,John Buckley,XXXXXXXXX,direct_dataco_customer,Direct mapping from DataCo Customer Id to Nelson DSS customer_id.
C001570,11560,DataCo SMART Supply Chain,Walter Walton,XXXXXXXXX,direct_dataco_customer,Direct mapping from DataCo Customer Id to Nelson DSS customer_id.
C001571,2320,DataCo SMART Supply Chain,Katherine Smith,XXXXXXXXX,direct_dataco_customer,Direct mapping from DataCo Customer Id to Nelson DSS customer_id.
C001572,704,DataCo SMART Supply Chain,Mary Mccullough,XXXXXXXXX,direct_dataco_customer,Direct mapping from DataCo Customer Id to Nelson DSS customer_id.
C001573,3978,DataCo SMART Supply Chain,Barbara Simmons,XXXXXXXXX,direct_dataco_customer,Direct mapping from DataCo Customer Id to Nelson DSS customer_id.
C001574,4191,DataCo SMART Supply Chain,Kimberly Salazar,XXXXXXXXX,direct_dataco_customer,Direct mapping from DataCo Customer Id to Nelson DSS customer_id.
C001575,4225,DataCo SMART Supply Chain,Amy Wright,XXXXXXXXX,direct_dataco_customer,Direct mapping from DataCo Customer Id to Nelson DSS customer_id.
C001576,4838,DataCo SMART Supply Chain,Mark Frank,XXXXXXXXX,direct_dataco_customer,Direct mapping from DataCo Customer Id to Nelson DSS customer_id.
C001577,1828,DataCo SMART Supply Chain,Doris Alvarez,XXXXXXXXX,direct_dataco_customer,Direct mapping from DataCo Customer Id to Nelson DSS customer_id.
C001578,2093,DataCo SMART Supply Chain,Justin Jennings,XXXXXXXXX,direct_dataco_customer,Direct mapping from DataCo Customer Id to Nelson DSS customer_id.
C001579,3042,DataCo SMART Supply Chain,David Howell,XXXXXXXXX,direct_dataco_customer,Direct mapping from DataCo Customer Id to Nelson DSS customer_id.
C001580,6727,DataCo SMART Supply Chain,Mary Velasquez,XXXXXXXXX,direct_dataco_customer,Direct mapping from DataCo Customer Id to Nelson DSS customer_id.
C001581,3617,DataCo SMART Supply Chain,Mary Smith,XXXXXXXXX,direct_dataco_customer,Direct mapping from DataCo Customer Id to Nelson DSS customer_id.
C001582,10839,DataCo SMART Supply Chain,Mary Blake,XXXXXXXXX,direct_dataco_customer,Direct mapping from DataCo Customer Id to Nelson DSS customer_id.
C001583,11618,DataCo SMART Supply Chain,Tammy Smith,XXXXXXXXX,direct_dataco_customer,Direct mapping from DataCo Customer Id to Nelson DSS customer_id.
C001584,8539,DataCo SMART Supply Chain,John Smith,XXXXXXXXX,direct_dataco_customer,Direct mapping from DataCo Customer Id to Nelson DSS customer_id.
C001585,8013,DataCo SMART Supply Chain,Mary Adams,XXXXXXXXX,direct_dataco_customer,Direct mapping from DataCo Customer Id to Nelson DSS customer_id.
C001586,8787,DataCo SMART Supply Chain,Janice Pittman,XXXXXXXXX,direct_dataco_customer,Direct mapping from DataCo Customer Id to Nelson DSS customer_id.
C001587,970,DataCo SMART Supply Chain,Mary Alvarez,XXXXXXXXX,direct_dataco_customer,Direct mapping from DataCo Customer Id to Nelson DSS customer_id.
C001588,3417,DataCo SMART Supply Chain,Daniel Joseph,XXXXXXXXX,direct_dataco_customer,Direct mapping from DataCo Customer Id to Nelson DSS customer_id.
C001589,5052,DataCo SMART Supply Chain,Larry Meyer,XXXXXXXXX,direct_dataco_customer,Direct mapping from DataCo Customer Id to Nelson DSS customer_id.
C001590,2461,DataCo SMART Supply Chain,Maria Smith,XXXXXXXXX,direct_dataco_customer,Direct mapping from DataCo Customer Id to Nelson DSS customer_id.
C001591,10642,DataCo SMART Supply Chain,James Smith,XXXXXXXXX,direct_dataco_customer,Direct mapping from DataCo Customer Id to Nelson DSS customer_id.
C001592,6424,DataCo SMART Supply Chain,Mary Juarez,XXXXXXXXX,direct_dataco_customer,Direct mapping from DataCo Customer Id to Nelson DSS customer_id.
C001593,10257,DataCo SMART Supply Chain,Michael Smith,XXXXXXXXX,direct_dataco_customer,Direct mapping from DataCo Customer Id to Nelson DSS customer_id.
C001594,8963,DataCo SMART Supply Chain,Ruth Bush,XXXXXXXXX,direct_dataco_customer,Direct mapping from DataCo Customer Id to Nelson DSS customer_id.
C001595,5229,DataCo SMART Supply Chain,Thomas Butler,XXXXXXXXX,direct_dataco_customer,Direct mapping from DataCo Customer Id to Nelson DSS customer_id.
C001596,5732,DataCo SMART Supply Chain,Jacob Perry,XXXXXXXXX,direct_dataco_customer,Direct mapping from DataCo Customer Id to Nelson DSS customer_id.
C001597,6834,DataCo SMART Supply Chain,Mary Smith,XXXXXXXXX,direct_dataco_customer,Direct mapping from DataCo Customer Id to Nelson DSS customer_id.
C001598,2321,DataCo SMART Supply Chain,Mary Patel,XXXXXXXXX,direct_dataco_customer,Direct mapping from DataCo Customer Id to Nelson DSS customer_id.
C001599,8853,DataCo SMART Supply Chain,Richard Ali,XXXXXXXXX,direct_dataco_customer,Direct mapping from DataCo Customer Id to Nelson DSS customer_id.
C001600,2845,DataCo SMART Supply Chain,Ryan Collins,XXXXXXXXX,direct_dataco_customer,Direct mapping from DataCo Customer Id to Nelson DSS customer_id.
C001601,377,DataCo SMART Supply Chain,Mary Smith,XXXXXXXXX,direct_dataco_customer,Direct mapping from DataCo Customer Id to Nelson DSS customer_id.
C001602,8602,DataCo SMART Supply Chain,Timothy Gilbert,XXXXXXXXX,direct_dataco_customer,Direct mapping from DataCo Customer Id to Nelson DSS customer_id.
C001603,10511,DataCo SMART Supply Chain,Katherine Smith,XXXXXXXXX,direct_dataco_customer,Direct mapping from DataCo Customer Id to Nelson DSS customer_id.
C001604,8763,DataCo SMART Supply Chain,Pamela Williams,XXXXXXXXX,direct_dataco_customer,Direct mapping from DataCo Customer Id to Nelson DSS customer_id.
C001605,8791,DataCo SMART Supply Chain,Beverly Ali,XXXXXXXXX,direct_dataco_customer,Direct mapping from DataCo Customer Id to Nelson DSS customer_id.
C001606,3464,DataCo SMART Supply Chain,Zachary Smith,XXXXXXXXX,direct_dataco_customer,Direct mapping from DataCo Customer Id to Nelson DSS customer_id.
C001607,946,DataCo SMART Supply Chain,Mary Smith,XXXXXXXXX,direct_dataco_customer,Direct mapping from DataCo Customer Id to Nelson DSS customer_id.
C001608,4275,DataCo SMART Supply Chain,Sandra Allen,XXXXXXXXX,direct_dataco_customer,Direct mapping from DataCo Customer Id to Nelson DSS customer_id.
C001609,5431,DataCo SMART Supply Chain,Judith Peck,XXXXXXXXX,direct_dataco_customer,Direct mapping from DataCo Customer Id to Nelson DSS customer_id.
C001610,5129,DataCo SMART Supply Chain,Dennis Smith,XXXXXXXXX,direct_dataco_customer,Direct mapping from DataCo Customer Id to Nelson DSS customer_id.
C001611,1889,DataCo SMART Supply Chain,Mary West,XXXXXXXXX,direct_dataco_customer,Direct mapping from DataCo Customer Id to Nelson DSS customer_id.
C001612,6233,DataCo SMART Supply Chain,Mary Elliott,XXXXXXXXX,direct_dataco_customer,Direct mapping from DataCo Customer Id to Nelson DSS customer_id.
C001613,2110,DataCo SMART Supply Chain,Cynthia Myers,XXXXXXXXX,direct_dataco_customer,Direct mapping from DataCo Customer Id to Nelson DSS customer_id.
C001614,4476,DataCo SMART Supply Chain,Mary Ortiz,XXXXXXXXX,direct_dataco_customer,Direct mapping from DataCo Customer Id to Nelson DSS customer_id.
C001615,2257,DataCo SMART Supply Chain,Matthew Burgess,XXXXXXXXX,direct_dataco_customer,Direct mapping from DataCo Customer Id to Nelson DSS customer_id.
C001616,1243,DataCo SMART Supply Chain,Joan Rosales,XXXXXXXXX,direct_dataco_customer,Direct mapping from DataCo Customer Id to Nelson DSS customer_id.
C001617,2277,DataCo SMART Supply Chain,Ruth Arnold,XXXXXXXXX,direct_dataco_customer,Direct mapping from DataCo Customer Id to Nelson DSS customer_id.
C001618,285,DataCo SMART Supply Chain,Shirley Smith,XXXXXXXXX,direct_dataco_customer,Direct mapping from DataCo Customer Id to Nelson DSS customer_id.
C001619,7465,DataCo SMART Supply Chain,Andrew Smith,XXXXXXXXX,direct_dataco_customer,Direct mapping from DataCo Customer Id to Nelson DSS customer_id.
C001620,4997,DataCo SMART Supply Chain,Roy Todd,XXXXXXXXX,direct_dataco_customer,Direct mapping from DataCo Customer Id to Nelson DSS customer_id.
C001621,2646,DataCo SMART Supply Chain,Mary Daugherty,XXXXXXXXX,direct_dataco_customer,Direct mapping from DataCo Customer Id to Nelson DSS customer_id.
C001622,656,DataCo SMART Supply Chain,Julie Smith,XXXXXXXXX,direct_dataco_customer,Direct mapping from DataCo Customer Id to Nelson DSS customer_id.
C001623,11491,DataCo SMART Supply Chain,David Smith,XXXXXXXXX,direct_dataco_customer,Direct mapping from DataCo Customer Id to Nelson DSS customer_id.
C001624,1126,DataCo SMART Supply Chain,Mary Thompson,XXXXXXXXX,direct_dataco_customer,Direct mapping from DataCo Customer Id to Nelson DSS customer_id.
C001625,12026,DataCo SMART Supply Chain,George Smith,XXXXXXXXX,direct_dataco_customer,Direct mapping from DataCo Customer Id to Nelson DSS customer_id.
C001626,8397,DataCo SMART Supply Chain,Amber Smith,XXXXXXXXX,direct_dataco_customer,Direct mapping from DataCo Customer Id to Nelson DSS customer_id.
C001627,3752,DataCo SMART Supply Chain,Mary Vega,XXXXXXXXX,direct_dataco_customer,Direct mapping from DataCo Customer Id to Nelson DSS customer_id.
C001628,9612,DataCo SMART Supply Chain,Willie Roberson,XXXXXXXXX,direct_dataco_customer,Direct mapping from DataCo Customer Id to Nelson DSS customer_id.
C001629,7606,DataCo SMART Supply Chain,Mary Khan,XXXXXXXXX,direct_dataco_customer,Direct mapping from DataCo Customer Id to Nelson DSS customer_id.
C001630,5249,DataCo SMART Supply Chain,Robert Huffman,XXXXXXXXX,direct_dataco_customer,Direct mapping from DataCo Customer Id to Nelson DSS customer_id.
C001631,6370,DataCo SMART Supply Chain,Andrea Smith,XXXXXXXXX,direct_dataco_customer,Direct mapping from DataCo Customer Id to Nelson DSS customer_id.
C001632,9575,DataCo SMART Supply Chain,John Richards,XXXXXXXXX,direct_dataco_customer,Direct mapping from DataCo Customer Id to Nelson DSS customer_id.
C001633,272,DataCo SMART Supply Chain,Mary Long,XXXXXXXXX,direct_dataco_customer,Direct mapping from DataCo Customer Id to Nelson DSS customer_id.
C001634,9972,DataCo SMART Supply Chain,William Serrano,XXXXXXXXX,direct_dataco_customer,Direct mapping from DataCo Customer Id to Nelson DSS customer_id.
C001635,7356,DataCo SMART Supply Chain,Andrew Robles,XXXXXXXXX,direct_dataco_customer,Direct mapping from DataCo Customer Id to Nelson DSS customer_id.
C001636,3461,DataCo SMART Supply Chain,Jose Smith,XXXXXXXXX,direct_dataco_customer,Direct mapping from DataCo Customer Id to Nelson DSS customer_id.
C001637,3406,DataCo SMART Supply Chain,Mary Smith,XXXXXXXXX,direct_dataco_customer,Direct mapping from DataCo Customer Id to Nelson DSS customer_id.
C001638,8704,DataCo SMART Supply Chain,Mary Mclean,XXXXXXXXX,direct_dataco_customer,Direct mapping from DataCo Customer Id to Nelson DSS customer_id.
C001639,4915,DataCo SMART Supply Chain,Matthew Juarez,XXXXXXXXX,direct_dataco_customer,Direct mapping from DataCo Customer Id to Nelson DSS customer_id.
C001640,10220,DataCo SMART Supply Chain,Gerald Mason,XXXXXXXXX,direct_dataco_customer,Direct mapping from DataCo Customer Id to Nelson DSS customer_id.
C001641,9496,DataCo SMART Supply Chain,Mary Taylor,XXXXXXXXX,direct_dataco_customer,Direct mapping from DataCo Customer Id to Nelson DSS customer_id.
C001642,11957,DataCo SMART Supply Chain,Mary Norman,XXXXXXXXX,direct_dataco_customer,Direct mapping from DataCo Customer Id to Nelson DSS customer_id.
C001643,12178,DataCo SMART Supply Chain,Mary Mcgee,XXXXXXXXX,direct_dataco_customer,Direct mapping from DataCo Customer Id to Nelson DSS customer_id.
C001644,10637,DataCo SMART Supply Chain,Matthew Smith,XXXXXXXXX,direct_dataco_customer,Direct mapping from DataCo Customer Id to Nelson DSS customer_id.
C001645,8631,DataCo SMART Supply Chain,Mary Richardson,XXXXXXXXX,direct_dataco_customer,Direct mapping from DataCo Customer Id to Nelson DSS customer_id.
C001646,4040,DataCo SMART Supply Chain,Harold Hart,XXXXXXXXX,direct_dataco_customer,Direct mapping from DataCo Customer Id to Nelson DSS customer_id.
C001647,4153,DataCo SMART Supply Chain,Kathleen Torres,XXXXXXXXX,direct_dataco_customer,Direct mapping from DataCo Customer Id to Nelson DSS customer_id.
C001648,175,DataCo SMART Supply Chain,Ronald Guzman,XXXXXXXXX,direct_dataco_customer,Direct mapping from DataCo Customer Id to Nelson DSS customer_id.
C001649,11574,DataCo SMART Supply Chain,Mary Guzman,XXXXXXXXX,direct_dataco_customer,Direct mapping from DataCo Customer Id to Nelson DSS customer_id.
C001650,5585,DataCo SMART Supply Chain,Mary Wilson,XXXXXXXXX,direct_dataco_customer,Direct mapping from DataCo Customer Id to Nelson DSS customer_id.
C001651,430,DataCo SMART Supply Chain,Mary Smith,XXXXXXXXX,direct_dataco_customer,Direct mapping from DataCo Customer Id to Nelson DSS customer_id.
C001652,4547,DataCo SMART Supply Chain,Mary Molina,XXXXXXXXX,direct_dataco_customer,Direct mapping from DataCo Customer Id to Nelson DSS customer_id.
C001653,11789,DataCo SMART Supply Chain,Mary Smith,XXXXXXXXX,direct_dataco_customer,Direct mapping from DataCo Customer Id to Nelson DSS customer_id.
C001654,8506,DataCo SMART Supply Chain,Elizabeth Smith,XXXXXXXXX,direct_dataco_customer,Direct mapping from DataCo Customer Id to Nelson DSS customer_id.
C001655,8211,DataCo SMART Supply Chain,Ronald Mcneil,XXXXXXXXX,direct_dataco_customer,Direct mapping from DataCo Customer Id to Nelson DSS customer_id.
C001656,6089,DataCo SMART Supply Chain,Laura Blair,XXXXXXXXX,direct_dataco_customer,Direct mapping from DataCo Customer Id to Nelson DSS customer_id.
C001657,7144,DataCo SMART Supply Chain,Douglas Haley,XXXXXXXXX,direct_dataco_customer,Direct mapping from DataCo Customer Id to Nelson DSS customer_id.
C001658,4657,DataCo SMART Supply Chain,Mary Shaw,XXXXXXXXX,direct_dataco_customer,Direct mapping from DataCo Customer Id to Nelson DSS customer_id.
C001659,5145,DataCo SMART Supply Chain,James Smith,XXXXXXXXX,direct_dataco_customer,Direct mapping from DataCo Customer Id to Nelson DSS customer_id.
C001660,4750,DataCo SMART Supply Chain,Mary Smith,XXXXXXXXX,direct_dataco_customer,Direct mapping from DataCo Customer Id to Nelson DSS customer_id.
C001661,10424,DataCo SMART Supply Chain,Beverly Smith,XXXXXXXXX,direct_dataco_customer,Direct mapping from DataCo Customer Id to Nelson DSS customer_id.
C001662,1116,DataCo SMART Supply Chain,Mary Henderson,XXXXXXXXX,direct_dataco_customer,Direct mapping from DataCo Customer Id to Nelson DSS customer_id.
C001663,929,DataCo SMART Supply Chain,Alan Smith,XXXXXXXXX,direct_dataco_customer,Direct mapping from DataCo Customer Id to Nelson DSS customer_id.
C001664,6909,DataCo SMART Supply Chain,Mary Salinas,XXXXXXXXX,direct_dataco_customer,Direct mapping from DataCo Customer Id to Nelson DSS customer_id.
C001665,4795,DataCo SMART Supply Chain,Mary Smith,XXXXXXXXX,direct_dataco_customer,Direct mapping from DataCo Customer Id to Nelson DSS customer_id.
C001666,11757,DataCo SMART Supply Chain,Mary Boyle,XXXXXXXXX,direct_dataco_customer,Direct mapping from DataCo Customer Id to Nelson DSS customer_id.
C001667,6584,DataCo SMART Supply Chain,Mary Smith,XXXXXXXXX,direct_dataco_customer,Direct mapping from DataCo Customer Id to Nelson DSS customer_id.
C001668,9746,DataCo SMART Supply Chain,Mary Brooks,XXXXXXXXX,direct_dataco_customer,Direct mapping from DataCo Customer Id to Nelson DSS customer_id.
C001669,8520,DataCo SMART Supply Chain,Denise Smith,XXXXXXXXX,direct_dataco_customer,Direct mapping from DataCo Customer Id to Nelson DSS customer_id.
C001670,5731,DataCo SMART Supply Chain,Jennifer Smith,XXXXXXXXX,direct_dataco_customer,Direct mapping from DataCo Customer Id to Nelson DSS customer_id.
C001671,12069,DataCo SMART Supply Chain,Brittany Gardner,XXXXXXXXX,direct_dataco_customer,Direct mapping from DataCo Customer Id to Nelson DSS customer_id.
C001672,9754,DataCo SMART Supply Chain,Mary Matthews,XXXXXXXXX,direct_dataco_customer,Direct mapping from DataCo Customer Id to Nelson DSS customer_id.
C001673,12359,DataCo SMART Supply Chain,Melissa Smith,XXXXXXXXX,direct_dataco_customer,Direct mapping from DataCo Customer Id to Nelson DSS customer_id.
C001674,5622,DataCo SMART Supply Chain,Ronald Hall,XXXXXXXXX,direct_dataco_customer,Direct mapping from DataCo Customer Id to Nelson DSS customer_id.
C001675,5852,DataCo SMART Supply Chain,Mary Harris,XXXXXXXXX,direct_dataco_customer,Direct mapping from DataCo Customer Id to Nelson DSS customer_id.
C001676,5525,DataCo SMART Supply Chain,Kevin Smith,XXXXXXXXX,direct_dataco_customer,Direct mapping from DataCo Customer Id to Nelson DSS customer_id.
C001677,5359,DataCo SMART Supply Chain,Raymond Wu,XXXXXXXXX,direct_dataco_customer,Direct mapping from DataCo Customer Id to Nelson DSS customer_id.
C001678,1375,DataCo SMART Supply Chain,Linda Smith,XXXXXXXXX,direct_dataco_customer,Direct mapping from DataCo Customer Id to Nelson DSS customer_id.
C001679,9309,DataCo SMART Supply Chain,Mary Wilson,XXXXXXXXX,direct_dataco_customer,Direct mapping from DataCo Customer Id to Nelson DSS customer_id.
C001680,2210,DataCo SMART Supply Chain,Mary Bryant,XXXXXXXXX,direct_dataco_customer,Direct mapping from DataCo Customer Id to Nelson DSS customer_id.
C001681,5238,DataCo SMART Supply Chain,Frank Smith,XXXXXXXXX,direct_dataco_customer,Direct mapping from DataCo Customer Id to Nelson DSS customer_id.
C001682,10678,DataCo SMART Supply Chain,Martha Prince,XXXXXXXXX,direct_dataco_customer,Direct mapping from DataCo Customer Id to Nelson DSS customer_id.
C001683,4855,DataCo SMART Supply Chain,Tyler Key,XXXXXXXXX,direct_dataco_customer,Direct mapping from DataCo Customer Id to Nelson DSS customer_id.
C001684,5829,DataCo SMART Supply Chain,Mary Smith,XXXXXXXXX,direct_dataco_customer,Direct mapping from DataCo Customer Id to Nelson DSS customer_id.
C001685,5349,DataCo SMART Supply Chain,Kenneth Martin,XXXXXXXXX,direct_dataco_customer,Direct mapping from DataCo Customer Id to Nelson DSS customer_id.
C001686,5225,DataCo SMART Supply Chain,Mary Smith,XXXXXXXXX,direct_dataco_customer,Direct mapping from DataCo Customer Id to Nelson DSS customer_id.
C001687,12261,DataCo SMART Supply Chain,Mary Harris,XXXXXXXXX,direct_dataco_customer,Direct mapping from DataCo Customer Id to Nelson DSS customer_id.
C001688,6402,DataCo SMART Supply Chain,Mary Frazier,XXXXXXXXX,direct_dataco_customer,Direct mapping from DataCo Customer Id to Nelson DSS customer_id.
C001689,1331,DataCo SMART Supply Chain,Mary Smith,XXXXXXXXX,direct_dataco_customer,Direct mapping from DataCo Customer Id to Nelson DSS customer_id.
C001690,5565,DataCo SMART Supply Chain,Laura Orr,XXXXXXXXX,direct_dataco_customer,Direct mapping from DataCo Customer Id to Nelson DSS customer_id.
C001691,7705,DataCo SMART Supply Chain,Julia Robinson,XXXXXXXXX,direct_dataco_customer,Direct mapping from DataCo Customer Id to Nelson DSS customer_id.
C001692,12018,DataCo SMART Supply Chain,Raymond Smith,XXXXXXXXX,direct_dataco_customer,Direct mapping from DataCo Customer Id to Nelson DSS customer_id.
C001693,4279,DataCo SMART Supply Chain,Jack Meyer,XXXXXXXXX,direct_dataco_customer,Direct mapping from DataCo Customer Id to Nelson DSS customer_id.
C001694,6187,DataCo SMART Supply Chain,Mary Hess,XXXXXXXXX,direct_dataco_customer,Direct mapping from DataCo Customer Id to Nelson DSS customer_id.
C001695,203,DataCo SMART Supply Chain,Madison Blankenship,XXXXXXXXX,direct_dataco_customer,Direct mapping from DataCo Customer Id to Nelson DSS customer_id.
C001696,4388,DataCo SMART Supply Chain,Richard Moore,XXXXXXXXX,direct_dataco_customer,Direct mapping from DataCo Customer Id to Nelson DSS customer_id.
C001697,1436,DataCo SMART Supply Chain,Sarah Smith,XXXXXXXXX,direct_dataco_customer,Direct mapping from DataCo Customer Id to Nelson DSS customer_id.
C001698,8554,DataCo SMART Supply Chain,Evelyn Smith,XXXXXXXXX,direct_dataco_customer,Direct mapping from DataCo Customer Id to Nelson DSS customer_id.
C001699,4877,DataCo SMART Supply Chain,Mary Greene,XXXXXXXXX,direct_dataco_customer,Direct mapping from DataCo Customer Id to Nelson DSS customer_id.
C001700,10495,DataCo SMART Supply Chain,Janet Gentry,XXXXXXXXX,direct_dataco_customer,Direct mapping from DataCo Customer Id to Nelson DSS customer_id.
C001701,917,DataCo SMART Supply Chain,Andrew Glenn,XXXXXXXXX,direct_dataco_customer,Direct mapping from DataCo Customer Id to Nelson DSS customer_id.
C001702,9096,DataCo SMART Supply Chain,Mary Andrews,XXXXXXXXX,direct_dataco_customer,Direct mapping from DataCo Customer Id to Nelson DSS customer_id.
C001703,9552,DataCo SMART Supply Chain,Richard Wilkerson,XXXXXXXXX,direct_dataco_customer,Direct mapping from DataCo Customer Id to Nelson DSS customer_id.
C001704,3188,DataCo SMART Supply Chain,Madison Ray,XXXXXXXXX,direct_dataco_customer,Direct mapping from DataCo Customer Id to Nelson DSS customer_id.
C001705,10952,DataCo SMART Supply Chain,Mary Suarez,XXXXXXXXX,direct_dataco_customer,Direct mapping from DataCo Customer Id to Nelson DSS customer_id.
C001706,5104,DataCo SMART Supply Chain,Kevin Raymond,XXXXXXXXX,direct_dataco_customer,Direct mapping from DataCo Customer Id to Nelson DSS customer_id.
C001707,10883,DataCo SMART Supply Chain,Catherine Zamora,XXXXXXXXX,direct_dataco_customer,Direct mapping from DataCo Customer Id to Nelson DSS customer_id.
C001708,937,DataCo SMART Supply Chain,Daniel Cole,XXXXXXXXX,direct_dataco_customer,Direct mapping from DataCo Customer Id to Nelson DSS customer_id.
C001709,10721,DataCo SMART Supply Chain,Mary Smith,XXXXXXXXX,direct_dataco_customer,Direct mapping from DataCo Customer Id to Nelson DSS customer_id.
C001710,676,DataCo SMART Supply Chain,Robert Smith,XXXXXXXXX,direct_dataco_customer,Direct mapping from DataCo Customer Id to Nelson DSS customer_id.
C001711,5665,DataCo SMART Supply Chain,Mary Smith,XXXXXXXXX,direct_dataco_customer,Direct mapping from DataCo Customer Id to Nelson DSS customer_id.
C001712,7893,DataCo SMART Supply Chain,Lisa Smith,XXXXXXXXX,direct_dataco_customer,Direct mapping from DataCo Customer Id to Nelson DSS customer_id.
C001713,10759,DataCo SMART Supply Chain,Douglas Smith,XXXXXXXXX,direct_dataco_customer,Direct mapping from DataCo Customer Id to Nelson DSS customer_id.
C001714,1008,DataCo SMART Supply Chain,Mary Smith,XXXXXXXXX,direct_dataco_customer,Direct mapping from DataCo Customer Id to Nelson DSS customer_id.
C001715,10437,DataCo SMART Supply Chain,Mary Graham,XXXXXXXXX,direct_dataco_customer,Direct mapping from DataCo Customer Id to Nelson DSS customer_id.
C001716,7478,DataCo SMART Supply Chain,Kimberly Villa,XXXXXXXXX,direct_dataco_customer,Direct mapping from DataCo Customer Id to Nelson DSS customer_id.
C001717,11836,DataCo SMART Supply Chain,Mary Clayton,XXXXXXXXX,direct_dataco_customer,Direct mapping from DataCo Customer Id to Nelson DSS customer_id.
C001718,9245,DataCo SMART Supply Chain,Joshua Rodriguez,XXXXXXXXX,direct_dataco_customer,Direct mapping from DataCo Customer Id to Nelson DSS customer_id.
C001719,2211,DataCo SMART Supply Chain,Debra Harvey,XXXXXXXXX,direct_dataco_customer,Direct mapping from DataCo Customer Id to Nelson DSS customer_id.
C001720,4974,DataCo SMART Supply Chain,Mary Smith,XXXXXXXXX,direct_dataco_customer,Direct mapping from DataCo Customer Id to Nelson DSS customer_id.
C001721,8086,DataCo SMART Supply Chain,Paul Moon,XXXXXXXXX,direct_dataco_customer,Direct mapping from DataCo Customer Id to Nelson DSS customer_id.
C001722,9813,DataCo SMART Supply Chain,Mary Roth,XXXXXXXXX,direct_dataco_customer,Direct mapping from DataCo Customer Id to Nelson DSS customer_id.
C001723,10138,DataCo SMART Supply Chain,Louis Kennedy,XXXXXXXXX,direct_dataco_customer,Direct mapping from DataCo Customer Id to Nelson DSS customer_id.
C001724,7721,DataCo SMART Supply Chain,Mary Jenkins,XXXXXXXXX,direct_dataco_customer,Direct mapping from DataCo Customer Id to Nelson DSS customer_id.
C001725,1460,DataCo SMART Supply Chain,George Williams,XXXXXXXXX,direct_dataco_customer,Direct mapping from DataCo Customer Id to Nelson DSS customer_id.
C001726,4536,DataCo SMART Supply Chain,Mary Griffin,XXXXXXXXX,direct_dataco_customer,Direct mapping from DataCo Customer Id to Nelson DSS customer_id.
C001727,6932,DataCo SMART Supply Chain,Evelyn Herring,XXXXXXXXX,direct_dataco_customer,Direct mapping from DataCo Customer Id to Nelson DSS customer_id.
C001728,440,DataCo SMART Supply Chain,Mary Skinner,XXXXXXXXX,direct_dataco_customer,Direct mapping from DataCo Customer Id to Nelson DSS customer_id.
C001729,8229,DataCo SMART Supply Chain,Mary Mcfarland,XXXXXXXXX,direct_dataco_customer,Direct mapping from DataCo Customer Id to Nelson DSS customer_id.
C001730,4133,DataCo SMART Supply Chain,Mary Snyder,XXXXXXXXX,direct_dataco_customer,Direct mapping from DataCo Customer Id to Nelson DSS customer_id.
C001731,10770,DataCo SMART Supply Chain,Anna Smith,XXXXXXXXX,direct_dataco_customer,Direct mapping from DataCo Customer Id to Nelson DSS customer_id.
C001732,12271,DataCo SMART Supply Chain,Mary Small,XXXXXXXXX,direct_dataco_customer,Direct mapping from DataCo Customer Id to Nelson DSS customer_id.
C001733,8905,DataCo SMART Supply Chain,Donna Smith,XXXXXXXXX,direct_dataco_customer,Direct mapping from DataCo Customer Id to Nelson DSS customer_id.
C001734,8643,DataCo SMART Supply Chain,Mary Valenzuela,XXXXXXXXX,direct_dataco_customer,Direct mapping from DataCo Customer Id to Nelson DSS customer_id.
C001735,3397,DataCo SMART Supply Chain,Mary Coleman,XXXXXXXXX,direct_dataco_customer,Direct mapping from DataCo Customer Id to Nelson DSS customer_id.
C001736,6602,DataCo SMART Supply Chain,Robert Smith,XXXXXXXXX,direct_dataco_customer,Direct mapping from DataCo Customer Id to Nelson DSS customer_id.
C001737,948,DataCo SMART Supply Chain,Michelle Smith,XXXXXXXXX,direct_dataco_customer,Direct mapping from DataCo Customer Id to Nelson DSS customer_id.
C001738,321,DataCo SMART Supply Chain,David Smith,XXXXXXXXX,direct_dataco_customer,Direct mapping from DataCo Customer Id to Nelson DSS customer_id.
C001739,7607,DataCo SMART Supply Chain,Scott Smith,XXXXXXXXX,direct_dataco_customer,Direct mapping from DataCo Customer Id to Nelson DSS customer_id.
C001740,3378,DataCo SMART Supply Chain,Mary Torres,XXXXXXXXX,direct_dataco_customer,Direct mapping from DataCo Customer Id to Nelson DSS customer_id.
C001741,11950,DataCo SMART Supply Chain,Daniel Harris,XXXXXXXXX,direct_dataco_customer,Direct mapping from DataCo Customer Id to Nelson DSS customer_id.
C001742,2267,DataCo SMART Supply Chain,Rebecca Tran,XXXXXXXXX,direct_dataco_customer,Direct mapping from DataCo Customer Id to Nelson DSS customer_id.
C001743,5286,DataCo SMART Supply Chain,Mary Smith,XXXXXXXXX,direct_dataco_customer,Direct mapping from DataCo Customer Id to Nelson DSS customer_id.
C001744,9932,DataCo SMART Supply Chain,Wayne Smith,XXXXXXXXX,direct_dataco_customer,Direct mapping from DataCo Customer Id to Nelson DSS customer_id.
C001745,3189,DataCo SMART Supply Chain,Bryan Smith,XXXXXXXXX,direct_dataco_customer,Direct mapping from DataCo Customer Id to Nelson DSS customer_id.
C001746,8607,DataCo SMART Supply Chain,Timothy Smith,XXXXXXXXX,direct_dataco_customer,Direct mapping from DataCo Customer Id to Nelson DSS customer_id.
C001747,10018,DataCo SMART Supply Chain,Gregory Rodriguez,XXXXXXXXX,direct_dataco_customer,Direct mapping from DataCo Customer Id to Nelson DSS customer_id.
C001748,1385,DataCo SMART Supply Chain,Catherine Smith,XXXXXXXXX,direct_dataco_customer,Direct mapping from DataCo Customer Id to Nelson DSS customer_id.
C001749,1748,DataCo SMART Supply Chain,Mark Smith,XXXXXXXXX,direct_dataco_customer,Direct mapping from DataCo Customer Id to Nelson DSS customer_id.
C001750,4147,DataCo SMART Supply Chain,Karen Gillespie,XXXXXXXXX,direct_dataco_customer,Direct mapping from DataCo Customer Id to Nelson DSS customer_id.
C001751,11728,DataCo SMART Supply Chain,Laura Smith,XXXXXXXXX,direct_dataco_customer,Direct mapping from DataCo Customer Id to Nelson DSS customer_id.
C001752,4456,DataCo SMART Supply Chain,Evelyn Spencer,XXXXXXXXX,direct_dataco_customer,Direct mapping from DataCo Customer Id to Nelson DSS customer_id.
C001753,7824,DataCo SMART Supply Chain,Mary Jackson,XXXXXXXXX,direct_dataco_customer,Direct mapping from DataCo Customer Id to Nelson DSS customer_id.
C001754,10134,DataCo SMART Supply Chain,Mary Stuart,XXXXXXXXX,direct_dataco_customer,Direct mapping from DataCo Customer Id to Nelson DSS customer_id.
C001755,12049,DataCo SMART Supply Chain,Mildred Mclaughlin,XXXXXXXXX,direct_dataco_customer,Direct mapping from DataCo Customer Id to Nelson DSS customer_id.
C001756,4528,DataCo SMART Supply Chain,Karen Smith,XXXXXXXXX,direct_dataco_customer,Direct mapping from DataCo Customer Id to Nelson DSS customer_id.
C001757,2591,DataCo SMART Supply Chain,Patricia Smith,XXXXXXXXX,direct_dataco_customer,Direct mapping from DataCo Customer Id to Nelson DSS customer_id.
C001758,10289,DataCo SMART Supply Chain,Virginia Ford,XXXXXXXXX,direct_dataco_customer,Direct mapping from DataCo Customer Id to Nelson DSS customer_id.
C001759,4079,DataCo SMART Supply Chain,Timothy Faulkner,XXXXXXXXX,direct_dataco_customer,Direct mapping from DataCo Customer Id to Nelson DSS customer_id.
C001760,8437,DataCo SMART Supply Chain,Rachel Sweeney,XXXXXXXXX,direct_dataco_customer,Direct mapping from DataCo Customer Id to Nelson DSS customer_id.
C001761,2728,DataCo SMART Supply Chain,Mary Adams,XXXXXXXXX,direct_dataco_customer,Direct mapping from DataCo Customer Id to Nelson DSS customer_id.
C001762,98,DataCo SMART Supply Chain,William Smith,XXXXXXXXX,direct_dataco_customer,Direct mapping from DataCo Customer Id to Nelson DSS customer_id.
C001763,2780,DataCo SMART Supply Chain,Mary Smith,XXXXXXXXX,direct_dataco_customer,Direct mapping from DataCo Customer Id to Nelson DSS customer_id.
C001764,5999,DataCo SMART Supply Chain,Randy Smith,XXXXXXXXX,direct_dataco_customer,Direct mapping from DataCo Customer Id to Nelson DSS customer_id.
C001765,8555,DataCo SMART Supply Chain,Mary Jones,XXXXXXXXX,direct_dataco_customer,Direct mapping from DataCo Customer Id to Nelson DSS customer_id.
C001766,1909,DataCo SMART Supply Chain,Mary Smith,XXXXXXXXX,direct_dataco_customer,Direct mapping from DataCo Customer Id to Nelson DSS customer_id.
C001767,8275,DataCo SMART Supply Chain,Janice Smith,XXXXXXXXX,direct_dataco_customer,Direct mapping from DataCo Customer Id to Nelson DSS customer_id.
C001768,2586,DataCo SMART Supply Chain,Mary Little,XXXXXXXXX,direct_dataco_customer,Direct mapping from DataCo Customer Id to Nelson DSS customer_id.
C001769,3558,DataCo SMART Supply Chain,Mary Smith,XXXXXXXXX,direct_dataco_customer,Direct mapping from DataCo Customer Id to Nelson DSS customer_id.
C001770,5845,DataCo SMART Supply Chain,Daniel Bruce,XXXXXXXXX,direct_dataco_customer,Direct mapping from DataCo Customer Id to Nelson DSS customer_id.
C001771,4730,DataCo SMART Supply Chain,Karen Smith,XXXXXXXXX,direct_dataco_customer,Direct mapping from DataCo Customer Id to Nelson DSS customer_id.
C001772,1773,DataCo SMART Supply Chain,Joan Carr,XXXXXXXXX,direct_dataco_customer,Direct mapping from DataCo Customer Id to Nelson DSS customer_id.
C001773,4213,DataCo SMART Supply Chain,Michael Townsend,XXXXXXXXX,direct_dataco_customer,Direct mapping from DataCo Customer Id to Nelson DSS customer_id.
C001774,2174,DataCo SMART Supply Chain,Rachel Fuentes,XXXXXXXXX,direct_dataco_customer,Direct mapping from DataCo Customer Id to Nelson DSS customer_id.
C001775,9542,DataCo SMART Supply Chain,Mary Smith,XXXXXXXXX,direct_dataco_customer,Direct mapping from DataCo Customer Id to Nelson DSS customer_id.
C001776,8430,DataCo SMART Supply Chain,Gloria Smith,XXXXXXXXX,direct_dataco_customer,Direct mapping from DataCo Customer Id to Nelson DSS customer_id.
C001777,6346,DataCo SMART Supply Chain,Mary Cooley,XXXXXXXXX,direct_dataco_customer,Direct mapping from DataCo Customer Id to Nelson DSS customer_id.
C001778,12332,DataCo SMART Supply Chain,Kelly Jones,XXXXXXXXX,direct_dataco_customer,Direct mapping from DataCo Customer Id to Nelson DSS customer_id.
C001779,9831,DataCo SMART Supply Chain,Daniel Smith,XXXXXXXXX,direct_dataco_customer,Direct mapping from DataCo Customer Id to Nelson DSS customer_id.
C001780,7006,DataCo SMART Supply Chain,George Smith,XXXXXXXXX,direct_dataco_customer,Direct mapping from DataCo Customer Id to Nelson DSS customer_id.
C001781,3696,DataCo SMART Supply Chain,Martha Holloway,XXXXXXXXX,direct_dataco_customer,Direct mapping from DataCo Customer Id to Nelson DSS customer_id.
C001782,1943,DataCo SMART Supply Chain,Harry Schaefer,XXXXXXXXX,direct_dataco_customer,Direct mapping from DataCo Customer Id to Nelson DSS customer_id.
C001783,11637,DataCo SMART Supply Chain,Mary Smith,XXXXXXXXX,direct_dataco_customer,Direct mapping from DataCo Customer Id to Nelson DSS customer_id.
C001784,2873,DataCo SMART Supply Chain,Joyce Padilla,XXXXXXXXX,direct_dataco_customer,Direct mapping from DataCo Customer Id to Nelson DSS customer_id.
C001785,5910,DataCo SMART Supply Chain,Mary Heath,XXXXXXXXX,direct_dataco_customer,Direct mapping from DataCo Customer Id to Nelson DSS customer_id.
C001786,8883,DataCo SMART Supply Chain,Marie Davis,XXXXXXXXX,direct_dataco_customer,Direct mapping from DataCo Customer Id to Nelson DSS customer_id.
C001787,9047,DataCo SMART Supply Chain,Jordan Medina,XXXXXXXXX,direct_dataco_customer,Direct mapping from DataCo Customer Id to Nelson DSS customer_id.
C001788,9572,DataCo SMART Supply Chain,Mary Nelson,XXXXXXXXX,direct_dataco_customer,Direct mapping from DataCo Customer Id to Nelson DSS customer_id.
C001789,8459,DataCo SMART Supply Chain,Mary Rivers,XXXXXXXXX,direct_dataco_customer,Direct mapping from DataCo Customer Id to Nelson DSS customer_id.
C001790,4567,DataCo SMART Supply Chain,Rose Smith,XXXXXXXXX,direct_dataco_customer,Direct mapping from DataCo Customer Id to Nelson DSS customer_id.
C001791,5653,DataCo SMART Supply Chain,Jean Schultz,XXXXXXXXX,direct_dataco_customer,Direct mapping from DataCo Customer Id to Nelson DSS customer_id.
C001792,8321,DataCo SMART Supply Chain,Kenneth Smith,XXXXXXXXX,direct_dataco_customer,Direct mapping from DataCo Customer Id to Nelson DSS customer_id.
C001793,19,DataCo SMART Supply Chain,Stephanie Mitchell,XXXXXXXXX,direct_dataco_customer,Direct mapping from DataCo Customer Id to Nelson DSS customer_id.
C001794,3435,DataCo SMART Supply Chain,Mary Smith,XXXXXXXXX,direct_dataco_customer,Direct mapping from DataCo Customer Id to Nelson DSS customer_id.
C001795,1236,DataCo SMART Supply Chain,Virginia Robertson,XXXXXXXXX,direct_dataco_customer,Direct mapping from DataCo Customer Id to Nelson DSS customer_id.
C001796,5559,DataCo SMART Supply Chain,Alice Smith,XXXXXXXXX,direct_dataco_customer,Direct mapping from DataCo Customer Id to Nelson DSS customer_id.
C001797,4580,DataCo SMART Supply Chain,Charles Smith,XXXXXXXXX,direct_dataco_customer,Direct mapping from DataCo Customer Id to Nelson DSS customer_id.
C001798,1793,DataCo SMART Supply Chain,Mary Burke,XXXXXXXXX,direct_dataco_customer,Direct mapping from DataCo Customer Id to Nelson DSS customer_id.
C001799,8845,DataCo SMART Supply Chain,Robert Deleon,XXXXXXXXX,direct_dataco_customer,Direct mapping from DataCo Customer Id to Nelson DSS customer_id.
C001800,6585,DataCo SMART Supply Chain,Andrew Turner,XXXXXXXXX,direct_dataco_customer,Direct mapping from DataCo Customer Id to Nelson DSS customer_id.
C001801,2467,DataCo SMART Supply Chain,Keith Smith,XXXXXXXXX,direct_dataco_customer,Direct mapping from DataCo Customer Id to Nelson DSS customer_id.
C001802,2593,DataCo SMART Supply Chain,Mary Nichols,XXXXXXXXX,direct_dataco_customer,Direct mapping from DataCo Customer Id to Nelson DSS customer_id.
C001803,3890,DataCo SMART Supply Chain,Gregory Snyder,XXXXXXXXX,direct_dataco_customer,Direct mapping from DataCo Customer Id to Nelson DSS customer_id.
C001804,8127,DataCo SMART Supply Chain,Rose Anderson,XXXXXXXXX,direct_dataco_customer,Direct mapping from DataCo Customer Id to Nelson DSS customer_id.
C001805,1522,DataCo SMART Supply Chain,Mary Yates,XXXXXXXXX,direct_dataco_customer,Direct mapping from DataCo Customer Id to Nelson DSS customer_id.
C001806,5417,DataCo SMART Supply Chain,Dennis Meyer,XXXXXXXXX,direct_dataco_customer,Direct mapping from DataCo Customer Id to Nelson DSS customer_id.
C001807,8362,DataCo SMART Supply Chain,Ann Burnett,XXXXXXXXX,direct_dataco_customer,Direct mapping from DataCo Customer Id to Nelson DSS customer_id.
C001808,3155,DataCo SMART Supply Chain,Mary Haas,XXXXXXXXX,direct_dataco_customer,Direct mapping from DataCo Customer Id to Nelson DSS customer_id.
C001809,2069,DataCo SMART Supply Chain,Alice Ellison,XXXXXXXXX,direct_dataco_customer,Direct mapping from DataCo Customer Id to Nelson DSS customer_id.
C001810,1788,DataCo SMART Supply Chain,Timothy Smith,XXXXXXXXX,direct_dataco_customer,Direct mapping from DataCo Customer Id to Nelson DSS customer_id.
C001811,6222,DataCo SMART Supply Chain,Stephanie Smith,XXXXXXXXX,direct_dataco_customer,Direct mapping from DataCo Customer Id to Nelson DSS customer_id.
C001812,2589,DataCo SMART Supply Chain,Nathan Taylor,XXXXXXXXX,direct_dataco_customer,Direct mapping from DataCo Customer Id to Nelson DSS customer_id.
C001813,9605,DataCo SMART Supply Chain,Mary Smith,XXXXXXXXX,direct_dataco_customer,Direct mapping from DataCo Customer Id to Nelson DSS customer_id.
C001814,224,DataCo SMART Supply Chain,Mary Hernandez,XXXXXXXXX,direct_dataco_customer,Direct mapping from DataCo Customer Id to Nelson DSS customer_id.
C001815,9281,DataCo SMART Supply Chain,Ann Smith,XXXXXXXXX,direct_dataco_customer,Direct mapping from DataCo Customer Id to Nelson DSS customer_id.
C001816,821,DataCo SMART Supply Chain,Daniel Clayton,XXXXXXXXX,direct_dataco_customer,Direct mapping from DataCo Customer Id to Nelson DSS customer_id.
C001817,5326,DataCo SMART Supply Chain,Sean Spencer,XXXXXXXXX,direct_dataco_customer,Direct mapping from DataCo Customer Id to Nelson DSS customer_id.
C001818,2670,DataCo SMART Supply Chain,Mary Smith,XXXXXXXXX,direct_dataco_customer,Direct mapping from DataCo Customer Id to Nelson DSS customer_id.
C001819,1711,DataCo SMART Supply Chain,Jason Smith,XXXXXXXXX,direct_dataco_customer,Direct mapping from DataCo Customer Id to Nelson DSS customer_id.
C001820,5719,DataCo SMART Supply Chain,Mary Smith,XXXXXXXXX,direct_dataco_customer,Direct mapping from DataCo Customer Id to Nelson DSS customer_id.
C001821,10821,DataCo SMART Supply Chain,Mary Cooper,XXXXXXXXX,direct_dataco_customer,Direct mapping from DataCo Customer Id to Nelson DSS customer_id.
C001822,2129,DataCo SMART Supply Chain,William Charles,XXXXXXXXX,direct_dataco_customer,Direct mapping from DataCo Customer Id to Nelson DSS customer_id.
C001823,3153,DataCo SMART Supply Chain,Mary Smith,XXXXXXXXX,direct_dataco_customer,Direct mapping from DataCo Customer Id to Nelson DSS customer_id.
C001824,9949,DataCo SMART Supply Chain,Ashley Smith,XXXXXXXXX,direct_dataco_customer,Direct mapping from DataCo Customer Id to Nelson DSS customer_id.
C001825,10769,DataCo SMART Supply Chain,Mary Edwards,XXXXXXXXX,direct_dataco_customer,Direct mapping from DataCo Customer Id to Nelson DSS customer_id.
C001826,4477,DataCo SMART Supply Chain,Jonathan Smith,XXXXXXXXX,direct_dataco_customer,Direct mapping from DataCo Customer Id to Nelson DSS customer_id.
C001827,8692,DataCo SMART Supply Chain,Vincent Smith,XXXXXXXXX,direct_dataco_customer,Direct mapping from DataCo Customer Id to Nelson DSS customer_id.
C001828,3905,DataCo SMART Supply Chain,Denise Smith,XXXXXXXXX,direct_dataco_customer,Direct mapping from DataCo Customer Id to Nelson DSS customer_id.
C001829,8403,DataCo SMART Supply Chain,Joseph Smith,XXXXXXXXX,direct_dataco_customer,Direct mapping from DataCo Customer Id to Nelson DSS customer_id.
C001830,342,DataCo SMART Supply Chain,Jerry Jackson,XXXXXXXXX,direct_dataco_customer,Direct mapping from DataCo Customer Id to Nelson DSS customer_id.
C001831,11452,DataCo SMART Supply Chain,Kathleen Orr,XXXXXXXXX,direct_dataco_customer,Direct mapping from DataCo Customer Id to Nelson DSS customer_id.
C001832,4235,DataCo SMART Supply Chain,Mary Smith,XXXXXXXXX,direct_dataco_customer,Direct mapping from DataCo Customer Id to Nelson DSS customer_id.
C001833,1249,DataCo SMART Supply Chain,Donald Odom,XXXXXXXXX,direct_dataco_customer,Direct mapping from DataCo Customer Id to Nelson DSS customer_id.
C001834,6915,DataCo SMART Supply Chain,Robert Whitney,XXXXXXXXX,direct_dataco_customer,Direct mapping from DataCo Customer Id to Nelson DSS customer_id.
C001835,9093,DataCo SMART Supply Chain,Andrew Flores,XXXXXXXXX,direct_dataco_customer,Direct mapping from DataCo Customer Id to Nelson DSS customer_id.
C001836,7594,DataCo SMART Supply Chain,Mary Smith,XXXXXXXXX,direct_dataco_customer,Direct mapping from DataCo Customer Id to Nelson DSS customer_id.
C001837,870,DataCo SMART Supply Chain,Linda Delacruz,XXXXXXXXX,direct_dataco_customer,Direct mapping from DataCo Customer Id to Nelson DSS customer_id.
C001838,6677,DataCo SMART Supply Chain,Patrick Smith,XXXXXXXXX,direct_dataco_customer,Direct mapping from DataCo Customer Id to Nelson DSS customer_id.
C001839,700,DataCo SMART Supply Chain,Mary Cummings,XXXXXXXXX,direct_dataco_customer,Direct mapping from DataCo Customer Id to Nelson DSS customer_id.
C001840,2857,DataCo SMART Supply Chain,Eric Smith,XXXXXXXXX,direct_dataco_customer,Direct mapping from DataCo Customer Id to Nelson DSS customer_id.
C001841,739,DataCo SMART Supply Chain,Daniel Golden,XXXXXXXXX,direct_dataco_customer,Direct mapping from DataCo Customer Id to Nelson DSS customer_id.
C001842,568,DataCo SMART Supply Chain,Sean Vaughn,XXXXXXXXX,direct_dataco_customer,Direct mapping from DataCo Customer Id to Nelson DSS customer_id.
C001843,10109,DataCo SMART Supply Chain,Mary Dodson,XXXXXXXXX,direct_dataco_customer,Direct mapping from DataCo Customer Id to Nelson DSS customer_id.
C001844,881,DataCo SMART Supply Chain,Marilyn Orozco,XXXXXXXXX,direct_dataco_customer,Direct mapping from DataCo Customer Id to Nelson DSS customer_id.
C001845,4922,DataCo SMART Supply Chain,Robert Russo,XXXXXXXXX,direct_dataco_customer,Direct mapping from DataCo Customer Id to Nelson DSS customer_id.
C001846,351,DataCo SMART Supply Chain,John Singh,XXXXXXXXX,direct_dataco_customer,Direct mapping from DataCo Customer Id to Nelson DSS customer_id.
C001847,3046,DataCo SMART Supply Chain,Mary Newman,XXXXXXXXX,direct_dataco_customer,Direct mapping from DataCo Customer Id to Nelson DSS customer_id.
C001848,8915,DataCo SMART Supply Chain,James Grant,XXXXXXXXX,direct_dataco_customer,Direct mapping from DataCo Customer Id to Nelson DSS customer_id.
C001849,2402,DataCo SMART Supply Chain,Mary Smith,XXXXXXXXX,direct_dataco_customer,Direct mapping from DataCo Customer Id to Nelson DSS customer_id.
C001850,2243,DataCo SMART Supply Chain,George Mayer,XXXXXXXXX,direct_dataco_customer,Direct mapping from DataCo Customer Id to Nelson DSS customer_id.
C001851,4739,DataCo SMART Supply Chain,Mary Jimenez,XXXXXXXXX,direct_dataco_customer,Direct mapping from DataCo Customer Id to Nelson DSS customer_id.
C001852,8550,DataCo SMART Supply Chain,Mary Smith,XXXXXXXXX,direct_dataco_customer,Direct mapping from DataCo Customer Id to Nelson DSS customer_id.
C001853,8207,DataCo SMART Supply Chain,Charles Jordan,XXXXXXXXX,direct_dataco_customer,Direct mapping from DataCo Customer Id to Nelson DSS customer_id.
C001854,1473,DataCo SMART Supply Chain,Anthony Young,XXXXXXXXX,direct_dataco_customer,Direct mapping from DataCo Customer Id to Nelson DSS customer_id.
C001855,10823,DataCo SMART Supply Chain,Angela Oconnell,XXXXXXXXX,direct_dataco_customer,Direct mapping from DataCo Customer Id to Nelson DSS customer_id.
C001856,3726,DataCo SMART Supply Chain,Robert Smith,XXXXXXXXX,direct_dataco_customer,Direct mapping from DataCo Customer Id to Nelson DSS customer_id.
C001857,9366,DataCo SMART Supply Chain,Mary Church,XXXXXXXXX,direct_dataco_customer,Direct mapping from DataCo Customer Id to Nelson DSS customer_id.
C001858,2652,DataCo SMART Supply Chain,Martha Santiago,XXXXXXXXX,direct_dataco_customer,Direct mapping from DataCo Customer Id to Nelson DSS customer_id.
C001859,1380,DataCo SMART Supply Chain,Mary Smith,XXXXXXXXX,direct_dataco_customer,Direct mapping from DataCo Customer Id to Nelson DSS customer_id.
C001860,1745,DataCo SMART Supply Chain,Mary Smith,XXXXXXXXX,direct_dataco_customer,Direct mapping from DataCo Customer Id to Nelson DSS customer_id.
C001861,3499,DataCo SMART Supply Chain,Mildred Cole,XXXXXXXXX,direct_dataco_customer,Direct mapping from DataCo Customer Id to Nelson DSS customer_id.
C001862,9885,DataCo SMART Supply Chain,Jordan Smith,XXXXXXXXX,direct_dataco_customer,Direct mapping from DataCo Customer Id to Nelson DSS customer_id.
C001863,1618,DataCo SMART Supply Chain,Mary Davidson,XXXXXXXXX,direct_dataco_customer,Direct mapping from DataCo Customer Id to Nelson DSS customer_id.
C001864,4529,DataCo SMART Supply Chain,Steven Morgan,XXXXXXXXX,direct_dataco_customer,Direct mapping from DataCo Customer Id to Nelson DSS customer_id.
C001865,2979,DataCo SMART Supply Chain,Nicole Smith,XXXXXXXXX,direct_dataco_customer,Direct mapping from DataCo Customer Id to Nelson DSS customer_id.
C001866,630,DataCo SMART Supply Chain,Jacob Smith,XXXXXXXXX,direct_dataco_customer,Direct mapping from DataCo Customer Id to Nelson DSS customer_id.
C001867,4846,DataCo SMART Supply Chain,Mary Lambert,XXXXXXXXX,direct_dataco_customer,Direct mapping from DataCo Customer Id to Nelson DSS customer_id.
C001868,10885,DataCo SMART Supply Chain,Mary Lynch,XXXXXXXXX,direct_dataco_customer,Direct mapping from DataCo Customer Id to Nelson DSS customer_id.
C001869,4229,DataCo SMART Supply Chain,Barbara Smith,XXXXXXXXX,direct_dataco_customer,Direct mapping from DataCo Customer Id to Nelson DSS customer_id.
C001870,8123,DataCo SMART Supply Chain,Mary Todd,XXXXXXXXX,direct_dataco_customer,Direct mapping from DataCo Customer Id to Nelson DSS customer_id.
C001871,7161,DataCo SMART Supply Chain,Joseph Sexton,XXXXXXXXX,direct_dataco_customer,Direct mapping from DataCo Customer Id to Nelson DSS customer_id.
C001872,11711,DataCo SMART Supply Chain,Mary Park,XXXXXXXXX,direct_dataco_customer,Direct mapping from DataCo Customer Id to Nelson DSS customer_id.
C001873,222,DataCo SMART Supply Chain,Frank Ruiz,XXXXXXXXX,direct_dataco_customer,Direct mapping from DataCo Customer Id to Nelson DSS customer_id.
C001874,7180,DataCo SMART Supply Chain,Mary Walton,XXXXXXXXX,direct_dataco_customer,Direct mapping from DataCo Customer Id to Nelson DSS customer_id.
C001875,5140,DataCo SMART Supply Chain,Mary Walton,XXXXXXXXX,direct_dataco_customer,Direct mapping from DataCo Customer Id to Nelson DSS customer_id.
C001876,5445,DataCo SMART Supply Chain,Alexander Pugh,XXXXXXXXX,direct_dataco_customer,Direct mapping from DataCo Customer Id to Nelson DSS customer_id.
C001877,4674,DataCo SMART Supply Chain,Mary Lynn,XXXXXXXXX,direct_dataco_customer,Direct mapping from DataCo Customer Id to Nelson DSS customer_id.
C001878,1232,DataCo SMART Supply Chain,Betty Smith,XXXXXXXXX,direct_dataco_customer,Direct mapping from DataCo Customer Id to Nelson DSS customer_id.
C001879,11954,DataCo SMART Supply Chain,Mary Smith,XXXXXXXXX,direct_dataco_customer,Direct mapping from DataCo Customer Id to Nelson DSS customer_id.
C001880,787,DataCo SMART Supply Chain,Amanda Ochoa,XXXXXXXXX,direct_dataco_customer,Direct mapping from DataCo Customer Id to Nelson DSS customer_id.
C001881,8120,DataCo SMART Supply Chain,Stephanie Perry,XXXXXXXXX,direct_dataco_customer,Direct mapping from DataCo Customer Id to Nelson DSS customer_id.
C001882,5276,DataCo SMART Supply Chain,Mary Martin,XXXXXXXXX,direct_dataco_customer,Direct mapping from DataCo Customer Id to Nelson DSS customer_id.
C001883,9176,DataCo SMART Supply Chain,Theresa Smith,XXXXXXXXX,direct_dataco_customer,Direct mapping from DataCo Customer Id to Nelson DSS customer_id.
C001884,4778,DataCo SMART Supply Chain,Amy Campbell,XXXXXXXXX,direct_dataco_customer,Direct mapping from DataCo Customer Id to Nelson DSS customer_id.
C001885,4492,DataCo SMART Supply Chain,Pamela Hubbard,XXXXXXXXX,direct_dataco_customer,Direct mapping from DataCo Customer Id to Nelson DSS customer_id.
C001886,5913,DataCo SMART Supply Chain,Cynthia Daniel,XXXXXXXXX,direct_dataco_customer,Direct mapping from DataCo Customer Id to Nelson DSS customer_id.
C001887,11522,DataCo SMART Supply Chain,Roy Smith,XXXXXXXXX,direct_dataco_customer,Direct mapping from DataCo Customer Id to Nelson DSS customer_id.
C001888,11631,DataCo SMART Supply Chain,Jennifer Mckenzie,XXXXXXXXX,direct_dataco_customer,Direct mapping from DataCo Customer Id to Nelson DSS customer_id.
C001889,8180,DataCo SMART Supply Chain,Albert Smith,XXXXXXXXX,direct_dataco_customer,Direct mapping from DataCo Customer Id to Nelson DSS customer_id.
C001890,10323,DataCo SMART Supply Chain,Eric Jensen,XXXXXXXXX,direct_dataco_customer,Direct mapping from DataCo Customer Id to Nelson DSS customer_id.
C001891,7369,DataCo SMART Supply Chain,Mary Smith,XXXXXXXXX,direct_dataco_customer,Direct mapping from DataCo Customer Id to Nelson DSS customer_id.
C001892,5227,DataCo SMART Supply Chain,Madison Mcfarland,XXXXXXXXX,direct_dataco_customer,Direct mapping from DataCo Customer Id to Nelson DSS customer_id.
C001893,10932,DataCo SMART Supply Chain,Michael Gonzales,XXXXXXXXX,direct_dataco_customer,Direct mapping from DataCo Customer Id to Nelson DSS customer_id.
C001894,10390,DataCo SMART Supply Chain,Anthony Stevenson,XXXXXXXXX,direct_dataco_customer,Direct mapping from DataCo Customer Id to Nelson DSS customer_id.
C001895,11665,DataCo SMART Supply Chain,William Anderson,XXXXXXXXX,direct_dataco_customer,Direct mapping from DataCo Customer Id to Nelson DSS customer_id.
C001896,947,DataCo SMART Supply Chain,Mary Henry,XXXXXXXXX,direct_dataco_customer,Direct mapping from DataCo Customer Id to Nelson DSS customer_id.
C001897,5573,DataCo SMART Supply Chain,Jordan Ortiz,XXXXXXXXX,direct_dataco_customer,Direct mapping from DataCo Customer Id to Nelson DSS customer_id.
C001898,8352,DataCo SMART Supply Chain,Teresa Black,XXXXXXXXX,direct_dataco_customer,Direct mapping from DataCo Customer Id to Nelson DSS customer_id.
C001899,1574,DataCo SMART Supply Chain,Mary Smith,XXXXXXXXX,direct_dataco_customer,Direct mapping from DataCo Customer Id to Nelson DSS customer_id.
C001900,3574,DataCo SMART Supply Chain,Mary Smith,XXXXXXXXX,direct_dataco_customer,Direct mapping from DataCo Customer Id to Nelson DSS customer_id.
C001901,3384,DataCo SMART Supply Chain,Mary Smith,XXXXXXXXX,direct_dataco_customer,Direct mapping from DataCo Customer Id to Nelson DSS customer_id.
C001902,7383,DataCo SMART Supply Chain,Catherine Washington,XXXXXXXXX,direct_dataco_customer,Direct mapping from DataCo Customer Id to Nelson DSS customer_id.
C001903,4342,DataCo SMART Supply Chain,David Hartman,XXXXXXXXX,direct_dataco_customer,Direct mapping from DataCo Customer Id to Nelson DSS customer_id.
C001904,8502,DataCo SMART Supply Chain,Mary Eaton,XXXXXXXXX,direct_dataco_customer,Direct mapping from DataCo Customer Id to Nelson DSS customer_id.
C001905,3947,DataCo SMART Supply Chain,Mary Blake,XXXXXXXXX,direct_dataco_customer,Direct mapping from DataCo Customer Id to Nelson DSS customer_id.
C001906,2825,DataCo SMART Supply Chain,Sarah Smith,XXXXXXXXX,direct_dataco_customer,Direct mapping from DataCo Customer Id to Nelson DSS customer_id.
C001907,12288,DataCo SMART Supply Chain,Karen Smith,XXXXXXXXX,direct_dataco_customer,Direct mapping from DataCo Customer Id to Nelson DSS customer_id.
C001908,1475,DataCo SMART Supply Chain,Mary Smith,XXXXXXXXX,direct_dataco_customer,Direct mapping from DataCo Customer Id to Nelson DSS customer_id.
C001909,11509,DataCo SMART Supply Chain,Sharon Wood,XXXXXXXXX,direct_dataco_customer,Direct mapping from DataCo Customer Id to Nelson DSS customer_id.
C001910,4107,DataCo SMART Supply Chain,Larry Franklin,XXXXXXXXX,direct_dataco_customer,Direct mapping from DataCo Customer Id to Nelson DSS customer_id.
C001911,1677,DataCo SMART Supply Chain,Virginia Robles,XXXXXXXXX,direct_dataco_customer,Direct mapping from DataCo Customer Id to Nelson DSS customer_id.
C001912,3968,DataCo SMART Supply Chain,Catherine Pacheco,XXXXXXXXX,direct_dataco_customer,Direct mapping from DataCo Customer Id to Nelson DSS customer_id.
C001913,11856,DataCo SMART Supply Chain,Helen Smith,XXXXXXXXX,direct_dataco_customer,Direct mapping from DataCo Customer Id to Nelson DSS customer_id.
C001914,12115,DataCo SMART Supply Chain,Lawrence Smith,XXXXXXXXX,direct_dataco_customer,Direct mapping from DataCo Customer Id to Nelson DSS customer_id.
C001915,359,DataCo SMART Supply Chain,Mary Pena,XXXXXXXXX,direct_dataco_customer,Direct mapping from DataCo Customer Id to Nelson DSS customer_id.
C001916,7564,DataCo SMART Supply Chain,Christopher Smith,XXXXXXXXX,direct_dataco_customer,Direct mapping from DataCo Customer Id to Nelson DSS customer_id.
C001917,3951,DataCo SMART Supply Chain,Michael Smith,XXXXXXXXX,direct_dataco_customer,Direct mapping from DataCo Customer Id to Nelson DSS customer_id.
C001918,5236,DataCo SMART Supply Chain,Jessica Roberts,XXXXXXXXX,direct_dataco_customer,Direct mapping from DataCo Customer Id to Nelson DSS customer_id.
C001919,11681,DataCo SMART Supply Chain,Roy Jackson,XXXXXXXXX,direct_dataco_customer,Direct mapping from DataCo Customer Id to Nelson DSS customer_id.
C001920,1651,DataCo SMART Supply Chain,Stephanie Smith,XXXXXXXXX,direct_dataco_customer,Direct mapping from DataCo Customer Id to Nelson DSS customer_id.
C001921,1807,DataCo SMART Supply Chain,Mary Curtis,XXXXXXXXX,direct_dataco_customer,Direct mapping from DataCo Customer Id to Nelson DSS customer_id.
C001922,1363,DataCo SMART Supply Chain,Kathy Rios,XXXXXXXXX,direct_dataco_customer,Direct mapping from DataCo Customer Id to Nelson DSS customer_id.
C001923,2750,DataCo SMART Supply Chain,George Mason,XXXXXXXXX,direct_dataco_customer,Direct mapping from DataCo Customer Id to Nelson DSS customer_id.
C001924,3119,DataCo SMART Supply Chain,Shirley Hinton,XXXXXXXXX,direct_dataco_customer,Direct mapping from DataCo Customer Id to Nelson DSS customer_id.
C001925,8788,DataCo SMART Supply Chain,Mary Smith,XXXXXXXXX,direct_dataco_customer,Direct mapping from DataCo Customer Id to Nelson DSS customer_id.
C001926,3331,DataCo SMART Supply Chain,Diane Martinez,XXXXXXXXX,direct_dataco_customer,Direct mapping from DataCo Customer Id to Nelson DSS customer_id.
C001927,7687,DataCo SMART Supply Chain,Evelyn Valencia,XXXXXXXXX,direct_dataco_customer,Direct mapping from DataCo Customer Id to Nelson DSS customer_id.
C001928,1094,DataCo SMART Supply Chain,Sean Smith,XXXXXXXXX,direct_dataco_customer,Direct mapping from DataCo Customer Id to Nelson DSS customer_id.
C001929,2881,DataCo SMART Supply Chain,Phillip Smith,XXXXXXXXX,direct_dataco_customer,Direct mapping from DataCo Customer Id to Nelson DSS customer_id.
C001930,17,DataCo SMART Supply Chain,Mary Robinson,XXXXXXXXX,direct_dataco_customer,Direct mapping from DataCo Customer Id to Nelson DSS customer_id.
C001931,11427,DataCo SMART Supply Chain,Deborah Martin,XXXXXXXXX,direct_dataco_customer,Direct mapping from DataCo Customer Id to Nelson DSS customer_id.
C001932,2668,DataCo SMART Supply Chain,Mary Davis,XXXXXXXXX,direct_dataco_customer,Direct mapping from DataCo Customer Id to Nelson DSS customer_id.
C001933,109,DataCo SMART Supply Chain,Mary Thompson,XXXXXXXXX,direct_dataco_customer,Direct mapping from DataCo Customer Id to Nelson DSS customer_id.
C001934,1180,DataCo SMART Supply Chain,Mary Martin,XXXXXXXXX,direct_dataco_customer,Direct mapping from DataCo Customer Id to Nelson DSS customer_id.
C001935,11997,DataCo SMART Supply Chain,Jonathan Smith,XXXXXXXXX,direct_dataco_customer,Direct mapping from DataCo Customer Id to Nelson DSS customer_id.
C001936,6425,DataCo SMART Supply Chain,Ruth Smith,XXXXXXXXX,direct_dataco_customer,Direct mapping from DataCo Customer Id to Nelson DSS customer_id.
C001937,3508,DataCo SMART Supply Chain,Randy Smith,XXXXXXXXX,direct_dataco_customer,Direct mapping from DataCo Customer Id to Nelson DSS customer_id.
C001938,7879,DataCo SMART Supply Chain,Michelle Powell,XXXXXXXXX,direct_dataco_customer,Direct mapping from DataCo Customer Id to Nelson DSS customer_id.
C001939,11962,DataCo SMART Supply Chain,Diana Smith,XXXXXXXXX,direct_dataco_customer,Direct mapping from DataCo Customer Id to Nelson DSS customer_id.
C001940,6767,DataCo SMART Supply Chain,Brenda Carey,XXXXXXXXX,direct_dataco_customer,Direct mapping from DataCo Customer Id to Nelson DSS customer_id.
C001941,8938,DataCo SMART Supply Chain,Raymond Gould,XXXXXXXXX,direct_dataco_customer,Direct mapping from DataCo Customer Id to Nelson DSS customer_id.
C001942,3453,DataCo SMART Supply Chain,Mary Smith,XXXXXXXXX,direct_dataco_customer,Direct mapping from DataCo Customer Id to Nelson DSS customer_id.
C001943,2562,DataCo SMART Supply Chain,Mary Anderson,XXXXXXXXX,direct_dataco_customer,Direct mapping from DataCo Customer Id to Nelson DSS customer_id.
C001944,2192,DataCo SMART Supply Chain,Mary Clay,XXXXXXXXX,direct_dataco_customer,Direct mapping from DataCo Customer Id to Nelson DSS customer_id.
C001945,9338,DataCo SMART Supply Chain,James Davis,XXXXXXXXX,direct_dataco_customer,Direct mapping from DataCo Customer Id to Nelson DSS customer_id.
C001946,3231,DataCo SMART Supply Chain,Melissa Valdez,XXXXXXXXX,direct_dataco_customer,Direct mapping from DataCo Customer Id to Nelson DSS customer_id.
C001947,11330,DataCo SMART Supply Chain,Arthur Johnson,XXXXXXXXX,direct_dataco_customer,Direct mapping from DataCo Customer Id to Nelson DSS customer_id.
C001948,5637,DataCo SMART Supply Chain,Mary Wong,XXXXXXXXX,direct_dataco_customer,Direct mapping from DataCo Customer Id to Nelson DSS customer_id.
C001949,3147,DataCo SMART Supply Chain,Daniel Diaz,XXXXXXXXX,direct_dataco_customer,Direct mapping from DataCo Customer Id to Nelson DSS customer_id.
C001950,5449,DataCo SMART Supply Chain,Mary Smith,XXXXXXXXX,direct_dataco_customer,Direct mapping from DataCo Customer Id to Nelson DSS customer_id.
C001951,8572,DataCo SMART Supply Chain,Victoria Smith,XXXXXXXXX,direct_dataco_customer,Direct mapping from DataCo Customer Id to Nelson DSS customer_id.
C001952,12129,DataCo SMART Supply Chain,Mary Perkins,XXXXXXXXX,direct_dataco_customer,Direct mapping from DataCo Customer Id to Nelson DSS customer_id.
C001953,2676,DataCo SMART Supply Chain,Jeffrey Smith,XXXXXXXXX,direct_dataco_customer,Direct mapping from DataCo Customer Id to Nelson DSS customer_id.
C001954,8789,DataCo SMART Supply Chain,Helen Carroll,XXXXXXXXX,direct_dataco_customer,Direct mapping from DataCo Customer Id to Nelson DSS customer_id.
C001955,2654,DataCo SMART Supply Chain,Donna Martinez,XXXXXXXXX,direct_dataco_customer,Direct mapping from DataCo Customer Id to Nelson DSS customer_id.
C001956,4487,DataCo SMART Supply Chain,Rebecca Knight,XXXXXXXXX,direct_dataco_customer,Direct mapping from DataCo Customer Id to Nelson DSS customer_id.
C001957,4193,DataCo SMART Supply Chain,Daniel Haas,XXXXXXXXX,direct_dataco_customer,Direct mapping from DataCo Customer Id to Nelson DSS customer_id.
C001958,4523,DataCo SMART Supply Chain,Madison Smith,XXXXXXXXX,direct_dataco_customer,Direct mapping from DataCo Customer Id to Nelson DSS customer_id.
C001959,4417,DataCo SMART Supply Chain,Arthur Alvarez,XXXXXXXXX,direct_dataco_customer,Direct mapping from DataCo Customer Id to Nelson DSS customer_id.
C001960,5327,DataCo SMART Supply Chain,Mary Mcbride,XXXXXXXXX,direct_dataco_customer,Direct mapping from DataCo Customer Id to Nelson DSS customer_id.
C001961,5704,DataCo SMART Supply Chain,Matthew Smith,XXXXXXXXX,direct_dataco_customer,Direct mapping from DataCo Customer Id to Nelson DSS customer_id.
C001962,534,DataCo SMART Supply Chain,Mary Morris,XXXXXXXXX,direct_dataco_customer,Direct mapping from DataCo Customer Id to Nelson DSS customer_id.
C001963,10570,DataCo SMART Supply Chain,William Moore,XXXXXXXXX,direct_dataco_customer,Direct mapping from DataCo Customer Id to Nelson DSS customer_id.
C001964,8136,DataCo SMART Supply Chain,Charles Smith,XXXXXXXXX,direct_dataco_customer,Direct mapping from DataCo Customer Id to Nelson DSS customer_id.
C001965,3807,DataCo SMART Supply Chain,Mary Huang,XXXXXXXXX,direct_dataco_customer,Direct mapping from DataCo Customer Id to Nelson DSS customer_id.
C001966,7634,DataCo SMART Supply Chain,Pamela Ray,XXXXXXXXX,direct_dataco_customer,Direct mapping from DataCo Customer Id to Nelson DSS customer_id.
C001967,7160,DataCo SMART Supply Chain,Mary Allen,XXXXXXXXX,direct_dataco_customer,Direct mapping from DataCo Customer Id to Nelson DSS customer_id.
C001968,8091,DataCo SMART Supply Chain,Emily Powell,XXXXXXXXX,direct_dataco_customer,Direct mapping from DataCo Customer Id to Nelson DSS customer_id.
C001969,8210,DataCo SMART Supply Chain,Mary Glenn,XXXXXXXXX,direct_dataco_customer,Direct mapping from DataCo Customer Id to Nelson DSS customer_id.
C001970,5116,DataCo SMART Supply Chain,Doris Smith,XXXXXXXXX,direct_dataco_customer,Direct mapping from DataCo Customer Id to Nelson DSS customer_id.
C001971,12045,DataCo SMART Supply Chain,Jeffrey Ryan,XXXXXXXXX,direct_dataco_customer,Direct mapping from DataCo Customer Id to Nelson DSS customer_id.
C001972,11866,DataCo SMART Supply Chain,Mary Smith,XXXXXXXXX,direct_dataco_customer,Direct mapping from DataCo Customer Id to Nelson DSS customer_id.
C001973,4436,DataCo SMART Supply Chain,Janice Smith,XXXXXXXXX,direct_dataco_customer,Direct mapping from DataCo Customer Id to Nelson DSS customer_id.
C001974,4725,DataCo SMART Supply Chain,Gerald Camacho,XXXXXXXXX,direct_dataco_customer,Direct mapping from DataCo Customer Id to Nelson DSS customer_id.
C001975,2038,DataCo SMART Supply Chain,Tammy Smith,XXXXXXXXX,direct_dataco_customer,Direct mapping from DataCo Customer Id to Nelson DSS customer_id.
C001976,8942,DataCo SMART Supply Chain,Robert Smith,XXXXXXXXX,direct_dataco_customer,Direct mapping from DataCo Customer Id to Nelson DSS customer_id.
C001977,11672,DataCo SMART Supply Chain,Charles Burns,XXXXXXXXX,direct_dataco_customer,Direct mapping from DataCo Customer Id to Nelson DSS customer_id.
C001978,10843,DataCo SMART Supply Chain,Cynthia Myers,XXXXXXXXX,direct_dataco_customer,Direct mapping from DataCo Customer Id to Nelson DSS customer_id.
C001979,6071,DataCo SMART Supply Chain,Mary Wu,XXXXXXXXX,direct_dataco_customer,Direct mapping from DataCo Customer Id to Nelson DSS customer_id.
C001980,5643,DataCo SMART Supply Chain,Tiffany Caldwell,XXXXXXXXX,direct_dataco_customer,Direct mapping from DataCo Customer Id to Nelson DSS customer_id.
C001981,1069,DataCo SMART Supply Chain,Mary Daniel,XXXXXXXXX,direct_dataco_customer,Direct mapping from DataCo Customer Id to Nelson DSS customer_id.
C001982,2684,DataCo SMART Supply Chain,Mary Walter,XXXXXXXXX,direct_dataco_customer,Direct mapping from DataCo Customer Id to Nelson DSS customer_id.
C001983,12335,DataCo SMART Supply Chain,Mary Riley,XXXXXXXXX,direct_dataco_customer,Direct mapping from DataCo Customer Id to Nelson DSS customer_id.
C001984,6755,DataCo SMART Supply Chain,Mary Callahan,XXXXXXXXX,direct_dataco_customer,Direct mapping from DataCo Customer Id to Nelson DSS customer_id.
C001985,7028,DataCo SMART Supply Chain,Elizabeth Edwards,XXXXXXXXX,direct_dataco_customer,Direct mapping from DataCo Customer Id to Nelson DSS customer_id.
C001986,5951,DataCo SMART Supply Chain,Brenda Oconnell,XXXXXXXXX,direct_dataco_customer,Direct mapping from DataCo Customer Id to Nelson DSS customer_id.
C001987,6616,DataCo SMART Supply Chain,Shirley Smith,XXXXXXXXX,direct_dataco_customer,Direct mapping from DataCo Customer Id to Nelson DSS customer_id.
C001988,10226,DataCo SMART Supply Chain,Mary Smith,XXXXXXXXX,direct_dataco_customer,Direct mapping from DataCo Customer Id to Nelson DSS customer_id.
C001989,6930,DataCo SMART Supply Chain,Paul Morton,XXXXXXXXX,direct_dataco_customer,Direct mapping from DataCo Customer Id to Nelson DSS customer_id.
C001990,2219,DataCo SMART Supply Chain,Mary Chung,XXXXXXXXX,direct_dataco_customer,Direct mapping from DataCo Customer Id to Nelson DSS customer_id.
C001991,4953,DataCo SMART Supply Chain,Pamela Burnett,XXXXXXXXX,direct_dataco_customer,Direct mapping from DataCo Customer Id to Nelson DSS customer_id.
C001992,2922,DataCo SMART Supply Chain,Madison Russo,XXXXXXXXX,direct_dataco_customer,Direct mapping from DataCo Customer Id to Nelson DSS customer_id.
C001993,11411,DataCo SMART Supply Chain,Kyle Garcia,XXXXXXXXX,direct_dataco_customer,Direct mapping from DataCo Customer Id to Nelson DSS customer_id.
C001994,1164,DataCo SMART Supply Chain,Mary Hahn,XXXXXXXXX,direct_dataco_customer,Direct mapping from DataCo Customer Id to Nelson DSS customer_id.
C001995,9670,DataCo SMART Supply Chain,Mary Crane,XXXXXXXXX,direct_dataco_customer,Direct mapping from DataCo Customer Id to Nelson DSS customer_id.
C001996,9945,DataCo SMART Supply Chain,Mary Cameron,XXXXXXXXX,direct_dataco_customer,Direct mapping from DataCo Customer Id to Nelson DSS customer_id.
C001997,8684,DataCo SMART Supply Chain,Tiffany Brown,XXXXXXXXX,direct_dataco_customer,Direct mapping from DataCo Customer Id to Nelson DSS customer_id.
C001998,8864,DataCo SMART Supply Chain,Mary Benson,XXXXXXXXX,direct_dataco_customer,Direct mapping from DataCo Customer Id to Nelson DSS customer_id.
C001999,5120,DataCo SMART Supply Chain,Mary Smith,XXXXXXXXX,direct_dataco_customer,Direct mapping from DataCo Customer Id to Nelson DSS customer_id.
C002000,5781,DataCo SMART Supply Chain,Jack Stanley,XXXXXXXXX,direct_dataco_customer,Direct mapping from DataCo Customer Id to Nelson DSS customer_id.
