fulfillment_event_id,order_id,customer_id,source_customer_id,event_date,event_type,severity,root_cause,resolution_status
FUL000001,O000010,C000068,5648,2023-07-09,carrier_delay,High,Carrier route delay,Open
FUL000002,O001000,C001598,2321,2023-07-23,carrier_delay,High,Carrier route delay,Open
FUL000003,O010017,C001204,5125,2023-12-02,carrier_delay,High,Carrier route delay,Open
FUL000004,O010019,C001130,5671,2023-12-02,carrier_delay,High,Carrier route delay,Open
FUL000005,O010025,C000930,4959,2023-12-02,carrier_delay,High,Carrier route delay,Open
FUL000006,O010028,C000995,8125,2023-12-02,carrier_delay,High,Carrier route delay,Open
FUL000007,O010029,C001880,787,2023-12-02,carrier_delay,High,Carrier route delay,Open
FUL000008,O010030,C001237,1848,2023-12-02,carrier_delay,High,Carrier route delay,Open
FUL000009,O010037,C000618,7802,2023-12-02,carrier_delay,High,Carrier route delay,Open
FUL000010,O010049,C001653,11789,2023-12-02,cancellation_review,Medium,Customer or fulfillment cancellation,Closed
FUL000011,O001005,C001532,7958,2023-07-23,carrier_delay,High,Carrier route delay,Open
FUL000012,O010050,C001476,6253,2023-12-02,carrier_delay,High,Carrier route delay,Open
FUL000013,O010054,C000315,1979,2023-12-02,carrier_delay,High,Carrier route delay,Open
FUL000014,O010058,C000753,5033,2023-12-02,carrier_delay,High,Carrier route delay,Open
FUL000015,O010065,C001611,1889,2023-12-02,cancellation_review,Medium,Customer or fulfillment cancellation,Closed
FUL000016,O010069,C000530,1739,2023-12-02,carrier_delay,High,Carrier route delay,Open
FUL000017,O010094,C000397,5755,2023-12-03,carrier_delay,High,Carrier route delay,Open
FUL000018,O010103,C000399,8368,2023-12-03,carrier_delay,High,Carrier route delay,Open
FUL000019,O010116,C001934,1180,2023-12-03,cancellation_review,Medium,Customer or fulfillment cancellation,Closed
FUL000020,O010119,C000219,7305,2023-12-03,carrier_delay,High,Carrier route delay,Open
FUL000021,O010124,C001119,6023,2023-12-03,carrier_delay,High,Carrier route delay,Open
FUL000022,O010129,C000060,5053,2023-12-03,carrier_delay,High,Carrier route delay,Open
FUL000023,O010135,C001637,3406,2023-12-03,cancellation_review,Medium,Customer or fulfillment cancellation,Closed
FUL000024,O010146,C000667,5085,2023-12-04,cancellation_review,Medium,Customer or fulfillment cancellation,Closed
FUL000025,O010148,C000513,2417,2023-12-04,carrier_delay,High,Carrier route delay,Open
FUL000026,O010153,C001761,2728,2023-12-04,carrier_delay,High,Carrier route delay,Open
FUL000027,O010155,C000644,12238,2023-12-04,carrier_delay,High,Carrier route delay,Open
FUL000028,O010159,C001801,2467,2023-12-04,carrier_delay,High,Carrier route delay,Open
FUL000029,O010163,C000428,8812,2023-12-04,carrier_delay,High,Carrier route delay,Open
FUL000030,O010165,C001390,9463,2023-12-04,carrier_delay,High,Carrier route delay,Open
FUL000031,O010169,C001233,10631,2023-12-04,carrier_delay,High,Carrier route delay,Open
FUL000032,O001017,C000307,3781,2023-07-23,carrier_delay,High,Carrier route delay,Open
FUL000033,O010175,C001645,8631,2023-12-04,carrier_delay,High,Carrier route delay,Open
FUL000034,O010188,C001758,10289,2023-12-04,carrier_delay,High,Carrier route delay,Open
FUL000035,O010189,C000218,12221,2023-12-04,carrier_delay,High,Carrier route delay,Open
FUL000036,O010190,C000212,4659,2023-12-04,carrier_delay,High,Carrier route delay,Open
FUL000037,O010199,C001581,3617,2023-12-04,carrier_delay,High,Carrier route delay,Open
FUL000038,O001020,C001125,4815,2023-07-23,carrier_delay,High,Carrier route delay,Open
FUL000039,O010205,C001352,12061,2023-12-04,carrier_delay,High,Carrier route delay,Open
FUL000040,O010209,C001275,4665,2023-12-05,carrier_delay,High,Carrier route delay,Open
FUL000041,O010220,C000173,1599,2023-12-05,carrier_delay,High,Carrier route delay,Open
FUL000042,O010221,C000755,2833,2023-12-05,carrier_delay,High,Carrier route delay,Open
FUL000043,O010253,C001007,8398,2023-12-05,carrier_delay,High,Carrier route delay,Open
FUL000044,O010254,C001800,6585,2023-12-05,carrier_delay,High,Carrier route delay,Open
FUL000045,O010255,C000421,7123,2023-12-05,carrier_delay,High,Carrier route delay,Open
FUL000046,O010261,C001110,4109,2023-12-05,carrier_delay,High,Carrier route delay,Open
FUL000047,O010265,C000990,12253,2023-12-05,carrier_delay,High,Carrier route delay,Open
FUL000048,O010275,C001785,5910,2023-12-05,carrier_delay,High,Carrier route delay,Open
FUL000049,O010276,C000919,7887,2023-12-05,cancellation_review,Medium,Customer or fulfillment cancellation,Closed
FUL000050,O010278,C000581,10071,2023-12-06,cancellation_review,Medium,Customer or fulfillment cancellation,Closed
FUL000051,O010282,C001656,6089,2023-12-06,carrier_delay,High,Carrier route delay,Open
FUL000052,O001029,C000633,2800,2023-07-24,carrier_delay,High,Carrier route delay,Open
FUL000053,O010290,C001706,5104,2023-12-06,cancellation_review,Medium,Customer or fulfillment cancellation,Closed
FUL000054,O010303,C000395,1100,2023-12-06,carrier_delay,High,Carrier route delay,Open
FUL000055,O010315,C000515,4444,2023-12-06,carrier_delay,High,Carrier route delay,Open
FUL000056,O010329,C000736,3365,2023-12-06,carrier_delay,High,Carrier route delay,Open
FUL000057,O010333,C000286,11112,2023-12-06,cancellation_review,Medium,Customer or fulfillment cancellation,Closed
FUL000058,O010352,C000144,7358,2023-12-07,carrier_delay,High,Carrier route delay,Open
FUL000059,O010354,C001240,8806,2023-12-07,carrier_delay,High,Carrier route delay,Open
FUL000060,O010369,C000337,11901,2023-12-07,carrier_delay,High,Carrier route delay,Open
FUL000061,O010372,C000409,1868,2023-12-07,carrier_delay,High,Carrier route delay,Open
FUL000062,O010377,C000350,1054,2023-12-07,carrier_delay,High,Carrier route delay,Open
FUL000063,O001039,C001131,1558,2023-07-24,carrier_delay,High,Carrier route delay,Open
FUL000064,O010399,C000334,8847,2023-12-07,carrier_delay,High,Carrier route delay,Open
FUL000065,O000104,C000783,7790,2023-07-10,carrier_delay,High,Carrier route delay,Open
FUL000066,O010403,C000428,8812,2023-12-07,cancellation_review,Medium,Customer or fulfillment cancellation,Closed
FUL000067,O010404,C000522,10650,2023-12-07,carrier_delay,High,Carrier route delay,Open
FUL000068,O010407,C000801,10992,2023-12-07,cancellation_review,Medium,Customer or fulfillment cancellation,Closed
FUL000069,O010410,C000611,7762,2023-12-07,carrier_delay,High,Carrier route delay,Open
FUL000070,O010414,C001845,4922,2023-12-08,carrier_delay,High,Carrier route delay,Open
FUL000071,O010429,C000833,11606,2023-12-08,cancellation_review,Medium,Customer or fulfillment cancellation,Closed
FUL000072,O010435,C001013,8478,2023-12-08,carrier_delay,High,Carrier route delay,Open
FUL000073,O001044,C000073,2444,2023-07-24,carrier_delay,High,Carrier route delay,Open
FUL000074,O001045,C001032,9990,2023-07-24,carrier_delay,High,Carrier route delay,Open
FUL000075,O010460,C001445,3477,2023-12-08,carrier_delay,High,Carrier route delay,Open
FUL000076,O010465,C001978,10843,2023-12-08,carrier_delay,High,Carrier route delay,Open
FUL000077,O010499,C000970,11262,2023-12-09,carrier_delay,High,Carrier route delay,Open
FUL000078,O000105,C001010,8220,2023-07-10,carrier_delay,High,Carrier route delay,Open
FUL000079,O010504,C000823,8618,2023-12-09,carrier_delay,High,Carrier route delay,Open
FUL000080,O010515,C000959,8948,2023-12-09,carrier_delay,High,Carrier route delay,Open
FUL000081,O010525,C000516,1989,2023-12-09,carrier_delay,High,Carrier route delay,Open
FUL000082,O010535,C001046,9721,2023-12-09,carrier_delay,High,Carrier route delay,Open
FUL000083,O010538,C000267,8156,2023-12-09,carrier_delay,High,Carrier route delay,Open
FUL000084,O010540,C001906,2825,2023-12-09,carrier_delay,High,Carrier route delay,Open
FUL000085,O010550,C001668,9746,2023-12-09,carrier_delay,High,Carrier route delay,Open
FUL000086,O010562,C001676,5525,2023-12-10,cancellation_review,Medium,Customer or fulfillment cancellation,Closed
FUL000087,O010574,C000298,9107,2023-12-10,carrier_delay,High,Carrier route delay,Open
FUL000088,O010599,C000760,8420,2023-12-10,carrier_delay,High,Carrier route delay,Open
FUL000089,O010600,C000456,11741,2023-12-10,carrier_delay,High,Carrier route delay,Open
FUL000090,O010604,C001379,5612,2023-12-10,carrier_delay,High,Carrier route delay,Open
FUL000091,O010610,C000939,11448,2023-12-10,carrier_delay,High,Carrier route delay,Open
FUL000092,O010615,C001078,4265,2023-12-10,carrier_delay,High,Carrier route delay,Open
FUL000093,O010619,C000246,2773,2023-12-10,carrier_delay,High,Carrier route delay,Open
FUL000094,O010622,C001954,8789,2023-12-11,cancellation_review,Medium,Customer or fulfillment cancellation,Closed
FUL000095,O010632,C001940,6767,2023-12-11,cancellation_review,Medium,Customer or fulfillment cancellation,Closed
FUL000096,O010642,C000097,11645,2023-12-11,carrier_delay,High,Carrier route delay,Open
FUL000097,O010645,C001540,5859,2023-12-11,carrier_delay,High,Carrier route delay,Open
FUL000098,O010648,C001723,10138,2023-12-11,carrier_delay,High,Carrier route delay,Open
FUL000099,O010660,C000651,2071,2023-12-11,carrier_delay,High,Carrier route delay,Open
FUL000100,O010663,C000687,3754,2023-12-11,carrier_delay,High,Carrier route delay,Open
FUL000101,O001068,C001643,12178,2023-07-24,carrier_delay,High,Carrier route delay,Open
FUL000102,O010681,C001770,5845,2023-12-11,carrier_delay,High,Carrier route delay,Open
FUL000103,O010688,C000355,5682,2023-12-12,carrier_delay,High,Carrier route delay,Open
FUL000104,O010689,C001340,10022,2023-12-12,carrier_delay,High,Carrier route delay,Open
FUL000105,O001069,C001287,4683,2023-07-24,cancellation_review,Medium,Customer or fulfillment cancellation,Closed
FUL000106,O010705,C001968,8091,2023-12-12,carrier_delay,High,Carrier route delay,Open
FUL000107,O010724,C000194,5560,2023-12-12,carrier_delay,High,Carrier route delay,Open
FUL000108,O010727,C000794,4582,2023-12-12,carrier_delay,High,Carrier route delay,Open
FUL000109,O010734,C001997,8684,2023-12-12,carrier_delay,High,Carrier route delay,Open
FUL000110,O010738,C001168,11512,2023-12-12,carrier_delay,High,Carrier route delay,Open
FUL000111,O010739,C001751,11728,2023-12-12,carrier_delay,High,Carrier route delay,Open
FUL000112,O010744,C001497,5762,2023-12-12,carrier_delay,High,Carrier route delay,Open
FUL000113,O010751,C000590,10258,2023-12-12,carrier_delay,High,Carrier route delay,Open
FUL000114,O010779,C000760,8420,2023-12-13,carrier_delay,High,Carrier route delay,Open
FUL000115,O010780,C001297,252,2023-12-13,carrier_delay,High,Carrier route delay,Open
FUL000116,O010785,C000642,564,2023-12-13,carrier_delay,High,Carrier route delay,Open
FUL000117,O001079,C001014,10348,2023-07-24,carrier_delay,High,Carrier route delay,Open
FUL000118,O010793,C001070,4916,2023-12-13,cancellation_review,Medium,Customer or fulfillment cancellation,Closed
FUL000119,O010800,C000632,1725,2023-12-13,carrier_delay,High,Carrier route delay,Open
FUL000120,O010805,C001532,7958,2023-12-13,carrier_delay,High,Carrier route delay,Open
FUL000121,O010812,C001433,2453,2023-12-13,carrier_delay,High,Carrier route delay,Open
FUL000122,O010824,C000132,11426,2023-12-13,carrier_delay,High,Carrier route delay,Open
FUL000123,O001083,C000087,3957,2023-07-24,cancellation_review,Medium,Customer or fulfillment cancellation,Closed
FUL000124,O010833,C001743,5286,2023-12-14,carrier_delay,High,Carrier route delay,Open
FUL000125,O010834,C000183,7857,2023-12-14,carrier_delay,High,Carrier route delay,Open
FUL000126,O010837,C001941,8938,2023-12-14,carrier_delay,High,Carrier route delay,Open
FUL000127,O010842,C001530,6810,2023-12-14,cancellation_review,Medium,Customer or fulfillment cancellation,Closed
FUL000128,O010844,C000843,433,2023-12-14,carrier_delay,High,Carrier route delay,Open
FUL000129,O001085,C001511,6318,2023-07-24,carrier_delay,High,Carrier route delay,Open
FUL000130,O010859,C000036,4781,2023-12-14,carrier_delay,High,Carrier route delay,Open
FUL000131,O010860,C000558,11124,2023-12-14,carrier_delay,High,Carrier route delay,Open
FUL000132,O010875,C001568,936,2023-12-14,carrier_delay,High,Carrier route delay,Open
FUL000133,O010884,C000137,5168,2023-12-14,carrier_delay,High,Carrier route delay,Open
FUL000134,O001089,C001138,2298,2023-07-24,carrier_delay,High,Carrier route delay,Open
FUL000135,O010890,C001543,1493,2023-12-14,carrier_delay,High,Carrier route delay,Open
FUL000136,O010904,C000880,2600,2023-12-15,carrier_delay,High,Carrier route delay,Open
FUL000137,O010909,C000743,8800,2023-12-15,carrier_delay,High,Carrier route delay,Open
FUL000138,O001091,C000963,7042,2023-07-24,carrier_delay,High,Carrier route delay,Open
FUL000139,O010914,C001313,10701,2023-12-15,carrier_delay,High,Carrier route delay,Open
FUL000140,O010933,C001595,5229,2023-12-15,carrier_delay,High,Carrier route delay,Open
FUL000141,O010936,C001485,11822,2023-12-15,cancellation_review,Medium,Customer or fulfillment cancellation,Closed
FUL000142,O010939,C001918,5236,2023-12-15,cancellation_review,Medium,Customer or fulfillment cancellation,Closed
FUL000143,O010951,C001739,7607,2023-12-15,carrier_delay,High,Carrier route delay,Open
FUL000144,O010952,C000907,1024,2023-12-15,carrier_delay,High,Carrier route delay,Open
FUL000145,O010959,C000410,7082,2023-12-15,carrier_delay,High,Carrier route delay,Open
FUL000146,O010960,C000368,3257,2023-12-15,carrier_delay,High,Carrier route delay,Open
FUL000147,O010965,C001000,9191,2023-12-16,carrier_delay,High,Carrier route delay,Open
FUL000148,O010973,C001805,1522,2023-12-16,cancellation_review,Medium,Customer or fulfillment cancellation,Closed
FUL000149,O010975,C000178,172,2023-12-16,carrier_delay,High,Carrier route delay,Open
FUL000150,O010984,C000814,9375,2023-12-16,carrier_delay,High,Carrier route delay,Open
FUL000151,O010989,C000544,1853,2023-12-16,carrier_delay,High,Carrier route delay,Open
FUL000152,O010994,C000688,2969,2023-12-16,carrier_delay,High,Carrier route delay,Open
FUL000153,O010995,C000229,2860,2023-12-16,carrier_delay,High,Carrier route delay,Open
FUL000154,O011000,C000407,4770,2023-12-16,carrier_delay,High,Carrier route delay,Open
FUL000155,O011010,C000634,8285,2023-12-16,carrier_delay,High,Carrier route delay,Open
FUL000156,O011011,C001616,1243,2023-12-16,carrier_delay,High,Carrier route delay,Open
FUL000157,O011024,C001160,5775,2023-12-16,carrier_delay,High,Carrier route delay,Open
FUL000158,O011030,C000753,5033,2023-12-16,carrier_delay,High,Carrier route delay,Open
FUL000159,O011040,C001352,12061,2023-12-17,carrier_delay,High,Carrier route delay,Open
FUL000160,O001105,C000205,9760,2023-07-25,carrier_delay,High,Carrier route delay,Open
FUL000161,O011054,C000106,467,2023-12-17,carrier_delay,High,Carrier route delay,Open
FUL000162,O011059,C000490,3755,2023-12-17,carrier_delay,High,Carrier route delay,Open
FUL000163,O011066,C000339,8192,2023-12-17,carrier_delay,High,Carrier route delay,Open
FUL000164,O011069,C000224,1417,2023-12-17,carrier_delay,High,Carrier route delay,Open
FUL000165,O011070,C001100,10273,2023-12-17,carrier_delay,High,Carrier route delay,Open
FUL000166,O011079,C000605,2217,2023-12-17,carrier_delay,High,Carrier route delay,Open
FUL000167,O011084,C001313,10701,2023-12-17,carrier_delay,High,Carrier route delay,Open
FUL000168,O011085,C001338,4308,2023-12-17,carrier_delay,High,Carrier route delay,Open
FUL000169,O011095,C000014,664,2023-12-17,carrier_delay,High,Carrier route delay,Open
FUL000170,O011097,C001193,10766,2023-12-17,carrier_delay,High,Carrier route delay,Open
FUL000171,O011100,C001284,8929,2023-12-18,carrier_delay,High,Carrier route delay,Open
FUL000172,O011109,C000938,5413,2023-12-18,carrier_delay,High,Carrier route delay,Open
FUL000173,O011113,C000288,5519,2023-12-18,carrier_delay,High,Carrier route delay,Open
FUL000174,O011128,C001027,7005,2023-12-18,carrier_delay,High,Carrier route delay,Open
FUL000175,O011135,C000002,9371,2023-12-18,cancellation_review,Medium,Customer or fulfillment cancellation,Closed
FUL000176,O011144,C000340,1972,2023-12-18,carrier_delay,High,Carrier route delay,Open
FUL000177,O011145,C000095,5582,2023-12-18,carrier_delay,High,Carrier route delay,Open
FUL000178,O011166,C000994,10778,2023-12-18,carrier_delay,High,Carrier route delay,Open
FUL000179,O011169,C000050,10371,2023-12-19,carrier_delay,High,Carrier route delay,Open
FUL000180,O001117,C001454,11352,2023-07-25,cancellation_review,Medium,Customer or fulfillment cancellation,Closed
FUL000181,O011173,C001197,6883,2023-12-19,carrier_delay,High,Carrier route delay,Open
FUL000182,O011183,C000951,11127,2023-12-19,carrier_delay,High,Carrier route delay,Open
FUL000183,O011184,C000579,2683,2023-12-19,cancellation_review,Medium,Customer or fulfillment cancellation,Closed
FUL000184,O001119,C001742,2267,2023-07-25,carrier_delay,High,Carrier route delay,Open
FUL000185,O011200,C000597,10834,2023-12-19,carrier_delay,High,Carrier route delay,Open
FUL000186,O011204,C000022,5004,2023-12-19,carrier_delay,High,Carrier route delay,Open
FUL000187,O011212,C000210,6664,2023-12-19,carrier_delay,High,Carrier route delay,Open
FUL000188,O001122,C000013,10235,2023-07-25,carrier_delay,High,Carrier route delay,Open
FUL000189,O011224,C000094,687,2023-12-19,carrier_delay,High,Carrier route delay,Open
FUL000190,O011230,C001794,3435,2023-12-19,carrier_delay,High,Carrier route delay,Open
FUL000191,O011234,C001062,4861,2023-12-19,carrier_delay,High,Carrier route delay,Open
FUL000192,O011238,C000320,5175,2023-12-20,carrier_delay,High,Carrier route delay,Open
FUL000193,O011253,C001889,8180,2023-12-20,carrier_delay,High,Carrier route delay,Open
FUL000194,O011257,C001042,5878,2023-12-20,carrier_delay,High,Carrier route delay,Open
FUL000195,O011258,C000460,7830,2023-12-20,carrier_delay,High,Carrier route delay,Open
FUL000196,O011259,C000893,5186,2023-12-20,carrier_delay,High,Carrier route delay,Open
FUL000197,O011264,C001284,8929,2023-12-20,carrier_delay,High,Carrier route delay,Open
FUL000198,O011269,C000595,10965,2023-12-20,carrier_delay,High,Carrier route delay,Open
FUL000199,O011276,C000936,11694,2023-12-20,carrier_delay,High,Carrier route delay,Open
FUL000200,O011278,C001959,4417,2023-12-20,carrier_delay,High,Carrier route delay,Open
FUL000201,O011284,C001012,6573,2023-12-20,carrier_delay,High,Carrier route delay,Open
FUL000202,O011290,C000189,7597,2023-12-20,carrier_delay,High,Carrier route delay,Open
FUL000203,O011293,C001568,936,2023-12-20,carrier_delay,High,Carrier route delay,Open
FUL000204,O011304,C001597,6834,2023-12-20,carrier_delay,High,Carrier route delay,Open
FUL000205,O011305,C001203,5158,2023-12-21,carrier_delay,High,Carrier route delay,Open
FUL000206,O011314,C000356,12329,2023-12-21,carrier_delay,High,Carrier route delay,Open
FUL000207,O011322,C001907,12288,2023-12-21,carrier_delay,High,Carrier route delay,Open
FUL000208,O011327,C000965,8658,2023-12-21,carrier_delay,High,Carrier route delay,Open
FUL000209,O011330,C000427,5013,2023-12-21,carrier_delay,High,Carrier route delay,Open
FUL000210,O011331,C001783,11637,2023-12-21,cancellation_review,Medium,Customer or fulfillment cancellation,Closed
FUL000211,O001134,C000188,4181,2023-07-25,carrier_delay,High,Carrier route delay,Open
FUL000212,O011345,C001567,6734,2023-12-21,carrier_delay,High,Carrier route delay,Open
FUL000213,O001135,C001677,5359,2023-07-25,carrier_delay,High,Carrier route delay,Open
FUL000214,O011355,C000784,4557,2023-12-21,carrier_delay,High,Carrier route delay,Open
FUL000215,O011359,C000562,2540,2023-12-21,carrier_delay,High,Carrier route delay,Open
FUL000216,O011373,C000053,9883,2023-12-22,carrier_delay,High,Carrier route delay,Open
FUL000217,O011380,C000193,11132,2023-12-22,carrier_delay,High,Carrier route delay,Open
FUL000218,O011384,C000262,11134,2023-12-22,carrier_delay,High,Carrier route delay,Open
FUL000219,O011395,C001975,2038,2023-12-22,carrier_delay,High,Carrier route delay,Open
FUL000220,O000114,C001285,2091,2023-07-10,carrier_delay,High,Carrier route delay,Open
FUL000221,O011400,C001790,4567,2023-12-22,carrier_delay,High,Carrier route delay,Open
FUL000222,O011409,C001102,2830,2023-12-22,carrier_delay,High,Carrier route delay,Open
FUL000223,O011415,C001911,1677,2023-12-22,carrier_delay,High,Carrier route delay,Open
FUL000224,O011416,C000782,9671,2023-12-22,carrier_delay,High,Carrier route delay,Open
FUL000225,O011423,C001757,2591,2023-12-22,carrier_delay,High,Carrier route delay,Open
FUL000226,O011430,C000778,12341,2023-12-22,carrier_delay,High,Carrier route delay,Open
FUL000227,O011439,C000595,10965,2023-12-22,carrier_delay,High,Carrier route delay,Open
FUL000228,O011455,C000771,11313,2023-12-23,carrier_delay,High,Carrier route delay,Open
FUL000229,O011459,C000255,11156,2023-12-23,carrier_delay,High,Carrier route delay,Open
FUL000230,O011465,C000065,11888,2023-12-23,carrier_delay,High,Carrier route delay,Open
FUL000231,O011470,C001444,7234,2023-12-23,carrier_delay,High,Carrier route delay,Open
FUL000232,O011479,C001000,9191,2023-12-23,carrier_delay,High,Carrier route delay,Open
FUL000233,O011483,C001303,3660,2023-12-23,carrier_delay,High,Carrier route delay,Open
FUL000234,O001150,C000524,2826,2023-07-25,carrier_delay,High,Carrier route delay,Open
FUL000235,O011500,C000280,4588,2023-12-23,carrier_delay,High,Carrier route delay,Open
FUL000236,O011503,C001017,1365,2023-12-23,carrier_delay,High,Carrier route delay,Open
FUL000237,O011510,C000360,6623,2023-12-24,carrier_delay,High,Carrier route delay,Open
FUL000238,O011512,C001264,3021,2023-12-24,carrier_delay,High,Carrier route delay,Open
FUL000239,O011517,C001425,7112,2023-12-24,carrier_delay,High,Carrier route delay,Open
FUL000240,O011525,C000393,6959,2023-12-24,carrier_delay,High,Carrier route delay,Open
FUL000241,O011529,C001599,8853,2023-12-24,carrier_delay,High,Carrier route delay,Open
FUL000242,O001154,C000121,3554,2023-07-25,carrier_delay,High,Carrier route delay,Open
FUL000243,O011546,C001155,8808,2023-12-24,carrier_delay,High,Carrier route delay,Open
FUL000244,O011550,C000438,3593,2023-12-24,carrier_delay,High,Carrier route delay,Open
FUL000245,O011560,C000373,2205,2023-12-24,carrier_delay,High,Carrier route delay,Open
FUL000246,O011568,C001564,10042,2023-12-24,carrier_delay,High,Carrier route delay,Open
FUL000247,O001158,C000611,7762,2023-07-25,carrier_delay,High,Carrier route delay,Open
FUL000248,O011580,C001665,4795,2023-12-25,carrier_delay,High,Carrier route delay,Open
FUL000249,O011582,C000244,5952,2023-12-25,carrier_delay,High,Carrier route delay,Open
FUL000250,O001160,C000839,1498,2023-07-25,carrier_delay,High,Carrier route delay,Open
FUL000251,O011605,C001974,4725,2023-12-25,carrier_delay,High,Carrier route delay,Open
FUL000252,O011609,C001340,10022,2023-12-25,carrier_delay,High,Carrier route delay,Open
FUL000253,O011610,C001334,10925,2023-12-25,carrier_delay,High,Carrier route delay,Open
FUL000254,O011614,C000843,433,2023-12-25,carrier_delay,High,Carrier route delay,Open
FUL000255,O011629,C001971,12045,2023-12-25,cancellation_review,Medium,Customer or fulfillment cancellation,Closed
FUL000256,O011630,C000077,2041,2023-12-25,carrier_delay,High,Carrier route delay,Open
FUL000257,O011645,C001244,6838,2023-12-25,carrier_delay,High,Carrier route delay,Open
FUL000258,O011653,C000309,11305,2023-12-26,carrier_delay,High,Carrier route delay,Open
FUL000259,O011660,C001782,1943,2023-12-26,carrier_delay,High,Carrier route delay,Open
FUL000260,O011670,C000278,4599,2023-12-26,carrier_delay,High,Carrier route delay,Open
FUL000261,O011673,C001211,3713,2023-12-26,cancellation_review,Medium,Customer or fulfillment cancellation,Closed
FUL000262,O011690,C000762,4969,2023-12-26,carrier_delay,High,Carrier route delay,Open
FUL000263,O000117,C000171,58,2023-07-10,cancellation_review,Medium,Customer or fulfillment cancellation,Closed
FUL000264,O011705,C001624,1126,2023-12-26,carrier_delay,High,Carrier route delay,Open
FUL000265,O011709,C001183,6025,2023-12-26,carrier_delay,High,Carrier route delay,Open
FUL000266,O011717,C001417,10951,2023-12-27,carrier_delay,High,Carrier route delay,Open
FUL000267,O011724,C000097,11645,2023-12-27,carrier_delay,High,Carrier route delay,Open
FUL000268,O011729,C000538,1804,2023-12-27,cancellation_review,Medium,Customer or fulfillment cancellation,Closed
FUL000269,O011730,C000716,7868,2023-12-27,carrier_delay,High,Carrier route delay,Open
FUL000270,O011735,C001176,11767,2023-12-27,carrier_delay,High,Carrier route delay,Open
FUL000271,O001174,C000416,8290,2023-07-26,carrier_delay,High,Carrier route delay,Open
FUL000272,O011749,C001651,430,2023-12-27,carrier_delay,High,Carrier route delay,Open
FUL000273,O011750,C001158,5165,2023-12-27,carrier_delay,High,Carrier route delay,Open
FUL000274,O011751,C000129,3199,2023-12-27,carrier_delay,High,Carrier route delay,Open
FUL000275,O011752,C001138,2298,2023-12-27,carrier_delay,High,Carrier route delay,Open
FUL000276,O011764,C001267,8447,2023-12-27,carrier_delay,High,Carrier route delay,Open
FUL000277,O011765,C000321,1664,2023-12-27,carrier_delay,High,Carrier route delay,Open
FUL000278,O011770,C001337,6688,2023-12-27,cancellation_review,Medium,Customer or fulfillment cancellation,Closed
FUL000279,O011777,C001466,4926,2023-12-27,carrier_delay,High,Carrier route delay,Open
FUL000280,O011779,C001947,11330,2023-12-27,carrier_delay,High,Carrier route delay,Open
FUL000281,O011789,C000125,3879,2023-12-28,carrier_delay,High,Carrier route delay,Open
FUL000282,O011790,C001620,4997,2023-12-28,carrier_delay,High,Carrier route delay,Open
FUL000283,O011800,C000689,6086,2023-12-28,carrier_delay,High,Carrier route delay,Open
FUL000284,O011810,C001643,12178,2023-12-28,carrier_delay,High,Carrier route delay,Open
FUL000285,O011818,C001571,2320,2023-12-28,carrier_delay,High,Carrier route delay,Open
FUL000286,O011829,C000136,8170,2023-12-28,carrier_delay,High,Carrier route delay,Open
FUL000287,O011852,C000813,12192,2023-12-28,cancellation_review,Medium,Customer or fulfillment cancellation,Closed
FUL000288,O011859,C000633,2800,2023-12-29,carrier_delay,High,Carrier route delay,Open
FUL000289,O001186,C000227,11947,2023-07-26,cancellation_review,Medium,Customer or fulfillment cancellation,Closed
FUL000290,O011875,C001404,3493,2023-12-29,carrier_delay,High,Carrier route delay,Open
FUL000291,O011884,C000908,5865,2023-12-29,carrier_delay,High,Carrier route delay,Open
FUL000292,O011895,C001513,3980,2023-12-29,carrier_delay,High,Carrier route delay,Open
FUL000293,O011904,C000031,9300,2023-12-29,carrier_delay,High,Carrier route delay,Open
FUL000294,O011909,C001972,11866,2023-12-29,carrier_delay,High,Carrier route delay,Open
FUL000295,O011914,C001949,3147,2023-12-29,carrier_delay,High,Carrier route delay,Open
FUL000296,O011915,C000628,6428,2023-12-29,carrier_delay,High,Carrier route delay,Open
FUL000297,O011916,C001400,10898,2023-12-29,cancellation_review,Medium,Customer or fulfillment cancellation,Closed
FUL000298,O011920,C000664,6393,2023-12-29,carrier_delay,High,Carrier route delay,Open
FUL000299,O011929,C000053,9883,2023-12-30,carrier_delay,High,Carrier route delay,Open
FUL000300,O011943,C000488,3655,2023-12-30,cancellation_review,Medium,Customer or fulfillment cancellation,Closed
FUL000301,O011944,C001795,1236,2023-12-30,carrier_delay,High,Carrier route delay,Open
FUL000302,O011945,C001074,9074,2023-12-30,carrier_delay,High,Carrier route delay,Open
FUL000303,O011954,C000194,5560,2023-12-30,carrier_delay,High,Carrier route delay,Open
FUL000304,O011955,C000710,744,2023-12-30,carrier_delay,High,Carrier route delay,Open
FUL000305,O011966,C000938,5413,2023-12-30,carrier_delay,High,Carrier route delay,Open
FUL000306,O011967,C001440,11924,2023-12-30,carrier_delay,High,Carrier route delay,Open
FUL000307,O011975,C000011,5715,2023-12-30,carrier_delay,High,Carrier route delay,Open
FUL000308,O011979,C000097,11645,2023-12-30,carrier_delay,High,Carrier route delay,Open
FUL000309,O011986,C000529,2433,2023-12-30,carrier_delay,High,Carrier route delay,Open
FUL000310,O011987,C001600,2845,2023-12-30,carrier_delay,High,Carrier route delay,Open
FUL000311,O011988,C000883,6480,2023-12-30,cancellation_review,Medium,Customer or fulfillment cancellation,Closed
FUL000312,O011990,C000284,3031,2023-12-31,carrier_delay,High,Carrier route delay,Open
FUL000313,O012019,C000134,10175,2023-12-31,carrier_delay,High,Carrier route delay,Open
FUL000314,O012024,C000526,2451,2023-12-31,carrier_delay,High,Carrier route delay,Open
FUL000315,O012025,C000686,1833,2023-12-31,carrier_delay,High,Carrier route delay,Open
FUL000316,O012030,C001532,7958,2023-12-31,cancellation_review,Medium,Customer or fulfillment cancellation,Closed
FUL000317,O012031,C001605,8791,2023-12-31,carrier_delay,High,Carrier route delay,Open
FUL000318,O001204,C000537,731,2023-07-26,carrier_delay,High,Carrier route delay,Open
FUL000319,O012043,C000830,1762,2023-12-31,carrier_delay,High,Carrier route delay,Open
FUL000320,O012044,C001344,452,2023-12-31,carrier_delay,High,Carrier route delay,Open
FUL000321,O012046,C001123,11584,2023-12-31,cancellation_review,Medium,Customer or fulfillment cancellation,Closed
FUL000322,O012054,C000968,5084,2023-12-31,carrier_delay,High,Carrier route delay,Open
FUL000323,O012059,C000579,2683,2024-01-01,carrier_delay,High,Carrier route delay,Open
FUL000324,O012060,C000326,10185,2024-01-01,carrier_delay,High,Carrier route delay,Open
FUL000325,O012070,C000916,8681,2024-01-01,carrier_delay,High,Carrier route delay,Open
FUL000326,O012073,C001252,9862,2024-01-01,carrier_delay,High,Carrier route delay,Open
FUL000327,O012075,C000754,11700,2024-01-01,carrier_delay,High,Carrier route delay,Open
FUL000328,O012082,C000672,2362,2024-01-01,carrier_delay,High,Carrier route delay,Open
FUL000329,O012084,C000591,1544,2024-01-01,carrier_delay,High,Carrier route delay,Open
FUL000330,O012085,C001428,9912,2024-01-01,carrier_delay,High,Carrier route delay,Open
FUL000331,O012094,C001333,7318,2024-01-01,carrier_delay,High,Carrier route delay,Open
FUL000332,O012095,C001761,2728,2024-01-01,carrier_delay,High,Carrier route delay,Open
FUL000333,O001210,C001448,6014,2023-07-26,carrier_delay,High,Carrier route delay,Open
FUL000334,O012103,C001651,430,2024-01-01,carrier_delay,High,Carrier route delay,Open
FUL000335,O012109,C000964,11806,2024-01-01,carrier_delay,High,Carrier route delay,Open
FUL000336,O012119,C001406,1013,2024-01-01,carrier_delay,High,Carrier route delay,Open
FUL000337,O012131,C000086,3938,2024-01-02,carrier_delay,High,Carrier route delay,Open
FUL000338,O012132,C001103,10687,2024-01-02,carrier_delay,High,Carrier route delay,Open
FUL000339,O012135,C001928,1094,2024-01-02,carrier_delay,High,Carrier route delay,Open
FUL000340,O012139,C001264,3021,2024-01-02,carrier_delay,High,Carrier route delay,Open
FUL000341,O012145,C001928,1094,2024-01-02,carrier_delay,High,Carrier route delay,Open
FUL000342,O012149,C001144,2169,2024-01-02,carrier_delay,High,Carrier route delay,Open
FUL000343,O012155,C000326,10185,2024-01-02,carrier_delay,High,Carrier route delay,Open
FUL000344,O012160,C001623,11491,2024-01-02,carrier_delay,High,Carrier route delay,Open
FUL000345,O012166,C000461,5873,2024-01-02,carrier_delay,High,Carrier route delay,Open
FUL000346,O012167,C001666,11757,2024-01-02,carrier_delay,High,Carrier route delay,Open
FUL000347,O012170,C000508,8995,2024-01-02,carrier_delay,High,Carrier route delay,Open
FUL000348,O012176,C000169,9073,2024-01-02,carrier_delay,High,Carrier route delay,Open
FUL000349,O012177,C000529,2433,2024-01-02,carrier_delay,High,Carrier route delay,Open
FUL000350,O012178,C001798,1793,2024-01-02,carrier_delay,High,Carrier route delay,Open
FUL000351,O012184,C001711,5665,2024-01-02,carrier_delay,High,Carrier route delay,Open
FUL000352,O012188,C001137,10514,2024-01-02,carrier_delay,High,Carrier route delay,Open
FUL000353,O012230,C001576,4838,2024-01-03,carrier_delay,High,Carrier route delay,Open
FUL000354,O012231,C000342,4936,2024-01-03,cancellation_review,Medium,Customer or fulfillment cancellation,Closed
FUL000355,O012232,C001073,9726,2024-01-03,carrier_delay,High,Carrier route delay,Open
FUL000356,O012235,C001847,3046,2024-01-03,carrier_delay,High,Carrier route delay,Open
FUL000357,O012241,C001442,1273,2024-01-03,carrier_delay,High,Carrier route delay,Open
FUL000358,O012242,C000709,5440,2024-01-03,carrier_delay,High,Carrier route delay,Open
FUL000359,O012245,C000169,9073,2024-01-03,carrier_delay,High,Carrier route delay,Open
FUL000360,O012249,C001427,3428,2024-01-03,carrier_delay,High,Carrier route delay,Open
FUL000361,O012250,C001066,647,2024-01-03,carrier_delay,High,Carrier route delay,Open
FUL000362,O012255,C000572,5815,2024-01-03,carrier_delay,High,Carrier route delay,Open
FUL000363,O012257,C001408,7595,2024-01-03,carrier_delay,High,Carrier route delay,Open
FUL000364,O012259,C000486,10081,2024-01-03,carrier_delay,High,Carrier route delay,Open
FUL000365,O012260,C001182,11689,2024-01-03,carrier_delay,High,Carrier route delay,Open
FUL000366,O012264,C000533,4943,2024-01-04,carrier_delay,High,Carrier route delay,Open
FUL000367,O012265,C001277,1223,2024-01-04,carrier_delay,High,Carrier route delay,Open
FUL000368,O012269,C000158,6812,2024-01-04,carrier_delay,High,Carrier route delay,Open
FUL000369,O012277,C001213,1567,2024-01-04,carrier_delay,High,Carrier route delay,Open
FUL000370,O012282,C000798,3229,2024-01-04,carrier_delay,High,Carrier route delay,Open
FUL000371,O012289,C001758,10289,2024-01-04,carrier_delay,High,Carrier route delay,Open
FUL000372,O012302,C000887,2365,2024-01-04,carrier_delay,High,Carrier route delay,Open
FUL000373,O012319,C001146,6992,2024-01-04,carrier_delay,High,Carrier route delay,Open
FUL000374,O012320,C000978,11388,2024-01-04,carrier_delay,High,Carrier route delay,Open
FUL000375,O012324,C001406,1013,2024-01-04,carrier_delay,High,Carrier route delay,Open
FUL000376,O012329,C000339,8192,2024-01-04,carrier_delay,High,Carrier route delay,Open
FUL000377,O001233,C000604,3184,2023-07-26,carrier_delay,High,Carrier route delay,Open
FUL000378,O012335,C001376,4253,2024-01-05,carrier_delay,High,Carrier route delay,Open
FUL000379,O012349,C001672,9754,2024-01-05,carrier_delay,High,Carrier route delay,Open
FUL000380,O012350,C000955,4768,2024-01-05,carrier_delay,High,Carrier route delay,Open
FUL000381,O012351,C000076,2970,2024-01-05,carrier_delay,High,Carrier route delay,Open
FUL000382,O012355,C001676,5525,2024-01-05,carrier_delay,High,Carrier route delay,Open
FUL000383,O012357,C001327,6730,2024-01-05,carrier_delay,High,Carrier route delay,Open
FUL000384,O012358,C001278,5943,2024-01-05,carrier_delay,High,Carrier route delay,Open
FUL000385,O012368,C000026,5897,2024-01-05,carrier_delay,High,Carrier route delay,Open
FUL000386,O012373,C000711,11936,2024-01-05,carrier_delay,High,Carrier route delay,Open
FUL000387,O012390,C000175,6977,2024-01-05,carrier_delay,High,Carrier route delay,Open
FUL000388,O001240,C000044,749,2023-07-27,carrier_delay,High,Carrier route delay,Open
FUL000389,O012405,C000858,3581,2024-01-06,carrier_delay,High,Carrier route delay,Open
FUL000390,O012412,C000154,1588,2024-01-06,carrier_delay,High,Carrier route delay,Open
FUL000391,O012414,C000560,5658,2024-01-06,carrier_delay,High,Carrier route delay,Open
FUL000392,O012434,C001245,728,2024-01-06,carrier_delay,High,Carrier route delay,Open
FUL000393,O012435,C001395,9573,2024-01-06,carrier_delay,High,Carrier route delay,Open
FUL000394,O012440,C001283,8260,2024-01-06,carrier_delay,High,Carrier route delay,Open
FUL000395,O012450,C001905,3947,2024-01-06,carrier_delay,High,Carrier route delay,Open
FUL000396,O012451,C000553,10253,2024-01-06,carrier_delay,High,Carrier route delay,Open
FUL000397,O012460,C000159,5493,2024-01-06,carrier_delay,High,Carrier route delay,Open
FUL000398,O012461,C001341,986,2024-01-06,carrier_delay,High,Carrier route delay,Open
FUL000399,O012462,C000119,8015,2024-01-06,cancellation_review,Medium,Customer or fulfillment cancellation,Closed
FUL000400,O012492,C001074,9074,2024-01-07,carrier_delay,High,Carrier route delay,Open
FUL000401,O012521,C000263,6137,2024-01-07,carrier_delay,High,Carrier route delay,Open
FUL000402,O012522,C001167,6854,2024-01-07,carrier_delay,High,Carrier route delay,Open
FUL000403,O012525,C000342,4936,2024-01-07,carrier_delay,High,Carrier route delay,Open
FUL000404,O012527,C000495,6412,2024-01-07,carrier_delay,High,Carrier route delay,Open
FUL000405,O012529,C000456,11741,2024-01-07,carrier_delay,High,Carrier route delay,Open
FUL000406,O012530,C001617,2277,2024-01-07,carrier_delay,High,Carrier route delay,Open
FUL000407,O012534,C000660,2384,2024-01-07,cancellation_review,Medium,Customer or fulfillment cancellation,Closed
FUL000408,O012539,C001524,3985,2024-01-08,carrier_delay,High,Carrier route delay,Open
FUL000409,O001255,C001284,8929,2023-07-27,carrier_delay,High,Carrier route delay,Open
FUL000410,O012559,C001118,11984,2024-01-08,carrier_delay,High,Carrier route delay,Open
FUL000411,O001257,C001498,2255,2023-07-27,carrier_delay,High,Carrier route delay,Open
FUL000412,O012579,C001631,6370,2024-01-08,carrier_delay,High,Carrier route delay,Open
FUL000413,O001258,C001532,7958,2023-07-27,carrier_delay,High,Carrier route delay,Open
FUL000414,O012599,C001695,203,2024-01-08,carrier_delay,High,Carrier route delay,Open
FUL000415,O012603,C000345,10634,2024-01-08,carrier_delay,High,Carrier route delay,Open
FUL000416,O012604,C000220,2220,2024-01-08,carrier_delay,High,Carrier route delay,Open
FUL000417,O012622,C000920,7848,2024-01-09,carrier_delay,High,Carrier route delay,Open
FUL000418,O012625,C000894,9510,2024-01-09,carrier_delay,High,Carrier route delay,Open
FUL000419,O012636,C001997,8684,2024-01-09,carrier_delay,High,Carrier route delay,Open
FUL000420,O001264,C000270,6474,2023-07-27,carrier_delay,High,Carrier route delay,Open
FUL000421,O012658,C000409,1868,2024-01-09,carrier_delay,High,Carrier route delay,Open
FUL000422,O012664,C001959,4417,2024-01-09,carrier_delay,High,Carrier route delay,Open
FUL000423,O012699,C000456,11741,2024-01-10,carrier_delay,High,Carrier route delay,Open
FUL000424,O001270,C001664,6909,2023-07-27,carrier_delay,High,Carrier route delay,Open
FUL000425,O012700,C000631,4552,2024-01-10,carrier_delay,High,Carrier route delay,Open
FUL000426,O012704,C000313,4454,2024-01-10,carrier_delay,High,Carrier route delay,Open
FUL000427,O001271,C000666,10095,2023-07-27,carrier_delay,High,Carrier route delay,Open
FUL000428,O012713,C001931,11427,2024-01-10,carrier_delay,High,Carrier route delay,Open
FUL000429,O012730,C000978,11388,2024-01-10,carrier_delay,High,Carrier route delay,Open
FUL000430,O012740,C000823,8618,2024-01-10,carrier_delay,High,Carrier route delay,Open
FUL000431,O012754,C001105,9002,2024-01-11,carrier_delay,High,Carrier route delay,Open
FUL000432,O012760,C001347,4713,2024-01-11,carrier_delay,High,Carrier route delay,Open
FUL000433,O012763,C000095,5582,2024-01-11,carrier_delay,High,Carrier route delay,Open
FUL000434,O012780,C001776,8430,2024-01-11,carrier_delay,High,Carrier route delay,Open
FUL000435,O012794,C000507,12107,2024-01-11,cancellation_review,Medium,Customer or fulfillment cancellation,Closed
FUL000436,O012808,C000657,11430,2024-01-11,carrier_delay,High,Carrier route delay,Open
FUL000437,O012814,C000353,2180,2024-01-12,carrier_delay,High,Carrier route delay,Open
FUL000438,O001282,C000902,9392,2023-07-27,carrier_delay,High,Carrier route delay,Open
FUL000439,O012824,C001891,7369,2024-01-12,carrier_delay,High,Carrier route delay,Open
FUL000440,O012827,C000370,542,2024-01-12,carrier_delay,High,Carrier route delay,Open
FUL000441,O012832,C000048,5217,2024-01-12,carrier_delay,High,Carrier route delay,Open
FUL000442,O012834,C000691,7282,2024-01-12,carrier_delay,High,Carrier route delay,Open
FUL000443,O012840,C000459,10653,2024-01-12,carrier_delay,High,Carrier route delay,Open
FUL000444,O012854,C001649,11574,2024-01-12,carrier_delay,High,Carrier route delay,Open
FUL000445,O012860,C000835,1731,2024-01-12,carrier_delay,High,Carrier route delay,Open
FUL000446,O012880,C000334,8847,2024-01-13,carrier_delay,High,Carrier route delay,Open
FUL000447,O012884,C000942,8757,2024-01-13,carrier_delay,High,Carrier route delay,Open
FUL000448,O012910,C000492,3838,2024-01-13,carrier_delay,High,Carrier route delay,Open
FUL000449,O012915,C000954,5050,2024-01-13,carrier_delay,High,Carrier route delay,Open
FUL000450,O012919,C001373,1936,2024-01-13,carrier_delay,High,Carrier route delay,Open
FUL000451,O012920,C001531,6669,2024-01-13,carrier_delay,High,Carrier route delay,Open
FUL000452,O012927,C000031,9300,2024-01-13,carrier_delay,High,Carrier route delay,Open
FUL000453,O012945,C000590,10258,2024-01-13,carrier_delay,High,Carrier route delay,Open
FUL000454,O012948,C000555,3813,2024-01-13,carrier_delay,High,Carrier route delay,Open
FUL000455,O012956,C000836,11133,2024-01-14,carrier_delay,High,Carrier route delay,Open
FUL000456,O012970,C001835,9093,2024-01-14,carrier_delay,High,Carrier route delay,Open
FUL000457,O012977,C001540,5859,2024-01-14,carrier_delay,High,Carrier route delay,Open
FUL000458,O012980,C000933,5011,2024-01-14,carrier_delay,High,Carrier route delay,Open
FUL000459,O012982,C000653,10533,2024-01-14,carrier_delay,High,Carrier route delay,Open
FUL000460,O012983,C000781,4991,2024-01-14,carrier_delay,High,Carrier route delay,Open
FUL000461,O012985,C000577,6388,2024-01-14,carrier_delay,High,Carrier route delay,Open
FUL000462,O012988,C000848,1225,2024-01-14,carrier_delay,High,Carrier route delay,Open
FUL000463,O001299,C000618,7802,2023-07-27,carrier_delay,High,Carrier route delay,Open
FUL000464,O012999,C000889,11089,2024-01-14,carrier_delay,High,Carrier route delay,Open
FUL000465,O013004,C001167,6854,2024-01-14,carrier_delay,High,Carrier route delay,Open
FUL000466,O013005,C001463,6671,2024-01-14,carrier_delay,High,Carrier route delay,Open
FUL000467,O013009,C001333,7318,2024-01-14,carrier_delay,High,Carrier route delay,Open
FUL000468,O013016,C001177,599,2024-01-14,cancellation_review,Medium,Customer or fulfillment cancellation,Closed
FUL000469,O001302,C000056,1695,2023-07-27,carrier_delay,High,Carrier route delay,Open
FUL000470,O013023,C000896,1688,2024-01-15,carrier_delay,High,Carrier route delay,Open
FUL000471,O013025,C001684,5829,2024-01-15,carrier_delay,High,Carrier route delay,Open
FUL000472,O013032,C000775,6281,2024-01-15,carrier_delay,High,Carrier route delay,Open
FUL000473,O013034,C001633,272,2024-01-15,carrier_delay,High,Carrier route delay,Open
FUL000474,O013048,C001186,7949,2024-01-15,carrier_delay,High,Carrier route delay,Open
FUL000475,O013053,C001150,7975,2024-01-15,carrier_delay,High,Carrier route delay,Open
FUL000476,O013055,C001288,927,2024-01-15,carrier_delay,High,Carrier route delay,Open
FUL000477,O013070,C001390,9463,2024-01-15,carrier_delay,High,Carrier route delay,Open
FUL000478,O013088,C001141,10160,2024-01-16,cancellation_review,Medium,Customer or fulfillment cancellation,Closed
FUL000479,O001309,C001362,2367,2023-07-28,carrier_delay,High,Carrier route delay,Open
FUL000480,O013113,C001029,7980,2024-01-16,carrier_delay,High,Carrier route delay,Open
FUL000481,O013119,C000027,2774,2024-01-16,carrier_delay,High,Carrier route delay,Open
FUL000482,O001313,C000511,3471,2023-07-28,cancellation_review,Medium,Customer or fulfillment cancellation,Closed
FUL000483,O013135,C000862,4618,2024-01-16,carrier_delay,High,Carrier route delay,Open
FUL000484,O013138,C001539,51,2024-01-16,carrier_delay,High,Carrier route delay,Open
FUL000485,O001315,C001077,5660,2023-07-28,carrier_delay,High,Carrier route delay,Open
FUL000486,O013150,C001712,7893,2024-01-16,carrier_delay,High,Carrier route delay,Open
FUL000487,O013155,C000725,5490,2024-01-17,carrier_delay,High,Carrier route delay,Open
FUL000488,O013159,C000323,4980,2024-01-17,carrier_delay,High,Carrier route delay,Open
FUL000489,O013166,C001077,5660,2024-01-17,carrier_delay,High,Carrier route delay,Open
FUL000490,O013184,C000763,847,2024-01-17,carrier_delay,High,Carrier route delay,Open
FUL000491,O013185,C001576,4838,2024-01-17,carrier_delay,High,Carrier route delay,Open
FUL000492,O013198,C001602,8602,2024-01-17,carrier_delay,High,Carrier route delay,Open
FUL000493,O013199,C001366,6199,2024-01-17,carrier_delay,High,Carrier route delay,Open
FUL000494,O013200,C001755,12049,2024-01-17,carrier_delay,High,Carrier route delay,Open
FUL000495,O013215,C001619,7465,2024-01-17,carrier_delay,High,Carrier route delay,Open
FUL000496,O013219,C000797,5672,2024-01-17,carrier_delay,High,Carrier route delay,Open
FUL000497,O013227,C001601,377,2024-01-18,carrier_delay,High,Carrier route delay,Open
FUL000498,O013234,C000758,502,2024-01-18,carrier_delay,High,Carrier route delay,Open
FUL000499,O013254,C001245,728,2024-01-18,carrier_delay,High,Carrier route delay,Open
FUL000500,O013255,C000352,10447,2024-01-18,carrier_delay,High,Carrier route delay,Open
FUL000501,O013264,C000462,3295,2024-01-18,carrier_delay,High,Carrier route delay,Open
FUL000502,O013275,C000370,542,2024-01-18,carrier_delay,High,Carrier route delay,Open
FUL000503,O013279,C000067,9821,2024-01-18,carrier_delay,High,Carrier route delay,Open
FUL000504,O001328,C000636,2844,2023-07-28,carrier_delay,High,Carrier route delay,Open
FUL000505,O013285,C000205,9760,2024-01-18,carrier_delay,High,Carrier route delay,Open
FUL000506,O013287,C001667,6584,2024-01-18,carrier_delay,High,Carrier route delay,Open
FUL000507,O013298,C000124,10549,2024-01-19,cancellation_review,Medium,Customer or fulfillment cancellation,Closed
FUL000508,O001330,C001468,4624,2023-07-28,carrier_delay,High,Carrier route delay,Open
FUL000509,O013300,C000806,9248,2024-01-19,carrier_delay,High,Carrier route delay,Open
FUL000510,O013304,C001823,3153,2024-01-19,carrier_delay,High,Carrier route delay,Open
FUL000511,O013310,C001386,7403,2024-01-19,carrier_delay,High,Carrier route delay,Open
FUL000512,O013320,C001414,1735,2024-01-19,carrier_delay,High,Carrier route delay,Open
FUL000513,O013330,C001716,7478,2024-01-19,carrier_delay,High,Carrier route delay,Open
FUL000514,O013332,C001700,10495,2024-01-19,carrier_delay,High,Carrier route delay,Open
FUL000515,O013338,C000286,11112,2024-01-19,carrier_delay,High,Carrier route delay,Open
FUL000516,O013340,C000535,4435,2024-01-19,carrier_delay,High,Carrier route delay,Open
FUL000517,O013343,C001073,9726,2024-01-19,carrier_delay,High,Carrier route delay,Open
FUL000518,O013344,C001820,5719,2024-01-19,carrier_delay,High,Carrier route delay,Open
FUL000519,O013349,C001162,6109,2024-01-19,carrier_delay,High,Carrier route delay,Open
FUL000520,O001335,C001497,5762,2023-07-28,carrier_delay,High,Carrier route delay,Open
FUL000521,O013353,C000972,8542,2024-01-19,carrier_delay,High,Carrier route delay,Open
FUL000522,O013362,C001128,3509,2024-01-20,carrier_delay,High,Carrier route delay,Open
FUL000523,O013363,C001987,6616,2024-01-20,carrier_delay,High,Carrier route delay,Open
FUL000524,O013368,C000502,827,2024-01-20,carrier_delay,High,Carrier route delay,Open
FUL000525,O013379,C001678,1375,2024-01-20,carrier_delay,High,Carrier route delay,Open
FUL000526,O013385,C000967,5727,2024-01-20,carrier_delay,High,Carrier route delay,Open
FUL000527,O013389,C001741,11950,2024-01-20,carrier_delay,High,Carrier route delay,Open
FUL000528,O013396,C001983,12335,2024-01-20,carrier_delay,High,Carrier route delay,Open
FUL000529,O013399,C001396,7844,2024-01-20,carrier_delay,High,Carrier route delay,Open
FUL000530,O013408,C001444,7234,2024-01-20,carrier_delay,High,Carrier route delay,Open
FUL000531,O013427,C001174,10685,2024-01-20,carrier_delay,High,Carrier route delay,Open
FUL000532,O013430,C001709,10721,2024-01-21,carrier_delay,High,Carrier route delay,Open
FUL000533,O013435,C000378,8920,2024-01-21,carrier_delay,High,Carrier route delay,Open
FUL000534,O013445,C000325,291,2024-01-21,carrier_delay,High,Carrier route delay,Open
FUL000535,O013446,C000949,408,2024-01-21,carrier_delay,High,Carrier route delay,Open
FUL000536,O013464,C001425,7112,2024-01-21,carrier_delay,High,Carrier route delay,Open
FUL000537,O013466,C000224,1417,2024-01-21,carrier_delay,High,Carrier route delay,Open
FUL000538,O013468,C000583,7777,2024-01-21,carrier_delay,High,Carrier route delay,Open
FUL000539,O013470,C000820,7215,2024-01-21,carrier_delay,High,Carrier route delay,Open
FUL000540,O013480,C000822,3272,2024-01-21,carrier_delay,High,Carrier route delay,Open
FUL000541,O000135,C001472,7738,2023-07-10,carrier_delay,High,Carrier route delay,Open
FUL000542,O001350,C001780,7006,2023-07-28,carrier_delay,High,Carrier route delay,Open
FUL000543,O013500,C000163,230,2024-01-22,carrier_delay,High,Carrier route delay,Open
FUL000544,O013515,C000691,7282,2024-01-22,carrier_delay,High,Carrier route delay,Open
FUL000545,O013524,C000401,3297,2024-01-22,carrier_delay,High,Carrier route delay,Open
FUL000546,O001354,C001426,8294,2023-07-28,carrier_delay,High,Carrier route delay,Open
FUL000547,O001355,C000251,11218,2023-07-28,carrier_delay,High,Carrier route delay,Open
FUL000548,O013564,C000169,9073,2024-01-22,carrier_delay,High,Carrier route delay,Open
FUL000549,O013575,C001587,970,2024-01-23,carrier_delay,High,Carrier route delay,Open
FUL000550,O001359,C000535,4435,2023-07-28,carrier_delay,High,Carrier route delay,Open
FUL000551,O013595,C001650,5585,2024-01-23,carrier_delay,High,Carrier route delay,Open
FUL000552,O001360,C001140,9009,2023-07-28,carrier_delay,High,Carrier route delay,Open
FUL000553,O013619,C000759,11784,2024-01-23,carrier_delay,High,Carrier route delay,Open
FUL000554,O013649,C001522,11504,2024-01-24,carrier_delay,High,Carrier route delay,Open
FUL000555,O013653,C000868,1619,2024-01-24,carrier_delay,High,Carrier route delay,Open
FUL000556,O013665,C000303,8078,2024-01-24,carrier_delay,High,Carrier route delay,Open
FUL000557,O013669,C000757,4700,2024-01-24,carrier_delay,High,Carrier route delay,Open
FUL000558,O013683,C000233,221,2024-01-24,carrier_delay,High,Carrier route delay,Open
FUL000559,O013685,C001014,10348,2024-01-24,carrier_delay,High,Carrier route delay,Open
FUL000560,O013689,C000268,11295,2024-01-24,carrier_delay,High,Carrier route delay,Open
FUL000561,O013699,C001068,9197,2024-01-24,carrier_delay,High,Carrier route delay,Open
FUL000562,O013700,C000579,2683,2024-01-24,carrier_delay,High,Carrier route delay,Open
FUL000563,O001374,C000052,2484,2023-07-29,carrier_delay,High,Carrier route delay,Open
FUL000564,O013740,C001490,6785,2024-01-25,carrier_delay,High,Carrier route delay,Open
FUL000565,O013745,C000468,2872,2024-01-25,carrier_delay,High,Carrier route delay,Open
FUL000566,O013746,C000410,7082,2024-01-25,carrier_delay,High,Carrier route delay,Open
FUL000567,O013748,C001232,9924,2024-01-25,carrier_delay,High,Carrier route delay,Open
FUL000568,O001375,C000589,4914,2023-07-29,carrier_delay,High,Carrier route delay,Open
FUL000569,O013751,C001142,11659,2024-01-25,carrier_delay,High,Carrier route delay,Open
FUL000570,O013755,C000939,11448,2024-01-25,cancellation_review,Medium,Customer or fulfillment cancellation,Closed
FUL000571,O013774,C000529,2433,2024-01-26,carrier_delay,High,Carrier route delay,Open
FUL000572,O013782,C001784,2873,2024-01-26,carrier_delay,High,Carrier route delay,Open
FUL000573,O013786,C000315,1979,2024-01-26,carrier_delay,High,Carrier route delay,Open
FUL000574,O013789,C000308,8664,2024-01-26,carrier_delay,High,Carrier route delay,Open
FUL000575,O013793,C001988,10226,2024-01-26,carrier_delay,High,Carrier route delay,Open
FUL000576,O013799,C001033,3033,2024-01-26,cancellation_review,Medium,Customer or fulfillment cancellation,Closed
FUL000577,O013810,C001865,2979,2024-01-26,carrier_delay,High,Carrier route delay,Open
FUL000578,O013814,C000127,4022,2024-01-26,carrier_delay,High,Carrier route delay,Open
FUL000579,O013815,C001886,5913,2024-01-26,carrier_delay,High,Carrier route delay,Open
FUL000580,O013820,C001404,3493,2024-01-26,carrier_delay,High,Carrier route delay,Open
FUL000581,O013824,C000152,2113,2024-01-26,carrier_delay,High,Carrier route delay,Open
FUL000582,O001383,C001394,1753,2023-07-29,cancellation_review,Medium,Customer or fulfillment cancellation,Closed
FUL000583,O013830,C001283,8260,2024-01-26,carrier_delay,High,Carrier route delay,Open
FUL000584,O013838,C001169,1843,2024-01-26,carrier_delay,High,Carrier route delay,Open
FUL000585,O013845,C001687,12261,2024-01-27,carrier_delay,High,Carrier route delay,Open
FUL000586,O013855,C001575,4225,2024-01-27,carrier_delay,High,Carrier route delay,Open
FUL000587,O013859,C000203,1107,2024-01-27,cancellation_review,Medium,Customer or fulfillment cancellation,Closed
FUL000588,O013880,C000145,437,2024-01-27,carrier_delay,High,Carrier route delay,Open
FUL000589,O013882,C001305,4876,2024-01-27,carrier_delay,High,Carrier route delay,Open
FUL000590,O013884,C000566,10500,2024-01-27,carrier_delay,High,Carrier route delay,Open
FUL000591,O013889,C001289,6179,2024-01-27,carrier_delay,High,Carrier route delay,Open
FUL000592,O001389,C000050,10371,2023-07-29,carrier_delay,High,Carrier route delay,Open
FUL000593,O001390,C000138,8964,2023-07-29,carrier_delay,High,Carrier route delay,Open
FUL000594,O013913,C000696,5640,2024-01-28,carrier_delay,High,Carrier route delay,Open
FUL000595,O013919,C001251,6672,2024-01-28,carrier_delay,High,Carrier route delay,Open
FUL000596,O013922,C001909,11509,2024-01-28,carrier_delay,High,Carrier route delay,Open
FUL000597,O013925,C001416,6397,2024-01-28,carrier_delay,High,Carrier route delay,Open
FUL000598,O013927,C001670,5731,2024-01-28,carrier_delay,High,Carrier route delay,Open
FUL000599,O001393,C000088,3420,2023-07-29,carrier_delay,High,Carrier route delay,Open
FUL000600,O013947,C000724,10681,2024-01-28,carrier_delay,High,Carrier route delay,Open
FUL000601,O001395,C001949,3147,2023-07-29,carrier_delay,High,Carrier route delay,Open
FUL000602,O013953,C001505,5987,2024-01-28,carrier_delay,High,Carrier route delay,Open
FUL000603,O013954,C001003,1715,2024-01-28,cancellation_review,Medium,Customer or fulfillment cancellation,Closed
FUL000604,O013960,C000152,2113,2024-01-28,carrier_delay,High,Carrier route delay,Open
FUL000605,O013963,C000123,154,2024-01-28,carrier_delay,High,Carrier route delay,Open
FUL000606,O013967,C000559,5190,2024-01-28,carrier_delay,High,Carrier route delay,Open
FUL000607,O013985,C001192,6521,2024-01-29,carrier_delay,High,Carrier route delay,Open
FUL000608,O013990,C000820,7215,2024-01-29,carrier_delay,High,Carrier route delay,Open
FUL000609,O013994,C000569,1571,2024-01-29,carrier_delay,High,Carrier route delay,Open
FUL000610,O013995,C001179,10172,2024-01-29,carrier_delay,High,Carrier route delay,Open
FUL000611,O000140,C000463,4257,2023-07-11,carrier_delay,High,Carrier route delay,Open
FUL000612,O014015,C000347,9213,2024-01-29,carrier_delay,High,Carrier route delay,Open
FUL000613,O014020,C000553,10253,2024-01-29,carrier_delay,High,Carrier route delay,Open
FUL000614,O014026,C000595,10965,2024-01-29,carrier_delay,High,Carrier route delay,Open
FUL000615,O014027,C001456,3197,2024-01-29,carrier_delay,High,Carrier route delay,Open
FUL000616,O014030,C001170,7910,2024-01-29,carrier_delay,High,Carrier route delay,Open
FUL000617,O014034,C001232,9924,2024-01-29,carrier_delay,High,Carrier route delay,Open
FUL000618,O014037,C001019,10934,2024-01-29,carrier_delay,High,Carrier route delay,Open
FUL000619,O014038,C001371,4505,2024-01-29,carrier_delay,High,Carrier route delay,Open
FUL000620,O001404,C000891,8986,2023-07-29,carrier_delay,High,Carrier route delay,Open
FUL000621,O014047,C000396,6473,2024-01-30,carrier_delay,High,Carrier route delay,Open
FUL000622,O014050,C000270,6474,2024-01-30,carrier_delay,High,Carrier route delay,Open
FUL000623,O014053,C000465,10438,2024-01-30,cancellation_review,Medium,Customer or fulfillment cancellation,Closed
FUL000624,O014054,C000523,1962,2024-01-30,carrier_delay,High,Carrier route delay,Open
FUL000625,O014060,C001119,6023,2024-01-30,carrier_delay,High,Carrier route delay,Open
FUL000626,O014104,C001761,2728,2024-01-30,carrier_delay,High,Carrier route delay,Open
FUL000627,O014105,C001348,12424,2024-01-30,carrier_delay,High,Carrier route delay,Open
FUL000628,O014109,C001822,2129,2024-01-30,carrier_delay,High,Carrier route delay,Open
FUL000629,O014110,C001351,4044,2024-01-30,carrier_delay,High,Carrier route delay,Open
FUL000630,O014112,C000830,1762,2024-01-30,carrier_delay,High,Carrier route delay,Open
FUL000631,O001412,C001429,3656,2023-07-29,cancellation_review,Medium,Customer or fulfillment cancellation,Closed
FUL000632,O014124,C001592,6424,2024-01-31,carrier_delay,High,Carrier route delay,Open
FUL000633,O014128,C001969,8210,2024-01-31,carrier_delay,High,Carrier route delay,Open
FUL000634,O014148,C000032,10591,2024-01-31,carrier_delay,High,Carrier route delay,Open
FUL000635,O001415,C001933,109,2023-07-29,cancellation_review,Medium,Customer or fulfillment cancellation,Closed
FUL000636,O014158,C001254,846,2024-01-31,carrier_delay,High,Carrier route delay,Open
FUL000637,O014162,C001311,7163,2024-01-31,carrier_delay,High,Carrier route delay,Open
FUL000638,O014163,C000970,11262,2024-01-31,carrier_delay,High,Carrier route delay,Open
FUL000639,O014165,C000356,12329,2024-01-31,carrier_delay,High,Carrier route delay,Open
FUL000640,O014180,C000832,3868,2024-01-31,carrier_delay,High,Carrier route delay,Open
FUL000641,O014193,C001121,10928,2024-02-01,carrier_delay,High,Carrier route delay,Open
FUL000642,O014194,C000459,10653,2024-02-01,carrier_delay,High,Carrier route delay,Open
FUL000643,O001420,C000831,7013,2023-07-29,carrier_delay,High,Carrier route delay,Open
FUL000644,O014210,C000104,11654,2024-02-01,cancellation_review,Medium,Customer or fulfillment cancellation,Closed
FUL000645,O014242,C000137,5168,2024-02-01,carrier_delay,High,Carrier route delay,Open
FUL000646,O014247,C001578,2093,2024-02-01,cancellation_review,Medium,Customer or fulfillment cancellation,Closed
FUL000647,O014254,C000108,7417,2024-02-02,carrier_delay,High,Carrier route delay,Open
FUL000648,O014255,C000495,6412,2024-02-02,carrier_delay,High,Carrier route delay,Open
FUL000649,O014259,C001956,4487,2024-02-02,carrier_delay,High,Carrier route delay,Open
FUL000650,O014270,C001554,4941,2024-02-02,carrier_delay,High,Carrier route delay,Open
FUL000651,O014275,C001237,1848,2024-02-02,carrier_delay,High,Carrier route delay,Open
FUL000652,O014279,C000716,7868,2024-02-02,carrier_delay,High,Carrier route delay,Open
FUL000653,O014285,C000973,12373,2024-02-02,carrier_delay,High,Carrier route delay,Open
FUL000654,O014288,C000853,8198,2024-02-02,carrier_delay,High,Carrier route delay,Open
FUL000655,O014290,C000561,3136,2024-02-02,cancellation_review,Medium,Customer or fulfillment cancellation,Closed
FUL000656,O014299,C000097,11645,2024-02-02,carrier_delay,High,Carrier route delay,Open
FUL000657,O014304,C000703,465,2024-02-02,carrier_delay,High,Carrier route delay,Open
FUL000658,O014309,C000843,433,2024-02-02,carrier_delay,High,Carrier route delay,Open
FUL000659,O014315,C001327,6730,2024-02-02,carrier_delay,High,Carrier route delay,Open
FUL000660,O014319,C001367,4479,2024-02-03,carrier_delay,High,Carrier route delay,Open
FUL000661,O014326,C001180,1871,2024-02-03,carrier_delay,High,Carrier route delay,Open
FUL000662,O014329,C000777,3336,2024-02-03,carrier_delay,High,Carrier route delay,Open
FUL000663,O001433,C000852,174,2023-07-29,carrier_delay,High,Carrier route delay,Open
FUL000664,O014333,C001488,4202,2024-02-03,carrier_delay,High,Carrier route delay,Open
FUL000665,O014355,C001648,175,2024-02-03,carrier_delay,High,Carrier route delay,Open
FUL000666,O014369,C000085,6341,2024-02-03,carrier_delay,High,Carrier route delay,Open
FUL000667,O014374,C001996,9945,2024-02-03,carrier_delay,High,Carrier route delay,Open
FUL000668,O014387,C000120,3369,2024-02-04,carrier_delay,High,Carrier route delay,Open
FUL000669,O014404,C001238,12322,2024-02-04,carrier_delay,High,Carrier route delay,Open
FUL000670,O014408,C001373,1936,2024-02-04,carrier_delay,High,Carrier route delay,Open
FUL000671,O014409,C000990,12253,2024-02-04,carrier_delay,High,Carrier route delay,Open
FUL000672,O014410,C001207,11362,2024-02-04,carrier_delay,High,Carrier route delay,Open
FUL000673,O014417,C001752,4456,2024-02-04,carrier_delay,High,Carrier route delay,Open
FUL000674,O014420,C000487,4013,2024-02-04,carrier_delay,High,Carrier route delay,Open
FUL000675,O014436,C001333,7318,2024-02-04,carrier_delay,High,Carrier route delay,Open
FUL000676,O014438,C001296,11039,2024-02-04,carrier_delay,High,Carrier route delay,Open
FUL000677,O014442,C000007,3710,2024-02-04,carrier_delay,High,Carrier route delay,Open
FUL000678,O014445,C001045,9879,2024-02-04,carrier_delay,High,Carrier route delay,Open
FUL000679,O014448,C001900,3574,2024-02-04,cancellation_review,Medium,Customer or fulfillment cancellation,Closed
FUL000680,O014452,C001820,5719,2024-02-04,carrier_delay,High,Carrier route delay,Open
FUL000681,O014454,C000069,1577,2024-02-04,carrier_delay,High,Carrier route delay,Open
FUL000682,O014464,C000427,5013,2024-02-05,carrier_delay,High,Carrier route delay,Open
FUL000683,O014469,C001997,8684,2024-02-05,carrier_delay,High,Carrier route delay,Open
FUL000684,O014495,C000824,3323,2024-02-05,carrier_delay,High,Carrier route delay,Open
FUL000685,O014504,C001423,6178,2024-02-05,carrier_delay,High,Carrier route delay,Open
FUL000686,O014505,C000282,5491,2024-02-05,carrier_delay,High,Carrier route delay,Open
FUL000687,O014512,C001771,4730,2024-02-05,cancellation_review,Medium,Customer or fulfillment cancellation,Closed
FUL000688,O001452,C001991,4953,2023-07-30,carrier_delay,High,Carrier route delay,Open
FUL000689,O001453,C001646,4040,2023-07-30,carrier_delay,High,Carrier route delay,Open
FUL000690,O014535,C000088,3420,2024-02-06,carrier_delay,High,Carrier route delay,Open
FUL000691,O014537,C001509,6457,2024-02-06,carrier_delay,High,Carrier route delay,Open
FUL000692,O014538,C000122,8314,2024-02-06,carrier_delay,High,Carrier route delay,Open
FUL000693,O014539,C000971,242,2024-02-06,carrier_delay,High,Carrier route delay,Open
FUL000694,O014540,C001671,12069,2024-02-06,carrier_delay,High,Carrier route delay,Open
FUL000695,O014548,C000116,2813,2024-02-06,carrier_delay,High,Carrier route delay,Open
FUL000696,O001455,C001253,4875,2023-07-30,carrier_delay,High,Carrier route delay,Open
FUL000697,O014552,C001956,4487,2024-02-06,carrier_delay,High,Carrier route delay,Open
FUL000698,O014554,C000178,172,2024-02-06,cancellation_review,Medium,Customer or fulfillment cancellation,Closed
FUL000699,O014560,C000594,12064,2024-02-06,carrier_delay,High,Carrier route delay,Open
FUL000700,O014561,C001286,5280,2024-02-06,cancellation_review,Medium,Customer or fulfillment cancellation,Closed
FUL000701,O014579,C001868,10885,2024-02-06,carrier_delay,High,Carrier route delay,Open
FUL000702,O014580,C001380,5234,2024-02-06,carrier_delay,High,Carrier route delay,Open
FUL000703,O014589,C000647,4807,2024-02-06,carrier_delay,High,Carrier route delay,Open
FUL000704,O014595,C000896,1688,2024-02-07,carrier_delay,High,Carrier route delay,Open
FUL000705,O014614,C001542,12195,2024-02-07,carrier_delay,High,Carrier route delay,Open
FUL000706,O014620,C000473,6125,2024-02-07,carrier_delay,High,Carrier route delay,Open
FUL000707,O014621,C001904,8502,2024-02-07,carrier_delay,High,Carrier route delay,Open
FUL000708,O014624,C000915,1430,2024-02-07,carrier_delay,High,Carrier route delay,Open
FUL000709,O014635,C001710,676,2024-02-07,carrier_delay,High,Carrier route delay,Open
FUL000710,O001465,C001966,7634,2023-07-30,carrier_delay,High,Carrier route delay,Open
FUL000711,O014650,C000891,8986,2024-02-07,carrier_delay,High,Carrier route delay,Open
FUL000712,O014660,C000002,9371,2024-02-07,carrier_delay,High,Carrier route delay,Open
FUL000713,O014669,C000355,5682,2024-02-08,carrier_delay,High,Carrier route delay,Open
FUL000714,O014674,C001678,1375,2024-02-08,carrier_delay,High,Carrier route delay,Open
FUL000715,O014675,C000532,11403,2024-02-08,cancellation_review,Medium,Customer or fulfillment cancellation,Closed
FUL000716,O014679,C000264,10610,2024-02-08,carrier_delay,High,Carrier route delay,Open
FUL000717,O014685,C001106,10563,2024-02-08,carrier_delay,High,Carrier route delay,Open
FUL000718,O014689,C000515,4444,2024-02-08,carrier_delay,High,Carrier route delay,Open
FUL000719,O014690,C000923,4238,2024-02-08,carrier_delay,High,Carrier route delay,Open
FUL000720,O014695,C001999,5120,2024-02-08,carrier_delay,High,Carrier route delay,Open
FUL000721,O014709,C001588,3417,2024-02-08,carrier_delay,High,Carrier route delay,Open
FUL000722,O014740,C001206,10905,2024-02-09,carrier_delay,High,Carrier route delay,Open
FUL000723,O014749,C001058,7771,2024-02-09,carrier_delay,High,Carrier route delay,Open
FUL000724,O014767,C000665,10398,2024-02-09,carrier_delay,High,Carrier route delay,Open
FUL000725,O014768,C001274,8674,2024-02-09,carrier_delay,High,Carrier route delay,Open
FUL000726,O001477,C001226,12101,2023-07-30,carrier_delay,High,Carrier route delay,Open
FUL000727,O014770,C001455,4297,2024-02-09,carrier_delay,High,Carrier route delay,Open
FUL000728,O014775,C000043,7218,2024-02-09,carrier_delay,High,Carrier route delay,Open
FUL000729,O014779,C001315,11005,2024-02-09,carrier_delay,High,Carrier route delay,Open
FUL000730,O014785,C000796,771,2024-02-09,carrier_delay,High,Carrier route delay,Open
FUL000731,O001479,C001627,3752,2023-07-30,carrier_delay,High,Carrier route delay,Open
FUL000732,O014790,C000375,634,2024-02-09,carrier_delay,High,Carrier route delay,Open
FUL000733,O014795,C001110,4109,2024-02-09,carrier_delay,High,Carrier route delay,Open
FUL000734,O014799,C000567,5267,2024-02-10,carrier_delay,High,Carrier route delay,Open
FUL000735,O014809,C000438,3593,2024-02-10,carrier_delay,High,Carrier route delay,Open
FUL000736,O014813,C000930,4959,2024-02-10,carrier_delay,High,Carrier route delay,Open
FUL000737,O014824,C001157,436,2024-02-10,carrier_delay,High,Carrier route delay,Open
FUL000738,O014825,C001635,7356,2024-02-10,carrier_delay,High,Carrier route delay,Open
FUL000739,O014837,C000240,1948,2024-02-10,carrier_delay,High,Carrier route delay,Open
FUL000740,O001484,C000186,10601,2023-07-30,carrier_delay,High,Carrier route delay,Open
FUL000741,O014844,C000838,5741,2024-02-10,carrier_delay,High,Carrier route delay,Open
FUL000742,O014860,C001110,4109,2024-02-10,carrier_delay,High,Carrier route delay,Open
FUL000743,O014873,C000017,4663,2024-02-11,carrier_delay,High,Carrier route delay,Open
FUL000744,O014877,C000020,7200,2024-02-11,carrier_delay,High,Carrier route delay,Open
FUL000745,O014879,C000107,9490,2024-02-11,carrier_delay,High,Carrier route delay,Open
FUL000746,O014884,C001986,5951,2024-02-11,carrier_delay,High,Carrier route delay,Open
FUL000747,O014895,C000645,6907,2024-02-11,carrier_delay,High,Carrier route delay,Open
FUL000748,O014897,C001579,3042,2024-02-11,carrier_delay,High,Carrier route delay,Open
FUL000749,O014898,C001404,3493,2024-02-11,carrier_delay,High,Carrier route delay,Open
FUL000750,O014899,C000429,10612,2024-02-11,carrier_delay,High,Carrier route delay,Open
FUL000751,O014900,C000449,9876,2024-02-11,carrier_delay,High,Carrier route delay,Open
FUL000752,O014904,C001867,4846,2024-02-11,carrier_delay,High,Carrier route delay,Open
FUL000753,O014912,C000071,5454,2024-02-11,carrier_delay,High,Carrier route delay,Open
FUL000754,O014915,C001812,2589,2024-02-11,carrier_delay,High,Carrier route delay,Open
FUL000755,O014919,C000839,1498,2024-02-11,carrier_delay,High,Carrier route delay,Open
FUL000756,O014930,C001424,5518,2024-02-11,carrier_delay,High,Carrier route delay,Open
FUL000757,O001495,C000763,847,2023-07-30,cancellation_review,Medium,Customer or fulfillment cancellation,Closed
FUL000758,O014950,C000719,6350,2024-02-12,carrier_delay,High,Carrier route delay,Open
FUL000759,O014955,C000457,8666,2024-02-12,carrier_delay,High,Carrier route delay,Open
FUL000760,O014962,C000384,10831,2024-02-12,carrier_delay,High,Carrier route delay,Open
FUL000761,O014970,C000826,11263,2024-02-12,carrier_delay,High,Carrier route delay,Open
FUL000762,O014979,C000420,6230,2024-02-12,carrier_delay,High,Carrier route delay,Open
FUL000763,O014983,C000872,4654,2024-02-12,carrier_delay,High,Carrier route delay,Open
FUL000764,O014989,C001186,7949,2024-02-12,carrier_delay,High,Carrier route delay,Open
FUL000765,O015004,C001641,9496,2024-02-13,carrier_delay,High,Carrier route delay,Open
FUL000766,O015017,C000874,9967,2024-02-13,cancellation_review,Medium,Customer or fulfillment cancellation,Closed
FUL000767,O015029,C000540,4187,2024-02-13,carrier_delay,High,Carrier route delay,Open
FUL000768,O015035,C000222,11733,2024-02-13,carrier_delay,High,Carrier route delay,Open
FUL000769,O015038,C000735,4904,2024-02-13,carrier_delay,High,Carrier route delay,Open
FUL000770,O015049,C001747,10018,2024-02-13,carrier_delay,High,Carrier route delay,Open
FUL000771,O001505,C001301,7795,2023-07-30,carrier_delay,High,Carrier route delay,Open
FUL000772,O015055,C000546,11120,2024-02-13,carrier_delay,High,Carrier route delay,Open
FUL000773,O015075,C001009,10567,2024-02-14,carrier_delay,High,Carrier route delay,Open
FUL000774,O015090,C000227,11947,2024-02-14,carrier_delay,High,Carrier route delay,Open
FUL000775,O015110,C000012,1464,2024-02-14,carrier_delay,High,Carrier route delay,Open
FUL000776,O001512,C001570,11560,2023-07-31,carrier_delay,High,Carrier route delay,Open
FUL000777,O015125,C001056,3678,2024-02-14,carrier_delay,High,Carrier route delay,Open
FUL000778,O015128,C001844,881,2024-02-14,carrier_delay,High,Carrier route delay,Open
FUL000779,O015133,C001636,3461,2024-02-14,carrier_delay,High,Carrier route delay,Open
FUL000780,O001514,C000239,7273,2023-07-31,carrier_delay,High,Carrier route delay,Open
FUL000781,O015144,C000787,6229,2024-02-15,carrier_delay,High,Carrier route delay,Open
FUL000782,O015148,C000799,4376,2024-02-15,cancellation_review,Medium,Customer or fulfillment cancellation,Closed
FUL000783,O015150,C000971,242,2024-02-15,carrier_delay,High,Carrier route delay,Open
FUL000784,O015153,C000902,9392,2024-02-15,cancellation_review,Medium,Customer or fulfillment cancellation,Closed
FUL000785,O015160,C000336,2537,2024-02-15,carrier_delay,High,Carrier route delay,Open
FUL000786,O015161,C000195,11337,2024-02-15,carrier_delay,High,Carrier route delay,Open
FUL000787,O015162,C000931,4561,2024-02-15,carrier_delay,High,Carrier route delay,Open
FUL000788,O015167,C000531,8613,2024-02-15,carrier_delay,High,Carrier route delay,Open
FUL000789,O015177,C001544,10588,2024-02-15,carrier_delay,High,Carrier route delay,Open
FUL000790,O015178,C001953,2676,2024-02-15,carrier_delay,High,Carrier route delay,Open
FUL000791,O001518,C001851,4739,2023-07-31,carrier_delay,High,Carrier route delay,Open
FUL000792,O015183,C000361,1149,2024-02-15,carrier_delay,High,Carrier route delay,Open
FUL000793,O015184,C001296,11039,2024-02-15,carrier_delay,High,Carrier route delay,Open
FUL000794,O015185,C001302,2783,2024-02-15,carrier_delay,High,Carrier route delay,Open
FUL000795,O015189,C000603,10493,2024-02-15,carrier_delay,High,Carrier route delay,Open
FUL000796,O001519,C000559,5190,2023-07-31,carrier_delay,High,Carrier route delay,Open
FUL000797,O015229,C000593,4318,2024-02-16,carrier_delay,High,Carrier route delay,Open
FUL000798,O001523,C001259,8256,2023-07-31,carrier_delay,High,Carrier route delay,Open
FUL000799,O015230,C001977,11672,2024-02-16,carrier_delay,High,Carrier route delay,Open
FUL000800,O015235,C001430,3503,2024-02-16,carrier_delay,High,Carrier route delay,Open
FUL000801,O015238,C001453,6338,2024-02-16,carrier_delay,High,Carrier route delay,Open
FUL000802,O015247,C001939,11962,2024-02-16,carrier_delay,High,Carrier route delay,Open
FUL000803,O015249,C000223,6587,2024-02-16,carrier_delay,High,Carrier route delay,Open
FUL000804,O015259,C000614,4568,2024-02-16,carrier_delay,High,Carrier route delay,Open
FUL000805,O015273,C001185,2403,2024-02-16,carrier_delay,High,Carrier route delay,Open
FUL000806,O015284,C000084,6615,2024-02-17,carrier_delay,High,Carrier route delay,Open
FUL000807,O015291,C000538,1804,2024-02-17,carrier_delay,High,Carrier route delay,Open
FUL000808,O015292,C001597,6834,2024-02-17,carrier_delay,High,Carrier route delay,Open
FUL000809,O015293,C001925,8788,2024-02-17,carrier_delay,High,Carrier route delay,Open
FUL000810,O015294,C001566,2475,2024-02-17,carrier_delay,High,Carrier route delay,Open
FUL000811,O015299,C001974,4725,2024-02-17,carrier_delay,High,Carrier route delay,Open
FUL000812,O015305,C001113,9581,2024-02-17,carrier_delay,High,Carrier route delay,Open
FUL000813,O015313,C000610,3302,2024-02-17,carrier_delay,High,Carrier route delay,Open
FUL000814,O015315,C001006,5298,2024-02-17,carrier_delay,High,Carrier route delay,Open
FUL000815,O015316,C000425,6110,2024-02-17,carrier_delay,High,Carrier route delay,Open
FUL000816,O015319,C000345,10634,2024-02-17,carrier_delay,High,Carrier route delay,Open
FUL000817,O015320,C001195,8892,2024-02-17,cancellation_review,Medium,Customer or fulfillment cancellation,Closed
FUL000818,O015328,C000595,10965,2024-02-17,carrier_delay,High,Carrier route delay,Open
FUL000819,O015330,C001055,7757,2024-02-17,carrier_delay,High,Carrier route delay,Open
FUL000820,O015333,C000560,5658,2024-02-17,carrier_delay,High,Carrier route delay,Open
FUL000821,O001534,C001470,10942,2023-07-31,carrier_delay,High,Carrier route delay,Open
FUL000822,O015349,C000730,11777,2024-02-18,carrier_delay,High,Carrier route delay,Open
FUL000823,O015355,C000460,7830,2024-02-18,carrier_delay,High,Carrier route delay,Open
FUL000824,O015372,C000442,173,2024-02-18,carrier_delay,High,Carrier route delay,Open
FUL000825,O015375,C000699,6725,2024-02-18,carrier_delay,High,Carrier route delay,Open
FUL000826,O015400,C000822,3272,2024-02-18,carrier_delay,High,Carrier route delay,Open
FUL000827,O015405,C001998,8864,2024-02-18,carrier_delay,High,Carrier route delay,Open
FUL000828,O015414,C000631,4552,2024-02-18,carrier_delay,High,Carrier route delay,Open
FUL000829,O015415,C000782,9671,2024-02-19,carrier_delay,High,Carrier route delay,Open
FUL000830,O015420,C000477,2553,2024-02-19,carrier_delay,High,Carrier route delay,Open
FUL000831,O015430,C001955,2654,2024-02-19,carrier_delay,High,Carrier route delay,Open
FUL000832,O015459,C001274,8674,2024-02-19,carrier_delay,High,Carrier route delay,Open
FUL000833,O015467,C000359,7432,2024-02-19,carrier_delay,High,Carrier route delay,Open
FUL000834,O015469,C000374,12106,2024-02-19,carrier_delay,High,Carrier route delay,Open
FUL000835,O015470,C000693,12076,2024-02-19,carrier_delay,High,Carrier route delay,Open
FUL000836,O015475,C000241,7211,2024-02-19,carrier_delay,High,Carrier route delay,Open
FUL000837,O015477,C000973,12373,2024-02-19,carrier_delay,High,Carrier route delay,Open
FUL000838,O015479,C001856,3726,2024-02-19,carrier_delay,High,Carrier route delay,Open
FUL000839,O015485,C000280,4588,2024-02-20,carrier_delay,High,Carrier route delay,Open
FUL000840,O015489,C001677,5359,2024-02-20,carrier_delay,High,Carrier route delay,Open
FUL000841,O015497,C001095,11115,2024-02-20,carrier_delay,High,Carrier route delay,Open
FUL000842,O015504,C000186,10601,2024-02-20,carrier_delay,High,Carrier route delay,Open
FUL000843,O015510,C000713,7327,2024-02-20,carrier_delay,High,Carrier route delay,Open
FUL000844,O015513,C000645,6907,2024-02-20,carrier_delay,High,Carrier route delay,Open
FUL000845,O015519,C000407,4770,2024-02-20,carrier_delay,High,Carrier route delay,Open
FUL000846,O015527,C000056,1695,2024-02-20,carrier_delay,High,Carrier route delay,Open
FUL000847,O015535,C001863,1618,2024-02-20,carrier_delay,High,Carrier route delay,Open
FUL000848,O015539,C000337,11901,2024-02-20,carrier_delay,High,Carrier route delay,Open
FUL000849,O001554,C001751,11728,2023-07-31,carrier_delay,High,Carrier route delay,Open
FUL000850,O015560,C000011,5715,2024-02-21,carrier_delay,High,Carrier route delay,Open
FUL000851,O015564,C000019,12284,2024-02-21,carrier_delay,High,Carrier route delay,Open
FUL000852,O001557,C001227,1812,2023-07-31,carrier_delay,High,Carrier route delay,Open
FUL000853,O015579,C001822,2129,2024-02-21,carrier_delay,High,Carrier route delay,Open
FUL000854,O015582,C000410,7082,2024-02-21,carrier_delay,High,Carrier route delay,Open
FUL000855,O015584,C001496,11473,2024-02-21,carrier_delay,High,Carrier route delay,Open
FUL000856,O015585,C001876,5445,2024-02-21,carrier_delay,High,Carrier route delay,Open
FUL000857,O015592,C000349,10635,2024-02-21,carrier_delay,High,Carrier route delay,Open
FUL000858,O000156,C000494,5200,2023-07-11,carrier_delay,High,Carrier route delay,Open
FUL000859,O015610,C001359,10884,2024-02-21,carrier_delay,High,Carrier route delay,Open
FUL000860,O015624,C000364,10982,2024-02-22,carrier_delay,High,Carrier route delay,Open
FUL000861,O015630,C001522,11504,2024-02-22,carrier_delay,High,Carrier route delay,Open
FUL000862,O015637,C001132,4432,2024-02-22,carrier_delay,High,Carrier route delay,Open
FUL000863,O015640,C000175,6977,2024-02-22,cancellation_review,Medium,Customer or fulfillment cancellation,Closed
FUL000864,O015655,C000480,2278,2024-02-22,carrier_delay,High,Carrier route delay,Open
FUL000865,O015659,C001735,3397,2024-02-22,carrier_delay,High,Carrier route delay,Open
FUL000866,O015675,C000046,1492,2024-02-22,carrier_delay,High,Carrier route delay,Open
FUL000867,O015682,C000573,1282,2024-02-22,carrier_delay,High,Carrier route delay,Open
FUL000868,O001569,C000073,2444,2023-07-31,carrier_delay,High,Carrier route delay,Open
FUL000869,O015698,C000892,9847,2024-02-23,carrier_delay,High,Carrier route delay,Open
FUL000870,O000157,C000891,8986,2023-07-11,carrier_delay,High,Carrier route delay,Open
FUL000871,O015700,C000392,9871,2024-02-23,carrier_delay,High,Carrier route delay,Open
FUL000872,O015710,C000896,1688,2024-02-23,carrier_delay,High,Carrier route delay,Open
FUL000873,O015726,C001075,6571,2024-02-23,carrier_delay,High,Carrier route delay,Open
FUL000874,O015732,C001929,2881,2024-02-23,cancellation_review,Medium,Customer or fulfillment cancellation,Closed
FUL000875,O015742,C000298,9107,2024-02-23,carrier_delay,High,Carrier route delay,Open
FUL000876,O015744,C000359,7432,2024-02-23,carrier_delay,High,Carrier route delay,Open
FUL000877,O015769,C000004,1657,2024-02-24,carrier_delay,High,Carrier route delay,Open
FUL000878,O015770,C001115,11235,2024-02-24,carrier_delay,High,Carrier route delay,Open
FUL000879,O015773,C000096,1780,2024-02-24,cancellation_review,Medium,Customer or fulfillment cancellation,Closed
FUL000880,O015779,C000540,4187,2024-02-24,carrier_delay,High,Carrier route delay,Open
FUL000881,O015800,C000108,7417,2024-02-24,carrier_delay,High,Carrier route delay,Open
FUL000882,O015805,C000018,3708,2024-02-24,carrier_delay,High,Carrier route delay,Open
FUL000883,O015813,C000100,11378,2024-02-24,carrier_delay,High,Carrier route delay,Open
FUL000884,O015817,C000408,633,2024-02-24,cancellation_review,Medium,Customer or fulfillment cancellation,Closed
FUL000885,O015827,C001173,11285,2024-02-25,carrier_delay,High,Carrier route delay,Open
FUL000886,O015847,C001590,2461,2024-02-25,carrier_delay,High,Carrier route delay,Open
FUL000887,O015854,C001508,10807,2024-02-25,carrier_delay,High,Carrier route delay,Open
FUL000888,O015865,C000628,6428,2024-02-25,carrier_delay,High,Carrier route delay,Open
FUL000889,O015869,C000132,11426,2024-02-25,carrier_delay,High,Carrier route delay,Open
FUL000890,O001587,C001946,3231,2023-08-01,carrier_delay,High,Carrier route delay,Open
FUL000891,O015872,C001427,3428,2024-02-25,carrier_delay,High,Carrier route delay,Open
FUL000892,O015874,C001168,11512,2024-02-25,carrier_delay,High,Carrier route delay,Open
FUL000893,O001588,C000275,5477,2023-08-01,carrier_delay,High,Carrier route delay,Open
FUL000894,O015889,C001483,12187,2024-02-25,carrier_delay,High,Carrier route delay,Open
FUL000895,O015892,C001754,10134,2024-02-25,carrier_delay,High,Carrier route delay,Open
FUL000896,O015894,C000588,10849,2024-02-26,carrier_delay,High,Carrier route delay,Open
FUL000897,O015914,C000111,5828,2024-02-26,carrier_delay,High,Carrier route delay,Open
FUL000898,O015924,C000476,10407,2024-02-26,carrier_delay,High,Carrier route delay,Open
FUL000899,O015929,C000346,12235,2024-02-26,carrier_delay,High,Carrier route delay,Open
FUL000900,O015935,C001542,12195,2024-02-26,carrier_delay,High,Carrier route delay,Open
FUL000901,O015938,C000401,3297,2024-02-26,carrier_delay,High,Carrier route delay,Open
FUL000902,O015954,C000662,12075,2024-02-26,carrier_delay,High,Carrier route delay,Open
FUL000903,O015955,C000584,3830,2024-02-26,carrier_delay,High,Carrier route delay,Open
FUL000904,O015959,C000875,7158,2024-02-26,carrier_delay,High,Carrier route delay,Open
FUL000905,O015962,C001335,10406,2024-02-26,carrier_delay,High,Carrier route delay,Open
FUL000906,O015963,C000675,1373,2024-02-27,carrier_delay,High,Carrier route delay,Open
FUL000907,O015967,C001809,2069,2024-02-27,carrier_delay,High,Carrier route delay,Open
FUL000908,O015980,C001591,10642,2024-02-27,carrier_delay,High,Carrier route delay,Open
FUL000909,O015983,C001049,434,2024-02-27,carrier_delay,High,Carrier route delay,Open
FUL000910,O015984,C000104,11654,2024-02-27,carrier_delay,High,Carrier route delay,Open
FUL000911,O015985,C001082,1466,2024-02-27,carrier_delay,High,Carrier route delay,Open
FUL000912,O001600,C000209,7633,2023-08-01,carrier_delay,High,Carrier route delay,Open
FUL000913,O016010,C000999,620,2024-02-27,carrier_delay,High,Carrier route delay,Open
FUL000914,O016014,C000163,230,2024-02-27,carrier_delay,High,Carrier route delay,Open
FUL000915,O016015,C001508,10807,2024-02-27,carrier_delay,High,Carrier route delay,Open
FUL000916,O016020,C001559,10801,2024-02-27,carrier_delay,High,Carrier route delay,Open
FUL000917,O016022,C000263,6137,2024-02-27,carrier_delay,High,Carrier route delay,Open
FUL000918,O016030,C000703,465,2024-02-27,carrier_delay,High,Carrier route delay,Open
FUL000919,O016039,C001766,1909,2024-02-28,carrier_delay,High,Carrier route delay,Open
FUL000920,O016060,C001485,11822,2024-02-28,carrier_delay,High,Carrier route delay,Open
FUL000921,O016064,C001907,12288,2024-02-28,carrier_delay,High,Carrier route delay,Open
FUL000922,O016070,C001586,8787,2024-02-28,carrier_delay,High,Carrier route delay,Open
FUL000923,O016072,C001893,10932,2024-02-28,carrier_delay,High,Carrier route delay,Open
FUL000924,O016073,C000339,8192,2024-02-28,carrier_delay,High,Carrier route delay,Open
FUL000925,O016087,C001498,2255,2024-02-28,carrier_delay,High,Carrier route delay,Open
FUL000926,O001610,C001260,9352,2023-08-01,carrier_delay,High,Carrier route delay,Open
FUL000927,O016104,C000149,5563,2024-02-29,carrier_delay,High,Carrier route delay,Open
FUL000928,O016117,C000926,2083,2024-02-29,carrier_delay,High,Carrier route delay,Open
FUL000929,O001615,C001402,6088,2023-08-01,carrier_delay,High,Carrier route delay,Open
FUL000930,O016151,C001228,2618,2024-02-29,carrier_delay,High,Carrier route delay,Open
FUL000931,O016152,C001109,1921,2024-02-29,carrier_delay,High,Carrier route delay,Open
FUL000932,O016155,C000931,4561,2024-02-29,carrier_delay,High,Carrier route delay,Open
FUL000933,O016158,C001456,3197,2024-02-29,carrier_delay,High,Carrier route delay,Open
FUL000934,O016164,C000056,1695,2024-02-29,carrier_delay,High,Carrier route delay,Open
FUL000935,O016180,C001053,11677,2024-03-01,carrier_delay,High,Carrier route delay,Open
FUL000936,O016189,C000148,1012,2024-03-01,carrier_delay,High,Carrier route delay,Open
FUL000937,O016194,C000479,4406,2024-03-01,carrier_delay,High,Carrier route delay,Open
FUL000938,O016200,C001671,12069,2024-03-01,carrier_delay,High,Carrier route delay,Open
FUL000939,O016206,C000741,10331,2024-03-01,carrier_delay,High,Carrier route delay,Open
FUL000940,O016207,C000176,4627,2024-03-01,carrier_delay,High,Carrier route delay,Open
FUL000941,O016208,C000873,7602,2024-03-01,carrier_delay,High,Carrier route delay,Open
FUL000942,O016232,C000074,11048,2024-03-01,carrier_delay,High,Carrier route delay,Open
FUL000943,O016240,C000287,1824,2024-03-02,carrier_delay,High,Carrier route delay,Open
FUL000944,O016245,C001299,7099,2024-03-02,carrier_delay,High,Carrier route delay,Open
FUL000945,O016249,C000729,388,2024-03-02,carrier_delay,High,Carrier route delay,Open
FUL000946,O016250,C000154,1588,2024-03-02,carrier_delay,High,Carrier route delay,Open
FUL000947,O016257,C001921,1807,2024-03-02,carrier_delay,High,Carrier route delay,Open
FUL000948,O016258,C000222,11733,2024-03-02,carrier_delay,High,Carrier route delay,Open
FUL000949,O016266,C000475,10307,2024-03-02,cancellation_review,Medium,Customer or fulfillment cancellation,Closed
FUL000950,O016269,C000088,3420,2024-03-02,carrier_delay,High,Carrier route delay,Open
FUL000951,O016275,C001550,8381,2024-03-02,carrier_delay,High,Carrier route delay,Open
FUL000952,O001630,C001811,6222,2023-08-01,carrier_delay,High,Carrier route delay,Open
FUL000953,O016309,C000444,9119,2024-03-03,carrier_delay,High,Carrier route delay,Open
FUL000954,O016319,C000671,3447,2024-03-03,carrier_delay,High,Carrier route delay,Open
FUL000955,O016339,C001235,11163,2024-03-03,carrier_delay,High,Carrier route delay,Open
FUL000956,O001634,C000239,7273,2023-08-01,carrier_delay,High,Carrier route delay,Open
FUL000957,O016345,C000344,2625,2024-03-03,carrier_delay,High,Carrier route delay,Open
FUL000958,O001635,C001736,6602,2023-08-01,cancellation_review,Medium,Customer or fulfillment cancellation,Closed
FUL000959,O016355,C001596,5732,2024-03-03,carrier_delay,High,Carrier route delay,Open
FUL000960,O016365,C000597,10834,2024-03-03,carrier_delay,High,Carrier route delay,Open
FUL000961,O016373,C001640,10220,2024-03-03,carrier_delay,High,Carrier route delay,Open
FUL000962,O016375,C000491,3423,2024-03-04,carrier_delay,High,Carrier route delay,Open
FUL000963,O016383,C001441,10165,2024-03-04,carrier_delay,High,Carrier route delay,Open
FUL000964,O016384,C001464,11073,2024-03-04,carrier_delay,High,Carrier route delay,Open
FUL000965,O016385,C000561,3136,2024-03-04,carrier_delay,High,Carrier route delay,Open
FUL000966,O016387,C000297,1636,2024-03-04,carrier_delay,High,Carrier route delay,Open
FUL000967,O001639,C001075,6571,2023-08-01,cancellation_review,Medium,Customer or fulfillment cancellation,Closed
FUL000968,O016390,C000158,6812,2024-03-04,carrier_delay,High,Carrier route delay,Open
FUL000969,O016394,C000649,9077,2024-03-04,carrier_delay,High,Carrier route delay,Open
FUL000970,O016398,C001169,1843,2024-03-04,carrier_delay,High,Carrier route delay,Open
FUL000971,O016402,C000911,4901,2024-03-04,carrier_delay,High,Carrier route delay,Open
FUL000972,O016414,C000114,3979,2024-03-04,carrier_delay,High,Carrier route delay,Open
FUL000973,O016425,C001300,354,2024-03-04,carrier_delay,High,Carrier route delay,Open
FUL000974,O016427,C001552,11284,2024-03-04,carrier_delay,High,Carrier route delay,Open
FUL000975,O016432,C000616,6359,2024-03-04,carrier_delay,High,Carrier route delay,Open
FUL000976,O016433,C000888,11678,2024-03-04,carrier_delay,High,Carrier route delay,Open
FUL000977,O016440,C001773,4213,2024-03-04,carrier_delay,High,Carrier route delay,Open
FUL000978,O016460,C000100,11378,2024-03-05,carrier_delay,High,Carrier route delay,Open
FUL000979,O016464,C000051,341,2024-03-05,carrier_delay,High,Carrier route delay,Open
FUL000980,O016476,C001496,11473,2024-03-05,carrier_delay,High,Carrier route delay,Open
FUL000981,O016477,C000229,2860,2024-03-05,carrier_delay,High,Carrier route delay,Open
FUL000982,O016484,C000508,8995,2024-03-05,carrier_delay,High,Carrier route delay,Open
FUL000983,O016485,C000963,7042,2024-03-05,carrier_delay,High,Carrier route delay,Open
FUL000984,O001649,C000089,4116,2023-08-02,carrier_delay,High,Carrier route delay,Open
FUL000985,O000165,C000418,1222,2023-07-11,carrier_delay,High,Carrier route delay,Open
FUL000986,O016505,C000183,7857,2024-03-05,carrier_delay,High,Carrier route delay,Open
FUL000987,O016512,C000407,4770,2024-03-06,carrier_delay,High,Carrier route delay,Open
FUL000988,O016519,C001601,377,2024-03-06,carrier_delay,High,Carrier route delay,Open
FUL000989,O016532,C000537,731,2024-03-06,cancellation_review,Medium,Customer or fulfillment cancellation,Closed
FUL000990,O016535,C001722,9813,2024-03-06,carrier_delay,High,Carrier route delay,Open
FUL000991,O016537,C001290,1346,2024-03-06,carrier_delay,High,Carrier route delay,Open
FUL000992,O001654,C000047,5691,2023-08-02,carrier_delay,High,Carrier route delay,Open
FUL000993,O001655,C000474,5549,2023-08-02,carrier_delay,High,Carrier route delay,Open
FUL000994,O016550,C001735,3397,2024-03-06,carrier_delay,High,Carrier route delay,Open
FUL000995,O016564,C000219,7305,2024-03-06,carrier_delay,High,Carrier route delay,Open
FUL000996,O016574,C001623,11491,2024-03-06,carrier_delay,High,Carrier route delay,Open
FUL000997,O016578,C001615,2257,2024-03-06,carrier_delay,High,Carrier route delay,Open
FUL000998,O016590,C000062,11431,2024-03-07,cancellation_review,Medium,Customer or fulfillment cancellation,Closed
FUL000999,O016595,C000026,5897,2024-03-07,carrier_delay,High,Carrier route delay,Open
FUL001000,O001660,C001487,2306,2023-08-02,carrier_delay,High,Carrier route delay,Open
FUL001001,O016602,C001356,10506,2024-03-07,carrier_delay,High,Carrier route delay,Open
FUL001002,O016610,C001852,8550,2024-03-07,carrier_delay,High,Carrier route delay,Open
FUL001003,O016620,C001077,5660,2024-03-07,carrier_delay,High,Carrier route delay,Open
FUL001004,O016624,C001965,3807,2024-03-07,carrier_delay,High,Carrier route delay,Open
FUL001005,O016625,C001019,10934,2024-03-07,carrier_delay,High,Carrier route delay,Open
FUL001006,O016634,C001349,9302,2024-03-07,carrier_delay,High,Carrier route delay,Open
FUL001007,O016639,C000075,11768,2024-03-07,carrier_delay,High,Carrier route delay,Open
FUL001008,O016644,C001718,9245,2024-03-07,carrier_delay,High,Carrier route delay,Open
FUL001009,O016645,C000440,2755,2024-03-07,carrier_delay,High,Carrier route delay,Open
FUL001010,O016656,C000087,3957,2024-03-08,cancellation_review,Medium,Customer or fulfillment cancellation,Closed
FUL001011,O016659,C000870,2027,2024-03-08,carrier_delay,High,Carrier route delay,Open
FUL001012,O016670,C000315,1979,2024-03-08,carrier_delay,High,Carrier route delay,Open
FUL001013,O016689,C000458,6156,2024-03-08,carrier_delay,High,Carrier route delay,Open
FUL001014,O016693,C001210,2111,2024-03-08,carrier_delay,High,Carrier route delay,Open
FUL001015,O000167,C001545,1347,2023-07-11,carrier_delay,High,Carrier route delay,Open
FUL001016,O001670,C001544,10588,2023-08-02,carrier_delay,High,Carrier route delay,Open
FUL001017,O016712,C000634,8285,2024-03-08,cancellation_review,Medium,Customer or fulfillment cancellation,Closed
FUL001018,O016715,C000643,1387,2024-03-08,carrier_delay,High,Carrier route delay,Open
FUL001019,O016724,C001216,8919,2024-03-09,carrier_delay,High,Carrier route delay,Open
FUL001020,O016725,C001542,12195,2024-03-09,carrier_delay,High,Carrier route delay,Open
FUL001021,O016742,C001271,8167,2024-03-09,carrier_delay,High,Carrier route delay,Open
FUL001022,O016750,C001870,8123,2024-03-09,carrier_delay,High,Carrier route delay,Open
FUL001023,O016760,C001018,7787,2024-03-09,carrier_delay,High,Carrier route delay,Open
FUL001024,O016769,C001019,10934,2024-03-09,carrier_delay,High,Carrier route delay,Open
FUL001025,O016770,C001310,8889,2024-03-09,carrier_delay,High,Carrier route delay,Open
FUL001026,O016774,C000027,2774,2024-03-09,carrier_delay,High,Carrier route delay,Open
FUL001027,O016779,C000825,6342,2024-03-09,carrier_delay,High,Carrier route delay,Open
FUL001028,O016794,C000431,5097,2024-03-10,carrier_delay,High,Carrier route delay,Open
FUL001029,O016799,C001584,8539,2024-03-10,carrier_delay,High,Carrier route delay,Open
FUL001030,O016805,C000229,2860,2024-03-10,carrier_delay,High,Carrier route delay,Open
FUL001031,O016814,C001155,8808,2024-03-10,cancellation_review,Medium,Customer or fulfillment cancellation,Closed
FUL001032,O016822,C000989,192,2024-03-10,carrier_delay,High,Carrier route delay,Open
FUL001033,O016826,C000234,6101,2024-03-10,cancellation_review,Medium,Customer or fulfillment cancellation,Closed
FUL001034,O001684,C001886,5913,2023-08-02,carrier_delay,High,Carrier route delay,Open
FUL001035,O016841,C001530,6810,2024-03-10,carrier_delay,High,Carrier route delay,Open
FUL001036,O016842,C000088,3420,2024-03-10,cancellation_review,Medium,Customer or fulfillment cancellation,Closed
FUL001037,O016843,C000556,9636,2024-03-10,carrier_delay,High,Carrier route delay,Open
FUL001038,O016862,C001364,10954,2024-03-11,carrier_delay,High,Carrier route delay,Open
FUL001039,O016864,C000801,10992,2024-03-11,carrier_delay,High,Carrier route delay,Open
FUL001040,O016865,C001421,11929,2024-03-11,carrier_delay,High,Carrier route delay,Open
FUL001041,O016868,C001698,8554,2024-03-11,carrier_delay,High,Carrier route delay,Open
FUL001042,O016869,C001054,3918,2024-03-11,carrier_delay,High,Carrier route delay,Open
FUL001043,O016870,C001028,10891,2024-03-11,carrier_delay,High,Carrier route delay,Open
FUL001044,O016874,C001037,254,2024-03-11,carrier_delay,High,Carrier route delay,Open
FUL001045,O016875,C001735,3397,2024-03-11,carrier_delay,High,Carrier route delay,Open
FUL001046,O016878,C000663,4399,2024-03-11,carrier_delay,High,Carrier route delay,Open
FUL001047,O016885,C001601,377,2024-03-11,carrier_delay,High,Carrier route delay,Open
FUL001048,O016889,C001304,10442,2024-03-11,carrier_delay,High,Carrier route delay,Open
FUL001049,O016894,C000017,4663,2024-03-11,carrier_delay,High,Carrier route delay,Open
FUL001050,O016919,C000632,1725,2024-03-11,carrier_delay,High,Carrier route delay,Open
FUL001051,O016930,C001187,3127,2024-03-12,carrier_delay,High,Carrier route delay,Open
FUL001052,O016933,C001919,11681,2024-03-12,carrier_delay,High,Carrier route delay,Open
FUL001053,O016936,C000243,9504,2024-03-12,carrier_delay,High,Carrier route delay,Open
FUL001054,O016939,C001506,8605,2024-03-12,carrier_delay,High,Carrier route delay,Open
FUL001055,O016944,C000710,744,2024-03-12,carrier_delay,High,Carrier route delay,Open
FUL001056,O016953,C001354,2078,2024-03-12,carrier_delay,High,Carrier route delay,Open
FUL001057,O016960,C001581,3617,2024-03-12,carrier_delay,High,Carrier route delay,Open
FUL001058,O016963,C000246,2773,2024-03-12,carrier_delay,High,Carrier route delay,Open
FUL001059,O016964,C000503,1802,2024-03-12,carrier_delay,High,Carrier route delay,Open
FUL001060,O016968,C000470,11960,2024-03-12,carrier_delay,High,Carrier route delay,Open
FUL001061,O016977,C001256,8987,2024-03-12,carrier_delay,High,Carrier route delay,Open
FUL001062,O016997,C000173,1599,2024-03-13,carrier_delay,High,Carrier route delay,Open
FUL001063,O016998,C000625,548,2024-03-13,carrier_delay,High,Carrier route delay,Open
FUL001064,O017005,C000261,6643,2024-03-13,carrier_delay,High,Carrier route delay,Open
FUL001065,O017010,C000986,11668,2024-03-13,carrier_delay,High,Carrier route delay,Open
FUL001066,O017016,C001014,10348,2024-03-13,carrier_delay,High,Carrier route delay,Open
FUL001067,O017025,C001680,2210,2024-03-13,carrier_delay,High,Carrier route delay,Open
FUL001068,O017033,C001377,6488,2024-03-13,carrier_delay,High,Carrier route delay,Open
FUL001069,O017035,C000233,221,2024-03-13,cancellation_review,Medium,Customer or fulfillment cancellation,Closed
FUL001070,O017042,C001277,1223,2024-03-13,carrier_delay,High,Carrier route delay,Open
FUL001071,O017043,C000859,5302,2024-03-13,carrier_delay,High,Carrier route delay,Open
FUL001072,O017047,C001708,937,2024-03-13,carrier_delay,High,Carrier route delay,Open
FUL001073,O017048,C000655,7176,2024-03-13,carrier_delay,High,Carrier route delay,Open
FUL001074,O017052,C000018,3708,2024-03-13,carrier_delay,High,Carrier route delay,Open
FUL001075,O017054,C002000,5781,2024-03-13,carrier_delay,High,Carrier route delay,Open
FUL001076,O017073,C000993,6740,2024-03-14,carrier_delay,High,Carrier route delay,Open
FUL001077,O017085,C001396,7844,2024-03-14,carrier_delay,High,Carrier route delay,Open
FUL001078,O017099,C000477,2553,2024-03-14,carrier_delay,High,Carrier route delay,Open
FUL001079,O017100,C001963,10570,2024-03-14,carrier_delay,High,Carrier route delay,Open
FUL001080,O017102,C001607,946,2024-03-14,cancellation_review,Medium,Customer or fulfillment cancellation,Closed
FUL001081,O017117,C000829,5301,2024-03-14,carrier_delay,High,Carrier route delay,Open
FUL001082,O017130,C000447,9489,2024-03-15,carrier_delay,High,Carrier route delay,Open
FUL001083,O017132,C000556,9636,2024-03-15,carrier_delay,High,Carrier route delay,Open
FUL001084,O017134,C000854,8981,2024-03-15,carrier_delay,High,Carrier route delay,Open
FUL001085,O017147,C001062,4861,2024-03-15,cancellation_review,Medium,Customer or fulfillment cancellation,Closed
FUL001086,O017160,C001597,6834,2024-03-15,carrier_delay,High,Carrier route delay,Open
FUL001087,O017166,C001741,11950,2024-03-15,carrier_delay,High,Carrier route delay,Open
FUL001088,O001717,C001539,51,2023-08-03,carrier_delay,High,Carrier route delay,Open
FUL001089,O017172,C000492,3838,2024-03-15,carrier_delay,High,Carrier route delay,Open
FUL001090,O017173,C000499,5410,2024-03-15,carrier_delay,High,Carrier route delay,Open
FUL001091,O017174,C001776,8430,2024-03-15,cancellation_review,Medium,Customer or fulfillment cancellation,Closed
FUL001092,O017183,C000023,1443,2024-03-15,carrier_delay,High,Carrier route delay,Open
FUL001093,O017185,C001978,10843,2024-03-15,carrier_delay,High,Carrier route delay,Open
FUL001094,O017187,C000340,1972,2024-03-15,carrier_delay,High,Carrier route delay,Open
FUL001095,O017189,C001686,5225,2024-03-15,carrier_delay,High,Carrier route delay,Open
FUL001096,O017194,C000514,2581,2024-03-15,cancellation_review,Medium,Customer or fulfillment cancellation,Closed
FUL001097,O017197,C000093,1540,2024-03-16,cancellation_review,Medium,Customer or fulfillment cancellation,Closed
FUL001098,O001720,C001337,6688,2023-08-03,carrier_delay,High,Carrier route delay,Open
FUL001099,O017200,C001867,4846,2024-03-16,carrier_delay,High,Carrier route delay,Open
FUL001100,O017203,C000699,6725,2024-03-16,carrier_delay,High,Carrier route delay,Open
FUL001101,O017219,C000582,7749,2024-03-16,carrier_delay,High,Carrier route delay,Open
FUL001102,O017235,C001905,3947,2024-03-16,carrier_delay,High,Carrier route delay,Open
FUL001103,O017240,C001619,7465,2024-03-16,carrier_delay,High,Carrier route delay,Open
FUL001104,O017244,C001834,6915,2024-03-16,carrier_delay,High,Carrier route delay,Open
FUL001105,O017248,C000497,11793,2024-03-16,carrier_delay,High,Carrier route delay,Open
FUL001106,O017249,C001038,9607,2024-03-16,carrier_delay,High,Carrier route delay,Open
FUL001107,O017264,C001906,2825,2024-03-16,carrier_delay,High,Carrier route delay,Open
FUL001108,O017269,C000079,5293,2024-03-17,carrier_delay,High,Carrier route delay,Open
FUL001109,O017275,C000017,4663,2024-03-17,carrier_delay,High,Carrier route delay,Open
FUL001110,O017289,C001047,2334,2024-03-17,carrier_delay,High,Carrier route delay,Open
FUL001111,O001729,C000655,7176,2023-08-03,carrier_delay,High,Carrier route delay,Open
FUL001112,O017297,C001249,383,2024-03-17,carrier_delay,High,Carrier route delay,Open
FUL001113,O017298,C001738,321,2024-03-17,carrier_delay,High,Carrier route delay,Open
FUL001114,O017299,C000715,1940,2024-03-17,carrier_delay,High,Carrier route delay,Open
FUL001115,O017319,C000176,4627,2024-03-17,carrier_delay,High,Carrier route delay,Open
FUL001116,O017332,C000397,5755,2024-03-17,cancellation_review,Medium,Customer or fulfillment cancellation,Closed
FUL001117,O017333,C000098,7670,2024-03-18,carrier_delay,High,Carrier route delay,Open
FUL001118,O017339,C000108,7417,2024-03-18,carrier_delay,High,Carrier route delay,Open
FUL001119,O017345,C001478,8463,2024-03-18,carrier_delay,High,Carrier route delay,Open
FUL001120,O001735,C000115,11656,2023-08-03,carrier_delay,High,Carrier route delay,Open
FUL001121,O017350,C001173,11285,2024-03-18,carrier_delay,High,Carrier route delay,Open
FUL001122,O017370,C000896,1688,2024-03-18,carrier_delay,High,Carrier route delay,Open
FUL001123,O017377,C001562,12031,2024-03-18,carrier_delay,High,Carrier route delay,Open
FUL001124,O017383,C001960,5327,2024-03-18,carrier_delay,High,Carrier route delay,Open
FUL001125,O017384,C000057,1920,2024-03-18,carrier_delay,High,Carrier route delay,Open
FUL001126,O017385,C000871,9563,2024-03-18,carrier_delay,High,Carrier route delay,Open
FUL001127,O017389,C000459,10653,2024-03-18,carrier_delay,High,Carrier route delay,Open
FUL001128,O017394,C000375,634,2024-03-18,carrier_delay,High,Carrier route delay,Open
FUL001129,O017403,C000115,11656,2024-03-19,carrier_delay,High,Carrier route delay,Open
FUL001130,O017415,C000299,7060,2024-03-19,carrier_delay,High,Carrier route delay,Open
FUL001131,O017420,C000345,10634,2024-03-19,carrier_delay,High,Carrier route delay,Open
FUL001132,O017434,C000748,11109,2024-03-19,carrier_delay,High,Carrier route delay,Open
FUL001133,O017437,C000112,6050,2024-03-19,carrier_delay,High,Carrier route delay,Open
FUL001134,O001745,C000147,10829,2023-08-03,carrier_delay,High,Carrier route delay,Open
FUL001135,O017450,C000922,9589,2024-03-19,carrier_delay,High,Carrier route delay,Open
FUL001136,O017460,C000256,11833,2024-03-19,carrier_delay,High,Carrier route delay,Open
FUL001137,O017470,C001577,1828,2024-03-20,carrier_delay,High,Carrier route delay,Open
FUL001138,O017478,C001438,9305,2024-03-20,cancellation_review,Medium,Customer or fulfillment cancellation,Closed
FUL001139,O017484,C000725,5490,2024-03-20,carrier_delay,High,Carrier route delay,Open
FUL001140,O017490,C000058,11065,2024-03-20,carrier_delay,High,Carrier route delay,Open
FUL001141,O017491,C000415,5821,2024-03-20,carrier_delay,High,Carrier route delay,Open
FUL001142,O017499,C000793,569,2024-03-20,carrier_delay,High,Carrier route delay,Open
FUL001143,O017524,C001702,9096,2024-03-20,carrier_delay,High,Carrier route delay,Open
FUL001144,O017544,C001816,821,2024-03-21,carrier_delay,High,Carrier route delay,Open
FUL001145,O017549,C000348,1782,2024-03-21,carrier_delay,High,Carrier route delay,Open
FUL001146,O001755,C001005,10457,2023-08-03,carrier_delay,High,Carrier route delay,Open
FUL001147,O017559,C001405,259,2024-03-21,carrier_delay,High,Carrier route delay,Open
FUL001148,O017574,C000327,7190,2024-03-21,carrier_delay,High,Carrier route delay,Open
FUL001149,O017587,C001892,5227,2024-03-21,carrier_delay,High,Carrier route delay,Open
FUL001150,O001759,C001452,3567,2023-08-03,carrier_delay,High,Carrier route delay,Open
FUL001151,O017612,C001269,514,2024-03-22,carrier_delay,High,Carrier route delay,Open
FUL001152,O017629,C000273,2303,2024-03-22,carrier_delay,High,Carrier route delay,Open
FUL001153,O017638,C001134,5938,2024-03-22,cancellation_review,Medium,Customer or fulfillment cancellation,Closed
FUL001154,O017659,C001174,10685,2024-03-22,carrier_delay,High,Carrier route delay,Open
FUL001155,O017660,C001444,7234,2024-03-22,carrier_delay,High,Carrier route delay,Open
FUL001156,O017679,C000253,4460,2024-03-23,carrier_delay,High,Carrier route delay,Open
FUL001157,O017684,C000087,3957,2024-03-23,carrier_delay,High,Carrier route delay,Open
FUL001158,O017689,C000160,5072,2024-03-23,carrier_delay,High,Carrier route delay,Open
FUL001159,O001769,C001622,656,2023-08-03,carrier_delay,High,Carrier route delay,Open
FUL001160,O017700,C001921,1807,2024-03-23,carrier_delay,High,Carrier route delay,Open
FUL001161,O017705,C000841,10854,2024-03-23,carrier_delay,High,Carrier route delay,Open
FUL001162,O017709,C000210,6664,2024-03-23,carrier_delay,High,Carrier route delay,Open
FUL001163,O017714,C001504,11968,2024-03-23,carrier_delay,High,Carrier route delay,Open
FUL001164,O001772,C001060,5024,2023-08-03,carrier_delay,High,Carrier route delay,Open
FUL001165,O017739,C000056,1695,2024-03-23,carrier_delay,High,Carrier route delay,Open
FUL001166,O001774,C001843,10109,2023-08-03,carrier_delay,High,Carrier route delay,Open
FUL001167,O017743,C000396,6473,2024-03-23,carrier_delay,High,Carrier route delay,Open
FUL001168,O017754,C000620,8637,2024-03-24,carrier_delay,High,Carrier route delay,Open
FUL001169,O017755,C000283,8380,2024-03-24,carrier_delay,High,Carrier route delay,Open
FUL001170,O017759,C000035,6375,2024-03-24,carrier_delay,High,Carrier route delay,Open
FUL001171,O001776,C001811,6222,2023-08-03,cancellation_review,Medium,Customer or fulfillment cancellation,Closed
FUL001172,O017764,C000097,11645,2024-03-24,carrier_delay,High,Carrier route delay,Open
FUL001173,O017768,C000882,8174,2024-03-24,carrier_delay,High,Carrier route delay,Open
FUL001174,O017777,C001741,11950,2024-03-24,carrier_delay,High,Carrier route delay,Open
FUL001175,O017778,C000684,7829,2024-03-24,carrier_delay,High,Carrier route delay,Open
FUL001176,O017779,C000491,3423,2024-03-24,carrier_delay,High,Carrier route delay,Open
FUL001177,O017780,C001486,3291,2024-03-24,carrier_delay,High,Carrier route delay,Open
FUL001178,O017795,C001058,7771,2024-03-24,carrier_delay,High,Carrier route delay,Open
FUL001179,O001780,C001437,11189,2023-08-03,carrier_delay,High,Carrier route delay,Open
FUL001180,O017801,C000596,11068,2024-03-24,carrier_delay,High,Carrier route delay,Open
FUL001181,O017802,C001977,11672,2024-03-24,cancellation_review,Medium,Customer or fulfillment cancellation,Closed
FUL001182,O017803,C001507,8781,2024-03-24,carrier_delay,High,Carrier route delay,Open
FUL001183,O017809,C000127,4022,2024-03-24,carrier_delay,High,Carrier route delay,Open
FUL001184,O017817,C000478,5579,2024-03-25,carrier_delay,High,Carrier route delay,Open
FUL001185,O017820,C000747,9283,2024-03-25,carrier_delay,High,Carrier route delay,Open
FUL001186,O001783,C001595,5229,2023-08-04,carrier_delay,High,Carrier route delay,Open
FUL001187,O017833,C001875,5140,2024-03-25,cancellation_review,Medium,Customer or fulfillment cancellation,Closed
FUL001188,O017840,C001281,4798,2024-03-25,carrier_delay,High,Carrier route delay,Open
FUL001189,O017850,C001236,4495,2024-03-25,carrier_delay,High,Carrier route delay,Open
FUL001190,O017875,C000728,3138,2024-03-25,carrier_delay,High,Carrier route delay,Open
FUL001191,O017883,C000965,8658,2024-03-26,carrier_delay,High,Carrier route delay,Open
FUL001192,O017889,C000790,12432,2024-03-26,carrier_delay,High,Carrier route delay,Open
FUL001193,O017895,C000387,8090,2024-03-26,carrier_delay,High,Carrier route delay,Open
FUL001194,O017909,C001437,11189,2024-03-26,carrier_delay,High,Carrier route delay,Open
FUL001195,O017918,C001303,3660,2024-03-26,carrier_delay,High,Carrier route delay,Open
FUL001196,O017928,C000940,11630,2024-03-26,carrier_delay,High,Carrier route delay,Open
FUL001197,O017930,C000528,335,2024-03-26,carrier_delay,High,Carrier route delay,Open
FUL001198,O017940,C001480,5683,2024-03-26,carrier_delay,High,Carrier route delay,Open
FUL001199,O017941,C000417,4596,2024-03-26,carrier_delay,High,Carrier route delay,Open
FUL001200,O017942,C000954,5050,2024-03-26,carrier_delay,High,Carrier route delay,Open
FUL001201,O017950,C001815,9281,2024-03-27,carrier_delay,High,Carrier route delay,Open
FUL001202,O017954,C001101,2157,2024-03-27,carrier_delay,High,Carrier route delay,Open
FUL001203,O017958,C000150,5173,2024-03-27,carrier_delay,High,Carrier route delay,Open
FUL001204,O017969,C001290,1346,2024-03-27,carrier_delay,High,Carrier route delay,Open
FUL001205,O017974,C001513,3980,2024-03-27,carrier_delay,High,Carrier route delay,Open
FUL001206,O017978,C001515,6108,2024-03-27,carrier_delay,High,Carrier route delay,Open
FUL001207,O017982,C000289,6893,2024-03-27,carrier_delay,High,Carrier route delay,Open
FUL001208,O017985,C000365,3529,2024-03-27,cancellation_review,Medium,Customer or fulfillment cancellation,Closed
FUL001209,O001799,C000462,3295,2023-08-04,carrier_delay,High,Carrier route delay,Open
FUL001210,O017998,C001796,5559,2024-03-27,carrier_delay,High,Carrier route delay,Open
FUL001211,O001800,C001788,9572,2023-08-04,carrier_delay,High,Carrier route delay,Open
FUL001212,O018004,C001713,10759,2024-03-27,carrier_delay,High,Carrier route delay,Open
FUL001213,O018009,C000418,1222,2024-03-27,carrier_delay,High,Carrier route delay,Open
FUL001214,O018010,C000648,7940,2024-03-27,carrier_delay,High,Carrier route delay,Open
FUL001215,O018019,C001855,10823,2024-03-28,carrier_delay,High,Carrier route delay,Open
FUL001216,O018026,C001192,6521,2024-03-28,carrier_delay,High,Carrier route delay,Open
FUL001217,O018027,C000886,12301,2024-03-28,carrier_delay,High,Carrier route delay,Open
FUL001218,O018030,C000859,5302,2024-03-28,carrier_delay,High,Carrier route delay,Open
FUL001219,O018034,C001599,8853,2024-03-28,carrier_delay,High,Carrier route delay,Open
FUL001220,O018037,C000152,2113,2024-03-28,carrier_delay,High,Carrier route delay,Open
FUL001221,O018048,C001759,4079,2024-03-28,carrier_delay,High,Carrier route delay,Open
FUL001222,O018059,C000218,12221,2024-03-28,carrier_delay,High,Carrier route delay,Open
FUL001223,O018060,C000592,10886,2024-03-28,carrier_delay,High,Carrier route delay,Open
FUL001224,O018069,C001833,1249,2024-03-28,carrier_delay,High,Carrier route delay,Open
FUL001225,O018079,C000715,1940,2024-03-28,carrier_delay,High,Carrier route delay,Open
FUL001226,O018103,C000785,12013,2024-03-29,carrier_delay,High,Carrier route delay,Open
FUL001227,O018112,C000006,1288,2024-03-29,carrier_delay,High,Carrier route delay,Open
FUL001228,O018114,C001448,6014,2024-03-29,carrier_delay,High,Carrier route delay,Open
FUL001229,O018119,C001730,4133,2024-03-29,carrier_delay,High,Carrier route delay,Open
FUL001230,O018120,C001821,10821,2024-03-29,carrier_delay,High,Carrier route delay,Open
FUL001231,O018137,C000761,3501,2024-03-29,carrier_delay,High,Carrier route delay,Open
FUL001232,O018145,C001882,5276,2024-03-29,carrier_delay,High,Carrier route delay,Open
FUL001233,O018153,C000752,1627,2024-03-29,carrier_delay,High,Carrier route delay,Open
FUL001234,O018155,C000419,5606,2024-03-30,carrier_delay,High,Carrier route delay,Open
FUL001235,O018169,C000695,2909,2024-03-30,carrier_delay,High,Carrier route delay,Open
FUL001236,O018175,C000040,9271,2024-03-30,carrier_delay,High,Carrier route delay,Open
FUL001237,O018180,C000191,10129,2024-03-30,carrier_delay,High,Carrier route delay,Open
FUL001238,O018182,C001266,7743,2024-03-30,carrier_delay,High,Carrier route delay,Open
FUL001239,O018185,C000258,8016,2024-03-30,carrier_delay,High,Carrier route delay,Open
FUL001240,O018190,C001438,9305,2024-03-30,carrier_delay,High,Carrier route delay,Open
FUL001241,O018199,C001066,647,2024-03-30,carrier_delay,High,Carrier route delay,Open
FUL001242,O018203,C001061,1576,2024-03-30,carrier_delay,High,Carrier route delay,Open
FUL001243,O018209,C001075,6571,2024-03-30,carrier_delay,High,Carrier route delay,Open
FUL001244,O018215,C001618,285,2024-03-30,carrier_delay,High,Carrier route delay,Open
FUL001245,O018218,C001483,12187,2024-03-30,carrier_delay,High,Carrier route delay,Open
FUL001246,O001822,C000355,5682,2023-08-04,carrier_delay,High,Carrier route delay,Open
FUL001247,O018220,C000770,6263,2024-03-30,carrier_delay,High,Carrier route delay,Open
FUL001248,O018221,C001236,4495,2024-03-30,carrier_delay,High,Carrier route delay,Open
FUL001249,O001823,C001944,2192,2023-08-04,carrier_delay,High,Carrier route delay,Open
FUL001250,O018234,C000328,4697,2024-03-31,carrier_delay,High,Carrier route delay,Open
FUL001251,O018235,C001612,6233,2024-03-31,carrier_delay,High,Carrier route delay,Open
FUL001252,O018240,C000693,12076,2024-03-31,carrier_delay,High,Carrier route delay,Open
FUL001253,O018244,C000308,8664,2024-03-31,carrier_delay,High,Carrier route delay,Open
FUL001254,O018250,C000664,6393,2024-03-31,carrier_delay,High,Carrier route delay,Open
FUL001255,O018254,C001389,7271,2024-03-31,carrier_delay,High,Carrier route delay,Open
FUL001256,O018255,C001855,10823,2024-03-31,carrier_delay,High,Carrier route delay,Open
FUL001257,O018259,C000388,9590,2024-03-31,carrier_delay,High,Carrier route delay,Open
FUL001258,O001826,C001051,10170,2023-08-04,carrier_delay,High,Carrier route delay,Open
FUL001259,O018264,C001202,2114,2024-03-31,cancellation_review,Medium,Customer or fulfillment cancellation,Closed
FUL001260,O001827,C000093,1540,2023-08-04,carrier_delay,High,Carrier route delay,Open
FUL001261,O018283,C001804,8127,2024-03-31,carrier_delay,High,Carrier route delay,Open
FUL001262,O018289,C000215,5015,2024-03-31,carrier_delay,High,Carrier route delay,Open
FUL001263,O018295,C000942,8757,2024-04-01,carrier_delay,High,Carrier route delay,Open
FUL001264,O018297,C000730,11777,2024-04-01,carrier_delay,High,Carrier route delay,Open
FUL001265,O001830,C000148,1012,2023-08-04,carrier_delay,High,Carrier route delay,Open
FUL001266,O018300,C001488,4202,2024-04-01,carrier_delay,High,Carrier route delay,Open
FUL001267,O018304,C001940,6767,2024-04-01,carrier_delay,High,Carrier route delay,Open
FUL001268,O018319,C000618,7802,2024-04-01,carrier_delay,High,Carrier route delay,Open
FUL001269,O018327,C000156,482,2024-04-01,carrier_delay,High,Carrier route delay,Open
FUL001270,O018332,C000577,6388,2024-04-01,carrier_delay,High,Carrier route delay,Open
FUL001271,O018342,C000057,1920,2024-04-01,carrier_delay,High,Carrier route delay,Open
FUL001272,O018346,C001773,4213,2024-04-01,carrier_delay,High,Carrier route delay,Open
FUL001273,O018347,C000998,8790,2024-04-01,carrier_delay,High,Carrier route delay,Open
FUL001274,O001835,C000473,6125,2023-08-04,carrier_delay,High,Carrier route delay,Open
FUL001275,O018350,C001622,656,2024-04-01,carrier_delay,High,Carrier route delay,Open
FUL001276,O018365,C001320,6003,2024-04-02,carrier_delay,High,Carrier route delay,Open
FUL001277,O018380,C000722,3577,2024-04-02,carrier_delay,High,Carrier route delay,Open
FUL001278,O001839,C000327,7190,2023-08-04,carrier_delay,High,Carrier route delay,Open
FUL001279,O001840,C000823,8618,2023-08-04,carrier_delay,High,Carrier route delay,Open
FUL001280,O018402,C001381,1038,2024-04-02,cancellation_review,Medium,Customer or fulfillment cancellation,Closed
FUL001281,O018405,C000867,7186,2024-04-02,carrier_delay,High,Carrier route delay,Open
FUL001282,O018406,C000850,4911,2024-04-02,cancellation_review,Medium,Customer or fulfillment cancellation,Closed
FUL001283,O018409,C001116,8300,2024-04-02,carrier_delay,High,Carrier route delay,Open
FUL001284,O018417,C001901,3384,2024-04-02,carrier_delay,High,Carrier route delay,Open
FUL001285,O018418,C001891,7369,2024-04-02,carrier_delay,High,Carrier route delay,Open
FUL001286,O018419,C001309,11341,2024-04-02,carrier_delay,High,Carrier route delay,Open
FUL001287,O018445,C001670,5731,2024-04-03,carrier_delay,High,Carrier route delay,Open
FUL001288,O018450,C001615,2257,2024-04-03,carrier_delay,High,Carrier route delay,Open
FUL001289,O018455,C001914,12115,2024-04-03,carrier_delay,High,Carrier route delay,Open
FUL001290,O018462,C000807,9898,2024-04-03,cancellation_review,Medium,Customer or fulfillment cancellation,Closed
FUL001291,O018475,C001066,647,2024-04-03,carrier_delay,High,Carrier route delay,Open
FUL001292,O018483,C000590,10258,2024-04-03,carrier_delay,High,Carrier route delay,Open
FUL001293,O018484,C001362,2367,2024-04-03,carrier_delay,High,Carrier route delay,Open
FUL001294,O018485,C000711,11936,2024-04-03,carrier_delay,High,Carrier route delay,Open
FUL001295,O018490,C001343,3296,2024-04-03,carrier_delay,High,Carrier route delay,Open
FUL001296,O018494,C001729,8229,2024-04-03,carrier_delay,High,Carrier route delay,Open
FUL001297,O018499,C000203,1107,2024-04-04,carrier_delay,High,Carrier route delay,Open
FUL001298,O018503,C001497,5762,2024-04-04,carrier_delay,High,Carrier route delay,Open
FUL001299,O018537,C000017,4663,2024-04-04,carrier_delay,High,Carrier route delay,Open
FUL001300,O018539,C001061,1576,2024-04-04,carrier_delay,High,Carrier route delay,Open
FUL001301,O018550,C000576,6430,2024-04-04,carrier_delay,High,Carrier route delay,Open
FUL001302,O018560,C001591,10642,2024-04-04,carrier_delay,High,Carrier route delay,Open
FUL001303,O018564,C001260,9352,2024-04-04,carrier_delay,High,Carrier route delay,Open
FUL001304,O018569,C001829,8403,2024-04-05,carrier_delay,High,Carrier route delay,Open
FUL001305,O018580,C001425,7112,2024-04-05,carrier_delay,High,Carrier route delay,Open
FUL001306,O018588,C000716,7868,2024-04-05,cancellation_review,Medium,Customer or fulfillment cancellation,Closed
FUL001307,O018592,C000913,3280,2024-04-05,carrier_delay,High,Carrier route delay,Open
FUL001308,O018594,C000246,2773,2024-04-05,carrier_delay,High,Carrier route delay,Open
FUL001309,O018599,C001152,5388,2024-04-05,carrier_delay,High,Carrier route delay,Open
FUL001310,O018602,C000119,8015,2024-04-05,carrier_delay,High,Carrier route delay,Open
FUL001311,O018610,C001646,4040,2024-04-05,carrier_delay,High,Carrier route delay,Open
FUL001312,O018615,C000640,9528,2024-04-05,carrier_delay,High,Carrier route delay,Open
FUL001313,O018617,C001351,4044,2024-04-05,cancellation_review,Medium,Customer or fulfillment cancellation,Closed
FUL001314,O018619,C001430,3503,2024-04-05,carrier_delay,High,Carrier route delay,Open
FUL001315,O018620,C000828,5946,2024-04-05,carrier_delay,High,Carrier route delay,Open
FUL001316,O018629,C001274,8674,2024-04-05,carrier_delay,High,Carrier route delay,Open
FUL001317,O018634,C001064,11077,2024-04-05,carrier_delay,High,Carrier route delay,Open
FUL001318,O018639,C001222,531,2024-04-06,cancellation_review,Medium,Customer or fulfillment cancellation,Closed
FUL001319,O018645,C001014,10348,2024-04-06,carrier_delay,High,Carrier route delay,Open
FUL001320,O018685,C000034,9557,2024-04-06,carrier_delay,High,Carrier route delay,Open
FUL001321,O018689,C000219,7305,2024-04-06,carrier_delay,High,Carrier route delay,Open
FUL001322,O018695,C001656,6089,2024-04-06,carrier_delay,High,Carrier route delay,Open
FUL001323,O018700,C001101,2157,2024-04-06,carrier_delay,High,Carrier route delay,Open
FUL001324,O018709,C000166,8820,2024-04-07,carrier_delay,High,Carrier route delay,Open
FUL001325,O018718,C000334,8847,2024-04-07,carrier_delay,High,Carrier route delay,Open
FUL001326,O018719,C000718,7050,2024-04-07,carrier_delay,High,Carrier route delay,Open
FUL001327,O018723,C001584,8539,2024-04-07,cancellation_review,Medium,Customer or fulfillment cancellation,Closed
FUL001328,O018724,C000302,4517,2024-04-07,carrier_delay,High,Carrier route delay,Open
FUL001329,O018730,C001719,2211,2024-04-07,carrier_delay,High,Carrier route delay,Open
FUL001330,O018734,C001068,9197,2024-04-07,carrier_delay,High,Carrier route delay,Open
FUL001331,O018735,C000578,5687,2024-04-07,carrier_delay,High,Carrier route delay,Open
FUL001332,O018738,C001782,1943,2024-04-07,carrier_delay,High,Carrier route delay,Open
FUL001333,O018739,C000323,4980,2024-04-07,carrier_delay,High,Carrier route delay,Open
FUL001334,O018740,C000065,11888,2024-04-07,cancellation_review,Medium,Customer or fulfillment cancellation,Closed
FUL001335,O018749,C000765,8065,2024-04-07,carrier_delay,High,Carrier route delay,Open
FUL001336,O018758,C000279,8052,2024-04-07,carrier_delay,High,Carrier route delay,Open
FUL001337,O018770,C000150,5173,2024-04-07,carrier_delay,High,Carrier route delay,Open
FUL001338,O018783,C000911,4901,2024-04-08,carrier_delay,High,Carrier route delay,Open
FUL001339,O018784,C000776,8587,2024-04-08,carrier_delay,High,Carrier route delay,Open
FUL001340,O018785,C001100,10273,2024-04-08,carrier_delay,High,Carrier route delay,Open
FUL001341,O018803,C000429,10612,2024-04-08,carrier_delay,High,Carrier route delay,Open
FUL001342,O018809,C000607,9702,2024-04-08,carrier_delay,High,Carrier route delay,Open
FUL001343,O018814,C001609,5431,2024-04-08,carrier_delay,High,Carrier route delay,Open
FUL001344,O018833,C001546,512,2024-04-08,cancellation_review,Medium,Customer or fulfillment cancellation,Closed
FUL001345,O018839,C001587,970,2024-04-08,carrier_delay,High,Carrier route delay,Open
FUL001346,O018847,C000283,8380,2024-04-09,carrier_delay,High,Carrier route delay,Open
FUL001347,O018857,C001576,4838,2024-04-09,carrier_delay,High,Carrier route delay,Open
FUL001348,O018860,C001774,2174,2024-04-09,carrier_delay,High,Carrier route delay,Open
FUL001349,O018875,C000525,142,2024-04-09,carrier_delay,High,Carrier route delay,Open
FUL001350,O018885,C001679,9309,2024-04-09,carrier_delay,High,Carrier route delay,Open
FUL001351,O018890,C001551,2193,2024-04-09,carrier_delay,High,Carrier route delay,Open
FUL001352,O001890,C000165,4539,2023-08-05,carrier_delay,High,Carrier route delay,Open
FUL001353,O018900,C000701,4939,2024-04-09,carrier_delay,High,Carrier route delay,Open
FUL001354,O018909,C001875,5140,2024-04-10,carrier_delay,High,Carrier route delay,Open
FUL001355,O018910,C001017,1365,2024-04-10,carrier_delay,High,Carrier route delay,Open
FUL001356,O018919,C000435,10501,2024-04-10,carrier_delay,High,Carrier route delay,Open
FUL001357,O001893,C001614,4476,2023-08-05,carrier_delay,High,Carrier route delay,Open
FUL001358,O018935,C001461,2301,2024-04-10,carrier_delay,High,Carrier route delay,Open
FUL001359,O018941,C000669,11835,2024-04-10,carrier_delay,High,Carrier route delay,Open
FUL001360,O018945,C000600,7268,2024-04-10,carrier_delay,High,Carrier route delay,Open
FUL001361,O018950,C000628,6428,2024-04-10,carrier_delay,High,Carrier route delay,Open
FUL001362,O018951,C000351,7278,2024-04-10,carrier_delay,High,Carrier route delay,Open
FUL001363,O018952,C000023,1443,2024-04-10,carrier_delay,High,Carrier route delay,Open
FUL001364,O018955,C000420,6230,2024-04-10,carrier_delay,High,Carrier route delay,Open
FUL001365,O018974,C001939,11962,2024-04-10,carrier_delay,High,Carrier route delay,Open
FUL001366,O018978,C001258,1478,2024-04-11,carrier_delay,High,Carrier route delay,Open
FUL001367,O018985,C001663,929,2024-04-11,carrier_delay,High,Carrier route delay,Open
FUL001368,O018998,C000937,8462,2024-04-11,cancellation_review,Medium,Customer or fulfillment cancellation,Closed
FUL001369,O000190,C001095,11115,2023-07-11,carrier_delay,High,Carrier route delay,Open
FUL001370,O019000,C000123,154,2024-04-11,carrier_delay,High,Carrier route delay,Open
FUL001371,O019005,C000172,7139,2024-04-11,cancellation_review,Medium,Customer or fulfillment cancellation,Closed
FUL001372,O019013,C000815,6529,2024-04-11,carrier_delay,High,Carrier route delay,Open
FUL001373,O019019,C001442,1273,2024-04-11,carrier_delay,High,Carrier route delay,Open
FUL001374,O001903,C001700,10495,2023-08-05,carrier_delay,High,Carrier route delay,Open
FUL001375,O019040,C001949,3147,2024-04-11,carrier_delay,High,Carrier route delay,Open
FUL001376,O019047,C000833,11606,2024-04-12,cancellation_review,Medium,Customer or fulfillment cancellation,Closed
FUL001377,O019055,C000361,1149,2024-04-12,carrier_delay,High,Carrier route delay,Open
FUL001378,O019068,C001988,10226,2024-04-12,carrier_delay,High,Carrier route delay,Open
FUL001379,O019075,C001299,7099,2024-04-12,carrier_delay,High,Carrier route delay,Open
FUL001380,O019080,C000066,450,2024-04-12,carrier_delay,High,Carrier route delay,Open
FUL001381,O019085,C000562,2540,2024-04-12,carrier_delay,High,Carrier route delay,Open
FUL001382,O019101,C000783,7790,2024-04-12,carrier_delay,High,Carrier route delay,Open
FUL001383,O019103,C001918,5236,2024-04-12,carrier_delay,High,Carrier route delay,Open
FUL001384,O019114,C001221,2156,2024-04-13,carrier_delay,High,Carrier route delay,Open
FUL001385,O019118,C000712,5824,2024-04-13,carrier_delay,High,Carrier route delay,Open
FUL001386,O019129,C001774,2174,2024-04-13,carrier_delay,High,Carrier route delay,Open
FUL001387,O019130,C000870,2027,2024-04-13,carrier_delay,High,Carrier route delay,Open
FUL001388,O019135,C000781,4991,2024-04-13,carrier_delay,High,Carrier route delay,Open
FUL001389,O019136,C000006,1288,2024-04-13,carrier_delay,High,Carrier route delay,Open
FUL001390,O019140,C000416,8290,2024-04-13,carrier_delay,High,Carrier route delay,Open
FUL001391,O019144,C000054,9494,2024-04-13,carrier_delay,High,Carrier route delay,Open
FUL001392,O019147,C000157,11503,2024-04-13,carrier_delay,High,Carrier route delay,Open
FUL001393,O019150,C000534,1512,2024-04-13,carrier_delay,High,Carrier route delay,Open
FUL001394,O019160,C000309,11305,2024-04-13,carrier_delay,High,Carrier route delay,Open
FUL001395,O019161,C001557,10668,2024-04-13,carrier_delay,High,Carrier route delay,Open
FUL001396,O019162,C000500,1865,2024-04-13,carrier_delay,High,Carrier route delay,Open
FUL001397,O000192,C000079,5293,2023-07-11,carrier_delay,High,Carrier route delay,Open
FUL001398,O001920,C000282,5491,2023-08-06,carrier_delay,High,Carrier route delay,Open
FUL001399,O019204,C000808,5907,2024-04-14,carrier_delay,High,Carrier route delay,Open
FUL001400,O019205,C000292,10707,2024-04-14,carrier_delay,High,Carrier route delay,Open
FUL001401,O019210,C000285,12094,2024-04-14,carrier_delay,High,Carrier route delay,Open
FUL001402,O019212,C001087,376,2024-04-14,cancellation_review,Medium,Customer or fulfillment cancellation,Closed
FUL001403,O019218,C001435,11443,2024-04-14,cancellation_review,Medium,Customer or fulfillment cancellation,Closed
FUL001404,O019219,C001776,8430,2024-04-14,carrier_delay,High,Carrier route delay,Open
FUL001405,O001922,C000279,8052,2023-08-06,carrier_delay,High,Carrier route delay,Open
FUL001406,O019220,C000322,5752,2024-04-14,carrier_delay,High,Carrier route delay,Open
FUL001407,O019229,C001002,5481,2024-04-14,carrier_delay,High,Carrier route delay,Open
FUL001408,O019230,C001190,329,2024-04-14,carrier_delay,High,Carrier route delay,Open
FUL001409,O019233,C000712,5824,2024-04-14,carrier_delay,High,Carrier route delay,Open
FUL001410,O019234,C000069,1577,2024-04-14,carrier_delay,High,Carrier route delay,Open
FUL001411,O019240,C001431,9195,2024-04-14,carrier_delay,High,Carrier route delay,Open
FUL001412,O019268,C000118,12180,2024-04-15,carrier_delay,High,Carrier route delay,Open
FUL001413,O019269,C001898,8352,2024-04-15,carrier_delay,High,Carrier route delay,Open
FUL001414,O019285,C001087,376,2024-04-15,carrier_delay,High,Carrier route delay,Open
FUL001415,O001929,C000429,10612,2023-08-06,carrier_delay,High,Carrier route delay,Open
FUL001416,O019300,C001959,4417,2024-04-15,carrier_delay,High,Carrier route delay,Open
FUL001417,O019329,C001184,4579,2024-04-16,carrier_delay,High,Carrier route delay,Open
FUL001418,O019330,C000250,6660,2024-04-16,carrier_delay,High,Carrier route delay,Open
FUL001419,O019349,C001810,1788,2024-04-16,carrier_delay,High,Carrier route delay,Open
FUL001420,O001935,C000615,12189,2023-08-06,carrier_delay,High,Carrier route delay,Open
FUL001421,O019361,C001826,4477,2024-04-16,cancellation_review,Medium,Customer or fulfillment cancellation,Closed
FUL001422,O019366,C000938,5413,2024-04-16,cancellation_review,Medium,Customer or fulfillment cancellation,Closed
FUL001423,O019372,C000501,4930,2024-04-16,carrier_delay,High,Carrier route delay,Open
FUL001424,O019380,C000156,482,2024-04-16,carrier_delay,High,Carrier route delay,Open
FUL001425,O019389,C000419,5606,2024-04-17,carrier_delay,High,Carrier route delay,Open
FUL001426,O019394,C001046,9721,2024-04-17,carrier_delay,High,Carrier route delay,Open
FUL001427,O019395,C000097,11645,2024-04-17,carrier_delay,High,Carrier route delay,Open
FUL001428,O019396,C000412,1503,2024-04-17,carrier_delay,High,Carrier route delay,Open
FUL001429,O019404,C000518,6898,2024-04-17,carrier_delay,High,Carrier route delay,Open
FUL001430,O019410,C001139,12132,2024-04-17,carrier_delay,High,Carrier route delay,Open
FUL001431,O019431,C001069,8217,2024-04-17,carrier_delay,High,Carrier route delay,Open
FUL001432,O019434,C000795,9819,2024-04-17,cancellation_review,Medium,Customer or fulfillment cancellation,Closed
FUL001433,O019435,C001863,1618,2024-04-17,carrier_delay,High,Carrier route delay,Open
FUL001434,O019437,C001528,9830,2024-04-17,carrier_delay,High,Carrier route delay,Open
FUL001435,O019443,C000592,10886,2024-04-17,carrier_delay,High,Carrier route delay,Open
FUL001436,O019455,C000972,8542,2024-04-17,carrier_delay,High,Carrier route delay,Open
FUL001437,O019459,C001662,1116,2024-04-18,carrier_delay,High,Carrier route delay,Open
FUL001438,O019465,C001362,2367,2024-04-18,carrier_delay,High,Carrier route delay,Open
FUL001439,O019499,C001607,946,2024-04-18,carrier_delay,High,Carrier route delay,Open
FUL001440,O019510,C000240,1948,2024-04-18,carrier_delay,High,Carrier route delay,Open
FUL001441,O019513,C001573,3978,2024-04-18,carrier_delay,High,Carrier route delay,Open
FUL001442,O019514,C000192,1136,2024-04-18,carrier_delay,High,Carrier route delay,Open
FUL001443,O019525,C000467,1658,2024-04-19,carrier_delay,High,Carrier route delay,Open
FUL001444,O001954,C000306,6130,2023-08-06,carrier_delay,High,Carrier route delay,Open
FUL001445,O019550,C000875,7158,2024-04-19,carrier_delay,High,Carrier route delay,Open
FUL001446,O019559,C000107,9490,2024-04-19,carrier_delay,High,Carrier route delay,Open
FUL001447,O019560,C000261,6643,2024-04-19,carrier_delay,High,Carrier route delay,Open
FUL001448,O019565,C000670,9946,2024-04-19,carrier_delay,High,Carrier route delay,Open
FUL001449,O019594,C001375,2025,2024-04-20,cancellation_review,Medium,Customer or fulfillment cancellation,Closed
FUL001450,O019597,C000589,4914,2024-04-20,carrier_delay,High,Carrier route delay,Open
FUL001451,O019605,C001048,10269,2024-04-20,carrier_delay,High,Carrier route delay,Open
FUL001452,O019606,C000372,4514,2024-04-20,carrier_delay,High,Carrier route delay,Open
FUL001453,O019612,C001468,4624,2024-04-20,carrier_delay,High,Carrier route delay,Open
FUL001454,O019617,C001435,11443,2024-04-20,carrier_delay,High,Carrier route delay,Open
FUL001455,O019630,C000551,10490,2024-04-20,cancellation_review,Medium,Customer or fulfillment cancellation,Closed
FUL001456,O019635,C001161,4025,2024-04-20,carrier_delay,High,Carrier route delay,Open
FUL001457,O019642,C000058,11065,2024-04-20,cancellation_review,Medium,Customer or fulfillment cancellation,Closed
FUL001458,O001965,C001948,5637,2023-08-06,carrier_delay,High,Carrier route delay,Open
FUL001459,O019653,C000037,2723,2024-04-20,carrier_delay,High,Carrier route delay,Open
FUL001460,O019668,C000285,12094,2024-04-21,cancellation_review,Medium,Customer or fulfillment cancellation,Closed
FUL001461,O019669,C001923,2750,2024-04-21,carrier_delay,High,Carrier route delay,Open
FUL001462,O019673,C000476,10407,2024-04-21,carrier_delay,High,Carrier route delay,Open
FUL001463,O019676,C000029,6950,2024-04-21,carrier_delay,High,Carrier route delay,Open
FUL001464,O019678,C001339,7141,2024-04-21,carrier_delay,High,Carrier route delay,Open
FUL001465,O019682,C001185,2403,2024-04-21,carrier_delay,High,Carrier route delay,Open
FUL001466,O019688,C001080,2703,2024-04-21,carrier_delay,High,Carrier route delay,Open
FUL001467,O019690,C000084,6615,2024-04-21,carrier_delay,High,Carrier route delay,Open
FUL001468,O019698,C001093,10617,2024-04-21,carrier_delay,High,Carrier route delay,Open
FUL001469,O019705,C001657,7144,2024-04-21,carrier_delay,High,Carrier route delay,Open
FUL001470,O019719,C000981,1092,2024-04-21,carrier_delay,High,Carrier route delay,Open
FUL001471,O019722,C001728,440,2024-04-21,carrier_delay,High,Carrier route delay,Open
FUL001472,O019723,C000407,4770,2024-04-21,carrier_delay,High,Carrier route delay,Open
FUL001473,O019727,C001546,512,2024-04-21,carrier_delay,High,Carrier route delay,Open
FUL001474,O019747,C000326,10185,2024-04-22,carrier_delay,High,Carrier route delay,Open
FUL001475,O019750,C001119,6023,2024-04-22,carrier_delay,High,Carrier route delay,Open
FUL001476,O019769,C001104,9887,2024-04-22,carrier_delay,High,Carrier route delay,Open
FUL001477,O019775,C001513,3980,2024-04-22,carrier_delay,High,Carrier route delay,Open
FUL001478,O019792,C000924,12213,2024-04-22,carrier_delay,High,Carrier route delay,Open
FUL001479,O019795,C000710,744,2024-04-22,carrier_delay,High,Carrier route delay,Open
FUL001480,O001980,C000478,5579,2023-08-06,carrier_delay,High,Carrier route delay,Open
FUL001481,O019803,C001834,6915,2024-04-23,carrier_delay,High,Carrier route delay,Open
FUL001482,O019805,C000145,437,2024-04-23,carrier_delay,High,Carrier route delay,Open
FUL001483,O019813,C000494,5200,2024-04-23,cancellation_review,Medium,Customer or fulfillment cancellation,Closed
FUL001484,O019820,C001994,1164,2024-04-23,carrier_delay,High,Carrier route delay,Open
FUL001485,O019825,C000312,8071,2024-04-23,carrier_delay,High,Carrier route delay,Open
FUL001486,O019840,C000012,1464,2024-04-23,carrier_delay,High,Carrier route delay,Open
FUL001487,O019842,C001316,5051,2024-04-23,carrier_delay,High,Carrier route delay,Open
FUL001488,O019867,C001305,4876,2024-04-23,carrier_delay,High,Carrier route delay,Open
FUL001489,O019880,C000489,2555,2024-04-24,carrier_delay,High,Carrier route delay,Open
FUL001490,O019885,C000568,10327,2024-04-24,carrier_delay,High,Carrier route delay,Open
FUL001491,O019895,C000502,827,2024-04-24,carrier_delay,High,Carrier route delay,Open
FUL001492,O019897,C001137,10514,2024-04-24,carrier_delay,High,Carrier route delay,Open
FUL001493,O019900,C001222,531,2024-04-24,carrier_delay,High,Carrier route delay,Open
FUL001494,O019904,C001602,8602,2024-04-24,carrier_delay,High,Carrier route delay,Open
FUL001495,O001991,C000971,242,2023-08-07,cancellation_review,Medium,Customer or fulfillment cancellation,Closed
FUL001496,O019916,C000105,6285,2024-04-24,carrier_delay,High,Carrier route delay,Open
FUL001497,O019918,C001482,10277,2024-04-24,carrier_delay,High,Carrier route delay,Open
FUL001498,O019919,C001540,5859,2024-04-24,carrier_delay,High,Carrier route delay,Open
FUL001499,O001992,C001636,3461,2023-08-07,carrier_delay,High,Carrier route delay,Open
FUL001500,O019924,C001789,8459,2024-04-24,carrier_delay,High,Carrier route delay,Open
FUL001501,O019935,C001411,11895,2024-04-24,carrier_delay,High,Carrier route delay,Open
FUL001502,O019940,C001485,11822,2024-04-25,carrier_delay,High,Carrier route delay,Open
FUL001503,O019941,C000177,3259,2024-04-25,carrier_delay,High,Carrier route delay,Open
FUL001504,O019960,C001238,12322,2024-04-25,carrier_delay,High,Carrier route delay,Open
FUL001505,O000200,C001188,11116,2023-07-11,carrier_delay,High,Carrier route delay,Open
FUL001506,O020004,C001298,2092,2024-04-25,carrier_delay,High,Carrier route delay,Open
FUL001507,O020010,C000512,11421,2024-04-26,carrier_delay,High,Carrier route delay,Open
FUL001508,O020014,C000789,7988,2024-04-26,carrier_delay,High,Carrier route delay,Open
FUL001509,O020019,C000846,2609,2024-04-26,carrier_delay,High,Carrier route delay,Open
FUL001510,O020021,C000829,5301,2024-04-26,carrier_delay,High,Carrier route delay,Open
FUL001511,O020027,C000050,10371,2024-04-26,carrier_delay,High,Carrier route delay,Open
FUL001512,O020029,C000481,10735,2024-04-26,carrier_delay,High,Carrier route delay,Open
FUL001513,O020030,C000890,11061,2024-04-26,carrier_delay,High,Carrier route delay,Open
FUL001514,O020040,C000001,791,2024-04-26,carrier_delay,High,Carrier route delay,Open
FUL001515,O020044,C001250,12321,2024-04-26,carrier_delay,High,Carrier route delay,Open
FUL001516,O020050,C001889,8180,2024-04-26,carrier_delay,High,Carrier route delay,Open
FUL001517,O020052,C000190,7717,2024-04-26,carrier_delay,High,Carrier route delay,Open
FUL001518,O020055,C001024,9517,2024-04-26,carrier_delay,High,Carrier route delay,Open
FUL001519,O020069,C000481,10735,2024-04-26,carrier_delay,High,Carrier route delay,Open
FUL001520,O020072,C001693,4279,2024-04-26,carrier_delay,High,Carrier route delay,Open
FUL001521,O020083,C001101,2157,2024-04-27,carrier_delay,High,Carrier route delay,Open
FUL001522,O002009,C000095,5582,2023-08-07,carrier_delay,High,Carrier route delay,Open
FUL001523,O020099,C001421,11929,2024-04-27,carrier_delay,High,Carrier route delay,Open
FUL001524,O020113,C000063,7631,2024-04-27,carrier_delay,High,Carrier route delay,Open
FUL001525,O020115,C001878,1232,2024-04-27,carrier_delay,High,Carrier route delay,Open
FUL001526,O020119,C000518,6898,2024-04-27,carrier_delay,High,Carrier route delay,Open
FUL001527,O002012,C001158,5165,2023-08-07,cancellation_review,Medium,Customer or fulfillment cancellation,Closed
FUL001528,O020120,C001051,10170,2024-04-27,carrier_delay,High,Carrier route delay,Open
FUL001529,O020124,C000423,6948,2024-04-27,carrier_delay,High,Carrier route delay,Open
FUL001530,O020130,C001474,296,2024-04-27,carrier_delay,High,Carrier route delay,Open
FUL001531,O002014,C000217,5875,2023-08-07,carrier_delay,High,Carrier route delay,Open
FUL001532,O020157,C000797,5672,2024-04-28,carrier_delay,High,Carrier route delay,Open
FUL001533,O020159,C000591,1544,2024-04-28,carrier_delay,High,Carrier route delay,Open
FUL001534,O020164,C000207,1445,2024-04-28,carrier_delay,High,Carrier route delay,Open
FUL001535,O020185,C000060,5053,2024-04-28,carrier_delay,High,Carrier route delay,Open
FUL001536,O020189,C001070,4916,2024-04-28,carrier_delay,High,Carrier route delay,Open
FUL001537,O020200,C001609,5431,2024-04-28,carrier_delay,High,Carrier route delay,Open
FUL001538,O020205,C001477,1882,2024-04-28,carrier_delay,High,Carrier route delay,Open
FUL001539,O020215,C001153,5564,2024-04-29,carrier_delay,High,Carrier route delay,Open
FUL001540,O020220,C001383,8949,2024-04-29,carrier_delay,High,Carrier route delay,Open
FUL001541,O020235,C001567,6734,2024-04-29,carrier_delay,High,Carrier route delay,Open
FUL001542,O020239,C000338,1014,2024-04-29,carrier_delay,High,Carrier route delay,Open
FUL001543,O020250,C001087,376,2024-04-29,carrier_delay,High,Carrier route delay,Open
FUL001544,O020254,C001054,3918,2024-04-29,carrier_delay,High,Carrier route delay,Open
FUL001545,O020259,C000089,4116,2024-04-29,carrier_delay,High,Carrier route delay,Open
FUL001546,O020275,C001578,2093,2024-04-29,carrier_delay,High,Carrier route delay,Open
FUL001547,O020293,C000122,8314,2024-04-30,carrier_delay,High,Carrier route delay,Open
FUL001548,O020295,C000477,2553,2024-04-30,carrier_delay,High,Carrier route delay,Open
FUL001549,O020302,C000993,6740,2024-04-30,carrier_delay,High,Carrier route delay,Open
FUL001550,O020307,C000592,10886,2024-04-30,carrier_delay,High,Carrier route delay,Open
FUL001551,O020310,C000784,4557,2024-04-30,carrier_delay,High,Carrier route delay,Open
FUL001552,O020319,C001393,6494,2024-04-30,carrier_delay,High,Carrier route delay,Open
FUL001553,O020320,C000751,2087,2024-04-30,carrier_delay,High,Carrier route delay,Open
FUL001554,O020333,C000024,6316,2024-04-30,carrier_delay,High,Carrier route delay,Open
FUL001555,O020334,C000061,773,2024-04-30,carrier_delay,High,Carrier route delay,Open
FUL001556,O020335,C000708,8719,2024-04-30,carrier_delay,High,Carrier route delay,Open
FUL001557,O020339,C000261,6643,2024-04-30,carrier_delay,High,Carrier route delay,Open
FUL001558,O020340,C000706,6256,2024-04-30,carrier_delay,High,Carrier route delay,Open
FUL001559,O020347,C000288,5519,2024-05-01,carrier_delay,High,Carrier route delay,Open
FUL001560,O020359,C001543,1493,2024-05-01,carrier_delay,High,Carrier route delay,Open
FUL001561,O002036,C001317,10584,2023-08-07,carrier_delay,High,Carrier route delay,Open
FUL001562,O020360,C001166,10552,2024-05-01,carrier_delay,High,Carrier route delay,Open
FUL001563,O020363,C001412,7667,2024-05-01,carrier_delay,High,Carrier route delay,Open
FUL001564,O020374,C000168,5867,2024-05-01,carrier_delay,High,Carrier route delay,Open
FUL001565,O020380,C000029,6950,2024-05-01,carrier_delay,High,Carrier route delay,Open
FUL001566,O020385,C000351,7278,2024-05-01,carrier_delay,High,Carrier route delay,Open
FUL001567,O020388,C000492,3838,2024-05-01,carrier_delay,High,Carrier route delay,Open
FUL001568,O020390,C001827,8692,2024-05-01,carrier_delay,High,Carrier route delay,Open
FUL001569,O020394,C000359,7432,2024-05-01,carrier_delay,High,Carrier route delay,Open
FUL001570,O020404,C001149,956,2024-05-01,carrier_delay,High,Carrier route delay,Open
FUL001571,O020407,C000466,8027,2024-05-01,carrier_delay,High,Carrier route delay,Open
FUL001572,O020412,C001494,8546,2024-05-01,carrier_delay,High,Carrier route delay,Open
FUL001573,O020415,C001258,1478,2024-05-01,carrier_delay,High,Carrier route delay,Open
FUL001574,O002042,C001573,3978,2023-08-07,carrier_delay,High,Carrier route delay,Open
FUL001575,O020420,C000391,5197,2024-05-02,carrier_delay,High,Carrier route delay,Open
FUL001576,O002043,C000900,9969,2023-08-07,carrier_delay,High,Carrier route delay,Open
FUL001577,O020432,C001280,11667,2024-05-02,cancellation_review,Medium,Customer or fulfillment cancellation,Closed
FUL001578,O020440,C000616,6359,2024-05-02,carrier_delay,High,Carrier route delay,Open
FUL001579,O020444,C000718,7050,2024-05-02,carrier_delay,High,Carrier route delay,Open
FUL001580,O020449,C000633,2800,2024-05-02,carrier_delay,High,Carrier route delay,Open
FUL001581,O020452,C000490,3755,2024-05-02,cancellation_review,Medium,Customer or fulfillment cancellation,Closed
FUL001582,O020460,C001216,8919,2024-05-02,carrier_delay,High,Carrier route delay,Open
FUL001583,O020494,C001043,3580,2024-05-03,carrier_delay,High,Carrier route delay,Open
FUL001584,O020504,C000067,9821,2024-05-03,carrier_delay,High,Carrier route delay,Open
FUL001585,O020519,C001197,6883,2024-05-03,carrier_delay,High,Carrier route delay,Open
FUL001586,O020524,C000202,2197,2024-05-03,carrier_delay,High,Carrier route delay,Open
FUL001587,O020525,C000811,9325,2024-05-03,carrier_delay,High,Carrier route delay,Open
FUL001588,O020532,C001241,1563,2024-05-03,carrier_delay,High,Carrier route delay,Open
FUL001589,O020535,C000393,6959,2024-05-03,carrier_delay,High,Carrier route delay,Open
FUL001590,O020539,C000128,9743,2024-05-03,carrier_delay,High,Carrier route delay,Open
FUL001591,O020540,C001581,3617,2024-05-03,carrier_delay,High,Carrier route delay,Open
FUL001592,O020546,C000536,1169,2024-05-03,carrier_delay,High,Carrier route delay,Open
FUL001593,O020560,C000080,7445,2024-05-04,carrier_delay,High,Carrier route delay,Open
FUL001594,O020564,C001637,3406,2024-05-04,carrier_delay,High,Carrier route delay,Open
FUL001595,O020575,C001234,9823,2024-05-04,carrier_delay,High,Carrier route delay,Open
FUL001596,O020588,C000857,2155,2024-05-04,carrier_delay,High,Carrier route delay,Open
FUL001597,O020599,C000327,7190,2024-05-04,carrier_delay,High,Carrier route delay,Open
FUL001598,O002060,C000563,6448,2023-08-08,cancellation_review,Medium,Customer or fulfillment cancellation,Closed
FUL001599,O020600,C000254,11738,2024-05-04,carrier_delay,High,Carrier route delay,Open
FUL001600,O020604,C001660,4750,2024-05-04,carrier_delay,High,Carrier route delay,Open
FUL001601,O020609,C001035,586,2024-05-04,carrier_delay,High,Carrier route delay,Open
FUL001602,O020618,C000098,7670,2024-05-04,carrier_delay,High,Carrier route delay,Open
FUL001603,O020619,C000496,2373,2024-05-04,carrier_delay,High,Carrier route delay,Open
FUL001604,O020620,C000223,6587,2024-05-04,carrier_delay,High,Carrier route delay,Open
FUL001605,O020630,C001593,10257,2024-05-05,cancellation_review,Medium,Customer or fulfillment cancellation,Closed
FUL001606,O020631,C001090,8754,2024-05-05,carrier_delay,High,Carrier route delay,Open
FUL001607,O020632,C000144,7358,2024-05-05,carrier_delay,High,Carrier route delay,Open
FUL001608,O020636,C000751,2087,2024-05-05,carrier_delay,High,Carrier route delay,Open
FUL001609,O020637,C001760,8437,2024-05-05,carrier_delay,High,Carrier route delay,Open
FUL001610,O020642,C000615,12189,2024-05-05,carrier_delay,High,Carrier route delay,Open
FUL001611,O020644,C000346,12235,2024-05-05,carrier_delay,High,Carrier route delay,Open
FUL001612,O002065,C001534,2319,2023-08-08,carrier_delay,High,Carrier route delay,Open
FUL001613,O020654,C001714,1008,2024-05-05,carrier_delay,High,Carrier route delay,Open
FUL001614,O020657,C000459,10653,2024-05-05,carrier_delay,High,Carrier route delay,Open
FUL001615,O020659,C000200,11475,2024-05-05,carrier_delay,High,Carrier route delay,Open
FUL001616,O020660,C000944,9704,2024-05-05,carrier_delay,High,Carrier route delay,Open
FUL001617,O020664,C000130,12039,2024-05-05,carrier_delay,High,Carrier route delay,Open
FUL001618,O020668,C001852,8550,2024-05-05,carrier_delay,High,Carrier route delay,Open
FUL001619,O020669,C001482,10277,2024-05-05,carrier_delay,High,Carrier route delay,Open
FUL001620,O002067,C000530,1739,2023-08-08,carrier_delay,High,Carrier route delay,Open
FUL001621,O020676,C000793,569,2024-05-05,carrier_delay,High,Carrier route delay,Open
FUL001622,O020677,C000105,6285,2024-05-05,carrier_delay,High,Carrier route delay,Open
FUL001623,O020678,C000955,4768,2024-05-05,carrier_delay,High,Carrier route delay,Open
FUL001624,O020679,C000398,1379,2024-05-05,carrier_delay,High,Carrier route delay,Open
FUL001625,O020689,C000641,4200,2024-05-05,carrier_delay,High,Carrier route delay,Open
FUL001626,O020694,C001071,8365,2024-05-06,carrier_delay,High,Carrier route delay,Open
FUL001627,O020699,C001350,6739,2024-05-06,carrier_delay,High,Carrier route delay,Open
FUL001628,O020700,C000168,5867,2024-05-06,carrier_delay,High,Carrier route delay,Open
FUL001629,O002071,C000068,5648,2023-08-08,carrier_delay,High,Carrier route delay,Open
FUL001630,O020724,C001083,6788,2024-05-06,carrier_delay,High,Carrier route delay,Open
FUL001631,O020729,C000925,8084,2024-05-06,carrier_delay,High,Carrier route delay,Open
FUL001632,O002073,C000086,3938,2023-08-08,carrier_delay,High,Carrier route delay,Open
FUL001633,O020734,C000689,6086,2024-05-06,carrier_delay,High,Carrier route delay,Open
FUL001634,O020735,C000795,9819,2024-05-06,carrier_delay,High,Carrier route delay,Open
FUL001635,O002074,C001063,8233,2023-08-08,carrier_delay,High,Carrier route delay,Open
FUL001636,O020740,C000737,682,2024-05-06,carrier_delay,High,Carrier route delay,Open
FUL001637,O020743,C001506,8605,2024-05-06,carrier_delay,High,Carrier route delay,Open
FUL001638,O020746,C000289,6893,2024-05-06,carrier_delay,High,Carrier route delay,Open
FUL001639,O020754,C000142,3550,2024-05-06,carrier_delay,High,Carrier route delay,Open
FUL001640,O020755,C000521,640,2024-05-06,carrier_delay,High,Carrier route delay,Open
FUL001641,O020790,C001742,2267,2024-05-07,carrier_delay,High,Carrier route delay,Open
FUL001642,O020799,C001304,10442,2024-05-07,carrier_delay,High,Carrier route delay,Open
FUL001643,O020802,C001547,7333,2024-05-07,carrier_delay,High,Carrier route delay,Open
FUL001644,O020804,C001657,7144,2024-05-07,carrier_delay,High,Carrier route delay,Open
FUL001645,O020805,C000637,8954,2024-05-07,carrier_delay,High,Carrier route delay,Open
FUL001646,O020806,C000994,10778,2024-05-07,carrier_delay,High,Carrier route delay,Open
FUL001647,O020816,C000338,1014,2024-05-07,carrier_delay,High,Carrier route delay,Open
FUL001648,O020820,C001638,8704,2024-05-07,carrier_delay,High,Carrier route delay,Open
FUL001649,O020825,C001384,1393,2024-05-07,carrier_delay,High,Carrier route delay,Open
FUL001650,O020827,C001224,8715,2024-05-08,carrier_delay,High,Carrier route delay,Open
FUL001651,O020832,C001086,4929,2024-05-08,carrier_delay,High,Carrier route delay,Open
FUL001652,O020839,C001165,5147,2024-05-08,carrier_delay,High,Carrier route delay,Open
FUL001653,O020840,C001626,8397,2024-05-08,carrier_delay,High,Carrier route delay,Open
FUL001654,O020859,C001725,1460,2024-05-08,carrier_delay,High,Carrier route delay,Open
FUL001655,O002087,C000587,7575,2023-08-08,carrier_delay,High,Carrier route delay,Open
FUL001656,O020875,C001385,4016,2024-05-08,carrier_delay,High,Carrier route delay,Open
FUL001657,O020879,C000347,9213,2024-05-08,carrier_delay,High,Carrier route delay,Open
FUL001658,O020884,C000109,4812,2024-05-08,carrier_delay,High,Carrier route delay,Open
FUL001659,O020895,C000771,11313,2024-05-09,carrier_delay,High,Carrier route delay,Open
FUL001660,O020900,C000011,5715,2024-05-09,carrier_delay,High,Carrier route delay,Open
FUL001661,O020903,C001168,11512,2024-05-09,carrier_delay,High,Carrier route delay,Open
FUL001662,O020904,C001331,3739,2024-05-09,carrier_delay,High,Carrier route delay,Open
FUL001663,O020919,C001249,383,2024-05-09,carrier_delay,High,Carrier route delay,Open
FUL001664,O020923,C000906,10118,2024-05-09,carrier_delay,High,Carrier route delay,Open
FUL001665,O020925,C001503,6416,2024-05-09,carrier_delay,High,Carrier route delay,Open
FUL001666,O020935,C000886,12301,2024-05-09,carrier_delay,High,Carrier route delay,Open
FUL001667,O020944,C001258,1478,2024-05-09,carrier_delay,High,Carrier route delay,Open
FUL001668,O020948,C001443,11032,2024-05-09,carrier_delay,High,Carrier route delay,Open
FUL001669,O020953,C001698,8554,2024-05-09,carrier_delay,High,Carrier route delay,Open
FUL001670,O020958,C000330,2462,2024-05-09,cancellation_review,Medium,Customer or fulfillment cancellation,Closed
FUL001671,O020959,C000878,2252,2024-05-09,carrier_delay,High,Carrier route delay,Open
FUL001672,O020964,C001816,821,2024-05-10,carrier_delay,High,Carrier route delay,Open
FUL001673,O020966,C001705,10952,2024-05-10,carrier_delay,High,Carrier route delay,Open
FUL001674,O020981,C000041,12285,2024-05-10,carrier_delay,High,Carrier route delay,Open
FUL001675,O020984,C000362,1937,2024-05-10,carrier_delay,High,Carrier route delay,Open
FUL001676,O020985,C001712,7893,2024-05-10,carrier_delay,High,Carrier route delay,Open
FUL001677,O020999,C000231,9502,2024-05-10,carrier_delay,High,Carrier route delay,Open
FUL001678,O021005,C001695,203,2024-05-10,carrier_delay,High,Carrier route delay,Open
FUL001679,O021010,C001379,5612,2024-05-10,carrier_delay,High,Carrier route delay,Open
FUL001680,O021015,C000235,7926,2024-05-10,carrier_delay,High,Carrier route delay,Open
FUL001681,O021023,C000457,8666,2024-05-10,cancellation_review,Medium,Customer or fulfillment cancellation,Closed
FUL001682,O021025,C001814,224,2024-05-10,carrier_delay,High,Carrier route delay,Open
FUL001683,O021028,C001920,1651,2024-05-10,carrier_delay,High,Carrier route delay,Open
FUL001684,O021034,C000684,7829,2024-05-11,carrier_delay,High,Carrier route delay,Open
FUL001685,O021041,C001439,10162,2024-05-11,cancellation_review,Medium,Customer or fulfillment cancellation,Closed
FUL001686,O021047,C001722,9813,2024-05-11,carrier_delay,High,Carrier route delay,Open
FUL001687,O021050,C000176,4627,2024-05-11,carrier_delay,High,Carrier route delay,Open
FUL001688,O021053,C000109,4812,2024-05-11,carrier_delay,High,Carrier route delay,Open
FUL001689,O021060,C001565,12102,2024-05-11,carrier_delay,High,Carrier route delay,Open
FUL001690,O021065,C000036,4781,2024-05-11,carrier_delay,High,Carrier route delay,Open
FUL001691,O021068,C000043,7218,2024-05-11,carrier_delay,High,Carrier route delay,Open
FUL001692,O002107,C000225,8522,2023-08-08,carrier_delay,High,Carrier route delay,Open
FUL001693,O021079,C001358,2325,2024-05-11,carrier_delay,High,Carrier route delay,Open
FUL001694,O021084,C001988,10226,2024-05-11,carrier_delay,High,Carrier route delay,Open
FUL001695,O021090,C001360,2727,2024-05-11,carrier_delay,High,Carrier route delay,Open
FUL001696,O021091,C000208,8861,2024-05-11,carrier_delay,High,Carrier route delay,Open
FUL001697,O021099,C001160,5775,2024-05-11,carrier_delay,High,Carrier route delay,Open
FUL001698,O021103,C000288,5519,2024-05-12,carrier_delay,High,Carrier route delay,Open
FUL001699,O021114,C000636,2844,2024-05-12,carrier_delay,High,Carrier route delay,Open
FUL001700,O021118,C000377,3498,2024-05-12,carrier_delay,High,Carrier route delay,Open
FUL001701,O021122,C001325,7986,2024-05-12,carrier_delay,High,Carrier route delay,Open
FUL001702,O021140,C000014,664,2024-05-12,carrier_delay,High,Carrier route delay,Open
FUL001703,O021160,C001511,6318,2024-05-12,carrier_delay,High,Carrier route delay,Open
FUL001704,O021172,C000935,3128,2024-05-13,carrier_delay,High,Carrier route delay,Open
FUL001705,O021184,C001016,4967,2024-05-13,carrier_delay,High,Carrier route delay,Open
FUL001706,O002120,C000460,7830,2023-08-08,carrier_delay,High,Carrier route delay,Open
FUL001707,O021219,C000970,11262,2024-05-13,carrier_delay,High,Carrier route delay,Open
FUL001708,O021220,C000292,10707,2024-05-13,carrier_delay,High,Carrier route delay,Open
FUL001709,O021221,C000244,5952,2024-05-13,carrier_delay,High,Carrier route delay,Open
FUL001710,O021239,C001023,12038,2024-05-14,carrier_delay,High,Carrier route delay,Open
FUL001711,O021243,C001192,6521,2024-05-14,carrier_delay,High,Carrier route delay,Open
FUL001712,O021248,C000886,12301,2024-05-14,carrier_delay,High,Carrier route delay,Open
FUL001713,O021260,C000993,6740,2024-05-14,carrier_delay,High,Carrier route delay,Open
FUL001714,O021263,C000215,5015,2024-05-14,carrier_delay,High,Carrier route delay,Open
FUL001715,O021269,C001919,11681,2024-05-14,carrier_delay,High,Carrier route delay,Open
FUL001716,O021271,C001927,7687,2024-05-14,carrier_delay,High,Carrier route delay,Open
FUL001717,O021272,C000865,5971,2024-05-14,carrier_delay,High,Carrier route delay,Open
FUL001718,O021283,C000618,7802,2024-05-14,carrier_delay,High,Carrier route delay,Open
FUL001719,O021288,C001721,8086,2024-05-14,carrier_delay,High,Carrier route delay,Open
FUL001720,O021299,C001423,6178,2024-05-14,carrier_delay,High,Carrier route delay,Open
FUL001721,O021309,C001409,11801,2024-05-15,carrier_delay,High,Carrier route delay,Open
FUL001722,O021311,C000437,2514,2024-05-15,carrier_delay,High,Carrier route delay,Open
FUL001723,O021314,C001428,9912,2024-05-15,carrier_delay,High,Carrier route delay,Open
FUL001724,O021319,C001433,2453,2024-05-15,carrier_delay,High,Carrier route delay,Open
FUL001725,O021344,C001068,9197,2024-05-15,carrier_delay,High,Carrier route delay,Open
FUL001726,O021350,C000816,2942,2024-05-15,carrier_delay,High,Carrier route delay,Open
FUL001727,O021359,C001346,5797,2024-05-15,cancellation_review,Medium,Customer or fulfillment cancellation,Closed
FUL001728,O021365,C001305,4876,2024-05-15,carrier_delay,High,Carrier route delay,Open
FUL001729,O021374,C000231,9502,2024-05-15,carrier_delay,High,Carrier route delay,Open
FUL001730,O021375,C000162,3889,2024-05-16,cancellation_review,Medium,Customer or fulfillment cancellation,Closed
FUL001731,O021383,C001441,10165,2024-05-16,carrier_delay,High,Carrier route delay,Open
FUL001732,O021394,C001021,10545,2024-05-16,carrier_delay,High,Carrier route delay,Open
FUL001733,O000214,C001295,3925,2023-07-12,carrier_delay,High,Carrier route delay,Open
FUL001734,O021403,C001340,10022,2024-05-16,cancellation_review,Medium,Customer or fulfillment cancellation,Closed
FUL001735,O021411,C001648,175,2024-05-16,carrier_delay,High,Carrier route delay,Open
FUL001736,O021414,C000719,6350,2024-05-16,carrier_delay,High,Carrier route delay,Open
FUL001737,O021422,C001910,4107,2024-05-16,carrier_delay,High,Carrier route delay,Open
FUL001738,O021430,C001234,9823,2024-05-16,carrier_delay,High,Carrier route delay,Open
FUL001739,O021434,C000809,245,2024-05-16,carrier_delay,High,Carrier route delay,Open
FUL001740,O021435,C001940,6767,2024-05-16,carrier_delay,High,Carrier route delay,Open
FUL001741,O021454,C001276,3631,2024-05-17,carrier_delay,High,Carrier route delay,Open
FUL001742,O021458,C000538,1804,2024-05-17,carrier_delay,High,Carrier route delay,Open
FUL001743,O021459,C001722,9813,2024-05-17,carrier_delay,High,Carrier route delay,Open
FUL001744,O021470,C000821,3074,2024-05-17,carrier_delay,High,Carrier route delay,Open
FUL001745,O021474,C001451,6287,2024-05-17,carrier_delay,High,Carrier route delay,Open
FUL001746,O021482,C001210,2111,2024-05-17,cancellation_review,Medium,Customer or fulfillment cancellation,Closed
FUL001747,O021505,C000660,2384,2024-05-17,carrier_delay,High,Carrier route delay,Open
FUL001748,O021515,C001288,927,2024-05-18,carrier_delay,High,Carrier route delay,Open
FUL001749,O021524,C000509,6092,2024-05-18,cancellation_review,Medium,Customer or fulfillment cancellation,Closed
FUL001750,O021530,C001691,7705,2024-05-18,carrier_delay,High,Carrier route delay,Open
FUL001751,O021539,C001682,10678,2024-05-18,cancellation_review,Medium,Customer or fulfillment cancellation,Closed
FUL001752,O002155,C000002,9371,2023-08-09,carrier_delay,High,Carrier route delay,Open
FUL001753,O021559,C001279,3316,2024-05-18,carrier_delay,High,Carrier route delay,Open
FUL001754,O021562,C001112,10620,2024-05-18,carrier_delay,High,Carrier route delay,Open
FUL001755,O021564,C000527,9971,2024-05-18,carrier_delay,High,Carrier route delay,Open
FUL001756,O021570,C000665,10398,2024-05-18,carrier_delay,High,Carrier route delay,Open
FUL001757,O021577,C000941,6307,2024-05-18,carrier_delay,High,Carrier route delay,Open
FUL001758,O021584,C000593,4318,2024-05-19,carrier_delay,High,Carrier route delay,Open
FUL001759,O021597,C000165,4539,2024-05-19,carrier_delay,High,Carrier route delay,Open
FUL001760,O021600,C000601,801,2024-05-19,carrier_delay,High,Carrier route delay,Open
FUL001761,O021605,C001238,12322,2024-05-19,carrier_delay,High,Carrier route delay,Open
FUL001762,O021619,C000132,11426,2024-05-19,carrier_delay,High,Carrier route delay,Open
FUL001763,O021627,C001759,4079,2024-05-19,carrier_delay,High,Carrier route delay,Open
FUL001764,O021635,C000346,12235,2024-05-19,carrier_delay,High,Carrier route delay,Open
FUL001765,O021640,C001793,19,2024-05-19,carrier_delay,High,Carrier route delay,Open
FUL001766,O021645,C000683,2335,2024-05-19,carrier_delay,High,Carrier route delay,Open
FUL001767,O021649,C000899,1685,2024-05-20,carrier_delay,High,Carrier route delay,Open
FUL001768,O021654,C000121,3554,2024-05-20,carrier_delay,High,Carrier route delay,Open
FUL001769,O021659,C000365,3529,2024-05-20,carrier_delay,High,Carrier route delay,Open
FUL001770,O021662,C000047,5691,2024-05-20,carrier_delay,High,Carrier route delay,Open
FUL001771,O021667,C000357,3099,2024-05-20,carrier_delay,High,Carrier route delay,Open
FUL001772,O021675,C001489,1172,2024-05-20,carrier_delay,High,Carrier route delay,Open
FUL001773,O021679,C000675,1373,2024-05-20,carrier_delay,High,Carrier route delay,Open
FUL001774,O021687,C000752,1627,2024-05-20,carrier_delay,High,Carrier route delay,Open
FUL001775,O021689,C000128,9743,2024-05-20,carrier_delay,High,Carrier route delay,Open
FUL001776,O021690,C001029,7980,2024-05-20,carrier_delay,High,Carrier route delay,Open
FUL001777,O021699,C000441,11755,2024-05-20,carrier_delay,High,Carrier route delay,Open
FUL001778,O021700,C001619,7465,2024-05-20,carrier_delay,High,Carrier route delay,Open
FUL001779,O021701,C000549,2528,2024-05-20,carrier_delay,High,Carrier route delay,Open
FUL001780,O021710,C000474,5549,2024-05-20,carrier_delay,High,Carrier route delay,Open
FUL001781,O021712,C000383,5395,2024-05-20,carrier_delay,High,Carrier route delay,Open
FUL001782,O021714,C000595,10965,2024-05-20,carrier_delay,High,Carrier route delay,Open
FUL001783,O021725,C000677,4667,2024-05-21,carrier_delay,High,Carrier route delay,Open
FUL001784,O021726,C001526,831,2024-05-21,cancellation_review,Medium,Customer or fulfillment cancellation,Closed
FUL001785,O002173,C000208,8861,2023-08-09,carrier_delay,High,Carrier route delay,Open
FUL001786,O021735,C000812,4863,2024-05-21,carrier_delay,High,Carrier route delay,Open
FUL001787,O021744,C001772,1773,2024-05-21,carrier_delay,High,Carrier route delay,Open
FUL001788,O021769,C000247,10375,2024-05-21,carrier_delay,High,Carrier route delay,Open
FUL001789,O021778,C001474,296,2024-05-21,carrier_delay,High,Carrier route delay,Open
FUL001790,O021781,C001583,11618,2024-05-21,carrier_delay,High,Carrier route delay,Open
FUL001791,O021799,C000655,7176,2024-05-22,carrier_delay,High,Carrier route delay,Open
FUL001792,O021811,C000548,9586,2024-05-22,carrier_delay,High,Carrier route delay,Open
FUL001793,O021813,C001302,2783,2024-05-22,carrier_delay,High,Carrier route delay,Open
FUL001794,O021814,C000307,3781,2024-05-22,carrier_delay,High,Carrier route delay,Open
FUL001795,O002182,C001101,2157,2023-08-09,carrier_delay,High,Carrier route delay,Open
FUL001796,O021820,C000994,10778,2024-05-22,carrier_delay,High,Carrier route delay,Open
FUL001797,O021824,C001914,12115,2024-05-22,carrier_delay,High,Carrier route delay,Open
FUL001798,O021828,C001392,6724,2024-05-22,carrier_delay,High,Carrier route delay,Open
FUL001799,O021839,C000234,6101,2024-05-22,carrier_delay,High,Carrier route delay,Open
FUL001800,O021845,C000199,12406,2024-05-22,carrier_delay,High,Carrier route delay,Open
FUL001801,O021849,C001328,8298,2024-05-22,carrier_delay,High,Carrier route delay,Open
FUL001802,O021852,C001882,5276,2024-05-22,cancellation_review,Medium,Customer or fulfillment cancellation,Closed
FUL001803,O021855,C000292,10707,2024-05-23,carrier_delay,High,Carrier route delay,Open
FUL001804,O021864,C000046,1492,2024-05-23,carrier_delay,High,Carrier route delay,Open
FUL001805,O021869,C000101,12226,2024-05-23,carrier_delay,High,Carrier route delay,Open
FUL001806,O002187,C001790,4567,2023-08-09,carrier_delay,High,Carrier route delay,Open
FUL001807,O021879,C001900,3574,2024-05-23,carrier_delay,High,Carrier route delay,Open
FUL001808,O021890,C001303,3660,2024-05-23,carrier_delay,High,Carrier route delay,Open
FUL001809,O021910,C000369,9153,2024-05-23,carrier_delay,High,Carrier route delay,Open
FUL001810,O021918,C000774,9785,2024-05-23,carrier_delay,High,Carrier route delay,Open
FUL001811,O021920,C000621,4704,2024-05-23,carrier_delay,High,Carrier route delay,Open
FUL001812,O021929,C001320,6003,2024-05-24,carrier_delay,High,Carrier route delay,Open
FUL001813,O021935,C001606,3464,2024-05-24,carrier_delay,High,Carrier route delay,Open
FUL001814,O021940,C000588,10849,2024-05-24,carrier_delay,High,Carrier route delay,Open
FUL001815,O021949,C000048,5217,2024-05-24,carrier_delay,High,Carrier route delay,Open
FUL001816,O002195,C000471,679,2023-08-10,carrier_delay,High,Carrier route delay,Open
FUL001817,O021954,C001007,8398,2024-05-24,carrier_delay,High,Carrier route delay,Open
FUL001818,O021976,C001010,8220,2024-05-24,cancellation_review,Medium,Customer or fulfillment cancellation,Closed
FUL001819,O021983,C001040,1624,2024-05-24,carrier_delay,High,Carrier route delay,Open
FUL001820,O000220,C001336,1383,2023-07-12,carrier_delay,High,Carrier route delay,Open
FUL001821,O022019,C000054,9494,2024-05-25,carrier_delay,High,Carrier route delay,Open
FUL001822,O022026,C000013,10235,2024-05-25,carrier_delay,High,Carrier route delay,Open
FUL001823,O022027,C000068,5648,2024-05-25,carrier_delay,High,Carrier route delay,Open
FUL001824,O022030,C000294,1578,2024-05-25,carrier_delay,High,Carrier route delay,Open
FUL001825,O022035,C001180,1871,2024-05-25,carrier_delay,High,Carrier route delay,Open
FUL001826,O002204,C000108,7417,2023-08-10,carrier_delay,High,Carrier route delay,Open
FUL001827,O022040,C000840,455,2024-05-25,carrier_delay,High,Carrier route delay,Open
FUL001828,O022044,C001692,12018,2024-05-25,carrier_delay,High,Carrier route delay,Open
FUL001829,O022047,C001067,6759,2024-05-25,carrier_delay,High,Carrier route delay,Open
FUL001830,O022051,C001117,6165,2024-05-25,cancellation_review,Medium,Customer or fulfillment cancellation,Closed
FUL001831,O022061,C000772,40,2024-05-26,carrier_delay,High,Carrier route delay,Open
FUL001832,O022064,C000285,12094,2024-05-26,carrier_delay,High,Carrier route delay,Open
FUL001833,O022080,C001995,9670,2024-05-26,carrier_delay,High,Carrier route delay,Open
FUL001834,O022094,C000745,4721,2024-05-26,carrier_delay,High,Carrier route delay,Open
FUL001835,O022104,C001928,1094,2024-05-26,carrier_delay,High,Carrier route delay,Open
FUL001836,O022105,C001955,2654,2024-05-26,carrier_delay,High,Carrier route delay,Open
FUL001837,O022107,C001584,8539,2024-05-26,carrier_delay,High,Carrier route delay,Open
FUL001838,O022108,C001353,5300,2024-05-26,carrier_delay,High,Carrier route delay,Open
FUL001839,O022115,C001899,1574,2024-05-26,carrier_delay,High,Carrier route delay,Open
FUL001840,O022121,C001242,2469,2024-05-26,carrier_delay,High,Carrier route delay,Open
FUL001841,O022125,C001958,4523,2024-05-26,carrier_delay,High,Carrier route delay,Open
FUL001842,O022130,C000796,771,2024-05-27,carrier_delay,High,Carrier route delay,Open
FUL001843,O022134,C001117,6165,2024-05-27,carrier_delay,High,Carrier route delay,Open
FUL001844,O022135,C001764,5999,2024-05-27,carrier_delay,High,Carrier route delay,Open
FUL001845,O022140,C001964,8136,2024-05-27,carrier_delay,High,Carrier route delay,Open
FUL001846,O022147,C000559,5190,2024-05-27,carrier_delay,High,Carrier route delay,Open
FUL001847,O022148,C000230,5583,2024-05-27,carrier_delay,High,Carrier route delay,Open
FUL001848,O022154,C000660,2384,2024-05-27,carrier_delay,High,Carrier route delay,Open
FUL001849,O022155,C000318,11884,2024-05-27,carrier_delay,High,Carrier route delay,Open
FUL001850,O022159,C000328,4697,2024-05-27,carrier_delay,High,Carrier route delay,Open
FUL001851,O022160,C000677,4667,2024-05-27,carrier_delay,High,Carrier route delay,Open
FUL001852,O022169,C000795,9819,2024-05-27,carrier_delay,High,Carrier route delay,Open
FUL001853,O022173,C001480,5683,2024-05-27,carrier_delay,High,Carrier route delay,Open
FUL001854,O022175,C001046,9721,2024-05-27,carrier_delay,High,Carrier route delay,Open
FUL001855,O022182,C000306,6130,2024-05-27,carrier_delay,High,Carrier route delay,Open
FUL001856,O022199,C000220,2220,2024-05-28,carrier_delay,High,Carrier route delay,Open
FUL001857,O022211,C000372,4514,2024-05-28,carrier_delay,High,Carrier route delay,Open
FUL001858,O022218,C000467,1658,2024-05-28,carrier_delay,High,Carrier route delay,Open
FUL001859,O022220,C000867,7186,2024-05-28,carrier_delay,High,Carrier route delay,Open
FUL001860,O022229,C000197,4394,2024-05-28,carrier_delay,High,Carrier route delay,Open
FUL001861,O022231,C000660,2384,2024-05-28,carrier_delay,High,Carrier route delay,Open
FUL001862,O002224,C000509,6092,2023-08-10,carrier_delay,High,Carrier route delay,Open
FUL001863,O022244,C000232,7852,2024-05-28,carrier_delay,High,Carrier route delay,Open
FUL001864,O022246,C000692,972,2024-05-28,carrier_delay,High,Carrier route delay,Open
FUL001865,O022247,C000754,11700,2024-05-28,carrier_delay,High,Carrier route delay,Open
FUL001866,O022253,C001523,2121,2024-05-28,carrier_delay,High,Carrier route delay,Open
FUL001867,O022255,C001645,8631,2024-05-28,carrier_delay,High,Carrier route delay,Open
FUL001868,O022258,C001744,9932,2024-05-28,carrier_delay,High,Carrier route delay,Open
FUL001869,O022260,C001738,321,2024-05-28,carrier_delay,High,Carrier route delay,Open
FUL001870,O022266,C000397,5755,2024-05-29,cancellation_review,Medium,Customer or fulfillment cancellation,Closed
FUL001871,O022269,C000964,11806,2024-05-29,carrier_delay,High,Carrier route delay,Open
FUL001872,O022270,C000511,3471,2024-05-29,carrier_delay,High,Carrier route delay,Open
FUL001873,O022271,C001129,11765,2024-05-29,carrier_delay,High,Carrier route delay,Open
FUL001874,O022279,C000125,3879,2024-05-29,carrier_delay,High,Carrier route delay,Open
FUL001875,O022284,C000027,2774,2024-05-29,carrier_delay,High,Carrier route delay,Open
FUL001876,O022294,C000346,12235,2024-05-29,carrier_delay,High,Carrier route delay,Open
FUL001877,O022308,C001675,5852,2024-05-29,carrier_delay,High,Carrier route delay,Open
FUL001878,O022317,C001305,4876,2024-05-29,carrier_delay,High,Carrier route delay,Open
FUL001879,O022320,C001627,3752,2024-05-29,carrier_delay,High,Carrier route delay,Open
FUL001880,O022324,C000487,4013,2024-05-29,carrier_delay,High,Carrier route delay,Open
FUL001881,O022349,C000925,8084,2024-05-30,cancellation_review,Medium,Customer or fulfillment cancellation,Closed
FUL001882,O022350,C001672,9754,2024-05-30,carrier_delay,High,Carrier route delay,Open
FUL001883,O022352,C000328,4697,2024-05-30,carrier_delay,High,Carrier route delay,Open
FUL001884,O022355,C001528,9830,2024-05-30,carrier_delay,High,Carrier route delay,Open
FUL001885,O022364,C000315,1979,2024-05-30,carrier_delay,High,Carrier route delay,Open
FUL001886,O022374,C001401,4758,2024-05-30,carrier_delay,High,Carrier route delay,Open
FUL001887,O022379,C000865,5971,2024-05-30,carrier_delay,High,Carrier route delay,Open
FUL001888,O022384,C000023,1443,2024-05-30,carrier_delay,High,Carrier route delay,Open
FUL001889,O022397,C000667,5085,2024-05-30,carrier_delay,High,Carrier route delay,Open
FUL001890,O022417,C000212,4659,2024-05-31,carrier_delay,High,Carrier route delay,Open
FUL001891,O022423,C001483,12187,2024-05-31,carrier_delay,High,Carrier route delay,Open
FUL001892,O022425,C000966,4320,2024-05-31,carrier_delay,High,Carrier route delay,Open
FUL001893,O022428,C001583,11618,2024-05-31,carrier_delay,High,Carrier route delay,Open
FUL001894,O022435,C001936,6425,2024-05-31,carrier_delay,High,Carrier route delay,Open
FUL001895,O022445,C001694,6187,2024-05-31,carrier_delay,High,Carrier route delay,Open
FUL001896,O002245,C001411,11895,2023-08-10,carrier_delay,High,Carrier route delay,Open
FUL001897,O022451,C000482,8895,2024-05-31,carrier_delay,High,Carrier route delay,Open
FUL001898,O022452,C001349,9302,2024-05-31,carrier_delay,High,Carrier route delay,Open
FUL001899,O022465,C000198,11534,2024-05-31,carrier_delay,High,Carrier route delay,Open
FUL001900,O002248,C001172,7593,2023-08-10,carrier_delay,High,Carrier route delay,Open
FUL001901,O022480,C000271,6213,2024-06-01,carrier_delay,High,Carrier route delay,Open
FUL001902,O002249,C000766,1106,2023-08-10,carrier_delay,High,Carrier route delay,Open
FUL001903,O022494,C000732,8930,2024-06-01,carrier_delay,High,Carrier route delay,Open
FUL001904,O000225,C000904,11275,2023-07-12,carrier_delay,High,Carrier route delay,Open
FUL001905,O022500,C001370,9126,2024-06-01,carrier_delay,High,Carrier route delay,Open
FUL001906,O022515,C001370,9126,2024-06-01,carrier_delay,High,Carrier route delay,Open
FUL001907,O022524,C001456,3197,2024-06-01,carrier_delay,High,Carrier route delay,Open
FUL001908,O022525,C000516,1989,2024-06-01,carrier_delay,High,Carrier route delay,Open
FUL001909,O022527,C001289,6179,2024-06-01,carrier_delay,High,Carrier route delay,Open
FUL001910,O022539,C000364,10982,2024-06-02,carrier_delay,High,Carrier route delay,Open
FUL001911,O022540,C000316,9833,2024-06-02,carrier_delay,High,Carrier route delay,Open
FUL001912,O022558,C000036,4781,2024-06-02,carrier_delay,High,Carrier route delay,Open
FUL001913,O022559,C001912,3968,2024-06-02,carrier_delay,High,Carrier route delay,Open
FUL001914,O022564,C001135,4005,2024-06-02,carrier_delay,High,Carrier route delay,Open
FUL001915,O022580,C001016,4967,2024-06-02,carrier_delay,High,Carrier route delay,Open
FUL001916,O022589,C000649,9077,2024-06-02,carrier_delay,High,Carrier route delay,Open
FUL001917,O002259,C001208,6356,2023-08-10,carrier_delay,High,Carrier route delay,Open
FUL001918,O022591,C000548,9586,2024-06-02,carrier_delay,High,Carrier route delay,Open
FUL001919,O022593,C000425,6110,2024-06-02,carrier_delay,High,Carrier route delay,Open
FUL001920,O022596,C000828,5946,2024-06-02,cancellation_review,Medium,Customer or fulfillment cancellation,Closed
FUL001921,O000226,C001025,9356,2023-07-12,carrier_delay,High,Carrier route delay,Open
FUL001922,O002261,C000051,341,2023-08-10,carrier_delay,High,Carrier route delay,Open
FUL001923,O022614,C000665,10398,2024-06-03,carrier_delay,High,Carrier route delay,Open
FUL001924,O022627,C001029,7980,2024-06-03,carrier_delay,High,Carrier route delay,Open
FUL001925,O022635,C000187,1537,2024-06-03,carrier_delay,High,Carrier route delay,Open
FUL001926,O002264,C001152,5388,2023-08-11,cancellation_review,Medium,Customer or fulfillment cancellation,Closed
FUL001927,O022643,C001270,3595,2024-06-03,carrier_delay,High,Carrier route delay,Open
FUL001928,O022653,C000788,3020,2024-06-03,carrier_delay,High,Carrier route delay,Open
FUL001929,O022659,C001986,5951,2024-06-03,carrier_delay,High,Carrier route delay,Open
FUL001930,O022677,C001408,7595,2024-06-04,cancellation_review,Medium,Customer or fulfillment cancellation,Closed
FUL001931,O022685,C000414,5570,2024-06-04,carrier_delay,High,Carrier route delay,Open
FUL001932,O022689,C001104,9887,2024-06-04,carrier_delay,High,Carrier route delay,Open
FUL001933,O002269,C001877,4674,2023-08-11,carrier_delay,High,Carrier route delay,Open
FUL001934,O022698,C000857,2155,2024-06-04,carrier_delay,High,Carrier route delay,Open
FUL001935,O022723,C000468,2872,2024-06-04,carrier_delay,High,Carrier route delay,Open
FUL001936,O002274,C000263,6137,2023-08-11,carrier_delay,High,Carrier route delay,Open
FUL001937,O022740,C001714,1008,2024-06-04,carrier_delay,High,Carrier route delay,Open
FUL001938,O022744,C000745,4721,2024-06-04,carrier_delay,High,Carrier route delay,Open
FUL001939,O022757,C001021,10545,2024-06-05,carrier_delay,High,Carrier route delay,Open
FUL001940,O022767,C000779,4258,2024-06-05,carrier_delay,High,Carrier route delay,Open
FUL001941,O022769,C001303,3660,2024-06-05,carrier_delay,High,Carrier route delay,Open
FUL001942,O022770,C001372,9609,2024-06-05,carrier_delay,High,Carrier route delay,Open
FUL001943,O022775,C000528,335,2024-06-05,carrier_delay,High,Carrier route delay,Open
FUL001944,O022777,C000211,11985,2024-06-05,carrier_delay,High,Carrier route delay,Open
FUL001945,O022783,C000043,7218,2024-06-05,carrier_delay,High,Carrier route delay,Open
FUL001946,O022789,C000763,847,2024-06-05,carrier_delay,High,Carrier route delay,Open
FUL001947,O022799,C000651,2071,2024-06-05,carrier_delay,High,Carrier route delay,Open
FUL001948,O022802,C001370,9126,2024-06-05,carrier_delay,High,Carrier route delay,Open
FUL001949,O022804,C001610,5129,2024-06-05,carrier_delay,High,Carrier route delay,Open
FUL001950,O022805,C000633,2800,2024-06-05,carrier_delay,High,Carrier route delay,Open
FUL001951,O022807,C000230,5583,2024-06-05,carrier_delay,High,Carrier route delay,Open
FUL001952,O022810,C000531,8613,2024-06-05,carrier_delay,High,Carrier route delay,Open
FUL001953,O022812,C000025,12431,2024-06-05,carrier_delay,High,Carrier route delay,Open
FUL001954,O022822,C000428,8812,2024-06-06,carrier_delay,High,Carrier route delay,Open
FUL001955,O022824,C000658,10916,2024-06-06,carrier_delay,High,Carrier route delay,Open
FUL001956,O022834,C000518,6898,2024-06-06,cancellation_review,Medium,Customer or fulfillment cancellation,Closed
FUL001957,O022849,C001489,1172,2024-06-06,carrier_delay,High,Carrier route delay,Open
FUL001958,O022870,C000477,2553,2024-06-06,carrier_delay,High,Carrier route delay,Open
FUL001959,O022874,C001494,8546,2024-06-06,carrier_delay,High,Carrier route delay,Open
FUL001960,O022887,C000953,7016,2024-06-07,carrier_delay,High,Carrier route delay,Open
FUL001961,O022889,C001788,9572,2024-06-07,carrier_delay,High,Carrier route delay,Open
FUL001962,O022899,C001477,1882,2024-06-07,cancellation_review,Medium,Customer or fulfillment cancellation,Closed
FUL001963,O002290,C001126,5594,2023-08-11,carrier_delay,High,Carrier route delay,Open
FUL001964,O022903,C001550,8381,2024-06-07,carrier_delay,High,Carrier route delay,Open
FUL001965,O022915,C000997,4698,2024-06-07,carrier_delay,High,Carrier route delay,Open
FUL001966,O002292,C000212,4659,2023-08-11,carrier_delay,High,Carrier route delay,Open
FUL001967,O022924,C000944,9704,2024-06-07,carrier_delay,High,Carrier route delay,Open
FUL001968,O022925,C000975,9560,2024-06-07,cancellation_review,Medium,Customer or fulfillment cancellation,Closed
FUL001969,O022929,C000701,4939,2024-06-07,carrier_delay,High,Carrier route delay,Open
FUL001970,O022933,C000708,8719,2024-06-07,carrier_delay,High,Carrier route delay,Open
FUL001971,O022935,C000624,6060,2024-06-07,carrier_delay,High,Carrier route delay,Open
FUL001972,O002294,C001665,4795,2023-08-11,carrier_delay,High,Carrier route delay,Open
FUL001973,O022944,C000848,1225,2024-06-07,carrier_delay,High,Carrier route delay,Open
FUL001974,O022976,C000288,5519,2024-06-08,carrier_delay,High,Carrier route delay,Open
FUL001975,O022994,C001333,7318,2024-06-08,carrier_delay,High,Carrier route delay,Open
FUL001976,O023009,C000940,11630,2024-06-08,carrier_delay,High,Carrier route delay,Open
FUL001977,O023010,C000635,4464,2024-06-08,carrier_delay,High,Carrier route delay,Open
FUL001978,O023014,C000388,9590,2024-06-08,carrier_delay,High,Carrier route delay,Open
FUL001979,O023015,C000427,5013,2024-06-08,carrier_delay,High,Carrier route delay,Open
FUL001980,O023017,C001670,5731,2024-06-08,carrier_delay,High,Carrier route delay,Open
FUL001981,O023025,C001125,4815,2024-06-09,carrier_delay,High,Carrier route delay,Open
FUL001982,O023027,C001017,1365,2024-06-09,carrier_delay,High,Carrier route delay,Open
FUL001983,O023030,C001597,6834,2024-06-09,carrier_delay,High,Carrier route delay,Open
FUL001984,O023038,C000997,4698,2024-06-09,carrier_delay,High,Carrier route delay,Open
FUL001985,O002304,C001476,6253,2023-08-11,carrier_delay,High,Carrier route delay,Open
FUL001986,O023047,C000971,242,2024-06-09,carrier_delay,High,Carrier route delay,Open
FUL001987,O023054,C000861,1806,2024-06-09,carrier_delay,High,Carrier route delay,Open
FUL001988,O023078,C000932,11662,2024-06-09,cancellation_review,Medium,Customer or fulfillment cancellation,Closed
FUL001989,O023080,C000685,9432,2024-06-09,carrier_delay,High,Carrier route delay,Open
FUL001990,O023091,C000743,8800,2024-06-10,cancellation_review,Medium,Customer or fulfillment cancellation,Closed
FUL001991,O023094,C001521,9514,2024-06-10,carrier_delay,High,Carrier route delay,Open
FUL001992,O002310,C001868,10885,2023-08-11,carrier_delay,High,Carrier route delay,Open
FUL001993,O023103,C000209,7633,2024-06-10,carrier_delay,High,Carrier route delay,Open
FUL001994,O023104,C000431,5097,2024-06-10,carrier_delay,High,Carrier route delay,Open
FUL001995,O023110,C001427,3428,2024-06-10,carrier_delay,High,Carrier route delay,Open
FUL001996,O023112,C000181,10111,2024-06-10,carrier_delay,High,Carrier route delay,Open
FUL001997,O023114,C000542,4008,2024-06-10,carrier_delay,High,Carrier route delay,Open
FUL001998,O023118,C001077,5660,2024-06-10,carrier_delay,High,Carrier route delay,Open
FUL001999,O023124,C000459,10653,2024-06-10,carrier_delay,High,Carrier route delay,Open
FUL002000,O023133,C001968,8091,2024-06-10,carrier_delay,High,Carrier route delay,Open
FUL002001,O023135,C001827,8692,2024-06-10,carrier_delay,High,Carrier route delay,Open
FUL002002,O023137,C001471,6407,2024-06-10,carrier_delay,High,Carrier route delay,Open
FUL002003,O023145,C001116,8300,2024-06-10,carrier_delay,High,Carrier route delay,Open
FUL002004,O023150,C000561,3136,2024-06-10,carrier_delay,High,Carrier route delay,Open
FUL002005,O023155,C000510,10559,2024-06-10,carrier_delay,High,Carrier route delay,Open
FUL002006,O023157,C001033,3033,2024-06-11,carrier_delay,High,Carrier route delay,Open
FUL002007,O023159,C000735,4904,2024-06-11,carrier_delay,High,Carrier route delay,Open
FUL002008,O023163,C001117,6165,2024-06-11,carrier_delay,High,Carrier route delay,Open
FUL002009,O023164,C000105,6285,2024-06-11,carrier_delay,High,Carrier route delay,Open
FUL002010,O023165,C000885,4907,2024-06-11,carrier_delay,High,Carrier route delay,Open
FUL002011,O023175,C001776,8430,2024-06-11,carrier_delay,High,Carrier route delay,Open
FUL002012,O023186,C000371,3337,2024-06-11,carrier_delay,High,Carrier route delay,Open
FUL002013,O002319,C001315,11005,2023-08-11,carrier_delay,High,Carrier route delay,Open
FUL002014,O023214,C000365,3529,2024-06-11,carrier_delay,High,Carrier route delay,Open
FUL002015,O023219,C000280,4588,2024-06-11,carrier_delay,High,Carrier route delay,Open
FUL002016,O023223,C000036,4781,2024-06-11,carrier_delay,High,Carrier route delay,Open
FUL002017,O023225,C001854,1473,2024-06-12,cancellation_review,Medium,Customer or fulfillment cancellation,Closed
FUL002018,O023238,C001745,3189,2024-06-12,cancellation_review,Medium,Customer or fulfillment cancellation,Closed
FUL002019,O002325,C000651,2071,2023-08-11,cancellation_review,Medium,Customer or fulfillment cancellation,Closed
FUL002020,O023279,C000020,7200,2024-06-12,carrier_delay,High,Carrier route delay,Open
FUL002021,O023284,C000751,2087,2024-06-12,carrier_delay,High,Carrier route delay,Open
FUL002022,O023285,C001977,11672,2024-06-12,carrier_delay,High,Carrier route delay,Open
FUL002023,O023289,C000428,8812,2024-06-12,carrier_delay,High,Carrier route delay,Open
FUL002024,O023290,C001608,4275,2024-06-12,carrier_delay,High,Carrier route delay,Open
FUL002025,O023302,C001749,1748,2024-06-13,cancellation_review,Medium,Customer or fulfillment cancellation,Closed
FUL002026,O023317,C000680,2893,2024-06-13,carrier_delay,High,Carrier route delay,Open
FUL002027,O023323,C001273,2960,2024-06-13,carrier_delay,High,Carrier route delay,Open
FUL002028,O023335,C000089,4116,2024-06-13,carrier_delay,High,Carrier route delay,Open
FUL002029,O023338,C000047,5691,2024-06-13,carrier_delay,High,Carrier route delay,Open
FUL002030,O023347,C000202,2197,2024-06-13,carrier_delay,High,Carrier route delay,Open
FUL002031,O023352,C000656,11224,2024-06-13,carrier_delay,High,Carrier route delay,Open
FUL002032,O023353,C000278,4599,2024-06-13,carrier_delay,High,Carrier route delay,Open
FUL002033,O023354,C000379,3603,2024-06-13,carrier_delay,High,Carrier route delay,Open
FUL002034,O023357,C000028,1011,2024-06-13,carrier_delay,High,Carrier route delay,Open
FUL002035,O023362,C001993,11411,2024-06-14,carrier_delay,High,Carrier route delay,Open
FUL002036,O023364,C000739,5068,2024-06-14,carrier_delay,High,Carrier route delay,Open
FUL002037,O023377,C000888,11678,2024-06-14,carrier_delay,High,Carrier route delay,Open
FUL002038,O023389,C000315,1979,2024-06-14,carrier_delay,High,Carrier route delay,Open
FUL002039,O023393,C000426,8971,2024-06-14,carrier_delay,High,Carrier route delay,Open
FUL002040,O023400,C000732,8930,2024-06-14,carrier_delay,High,Carrier route delay,Open
FUL002041,O023404,C001432,3066,2024-06-14,carrier_delay,High,Carrier route delay,Open
FUL002042,O023406,C001953,2676,2024-06-14,cancellation_review,Medium,Customer or fulfillment cancellation,Closed
FUL002043,O023413,C001840,2857,2024-06-14,carrier_delay,High,Carrier route delay,Open
FUL002044,O023415,C000646,7616,2024-06-14,cancellation_review,Medium,Customer or fulfillment cancellation,Closed
FUL002045,O023418,C001027,7005,2024-06-14,carrier_delay,High,Carrier route delay,Open
FUL002046,O023425,C000874,9967,2024-06-14,cancellation_review,Medium,Customer or fulfillment cancellation,Closed
FUL002047,O023434,C001598,2321,2024-06-15,carrier_delay,High,Carrier route delay,Open
FUL002048,O023435,C001967,7160,2024-06-15,carrier_delay,High,Carrier route delay,Open
FUL002049,O023437,C001745,3189,2024-06-15,cancellation_review,Medium,Customer or fulfillment cancellation,Closed
FUL002050,O023439,C001321,12365,2024-06-15,carrier_delay,High,Carrier route delay,Open
FUL002051,O002344,C000064,898,2023-08-12,carrier_delay,High,Carrier route delay,Open
FUL002052,O023440,C000090,9580,2024-06-15,carrier_delay,High,Carrier route delay,Open
FUL002053,O023441,C000814,9375,2024-06-15,carrier_delay,High,Carrier route delay,Open
FUL002054,O023442,C000418,1222,2024-06-15,carrier_delay,High,Carrier route delay,Open
FUL002055,O023443,C000870,2027,2024-06-15,carrier_delay,High,Carrier route delay,Open
FUL002056,O023454,C000162,3889,2024-06-15,carrier_delay,High,Carrier route delay,Open
FUL002057,O023485,C000485,5311,2024-06-15,carrier_delay,High,Carrier route delay,Open
FUL002058,O002350,C001329,6649,2023-08-12,carrier_delay,High,Carrier route delay,Open
FUL002059,O023509,C000342,4936,2024-06-16,carrier_delay,High,Carrier route delay,Open
FUL002060,O002353,C000901,4186,2023-08-12,carrier_delay,High,Carrier route delay,Open
FUL002061,O023535,C000402,8917,2024-06-16,carrier_delay,High,Carrier route delay,Open
FUL002062,O023539,C000932,11662,2024-06-16,carrier_delay,High,Carrier route delay,Open
FUL002063,O002354,C000671,3447,2023-08-12,carrier_delay,High,Carrier route delay,Open
FUL002064,O023540,C001500,10062,2024-06-16,carrier_delay,High,Carrier route delay,Open
FUL002065,O023549,C000875,7158,2024-06-16,cancellation_review,Medium,Customer or fulfillment cancellation,Closed
FUL002066,O023560,C001433,2453,2024-06-16,carrier_delay,High,Carrier route delay,Open
FUL002067,O023579,C000673,1906,2024-06-17,carrier_delay,High,Carrier route delay,Open
FUL002068,O023584,C001634,9972,2024-06-17,carrier_delay,High,Carrier route delay,Open
FUL002069,O023590,C000552,8869,2024-06-17,carrier_delay,High,Carrier route delay,Open
FUL002070,O023594,C000755,2833,2024-06-17,carrier_delay,High,Carrier route delay,Open
FUL002071,O023598,C001228,2618,2024-06-17,carrier_delay,High,Carrier route delay,Open
FUL002072,O023604,C001629,7606,2024-06-17,carrier_delay,High,Carrier route delay,Open
FUL002073,O023620,C000114,3979,2024-06-17,carrier_delay,High,Carrier route delay,Open
FUL002074,O023623,C000099,2851,2024-06-17,carrier_delay,High,Carrier route delay,Open
FUL002075,O023634,C001576,4838,2024-06-17,carrier_delay,High,Carrier route delay,Open
FUL002076,O023638,C000679,9875,2024-06-18,carrier_delay,High,Carrier route delay,Open
FUL002077,O023639,C001469,3237,2024-06-18,carrier_delay,High,Carrier route delay,Open
FUL002078,O023645,C000543,1901,2024-06-18,carrier_delay,High,Carrier route delay,Open
FUL002079,O023668,C001798,1793,2024-06-18,carrier_delay,High,Carrier route delay,Open
FUL002080,O023683,C001477,1882,2024-06-18,carrier_delay,High,Carrier route delay,Open
FUL002081,O023684,C001048,10269,2024-06-18,cancellation_review,Medium,Customer or fulfillment cancellation,Closed
FUL002082,O023685,C000522,10650,2024-06-18,carrier_delay,High,Carrier route delay,Open
FUL002083,O023690,C001158,5165,2024-06-18,carrier_delay,High,Carrier route delay,Open
FUL002084,O023704,C000444,9119,2024-06-19,carrier_delay,High,Carrier route delay,Open
FUL002085,O023710,C001154,3926,2024-06-19,carrier_delay,High,Carrier route delay,Open
FUL002086,O023714,C001162,6109,2024-06-19,carrier_delay,High,Carrier route delay,Open
FUL002087,O023730,C000751,2087,2024-06-19,carrier_delay,High,Carrier route delay,Open
FUL002088,O023733,C000884,6472,2024-06-19,carrier_delay,High,Carrier route delay,Open
FUL002089,O002374,C000370,542,2023-08-12,carrier_delay,High,Carrier route delay,Open
FUL002090,O023750,C000858,3581,2024-06-19,carrier_delay,High,Carrier route delay,Open
FUL002091,O023770,C001411,11895,2024-06-19,carrier_delay,High,Carrier route delay,Open
FUL002092,O023771,C000205,9760,2024-06-19,carrier_delay,High,Carrier route delay,Open
FUL002093,O023779,C001738,321,2024-06-20,carrier_delay,High,Carrier route delay,Open
FUL002094,O023787,C001273,2960,2024-06-20,carrier_delay,High,Carrier route delay,Open
FUL002095,O023789,C000181,10111,2024-06-20,carrier_delay,High,Carrier route delay,Open
FUL002096,O023805,C000055,5283,2024-06-20,carrier_delay,High,Carrier route delay,Open
FUL002097,O023813,C000675,1373,2024-06-20,carrier_delay,High,Carrier route delay,Open
FUL002098,O023814,C000102,11344,2024-06-20,carrier_delay,High,Carrier route delay,Open
FUL002099,O023820,C001108,7143,2024-06-20,carrier_delay,High,Carrier route delay,Open
FUL002100,O023825,C001497,5762,2024-06-20,carrier_delay,High,Carrier route delay,Open
FUL002101,O023829,C001489,1172,2024-06-20,carrier_delay,High,Carrier route delay,Open
FUL002102,O023831,C001379,5612,2024-06-20,carrier_delay,High,Carrier route delay,Open
FUL002103,O023832,C000858,3581,2024-06-20,carrier_delay,High,Carrier route delay,Open
FUL002104,O023833,C001097,2610,2024-06-20,carrier_delay,High,Carrier route delay,Open
FUL002105,O023834,C001855,10823,2024-06-20,carrier_delay,High,Carrier route delay,Open
FUL002106,O023837,C001110,4109,2024-06-20,carrier_delay,High,Carrier route delay,Open
FUL002107,O023838,C001547,7333,2024-06-20,carrier_delay,High,Carrier route delay,Open
FUL002108,O023839,C001928,1094,2024-06-20,carrier_delay,High,Carrier route delay,Open
FUL002109,O023841,C000479,4406,2024-06-21,carrier_delay,High,Carrier route delay,Open
FUL002110,O023844,C001807,8362,2024-06-21,carrier_delay,High,Carrier route delay,Open
FUL002111,O023845,C001521,9514,2024-06-21,carrier_delay,High,Carrier route delay,Open
FUL002112,O023855,C000421,7123,2024-06-21,carrier_delay,High,Carrier route delay,Open
FUL002113,O023859,C001398,5297,2024-06-21,carrier_delay,High,Carrier route delay,Open
FUL002114,O023861,C000877,7590,2024-06-21,carrier_delay,High,Carrier route delay,Open
FUL002115,O023864,C000019,12284,2024-06-21,carrier_delay,High,Carrier route delay,Open
FUL002116,O023874,C000242,685,2024-06-21,carrier_delay,High,Carrier route delay,Open
FUL002117,O002389,C000554,10051,2023-08-12,carrier_delay,High,Carrier route delay,Open
FUL002118,O023890,C001000,9191,2024-06-21,carrier_delay,High,Carrier route delay,Open
FUL002119,O023893,C000529,2433,2024-06-21,carrier_delay,High,Carrier route delay,Open
FUL002120,O023895,C001329,6649,2024-06-21,carrier_delay,High,Carrier route delay,Open
FUL002121,O023916,C000034,9557,2024-06-22,carrier_delay,High,Carrier route delay,Open
FUL002122,O023929,C001570,11560,2024-06-22,cancellation_review,Medium,Customer or fulfillment cancellation,Closed
FUL002123,O023939,C001361,11154,2024-06-22,carrier_delay,High,Carrier route delay,Open
FUL002124,O023949,C000206,2229,2024-06-22,carrier_delay,High,Carrier route delay,Open
FUL002125,O023956,C001914,12115,2024-06-22,carrier_delay,High,Carrier route delay,Open
FUL002126,O023957,C000905,6168,2024-06-22,carrier_delay,High,Carrier route delay,Open
FUL002127,O023959,C001891,7369,2024-06-22,carrier_delay,High,Carrier route delay,Open
FUL002128,O023965,C001712,7893,2024-06-22,carrier_delay,High,Carrier route delay,Open
FUL002129,O023995,C001916,7564,2024-06-23,carrier_delay,High,Carrier route delay,Open
FUL002130,O024000,C000102,11344,2024-06-23,carrier_delay,High,Carrier route delay,Open
FUL002131,O002401,C000911,4901,2023-08-13,carrier_delay,High,Carrier route delay,Open
FUL002132,O024014,C001771,4730,2024-06-23,carrier_delay,High,Carrier route delay,Open
FUL002133,O024015,C000317,4290,2024-06-23,carrier_delay,High,Carrier route delay,Open
FUL002134,O024018,C000107,9490,2024-06-23,carrier_delay,High,Carrier route delay,Open
FUL002135,O002403,C000581,10071,2023-08-13,carrier_delay,High,Carrier route delay,Open
FUL002136,O024035,C001730,4133,2024-06-23,carrier_delay,High,Carrier route delay,Open
FUL002137,O024040,C001631,6370,2024-06-23,carrier_delay,High,Carrier route delay,Open
FUL002138,O024049,C001030,1990,2024-06-24,carrier_delay,High,Carrier route delay,Open
FUL002139,O024050,C001339,7141,2024-06-24,carrier_delay,High,Carrier route delay,Open
FUL002140,O024065,C000233,221,2024-06-24,carrier_delay,High,Carrier route delay,Open
FUL002141,O024069,C000420,6230,2024-06-24,carrier_delay,High,Carrier route delay,Open
FUL002142,O002407,C000002,9371,2023-08-13,carrier_delay,High,Carrier route delay,Open
FUL002143,O024077,C001078,4265,2024-06-24,cancellation_review,Medium,Customer or fulfillment cancellation,Closed
FUL002144,O024082,C001795,1236,2024-06-24,cancellation_review,Medium,Customer or fulfillment cancellation,Closed
FUL002145,O024089,C000619,9161,2024-06-24,carrier_delay,High,Carrier route delay,Open
FUL002146,O024107,C001928,1094,2024-06-24,carrier_delay,High,Carrier route delay,Open
FUL002147,O024109,C000860,12207,2024-06-24,carrier_delay,High,Carrier route delay,Open
FUL002148,O024119,C001539,51,2024-06-25,carrier_delay,High,Carrier route delay,Open
FUL002149,O024124,C001671,12069,2024-06-25,carrier_delay,High,Carrier route delay,Open
FUL002150,O024130,C000583,7777,2024-06-25,carrier_delay,High,Carrier route delay,Open
FUL002151,O024144,C001613,2110,2024-06-25,carrier_delay,High,Carrier route delay,Open
FUL002152,O024149,C000466,8027,2024-06-25,carrier_delay,High,Carrier route delay,Open
FUL002153,O024155,C001298,2092,2024-06-25,carrier_delay,High,Carrier route delay,Open
FUL002154,O024158,C000689,6086,2024-06-25,carrier_delay,High,Carrier route delay,Open
FUL002155,O024165,C000205,9760,2024-06-25,carrier_delay,High,Carrier route delay,Open
FUL002156,O024188,C000302,4517,2024-06-26,carrier_delay,High,Carrier route delay,Open
FUL002157,O024194,C000609,11516,2024-06-26,carrier_delay,High,Carrier route delay,Open
FUL002158,O024199,C000332,697,2024-06-26,carrier_delay,High,Carrier route delay,Open
FUL002159,O024213,C000753,5033,2024-06-26,carrier_delay,High,Carrier route delay,Open
FUL002160,O024219,C000238,2330,2024-06-26,carrier_delay,High,Carrier route delay,Open
FUL002161,O024220,C001237,1848,2024-06-26,carrier_delay,High,Carrier route delay,Open
FUL002162,O024235,C000783,7790,2024-06-26,carrier_delay,High,Carrier route delay,Open
FUL002163,O002424,C001571,2320,2023-08-13,carrier_delay,High,Carrier route delay,Open
FUL002164,O024249,C000260,3303,2024-06-26,carrier_delay,High,Carrier route delay,Open
FUL002165,O024255,C000918,10554,2024-06-27,carrier_delay,High,Carrier route delay,Open
FUL002166,O024274,C000392,9871,2024-06-27,carrier_delay,High,Carrier route delay,Open
FUL002167,O024275,C000325,291,2024-06-27,carrier_delay,High,Carrier route delay,Open
FUL002168,O024280,C001091,4422,2024-06-27,carrier_delay,High,Carrier route delay,Open
FUL002169,O024293,C000235,7926,2024-06-27,carrier_delay,High,Carrier route delay,Open
FUL002170,O024299,C001633,272,2024-06-27,carrier_delay,High,Carrier route delay,Open
FUL002171,O024303,C001147,5976,2024-06-27,carrier_delay,High,Carrier route delay,Open
FUL002172,O024306,C001618,285,2024-06-27,cancellation_review,Medium,Customer or fulfillment cancellation,Closed
FUL002173,O024308,C000415,5821,2024-06-27,carrier_delay,High,Carrier route delay,Open
FUL002174,O024310,C000845,5093,2024-06-27,carrier_delay,High,Carrier route delay,Open
FUL002175,O024314,C001452,3567,2024-06-27,carrier_delay,High,Carrier route delay,Open
FUL002176,O024315,C001638,8704,2024-06-27,carrier_delay,High,Carrier route delay,Open
FUL002177,O024319,C001545,1347,2024-06-27,carrier_delay,High,Carrier route delay,Open
FUL002178,O024347,C000032,10591,2024-06-28,carrier_delay,High,Carrier route delay,Open
FUL002179,O024349,C000352,10447,2024-06-28,carrier_delay,High,Carrier route delay,Open
FUL002180,O024355,C000210,6664,2024-06-28,carrier_delay,High,Carrier route delay,Open
FUL002181,O024361,C000987,9314,2024-06-28,carrier_delay,High,Carrier route delay,Open
FUL002182,O024368,C001818,2670,2024-06-28,carrier_delay,High,Carrier route delay,Open
FUL002183,O002437,C001443,11032,2023-08-13,carrier_delay,High,Carrier route delay,Open
FUL002184,O024372,C001983,12335,2024-06-28,carrier_delay,High,Carrier route delay,Open
FUL002185,O024388,C001279,3316,2024-06-28,carrier_delay,High,Carrier route delay,Open
FUL002186,O002439,C001389,7271,2023-08-13,carrier_delay,High,Carrier route delay,Open
FUL002187,O024390,C000680,2893,2024-06-29,carrier_delay,High,Carrier route delay,Open
FUL002188,O024413,C000875,7158,2024-06-29,carrier_delay,High,Carrier route delay,Open
FUL002189,O024414,C001978,10843,2024-06-29,carrier_delay,High,Carrier route delay,Open
FUL002190,O024424,C000101,12226,2024-06-29,carrier_delay,High,Carrier route delay,Open
FUL002191,O024431,C000574,6065,2024-06-29,carrier_delay,High,Carrier route delay,Open
FUL002192,O024439,C001046,9721,2024-06-29,carrier_delay,High,Carrier route delay,Open
FUL002193,O024450,C000069,1577,2024-06-29,carrier_delay,High,Carrier route delay,Open
FUL002194,O024459,C001553,2630,2024-06-30,carrier_delay,High,Carrier route delay,Open
FUL002195,O024464,C000044,749,2024-06-30,carrier_delay,High,Carrier route delay,Open
FUL002196,O024479,C000304,5321,2024-06-30,carrier_delay,High,Carrier route delay,Open
FUL002197,O024480,C001441,10165,2024-06-30,carrier_delay,High,Carrier route delay,Open
FUL002198,O024484,C000727,10543,2024-06-30,carrier_delay,High,Carrier route delay,Open
FUL002199,O002449,C001673,12359,2023-08-13,carrier_delay,High,Carrier route delay,Open
FUL002200,O024490,C000249,1426,2024-06-30,cancellation_review,Medium,Customer or fulfillment cancellation,Closed
FUL002201,O024493,C000039,5146,2024-06-30,cancellation_review,Medium,Customer or fulfillment cancellation,Closed
FUL002202,O024494,C001540,5859,2024-06-30,carrier_delay,High,Carrier route delay,Open
FUL002203,O024495,C000059,9962,2024-06-30,carrier_delay,High,Carrier route delay,Open
FUL002204,O024500,C001453,6338,2024-06-30,carrier_delay,High,Carrier route delay,Open
FUL002205,O024504,C001057,11306,2024-06-30,carrier_delay,High,Carrier route delay,Open
FUL002206,O024506,C001841,739,2024-06-30,cancellation_review,Medium,Customer or fulfillment cancellation,Closed
FUL002207,O024514,C001785,5910,2024-06-30,carrier_delay,High,Carrier route delay,Open
FUL002208,O024515,C000763,847,2024-06-30,carrier_delay,High,Carrier route delay,Open
FUL002209,O024518,C001992,2922,2024-06-30,carrier_delay,High,Carrier route delay,Open
FUL002210,O024520,C001020,11058,2024-06-30,carrier_delay,High,Carrier route delay,Open
FUL002211,O024527,C000872,4654,2024-07-01,carrier_delay,High,Carrier route delay,Open
FUL002212,O024529,C001312,7864,2024-07-01,carrier_delay,High,Carrier route delay,Open
FUL002213,O024540,C001853,8207,2024-07-01,carrier_delay,High,Carrier route delay,Open
FUL002214,O024542,C001056,3678,2024-07-01,carrier_delay,High,Carrier route delay,Open
FUL002215,O024543,C001175,7511,2024-07-01,carrier_delay,High,Carrier route delay,Open
FUL002216,O024545,C001348,12424,2024-07-01,carrier_delay,High,Carrier route delay,Open
FUL002217,O024547,C000321,1664,2024-07-01,carrier_delay,High,Carrier route delay,Open
FUL002218,O024559,C000844,9872,2024-07-01,carrier_delay,High,Carrier route delay,Open
FUL002219,O024567,C001847,3046,2024-07-01,carrier_delay,High,Carrier route delay,Open
FUL002220,O024572,C001485,11822,2024-07-01,carrier_delay,High,Carrier route delay,Open
FUL002221,O024573,C001386,7403,2024-07-01,carrier_delay,High,Carrier route delay,Open
FUL002222,O024574,C000526,2451,2024-07-01,carrier_delay,High,Carrier route delay,Open
FUL002223,O024584,C000255,11156,2024-07-01,carrier_delay,High,Carrier route delay,Open
FUL002224,O024585,C000543,1901,2024-07-01,carrier_delay,High,Carrier route delay,Open
FUL002225,O024595,C000727,10543,2024-07-02,carrier_delay,High,Carrier route delay,Open
FUL002226,O002460,C000939,11448,2023-08-13,carrier_delay,High,Carrier route delay,Open
FUL002227,O024600,C000393,6959,2024-07-02,carrier_delay,High,Carrier route delay,Open
FUL002228,O024604,C000682,3762,2024-07-02,carrier_delay,High,Carrier route delay,Open
FUL002229,O024608,C000924,12213,2024-07-02,cancellation_review,Medium,Customer or fulfillment cancellation,Closed
FUL002230,O024610,C001806,5417,2024-07-02,carrier_delay,High,Carrier route delay,Open
FUL002231,O002462,C001570,11560,2023-08-13,carrier_delay,High,Carrier route delay,Open
FUL002232,O024630,C001342,8005,2024-07-02,cancellation_review,Medium,Customer or fulfillment cancellation,Closed
FUL002233,O024642,C000333,12,2024-07-02,carrier_delay,High,Carrier route delay,Open
FUL002234,O024653,C001080,2703,2024-07-02,cancellation_review,Medium,Customer or fulfillment cancellation,Closed
FUL002235,O024657,C000350,1054,2024-07-02,carrier_delay,High,Carrier route delay,Open
FUL002236,O024658,C001658,4657,2024-07-02,carrier_delay,High,Carrier route delay,Open
FUL002237,O024660,C000532,11403,2024-07-02,carrier_delay,High,Carrier route delay,Open
FUL002238,O024663,C000177,3259,2024-07-03,carrier_delay,High,Carrier route delay,Open
FUL002239,O024683,C000400,3373,2024-07-03,carrier_delay,High,Carrier route delay,Open
FUL002240,O024695,C000959,8948,2024-07-03,carrier_delay,High,Carrier route delay,Open
FUL002241,O000247,C000442,173,2023-07-12,carrier_delay,High,Carrier route delay,Open
FUL002242,O024704,C001307,53,2024-07-03,carrier_delay,High,Carrier route delay,Open
FUL002243,O024709,C000412,1503,2024-07-03,carrier_delay,High,Carrier route delay,Open
FUL002244,O024714,C001169,1843,2024-07-03,carrier_delay,High,Carrier route delay,Open
FUL002245,O024719,C000399,8368,2024-07-03,carrier_delay,High,Carrier route delay,Open
FUL002246,O024720,C001108,7143,2024-07-03,carrier_delay,High,Carrier route delay,Open
FUL002247,O024724,C001326,3224,2024-07-03,carrier_delay,High,Carrier route delay,Open
FUL002248,O024727,C000921,5644,2024-07-03,carrier_delay,High,Carrier route delay,Open
FUL002249,O002474,C000870,2027,2023-08-14,carrier_delay,High,Carrier route delay,Open
FUL002250,O024744,C000542,4008,2024-07-04,carrier_delay,High,Carrier route delay,Open
FUL002251,O024760,C000021,5927,2024-07-04,carrier_delay,High,Carrier route delay,Open
FUL002252,O024765,C001572,704,2024-07-04,carrier_delay,High,Carrier route delay,Open
FUL002253,O024775,C000768,483,2024-07-04,carrier_delay,High,Carrier route delay,Open
FUL002254,O024784,C000270,6474,2024-07-04,carrier_delay,High,Carrier route delay,Open
FUL002255,O024789,C000389,9377,2024-07-04,carrier_delay,High,Carrier route delay,Open
FUL002256,O002479,C001155,8808,2023-08-14,carrier_delay,High,Carrier route delay,Open
FUL002257,O024790,C000612,2549,2024-07-04,carrier_delay,High,Carrier route delay,Open
FUL002258,O002480,C001965,3807,2023-08-14,carrier_delay,High,Carrier route delay,Open
FUL002259,O024800,C001970,5116,2024-07-05,carrier_delay,High,Carrier route delay,Open
FUL002260,O024808,C000537,731,2024-07-05,carrier_delay,High,Carrier route delay,Open
FUL002261,O024822,C001939,11962,2024-07-05,carrier_delay,High,Carrier route delay,Open
FUL002262,O024830,C001667,6584,2024-07-05,carrier_delay,High,Carrier route delay,Open
FUL002263,O024832,C001929,2881,2024-07-05,carrier_delay,High,Carrier route delay,Open
FUL002264,O024833,C000029,6950,2024-07-05,carrier_delay,High,Carrier route delay,Open
FUL002265,O024837,C000925,8084,2024-07-05,carrier_delay,High,Carrier route delay,Open
FUL002266,O024839,C001890,10323,2024-07-05,carrier_delay,High,Carrier route delay,Open
FUL002267,O024845,C000426,8971,2024-07-05,carrier_delay,High,Carrier route delay,Open
FUL002268,O024859,C001084,1532,2024-07-05,carrier_delay,High,Carrier route delay,Open
FUL002269,O024864,C001724,7721,2024-07-05,carrier_delay,High,Carrier route delay,Open
FUL002270,O024868,C001819,1711,2024-07-06,cancellation_review,Medium,Customer or fulfillment cancellation,Closed
FUL002271,O024873,C001290,1346,2024-07-06,carrier_delay,High,Carrier route delay,Open
FUL002272,O024880,C000133,11983,2024-07-06,cancellation_review,Medium,Customer or fulfillment cancellation,Closed
FUL002273,O024885,C001751,11728,2024-07-06,carrier_delay,High,Carrier route delay,Open
FUL002274,O024890,C001938,7879,2024-07-06,carrier_delay,High,Carrier route delay,Open
FUL002275,O024892,C000342,4936,2024-07-06,carrier_delay,High,Carrier route delay,Open
FUL002276,O024897,C001948,5637,2024-07-06,carrier_delay,High,Carrier route delay,Open
FUL002277,O024899,C000469,10555,2024-07-06,carrier_delay,High,Carrier route delay,Open
FUL002278,O002490,C000028,1011,2023-08-14,carrier_delay,High,Carrier route delay,Open
FUL002279,O024908,C000725,5490,2024-07-06,carrier_delay,High,Carrier route delay,Open
FUL002280,O024925,C001006,5298,2024-07-06,carrier_delay,High,Carrier route delay,Open
FUL002281,O024928,C001041,7974,2024-07-06,carrier_delay,High,Carrier route delay,Open
FUL002282,O024932,C001377,6488,2024-07-06,carrier_delay,High,Carrier route delay,Open
FUL002283,O024935,C000265,9928,2024-07-06,carrier_delay,High,Carrier route delay,Open
FUL002284,O024939,C000786,9459,2024-07-07,carrier_delay,High,Carrier route delay,Open
FUL002285,O024949,C000228,123,2024-07-07,carrier_delay,High,Carrier route delay,Open
FUL002286,O024950,C000110,9697,2024-07-07,carrier_delay,High,Carrier route delay,Open
FUL002287,O024955,C000534,1512,2024-07-07,carrier_delay,High,Carrier route delay,Open
FUL002288,O024959,C001795,1236,2024-07-07,carrier_delay,High,Carrier route delay,Open
FUL002289,O024974,C001767,8275,2024-07-07,carrier_delay,High,Carrier route delay,Open
FUL002290,O024975,C000206,2229,2024-07-07,carrier_delay,High,Carrier route delay,Open
FUL002291,O024976,C001468,4624,2024-07-07,carrier_delay,High,Carrier route delay,Open
FUL002292,O024977,C000602,1607,2024-07-07,carrier_delay,High,Carrier route delay,Open
FUL002293,O024984,C001587,970,2024-07-07,carrier_delay,High,Carrier route delay,Open
FUL002294,O000250,C000986,11668,2023-07-12,carrier_delay,High,Carrier route delay,Open
FUL002295,O002500,C000259,2389,2023-08-14,carrier_delay,High,Carrier route delay,Open
FUL002296,O025000,C000229,2860,2024-07-07,carrier_delay,High,Carrier route delay,Open
FUL002297,O025005,C001836,7594,2024-07-08,carrier_delay,High,Carrier route delay,Open
FUL002298,O025009,C000133,11983,2024-07-08,carrier_delay,High,Carrier route delay,Open
FUL002299,O025010,C001860,1745,2024-07-08,carrier_delay,High,Carrier route delay,Open
FUL002300,O025019,C000704,4045,2024-07-08,carrier_delay,High,Carrier route delay,Open
FUL002301,O025025,C001916,7564,2024-07-08,cancellation_review,Medium,Customer or fulfillment cancellation,Closed
FUL002302,O025030,C000849,3676,2024-07-08,carrier_delay,High,Carrier route delay,Open
FUL002303,O025042,C000081,10291,2024-07-08,carrier_delay,High,Carrier route delay,Open
FUL002304,O002505,C000857,2155,2023-08-14,carrier_delay,High,Carrier route delay,Open
FUL002305,O025057,C000892,9847,2024-07-08,cancellation_review,Medium,Customer or fulfillment cancellation,Closed
FUL002306,O025060,C000102,11344,2024-07-08,carrier_delay,High,Carrier route delay,Open
FUL002307,O025064,C000876,7960,2024-07-08,carrier_delay,High,Carrier route delay,Open
FUL002308,O025075,C000264,10610,2024-07-09,carrier_delay,High,Carrier route delay,Open
FUL002309,O025079,C000039,5146,2024-07-09,carrier_delay,High,Carrier route delay,Open
FUL002310,O025080,C000652,7316,2024-07-09,carrier_delay,High,Carrier route delay,Open
FUL002311,O025088,C000608,1927,2024-07-09,carrier_delay,High,Carrier route delay,Open
FUL002312,O025089,C001726,4536,2024-07-09,carrier_delay,High,Carrier route delay,Open
FUL002313,O002509,C000343,2842,2023-08-14,carrier_delay,High,Carrier route delay,Open
FUL002314,O025095,C000460,7830,2024-07-09,carrier_delay,High,Carrier route delay,Open
FUL002315,O025099,C001171,7716,2024-07-09,carrier_delay,High,Carrier route delay,Open
FUL002316,O025111,C000548,9586,2024-07-09,carrier_delay,High,Carrier route delay,Open
FUL002317,O025117,C000535,4435,2024-07-09,carrier_delay,High,Carrier route delay,Open
FUL002318,O025119,C000449,9876,2024-07-09,carrier_delay,High,Carrier route delay,Open
FUL002319,O025120,C000124,10549,2024-07-09,carrier_delay,High,Carrier route delay,Open
FUL002320,O025122,C000302,4517,2024-07-09,carrier_delay,High,Carrier route delay,Open
FUL002321,O025123,C000823,8618,2024-07-09,carrier_delay,High,Carrier route delay,Open
FUL002322,O025124,C001245,728,2024-07-09,carrier_delay,High,Carrier route delay,Open
FUL002323,O025158,C001058,7771,2024-07-10,carrier_delay,High,Carrier route delay,Open
FUL002324,O025168,C000442,173,2024-07-10,carrier_delay,High,Carrier route delay,Open
FUL002325,O025170,C001624,1126,2024-07-10,carrier_delay,High,Carrier route delay,Open
FUL002326,O025178,C000722,3577,2024-07-10,carrier_delay,High,Carrier route delay,Open
FUL002327,O025203,C000785,12013,2024-07-10,cancellation_review,Medium,Customer or fulfillment cancellation,Closed
FUL002328,O025209,C001453,6338,2024-07-10,carrier_delay,High,Carrier route delay,Open
FUL002329,O025232,C001934,1180,2024-07-11,carrier_delay,High,Carrier route delay,Open
FUL002330,O025247,C001231,715,2024-07-11,carrier_delay,High,Carrier route delay,Open
FUL002331,O025248,C001626,8397,2024-07-11,carrier_delay,High,Carrier route delay,Open
FUL002332,O025253,C000471,679,2024-07-11,carrier_delay,High,Carrier route delay,Open
FUL002333,O025259,C001258,1478,2024-07-11,carrier_delay,High,Carrier route delay,Open
FUL002334,O002526,C000931,4561,2023-08-14,carrier_delay,High,Carrier route delay,Open
FUL002335,O025263,C000880,2600,2024-07-11,carrier_delay,High,Carrier route delay,Open
FUL002336,O025266,C001651,430,2024-07-11,carrier_delay,High,Carrier route delay,Open
FUL002337,O025267,C001565,12102,2024-07-11,carrier_delay,High,Carrier route delay,Open
FUL002338,O002527,C001381,1038,2023-08-14,carrier_delay,High,Carrier route delay,Open
FUL002339,O025286,C000272,8652,2024-07-12,carrier_delay,High,Carrier route delay,Open
FUL002340,O025300,C001983,12335,2024-07-12,carrier_delay,High,Carrier route delay,Open
FUL002341,O025311,C000185,6953,2024-07-12,cancellation_review,Medium,Customer or fulfillment cancellation,Closed
FUL002342,O025315,C000058,11065,2024-07-12,carrier_delay,High,Carrier route delay,Open
FUL002343,O002532,C001994,1164,2023-08-14,carrier_delay,High,Carrier route delay,Open
FUL002344,O025323,C001739,7607,2024-07-12,carrier_delay,High,Carrier route delay,Open
FUL002345,O025330,C000107,9490,2024-07-12,carrier_delay,High,Carrier route delay,Open
FUL002346,O025335,C001624,1126,2024-07-12,carrier_delay,High,Carrier route delay,Open
FUL002347,O025346,C000942,8757,2024-07-12,carrier_delay,High,Carrier route delay,Open
FUL002348,O025348,C000122,8314,2024-07-13,carrier_delay,High,Carrier route delay,Open
FUL002349,O025354,C001621,2646,2024-07-13,carrier_delay,High,Carrier route delay,Open
FUL002350,O025360,C001032,9990,2024-07-13,carrier_delay,High,Carrier route delay,Open
FUL002351,O025361,C000678,2016,2024-07-13,carrier_delay,High,Carrier route delay,Open
FUL002352,O025366,C000805,8697,2024-07-13,carrier_delay,High,Carrier route delay,Open
FUL002353,O025384,C001349,9302,2024-07-13,carrier_delay,High,Carrier route delay,Open
FUL002354,O025389,C000304,5321,2024-07-13,carrier_delay,High,Carrier route delay,Open
FUL002355,O025395,C000644,12238,2024-07-13,carrier_delay,High,Carrier route delay,Open
FUL002356,O025400,C000121,3554,2024-07-13,carrier_delay,High,Carrier route delay,Open
FUL002357,O025403,C000873,7602,2024-07-13,carrier_delay,High,Carrier route delay,Open
FUL002358,O025407,C001833,1249,2024-07-13,carrier_delay,High,Carrier route delay,Open
FUL002359,O025413,C000344,2625,2024-07-13,carrier_delay,High,Carrier route delay,Open
FUL002360,O025430,C000116,2813,2024-07-14,carrier_delay,High,Carrier route delay,Open
FUL002361,O025434,C001170,7910,2024-07-14,carrier_delay,High,Carrier route delay,Open
FUL002362,O025439,C000983,6969,2024-07-14,carrier_delay,High,Carrier route delay,Open
FUL002363,O025444,C000732,8930,2024-07-14,carrier_delay,High,Carrier route delay,Open
FUL002364,O025445,C001564,10042,2024-07-14,carrier_delay,High,Carrier route delay,Open
FUL002365,O025449,C000149,5563,2024-07-14,carrier_delay,High,Carrier route delay,Open
FUL002366,O025450,C000433,8166,2024-07-14,carrier_delay,High,Carrier route delay,Open
FUL002367,O025460,C001492,11875,2024-07-14,carrier_delay,High,Carrier route delay,Open
FUL002368,O025469,C001816,821,2024-07-14,carrier_delay,High,Carrier route delay,Open
FUL002369,O025474,C000286,11112,2024-07-14,carrier_delay,High,Carrier route delay,Open
FUL002370,O025475,C000023,1443,2024-07-14,carrier_delay,High,Carrier route delay,Open
FUL002371,O025485,C000563,6448,2024-07-15,carrier_delay,High,Carrier route delay,Open
FUL002372,O025487,C001159,10796,2024-07-15,carrier_delay,High,Carrier route delay,Open
FUL002373,O025491,C001650,5585,2024-07-15,carrier_delay,High,Carrier route delay,Open
FUL002374,O025492,C001935,11997,2024-07-15,carrier_delay,High,Carrier route delay,Open
FUL002375,O025499,C001710,676,2024-07-15,carrier_delay,High,Carrier route delay,Open
FUL002376,O002550,C001415,10312,2023-08-15,cancellation_review,Medium,Customer or fulfillment cancellation,Closed
FUL002377,O025508,C001404,3493,2024-07-15,carrier_delay,High,Carrier route delay,Open
FUL002378,O025514,C000850,4911,2024-07-15,carrier_delay,High,Carrier route delay,Open
FUL002379,O025522,C000849,3676,2024-07-15,carrier_delay,High,Carrier route delay,Open
FUL002380,O025524,C000101,12226,2024-07-15,carrier_delay,High,Carrier route delay,Open
FUL002381,O025530,C001550,8381,2024-07-15,carrier_delay,High,Carrier route delay,Open
FUL002382,O025532,C000454,2508,2024-07-15,carrier_delay,High,Carrier route delay,Open
FUL002383,O025541,C001937,3508,2024-07-15,carrier_delay,High,Carrier route delay,Open
FUL002384,O025542,C000127,4022,2024-07-15,carrier_delay,High,Carrier route delay,Open
FUL002385,O025547,C000003,8766,2024-07-15,carrier_delay,High,Carrier route delay,Open
FUL002386,O002555,C000030,5216,2023-08-15,carrier_delay,High,Carrier route delay,Open
FUL002387,O025559,C000490,3755,2024-07-16,carrier_delay,High,Carrier route delay,Open
FUL002388,O025561,C001647,4153,2024-07-16,carrier_delay,High,Carrier route delay,Open
FUL002389,O025569,C001599,8853,2024-07-16,carrier_delay,High,Carrier route delay,Open
FUL002390,O025580,C001381,1038,2024-07-16,carrier_delay,High,Carrier route delay,Open
FUL002391,O025585,C001389,7271,2024-07-16,carrier_delay,High,Carrier route delay,Open
FUL002392,O025589,C001626,8397,2024-07-16,carrier_delay,High,Carrier route delay,Open
FUL002393,O002559,C001338,4308,2023-08-15,cancellation_review,Medium,Customer or fulfillment cancellation,Closed
FUL002394,O025600,C000003,8766,2024-07-16,carrier_delay,High,Carrier route delay,Open
FUL002395,O025605,C001113,9581,2024-07-16,carrier_delay,High,Carrier route delay,Open
FUL002396,O025614,C000025,12431,2024-07-16,carrier_delay,High,Carrier route delay,Open
FUL002397,O025616,C001086,4929,2024-07-16,carrier_delay,High,Carrier route delay,Open
FUL002398,O002564,C001176,11767,2023-08-15,carrier_delay,High,Carrier route delay,Open
FUL002399,O025641,C000911,4901,2024-07-17,carrier_delay,High,Carrier route delay,Open
FUL002400,O025649,C000038,11017,2024-07-17,carrier_delay,High,Carrier route delay,Open
FUL002401,O025654,C000660,2384,2024-07-17,carrier_delay,High,Carrier route delay,Open
FUL002402,O025659,C000805,8697,2024-07-17,carrier_delay,High,Carrier route delay,Open
FUL002403,O025660,C000494,5200,2024-07-17,carrier_delay,High,Carrier route delay,Open
FUL002404,O025667,C001576,4838,2024-07-17,carrier_delay,High,Carrier route delay,Open
FUL002405,O025673,C001275,4665,2024-07-17,carrier_delay,High,Carrier route delay,Open
FUL002406,O025677,C001613,2110,2024-07-17,carrier_delay,High,Carrier route delay,Open
FUL002407,O025678,C000637,8954,2024-07-17,carrier_delay,High,Carrier route delay,Open
FUL002408,O025705,C000744,5382,2024-07-18,cancellation_review,Medium,Customer or fulfillment cancellation,Closed
FUL002409,O025721,C001146,6992,2024-07-18,carrier_delay,High,Carrier route delay,Open
FUL002410,O025725,C001952,12129,2024-07-18,cancellation_review,Medium,Customer or fulfillment cancellation,Closed
FUL002411,O025729,C000958,866,2024-07-18,carrier_delay,High,Carrier route delay,Open
FUL002412,O025730,C001276,3631,2024-07-18,carrier_delay,High,Carrier route delay,Open
FUL002413,O025735,C000281,1285,2024-07-18,carrier_delay,High,Carrier route delay,Open
FUL002414,O002574,C000631,4552,2023-08-15,carrier_delay,High,Carrier route delay,Open
FUL002415,O025762,C001423,6178,2024-07-19,cancellation_review,Medium,Customer or fulfillment cancellation,Closed
FUL002416,O025764,C000082,10263,2024-07-19,carrier_delay,High,Carrier route delay,Open
FUL002417,O025774,C000419,5606,2024-07-19,carrier_delay,High,Carrier route delay,Open
FUL002418,O025780,C001230,11862,2024-07-19,carrier_delay,High,Carrier route delay,Open
FUL002419,O025784,C001441,10165,2024-07-19,carrier_delay,High,Carrier route delay,Open
FUL002420,O025790,C001508,10807,2024-07-19,carrier_delay,High,Carrier route delay,Open
FUL002421,O025795,C001767,8275,2024-07-19,carrier_delay,High,Carrier route delay,Open
FUL002422,O002580,C001071,8365,2023-08-15,carrier_delay,High,Carrier route delay,Open
FUL002423,O025800,C001244,6838,2024-07-19,carrier_delay,High,Carrier route delay,Open
FUL002424,O025803,C000150,5173,2024-07-19,carrier_delay,High,Carrier route delay,Open
FUL002425,O025805,C001407,11311,2024-07-19,carrier_delay,High,Carrier route delay,Open
FUL002426,O025815,C001719,2211,2024-07-19,carrier_delay,High,Carrier route delay,Open
FUL002427,O025816,C001619,7465,2024-07-19,carrier_delay,High,Carrier route delay,Open
FUL002428,O025820,C000962,9405,2024-07-19,cancellation_review,Medium,Customer or fulfillment cancellation,Closed
FUL002429,O025829,C000408,633,2024-07-20,carrier_delay,High,Carrier route delay,Open
FUL002430,O025830,C001107,12382,2024-07-20,carrier_delay,High,Carrier route delay,Open
FUL002431,O002585,C000067,9821,2023-08-15,carrier_delay,High,Carrier route delay,Open
FUL002432,O025855,C001618,285,2024-07-20,carrier_delay,High,Carrier route delay,Open
FUL002433,O025860,C001036,10765,2024-07-20,carrier_delay,High,Carrier route delay,Open
FUL002434,O025865,C000847,4159,2024-07-20,carrier_delay,High,Carrier route delay,Open
FUL002435,O025868,C000032,10591,2024-07-20,carrier_delay,High,Carrier route delay,Open
FUL002436,O025869,C000168,5867,2024-07-20,carrier_delay,High,Carrier route delay,Open
FUL002437,O025877,C000474,5549,2024-07-20,carrier_delay,High,Carrier route delay,Open
FUL002438,O025890,C000514,2581,2024-07-20,carrier_delay,High,Carrier route delay,Open
FUL002439,O025901,C000357,3099,2024-07-21,carrier_delay,High,Carrier route delay,Open
FUL002440,O025905,C001531,6669,2024-07-21,carrier_delay,High,Carrier route delay,Open
FUL002441,O025932,C000870,2027,2024-07-21,carrier_delay,High,Carrier route delay,Open
FUL002442,O025934,C001790,4567,2024-07-21,carrier_delay,High,Carrier route delay,Open
FUL002443,O025937,C000962,9405,2024-07-21,carrier_delay,High,Carrier route delay,Open
FUL002444,O025939,C001263,8989,2024-07-21,carrier_delay,High,Carrier route delay,Open
FUL002445,O025948,C000324,3800,2024-07-21,carrier_delay,High,Carrier route delay,Open
FUL002446,O025951,C000891,8986,2024-07-21,carrier_delay,High,Carrier route delay,Open
FUL002447,O025952,C000611,7762,2024-07-21,carrier_delay,High,Carrier route delay,Open
FUL002448,O025956,C001804,8127,2024-07-21,carrier_delay,High,Carrier route delay,Open
FUL002449,O025958,C000558,11124,2024-07-21,carrier_delay,High,Carrier route delay,Open
FUL002450,O025959,C000935,3128,2024-07-21,carrier_delay,High,Carrier route delay,Open
FUL002451,O002596,C000379,3603,2023-08-15,carrier_delay,High,Carrier route delay,Open
FUL002452,O002597,C000442,173,2023-08-15,carrier_delay,High,Carrier route delay,Open
FUL002453,O025974,C000357,3099,2024-07-22,carrier_delay,High,Carrier route delay,Open
FUL002454,O025982,C000175,6977,2024-07-22,carrier_delay,High,Carrier route delay,Open
FUL002455,O002600,C001791,5653,2023-08-15,carrier_delay,High,Carrier route delay,Open
FUL002456,O026015,C000304,5321,2024-07-22,carrier_delay,High,Carrier route delay,Open
FUL002457,O026017,C001856,3726,2024-07-22,carrier_delay,High,Carrier route delay,Open
FUL002458,O026024,C000325,291,2024-07-22,carrier_delay,High,Carrier route delay,Open
FUL002459,O026026,C001451,6287,2024-07-22,carrier_delay,High,Carrier route delay,Open
FUL002460,O026027,C000988,11861,2024-07-22,carrier_delay,High,Carrier route delay,Open
FUL002461,O026030,C001921,1807,2024-07-22,carrier_delay,High,Carrier route delay,Open
FUL002462,O026038,C001098,4707,2024-07-23,carrier_delay,High,Carrier route delay,Open
FUL002463,O026039,C000897,8203,2024-07-23,carrier_delay,High,Carrier route delay,Open
FUL002464,O026064,C001449,11387,2024-07-23,carrier_delay,High,Carrier route delay,Open
FUL002465,O026065,C000140,5001,2024-07-23,carrier_delay,High,Carrier route delay,Open
FUL002466,O002607,C001577,1828,2023-08-16,carrier_delay,High,Carrier route delay,Open
FUL002467,O026085,C000677,4667,2024-07-23,carrier_delay,High,Carrier route delay,Open
FUL002468,O026090,C001401,4758,2024-07-23,carrier_delay,High,Carrier route delay,Open
FUL002469,O026093,C000354,10013,2024-07-23,carrier_delay,High,Carrier route delay,Open
FUL002470,O026094,C000230,5583,2024-07-23,carrier_delay,High,Carrier route delay,Open
FUL002471,O026095,C000426,8971,2024-07-23,carrier_delay,High,Carrier route delay,Open
FUL002472,O026099,C001414,1735,2024-07-23,carrier_delay,High,Carrier route delay,Open
FUL002473,O026104,C000071,5454,2024-07-24,carrier_delay,High,Carrier route delay,Open
FUL002474,O026105,C000783,7790,2024-07-24,cancellation_review,Medium,Customer or fulfillment cancellation,Closed
FUL002475,O026108,C000848,1225,2024-07-24,carrier_delay,High,Carrier route delay,Open
FUL002476,O026123,C000773,10521,2024-07-24,carrier_delay,High,Carrier route delay,Open
FUL002477,O026125,C001110,4109,2024-07-24,carrier_delay,High,Carrier route delay,Open
FUL002478,O026134,C001954,8789,2024-07-24,carrier_delay,High,Carrier route delay,Open
FUL002479,O026140,C001599,8853,2024-07-24,carrier_delay,High,Carrier route delay,Open
FUL002480,O026149,C001644,10637,2024-07-24,carrier_delay,High,Carrier route delay,Open
FUL002481,O026174,C000348,1782,2024-07-25,carrier_delay,High,Carrier route delay,Open
FUL002482,O002619,C001044,3167,2023-08-16,carrier_delay,High,Carrier route delay,Open
FUL002483,O026190,C000492,3838,2024-07-25,carrier_delay,High,Carrier route delay,Open
FUL002484,O026194,C001363,990,2024-07-25,carrier_delay,High,Carrier route delay,Open
FUL002485,O002620,C001269,514,2023-08-16,carrier_delay,High,Carrier route delay,Open
FUL002486,O026203,C001488,4202,2024-07-25,carrier_delay,High,Carrier route delay,Open
FUL002487,O026204,C001402,6088,2024-07-25,carrier_delay,High,Carrier route delay,Open
FUL002488,O026216,C001279,3316,2024-07-25,carrier_delay,High,Carrier route delay,Open
FUL002489,O026217,C000055,5283,2024-07-25,carrier_delay,High,Carrier route delay,Open
FUL002490,O026224,C000969,4164,2024-07-25,carrier_delay,High,Carrier route delay,Open
FUL002491,O026234,C001327,6730,2024-07-25,carrier_delay,High,Carrier route delay,Open
FUL002492,O026253,C000482,8895,2024-07-26,cancellation_review,Medium,Customer or fulfillment cancellation,Closed
FUL002493,O026259,C000095,5582,2024-07-26,carrier_delay,High,Carrier route delay,Open
FUL002494,O026260,C000811,9325,2024-07-26,carrier_delay,High,Carrier route delay,Open
FUL002495,O026264,C000812,4863,2024-07-26,carrier_delay,High,Carrier route delay,Open
FUL002496,O026270,C001105,9002,2024-07-26,carrier_delay,High,Carrier route delay,Open
FUL002497,O026277,C000013,10235,2024-07-26,carrier_delay,High,Carrier route delay,Open
FUL002498,O026279,C001715,10437,2024-07-26,carrier_delay,High,Carrier route delay,Open
FUL002499,O002628,C001577,1828,2023-08-16,cancellation_review,Medium,Customer or fulfillment cancellation,Closed
FUL002500,O026288,C001792,8321,2024-07-26,carrier_delay,High,Carrier route delay,Open
FUL002501,O026290,C000388,9590,2024-07-26,carrier_delay,High,Carrier route delay,Open
FUL002502,O026293,C001642,11957,2024-07-26,cancellation_review,Medium,Customer or fulfillment cancellation,Closed
FUL002503,O026305,C000830,1762,2024-07-26,carrier_delay,High,Carrier route delay,Open
FUL002504,O026309,C000844,9872,2024-07-27,carrier_delay,High,Carrier route delay,Open
FUL002505,O026313,C000626,11554,2024-07-27,carrier_delay,High,Carrier route delay,Open
FUL002506,O026341,C001009,10567,2024-07-27,carrier_delay,High,Carrier route delay,Open
FUL002507,O026343,C000157,11503,2024-07-27,carrier_delay,High,Carrier route delay,Open
FUL002508,O026352,C001884,4778,2024-07-27,carrier_delay,High,Carrier route delay,Open
FUL002509,O026364,C001135,4005,2024-07-27,carrier_delay,High,Carrier route delay,Open
FUL002510,O002638,C000405,3816,2023-08-16,carrier_delay,High,Carrier route delay,Open
FUL002511,O026382,C001116,8300,2024-07-28,carrier_delay,High,Carrier route delay,Open
FUL002512,O026383,C000862,4618,2024-07-28,carrier_delay,High,Carrier route delay,Open
FUL002513,O026384,C000214,11887,2024-07-28,carrier_delay,High,Carrier route delay,Open
FUL002514,O026385,C000008,4249,2024-07-28,carrier_delay,High,Carrier route delay,Open
FUL002515,O002639,C000899,1685,2023-08-16,carrier_delay,High,Carrier route delay,Open
FUL002516,O026395,C000187,1537,2024-07-28,carrier_delay,High,Carrier route delay,Open
FUL002517,O026397,C000768,483,2024-07-28,carrier_delay,High,Carrier route delay,Open
FUL002518,O000264,C000163,230,2023-07-12,carrier_delay,High,Carrier route delay,Open
FUL002519,O026404,C000438,3593,2024-07-28,carrier_delay,High,Carrier route delay,Open
FUL002520,O026405,C001665,4795,2024-07-28,carrier_delay,High,Carrier route delay,Open
FUL002521,O002641,C000656,11224,2023-08-16,carrier_delay,High,Carrier route delay,Open
FUL002522,O026415,C001199,10308,2024-07-28,carrier_delay,High,Carrier route delay,Open
FUL002523,O026427,C000304,5321,2024-07-28,carrier_delay,High,Carrier route delay,Open
FUL002524,O026429,C000111,5828,2024-07-28,carrier_delay,High,Carrier route delay,Open
FUL002525,O002643,C001247,6560,2023-08-16,carrier_delay,High,Carrier route delay,Open
FUL002526,O026438,C001595,5229,2024-07-28,carrier_delay,High,Carrier route delay,Open
FUL002527,O026449,C001291,6737,2024-07-29,carrier_delay,High,Carrier route delay,Open
FUL002528,O002645,C000847,4159,2023-08-16,carrier_delay,High,Carrier route delay,Open
FUL002529,O026450,C001158,5165,2024-07-29,carrier_delay,High,Carrier route delay,Open
FUL002530,O026455,C000751,2087,2024-07-29,carrier_delay,High,Carrier route delay,Open
FUL002531,O026462,C001696,4388,2024-07-29,carrier_delay,High,Carrier route delay,Open
FUL002532,O026500,C000762,4969,2024-07-29,carrier_delay,High,Carrier route delay,Open
FUL002533,O026506,C000423,6948,2024-07-29,carrier_delay,High,Carrier route delay,Open
FUL002534,O026510,C000121,3554,2024-07-29,carrier_delay,High,Carrier route delay,Open
FUL002535,O026530,C001228,2618,2024-07-30,carrier_delay,High,Carrier route delay,Open
FUL002536,O026549,C001698,8554,2024-07-30,carrier_delay,High,Carrier route delay,Open
FUL002537,O026550,C000120,3369,2024-07-30,carrier_delay,High,Carrier route delay,Open
FUL002538,O026555,C000852,174,2024-07-30,carrier_delay,High,Carrier route delay,Open
FUL002539,O026558,C001650,5585,2024-07-30,carrier_delay,High,Carrier route delay,Open
FUL002540,O026575,C001178,1448,2024-07-30,carrier_delay,High,Carrier route delay,Open
FUL002541,O026590,C000570,6553,2024-07-31,carrier_delay,High,Carrier route delay,Open
FUL002542,O026595,C001169,1843,2024-07-31,carrier_delay,High,Carrier route delay,Open
FUL002543,O026605,C000128,9743,2024-07-31,carrier_delay,High,Carrier route delay,Open
FUL002544,O026610,C000838,5741,2024-07-31,carrier_delay,High,Carrier route delay,Open
FUL002545,O026612,C000121,3554,2024-07-31,carrier_delay,High,Carrier route delay,Open
FUL002546,O026614,C000052,2484,2024-07-31,carrier_delay,High,Carrier route delay,Open
FUL002547,O026615,C001769,3558,2024-07-31,carrier_delay,High,Carrier route delay,Open
FUL002548,O026623,C001124,5403,2024-07-31,carrier_delay,High,Carrier route delay,Open
FUL002549,O026631,C001481,7967,2024-07-31,carrier_delay,High,Carrier route delay,Open
FUL002550,O026652,C000191,10129,2024-08-01,carrier_delay,High,Carrier route delay,Open
FUL002551,O026664,C001244,6838,2024-08-01,carrier_delay,High,Carrier route delay,Open
FUL002552,O026669,C000697,4806,2024-08-01,carrier_delay,High,Carrier route delay,Open
FUL002553,O026670,C001311,7163,2024-08-01,carrier_delay,High,Carrier route delay,Open
FUL002554,O026684,C000129,3199,2024-08-01,carrier_delay,High,Carrier route delay,Open
FUL002555,O026685,C001393,6494,2024-08-01,carrier_delay,High,Carrier route delay,Open
FUL002556,O026698,C000539,6461,2024-08-01,carrier_delay,High,Carrier route delay,Open
FUL002557,O002670,C001736,6602,2023-08-16,carrier_delay,High,Carrier route delay,Open
FUL002558,O026714,C000663,4399,2024-08-01,carrier_delay,High,Carrier route delay,Open
FUL002559,O026724,C001873,222,2024-08-02,carrier_delay,High,Carrier route delay,Open
FUL002560,O026730,C000565,7,2024-08-02,carrier_delay,High,Carrier route delay,Open
FUL002561,O026734,C000462,3295,2024-08-02,carrier_delay,High,Carrier route delay,Open
FUL002562,O026749,C000149,5563,2024-08-02,carrier_delay,High,Carrier route delay,Open
FUL002563,O026750,C001436,984,2024-08-02,carrier_delay,High,Carrier route delay,Open
FUL002564,O026759,C000655,7176,2024-08-02,carrier_delay,High,Carrier route delay,Open
FUL002565,O026760,C000748,11109,2024-08-02,carrier_delay,High,Carrier route delay,Open
FUL002566,O026780,C000106,467,2024-08-02,cancellation_review,Medium,Customer or fulfillment cancellation,Closed
FUL002567,O026781,C000451,238,2024-08-02,carrier_delay,High,Carrier route delay,Open
FUL002568,O026784,C001901,3384,2024-08-02,carrier_delay,High,Carrier route delay,Open
FUL002569,O026794,C000675,1373,2024-08-03,carrier_delay,High,Carrier route delay,Open
FUL002570,O002680,C001507,8781,2023-08-17,cancellation_review,Medium,Customer or fulfillment cancellation,Closed
FUL002571,O002681,C001755,12049,2023-08-17,carrier_delay,High,Carrier route delay,Open
FUL002572,O026823,C000632,1725,2024-08-03,carrier_delay,High,Carrier route delay,Open
FUL002573,O026825,C001777,6346,2024-08-03,carrier_delay,High,Carrier route delay,Open
FUL002574,O026832,C000024,6316,2024-08-03,carrier_delay,High,Carrier route delay,Open
FUL002575,O026834,C000917,2769,2024-08-03,carrier_delay,High,Carrier route delay,Open
FUL002576,O026837,C000771,11313,2024-08-03,carrier_delay,High,Carrier route delay,Open
FUL002577,O026840,C000438,3593,2024-08-03,carrier_delay,High,Carrier route delay,Open
FUL002578,O026852,C001641,9496,2024-08-03,carrier_delay,High,Carrier route delay,Open
FUL002579,O026869,C000665,10398,2024-08-04,carrier_delay,High,Carrier route delay,Open
FUL002580,O026875,C001996,9945,2024-08-04,carrier_delay,High,Carrier route delay,Open
FUL002581,O026885,C001568,936,2024-08-04,carrier_delay,High,Carrier route delay,Open
FUL002582,O026886,C000374,12106,2024-08-04,carrier_delay,High,Carrier route delay,Open
FUL002583,O026891,C001519,6279,2024-08-04,cancellation_review,Medium,Customer or fulfillment cancellation,Closed
FUL002584,O026895,C001384,1393,2024-08-04,carrier_delay,High,Carrier route delay,Open
FUL002585,O000269,C000214,11887,2023-07-12,carrier_delay,High,Carrier route delay,Open
FUL002586,O026904,C001968,8091,2024-08-04,carrier_delay,High,Carrier route delay,Open
FUL002587,O026905,C000162,3889,2024-08-04,carrier_delay,High,Carrier route delay,Open
FUL002588,O026909,C000100,11378,2024-08-04,carrier_delay,High,Carrier route delay,Open
FUL002589,O026914,C001866,630,2024-08-04,carrier_delay,High,Carrier route delay,Open
FUL002590,O026919,C000251,11218,2024-08-04,carrier_delay,High,Carrier route delay,Open
FUL002591,O026920,C000970,11262,2024-08-04,carrier_delay,High,Carrier route delay,Open
FUL002592,O026930,C000158,6812,2024-08-05,carrier_delay,High,Carrier route delay,Open
FUL002593,O026934,C000584,3830,2024-08-05,cancellation_review,Medium,Customer or fulfillment cancellation,Closed
FUL002594,O026950,C001837,870,2024-08-05,carrier_delay,High,Carrier route delay,Open
FUL002595,O026959,C001771,4730,2024-08-05,carrier_delay,High,Carrier route delay,Open
FUL002596,O026960,C000976,4199,2024-08-05,carrier_delay,High,Carrier route delay,Open
FUL002597,O026970,C000508,8995,2024-08-05,carrier_delay,High,Carrier route delay,Open
FUL002598,O026971,C000356,12329,2024-08-05,carrier_delay,High,Carrier route delay,Open
FUL002599,O026978,C000492,3838,2024-08-05,carrier_delay,High,Carrier route delay,Open
FUL002600,O002699,C000051,341,2023-08-17,carrier_delay,High,Carrier route delay,Open
FUL002601,O026990,C001696,4388,2024-08-05,carrier_delay,High,Carrier route delay,Open
FUL002602,O026994,C000091,5803,2024-08-06,carrier_delay,High,Carrier route delay,Open
FUL002603,O027010,C001160,5775,2024-08-06,carrier_delay,High,Carrier route delay,Open
FUL002604,O027012,C000938,5413,2024-08-06,carrier_delay,High,Carrier route delay,Open
FUL002605,O027026,C001142,11659,2024-08-06,cancellation_review,Medium,Customer or fulfillment cancellation,Closed
FUL002606,O027027,C000113,7954,2024-08-06,carrier_delay,High,Carrier route delay,Open
FUL002607,O027035,C000960,9039,2024-08-06,carrier_delay,High,Carrier route delay,Open
FUL002608,O027037,C001377,6488,2024-08-06,carrier_delay,High,Carrier route delay,Open
FUL002609,O027039,C000869,2134,2024-08-06,carrier_delay,High,Carrier route delay,Open
FUL002610,O027051,C001839,700,2024-08-06,cancellation_review,Medium,Customer or fulfillment cancellation,Closed
FUL002611,O027070,C000363,3635,2024-08-07,carrier_delay,High,Carrier route delay,Open
FUL002612,O027073,C000094,687,2024-08-07,carrier_delay,High,Carrier route delay,Open
FUL002613,O027079,C000498,11513,2024-08-07,carrier_delay,High,Carrier route delay,Open
FUL002614,O027090,C001049,434,2024-08-07,carrier_delay,High,Carrier route delay,Open
FUL002615,O027105,C001041,7974,2024-08-07,carrier_delay,High,Carrier route delay,Open
FUL002616,O027111,C001348,12424,2024-08-07,carrier_delay,High,Carrier route delay,Open
FUL002617,O027121,C000133,11983,2024-08-07,carrier_delay,High,Carrier route delay,Open
FUL002618,O027135,C000108,7417,2024-08-08,carrier_delay,High,Carrier route delay,Open
FUL002619,O027139,C000672,2362,2024-08-08,carrier_delay,High,Carrier route delay,Open
FUL002620,O002714,C001358,2325,2023-08-17,carrier_delay,High,Carrier route delay,Open
FUL002621,O027140,C001281,4798,2024-08-08,carrier_delay,High,Carrier route delay,Open
FUL002622,O027150,C001473,10039,2024-08-08,carrier_delay,High,Carrier route delay,Open
FUL002623,O027158,C000238,2330,2024-08-08,carrier_delay,High,Carrier route delay,Open
FUL002624,O027161,C001093,10617,2024-08-08,carrier_delay,High,Carrier route delay,Open
FUL002625,O027169,C001724,7721,2024-08-08,carrier_delay,High,Carrier route delay,Open
FUL002626,O027182,C000245,1747,2024-08-08,carrier_delay,High,Carrier route delay,Open
FUL002627,O027190,C000316,9833,2024-08-08,carrier_delay,High,Carrier route delay,Open
FUL002628,O027200,C000621,4704,2024-08-09,carrier_delay,High,Carrier route delay,Open
FUL002629,O027210,C000297,1636,2024-08-09,carrier_delay,High,Carrier route delay,Open
FUL002630,O027217,C000498,11513,2024-08-09,carrier_delay,High,Carrier route delay,Open
FUL002631,O027218,C000843,433,2024-08-09,carrier_delay,High,Carrier route delay,Open
FUL002632,O002722,C000941,6307,2023-08-17,carrier_delay,High,Carrier route delay,Open
FUL002633,O027229,C001891,7369,2024-08-09,carrier_delay,High,Carrier route delay,Open
FUL002634,O027230,C000275,5477,2024-08-09,carrier_delay,High,Carrier route delay,Open
FUL002635,O027234,C000549,2528,2024-08-09,carrier_delay,High,Carrier route delay,Open
FUL002636,O027237,C000189,7597,2024-08-09,carrier_delay,High,Carrier route delay,Open
FUL002637,O027239,C001330,7043,2024-08-09,carrier_delay,High,Carrier route delay,Open
FUL002638,O027240,C000661,12019,2024-08-09,carrier_delay,High,Carrier route delay,Open
FUL002639,O027245,C001101,2157,2024-08-09,carrier_delay,High,Carrier route delay,Open
FUL002640,O027249,C000102,11344,2024-08-09,carrier_delay,High,Carrier route delay,Open
FUL002641,O002725,C000838,5741,2023-08-17,carrier_delay,High,Carrier route delay,Open
FUL002642,O027265,C001748,1385,2024-08-09,carrier_delay,High,Carrier route delay,Open
FUL002643,O027270,C001383,8949,2024-08-10,carrier_delay,High,Carrier route delay,Open
FUL002644,O027275,C000540,4187,2024-08-10,carrier_delay,High,Carrier route delay,Open
FUL002645,O027289,C001874,7180,2024-08-10,carrier_delay,High,Carrier route delay,Open
FUL002646,O027295,C000327,7190,2024-08-10,carrier_delay,High,Carrier route delay,Open
FUL002647,O027297,C000083,9358,2024-08-10,carrier_delay,High,Carrier route delay,Open
FUL002648,O027299,C000053,9883,2024-08-10,carrier_delay,High,Carrier route delay,Open
FUL002649,O002730,C000416,8290,2023-08-17,carrier_delay,High,Carrier route delay,Open
FUL002650,O027300,C000267,8156,2024-08-10,carrier_delay,High,Carrier route delay,Open
FUL002651,O027305,C000127,4022,2024-08-10,carrier_delay,High,Carrier route delay,Open
FUL002652,O027307,C000242,685,2024-08-10,carrier_delay,High,Carrier route delay,Open
FUL002653,O027308,C001467,6566,2024-08-10,carrier_delay,High,Carrier route delay,Open
FUL002654,O027309,C000147,10829,2024-08-10,carrier_delay,High,Carrier route delay,Open
FUL002655,O027310,C000204,10699,2024-08-10,carrier_delay,High,Carrier route delay,Open
FUL002656,O027315,C000544,1853,2024-08-10,carrier_delay,High,Carrier route delay,Open
FUL002657,O027319,C001808,3155,2024-08-10,carrier_delay,High,Carrier route delay,Open
FUL002658,O027320,C000152,2113,2024-08-10,carrier_delay,High,Carrier route delay,Open
FUL002659,O027327,C001002,5481,2024-08-10,carrier_delay,High,Carrier route delay,Open
FUL002660,O027328,C000569,1571,2024-08-10,carrier_delay,High,Carrier route delay,Open
FUL002661,O027329,C000673,1906,2024-08-10,carrier_delay,High,Carrier route delay,Open
FUL002662,O027340,C001011,3071,2024-08-11,carrier_delay,High,Carrier route delay,Open
FUL002663,O027349,C000604,3184,2024-08-11,carrier_delay,High,Carrier route delay,Open
FUL002664,O027374,C001465,8328,2024-08-11,carrier_delay,High,Carrier route delay,Open
FUL002665,O027379,C001232,9924,2024-08-11,carrier_delay,High,Carrier route delay,Open
FUL002666,O002738,C001418,2310,2023-08-17,carrier_delay,High,Carrier route delay,Open
FUL002667,O027384,C001119,6023,2024-08-11,carrier_delay,High,Carrier route delay,Open
FUL002668,O027394,C000456,11741,2024-08-11,carrier_delay,High,Carrier route delay,Open
FUL002669,O027396,C000918,10554,2024-08-11,carrier_delay,High,Carrier route delay,Open
FUL002670,O000274,C000736,3365,2023-07-12,carrier_delay,High,Carrier route delay,Open
FUL002671,O002740,C000020,7200,2023-08-17,cancellation_review,Medium,Customer or fulfillment cancellation,Closed
FUL002672,O027407,C001338,4308,2024-08-12,carrier_delay,High,Carrier route delay,Open
FUL002673,O027422,C000418,1222,2024-08-12,carrier_delay,High,Carrier route delay,Open
FUL002674,O027429,C001253,4875,2024-08-12,carrier_delay,High,Carrier route delay,Open
FUL002675,O027432,C000749,11766,2024-08-12,carrier_delay,High,Carrier route delay,Open
FUL002676,O027433,C000801,10992,2024-08-12,carrier_delay,High,Carrier route delay,Open
FUL002677,O027455,C001873,222,2024-08-12,carrier_delay,High,Carrier route delay,Open
FUL002678,O027469,C001354,2078,2024-08-12,cancellation_review,Medium,Customer or fulfillment cancellation,Closed
FUL002679,O027470,C000830,1762,2024-08-12,carrier_delay,High,Carrier route delay,Open
FUL002680,O027475,C000474,5549,2024-08-13,carrier_delay,High,Carrier route delay,Open
FUL002681,O027490,C000160,5072,2024-08-13,carrier_delay,High,Carrier route delay,Open
FUL002682,O000275,C001470,10942,2023-07-12,carrier_delay,High,Carrier route delay,Open
FUL002683,O027507,C000250,6660,2024-08-13,carrier_delay,High,Carrier route delay,Open
FUL002684,O027509,C000564,5049,2024-08-13,carrier_delay,High,Carrier route delay,Open
FUL002685,O027512,C001646,4040,2024-08-13,carrier_delay,High,Carrier route delay,Open
FUL002686,O027513,C000141,2595,2024-08-13,carrier_delay,High,Carrier route delay,Open
FUL002687,O027517,C000999,620,2024-08-13,cancellation_review,Medium,Customer or fulfillment cancellation,Closed
FUL002688,O027532,C000285,12094,2024-08-13,carrier_delay,High,Carrier route delay,Open
FUL002689,O027535,C000060,5053,2024-08-13,cancellation_review,Medium,Customer or fulfillment cancellation,Closed
FUL002690,O027540,C001163,9554,2024-08-14,carrier_delay,High,Carrier route delay,Open
FUL002691,O027565,C001516,9181,2024-08-14,carrier_delay,High,Carrier route delay,Open
FUL002692,O002757,C000809,245,2023-08-18,carrier_delay,High,Carrier route delay,Open
FUL002693,O027581,C001530,6810,2024-08-14,carrier_delay,High,Carrier route delay,Open
FUL002694,O027583,C000407,4770,2024-08-14,carrier_delay,High,Carrier route delay,Open
FUL002695,O027585,C000025,12431,2024-08-14,carrier_delay,High,Carrier route delay,Open
FUL002696,O002759,C001868,10885,2023-08-18,carrier_delay,High,Carrier route delay,Open
FUL002697,O027591,C000224,1417,2024-08-14,carrier_delay,High,Carrier route delay,Open
FUL002698,O002760,C000932,11662,2023-08-18,carrier_delay,High,Carrier route delay,Open
FUL002699,O027609,C001799,8845,2024-08-15,carrier_delay,High,Carrier route delay,Open
FUL002700,O027614,C001603,10511,2024-08-15,carrier_delay,High,Carrier route delay,Open
FUL002701,O027639,C001962,534,2024-08-15,carrier_delay,High,Carrier route delay,Open
FUL002702,O027644,C001945,9338,2024-08-15,carrier_delay,High,Carrier route delay,Open
FUL002703,O027654,C000888,11678,2024-08-15,carrier_delay,High,Carrier route delay,Open
FUL002704,O002767,C001208,6356,2023-08-18,carrier_delay,High,Carrier route delay,Open
FUL002705,O027674,C000936,11694,2024-08-15,carrier_delay,High,Carrier route delay,Open
FUL002706,O027679,C000957,3482,2024-08-16,carrier_delay,High,Carrier route delay,Open
FUL002707,O027680,C001344,452,2024-08-16,carrier_delay,High,Carrier route delay,Open
FUL002708,O027689,C001055,7757,2024-08-16,carrier_delay,High,Carrier route delay,Open
FUL002709,O002769,C001775,9542,2023-08-18,carrier_delay,High,Carrier route delay,Open
FUL002710,O027695,C001351,4044,2024-08-16,carrier_delay,High,Carrier route delay,Open
FUL002711,O027722,C000521,640,2024-08-16,carrier_delay,High,Carrier route delay,Open
FUL002712,O027733,C001193,10766,2024-08-16,carrier_delay,High,Carrier route delay,Open
FUL002713,O027735,C000933,5011,2024-08-16,carrier_delay,High,Carrier route delay,Open
FUL002714,O027737,C000042,8517,2024-08-16,carrier_delay,High,Carrier route delay,Open
FUL002715,O027738,C000677,4667,2024-08-16,carrier_delay,High,Carrier route delay,Open
FUL002716,O002774,C001251,6672,2023-08-18,carrier_delay,High,Carrier route delay,Open
FUL002717,O027760,C000330,2462,2024-08-17,carrier_delay,High,Carrier route delay,Open
FUL002718,O027765,C000371,3337,2024-08-17,carrier_delay,High,Carrier route delay,Open
FUL002719,O027770,C001751,11728,2024-08-17,carrier_delay,High,Carrier route delay,Open
FUL002720,O027773,C000489,2555,2024-08-17,carrier_delay,High,Carrier route delay,Open
FUL002721,O027794,C000526,2451,2024-08-17,carrier_delay,High,Carrier route delay,Open
FUL002722,O027795,C000488,3655,2024-08-17,carrier_delay,High,Carrier route delay,Open
FUL002723,O027798,C000935,3128,2024-08-17,carrier_delay,High,Carrier route delay,Open
FUL002724,O027799,C000887,2365,2024-08-17,carrier_delay,High,Carrier route delay,Open
FUL002725,O002780,C000568,10327,2023-08-18,carrier_delay,High,Carrier route delay,Open
FUL002726,O027802,C001893,10932,2024-08-17,cancellation_review,Medium,Customer or fulfillment cancellation,Closed
FUL002727,O027803,C000691,7282,2024-08-17,carrier_delay,High,Carrier route delay,Open
FUL002728,O027809,C001308,10142,2024-08-17,carrier_delay,High,Carrier route delay,Open
FUL002729,O027810,C001136,9632,2024-08-17,carrier_delay,High,Carrier route delay,Open
FUL002730,O027819,C001561,11318,2024-08-18,carrier_delay,High,Carrier route delay,Open
FUL002731,O027825,C000496,2373,2024-08-18,carrier_delay,High,Carrier route delay,Open
FUL002732,O027830,C001274,8674,2024-08-18,carrier_delay,High,Carrier route delay,Open
FUL002733,O027860,C001661,10424,2024-08-18,carrier_delay,High,Carrier route delay,Open
FUL002734,O027868,C001354,2078,2024-08-18,carrier_delay,High,Carrier route delay,Open
FUL002735,O027873,C000962,9405,2024-08-18,carrier_delay,High,Carrier route delay,Open
FUL002736,O027880,C001023,12038,2024-08-18,carrier_delay,High,Carrier route delay,Open
FUL002737,O027889,C001360,2727,2024-08-19,carrier_delay,High,Carrier route delay,Open
FUL002738,O027909,C001044,3167,2024-08-19,carrier_delay,High,Carrier route delay,Open
FUL002739,O027915,C000039,5146,2024-08-19,carrier_delay,High,Carrier route delay,Open
FUL002740,O002792,C001632,9575,2023-08-18,carrier_delay,High,Carrier route delay,Open
FUL002741,O027924,C001289,6179,2024-08-19,carrier_delay,High,Carrier route delay,Open
FUL002742,O027925,C000818,9690,2024-08-19,carrier_delay,High,Carrier route delay,Open
FUL002743,O027927,C001662,1116,2024-08-19,carrier_delay,High,Carrier route delay,Open
FUL002744,O027937,C000337,11901,2024-08-19,carrier_delay,High,Carrier route delay,Open
FUL002745,O027959,C000363,3635,2024-08-20,carrier_delay,High,Carrier route delay,Open
FUL002746,O027964,C001403,3375,2024-08-20,carrier_delay,High,Carrier route delay,Open
FUL002747,O027978,C001391,187,2024-08-20,cancellation_review,Medium,Customer or fulfillment cancellation,Closed
FUL002748,O002799,C000231,9502,2023-08-18,carrier_delay,High,Carrier route delay,Open
FUL002749,O027990,C001201,8529,2024-08-20,carrier_delay,High,Carrier route delay,Open
FUL002750,O000280,C001717,11836,2023-07-13,carrier_delay,High,Carrier route delay,Open
FUL002751,O028030,C001996,9945,2024-08-21,carrier_delay,High,Carrier route delay,Open
FUL002752,O028045,C000224,1417,2024-08-21,carrier_delay,High,Carrier route delay,Open
FUL002753,O028059,C001707,10883,2024-08-21,carrier_delay,High,Carrier route delay,Open
FUL002754,O028077,C001087,376,2024-08-21,carrier_delay,High,Carrier route delay,Open
FUL002755,O028079,C000989,192,2024-08-21,carrier_delay,High,Carrier route delay,Open
FUL002756,O028085,C000674,5936,2024-08-21,carrier_delay,High,Carrier route delay,Open
FUL002757,O002809,C000116,2813,2023-08-18,carrier_delay,High,Carrier route delay,Open
FUL002758,O028091,C001555,1864,2024-08-22,cancellation_review,Medium,Customer or fulfillment cancellation,Closed
FUL002759,O028093,C000131,2074,2024-08-22,carrier_delay,High,Carrier route delay,Open
FUL002760,O002810,C000006,1288,2023-08-19,carrier_delay,High,Carrier route delay,Open
FUL002761,O028105,C000851,6319,2024-08-22,carrier_delay,High,Carrier route delay,Open
FUL002762,O028115,C000839,1498,2024-08-22,carrier_delay,High,Carrier route delay,Open
FUL002763,O028119,C001559,10801,2024-08-22,carrier_delay,High,Carrier route delay,Open
FUL002764,O028120,C001144,2169,2024-08-22,carrier_delay,High,Carrier route delay,Open
FUL002765,O002814,C000892,9847,2023-08-19,carrier_delay,High,Carrier route delay,Open
FUL002766,O028148,C001892,5227,2024-08-22,carrier_delay,High,Carrier route delay,Open
FUL002767,O028149,C001615,2257,2024-08-22,cancellation_review,Medium,Customer or fulfillment cancellation,Closed
FUL002768,O028150,C001671,12069,2024-08-22,carrier_delay,High,Carrier route delay,Open
FUL002769,O028155,C001179,10172,2024-08-22,carrier_delay,High,Carrier route delay,Open
FUL002770,O028175,C001733,8905,2024-08-23,carrier_delay,High,Carrier route delay,Open
FUL002771,O028177,C001579,3042,2024-08-23,carrier_delay,High,Carrier route delay,Open
FUL002772,O028184,C001546,512,2024-08-23,carrier_delay,High,Carrier route delay,Open
FUL002773,O028185,C001156,1058,2024-08-23,carrier_delay,High,Carrier route delay,Open
FUL002774,O028189,C000098,7670,2024-08-23,carrier_delay,High,Carrier route delay,Open
FUL002775,O028193,C000354,10013,2024-08-23,carrier_delay,High,Carrier route delay,Open
FUL002776,O028204,C000567,5267,2024-08-23,carrier_delay,High,Carrier route delay,Open
FUL002777,O028210,C001981,1069,2024-08-23,carrier_delay,High,Carrier route delay,Open
FUL002778,O028216,C001220,55,2024-08-23,carrier_delay,High,Carrier route delay,Open
FUL002779,O028219,C000285,12094,2024-08-23,carrier_delay,High,Carrier route delay,Open
FUL002780,O028234,C001974,4725,2024-08-24,carrier_delay,High,Carrier route delay,Open
FUL002781,O028244,C000025,12431,2024-08-24,carrier_delay,High,Carrier route delay,Open
FUL002782,O028257,C001702,9096,2024-08-24,carrier_delay,High,Carrier route delay,Open
FUL002783,O028282,C000337,11901,2024-08-24,carrier_delay,High,Carrier route delay,Open
FUL002784,O028284,C000842,1589,2024-08-24,carrier_delay,High,Carrier route delay,Open
FUL002785,O028290,C000014,664,2024-08-24,carrier_delay,High,Carrier route delay,Open
FUL002786,O028292,C000653,10533,2024-08-24,carrier_delay,High,Carrier route delay,Open
FUL002787,O028295,C001570,11560,2024-08-25,carrier_delay,High,Carrier route delay,Open
FUL002788,O028305,C001252,9862,2024-08-25,carrier_delay,High,Carrier route delay,Open
FUL002789,O028314,C001097,2610,2024-08-25,carrier_delay,High,Carrier route delay,Open
FUL002790,O028323,C001050,4276,2024-08-25,carrier_delay,High,Carrier route delay,Open
FUL002791,O028324,C000008,4249,2024-08-25,carrier_delay,High,Carrier route delay,Open
FUL002792,O028325,C000961,3993,2024-08-25,carrier_delay,High,Carrier route delay,Open
FUL002793,O028329,C000659,4212,2024-08-25,carrier_delay,High,Carrier route delay,Open
FUL002794,O002833,C001396,7844,2023-08-19,carrier_delay,High,Carrier route delay,Open
FUL002795,O028334,C000576,6430,2024-08-25,carrier_delay,High,Carrier route delay,Open
FUL002796,O028338,C001684,5829,2024-08-25,carrier_delay,High,Carrier route delay,Open
FUL002797,O028341,C000597,10834,2024-08-25,carrier_delay,High,Carrier route delay,Open
FUL002798,O028344,C000692,972,2024-08-25,cancellation_review,Medium,Customer or fulfillment cancellation,Closed
FUL002799,O002835,C000159,5493,2023-08-19,carrier_delay,High,Carrier route delay,Open
FUL002800,O028352,C000156,482,2024-08-25,cancellation_review,Medium,Customer or fulfillment cancellation,Closed
FUL002801,O028354,C000952,3133,2024-08-25,carrier_delay,High,Carrier route delay,Open
FUL002802,O028356,C001450,7439,2024-08-25,cancellation_review,Medium,Customer or fulfillment cancellation,Closed
FUL002803,O028364,C000715,1940,2024-08-26,carrier_delay,High,Carrier route delay,Open
FUL002804,O028380,C000739,5068,2024-08-26,carrier_delay,High,Carrier route delay,Open
FUL002805,O028440,C001713,10759,2024-08-27,carrier_delay,High,Carrier route delay,Open
FUL002806,O028443,C001709,10721,2024-08-27,carrier_delay,High,Carrier route delay,Open
FUL002807,O028444,C000738,11542,2024-08-27,carrier_delay,High,Carrier route delay,Open
FUL002808,O028447,C001536,2763,2024-08-27,carrier_delay,High,Carrier route delay,Open
FUL002809,O028448,C001912,3968,2024-08-27,carrier_delay,High,Carrier route delay,Open
FUL002810,O028450,C000281,1285,2024-08-27,carrier_delay,High,Carrier route delay,Open
FUL002811,O028460,C000762,4969,2024-08-27,carrier_delay,High,Carrier route delay,Open
FUL002812,O028464,C000066,450,2024-08-27,carrier_delay,High,Carrier route delay,Open
FUL002813,O028465,C000810,6459,2024-08-27,carrier_delay,High,Carrier route delay,Open
FUL002814,O028470,C001509,6457,2024-08-27,carrier_delay,High,Carrier route delay,Open
FUL002815,O028474,C000103,9337,2024-08-27,carrier_delay,High,Carrier route delay,Open
FUL002816,O028485,C001260,9352,2024-08-27,carrier_delay,High,Carrier route delay,Open
FUL002817,O002849,C000758,502,2023-08-19,carrier_delay,High,Carrier route delay,Open
FUL002818,O028490,C001149,956,2024-08-27,carrier_delay,High,Carrier route delay,Open
FUL002819,O028495,C000840,455,2024-08-27,carrier_delay,High,Carrier route delay,Open
FUL002820,O028497,C001831,11452,2024-08-27,carrier_delay,High,Carrier route delay,Open
FUL002821,O000285,C000933,5011,2023-07-13,carrier_delay,High,Carrier route delay,Open
FUL002822,O028500,C000555,3813,2024-08-28,carrier_delay,High,Carrier route delay,Open
FUL002823,O028501,C000638,9603,2024-08-28,carrier_delay,High,Carrier route delay,Open
FUL002824,O028505,C000251,11218,2024-08-28,carrier_delay,High,Carrier route delay,Open
FUL002825,O028520,C000207,1445,2024-08-28,cancellation_review,Medium,Customer or fulfillment cancellation,Closed
FUL002826,O028539,C000565,7,2024-08-28,carrier_delay,High,Carrier route delay,Open
FUL002827,O028540,C000742,10815,2024-08-28,carrier_delay,High,Carrier route delay,Open
FUL002828,O028545,C001362,2367,2024-08-28,carrier_delay,High,Carrier route delay,Open
FUL002829,O028550,C001889,8180,2024-08-28,carrier_delay,High,Carrier route delay,Open
FUL002830,O028554,C000241,7211,2024-08-28,carrier_delay,High,Carrier route delay,Open
FUL002831,O028558,C001423,6178,2024-08-28,carrier_delay,High,Carrier route delay,Open
FUL002832,O028564,C000065,11888,2024-08-28,carrier_delay,High,Carrier route delay,Open
FUL002833,O028565,C000371,3337,2024-08-28,carrier_delay,High,Carrier route delay,Open
FUL002834,O002857,C000360,6623,2023-08-19,carrier_delay,High,Carrier route delay,Open
FUL002835,O028570,C000687,3754,2024-08-29,cancellation_review,Medium,Customer or fulfillment cancellation,Closed
FUL002836,O028574,C000014,664,2024-08-29,carrier_delay,High,Carrier route delay,Open
FUL002837,O028580,C000586,11576,2024-08-29,carrier_delay,High,Carrier route delay,Open
FUL002838,O002859,C000054,9494,2023-08-19,carrier_delay,High,Carrier route delay,Open
FUL002839,O028593,C000821,3074,2024-08-29,carrier_delay,High,Carrier route delay,Open
FUL002840,O028598,C001424,5518,2024-08-29,cancellation_review,Medium,Customer or fulfillment cancellation,Closed
FUL002841,O028599,C000001,791,2024-08-29,carrier_delay,High,Carrier route delay,Open
FUL002842,O028604,C000350,1054,2024-08-29,carrier_delay,High,Carrier route delay,Open
FUL002843,O028610,C000350,1054,2024-08-29,carrier_delay,High,Carrier route delay,Open
FUL002844,O028615,C001926,3331,2024-08-29,carrier_delay,High,Carrier route delay,Open
FUL002845,O028617,C000100,11378,2024-08-29,carrier_delay,High,Carrier route delay,Open
FUL002846,O028629,C000379,3603,2024-08-29,carrier_delay,High,Carrier route delay,Open
FUL002847,O028639,C000270,6474,2024-08-30,carrier_delay,High,Carrier route delay,Open
FUL002848,O028640,C000132,11426,2024-08-30,carrier_delay,High,Carrier route delay,Open
FUL002849,O028644,C001037,254,2024-08-30,carrier_delay,High,Carrier route delay,Open
FUL002850,O028645,C000375,634,2024-08-30,carrier_delay,High,Carrier route delay,Open
FUL002851,O028653,C001883,9176,2024-08-30,carrier_delay,High,Carrier route delay,Open
FUL002852,O028659,C001156,1058,2024-08-30,carrier_delay,High,Carrier route delay,Open
FUL002853,O028664,C001155,8808,2024-08-30,carrier_delay,High,Carrier route delay,Open
FUL002854,O028684,C000335,12205,2024-08-30,carrier_delay,High,Carrier route delay,Open
FUL002855,O028685,C000059,9962,2024-08-30,carrier_delay,High,Carrier route delay,Open
FUL002856,O028709,C001744,9932,2024-08-31,carrier_delay,High,Carrier route delay,Open
FUL002857,O028712,C001812,2589,2024-08-31,carrier_delay,High,Carrier route delay,Open
FUL002858,O028719,C000010,5624,2024-08-31,carrier_delay,High,Carrier route delay,Open
FUL002859,O028725,C000845,5093,2024-08-31,carrier_delay,High,Carrier route delay,Open
FUL002860,O028732,C000009,5654,2024-08-31,carrier_delay,High,Carrier route delay,Open
FUL002861,O028739,C000715,1940,2024-08-31,carrier_delay,High,Carrier route delay,Open
FUL002862,O028742,C001208,6356,2024-08-31,carrier_delay,High,Carrier route delay,Open
FUL002863,O002875,C000589,4914,2023-08-19,carrier_delay,High,Carrier route delay,Open
FUL002864,O028750,C000630,1832,2024-08-31,carrier_delay,High,Carrier route delay,Open
FUL002865,O028754,C001429,3656,2024-08-31,carrier_delay,High,Carrier route delay,Open
FUL002866,O028760,C000956,12362,2024-08-31,carrier_delay,High,Carrier route delay,Open
FUL002867,O028764,C001062,4861,2024-08-31,carrier_delay,High,Carrier route delay,Open
FUL002868,O028769,C001083,6788,2024-08-31,carrier_delay,High,Carrier route delay,Open
FUL002869,O028775,C000374,12106,2024-09-01,carrier_delay,High,Carrier route delay,Open
FUL002870,O002878,C000926,2083,2023-08-19,carrier_delay,High,Carrier route delay,Open
FUL002871,O028780,C000833,11606,2024-09-01,carrier_delay,High,Carrier route delay,Open
FUL002872,O028797,C000806,9248,2024-09-01,carrier_delay,High,Carrier route delay,Open
FUL002873,O028798,C000689,6086,2024-09-01,carrier_delay,High,Carrier route delay,Open
FUL002874,O028799,C001107,12382,2024-09-01,carrier_delay,High,Carrier route delay,Open
FUL002875,O028805,C001168,11512,2024-09-01,carrier_delay,High,Carrier route delay,Open
FUL002876,O028811,C001361,11154,2024-09-01,cancellation_review,Medium,Customer or fulfillment cancellation,Closed
FUL002877,O028817,C000600,7268,2024-09-01,carrier_delay,High,Carrier route delay,Open
FUL002878,O028820,C001371,4505,2024-09-01,carrier_delay,High,Carrier route delay,Open
FUL002879,O028837,C001634,9972,2024-09-01,carrier_delay,High,Carrier route delay,Open
FUL002880,O028839,C000052,2484,2024-09-01,carrier_delay,High,Carrier route delay,Open
FUL002881,O028842,C000342,4936,2024-09-02,carrier_delay,High,Carrier route delay,Open
FUL002882,O028844,C001324,11897,2024-09-02,cancellation_review,Medium,Customer or fulfillment cancellation,Closed
FUL002883,O028859,C001772,1773,2024-09-02,carrier_delay,High,Carrier route delay,Open
FUL002884,O028860,C001832,4235,2024-09-02,carrier_delay,High,Carrier route delay,Open
FUL002885,O028864,C001003,1715,2024-09-02,carrier_delay,High,Carrier route delay,Open
FUL002886,O028876,C001548,8193,2024-09-02,carrier_delay,High,Carrier route delay,Open
FUL002887,O028883,C000583,7777,2024-09-02,carrier_delay,High,Carrier route delay,Open
FUL002888,O028885,C001048,10269,2024-09-02,carrier_delay,High,Carrier route delay,Open
FUL002889,O028890,C001038,9607,2024-09-02,carrier_delay,High,Carrier route delay,Open
FUL002890,O028899,C000349,10635,2024-09-02,carrier_delay,High,Carrier route delay,Open
FUL002891,O028905,C001678,1375,2024-09-02,carrier_delay,High,Carrier route delay,Open
FUL002892,O028907,C000085,6341,2024-09-02,carrier_delay,High,Carrier route delay,Open
FUL002893,O028910,C000341,11422,2024-09-03,carrier_delay,High,Carrier route delay,Open
FUL002894,O028929,C000390,6970,2024-09-03,cancellation_review,Medium,Customer or fulfillment cancellation,Closed
FUL002895,O028950,C001421,11929,2024-09-03,carrier_delay,High,Carrier route delay,Open
FUL002896,O028970,C001269,514,2024-09-03,carrier_delay,High,Carrier route delay,Open
FUL002897,O028973,C000287,1824,2024-09-03,carrier_delay,High,Carrier route delay,Open
FUL002898,O028974,C000908,5865,2024-09-03,carrier_delay,High,Carrier route delay,Open
FUL002899,O028980,C000244,5952,2024-09-04,carrier_delay,High,Carrier route delay,Open
FUL002900,O028994,C000203,1107,2024-09-04,carrier_delay,High,Carrier route delay,Open
FUL002901,O029014,C000616,6359,2024-09-04,carrier_delay,High,Carrier route delay,Open
FUL002902,O029020,C001689,1331,2024-09-04,carrier_delay,High,Carrier route delay,Open
FUL002903,O029024,C000910,2669,2024-09-04,carrier_delay,High,Carrier route delay,Open
FUL002904,O029035,C000571,8370,2024-09-04,carrier_delay,High,Carrier route delay,Open
FUL002905,O029065,C001830,342,2024-09-05,carrier_delay,High,Carrier route delay,Open
FUL002906,O029083,C001615,2257,2024-09-05,carrier_delay,High,Carrier route delay,Open
FUL002907,O029089,C000772,40,2024-09-05,carrier_delay,High,Carrier route delay,Open
FUL002908,O029094,C000266,7789,2024-09-05,carrier_delay,High,Carrier route delay,Open
FUL002909,O002910,C001172,7593,2023-08-20,carrier_delay,High,Carrier route delay,Open
FUL002910,O029100,C000947,5296,2024-09-05,carrier_delay,High,Carrier route delay,Open
FUL002911,O029109,C000025,12431,2024-09-05,carrier_delay,High,Carrier route delay,Open
FUL002912,O029110,C000170,6303,2024-09-05,carrier_delay,High,Carrier route delay,Open
FUL002913,O029115,C000417,4596,2024-09-05,carrier_delay,High,Carrier route delay,Open
FUL002914,O029128,C000519,5331,2024-09-06,carrier_delay,High,Carrier route delay,Open
FUL002915,O029131,C000272,8652,2024-09-06,cancellation_review,Medium,Customer or fulfillment cancellation,Closed
FUL002916,O029138,C001464,11073,2024-09-06,carrier_delay,High,Carrier route delay,Open
FUL002917,O029148,C001492,11875,2024-09-06,cancellation_review,Medium,Customer or fulfillment cancellation,Closed
FUL002918,O029149,C001746,8607,2024-09-06,carrier_delay,High,Carrier route delay,Open
FUL002919,O029156,C000649,9077,2024-09-06,carrier_delay,High,Carrier route delay,Open
FUL002920,O029158,C000004,1657,2024-09-06,carrier_delay,High,Carrier route delay,Open
FUL002921,O029163,C001601,377,2024-09-06,carrier_delay,High,Carrier route delay,Open
FUL002922,O029167,C000042,8517,2024-09-06,carrier_delay,High,Carrier route delay,Open
FUL002923,O029180,C000093,1540,2024-09-06,carrier_delay,High,Carrier route delay,Open
FUL002924,O029200,C000593,4318,2024-09-07,carrier_delay,High,Carrier route delay,Open
FUL002925,O029216,C000220,2220,2024-09-07,cancellation_review,Medium,Customer or fulfillment cancellation,Closed
FUL002926,O029218,C000566,10500,2024-09-07,carrier_delay,High,Carrier route delay,Open
FUL002927,O029230,C000836,11133,2024-09-07,carrier_delay,High,Carrier route delay,Open
FUL002928,O029233,C000225,8522,2024-09-07,carrier_delay,High,Carrier route delay,Open
FUL002929,O029239,C001063,8233,2024-09-07,carrier_delay,High,Carrier route delay,Open
FUL002930,O029245,C001369,10296,2024-09-07,carrier_delay,High,Carrier route delay,Open
FUL002931,O029258,C000479,4406,2024-09-08,carrier_delay,High,Carrier route delay,Open
FUL002932,O002926,C001756,4528,2023-08-20,carrier_delay,High,Carrier route delay,Open
FUL002933,O002927,C000878,2252,2023-08-20,carrier_delay,High,Carrier route delay,Open
FUL002934,O029270,C001694,6187,2024-09-08,carrier_delay,High,Carrier route delay,Open
FUL002935,O029279,C001555,1864,2024-09-08,carrier_delay,High,Carrier route delay,Open
FUL002936,O029289,C001722,9813,2024-09-08,carrier_delay,High,Carrier route delay,Open
FUL002937,O029317,C000999,620,2024-09-08,cancellation_review,Medium,Customer or fulfillment cancellation,Closed
FUL002938,O029324,C001067,6759,2024-09-09,carrier_delay,High,Carrier route delay,Open
FUL002939,O029325,C000366,1721,2024-09-09,carrier_delay,High,Carrier route delay,Open
FUL002940,O029330,C001871,7161,2024-09-09,carrier_delay,High,Carrier route delay,Open
FUL002941,O002934,C000855,7677,2023-08-20,carrier_delay,High,Carrier route delay,Open
FUL002942,O029340,C001678,1375,2024-09-09,carrier_delay,High,Carrier route delay,Open
FUL002943,O029349,C000191,10129,2024-09-09,carrier_delay,High,Carrier route delay,Open
FUL002944,O029350,C001491,10454,2024-09-09,carrier_delay,High,Carrier route delay,Open
FUL002945,O029354,C000550,9018,2024-09-09,carrier_delay,High,Carrier route delay,Open
FUL002946,O029364,C000589,4914,2024-09-09,carrier_delay,High,Carrier route delay,Open
FUL002947,O029369,C000998,8790,2024-09-09,carrier_delay,High,Carrier route delay,Open
FUL002948,O029375,C000455,10211,2024-09-09,carrier_delay,High,Carrier route delay,Open
FUL002949,O029384,C001729,8229,2024-09-09,carrier_delay,High,Carrier route delay,Open
FUL002950,O002939,C001077,5660,2023-08-20,carrier_delay,High,Carrier route delay,Open
FUL002951,O029420,C000093,1540,2024-09-10,carrier_delay,High,Carrier route delay,Open
FUL002952,O029426,C000804,10278,2024-09-10,carrier_delay,High,Carrier route delay,Open
FUL002953,O029427,C000562,2540,2024-09-10,carrier_delay,High,Carrier route delay,Open
FUL002954,O029431,C000697,4806,2024-09-10,cancellation_review,Medium,Customer or fulfillment cancellation,Closed
FUL002955,O029435,C000363,3635,2024-09-10,carrier_delay,High,Carrier route delay,Open
FUL002956,O029438,C000230,5583,2024-09-10,cancellation_review,Medium,Customer or fulfillment cancellation,Closed
FUL002957,O029440,C001766,1909,2024-09-10,carrier_delay,High,Carrier route delay,Open
FUL002958,O002945,C001062,4861,2023-08-20,cancellation_review,Medium,Customer or fulfillment cancellation,Closed
FUL002959,O029450,C000414,5570,2024-09-10,carrier_delay,High,Carrier route delay,Open
FUL002960,O029471,C000498,11513,2024-09-11,carrier_delay,High,Carrier route delay,Open
FUL002961,O029482,C000382,7457,2024-09-11,carrier_delay,High,Carrier route delay,Open
FUL002962,O029484,C001171,7716,2024-09-11,carrier_delay,High,Carrier route delay,Open
FUL002963,O029486,C000207,1445,2024-09-11,carrier_delay,High,Carrier route delay,Open
FUL002964,O029487,C000284,3031,2024-09-11,carrier_delay,High,Carrier route delay,Open
FUL002965,O029489,C000646,7616,2024-09-11,carrier_delay,High,Carrier route delay,Open
FUL002966,O029490,C001255,3677,2024-09-11,carrier_delay,High,Carrier route delay,Open
FUL002967,O000295,C000362,1937,2023-07-13,carrier_delay,High,Carrier route delay,Open
FUL002968,O029514,C001627,3752,2024-09-11,carrier_delay,High,Carrier route delay,Open
FUL002969,O029515,C000795,9819,2024-09-11,carrier_delay,High,Carrier route delay,Open
FUL002970,O029518,C001041,7974,2024-09-11,carrier_delay,High,Carrier route delay,Open
FUL002971,O029524,C000455,10211,2024-09-11,carrier_delay,High,Carrier route delay,Open
FUL002972,O029538,C001291,6737,2024-09-12,carrier_delay,High,Carrier route delay,Open
FUL002973,O029542,C001152,5388,2024-09-12,carrier_delay,High,Carrier route delay,Open
FUL002974,O029544,C001585,8013,2024-09-12,carrier_delay,High,Carrier route delay,Open
FUL002975,O029547,C000217,5875,2024-09-12,carrier_delay,High,Carrier route delay,Open
FUL002976,O029560,C000200,11475,2024-09-12,carrier_delay,High,Carrier route delay,Open
FUL002977,O029562,C001611,1889,2024-09-12,carrier_delay,High,Carrier route delay,Open
FUL002978,O029577,C000956,12362,2024-09-12,carrier_delay,High,Carrier route delay,Open
FUL002979,O029579,C001025,9356,2024-09-12,carrier_delay,High,Carrier route delay,Open
FUL002980,O029592,C001262,5204,2024-09-12,carrier_delay,High,Carrier route delay,Open
FUL002981,O029598,C000992,3235,2024-09-13,cancellation_review,Medium,Customer or fulfillment cancellation,Closed
FUL002982,O029609,C000703,465,2024-09-13,carrier_delay,High,Carrier route delay,Open
FUL002983,O002961,C000901,4186,2023-08-21,carrier_delay,High,Carrier route delay,Open
FUL002984,O029615,C000613,3180,2024-09-13,carrier_delay,High,Carrier route delay,Open
FUL002985,O029624,C000924,12213,2024-09-13,carrier_delay,High,Carrier route delay,Open
FUL002986,O029629,C000656,11224,2024-09-13,carrier_delay,High,Carrier route delay,Open
FUL002987,O029633,C001863,1618,2024-09-13,carrier_delay,High,Carrier route delay,Open
FUL002988,O029650,C000354,10013,2024-09-13,carrier_delay,High,Carrier route delay,Open
FUL002989,O029653,C001898,8352,2024-09-13,carrier_delay,High,Carrier route delay,Open
FUL002990,O029655,C001291,6737,2024-09-13,cancellation_review,Medium,Customer or fulfillment cancellation,Closed
FUL002991,O029665,C001977,11672,2024-09-14,carrier_delay,High,Carrier route delay,Open
FUL002992,O029667,C000140,5001,2024-09-14,carrier_delay,High,Carrier route delay,Open
FUL002993,O029689,C000496,2373,2024-09-14,carrier_delay,High,Carrier route delay,Open
FUL002994,O029690,C001126,5594,2024-09-14,carrier_delay,High,Carrier route delay,Open
FUL002995,O029696,C000048,5217,2024-09-14,cancellation_review,Medium,Customer or fulfillment cancellation,Closed
FUL002996,O029699,C000367,5446,2024-09-14,carrier_delay,High,Carrier route delay,Open
FUL002997,O002970,C000575,1810,2023-08-21,carrier_delay,High,Carrier route delay,Open
FUL002998,O029710,C001438,9305,2024-09-14,carrier_delay,High,Carrier route delay,Open
FUL002999,O029717,C001065,5548,2024-09-14,carrier_delay,High,Carrier route delay,Open
FUL003000,O029720,C000691,7282,2024-09-14,carrier_delay,High,Carrier route delay,Open
FUL003001,O029725,C000780,9341,2024-09-14,carrier_delay,High,Carrier route delay,Open
FUL003002,O029734,C001397,10194,2024-09-15,carrier_delay,High,Carrier route delay,Open
FUL003003,O029735,C001973,4436,2024-09-15,carrier_delay,High,Carrier route delay,Open
FUL003004,O029740,C001820,5719,2024-09-15,carrier_delay,High,Carrier route delay,Open
FUL003005,O029742,C001056,3678,2024-09-15,carrier_delay,High,Carrier route delay,Open
FUL003006,O029743,C001170,7910,2024-09-15,carrier_delay,High,Carrier route delay,Open
FUL003007,O029747,C000098,7670,2024-09-15,carrier_delay,High,Carrier route delay,Open
FUL003008,O029749,C000663,4399,2024-09-15,carrier_delay,High,Carrier route delay,Open
FUL003009,O029754,C001300,354,2024-09-15,carrier_delay,High,Carrier route delay,Open
FUL003010,O029756,C000585,11056,2024-09-15,carrier_delay,High,Carrier route delay,Open
FUL003011,O029757,C000485,5311,2024-09-15,carrier_delay,High,Carrier route delay,Open
FUL003012,O029759,C000142,3550,2024-09-15,carrier_delay,High,Carrier route delay,Open
FUL003013,O029761,C000701,4939,2024-09-15,carrier_delay,High,Carrier route delay,Open
FUL003014,O029762,C001450,7439,2024-09-15,carrier_delay,High,Carrier route delay,Open
FUL003015,O029765,C000263,6137,2024-09-15,cancellation_review,Medium,Customer or fulfillment cancellation,Closed
FUL003016,O029785,C000051,341,2024-09-15,carrier_delay,High,Carrier route delay,Open
FUL003017,O029787,C000790,12432,2024-09-15,carrier_delay,High,Carrier route delay,Open
FUL003018,O029808,C001472,7738,2024-09-16,carrier_delay,High,Carrier route delay,Open
FUL003019,O029809,C000506,9053,2024-09-16,carrier_delay,High,Carrier route delay,Open
FUL003020,O029814,C001640,10220,2024-09-16,carrier_delay,High,Carrier route delay,Open
FUL003021,O029815,C000400,3373,2024-09-16,carrier_delay,High,Carrier route delay,Open
FUL003022,O002982,C001133,9162,2023-08-21,carrier_delay,High,Carrier route delay,Open
FUL003023,O029820,C000531,8613,2024-09-16,carrier_delay,High,Carrier route delay,Open
FUL003024,O002983,C000284,3031,2023-08-21,carrier_delay,High,Carrier route delay,Open
FUL003025,O029830,C000383,5395,2024-09-16,carrier_delay,High,Carrier route delay,Open
FUL003026,O029832,C001564,10042,2024-09-16,carrier_delay,High,Carrier route delay,Open
FUL003027,O029833,C001476,6253,2024-09-16,carrier_delay,High,Carrier route delay,Open
FUL003028,O029835,C000057,1920,2024-09-16,carrier_delay,High,Carrier route delay,Open
FUL003029,O029839,C001000,9191,2024-09-16,carrier_delay,High,Carrier route delay,Open
FUL003030,O029843,C001723,10138,2024-09-16,carrier_delay,High,Carrier route delay,Open
FUL003031,O029851,C000434,8171,2024-09-16,cancellation_review,Medium,Customer or fulfillment cancellation,Closed
FUL003032,O029855,C001525,9384,2024-09-16,carrier_delay,High,Carrier route delay,Open
FUL003033,O029859,C000311,3038,2024-09-16,carrier_delay,High,Carrier route delay,Open
FUL003034,O002986,C001057,11306,2023-08-21,carrier_delay,High,Carrier route delay,Open
FUL003035,O029864,C000735,4904,2024-09-16,carrier_delay,High,Carrier route delay,Open
FUL003036,O029875,C000107,9490,2024-09-17,carrier_delay,High,Carrier route delay,Open
FUL003037,O029880,C000585,11056,2024-09-17,carrier_delay,High,Carrier route delay,Open
FUL003038,O029889,C000797,5672,2024-09-17,carrier_delay,High,Carrier route delay,Open
FUL003039,O029904,C001007,8398,2024-09-17,carrier_delay,High,Carrier route delay,Open
FUL003040,O029905,C000786,9459,2024-09-17,carrier_delay,High,Carrier route delay,Open
FUL003041,O002992,C000659,4212,2023-08-21,carrier_delay,High,Carrier route delay,Open
FUL003042,O029924,C000673,1906,2024-09-17,carrier_delay,High,Carrier route delay,Open
FUL003043,O029930,C000789,7988,2024-09-17,carrier_delay,High,Carrier route delay,Open
FUL003044,O029932,C000139,2224,2024-09-17,carrier_delay,High,Carrier route delay,Open
FUL003045,O029935,C000647,4807,2024-09-17,carrier_delay,High,Carrier route delay,Open
FUL003046,O029937,C001971,12045,2024-09-17,carrier_delay,High,Carrier route delay,Open
FUL003047,O029938,C000962,9405,2024-09-18,carrier_delay,High,Carrier route delay,Open
FUL003048,O002994,C001582,10839,2023-08-21,carrier_delay,High,Carrier route delay,Open
FUL003049,O029955,C000951,11127,2024-09-18,carrier_delay,High,Carrier route delay,Open
FUL003050,O029980,C001042,5878,2024-09-18,carrier_delay,High,Carrier route delay,Open
FUL003051,O029988,C001385,4016,2024-09-18,carrier_delay,High,Carrier route delay,Open
FUL003052,O029989,C001984,6755,2024-09-18,cancellation_review,Medium,Customer or fulfillment cancellation,Closed
FUL003053,O029990,C000869,2134,2024-09-18,carrier_delay,High,Carrier route delay,Open
FUL003054,O000030,C001473,10039,2023-07-09,carrier_delay,High,Carrier route delay,Open
FUL003055,O030000,C001495,9683,2024-09-18,carrier_delay,High,Carrier route delay,Open
FUL003056,O030003,C001613,2110,2024-09-18,carrier_delay,High,Carrier route delay,Open
FUL003057,O030008,C001152,5388,2024-09-19,carrier_delay,High,Carrier route delay,Open
FUL003058,O030023,C000381,7744,2024-09-19,carrier_delay,High,Carrier route delay,Open
FUL003059,O030029,C001120,11407,2024-09-19,carrier_delay,High,Carrier route delay,Open
FUL003060,O030043,C001304,10442,2024-09-19,carrier_delay,High,Carrier route delay,Open
FUL003061,O030044,C000465,10438,2024-09-19,carrier_delay,High,Carrier route delay,Open
FUL003062,O030047,C001949,3147,2024-09-19,carrier_delay,High,Carrier route delay,Open
FUL003063,O030049,C000977,625,2024-09-19,carrier_delay,High,Carrier route delay,Open
FUL003064,O030060,C000315,1979,2024-09-19,carrier_delay,High,Carrier route delay,Open
FUL003065,O030068,C000784,4557,2024-09-19,carrier_delay,High,Carrier route delay,Open
FUL003066,O030085,C000581,10071,2024-09-20,carrier_delay,High,Carrier route delay,Open
FUL003067,O003009,C000266,7789,2023-08-21,carrier_delay,High,Carrier route delay,Open
FUL003068,O030094,C001214,5941,2024-09-20,carrier_delay,High,Carrier route delay,Open
FUL003069,O030099,C000180,5778,2024-09-20,carrier_delay,High,Carrier route delay,Open
FUL003070,O030102,C001538,9402,2024-09-20,carrier_delay,High,Carrier route delay,Open
FUL003071,O030109,C001120,11407,2024-09-20,carrier_delay,High,Carrier route delay,Open
FUL003072,O030114,C001077,5660,2024-09-20,carrier_delay,High,Carrier route delay,Open
FUL003073,O030119,C000664,6393,2024-09-20,carrier_delay,High,Carrier route delay,Open
FUL003074,O030124,C001277,1223,2024-09-20,carrier_delay,High,Carrier route delay,Open
FUL003075,O030129,C001463,6671,2024-09-20,carrier_delay,High,Carrier route delay,Open
FUL003076,O030137,C001920,1651,2024-09-20,carrier_delay,High,Carrier route delay,Open
FUL003077,O030140,C001179,10172,2024-09-20,carrier_delay,High,Carrier route delay,Open
FUL003078,O003015,C001473,10039,2023-08-21,carrier_delay,High,Carrier route delay,Open
FUL003079,O030150,C001218,5203,2024-09-21,carrier_delay,High,Carrier route delay,Open
FUL003080,O030159,C000571,8370,2024-09-21,carrier_delay,High,Carrier route delay,Open
FUL003081,O030177,C001064,11077,2024-09-21,cancellation_review,Medium,Customer or fulfillment cancellation,Closed
FUL003082,O030200,C000348,1782,2024-09-21,carrier_delay,High,Carrier route delay,Open
FUL003083,O030202,C000109,4812,2024-09-21,cancellation_review,Medium,Customer or fulfillment cancellation,Closed
FUL003084,O030208,C000042,8517,2024-09-21,carrier_delay,High,Carrier route delay,Open
FUL003085,O030210,C001046,9721,2024-09-21,carrier_delay,High,Carrier route delay,Open
FUL003086,O030215,C001724,7721,2024-09-22,carrier_delay,High,Carrier route delay,Open
FUL003087,O030224,C000628,6428,2024-09-22,carrier_delay,High,Carrier route delay,Open
FUL003088,O030228,C000273,2303,2024-09-22,carrier_delay,High,Carrier route delay,Open
FUL003089,O030235,C001382,8499,2024-09-22,carrier_delay,High,Carrier route delay,Open
FUL003090,O030254,C001181,1847,2024-09-22,carrier_delay,High,Carrier route delay,Open
FUL003091,O030255,C001621,2646,2024-09-22,carrier_delay,High,Carrier route delay,Open
FUL003092,O030269,C000038,11017,2024-09-22,cancellation_review,Medium,Customer or fulfillment cancellation,Closed
FUL003093,O030274,C001001,9273,2024-09-22,cancellation_review,Medium,Customer or fulfillment cancellation,Closed
FUL003094,O030275,C001639,4915,2024-09-22,carrier_delay,High,Carrier route delay,Open
FUL003095,O030279,C000416,8290,2024-09-22,carrier_delay,High,Carrier route delay,Open
FUL003096,O030284,C001917,3951,2024-09-23,carrier_delay,High,Carrier route delay,Open
FUL003097,O030288,C000273,2303,2024-09-23,carrier_delay,High,Carrier route delay,Open
FUL003098,O030290,C001400,10898,2024-09-23,carrier_delay,High,Carrier route delay,Open
FUL003099,O030294,C000900,9969,2024-09-23,carrier_delay,High,Carrier route delay,Open
FUL003100,O030295,C000372,4514,2024-09-23,carrier_delay,High,Carrier route delay,Open
FUL003101,O030299,C000336,2537,2024-09-23,carrier_delay,High,Carrier route delay,Open
FUL003102,O030300,C000430,10845,2024-09-23,carrier_delay,High,Carrier route delay,Open
FUL003103,O030303,C001034,326,2024-09-23,carrier_delay,High,Carrier route delay,Open
FUL003104,O030305,C000607,9702,2024-09-23,carrier_delay,High,Carrier route delay,Open
FUL003105,O030310,C001395,9573,2024-09-23,carrier_delay,High,Carrier route delay,Open
FUL003106,O030314,C001780,7006,2024-09-23,carrier_delay,High,Carrier route delay,Open
FUL003107,O030315,C001479,7758,2024-09-23,carrier_delay,High,Carrier route delay,Open
FUL003108,O003033,C000190,7717,2023-08-22,carrier_delay,High,Carrier route delay,Open
FUL003109,O030370,C000752,1627,2024-09-24,carrier_delay,High,Carrier route delay,Open
FUL003110,O030384,C000845,5093,2024-09-24,carrier_delay,High,Carrier route delay,Open
FUL003111,O030385,C001279,3316,2024-09-24,carrier_delay,High,Carrier route delay,Open
FUL003112,O030397,C000705,3977,2024-09-24,carrier_delay,High,Carrier route delay,Open
FUL003113,O030413,C001248,11106,2024-09-24,carrier_delay,High,Carrier route delay,Open
FUL003114,O030414,C001995,9670,2024-09-24,carrier_delay,High,Carrier route delay,Open
FUL003115,O030434,C000641,4200,2024-09-25,carrier_delay,High,Carrier route delay,Open
FUL003116,O030440,C000377,3498,2024-09-25,carrier_delay,High,Carrier route delay,Open
FUL003117,O030444,C001082,1466,2024-09-25,carrier_delay,High,Carrier route delay,Open
FUL003118,O030450,C000658,10916,2024-09-25,carrier_delay,High,Carrier route delay,Open
FUL003119,O030451,C000237,938,2024-09-25,carrier_delay,High,Carrier route delay,Open
FUL003120,O030475,C001759,4079,2024-09-25,carrier_delay,High,Carrier route delay,Open
FUL003121,O030482,C000795,9819,2024-09-25,cancellation_review,Medium,Customer or fulfillment cancellation,Closed
FUL003122,O030485,C001981,1069,2024-09-25,carrier_delay,High,Carrier route delay,Open
FUL003123,O030490,C000615,12189,2024-09-26,carrier_delay,High,Carrier route delay,Open
FUL003124,O030496,C000317,4290,2024-09-26,carrier_delay,High,Carrier route delay,Open
FUL003125,O030500,C000626,11554,2024-09-26,carrier_delay,High,Carrier route delay,Open
FUL003126,O030507,C001598,2321,2024-09-26,carrier_delay,High,Carrier route delay,Open
FUL003127,O030508,C000056,1695,2024-09-26,carrier_delay,High,Carrier route delay,Open
FUL003128,O030515,C001935,11997,2024-09-26,cancellation_review,Medium,Customer or fulfillment cancellation,Closed
FUL003129,O030519,C000335,12205,2024-09-26,carrier_delay,High,Carrier route delay,Open
FUL003130,O030528,C001822,2129,2024-09-26,carrier_delay,High,Carrier route delay,Open
FUL003131,O003054,C000483,578,2023-08-22,carrier_delay,High,Carrier route delay,Open
FUL003132,O030544,C000204,10699,2024-09-26,carrier_delay,High,Carrier route delay,Open
FUL003133,O030557,C000154,1588,2024-09-27,cancellation_review,Medium,Customer or fulfillment cancellation,Closed
FUL003134,O030565,C000386,688,2024-09-27,carrier_delay,High,Carrier route delay,Open
FUL003135,O030569,C000812,4863,2024-09-27,carrier_delay,High,Carrier route delay,Open
FUL003136,O030584,C001374,1851,2024-09-27,carrier_delay,High,Carrier route delay,Open
FUL003137,O030589,C000132,11426,2024-09-27,carrier_delay,High,Carrier route delay,Open
FUL003138,O030609,C001407,11311,2024-09-27,carrier_delay,High,Carrier route delay,Open
FUL003139,O030662,C001653,11789,2024-09-28,carrier_delay,High,Carrier route delay,Open
FUL003140,O030664,C001730,4133,2024-09-28,carrier_delay,High,Carrier route delay,Open
FUL003141,O030665,C001314,290,2024-09-28,carrier_delay,High,Carrier route delay,Open
FUL003142,O003067,C000135,6049,2023-08-22,carrier_delay,High,Carrier route delay,Open
FUL003143,O030672,C000074,11048,2024-09-28,carrier_delay,High,Carrier route delay,Open
FUL003144,O003068,C000675,1373,2023-08-22,carrier_delay,High,Carrier route delay,Open
FUL003145,O030689,C001346,5797,2024-09-28,carrier_delay,High,Carrier route delay,Open
FUL003146,O030702,C001057,11306,2024-09-29,carrier_delay,High,Carrier route delay,Open
FUL003147,O030710,C001347,4713,2024-09-29,carrier_delay,High,Carrier route delay,Open
FUL003148,O030714,C001932,2668,2024-09-29,carrier_delay,High,Carrier route delay,Open
FUL003149,O030733,C001161,4025,2024-09-29,carrier_delay,High,Carrier route delay,Open
FUL003150,O030742,C000893,5186,2024-09-29,carrier_delay,High,Carrier route delay,Open
FUL003151,O030743,C000492,3838,2024-09-29,carrier_delay,High,Carrier route delay,Open
FUL003152,O030745,C001972,11866,2024-09-29,carrier_delay,High,Carrier route delay,Open
FUL003153,O030759,C000575,1810,2024-09-29,carrier_delay,High,Carrier route delay,Open
FUL003154,O030769,C000574,6065,2024-09-30,carrier_delay,High,Carrier route delay,Open
FUL003155,O030780,C001247,6560,2024-09-30,carrier_delay,High,Carrier route delay,Open
FUL003156,O030795,C000392,9871,2024-09-30,carrier_delay,High,Carrier route delay,Open
FUL003157,O030799,C000795,9819,2024-09-30,carrier_delay,High,Carrier route delay,Open
FUL003158,O003080,C000638,9603,2023-08-22,carrier_delay,High,Carrier route delay,Open
FUL003159,O030805,C000844,9872,2024-09-30,carrier_delay,High,Carrier route delay,Open
FUL003160,O030809,C000109,4812,2024-09-30,carrier_delay,High,Carrier route delay,Open
FUL003161,O030810,C001458,737,2024-09-30,carrier_delay,High,Carrier route delay,Open
FUL003162,O030822,C000005,2641,2024-09-30,carrier_delay,High,Carrier route delay,Open
FUL003163,O030835,C000321,1664,2024-10-01,carrier_delay,High,Carrier route delay,Open
FUL003164,O030840,C001841,739,2024-10-01,carrier_delay,High,Carrier route delay,Open
FUL003165,O030850,C001027,7005,2024-10-01,carrier_delay,High,Carrier route delay,Open
FUL003166,O003086,C001667,6584,2023-08-23,cancellation_review,Medium,Customer or fulfillment cancellation,Closed
FUL003167,O030870,C001706,5104,2024-10-01,carrier_delay,High,Carrier route delay,Open
FUL003168,O030878,C000999,620,2024-10-01,carrier_delay,High,Carrier route delay,Open
FUL003169,O003088,C001437,11189,2023-08-23,carrier_delay,High,Carrier route delay,Open
FUL003170,O030880,C001408,7595,2024-10-01,cancellation_review,Medium,Customer or fulfillment cancellation,Closed
FUL003171,O030884,C000959,8948,2024-10-01,carrier_delay,High,Carrier route delay,Open
FUL003172,O003089,C000403,194,2023-08-23,carrier_delay,High,Carrier route delay,Open
FUL003173,O030897,C001571,2320,2024-10-02,carrier_delay,High,Carrier route delay,Open
FUL003174,O030900,C000734,11492,2024-10-02,carrier_delay,High,Carrier route delay,Open
FUL003175,O030919,C001035,586,2024-10-02,carrier_delay,High,Carrier route delay,Open
FUL003176,O030934,C001756,4528,2024-10-02,carrier_delay,High,Carrier route delay,Open
FUL003177,O030945,C000581,10071,2024-10-02,carrier_delay,High,Carrier route delay,Open
FUL003178,O030946,C001506,8605,2024-10-02,carrier_delay,High,Carrier route delay,Open
FUL003179,O003095,C001403,3375,2023-08-23,carrier_delay,High,Carrier route delay,Open
FUL003180,O030953,C001075,6571,2024-10-02,carrier_delay,High,Carrier route delay,Open
FUL003181,O030954,C001368,7492,2024-10-02,carrier_delay,High,Carrier route delay,Open
FUL003182,O030959,C000066,450,2024-10-02,carrier_delay,High,Carrier route delay,Open
FUL003183,O030971,C001504,11968,2024-10-03,cancellation_review,Medium,Customer or fulfillment cancellation,Closed
FUL003184,O030980,C000856,987,2024-10-03,carrier_delay,High,Carrier route delay,Open
FUL003185,O030982,C000685,9432,2024-10-03,carrier_delay,High,Carrier route delay,Open
FUL003186,O003099,C000775,6281,2023-08-23,carrier_delay,High,Carrier route delay,Open
FUL003187,O030998,C000166,8820,2024-10-03,carrier_delay,High,Carrier route delay,Open
FUL003188,O031004,C001537,4494,2024-10-03,carrier_delay,High,Carrier route delay,Open
FUL003189,O031023,C000559,5190,2024-10-03,carrier_delay,High,Carrier route delay,Open
FUL003190,O031041,C001467,6566,2024-10-04,carrier_delay,High,Carrier route delay,Open
FUL003191,O031043,C000030,5216,2024-10-04,carrier_delay,High,Carrier route delay,Open
FUL003192,O031047,C000518,6898,2024-10-04,carrier_delay,High,Carrier route delay,Open
FUL003193,O003105,C001021,10545,2023-08-23,carrier_delay,High,Carrier route delay,Open
FUL003194,O031055,C001576,4838,2024-10-04,carrier_delay,High,Carrier route delay,Open
FUL003195,O031056,C001115,11235,2024-10-04,carrier_delay,High,Carrier route delay,Open
FUL003196,O031061,C000269,2021,2024-10-04,cancellation_review,Medium,Customer or fulfillment cancellation,Closed
FUL003197,O031065,C000594,12064,2024-10-04,carrier_delay,High,Carrier route delay,Open
FUL003198,O031070,C001246,10453,2024-10-04,carrier_delay,High,Carrier route delay,Open
FUL003199,O031072,C000241,7211,2024-10-04,carrier_delay,High,Carrier route delay,Open
FUL003200,O031074,C000841,10854,2024-10-04,carrier_delay,High,Carrier route delay,Open
FUL003201,O031084,C001473,10039,2024-10-04,carrier_delay,High,Carrier route delay,Open
FUL003202,O031085,C001494,8546,2024-10-04,carrier_delay,High,Carrier route delay,Open
FUL003203,O003109,C001609,5431,2023-08-23,carrier_delay,High,Carrier route delay,Open
FUL003204,O031105,C000154,1588,2024-10-05,carrier_delay,High,Carrier route delay,Open
FUL003205,O031114,C001787,9047,2024-10-05,carrier_delay,High,Carrier route delay,Open
FUL003206,O031115,C000980,639,2024-10-05,carrier_delay,High,Carrier route delay,Open
FUL003207,O031118,C001526,831,2024-10-05,carrier_delay,High,Carrier route delay,Open
FUL003208,O031119,C000853,8198,2024-10-05,carrier_delay,High,Carrier route delay,Open
FUL003209,O031137,C000495,6412,2024-10-05,carrier_delay,High,Carrier route delay,Open
FUL003210,O031147,C001311,7163,2024-10-05,carrier_delay,High,Carrier route delay,Open
FUL003211,O031150,C000079,5293,2024-10-05,carrier_delay,High,Carrier route delay,Open
FUL003212,O031164,C001291,6737,2024-10-05,carrier_delay,High,Carrier route delay,Open
FUL003213,O031165,C000775,6281,2024-10-05,carrier_delay,High,Carrier route delay,Open
FUL003214,O031170,C000263,6137,2024-10-05,carrier_delay,High,Carrier route delay,Open
FUL003215,O031174,C001527,6417,2024-10-06,carrier_delay,High,Carrier route delay,Open
FUL003216,O031184,C001243,1733,2024-10-06,carrier_delay,High,Carrier route delay,Open
FUL003217,O031185,C000881,5787,2024-10-06,carrier_delay,High,Carrier route delay,Open
FUL003218,O031193,C000539,6461,2024-10-06,cancellation_review,Medium,Customer or fulfillment cancellation,Closed
FUL003219,O031197,C001070,4916,2024-10-06,carrier_delay,High,Carrier route delay,Open
FUL003220,O031199,C000466,8027,2024-10-06,carrier_delay,High,Carrier route delay,Open
FUL003221,O003120,C000423,6948,2023-08-23,carrier_delay,High,Carrier route delay,Open
FUL003222,O031205,C000890,11061,2024-10-06,carrier_delay,High,Carrier route delay,Open
FUL003223,O003122,C000769,2824,2023-08-23,carrier_delay,High,Carrier route delay,Open
FUL003224,O031220,C001920,1651,2024-10-06,carrier_delay,High,Carrier route delay,Open
FUL003225,O031226,C000749,11766,2024-10-06,carrier_delay,High,Carrier route delay,Open
FUL003226,O031229,C000371,3337,2024-10-06,carrier_delay,High,Carrier route delay,Open
FUL003227,O031234,C001910,4107,2024-10-06,carrier_delay,High,Carrier route delay,Open
FUL003228,O031236,C001232,9924,2024-10-06,carrier_delay,High,Carrier route delay,Open
FUL003229,O031239,C001153,5564,2024-10-07,carrier_delay,High,Carrier route delay,Open
FUL003230,O031241,C000978,11388,2024-10-07,cancellation_review,Medium,Customer or fulfillment cancellation,Closed
FUL003231,O031242,C001447,6532,2024-10-07,carrier_delay,High,Carrier route delay,Open
FUL003232,O031245,C001692,12018,2024-10-07,carrier_delay,High,Carrier route delay,Open
FUL003233,O003125,C000816,2942,2023-08-23,carrier_delay,High,Carrier route delay,Open
FUL003234,O031255,C000006,1288,2024-10-07,carrier_delay,High,Carrier route delay,Open
FUL003235,O031265,C000888,11678,2024-10-07,carrier_delay,High,Carrier route delay,Open
FUL003236,O031269,C000335,12205,2024-10-07,carrier_delay,High,Carrier route delay,Open
FUL003237,O031278,C001237,1848,2024-10-07,carrier_delay,High,Carrier route delay,Open
FUL003238,O031281,C000818,9690,2024-10-07,carrier_delay,High,Carrier route delay,Open
FUL003239,O031285,C001147,5976,2024-10-07,carrier_delay,High,Carrier route delay,Open
FUL003240,O031289,C001059,1505,2024-10-07,carrier_delay,High,Carrier route delay,Open
FUL003241,O031298,C000189,7597,2024-10-07,carrier_delay,High,Carrier route delay,Open
FUL003242,O031299,C001162,6109,2024-10-07,carrier_delay,High,Carrier route delay,Open
FUL003243,O003130,C001671,12069,2023-08-23,carrier_delay,High,Carrier route delay,Open
FUL003244,O031300,C000601,801,2024-10-07,carrier_delay,High,Carrier route delay,Open
FUL003245,O031312,C000296,7664,2024-10-08,carrier_delay,High,Carrier route delay,Open
FUL003246,O031336,C001163,9554,2024-10-08,cancellation_review,Medium,Customer or fulfillment cancellation,Closed
FUL003247,O003135,C000432,698,2023-08-23,carrier_delay,High,Carrier route delay,Open
FUL003248,O031364,C000297,1636,2024-10-08,cancellation_review,Medium,Customer or fulfillment cancellation,Closed
FUL003249,O031384,C000767,373,2024-10-09,carrier_delay,High,Carrier route delay,Open
FUL003250,O031391,C000832,3868,2024-10-09,carrier_delay,High,Carrier route delay,Open
FUL003251,O003140,C001375,2025,2023-08-23,carrier_delay,High,Carrier route delay,Open
FUL003252,O031411,C000017,4663,2024-10-09,carrier_delay,High,Carrier route delay,Open
FUL003253,O031414,C001197,6883,2024-10-09,carrier_delay,High,Carrier route delay,Open
FUL003254,O031419,C000767,373,2024-10-09,carrier_delay,High,Carrier route delay,Open
FUL003255,O031434,C000480,2278,2024-10-09,carrier_delay,High,Carrier route delay,Open
FUL003256,O031454,C001889,8180,2024-10-10,carrier_delay,High,Carrier route delay,Open
FUL003257,O031455,C001013,8478,2024-10-10,carrier_delay,High,Carrier route delay,Open
FUL003258,O031464,C000712,5824,2024-10-10,carrier_delay,High,Carrier route delay,Open
FUL003259,O031499,C001507,8781,2024-10-10,carrier_delay,High,Carrier route delay,Open
FUL003260,O003150,C001218,5203,2023-08-23,carrier_delay,High,Carrier route delay,Open
FUL003261,O031500,C001667,6584,2024-10-10,carrier_delay,High,Carrier route delay,Open
FUL003262,O031502,C000539,6461,2024-10-10,carrier_delay,High,Carrier route delay,Open
FUL003263,O031507,C000579,2683,2024-10-10,carrier_delay,High,Carrier route delay,Open
FUL003264,O031520,C001859,1380,2024-10-11,cancellation_review,Medium,Customer or fulfillment cancellation,Closed
FUL003265,O031524,C000728,3138,2024-10-11,carrier_delay,High,Carrier route delay,Open
FUL003266,O031527,C001296,11039,2024-10-11,carrier_delay,High,Carrier route delay,Open
FUL003267,O031545,C001201,8529,2024-10-11,carrier_delay,High,Carrier route delay,Open
FUL003268,O031550,C000643,1387,2024-10-11,carrier_delay,High,Carrier route delay,Open
FUL003269,O031554,C000860,12207,2024-10-11,carrier_delay,High,Carrier route delay,Open
FUL003270,O031555,C001596,5732,2024-10-11,carrier_delay,High,Carrier route delay,Open
FUL003271,O031564,C000851,6319,2024-10-11,cancellation_review,Medium,Customer or fulfillment cancellation,Closed
FUL003272,O031573,C001659,5145,2024-10-11,carrier_delay,High,Carrier route delay,Open
FUL003273,O031575,C001463,6671,2024-10-11,carrier_delay,High,Carrier route delay,Open
FUL003274,O031584,C000806,9248,2024-10-12,carrier_delay,High,Carrier route delay,Open
FUL003275,O031594,C001072,10888,2024-10-12,carrier_delay,High,Carrier route delay,Open
FUL003276,O031614,C001726,4536,2024-10-12,carrier_delay,High,Carrier route delay,Open
FUL003277,O031619,C000464,10967,2024-10-12,carrier_delay,High,Carrier route delay,Open
FUL003278,O031621,C000164,1025,2024-10-12,carrier_delay,High,Carrier route delay,Open
FUL003279,O031630,C000347,9213,2024-10-12,carrier_delay,High,Carrier route delay,Open
FUL003280,O031634,C001642,11957,2024-10-12,carrier_delay,High,Carrier route delay,Open
FUL003281,O031640,C001817,5326,2024-10-12,carrier_delay,High,Carrier route delay,Open
FUL003282,O031650,C001356,10506,2024-10-13,carrier_delay,High,Carrier route delay,Open
FUL003283,O031657,C001296,11039,2024-10-13,carrier_delay,High,Carrier route delay,Open
FUL003284,O031658,C002000,5781,2024-10-13,carrier_delay,High,Carrier route delay,Open
FUL003285,O031668,C000007,3710,2024-10-13,carrier_delay,High,Carrier route delay,Open
FUL003286,O031669,C000313,4454,2024-10-13,carrier_delay,High,Carrier route delay,Open
FUL003287,O031689,C000382,7457,2024-10-13,carrier_delay,High,Carrier route delay,Open
FUL003288,O003170,C000237,938,2023-08-24,carrier_delay,High,Carrier route delay,Open
FUL003289,O031719,C000211,11985,2024-10-14,carrier_delay,High,Carrier route delay,Open
FUL003290,O031724,C000353,2180,2024-10-14,carrier_delay,High,Carrier route delay,Open
FUL003291,O031725,C001823,3153,2024-10-14,carrier_delay,High,Carrier route delay,Open
FUL003292,O031728,C000563,6448,2024-10-14,cancellation_review,Medium,Customer or fulfillment cancellation,Closed
FUL003293,O031729,C000827,12201,2024-10-14,carrier_delay,High,Carrier route delay,Open
FUL003294,O003173,C000825,6342,2023-08-24,carrier_delay,High,Carrier route delay,Open
FUL003295,O031734,C001570,11560,2024-10-14,carrier_delay,High,Carrier route delay,Open
FUL003296,O003174,C001515,6108,2023-08-24,carrier_delay,High,Carrier route delay,Open
FUL003297,O031744,C000533,4943,2024-10-14,carrier_delay,High,Carrier route delay,Open
FUL003298,O003175,C001502,10012,2023-08-24,carrier_delay,High,Carrier route delay,Open
FUL003299,O031760,C000826,11263,2024-10-14,carrier_delay,High,Carrier route delay,Open
FUL003300,O031770,C001276,3631,2024-10-14,carrier_delay,High,Carrier route delay,Open
FUL003301,O031775,C000124,10549,2024-10-14,carrier_delay,High,Carrier route delay,Open
FUL003302,O031778,C001171,7716,2024-10-14,carrier_delay,High,Carrier route delay,Open
FUL003303,O031780,C001431,9195,2024-10-14,carrier_delay,High,Carrier route delay,Open
FUL003304,O031782,C000733,364,2024-10-14,carrier_delay,High,Carrier route delay,Open
FUL003305,O031790,C001792,8321,2024-10-15,carrier_delay,High,Carrier route delay,Open
FUL003306,O031825,C001407,11311,2024-10-15,carrier_delay,High,Carrier route delay,Open
FUL003307,O031838,C001264,3021,2024-10-15,cancellation_review,Medium,Customer or fulfillment cancellation,Closed
FUL003308,O031839,C000475,10307,2024-10-15,carrier_delay,High,Carrier route delay,Open
FUL003309,O031846,C001372,9609,2024-10-15,cancellation_review,Medium,Customer or fulfillment cancellation,Closed
FUL003310,O031865,C000532,11403,2024-10-16,carrier_delay,High,Carrier route delay,Open
FUL003311,O031869,C000184,1844,2024-10-16,carrier_delay,High,Carrier route delay,Open
FUL003312,O031871,C001455,4297,2024-10-16,cancellation_review,Medium,Customer or fulfillment cancellation,Closed
FUL003313,O031880,C001168,11512,2024-10-16,carrier_delay,High,Carrier route delay,Open
FUL003314,O031888,C000030,5216,2024-10-16,cancellation_review,Medium,Customer or fulfillment cancellation,Closed
FUL003315,O031889,C000136,8170,2024-10-16,carrier_delay,High,Carrier route delay,Open
FUL003316,O031891,C001522,11504,2024-10-16,carrier_delay,High,Carrier route delay,Open
FUL003317,O031900,C000518,6898,2024-10-16,carrier_delay,High,Carrier route delay,Open
FUL003318,O031905,C000299,7060,2024-10-16,carrier_delay,High,Carrier route delay,Open
FUL003319,O031909,C001770,5845,2024-10-16,carrier_delay,High,Carrier route delay,Open
FUL003320,O031910,C000954,5050,2024-10-16,carrier_delay,High,Carrier route delay,Open
FUL003321,O031919,C000093,1540,2024-10-16,carrier_delay,High,Carrier route delay,Open
FUL003322,O031920,C001442,1273,2024-10-16,cancellation_review,Medium,Customer or fulfillment cancellation,Closed
FUL003323,O031921,C001986,5951,2024-10-16,carrier_delay,High,Carrier route delay,Open
FUL003324,O031942,C001170,7910,2024-10-17,carrier_delay,High,Carrier route delay,Open
FUL003325,O031945,C000094,687,2024-10-17,carrier_delay,High,Carrier route delay,Open
FUL003326,O031950,C000964,11806,2024-10-17,carrier_delay,High,Carrier route delay,Open
FUL003327,O031955,C000241,7211,2024-10-17,carrier_delay,High,Carrier route delay,Open
FUL003328,O031970,C001830,342,2024-10-17,carrier_delay,High,Carrier route delay,Open
FUL003329,O031977,C001801,2467,2024-10-17,carrier_delay,High,Carrier route delay,Open
FUL003330,O031985,C000837,2429,2024-10-17,carrier_delay,High,Carrier route delay,Open
FUL003331,O031987,C001519,6279,2024-10-17,carrier_delay,High,Carrier route delay,Open
FUL003332,O003199,C001828,3905,2023-08-24,carrier_delay,High,Carrier route delay,Open
FUL003333,O032004,C001851,4739,2024-10-18,carrier_delay,High,Carrier route delay,Open
FUL003334,O032012,C001353,5300,2024-10-18,carrier_delay,High,Carrier route delay,Open
FUL003335,O032030,C001227,1812,2024-10-18,carrier_delay,High,Carrier route delay,Open
FUL003336,O032031,C000221,197,2024-10-18,carrier_delay,High,Carrier route delay,Open
FUL003337,O032044,C001887,11522,2024-10-18,carrier_delay,High,Carrier route delay,Open
FUL003338,O032053,C001247,6560,2024-10-18,carrier_delay,High,Carrier route delay,Open
FUL003339,O032075,C001102,2830,2024-10-19,carrier_delay,High,Carrier route delay,Open
FUL003340,O032079,C001793,19,2024-10-19,carrier_delay,High,Carrier route delay,Open
FUL003341,O032090,C001312,7864,2024-10-19,carrier_delay,High,Carrier route delay,Open
FUL003342,O032099,C001321,12365,2024-10-19,carrier_delay,High,Carrier route delay,Open
FUL003343,O003210,C000345,10634,2023-08-24,carrier_delay,High,Carrier route delay,Open
FUL003344,O003211,C000599,5047,2023-08-24,carrier_delay,High,Carrier route delay,Open
FUL003345,O032116,C000397,5755,2024-10-19,carrier_delay,High,Carrier route delay,Open
FUL003346,O032123,C001801,2467,2024-10-19,carrier_delay,High,Carrier route delay,Open
FUL003347,O032126,C001643,12178,2024-10-19,carrier_delay,High,Carrier route delay,Open
FUL003348,O032145,C000369,9153,2024-10-20,carrier_delay,High,Carrier route delay,Open
FUL003349,O032157,C001519,6279,2024-10-20,carrier_delay,High,Carrier route delay,Open
FUL003350,O032159,C001904,8502,2024-10-20,carrier_delay,High,Carrier route delay,Open
FUL003351,O032168,C001734,8643,2024-10-20,carrier_delay,High,Carrier route delay,Open
FUL003352,O032185,C000557,5207,2024-10-20,carrier_delay,High,Carrier route delay,Open
FUL003353,O032189,C000172,7139,2024-10-20,carrier_delay,High,Carrier route delay,Open
FUL003354,O032190,C000794,4582,2024-10-20,carrier_delay,High,Carrier route delay,Open
FUL003355,O032197,C001737,948,2024-10-20,carrier_delay,High,Carrier route delay,Open
FUL003356,O032199,C000043,7218,2024-10-21,carrier_delay,High,Carrier route delay,Open
FUL003357,O003220,C001319,2585,2023-08-24,carrier_delay,High,Carrier route delay,Open
FUL003358,O032204,C000216,7001,2024-10-21,carrier_delay,High,Carrier route delay,Open
FUL003359,O032213,C001050,4276,2024-10-21,carrier_delay,High,Carrier route delay,Open
FUL003360,O032214,C001447,6532,2024-10-21,carrier_delay,High,Carrier route delay,Open
FUL003361,O032219,C000310,9740,2024-10-21,carrier_delay,High,Carrier route delay,Open
FUL003362,O032220,C000562,2540,2024-10-21,carrier_delay,High,Carrier route delay,Open
FUL003363,O032235,C001429,3656,2024-10-21,carrier_delay,High,Carrier route delay,Open
FUL003364,O032242,C001645,8631,2024-10-21,cancellation_review,Medium,Customer or fulfillment cancellation,Closed
FUL003365,O032250,C001246,10453,2024-10-21,carrier_delay,High,Carrier route delay,Open
FUL003366,O032254,C001520,4272,2024-10-21,carrier_delay,High,Carrier route delay,Open
FUL003367,O032255,C001647,4153,2024-10-21,carrier_delay,High,Carrier route delay,Open
FUL003368,O032263,C000209,7633,2024-10-21,carrier_delay,High,Carrier route delay,Open
FUL003369,O032274,C001537,4494,2024-10-22,carrier_delay,High,Carrier route delay,Open
FUL003370,O032286,C001784,2873,2024-10-22,carrier_delay,High,Carrier route delay,Open
FUL003371,O032295,C001735,3397,2024-10-22,carrier_delay,High,Carrier route delay,Open
FUL003372,O000323,C000788,3020,2023-07-13,carrier_delay,High,Carrier route delay,Open
FUL003373,O032302,C000938,5413,2024-10-22,cancellation_review,Medium,Customer or fulfillment cancellation,Closed
FUL003374,O032319,C001484,7992,2024-10-22,carrier_delay,High,Carrier route delay,Open
FUL003375,O032334,C000177,3259,2024-10-22,carrier_delay,High,Carrier route delay,Open
FUL003376,O032339,C000280,4588,2024-10-23,carrier_delay,High,Carrier route delay,Open
FUL003377,O032345,C001338,4308,2024-10-23,carrier_delay,High,Carrier route delay,Open
FUL003378,O003235,C001731,10770,2023-08-25,carrier_delay,High,Carrier route delay,Open
FUL003379,O032355,C001806,5417,2024-10-23,carrier_delay,High,Carrier route delay,Open
FUL003380,O032362,C000009,5654,2024-10-23,carrier_delay,High,Carrier route delay,Open
FUL003381,O032370,C001262,5204,2024-10-23,cancellation_review,Medium,Customer or fulfillment cancellation,Closed
FUL003382,O032384,C001229,4462,2024-10-23,carrier_delay,High,Carrier route delay,Open
FUL003383,O032385,C001963,10570,2024-10-23,carrier_delay,High,Carrier route delay,Open
FUL003384,O032387,C001779,9831,2024-10-23,carrier_delay,High,Carrier route delay,Open
FUL003385,O003240,C001205,5989,2023-08-25,carrier_delay,High,Carrier route delay,Open
FUL003386,O032403,C000327,7190,2024-10-23,carrier_delay,High,Carrier route delay,Open
FUL003387,O032404,C001697,1436,2024-10-24,carrier_delay,High,Carrier route delay,Open
FUL003388,O032410,C001918,5236,2024-10-24,carrier_delay,High,Carrier route delay,Open
FUL003389,O032418,C001933,109,2024-10-24,carrier_delay,High,Carrier route delay,Open
FUL003390,O032424,C001938,7879,2024-10-24,carrier_delay,High,Carrier route delay,Open
FUL003391,O032434,C000493,603,2024-10-24,carrier_delay,High,Carrier route delay,Open
FUL003392,O032435,C001150,7975,2024-10-24,carrier_delay,High,Carrier route delay,Open
FUL003393,O032444,C000202,2197,2024-10-24,carrier_delay,High,Carrier route delay,Open
FUL003394,O032445,C001149,956,2024-10-24,carrier_delay,High,Carrier route delay,Open
FUL003395,O003245,C001558,5749,2023-08-25,carrier_delay,High,Carrier route delay,Open
FUL003396,O032450,C000123,154,2024-10-24,carrier_delay,High,Carrier route delay,Open
FUL003397,O032469,C001111,5198,2024-10-24,carrier_delay,High,Carrier route delay,Open
FUL003398,O032482,C000287,1824,2024-10-25,cancellation_review,Medium,Customer or fulfillment cancellation,Closed
FUL003399,O032489,C000156,482,2024-10-25,carrier_delay,High,Carrier route delay,Open
FUL003400,O032495,C000863,4931,2024-10-25,carrier_delay,High,Carrier route delay,Open
FUL003401,O032523,C000787,6229,2024-10-25,carrier_delay,High,Carrier route delay,Open
FUL003402,O032530,C000996,11148,2024-10-25,carrier_delay,High,Carrier route delay,Open
FUL003403,O032535,C000302,4517,2024-10-25,carrier_delay,High,Carrier route delay,Open
FUL003404,O032539,C001301,7795,2024-10-25,carrier_delay,High,Carrier route delay,Open
FUL003405,O032540,C001582,10839,2024-10-25,carrier_delay,High,Carrier route delay,Open
FUL003406,O032549,C001254,846,2024-10-26,carrier_delay,High,Carrier route delay,Open
FUL003407,O032569,C001022,907,2024-10-26,carrier_delay,High,Carrier route delay,Open
FUL003408,O032570,C001133,9162,2024-10-26,carrier_delay,High,Carrier route delay,Open
FUL003409,O032574,C001908,1475,2024-10-26,cancellation_review,Medium,Customer or fulfillment cancellation,Closed
FUL003410,O032584,C001299,7099,2024-10-26,carrier_delay,High,Carrier route delay,Open
FUL003411,O032585,C000481,10735,2024-10-26,carrier_delay,High,Carrier route delay,Open
FUL003412,O032589,C001760,8437,2024-10-26,carrier_delay,High,Carrier route delay,Open
FUL003413,O032590,C001293,9154,2024-10-26,carrier_delay,High,Carrier route delay,Open
FUL003414,O032594,C000704,4045,2024-10-26,cancellation_review,Medium,Customer or fulfillment cancellation,Closed
FUL003415,O032597,C001603,10511,2024-10-26,carrier_delay,High,Carrier route delay,Open
FUL003416,O032599,C000240,1948,2024-10-26,carrier_delay,High,Carrier route delay,Open
FUL003417,O032600,C000127,4022,2024-10-26,carrier_delay,High,Carrier route delay,Open
FUL003418,O032607,C000105,6285,2024-10-26,carrier_delay,High,Carrier route delay,Open
FUL003419,O032608,C001322,9058,2024-10-26,carrier_delay,High,Carrier route delay,Open
FUL003420,O032610,C000091,5803,2024-10-27,carrier_delay,High,Carrier route delay,Open
FUL003421,O032614,C001247,6560,2024-10-27,carrier_delay,High,Carrier route delay,Open
FUL003422,O032617,C000324,3800,2024-10-27,cancellation_review,Medium,Customer or fulfillment cancellation,Closed
FUL003423,O032629,C000330,2462,2024-10-27,carrier_delay,High,Carrier route delay,Open
FUL003424,O032639,C000959,8948,2024-10-27,carrier_delay,High,Carrier route delay,Open
FUL003425,O032649,C000235,7926,2024-10-27,carrier_delay,High,Carrier route delay,Open
FUL003426,O032650,C000297,1636,2024-10-27,carrier_delay,High,Carrier route delay,Open
FUL003427,O032654,C000851,6319,2024-10-27,carrier_delay,High,Carrier route delay,Open
FUL003428,O032663,C000039,5146,2024-10-27,carrier_delay,High,Carrier route delay,Open
FUL003429,O032664,C000260,3303,2024-10-27,carrier_delay,High,Carrier route delay,Open
FUL003430,O003267,C001613,2110,2023-08-25,carrier_delay,High,Carrier route delay,Open
FUL003431,O032670,C001125,4815,2024-10-27,carrier_delay,High,Carrier route delay,Open
FUL003432,O032683,C000654,12123,2024-10-28,carrier_delay,High,Carrier route delay,Open
FUL003433,O032695,C001826,4477,2024-10-28,carrier_delay,High,Carrier route delay,Open
FUL003434,O032700,C000540,4187,2024-10-28,carrier_delay,High,Carrier route delay,Open
FUL003435,O032705,C001708,937,2024-10-28,carrier_delay,High,Carrier route delay,Open
FUL003436,O003272,C001299,7099,2023-08-25,carrier_delay,High,Carrier route delay,Open
FUL003437,O032729,C000294,1578,2024-10-28,carrier_delay,High,Carrier route delay,Open
FUL003438,O003273,C000774,9785,2023-08-25,carrier_delay,High,Carrier route delay,Open
FUL003439,O032745,C000467,1658,2024-10-28,carrier_delay,High,Carrier route delay,Open
FUL003440,O032749,C000249,1426,2024-10-29,carrier_delay,High,Carrier route delay,Open
FUL003441,O003275,C000776,8587,2023-08-25,carrier_delay,High,Carrier route delay,Open
FUL003442,O032759,C000229,2860,2024-10-29,carrier_delay,High,Carrier route delay,Open
FUL003443,O032771,C001781,3696,2024-10-29,carrier_delay,High,Carrier route delay,Open
FUL003444,O032780,C000793,569,2024-10-29,carrier_delay,High,Carrier route delay,Open
FUL003445,O032785,C000312,8071,2024-10-29,carrier_delay,High,Carrier route delay,Open
FUL003446,O032789,C001465,8328,2024-10-29,carrier_delay,High,Carrier route delay,Open
FUL003447,O003279,C000525,142,2023-08-25,carrier_delay,High,Carrier route delay,Open
FUL003448,O032794,C000497,11793,2024-10-29,carrier_delay,High,Carrier route delay,Open
FUL003449,O032803,C000301,7435,2024-10-29,carrier_delay,High,Carrier route delay,Open
FUL003450,O032814,C000067,9821,2024-10-29,carrier_delay,High,Carrier route delay,Open
FUL003451,O032850,C000415,5821,2024-10-30,carrier_delay,High,Carrier route delay,Open
FUL003452,O032859,C000281,1285,2024-10-30,carrier_delay,High,Carrier route delay,Open
FUL003453,O032862,C001567,6734,2024-10-30,carrier_delay,High,Carrier route delay,Open
FUL003454,O003287,C001328,8298,2023-08-25,carrier_delay,High,Carrier route delay,Open
FUL003455,O032870,C001364,10954,2024-10-30,carrier_delay,High,Carrier route delay,Open
FUL003456,O032882,C000176,4627,2024-10-30,carrier_delay,High,Carrier route delay,Open
FUL003457,O032883,C001509,6457,2024-10-31,carrier_delay,High,Carrier route delay,Open
FUL003458,O032884,C001065,5548,2024-10-31,carrier_delay,High,Carrier route delay,Open
FUL003459,O032885,C000137,5168,2024-10-31,carrier_delay,High,Carrier route delay,Open
FUL003460,O003289,C001337,6688,2023-08-25,carrier_delay,High,Carrier route delay,Open
FUL003461,O032897,C000213,4530,2024-10-31,carrier_delay,High,Carrier route delay,Open
FUL003462,O032898,C001096,1997,2024-10-31,carrier_delay,High,Carrier route delay,Open
FUL003463,O032909,C001648,175,2024-10-31,carrier_delay,High,Carrier route delay,Open
FUL003464,O032916,C000740,10213,2024-10-31,carrier_delay,High,Carrier route delay,Open
FUL003465,O032927,C000522,10650,2024-10-31,carrier_delay,High,Carrier route delay,Open
FUL003466,O032936,C001000,9191,2024-10-31,carrier_delay,High,Carrier route delay,Open
FUL003467,O003294,C000962,9405,2023-08-26,carrier_delay,High,Carrier route delay,Open
FUL003468,O032941,C000306,6130,2024-10-31,carrier_delay,High,Carrier route delay,Open
FUL003469,O032965,C000425,6110,2024-11-01,carrier_delay,High,Carrier route delay,Open
FUL003470,O032969,C000088,3420,2024-11-01,carrier_delay,High,Carrier route delay,Open
FUL003471,O032974,C000331,8524,2024-11-01,carrier_delay,High,Carrier route delay,Open
FUL003472,O032975,C000150,5173,2024-11-01,carrier_delay,High,Carrier route delay,Open
FUL003473,O032978,C001151,1255,2024-11-01,carrier_delay,High,Carrier route delay,Open
FUL003474,O032980,C001566,2475,2024-11-01,carrier_delay,High,Carrier route delay,Open
FUL003475,O032984,C001511,6318,2024-11-01,carrier_delay,High,Carrier route delay,Open
FUL003476,O032999,C000385,2708,2024-11-01,carrier_delay,High,Carrier route delay,Open
FUL003477,O000330,C000320,5175,2023-07-13,carrier_delay,High,Carrier route delay,Open
FUL003478,O033010,C000068,5648,2024-11-01,carrier_delay,High,Carrier route delay,Open
FUL003479,O033015,C001276,3631,2024-11-01,carrier_delay,High,Carrier route delay,Open
FUL003480,O033024,C000634,8285,2024-11-02,carrier_delay,High,Carrier route delay,Open
FUL003481,O033029,C000841,10854,2024-11-02,cancellation_review,Medium,Customer or fulfillment cancellation,Closed
FUL003482,O033039,C000482,8895,2024-11-02,carrier_delay,High,Carrier route delay,Open
FUL003483,O033053,C000184,1844,2024-11-02,carrier_delay,High,Carrier route delay,Open
FUL003484,O033060,C000193,11132,2024-11-02,carrier_delay,High,Carrier route delay,Open
FUL003485,O033069,C000695,2909,2024-11-02,carrier_delay,High,Carrier route delay,Open
FUL003486,O033075,C001999,5120,2024-11-02,carrier_delay,High,Carrier route delay,Open
FUL003487,O033113,C000009,5654,2024-11-03,carrier_delay,High,Carrier route delay,Open
FUL003488,O033114,C001663,929,2024-11-03,carrier_delay,High,Carrier route delay,Open
FUL003489,O033124,C000674,5936,2024-11-03,carrier_delay,High,Carrier route delay,Open
FUL003490,O033127,C000124,10549,2024-11-03,carrier_delay,High,Carrier route delay,Open
FUL003491,O033130,C000383,5395,2024-11-03,carrier_delay,High,Carrier route delay,Open
FUL003492,O033131,C001246,10453,2024-11-03,cancellation_review,Medium,Customer or fulfillment cancellation,Closed
FUL003493,O033135,C001199,10308,2024-11-03,carrier_delay,High,Carrier route delay,Open
FUL003494,O003314,C000641,4200,2023-08-26,carrier_delay,High,Carrier route delay,Open
FUL003495,O033145,C001411,11895,2024-11-03,carrier_delay,High,Carrier route delay,Open
FUL003496,O033150,C000106,467,2024-11-03,carrier_delay,High,Carrier route delay,Open
FUL003497,O033157,C000233,221,2024-11-04,carrier_delay,High,Carrier route delay,Open
FUL003498,O033158,C001814,224,2024-11-04,carrier_delay,High,Carrier route delay,Open
FUL003499,O033192,C001195,8892,2024-11-04,carrier_delay,High,Carrier route delay,Open
FUL003500,O033200,C001072,10888,2024-11-04,carrier_delay,High,Carrier route delay,Open
FUL003501,O033204,C000445,4512,2024-11-04,carrier_delay,High,Carrier route delay,Open
FUL003502,O033205,C000446,9436,2024-11-04,carrier_delay,High,Carrier route delay,Open
FUL003503,O033239,C000348,1782,2024-11-05,carrier_delay,High,Carrier route delay,Open
FUL003504,O033249,C000636,2844,2024-11-05,carrier_delay,High,Carrier route delay,Open
FUL003505,O033250,C000651,2071,2024-11-05,carrier_delay,High,Carrier route delay,Open
FUL003506,O003326,C000167,9897,2023-08-26,carrier_delay,High,Carrier route delay,Open
FUL003507,O033260,C001446,3944,2024-11-05,carrier_delay,High,Carrier route delay,Open
FUL003508,O033264,C001967,7160,2024-11-05,carrier_delay,High,Carrier route delay,Open
FUL003509,O003328,C000675,1373,2023-08-26,carrier_delay,High,Carrier route delay,Open
FUL003510,O033280,C000317,4290,2024-11-05,carrier_delay,High,Carrier route delay,Open
FUL003511,O033285,C001574,4191,2024-11-05,carrier_delay,High,Carrier route delay,Open
FUL003512,O003330,C000942,8757,2023-08-26,carrier_delay,High,Carrier route delay,Open
FUL003513,O033310,C000673,1906,2024-11-06,carrier_delay,High,Carrier route delay,Open
FUL003514,O033313,C000706,6256,2024-11-06,carrier_delay,High,Carrier route delay,Open
FUL003515,O033323,C001193,10766,2024-11-06,carrier_delay,High,Carrier route delay,Open
FUL003516,O033328,C001800,6585,2024-11-06,carrier_delay,High,Carrier route delay,Open
FUL003517,O033329,C001689,1331,2024-11-06,carrier_delay,High,Carrier route delay,Open
FUL003518,O033330,C000155,9515,2024-11-06,carrier_delay,High,Carrier route delay,Open
FUL003519,O033336,C000603,10493,2024-11-06,carrier_delay,High,Carrier route delay,Open
FUL003520,O033345,C000687,3754,2024-11-06,carrier_delay,High,Carrier route delay,Open
FUL003521,O033348,C000151,4491,2024-11-06,carrier_delay,High,Carrier route delay,Open
FUL003522,O003337,C000250,6660,2023-08-26,carrier_delay,High,Carrier route delay,Open
FUL003523,O033370,C001705,10952,2024-11-07,carrier_delay,High,Carrier route delay,Open
FUL003524,O033375,C001159,10796,2024-11-07,carrier_delay,High,Carrier route delay,Open
FUL003525,O033376,C000526,2451,2024-11-07,cancellation_review,Medium,Customer or fulfillment cancellation,Closed
FUL003526,O003338,C000958,866,2023-08-26,carrier_delay,High,Carrier route delay,Open
FUL003527,O033398,C000449,9876,2024-11-07,carrier_delay,High,Carrier route delay,Open
FUL003528,O000334,C001627,3752,2023-07-13,carrier_delay,High,Carrier route delay,Open
FUL003529,O033412,C001807,8362,2024-11-07,carrier_delay,High,Carrier route delay,Open
FUL003530,O033413,C000696,5640,2024-11-07,carrier_delay,High,Carrier route delay,Open
FUL003531,O033414,C000607,9702,2024-11-07,carrier_delay,High,Carrier route delay,Open
FUL003532,O003342,C000495,6412,2023-08-26,cancellation_review,Medium,Customer or fulfillment cancellation,Closed
FUL003533,O033421,C000657,11430,2024-11-07,carrier_delay,High,Carrier route delay,Open
FUL003534,O033424,C001799,8845,2024-11-07,carrier_delay,High,Carrier route delay,Open
FUL003535,O033435,C000330,2462,2024-11-08,carrier_delay,High,Carrier route delay,Open
FUL003536,O033449,C000758,502,2024-11-08,carrier_delay,High,Carrier route delay,Open
FUL003537,O033452,C001199,10308,2024-11-08,cancellation_review,Medium,Customer or fulfillment cancellation,Closed
FUL003538,O033455,C000008,4249,2024-11-08,carrier_delay,High,Carrier route delay,Open
FUL003539,O033459,C001326,3224,2024-11-08,carrier_delay,High,Carrier route delay,Open
FUL003540,O033470,C001764,5999,2024-11-08,carrier_delay,High,Carrier route delay,Open
FUL003541,O033480,C000713,7327,2024-11-08,carrier_delay,High,Carrier route delay,Open
FUL003542,O003349,C000019,12284,2023-08-26,carrier_delay,High,Carrier route delay,Open
FUL003543,O033497,C001067,6759,2024-11-08,carrier_delay,High,Carrier route delay,Open
FUL003544,O033499,C000250,6660,2024-11-08,carrier_delay,High,Carrier route delay,Open
FUL003545,O033527,C001885,4492,2024-11-09,cancellation_review,Medium,Customer or fulfillment cancellation,Closed
FUL003546,O033529,C001316,5051,2024-11-09,cancellation_review,Medium,Customer or fulfillment cancellation,Closed
FUL003547,O003353,C001510,439,2023-08-26,carrier_delay,High,Carrier route delay,Open
FUL003548,O033530,C001923,2750,2024-11-09,carrier_delay,High,Carrier route delay,Open
FUL003549,O003354,C000058,11065,2023-08-26,carrier_delay,High,Carrier route delay,Open
FUL003550,O033550,C001628,9612,2024-11-09,carrier_delay,High,Carrier route delay,Open
FUL003551,O033559,C001467,6566,2024-11-09,carrier_delay,High,Carrier route delay,Open
FUL003552,O033561,C001926,3331,2024-11-09,carrier_delay,High,Carrier route delay,Open
FUL003553,O033564,C001292,1298,2024-11-09,carrier_delay,High,Carrier route delay,Open
FUL003554,O033570,C000753,5033,2024-11-10,carrier_delay,High,Carrier route delay,Open
FUL003555,O033579,C000294,1578,2024-11-10,carrier_delay,High,Carrier route delay,Open
FUL003556,O033584,C000474,5549,2024-11-10,carrier_delay,High,Carrier route delay,Open
FUL003557,O033590,C000274,11931,2024-11-10,carrier_delay,High,Carrier route delay,Open
FUL003558,O033605,C001208,6356,2024-11-10,carrier_delay,High,Carrier route delay,Open
FUL003559,O033609,C000342,4936,2024-11-10,carrier_delay,High,Carrier route delay,Open
FUL003560,O033610,C000323,4980,2024-11-10,carrier_delay,High,Carrier route delay,Open
FUL003561,O033614,C001865,2979,2024-11-10,carrier_delay,High,Carrier route delay,Open
FUL003562,O033619,C000140,5001,2024-11-10,cancellation_review,Medium,Customer or fulfillment cancellation,Closed
FUL003563,O003363,C000435,10501,2023-08-27,carrier_delay,High,Carrier route delay,Open
FUL003564,O033632,C000070,10744,2024-11-10,carrier_delay,High,Carrier route delay,Open
FUL003565,O033640,C001055,7757,2024-11-11,carrier_delay,High,Carrier route delay,Open
FUL003566,O033648,C001103,10687,2024-11-11,carrier_delay,High,Carrier route delay,Open
FUL003567,O033659,C000762,4969,2024-11-11,carrier_delay,High,Carrier route delay,Open
FUL003568,O003366,C000733,364,2023-08-27,carrier_delay,High,Carrier route delay,Open
FUL003569,O033665,C001711,5665,2024-11-11,carrier_delay,High,Carrier route delay,Open
FUL003570,O033677,C000570,6553,2024-11-11,carrier_delay,High,Carrier route delay,Open
FUL003571,O033690,C000196,1148,2024-11-11,carrier_delay,High,Carrier route delay,Open
FUL003572,O033695,C001956,4487,2024-11-11,carrier_delay,High,Carrier route delay,Open
FUL003573,O033705,C000917,2769,2024-11-12,carrier_delay,High,Carrier route delay,Open
FUL003574,O033707,C001940,6767,2024-11-12,carrier_delay,High,Carrier route delay,Open
FUL003575,O033710,C000975,9560,2024-11-12,carrier_delay,High,Carrier route delay,Open
FUL003576,O033724,C000048,5217,2024-11-12,carrier_delay,High,Carrier route delay,Open
FUL003577,O033729,C000667,5085,2024-11-12,carrier_delay,High,Carrier route delay,Open
FUL003578,O003373,C000754,11700,2023-08-27,carrier_delay,High,Carrier route delay,Open
FUL003579,O033735,C000123,154,2024-11-12,carrier_delay,High,Carrier route delay,Open
FUL003580,O033736,C000927,2680,2024-11-12,carrier_delay,High,Carrier route delay,Open
FUL003581,O003374,C001005,10457,2023-08-27,carrier_delay,High,Carrier route delay,Open
FUL003582,O033760,C001001,9273,2024-11-12,carrier_delay,High,Carrier route delay,Open
FUL003583,O033770,C001752,4456,2024-11-12,carrier_delay,High,Carrier route delay,Open
FUL003584,O033773,C000816,2942,2024-11-12,carrier_delay,High,Carrier route delay,Open
FUL003585,O033782,C001323,8999,2024-11-13,carrier_delay,High,Carrier route delay,Open
FUL003586,O033788,C000623,11417,2024-11-13,carrier_delay,High,Carrier route delay,Open
FUL003587,O033800,C000714,3523,2024-11-13,cancellation_review,Medium,Customer or fulfillment cancellation,Closed
FUL003588,O033807,C000985,9260,2024-11-13,carrier_delay,High,Carrier route delay,Open
FUL003589,O033814,C001234,9823,2024-11-13,carrier_delay,High,Carrier route delay,Open
FUL003590,O033825,C000038,11017,2024-11-13,carrier_delay,High,Carrier route delay,Open
FUL003591,O033827,C000566,10500,2024-11-13,carrier_delay,High,Carrier route delay,Open
FUL003592,O033830,C001522,11504,2024-11-13,carrier_delay,High,Carrier route delay,Open
FUL003593,O033848,C000597,10834,2024-11-14,carrier_delay,High,Carrier route delay,Open
FUL003594,O033849,C000032,10591,2024-11-14,carrier_delay,High,Carrier route delay,Open
FUL003595,O033850,C000150,5173,2024-11-14,carrier_delay,High,Carrier route delay,Open
FUL003596,O033852,C000603,10493,2024-11-14,carrier_delay,High,Carrier route delay,Open
FUL003597,O033853,C000900,9969,2024-11-14,carrier_delay,High,Carrier route delay,Open
FUL003598,O033854,C001693,4279,2024-11-14,carrier_delay,High,Carrier route delay,Open
FUL003599,O033878,C001130,5671,2024-11-14,carrier_delay,High,Carrier route delay,Open
FUL003600,O033879,C001944,2192,2024-11-14,carrier_delay,High,Carrier route delay,Open
FUL003601,O033884,C001366,6199,2024-11-14,carrier_delay,High,Carrier route delay,Open
FUL003602,O033888,C001205,5989,2024-11-14,carrier_delay,High,Carrier route delay,Open
FUL003603,O033898,C000292,10707,2024-11-14,carrier_delay,High,Carrier route delay,Open
FUL003604,O033899,C000355,5682,2024-11-14,carrier_delay,High,Carrier route delay,Open
FUL003605,O003390,C001388,5012,2023-08-27,carrier_delay,High,Carrier route delay,Open
FUL003606,O033947,C001102,2830,2024-11-15,carrier_delay,High,Carrier route delay,Open
FUL003607,O003395,C001863,1618,2023-08-27,carrier_delay,High,Carrier route delay,Open
FUL003608,O033974,C000717,6470,2024-11-15,carrier_delay,High,Carrier route delay,Open
FUL003609,O033980,C001412,7667,2024-11-16,carrier_delay,High,Carrier route delay,Open
FUL003610,O033989,C000207,1445,2024-11-16,carrier_delay,High,Carrier route delay,Open
FUL003611,O033992,C000313,4454,2024-11-16,carrier_delay,High,Carrier route delay,Open
FUL003612,O033993,C001829,8403,2024-11-16,carrier_delay,High,Carrier route delay,Open
FUL003613,O003400,C001201,8529,2023-08-27,carrier_delay,High,Carrier route delay,Open
FUL003614,O034004,C000009,5654,2024-11-16,carrier_delay,High,Carrier route delay,Open
FUL003615,O034007,C001004,1494,2024-11-16,carrier_delay,High,Carrier route delay,Open
FUL003616,O034024,C000720,1158,2024-11-16,carrier_delay,High,Carrier route delay,Open
FUL003617,O003403,C001416,6397,2023-08-27,carrier_delay,High,Carrier route delay,Open
FUL003618,O034030,C001630,5249,2024-11-16,carrier_delay,High,Carrier route delay,Open
FUL003619,O034048,C000090,9580,2024-11-17,carrier_delay,High,Carrier route delay,Open
FUL003620,O034050,C000413,6836,2024-11-17,carrier_delay,High,Carrier route delay,Open
FUL003621,O034052,C000864,3531,2024-11-17,carrier_delay,High,Carrier route delay,Open
FUL003622,O034055,C001470,10942,2024-11-17,carrier_delay,High,Carrier route delay,Open
FUL003623,O034060,C000338,1014,2024-11-17,carrier_delay,High,Carrier route delay,Open
FUL003624,O034069,C001236,4495,2024-11-17,carrier_delay,High,Carrier route delay,Open
FUL003625,O034074,C000937,8462,2024-11-17,carrier_delay,High,Carrier route delay,Open
FUL003626,O034080,C000236,1826,2024-11-17,carrier_delay,High,Carrier route delay,Open
FUL003627,O034085,C001869,4229,2024-11-17,carrier_delay,High,Carrier route delay,Open
FUL003628,O034094,C000838,5741,2024-11-17,carrier_delay,High,Carrier route delay,Open
FUL003629,O034111,C001884,4778,2024-11-17,carrier_delay,High,Carrier route delay,Open
FUL003630,O034116,C001017,1365,2024-11-18,carrier_delay,High,Carrier route delay,Open
FUL003631,O034117,C000237,938,2024-11-18,carrier_delay,High,Carrier route delay,Open
FUL003632,O034118,C000422,8382,2024-11-18,carrier_delay,High,Carrier route delay,Open
FUL003633,O003414,C001062,4861,2023-08-27,carrier_delay,High,Carrier route delay,Open
FUL003634,O034140,C001894,10390,2024-11-18,carrier_delay,High,Carrier route delay,Open
FUL003635,O034159,C001699,4877,2024-11-18,carrier_delay,High,Carrier route delay,Open
FUL003636,O034180,C000613,3180,2024-11-18,carrier_delay,High,Carrier route delay,Open
FUL003637,O034193,C001141,10160,2024-11-19,carrier_delay,High,Carrier route delay,Open
FUL003638,O034200,C001124,5403,2024-11-19,carrier_delay,High,Carrier route delay,Open
FUL003639,O034212,C001302,2783,2024-11-19,carrier_delay,High,Carrier route delay,Open
FUL003640,O034220,C001821,10821,2024-11-19,carrier_delay,High,Carrier route delay,Open
FUL003641,O034222,C001828,3905,2024-11-19,carrier_delay,High,Carrier route delay,Open
FUL003642,O034245,C000378,8920,2024-11-19,carrier_delay,High,Carrier route delay,Open
FUL003643,O034249,C000315,1979,2024-11-19,cancellation_review,Medium,Customer or fulfillment cancellation,Closed
FUL003644,O003425,C000090,9580,2023-08-27,carrier_delay,High,Carrier route delay,Open
FUL003645,O034250,C001042,5878,2024-11-19,carrier_delay,High,Carrier route delay,Open
FUL003646,O034254,C000093,1540,2024-11-20,carrier_delay,High,Carrier route delay,Open
FUL003647,O034258,C001400,10898,2024-11-20,carrier_delay,High,Carrier route delay,Open
FUL003648,O034265,C000138,8964,2024-11-20,carrier_delay,High,Carrier route delay,Open
FUL003649,O034269,C000240,1948,2024-11-20,carrier_delay,High,Carrier route delay,Open
FUL003650,O034274,C001649,11574,2024-11-20,carrier_delay,High,Carrier route delay,Open
FUL003651,O034290,C001506,8605,2024-11-20,carrier_delay,High,Carrier route delay,Open
FUL003652,O034295,C001936,6425,2024-11-20,carrier_delay,High,Carrier route delay,Open
FUL003653,O034297,C000266,7789,2024-11-20,carrier_delay,High,Carrier route delay,Open
FUL003654,O034298,C000335,12205,2024-11-20,carrier_delay,High,Carrier route delay,Open
FUL003655,O000343,C001705,10952,2023-07-13,carrier_delay,High,Carrier route delay,Open
FUL003656,O034302,C000291,5138,2024-11-20,carrier_delay,High,Carrier route delay,Open
FUL003657,O034304,C000643,1387,2024-11-20,cancellation_review,Medium,Customer or fulfillment cancellation,Closed
FUL003658,O034319,C001330,7043,2024-11-20,carrier_delay,High,Carrier route delay,Open
FUL003659,O003432,C001945,9338,2023-08-28,carrier_delay,High,Carrier route delay,Open
FUL003660,O034327,C001320,6003,2024-11-21,carrier_delay,High,Carrier route delay,Open
FUL003661,O034341,C001128,3509,2024-11-21,carrier_delay,High,Carrier route delay,Open
FUL003662,O003435,C001801,2467,2023-08-28,carrier_delay,High,Carrier route delay,Open
FUL003663,O034358,C001518,4407,2024-11-21,carrier_delay,High,Carrier route delay,Open
FUL003664,O034362,C001718,9245,2024-11-21,carrier_delay,High,Carrier route delay,Open
FUL003665,O034363,C000763,847,2024-11-21,carrier_delay,High,Carrier route delay,Open
FUL003666,O034366,C000254,11738,2024-11-21,carrier_delay,High,Carrier route delay,Open
FUL003667,O034377,C001394,1753,2024-11-21,carrier_delay,High,Carrier route delay,Open
FUL003668,O034387,C000026,5897,2024-11-21,cancellation_review,Medium,Customer or fulfillment cancellation,Closed
FUL003669,O034393,C001872,11711,2024-11-22,carrier_delay,High,Carrier route delay,Open
FUL003670,O034398,C000125,3879,2024-11-22,carrier_delay,High,Carrier route delay,Open
FUL003671,O034400,C001981,1069,2024-11-22,carrier_delay,High,Carrier route delay,Open
FUL003672,O034406,C000128,9743,2024-11-22,carrier_delay,High,Carrier route delay,Open
FUL003673,O034409,C000081,10291,2024-11-22,carrier_delay,High,Carrier route delay,Open
FUL003674,O034427,C000882,8174,2024-11-22,carrier_delay,High,Carrier route delay,Open
FUL003675,O034439,C000183,7857,2024-11-22,carrier_delay,High,Carrier route delay,Open
FUL003676,O003445,C000041,12285,2023-08-28,carrier_delay,High,Carrier route delay,Open
FUL003677,O034450,C001484,7992,2024-11-22,carrier_delay,High,Carrier route delay,Open
FUL003678,O034461,C000220,2220,2024-11-23,cancellation_review,Medium,Customer or fulfillment cancellation,Closed
FUL003679,O034464,C001797,4580,2024-11-23,carrier_delay,High,Carrier route delay,Open
FUL003680,O034470,C001790,4567,2024-11-23,carrier_delay,High,Carrier route delay,Open
FUL003681,O003448,C000677,4667,2023-08-28,carrier_delay,High,Carrier route delay,Open
FUL003682,O034480,C001215,6942,2024-11-23,carrier_delay,High,Carrier route delay,Open
FUL003683,O034499,C001662,1116,2024-11-23,carrier_delay,High,Carrier route delay,Open
FUL003684,O034504,C000854,8981,2024-11-23,carrier_delay,High,Carrier route delay,Open
FUL003685,O034512,C001519,6279,2024-11-23,carrier_delay,High,Carrier route delay,Open
FUL003686,O034521,C000313,4454,2024-11-23,carrier_delay,High,Carrier route delay,Open
FUL003687,O034530,C001229,4462,2024-11-24,carrier_delay,High,Carrier route delay,Open
FUL003688,O034534,C001044,3167,2024-11-24,carrier_delay,High,Carrier route delay,Open
FUL003689,O034537,C000727,10543,2024-11-24,carrier_delay,High,Carrier route delay,Open
FUL003690,O034545,C000213,4530,2024-11-24,carrier_delay,High,Carrier route delay,Open
FUL003691,O034546,C001307,53,2024-11-24,cancellation_review,Medium,Customer or fulfillment cancellation,Closed
FUL003692,O034549,C001477,1882,2024-11-24,carrier_delay,High,Carrier route delay,Open
FUL003693,O003455,C001746,8607,2023-08-28,carrier_delay,High,Carrier route delay,Open
FUL003694,O034557,C001650,5585,2024-11-24,carrier_delay,High,Carrier route delay,Open
FUL003695,O034558,C000907,1024,2024-11-24,carrier_delay,High,Carrier route delay,Open
FUL003696,O034574,C000409,1868,2024-11-24,carrier_delay,High,Carrier route delay,Open
FUL003697,O034604,C001654,8506,2024-11-25,carrier_delay,High,Carrier route delay,Open
FUL003698,O034609,C001558,5749,2024-11-25,carrier_delay,High,Carrier route delay,Open
FUL003699,O034614,C001921,1807,2024-11-25,carrier_delay,High,Carrier route delay,Open
FUL003700,O034615,C000014,664,2024-11-25,carrier_delay,High,Carrier route delay,Open
FUL003701,O034625,C001188,11116,2024-11-25,cancellation_review,Medium,Customer or fulfillment cancellation,Closed
FUL003702,O034628,C000179,6143,2024-11-25,carrier_delay,High,Carrier route delay,Open
FUL003703,O034629,C000172,7139,2024-11-25,carrier_delay,High,Carrier route delay,Open
FUL003704,O003464,C000661,12019,2023-08-28,carrier_delay,High,Carrier route delay,Open
FUL003705,O034651,C000281,1285,2024-11-25,carrier_delay,High,Carrier route delay,Open
FUL003706,O034652,C001935,11997,2024-11-25,carrier_delay,High,Carrier route delay,Open
FUL003707,O034678,C000046,1492,2024-11-26,carrier_delay,High,Carrier route delay,Open
FUL003708,O000347,C000932,11662,2023-07-14,carrier_delay,High,Carrier route delay,Open
FUL003709,O003470,C001694,6187,2023-08-28,carrier_delay,High,Carrier route delay,Open
FUL003710,O034700,C000898,6236,2024-11-26,carrier_delay,High,Carrier route delay,Open
FUL003711,O034709,C001445,3477,2024-11-26,carrier_delay,High,Carrier route delay,Open
FUL003712,O034715,C001717,11836,2024-11-26,carrier_delay,High,Carrier route delay,Open
FUL003713,O003472,C001454,11352,2023-08-28,carrier_delay,High,Carrier route delay,Open
FUL003714,O034720,C001295,3925,2024-11-26,carrier_delay,High,Carrier route delay,Open
FUL003715,O034725,C000313,4454,2024-11-26,carrier_delay,High,Carrier route delay,Open
FUL003716,O034729,C001308,10142,2024-11-26,carrier_delay,High,Carrier route delay,Open
FUL003717,O034739,C000800,12210,2024-11-27,carrier_delay,High,Carrier route delay,Open
FUL003718,O034740,C000819,9003,2024-11-27,carrier_delay,High,Carrier route delay,Open
FUL003719,O034744,C000800,12210,2024-11-27,carrier_delay,High,Carrier route delay,Open
FUL003720,O034753,C000101,12226,2024-11-27,carrier_delay,High,Carrier route delay,Open
FUL003721,O034754,C000501,4930,2024-11-27,carrier_delay,High,Carrier route delay,Open
FUL003722,O034755,C001226,12101,2024-11-27,carrier_delay,High,Carrier route delay,Open
FUL003723,O034778,C001414,1735,2024-11-27,carrier_delay,High,Carrier route delay,Open
FUL003724,O034785,C001185,2403,2024-11-27,carrier_delay,High,Carrier route delay,Open
FUL003725,O034794,C000581,10071,2024-11-27,carrier_delay,High,Carrier route delay,Open
FUL003726,O034804,C000248,5054,2024-11-28,carrier_delay,High,Carrier route delay,Open
FUL003727,O034816,C000300,9597,2024-11-28,carrier_delay,High,Carrier route delay,Open
FUL003728,O034819,C000696,5640,2024-11-28,carrier_delay,High,Carrier route delay,Open
FUL003729,O034821,C000273,2303,2024-11-28,cancellation_review,Medium,Customer or fulfillment cancellation,Closed
FUL003730,O034834,C000600,7268,2024-11-28,carrier_delay,High,Carrier route delay,Open
FUL003731,O034835,C001176,11767,2024-11-28,carrier_delay,High,Carrier route delay,Open
FUL003732,O034839,C000699,6725,2024-11-28,carrier_delay,High,Carrier route delay,Open
FUL003733,O034844,C001309,11341,2024-11-28,carrier_delay,High,Carrier route delay,Open
FUL003734,O034879,C001781,3696,2024-11-29,carrier_delay,High,Carrier route delay,Open
FUL003735,O034880,C001294,140,2024-11-29,carrier_delay,High,Carrier route delay,Open
FUL003736,O034881,C001012,6573,2024-11-29,carrier_delay,High,Carrier route delay,Open
FUL003737,O000349,C000750,9103,2023-07-14,carrier_delay,High,Carrier route delay,Open
FUL003738,O003490,C000563,6448,2023-08-28,carrier_delay,High,Carrier route delay,Open
FUL003739,O034905,C001965,3807,2024-11-29,carrier_delay,High,Carrier route delay,Open
FUL003740,O034909,C001769,3558,2024-11-29,carrier_delay,High,Carrier route delay,Open
FUL003741,O034927,C000822,3272,2024-11-29,carrier_delay,High,Carrier route delay,Open
FUL003742,O034934,C000961,3993,2024-11-29,carrier_delay,High,Carrier route delay,Open
FUL003743,O034935,C000594,12064,2024-11-29,carrier_delay,High,Carrier route delay,Open
FUL003744,O034965,C000911,4901,2024-11-30,carrier_delay,High,Carrier route delay,Open
FUL003745,O034968,C000759,11784,2024-11-30,carrier_delay,High,Carrier route delay,Open
FUL003746,O034969,C000217,5875,2024-11-30,carrier_delay,High,Carrier route delay,Open
FUL003747,O034977,C001616,1243,2024-11-30,cancellation_review,Medium,Customer or fulfillment cancellation,Closed
FUL003748,O034980,C000257,7460,2024-11-30,carrier_delay,High,Carrier route delay,Open
FUL003749,O034983,C000791,4595,2024-11-30,carrier_delay,High,Carrier route delay,Open
FUL003750,O034990,C001107,12382,2024-11-30,carrier_delay,High,Carrier route delay,Open
FUL003751,O034993,C000766,1106,2024-11-30,carrier_delay,High,Carrier route delay,Open
FUL003752,O000350,C000290,10672,2023-07-14,carrier_delay,High,Carrier route delay,Open
FUL003753,O035004,C001523,2121,2024-11-30,carrier_delay,High,Carrier route delay,Open
FUL003754,O003501,C001149,956,2023-08-29,carrier_delay,High,Carrier route delay,Open
FUL003755,O035029,C000815,6529,2024-12-01,carrier_delay,High,Carrier route delay,Open
FUL003756,O035035,C000884,6472,2024-12-01,carrier_delay,High,Carrier route delay,Open
FUL003757,O035036,C001538,9402,2024-12-01,carrier_delay,High,Carrier route delay,Open
FUL003758,O003504,C000365,3529,2023-08-29,carrier_delay,High,Carrier route delay,Open
FUL003759,O035044,C001890,10323,2024-12-01,carrier_delay,High,Carrier route delay,Open
FUL003760,O035048,C001472,7738,2024-12-01,carrier_delay,High,Carrier route delay,Open
FUL003761,O035049,C000792,12347,2024-12-01,carrier_delay,High,Carrier route delay,Open
FUL003762,O003505,C000795,9819,2023-08-29,carrier_delay,High,Carrier route delay,Open
FUL003763,O035050,C000520,6514,2024-12-01,carrier_delay,High,Carrier route delay,Open
FUL003764,O035054,C001108,7143,2024-12-01,carrier_delay,High,Carrier route delay,Open
FUL003765,O035055,C001634,9972,2024-12-01,carrier_delay,High,Carrier route delay,Open
FUL003766,O035069,C000607,9702,2024-12-01,carrier_delay,High,Carrier route delay,Open
FUL003767,O035080,C001824,9949,2024-12-02,carrier_delay,High,Carrier route delay,Open
FUL003768,O035082,C001410,8038,2024-12-02,carrier_delay,High,Carrier route delay,Open
FUL003769,O035089,C001094,2578,2024-12-02,carrier_delay,High,Carrier route delay,Open
FUL003770,O035090,C000533,4943,2024-12-02,carrier_delay,High,Carrier route delay,Open
FUL003771,O035096,C001346,5797,2024-12-02,carrier_delay,High,Carrier route delay,Open
FUL003772,O035097,C001800,6585,2024-12-02,carrier_delay,High,Carrier route delay,Open
FUL003773,O035104,C001860,1745,2024-12-02,carrier_delay,High,Carrier route delay,Open
FUL003774,O035110,C001803,3890,2024-12-02,carrier_delay,High,Carrier route delay,Open
FUL003775,O035114,C000730,11777,2024-12-02,carrier_delay,High,Carrier route delay,Open
FUL003776,O035115,C000259,2389,2024-12-02,carrier_delay,High,Carrier route delay,Open
FUL003777,O035139,C000271,6213,2024-12-02,carrier_delay,High,Carrier route delay,Open
FUL003778,O035144,C000402,8917,2024-12-03,cancellation_review,Medium,Customer or fulfillment cancellation,Closed
FUL003779,O035154,C001449,11387,2024-12-03,cancellation_review,Medium,Customer or fulfillment cancellation,Closed
FUL003780,O035159,C001227,1812,2024-12-03,carrier_delay,High,Carrier route delay,Open
FUL003781,O035162,C000811,9325,2024-12-03,carrier_delay,High,Carrier route delay,Open
FUL003782,O035163,C000670,9946,2024-12-03,carrier_delay,High,Carrier route delay,Open
FUL003783,O035165,C001163,9554,2024-12-03,carrier_delay,High,Carrier route delay,Open
FUL003784,O035170,C001254,846,2024-12-03,carrier_delay,High,Carrier route delay,Open
FUL003785,O035179,C001253,4875,2024-12-03,carrier_delay,High,Carrier route delay,Open
FUL003786,O035184,C001160,5775,2024-12-03,carrier_delay,High,Carrier route delay,Open
FUL003787,O035185,C001589,5052,2024-12-03,carrier_delay,High,Carrier route delay,Open
FUL003788,O035214,C000729,388,2024-12-04,carrier_delay,High,Carrier route delay,Open
FUL003789,O035235,C000748,11109,2024-12-04,cancellation_review,Medium,Customer or fulfillment cancellation,Closed
FUL003790,O035237,C001310,8889,2024-12-04,carrier_delay,High,Carrier route delay,Open
FUL003791,O035238,C000945,396,2024-12-04,carrier_delay,High,Carrier route delay,Open
FUL003792,O035262,C000273,2303,2024-12-04,carrier_delay,High,Carrier route delay,Open
FUL003793,O003529,C001768,2586,2023-08-29,carrier_delay,High,Carrier route delay,Open
FUL003794,O035316,C000065,11888,2024-12-05,carrier_delay,High,Carrier route delay,Open
FUL003795,O035322,C000829,5301,2024-12-05,carrier_delay,High,Carrier route delay,Open
FUL003796,O035330,C000969,4164,2024-12-05,carrier_delay,High,Carrier route delay,Open
FUL003797,O035332,C000151,4491,2024-12-05,carrier_delay,High,Carrier route delay,Open
FUL003798,O035335,C001103,10687,2024-12-05,carrier_delay,High,Carrier route delay,Open
FUL003799,O035336,C001989,6930,2024-12-05,carrier_delay,High,Carrier route delay,Open
FUL003800,O035341,C000872,4654,2024-12-05,carrier_delay,High,Carrier route delay,Open
FUL003801,O035351,C001806,5417,2024-12-06,cancellation_review,Medium,Customer or fulfillment cancellation,Closed
FUL003802,O035352,C001848,8915,2024-12-06,carrier_delay,High,Carrier route delay,Open
FUL003803,O035355,C000060,5053,2024-12-06,carrier_delay,High,Carrier route delay,Open
FUL003804,O035361,C001296,11039,2024-12-06,carrier_delay,High,Carrier route delay,Open
FUL003805,O035365,C001486,3291,2024-12-06,carrier_delay,High,Carrier route delay,Open
FUL003806,O035369,C000044,749,2024-12-06,carrier_delay,High,Carrier route delay,Open
FUL003807,O035375,C001680,2210,2024-12-06,carrier_delay,High,Carrier route delay,Open
FUL003808,O035376,C001741,11950,2024-12-06,carrier_delay,High,Carrier route delay,Open
FUL003809,O035402,C000768,483,2024-12-06,cancellation_review,Medium,Customer or fulfillment cancellation,Closed
FUL003810,O035403,C000949,408,2024-12-06,carrier_delay,High,Carrier route delay,Open
FUL003811,O035404,C000913,3280,2024-12-06,carrier_delay,High,Carrier route delay,Open
FUL003812,O035407,C001826,4477,2024-12-06,carrier_delay,High,Carrier route delay,Open
FUL003813,O035415,C000023,1443,2024-12-06,carrier_delay,High,Carrier route delay,Open
FUL003814,O003542,C000436,5264,2023-08-29,carrier_delay,High,Carrier route delay,Open
FUL003815,O035424,C001079,4190,2024-12-07,carrier_delay,High,Carrier route delay,Open
FUL003816,O003544,C000001,791,2023-08-29,carrier_delay,High,Carrier route delay,Open
FUL003817,O035469,C001384,1393,2024-12-07,carrier_delay,High,Carrier route delay,Open
FUL003818,O035484,C001968,8091,2024-12-07,carrier_delay,High,Carrier route delay,Open
FUL003819,O035487,C000362,1937,2024-12-08,carrier_delay,High,Carrier route delay,Open
FUL003820,O035488,C001658,4657,2024-12-08,carrier_delay,High,Carrier route delay,Open
FUL003821,O035489,C000702,5071,2024-12-08,carrier_delay,High,Carrier route delay,Open
FUL003822,O035500,C001324,11897,2024-12-08,carrier_delay,High,Carrier route delay,Open
FUL003823,O035510,C000507,12107,2024-12-08,carrier_delay,High,Carrier route delay,Open
FUL003824,O035537,C000552,8869,2024-12-08,carrier_delay,High,Carrier route delay,Open
FUL003825,O035540,C000201,5028,2024-12-08,carrier_delay,High,Carrier route delay,Open
FUL003826,O035552,C001888,11631,2024-12-08,carrier_delay,High,Carrier route delay,Open
FUL003827,O035559,C000565,7,2024-12-09,carrier_delay,High,Carrier route delay,Open
FUL003828,O035560,C000472,9692,2024-12-09,carrier_delay,High,Carrier route delay,Open
FUL003829,O035565,C000069,1577,2024-12-09,carrier_delay,High,Carrier route delay,Open
FUL003830,O035573,C000233,221,2024-12-09,carrier_delay,High,Carrier route delay,Open
FUL003831,O035574,C001867,4846,2024-12-09,carrier_delay,High,Carrier route delay,Open
FUL003832,O035579,C001959,4417,2024-12-09,carrier_delay,High,Carrier route delay,Open
FUL003833,O035598,C001774,2174,2024-12-09,carrier_delay,High,Carrier route delay,Open
FUL003834,O035599,C000253,4460,2024-12-09,carrier_delay,High,Carrier route delay,Open
FUL003835,O035600,C000487,4013,2024-12-09,carrier_delay,High,Carrier route delay,Open
FUL003836,O035613,C000360,6623,2024-12-09,carrier_delay,High,Carrier route delay,Open
FUL003837,O035620,C000603,10493,2024-12-09,carrier_delay,High,Carrier route delay,Open
FUL003838,O035623,C000153,5371,2024-12-09,carrier_delay,High,Carrier route delay,Open
FUL003839,O035628,C001655,8211,2024-12-10,carrier_delay,High,Carrier route delay,Open
FUL003840,O035640,C001091,4422,2024-12-10,carrier_delay,High,Carrier route delay,Open
FUL003841,O035654,C000537,731,2024-12-10,carrier_delay,High,Carrier route delay,Open
FUL003842,O035663,C000070,10744,2024-12-10,carrier_delay,High,Carrier route delay,Open
FUL003843,O035664,C001548,8193,2024-12-10,carrier_delay,High,Carrier route delay,Open
FUL003844,O035665,C000818,9690,2024-12-10,carrier_delay,High,Carrier route delay,Open
FUL003845,O035669,C001719,2211,2024-12-10,carrier_delay,High,Carrier route delay,Open
FUL003846,O035670,C001997,8684,2024-12-10,carrier_delay,High,Carrier route delay,Open
FUL003847,O035674,C000544,1853,2024-12-10,carrier_delay,High,Carrier route delay,Open
FUL003848,O035678,C000472,9692,2024-12-10,carrier_delay,High,Carrier route delay,Open
FUL003849,O035687,C000982,3763,2024-12-10,carrier_delay,High,Carrier route delay,Open
FUL003850,O035689,C001880,787,2024-12-10,carrier_delay,High,Carrier route delay,Open
FUL003851,O035724,C000692,972,2024-12-11,carrier_delay,High,Carrier route delay,Open
FUL003852,O035726,C000299,7060,2024-12-11,carrier_delay,High,Carrier route delay,Open
FUL003853,O035727,C001694,6187,2024-12-11,carrier_delay,High,Carrier route delay,Open
FUL003854,O035738,C000248,5054,2024-12-11,carrier_delay,High,Carrier route delay,Open
FUL003855,O035740,C001879,11954,2024-12-11,carrier_delay,High,Carrier route delay,Open
FUL003856,O035746,C000538,1804,2024-12-11,cancellation_review,Medium,Customer or fulfillment cancellation,Closed
FUL003857,O035752,C001679,9309,2024-12-11,carrier_delay,High,Carrier route delay,Open
FUL003858,O035753,C000910,2669,2024-12-11,carrier_delay,High,Carrier route delay,Open
FUL003859,O035754,C000808,5907,2024-12-11,cancellation_review,Medium,Customer or fulfillment cancellation,Closed
FUL003860,O035755,C001616,1243,2024-12-11,carrier_delay,High,Carrier route delay,Open
FUL003861,O035765,C001706,5104,2024-12-12,carrier_delay,High,Carrier route delay,Open
FUL003862,O035774,C000166,8820,2024-12-12,carrier_delay,High,Carrier route delay,Open
FUL003863,O035782,C001577,1828,2024-12-12,carrier_delay,High,Carrier route delay,Open
FUL003864,O035785,C000413,6836,2024-12-12,carrier_delay,High,Carrier route delay,Open
FUL003865,O035787,C001473,10039,2024-12-12,carrier_delay,High,Carrier route delay,Open
FUL003866,O035790,C000015,10351,2024-12-12,carrier_delay,High,Carrier route delay,Open
FUL003867,O035798,C001753,7824,2024-12-12,carrier_delay,High,Carrier route delay,Open
FUL003868,O000358,C001865,2979,2023-07-14,carrier_delay,High,Carrier route delay,Open
FUL003869,O035800,C000726,5965,2024-12-12,cancellation_review,Medium,Customer or fulfillment cancellation,Closed
FUL003870,O035837,C000772,40,2024-12-13,carrier_delay,High,Carrier route delay,Open
FUL003871,O035844,C000054,9494,2024-12-13,carrier_delay,High,Carrier route delay,Open
FUL003872,O035850,C000752,1627,2024-12-13,carrier_delay,High,Carrier route delay,Open
FUL003873,O035856,C000288,5519,2024-12-13,carrier_delay,High,Carrier route delay,Open
FUL003874,O035857,C001169,1843,2024-12-13,carrier_delay,High,Carrier route delay,Open
FUL003875,O035858,C000263,6137,2024-12-13,carrier_delay,High,Carrier route delay,Open
FUL003876,O003586,C001191,2256,2023-08-30,cancellation_review,Medium,Customer or fulfillment cancellation,Closed
FUL003877,O035860,C000307,3781,2024-12-13,carrier_delay,High,Carrier route delay,Open
FUL003878,O035861,C000607,9702,2024-12-13,carrier_delay,High,Carrier route delay,Open
FUL003879,O035862,C001698,8554,2024-12-13,carrier_delay,High,Carrier route delay,Open
FUL003880,O035870,C001153,5564,2024-12-13,carrier_delay,High,Carrier route delay,Open
FUL003881,O035875,C001410,8038,2024-12-13,carrier_delay,High,Carrier route delay,Open
FUL003882,O035884,C001830,342,2024-12-13,carrier_delay,High,Carrier route delay,Open
FUL003883,O035889,C000053,9883,2024-12-13,carrier_delay,High,Carrier route delay,Open
FUL003884,O035895,C000736,3365,2024-12-13,carrier_delay,High,Carrier route delay,Open
FUL003885,O035905,C001927,7687,2024-12-14,carrier_delay,High,Carrier route delay,Open
FUL003886,O035909,C000145,437,2024-12-14,carrier_delay,High,Carrier route delay,Open
FUL003887,O035915,C001126,5594,2024-12-14,carrier_delay,High,Carrier route delay,Open
FUL003888,O035919,C001410,8038,2024-12-14,carrier_delay,High,Carrier route delay,Open
FUL003889,O035920,C000696,5640,2024-12-14,carrier_delay,High,Carrier route delay,Open
FUL003890,O035931,C000836,11133,2024-12-14,carrier_delay,High,Carrier route delay,Open
FUL003891,O035942,C000171,58,2024-12-14,carrier_delay,High,Carrier route delay,Open
FUL003892,O035944,C000998,8790,2024-12-14,carrier_delay,High,Carrier route delay,Open
FUL003893,O003595,C001048,10269,2023-08-30,carrier_delay,High,Carrier route delay,Open
FUL003894,O035950,C000215,5015,2024-12-14,carrier_delay,High,Carrier route delay,Open
FUL003895,O035952,C000319,3983,2024-12-14,carrier_delay,High,Carrier route delay,Open
FUL003896,O035959,C000104,11654,2024-12-14,carrier_delay,High,Carrier route delay,Open
FUL003897,O035969,C001543,1493,2024-12-15,carrier_delay,High,Carrier route delay,Open
FUL003898,O035973,C001800,6585,2024-12-15,carrier_delay,High,Carrier route delay,Open
FUL003899,O035975,C000641,4200,2024-12-15,carrier_delay,High,Carrier route delay,Open
FUL003900,O035985,C001868,10885,2024-12-15,carrier_delay,High,Carrier route delay,Open
FUL003901,O003599,C000139,2224,2023-08-30,carrier_delay,High,Carrier route delay,Open
FUL003902,O003600,C001034,326,2023-08-30,carrier_delay,High,Carrier route delay,Open
FUL003903,O036025,C001736,6602,2024-12-15,carrier_delay,High,Carrier route delay,Open
FUL003904,O036028,C000170,6303,2024-12-15,cancellation_review,Medium,Customer or fulfillment cancellation,Closed
FUL003905,O036029,C001477,1882,2024-12-15,carrier_delay,High,Carrier route delay,Open
FUL003906,O036035,C001685,5349,2024-12-16,carrier_delay,High,Carrier route delay,Open
FUL003907,O036040,C001435,11443,2024-12-16,carrier_delay,High,Carrier route delay,Open
FUL003908,O036044,C000562,2540,2024-12-16,carrier_delay,High,Carrier route delay,Open
FUL003909,O036050,C000135,6049,2024-12-16,carrier_delay,High,Carrier route delay,Open
FUL003910,O036070,C000087,3957,2024-12-16,carrier_delay,High,Carrier route delay,Open
FUL003911,O036087,C000310,9740,2024-12-16,carrier_delay,High,Carrier route delay,Open
FUL003912,O036107,C001867,4846,2024-12-17,carrier_delay,High,Carrier route delay,Open
FUL003913,O036110,C001830,342,2024-12-17,carrier_delay,High,Carrier route delay,Open
FUL003914,O036115,C000201,5028,2024-12-17,carrier_delay,High,Carrier route delay,Open
FUL003915,O036121,C000994,10778,2024-12-17,carrier_delay,High,Carrier route delay,Open
FUL003916,O036129,C001585,8013,2024-12-17,carrier_delay,High,Carrier route delay,Open
FUL003917,O036135,C000760,8420,2024-12-17,carrier_delay,High,Carrier route delay,Open
FUL003918,O003614,C000001,791,2023-08-30,carrier_delay,High,Carrier route delay,Open
FUL003919,O036161,C001286,5280,2024-12-17,carrier_delay,High,Carrier route delay,Open
FUL003920,O036162,C000072,6305,2024-12-17,carrier_delay,High,Carrier route delay,Open
FUL003921,O036165,C001934,1180,2024-12-17,carrier_delay,High,Carrier route delay,Open
FUL003922,O036179,C000265,9928,2024-12-18,carrier_delay,High,Carrier route delay,Open
FUL003923,O036202,C001287,4683,2024-12-18,cancellation_review,Medium,Customer or fulfillment cancellation,Closed
FUL003924,O036220,C000248,5054,2024-12-18,carrier_delay,High,Carrier route delay,Open
FUL003925,O036224,C000280,4588,2024-12-18,carrier_delay,High,Carrier route delay,Open
FUL003926,O003624,C000897,8203,2023-08-30,carrier_delay,High,Carrier route delay,Open
FUL003927,O036242,C000264,10610,2024-12-19,carrier_delay,High,Carrier route delay,Open
FUL003928,O036245,C001849,2402,2024-12-19,carrier_delay,High,Carrier route delay,Open
FUL003929,O003625,C000116,2813,2023-08-30,cancellation_review,Medium,Customer or fulfillment cancellation,Closed
FUL003930,O036285,C000757,4700,2024-12-19,carrier_delay,High,Carrier route delay,Open
FUL003931,O036289,C000081,10291,2024-12-19,carrier_delay,High,Carrier route delay,Open
FUL003932,O036295,C000893,5186,2024-12-19,carrier_delay,High,Carrier route delay,Open
FUL003933,O036308,C001353,5300,2024-12-19,carrier_delay,High,Carrier route delay,Open
FUL003934,O036309,C000545,6581,2024-12-20,carrier_delay,High,Carrier route delay,Open
FUL003935,O036314,C000717,6470,2024-12-20,carrier_delay,High,Carrier route delay,Open
FUL003936,O036315,C000729,388,2024-12-20,carrier_delay,High,Carrier route delay,Open
FUL003937,O036334,C001046,9721,2024-12-20,carrier_delay,High,Carrier route delay,Open
FUL003938,O036336,C001285,2091,2024-12-20,carrier_delay,High,Carrier route delay,Open
FUL003939,O036346,C000212,4659,2024-12-20,carrier_delay,High,Carrier route delay,Open
FUL003940,O036375,C000165,4539,2024-12-20,carrier_delay,High,Carrier route delay,Open
FUL003941,O036376,C001460,1961,2024-12-20,carrier_delay,High,Carrier route delay,Open
FUL003942,O036379,C001983,12335,2024-12-21,carrier_delay,High,Carrier route delay,Open
FUL003943,O036395,C000510,10559,2024-12-21,carrier_delay,High,Carrier route delay,Open
FUL003944,O036398,C000978,11388,2024-12-21,carrier_delay,High,Carrier route delay,Open
FUL003945,O036410,C000154,1588,2024-12-21,carrier_delay,High,Carrier route delay,Open
FUL003946,O036430,C000178,172,2024-12-21,carrier_delay,High,Carrier route delay,Open
FUL003947,O036434,C001144,2169,2024-12-21,carrier_delay,High,Carrier route delay,Open
FUL003948,O036442,C000685,9432,2024-12-21,carrier_delay,High,Carrier route delay,Open
FUL003949,O036447,C001271,8167,2024-12-22,cancellation_review,Medium,Customer or fulfillment cancellation,Closed
FUL003950,O036454,C000431,5097,2024-12-22,carrier_delay,High,Carrier route delay,Open
FUL003951,O036455,C000980,639,2024-12-22,carrier_delay,High,Carrier route delay,Open
FUL003952,O036458,C001701,917,2024-12-22,carrier_delay,High,Carrier route delay,Open
FUL003953,O036465,C001534,2319,2024-12-22,carrier_delay,High,Carrier route delay,Open
FUL003954,O036469,C001502,10012,2024-12-22,carrier_delay,High,Carrier route delay,Open
FUL003955,O036477,C000189,7597,2024-12-22,carrier_delay,High,Carrier route delay,Open
FUL003956,O003648,C001474,296,2023-08-31,carrier_delay,High,Carrier route delay,Open
FUL003957,O036483,C000322,5752,2024-12-22,cancellation_review,Medium,Customer or fulfillment cancellation,Closed
FUL003958,O036494,C000619,9161,2024-12-22,carrier_delay,High,Carrier route delay,Open
FUL003959,O036499,C000324,3800,2024-12-22,carrier_delay,High,Carrier route delay,Open
FUL003960,O036500,C000742,10815,2024-12-22,cancellation_review,Medium,Customer or fulfillment cancellation,Closed
FUL003961,O036501,C001295,3925,2024-12-22,carrier_delay,High,Carrier route delay,Open
FUL003962,O036504,C000469,10555,2024-12-22,carrier_delay,High,Carrier route delay,Open
FUL003963,O036505,C000734,11492,2024-12-22,carrier_delay,High,Carrier route delay,Open
FUL003964,O036518,C000129,3199,2024-12-23,carrier_delay,High,Carrier route delay,Open
FUL003965,O036519,C001535,2137,2024-12-23,carrier_delay,High,Carrier route delay,Open
FUL003966,O036521,C000947,5296,2024-12-23,carrier_delay,High,Carrier route delay,Open
FUL003967,O036524,C001155,8808,2024-12-23,cancellation_review,Medium,Customer or fulfillment cancellation,Closed
FUL003968,O036545,C001331,3739,2024-12-23,carrier_delay,High,Carrier route delay,Open
FUL003969,O036560,C001523,2121,2024-12-23,carrier_delay,High,Carrier route delay,Open
FUL003970,O036561,C000181,10111,2024-12-23,carrier_delay,High,Carrier route delay,Open
FUL003971,O036568,C000226,3556,2024-12-23,carrier_delay,High,Carrier route delay,Open
FUL003972,O036575,C000777,3336,2024-12-23,carrier_delay,High,Carrier route delay,Open
FUL003973,O036581,C000537,731,2024-12-23,carrier_delay,High,Carrier route delay,Open
FUL003974,O036584,C000657,11430,2024-12-24,cancellation_review,Medium,Customer or fulfillment cancellation,Closed
FUL003975,O036586,C001708,937,2024-12-24,carrier_delay,High,Carrier route delay,Open
FUL003976,O003659,C000866,9789,2023-08-31,carrier_delay,High,Carrier route delay,Open
FUL003977,O036596,C001072,10888,2024-12-24,cancellation_review,Medium,Customer or fulfillment cancellation,Closed
FUL003978,O036599,C000300,9597,2024-12-24,carrier_delay,High,Carrier route delay,Open
FUL003979,O036600,C000114,3979,2024-12-24,carrier_delay,High,Carrier route delay,Open
FUL003980,O036612,C001960,5327,2024-12-24,carrier_delay,High,Carrier route delay,Open
FUL003981,O036615,C001677,5359,2024-12-24,carrier_delay,High,Carrier route delay,Open
FUL003982,O036616,C001908,1475,2024-12-24,carrier_delay,High,Carrier route delay,Open
FUL003983,O036620,C000819,9003,2024-12-24,carrier_delay,High,Carrier route delay,Open
FUL003984,O036621,C000484,8769,2024-12-24,carrier_delay,High,Carrier route delay,Open
FUL003985,O036623,C000451,238,2024-12-24,carrier_delay,High,Carrier route delay,Open
FUL003986,O036626,C000748,11109,2024-12-24,carrier_delay,High,Carrier route delay,Open
FUL003987,O036635,C001500,10062,2024-12-24,carrier_delay,High,Carrier route delay,Open
FUL003988,O003665,C000885,4907,2023-08-31,carrier_delay,High,Carrier route delay,Open
FUL003989,O036653,C000179,6143,2024-12-25,cancellation_review,Medium,Customer or fulfillment cancellation,Closed
FUL003990,O036654,C001669,8520,2024-12-25,carrier_delay,High,Carrier route delay,Open
FUL003991,O003666,C001929,2881,2023-08-31,carrier_delay,High,Carrier route delay,Open
FUL003992,O036674,C000124,10549,2024-12-25,carrier_delay,High,Carrier route delay,Open
FUL003993,O003668,C000120,3369,2023-08-31,carrier_delay,High,Carrier route delay,Open
FUL003994,O036684,C001633,272,2024-12-25,carrier_delay,High,Carrier route delay,Open
FUL003995,O036693,C000635,4464,2024-12-25,carrier_delay,High,Carrier route delay,Open
FUL003996,O036695,C000455,10211,2024-12-25,cancellation_review,Medium,Customer or fulfillment cancellation,Closed
FUL003997,O036702,C001085,3468,2024-12-25,carrier_delay,High,Carrier route delay,Open
FUL003998,O036704,C000859,5302,2024-12-25,carrier_delay,High,Carrier route delay,Open
FUL003999,O003671,C000834,5411,2023-08-31,carrier_delay,High,Carrier route delay,Open
FUL004000,O036712,C000528,335,2024-12-25,carrier_delay,High,Carrier route delay,Open
FUL004001,O036714,C001457,4673,2024-12-25,carrier_delay,High,Carrier route delay,Open
FUL004002,O003673,C001451,6287,2023-08-31,cancellation_review,Medium,Customer or fulfillment cancellation,Closed
FUL004003,O036742,C000688,2969,2024-12-26,carrier_delay,High,Carrier route delay,Open
FUL004004,O036743,C000519,5331,2024-12-26,carrier_delay,High,Carrier route delay,Open
FUL004005,O036744,C000031,9300,2024-12-26,carrier_delay,High,Carrier route delay,Open
FUL004006,O036749,C000919,7887,2024-12-26,carrier_delay,High,Carrier route delay,Open
FUL004007,O036750,C000243,9504,2024-12-26,carrier_delay,High,Carrier route delay,Open
FUL004008,O036754,C001141,10160,2024-12-26,carrier_delay,High,Carrier route delay,Open
FUL004009,O036759,C001039,12384,2024-12-26,carrier_delay,High,Carrier route delay,Open
FUL004010,O036760,C001913,11856,2024-12-26,carrier_delay,High,Carrier route delay,Open
FUL004011,O036769,C001202,2114,2024-12-26,carrier_delay,High,Carrier route delay,Open
FUL004012,O036777,C001121,10928,2024-12-26,carrier_delay,High,Carrier route delay,Open
FUL004013,O036783,C001740,3378,2024-12-26,carrier_delay,High,Carrier route delay,Open
FUL004014,O036792,C001011,3071,2024-12-27,carrier_delay,High,Carrier route delay,Open
FUL004015,O036794,C001938,7879,2024-12-27,carrier_delay,High,Carrier route delay,Open
FUL004016,O036795,C000851,6319,2024-12-27,carrier_delay,High,Carrier route delay,Open
FUL004017,O036800,C000385,2708,2024-12-27,cancellation_review,Medium,Customer or fulfillment cancellation,Closed
FUL004018,O036811,C000528,335,2024-12-27,cancellation_review,Medium,Customer or fulfillment cancellation,Closed
FUL004019,O036828,C000778,12341,2024-12-27,carrier_delay,High,Carrier route delay,Open
FUL004020,O036834,C000060,5053,2024-12-27,carrier_delay,High,Carrier route delay,Open
FUL004021,O036835,C000044,749,2024-12-27,carrier_delay,High,Carrier route delay,Open
FUL004022,O036844,C001976,8942,2024-12-27,carrier_delay,High,Carrier route delay,Open
FUL004023,O036850,C001224,8715,2024-12-27,carrier_delay,High,Carrier route delay,Open
FUL004024,O036857,C000936,11694,2024-12-28,carrier_delay,High,Carrier route delay,Open
FUL004025,O036864,C001676,5525,2024-12-28,carrier_delay,High,Carrier route delay,Open
FUL004026,O036874,C000009,5654,2024-12-28,carrier_delay,High,Carrier route delay,Open
FUL004027,O036889,C001399,7739,2024-12-28,carrier_delay,High,Carrier route delay,Open
FUL004028,O036899,C001680,2210,2024-12-28,carrier_delay,High,Carrier route delay,Open
FUL004029,O036905,C001616,1243,2024-12-28,cancellation_review,Medium,Customer or fulfillment cancellation,Closed
FUL004030,O036919,C000773,10521,2024-12-28,carrier_delay,High,Carrier route delay,Open
FUL004031,O003692,C001081,1670,2023-08-31,carrier_delay,High,Carrier route delay,Open
FUL004032,O036927,C001068,9197,2024-12-29,carrier_delay,High,Carrier route delay,Open
FUL004033,O036930,C001044,3167,2024-12-29,carrier_delay,High,Carrier route delay,Open
FUL004034,O036935,C000220,2220,2024-12-29,carrier_delay,High,Carrier route delay,Open
FUL004035,O003694,C000174,9368,2023-08-31,carrier_delay,High,Carrier route delay,Open
FUL004036,O036952,C000346,12235,2024-12-29,carrier_delay,High,Carrier route delay,Open
FUL004037,O036953,C000323,4980,2024-12-29,carrier_delay,High,Carrier route delay,Open
FUL004038,O036960,C001902,7383,2024-12-29,carrier_delay,High,Carrier route delay,Open
FUL004039,O036964,C000636,2844,2024-12-29,carrier_delay,High,Carrier route delay,Open
FUL004040,O036966,C001585,8013,2024-12-29,carrier_delay,High,Carrier route delay,Open
FUL004041,O036967,C001946,3231,2024-12-29,carrier_delay,High,Carrier route delay,Open
FUL004042,O036971,C001867,4846,2024-12-29,carrier_delay,High,Carrier route delay,Open
FUL004043,O036979,C001178,1448,2024-12-29,carrier_delay,High,Carrier route delay,Open
FUL004044,O036983,C001765,8555,2024-12-29,carrier_delay,High,Carrier route delay,Open
FUL004045,O036985,C000724,10681,2024-12-29,carrier_delay,High,Carrier route delay,Open
FUL004046,O036997,C001176,11767,2024-12-30,carrier_delay,High,Carrier route delay,Open
FUL004047,O003700,C000151,4491,2023-08-31,carrier_delay,High,Carrier route delay,Open
FUL004048,O037011,C001635,7356,2024-12-30,carrier_delay,High,Carrier route delay,Open
FUL004049,O037013,C001114,6081,2024-12-30,cancellation_review,Medium,Customer or fulfillment cancellation,Closed
FUL004050,O037020,C000017,4663,2024-12-30,carrier_delay,High,Carrier route delay,Open
FUL004051,O037028,C001239,8612,2024-12-30,carrier_delay,High,Carrier route delay,Open
FUL004052,O037037,C001380,5234,2024-12-30,carrier_delay,High,Carrier route delay,Open
FUL004053,O037039,C000862,4618,2024-12-30,carrier_delay,High,Carrier route delay,Open
FUL004054,O037040,C000599,5047,2024-12-30,carrier_delay,High,Carrier route delay,Open
FUL004055,O037042,C000677,4667,2024-12-30,carrier_delay,High,Carrier route delay,Open
FUL004056,O037053,C000664,6393,2024-12-30,carrier_delay,High,Carrier route delay,Open
FUL004057,O037065,C000261,6643,2024-12-31,carrier_delay,High,Carrier route delay,Open
FUL004058,O037070,C000184,1844,2024-12-31,carrier_delay,High,Carrier route delay,Open
FUL004059,O037074,C000314,10008,2024-12-31,carrier_delay,High,Carrier route delay,Open
FUL004060,O037085,C001823,3153,2024-12-31,carrier_delay,High,Carrier route delay,Open
FUL004061,O003709,C000933,5011,2023-09-01,carrier_delay,High,Carrier route delay,Open
FUL004062,O037090,C001628,9612,2024-12-31,carrier_delay,High,Carrier route delay,Open
FUL004063,O037093,C000541,7401,2024-12-31,carrier_delay,High,Carrier route delay,Open
FUL004064,O037109,C001445,3477,2024-12-31,carrier_delay,High,Carrier route delay,Open
FUL004065,O037119,C000512,11421,2024-12-31,carrier_delay,High,Carrier route delay,Open
FUL004066,O037138,C000798,3229,2025-01-01,carrier_delay,High,Carrier route delay,Open
FUL004067,O037140,C000036,4781,2025-01-01,carrier_delay,High,Carrier route delay,Open
FUL004068,O037144,C000744,5382,2025-01-01,carrier_delay,High,Carrier route delay,Open
FUL004069,O003715,C001108,7143,2023-09-01,carrier_delay,High,Carrier route delay,Open
FUL004070,O037160,C000643,1387,2025-01-01,carrier_delay,High,Carrier route delay,Open
FUL004071,O037165,C001038,9607,2025-01-01,carrier_delay,High,Carrier route delay,Open
FUL004072,O037169,C001289,6179,2025-01-01,carrier_delay,High,Carrier route delay,Open
FUL004073,O037179,C000364,10982,2025-01-01,carrier_delay,High,Carrier route delay,Open
FUL004074,O037185,C000276,10198,2025-01-01,carrier_delay,High,Carrier route delay,Open
FUL004075,O037190,C001086,4929,2025-01-01,carrier_delay,High,Carrier route delay,Open
FUL004076,O037199,C000582,7749,2025-01-02,carrier_delay,High,Carrier route delay,Open
FUL004077,O037200,C000677,4667,2025-01-02,carrier_delay,High,Carrier route delay,Open
FUL004078,O037204,C001527,6417,2025-01-02,carrier_delay,High,Carrier route delay,Open
FUL004079,O037210,C000024,6316,2025-01-02,carrier_delay,High,Carrier route delay,Open
FUL004080,O037214,C000386,688,2025-01-02,carrier_delay,High,Carrier route delay,Open
FUL004081,O037215,C000439,9513,2025-01-02,carrier_delay,High,Carrier route delay,Open
FUL004082,O037240,C001426,8294,2025-01-02,carrier_delay,High,Carrier route delay,Open
FUL004083,O037249,C000169,9073,2025-01-02,carrier_delay,High,Carrier route delay,Open
FUL004084,O037254,C001355,2717,2025-01-02,carrier_delay,High,Carrier route delay,Open
FUL004085,O037255,C000775,6281,2025-01-02,carrier_delay,High,Carrier route delay,Open
FUL004086,O037259,C000011,5715,2025-01-02,carrier_delay,High,Carrier route delay,Open
FUL004087,O037284,C000945,396,2025-01-03,carrier_delay,High,Carrier route delay,Open
FUL004088,O037285,C000781,4991,2025-01-03,carrier_delay,High,Carrier route delay,Open
FUL004089,O037286,C000035,6375,2025-01-03,carrier_delay,High,Carrier route delay,Open
FUL004090,O037288,C000814,9375,2025-01-03,carrier_delay,High,Carrier route delay,Open
FUL004091,O037289,C000983,6969,2025-01-03,carrier_delay,High,Carrier route delay,Open
FUL004092,O037305,C000086,3938,2025-01-03,carrier_delay,High,Carrier route delay,Open
FUL004093,O037309,C000227,11947,2025-01-03,carrier_delay,High,Carrier route delay,Open
FUL004094,O037313,C001036,10765,2025-01-03,carrier_delay,High,Carrier route delay,Open
FUL004095,O037340,C000778,12341,2025-01-04,carrier_delay,High,Carrier route delay,Open
FUL004096,O037344,C000267,8156,2025-01-04,carrier_delay,High,Carrier route delay,Open
FUL004097,O037350,C001842,568,2025-01-04,carrier_delay,High,Carrier route delay,Open
FUL004098,O037354,C000567,5267,2025-01-04,carrier_delay,High,Carrier route delay,Open
FUL004099,O037369,C001659,5145,2025-01-04,carrier_delay,High,Carrier route delay,Open
FUL004100,O037372,C000776,8587,2025-01-04,carrier_delay,High,Carrier route delay,Open
FUL004101,O037374,C001041,7974,2025-01-04,carrier_delay,High,Carrier route delay,Open
FUL004102,O037379,C000115,11656,2025-01-04,carrier_delay,High,Carrier route delay,Open
FUL004103,O037384,C000957,3482,2025-01-04,carrier_delay,High,Carrier route delay,Open
FUL004104,O037392,C000889,11089,2025-01-04,carrier_delay,High,Carrier route delay,Open
FUL004105,O037399,C000818,9690,2025-01-04,carrier_delay,High,Carrier route delay,Open
FUL004106,O037425,C001049,434,2025-01-05,carrier_delay,High,Carrier route delay,Open
FUL004107,O037426,C000904,11275,2025-01-05,carrier_delay,High,Carrier route delay,Open
FUL004108,O037454,C000011,5715,2025-01-05,carrier_delay,High,Carrier route delay,Open
FUL004109,O037460,C000615,12189,2025-01-05,carrier_delay,High,Carrier route delay,Open
FUL004110,O037469,C000693,12076,2025-01-05,carrier_delay,High,Carrier route delay,Open
FUL004111,O037484,C001719,2211,2025-01-06,carrier_delay,High,Carrier route delay,Open
FUL004112,O037485,C000357,3099,2025-01-06,carrier_delay,High,Carrier route delay,Open
FUL004113,O037490,C000834,5411,2025-01-06,carrier_delay,High,Carrier route delay,Open
FUL004114,O037501,C001175,7511,2025-01-06,carrier_delay,High,Carrier route delay,Open
FUL004115,O037502,C001693,4279,2025-01-06,carrier_delay,High,Carrier route delay,Open
FUL004116,O037504,C001962,534,2025-01-06,carrier_delay,High,Carrier route delay,Open
FUL004117,O037510,C000450,9353,2025-01-06,carrier_delay,High,Carrier route delay,Open
FUL004118,O037526,C001172,7593,2025-01-06,carrier_delay,High,Carrier route delay,Open
FUL004119,O003754,C000228,123,2023-09-01,carrier_delay,High,Carrier route delay,Open
FUL004120,O037549,C002000,5781,2025-01-07,carrier_delay,High,Carrier route delay,Open
FUL004121,O037550,C001809,2069,2025-01-07,carrier_delay,High,Carrier route delay,Open
FUL004122,O037560,C000300,9597,2025-01-07,carrier_delay,High,Carrier route delay,Open
FUL004123,O037567,C001806,5417,2025-01-07,cancellation_review,Medium,Customer or fulfillment cancellation,Closed
FUL004124,O037570,C001710,676,2025-01-07,carrier_delay,High,Carrier route delay,Open
FUL004125,O037573,C001405,259,2025-01-07,carrier_delay,High,Carrier route delay,Open
FUL004126,O037584,C000098,7670,2025-01-07,carrier_delay,High,Carrier route delay,Open
FUL004127,O037585,C000867,7186,2025-01-07,carrier_delay,High,Carrier route delay,Open
FUL004128,O037605,C001028,10891,2025-01-07,carrier_delay,High,Carrier route delay,Open
FUL004129,O037639,C001819,1711,2025-01-08,carrier_delay,High,Carrier route delay,Open
FUL004130,O037645,C001859,1380,2025-01-08,carrier_delay,High,Carrier route delay,Open
FUL004131,O037650,C001194,2446,2025-01-08,cancellation_review,Medium,Customer or fulfillment cancellation,Closed
FUL004132,O037659,C000320,5175,2025-01-08,carrier_delay,High,Carrier route delay,Open
FUL004133,O037660,C001639,4915,2025-01-08,carrier_delay,High,Carrier route delay,Open
FUL004134,O037669,C001031,6405,2025-01-08,carrier_delay,High,Carrier route delay,Open
FUL004135,O037680,C000436,5264,2025-01-09,carrier_delay,High,Carrier route delay,Open
FUL004136,O037684,C000877,7590,2025-01-09,carrier_delay,High,Carrier route delay,Open
FUL004137,O037699,C000399,8368,2025-01-09,carrier_delay,High,Carrier route delay,Open
FUL004138,O000377,C001269,514,2023-07-14,carrier_delay,High,Carrier route delay,Open
FUL004139,O037703,C000327,7190,2025-01-09,carrier_delay,High,Carrier route delay,Open
FUL004140,O037711,C001957,4193,2025-01-09,cancellation_review,Medium,Customer or fulfillment cancellation,Closed
FUL004141,O037718,C000752,1627,2025-01-09,cancellation_review,Medium,Customer or fulfillment cancellation,Closed
FUL004142,O037725,C001304,10442,2025-01-09,carrier_delay,High,Carrier route delay,Open
FUL004143,O003773,C000604,3184,2023-09-02,carrier_delay,High,Carrier route delay,Open
FUL004144,O037739,C001627,3752,2025-01-09,carrier_delay,High,Carrier route delay,Open
FUL004145,O003774,C000025,12431,2023-09-02,cancellation_review,Medium,Customer or fulfillment cancellation,Closed
FUL004146,O037758,C000777,3336,2025-01-10,carrier_delay,High,Carrier route delay,Open
FUL004147,O037759,C000417,4596,2025-01-10,carrier_delay,High,Carrier route delay,Open
FUL004148,O037761,C001762,98,2025-01-10,carrier_delay,High,Carrier route delay,Open
FUL004149,O037764,C000799,4376,2025-01-10,carrier_delay,High,Carrier route delay,Open
FUL004150,O037775,C001109,1921,2025-01-10,carrier_delay,High,Carrier route delay,Open
FUL004151,O037788,C001226,12101,2025-01-10,carrier_delay,High,Carrier route delay,Open
FUL004152,O003779,C001520,4272,2023-09-02,carrier_delay,High,Carrier route delay,Open
FUL004153,O037790,C001526,831,2025-01-10,carrier_delay,High,Carrier route delay,Open
FUL004154,O037795,C001853,8207,2025-01-10,carrier_delay,High,Carrier route delay,Open
FUL004155,O037799,C000300,9597,2025-01-10,carrier_delay,High,Carrier route delay,Open
FUL004156,O000378,C000581,10071,2023-07-14,carrier_delay,High,Carrier route delay,Open
FUL004157,O037800,C000164,1025,2025-01-10,cancellation_review,Medium,Customer or fulfillment cancellation,Closed
FUL004158,O037814,C001732,12271,2025-01-10,carrier_delay,High,Carrier route delay,Open
FUL004159,O037862,C000309,11305,2025-01-11,carrier_delay,High,Carrier route delay,Open
FUL004160,O037868,C001537,4494,2025-01-11,carrier_delay,High,Carrier route delay,Open
FUL004161,O037870,C000636,2844,2025-01-11,carrier_delay,High,Carrier route delay,Open
FUL004162,O003788,C001944,2192,2023-09-02,carrier_delay,High,Carrier route delay,Open
FUL004163,O037884,C001835,9093,2025-01-12,carrier_delay,High,Carrier route delay,Open
FUL004164,O037887,C001548,8193,2025-01-12,carrier_delay,High,Carrier route delay,Open
FUL004165,O003789,C001323,8999,2023-09-02,carrier_delay,High,Carrier route delay,Open
FUL004166,O037892,C001241,1563,2025-01-12,carrier_delay,High,Carrier route delay,Open
FUL004167,O037894,C001782,1943,2025-01-12,carrier_delay,High,Carrier route delay,Open
FUL004168,O037904,C001647,4153,2025-01-12,carrier_delay,High,Carrier route delay,Open
FUL004169,O037909,C000131,2074,2025-01-12,carrier_delay,High,Carrier route delay,Open
FUL004170,O037914,C000172,7139,2025-01-12,carrier_delay,High,Carrier route delay,Open
FUL004171,O037919,C001322,9058,2025-01-12,carrier_delay,High,Carrier route delay,Open
FUL004172,O003792,C001950,5449,2023-09-02,carrier_delay,High,Carrier route delay,Open
FUL004173,O037921,C000980,639,2025-01-12,cancellation_review,Medium,Customer or fulfillment cancellation,Closed
FUL004174,O037929,C000093,1540,2025-01-12,carrier_delay,High,Carrier route delay,Open
FUL004175,O037931,C000114,3979,2025-01-12,carrier_delay,High,Carrier route delay,Open
FUL004176,O037939,C000261,6643,2025-01-12,cancellation_review,Medium,Customer or fulfillment cancellation,Closed
FUL004177,O003794,C001410,8038,2023-09-02,carrier_delay,High,Carrier route delay,Open
FUL004178,O037945,C001068,9197,2025-01-12,carrier_delay,High,Carrier route delay,Open
FUL004179,O037959,C000897,8203,2025-01-13,carrier_delay,High,Carrier route delay,Open
FUL004180,O037960,C000179,6143,2025-01-13,cancellation_review,Medium,Customer or fulfillment cancellation,Closed
FUL004181,O037969,C001696,4388,2025-01-13,carrier_delay,High,Carrier route delay,Open
FUL004182,O037971,C001593,10257,2025-01-13,carrier_delay,High,Carrier route delay,Open
FUL004183,O003798,C000173,1599,2023-09-02,carrier_delay,High,Carrier route delay,Open
FUL004184,O037988,C001222,531,2025-01-13,carrier_delay,High,Carrier route delay,Open
FUL004185,O037990,C000252,2626,2025-01-13,carrier_delay,High,Carrier route delay,Open
FUL004186,O037995,C000666,10095,2025-01-13,carrier_delay,High,Carrier route delay,Open
FUL004187,O003800,C000757,4700,2023-09-02,carrier_delay,High,Carrier route delay,Open
FUL004188,O038019,C000895,616,2025-01-13,carrier_delay,High,Carrier route delay,Open
FUL004189,O038034,C001827,8692,2025-01-14,carrier_delay,High,Carrier route delay,Open
FUL004190,O003804,C001419,4169,2023-09-02,carrier_delay,High,Carrier route delay,Open
FUL004191,O038040,C001656,6089,2025-01-14,carrier_delay,High,Carrier route delay,Open
FUL004192,O038054,C000193,11132,2025-01-14,carrier_delay,High,Carrier route delay,Open
FUL004193,O038068,C000368,3257,2025-01-14,carrier_delay,High,Carrier route delay,Open
FUL004194,O038070,C000687,3754,2025-01-14,carrier_delay,High,Carrier route delay,Open
FUL004195,O038079,C000305,6266,2025-01-14,cancellation_review,Medium,Customer or fulfillment cancellation,Closed
FUL004196,O003809,C000613,3180,2023-09-02,carrier_delay,High,Carrier route delay,Open
FUL004197,O038097,C000334,8847,2025-01-15,carrier_delay,High,Carrier route delay,Open
FUL004198,O038098,C000879,8974,2025-01-15,carrier_delay,High,Carrier route delay,Open
FUL004199,O038103,C000125,3879,2025-01-15,carrier_delay,High,Carrier route delay,Open
FUL004200,O038119,C000637,8954,2025-01-15,carrier_delay,High,Carrier route delay,Open
FUL004201,O038125,C001778,12332,2025-01-15,carrier_delay,High,Carrier route delay,Open
FUL004202,O038129,C001534,2319,2025-01-15,carrier_delay,High,Carrier route delay,Open
FUL004203,O038142,C000331,8524,2025-01-15,carrier_delay,High,Carrier route delay,Open
FUL004204,O038143,C000450,9353,2025-01-15,carrier_delay,High,Carrier route delay,Open
FUL004205,O038159,C000758,502,2025-01-16,carrier_delay,High,Carrier route delay,Open
FUL004206,O038164,C000181,10111,2025-01-16,carrier_delay,High,Carrier route delay,Open
FUL004207,O038165,C000619,9161,2025-01-16,carrier_delay,High,Carrier route delay,Open
FUL004208,O038169,C001808,3155,2025-01-16,carrier_delay,High,Carrier route delay,Open
FUL004209,O038175,C001111,5198,2025-01-16,carrier_delay,High,Carrier route delay,Open
FUL004210,O038180,C000850,4911,2025-01-16,carrier_delay,High,Carrier route delay,Open
FUL004211,O038183,C000537,731,2025-01-16,carrier_delay,High,Carrier route delay,Open
FUL004212,O038187,C000006,1288,2025-01-16,carrier_delay,High,Carrier route delay,Open
FUL004213,O038190,C000692,972,2025-01-16,carrier_delay,High,Carrier route delay,Open
FUL004214,O038191,C000662,12075,2025-01-16,carrier_delay,High,Carrier route delay,Open
FUL004215,O038195,C001453,6338,2025-01-16,cancellation_review,Medium,Customer or fulfillment cancellation,Closed
FUL004216,O038200,C001844,881,2025-01-16,carrier_delay,High,Carrier route delay,Open
FUL004217,O038224,C000747,9283,2025-01-16,carrier_delay,High,Carrier route delay,Open
FUL004218,O038228,C001826,4477,2025-01-17,carrier_delay,High,Carrier route delay,Open
FUL004219,O038229,C000616,6359,2025-01-17,carrier_delay,High,Carrier route delay,Open
FUL004220,O038235,C001017,1365,2025-01-17,carrier_delay,High,Carrier route delay,Open
FUL004221,O038245,C000521,640,2025-01-17,carrier_delay,High,Carrier route delay,Open
FUL004222,O038275,C000847,4159,2025-01-17,carrier_delay,High,Carrier route delay,Open
FUL004223,O038277,C001397,10194,2025-01-17,carrier_delay,High,Carrier route delay,Open
FUL004224,O038283,C000087,3957,2025-01-17,carrier_delay,High,Carrier route delay,Open
FUL004225,O038289,C001271,8167,2025-01-17,carrier_delay,High,Carrier route delay,Open
FUL004226,O038294,C000664,6393,2025-01-17,carrier_delay,High,Carrier route delay,Open
FUL004227,O038305,C000072,6305,2025-01-18,cancellation_review,Medium,Customer or fulfillment cancellation,Closed
FUL004228,O038338,C001798,1793,2025-01-18,carrier_delay,High,Carrier route delay,Open
FUL004229,O038345,C001493,10799,2025-01-18,carrier_delay,High,Carrier route delay,Open
FUL004230,O038367,C000074,11048,2025-01-19,carrier_delay,High,Carrier route delay,Open
FUL004231,O038369,C001881,8120,2025-01-19,carrier_delay,High,Carrier route delay,Open
FUL004232,O038370,C001242,2469,2025-01-19,carrier_delay,High,Carrier route delay,Open
FUL004233,O038385,C001882,5276,2025-01-19,carrier_delay,High,Carrier route delay,Open
FUL004234,O038390,C001647,4153,2025-01-19,carrier_delay,High,Carrier route delay,Open
FUL004235,O000384,C001097,2610,2023-07-14,carrier_delay,High,Carrier route delay,Open
FUL004236,O038422,C001391,187,2025-01-19,carrier_delay,High,Carrier route delay,Open
FUL004237,O038424,C000485,5311,2025-01-19,carrier_delay,High,Carrier route delay,Open
FUL004238,O038425,C000991,888,2025-01-19,carrier_delay,High,Carrier route delay,Open
FUL004239,O003843,C000391,5197,2023-09-03,carrier_delay,High,Carrier route delay,Open
FUL004240,O003844,C000274,11931,2023-09-03,carrier_delay,High,Carrier route delay,Open
FUL004241,O038445,C000483,578,2025-01-20,carrier_delay,High,Carrier route delay,Open
FUL004242,O038450,C000881,5787,2025-01-20,carrier_delay,High,Carrier route delay,Open
FUL004243,O038454,C000441,11755,2025-01-20,carrier_delay,High,Carrier route delay,Open
FUL004244,O038461,C001244,6838,2025-01-20,carrier_delay,High,Carrier route delay,Open
FUL004245,O038462,C000510,10559,2025-01-20,carrier_delay,High,Carrier route delay,Open
FUL004246,O038469,C000228,123,2025-01-20,carrier_delay,High,Carrier route delay,Open
FUL004247,O038489,C001078,4265,2025-01-20,carrier_delay,High,Carrier route delay,Open
FUL004248,O038501,C001806,5417,2025-01-21,cancellation_review,Medium,Customer or fulfillment cancellation,Closed
FUL004249,O038515,C001123,11584,2025-01-21,cancellation_review,Medium,Customer or fulfillment cancellation,Closed
FUL004250,O038523,C000007,3710,2025-01-21,carrier_delay,High,Carrier route delay,Open
FUL004251,O038535,C000651,2071,2025-01-21,carrier_delay,High,Carrier route delay,Open
FUL004252,O038538,C000529,2433,2025-01-21,cancellation_review,Medium,Customer or fulfillment cancellation,Closed
FUL004253,O038559,C000674,5936,2025-01-21,carrier_delay,High,Carrier route delay,Open
FUL004254,O038564,C000004,1657,2025-01-21,carrier_delay,High,Carrier route delay,Open
FUL004255,O038567,C001060,5024,2025-01-21,carrier_delay,High,Carrier route delay,Open
FUL004256,O038579,C001122,859,2025-01-22,carrier_delay,High,Carrier route delay,Open
FUL004257,O038587,C000938,5413,2025-01-22,carrier_delay,High,Carrier route delay,Open
FUL004258,O038591,C000099,2851,2025-01-22,carrier_delay,High,Carrier route delay,Open
FUL004259,O038614,C000876,7960,2025-01-22,carrier_delay,High,Carrier route delay,Open
FUL004260,O038619,C001160,5775,2025-01-22,carrier_delay,High,Carrier route delay,Open
FUL004261,O038622,C000647,4807,2025-01-22,carrier_delay,High,Carrier route delay,Open
FUL004262,O038635,C001482,10277,2025-01-22,carrier_delay,High,Carrier route delay,Open
FUL004263,O038639,C001851,4739,2025-01-23,carrier_delay,High,Carrier route delay,Open
FUL004264,O003865,C001306,9739,2023-09-03,carrier_delay,High,Carrier route delay,Open
FUL004265,O038665,C000708,8719,2025-01-23,carrier_delay,High,Carrier route delay,Open
FUL004266,O038666,C001472,7738,2025-01-23,carrier_delay,High,Carrier route delay,Open
FUL004267,O038668,C000013,10235,2025-01-23,cancellation_review,Medium,Customer or fulfillment cancellation,Closed
FUL004268,O038670,C000102,11344,2025-01-23,carrier_delay,High,Carrier route delay,Open
FUL004269,O038684,C000026,5897,2025-01-23,carrier_delay,High,Carrier route delay,Open
FUL004270,O038694,C000193,11132,2025-01-23,carrier_delay,High,Carrier route delay,Open
FUL004271,O038709,C000786,9459,2025-01-24,carrier_delay,High,Carrier route delay,Open
FUL004272,O003871,C000053,9883,2023-09-03,carrier_delay,High,Carrier route delay,Open
FUL004273,O038713,C001596,5732,2025-01-24,carrier_delay,High,Carrier route delay,Open
FUL004274,O003872,C000608,1927,2023-09-03,carrier_delay,High,Carrier route delay,Open
FUL004275,O038729,C001064,11077,2025-01-24,carrier_delay,High,Carrier route delay,Open
FUL004276,O038730,C000480,2278,2025-01-24,carrier_delay,High,Carrier route delay,Open
FUL004277,O038734,C001752,4456,2025-01-24,carrier_delay,High,Carrier route delay,Open
FUL004278,O038737,C001267,8447,2025-01-24,carrier_delay,High,Carrier route delay,Open
FUL004279,O038740,C001373,1936,2025-01-24,carrier_delay,High,Carrier route delay,Open
FUL004280,O038743,C000075,11768,2025-01-24,cancellation_review,Medium,Customer or fulfillment cancellation,Closed
FUL004281,O003875,C000034,9557,2023-09-03,carrier_delay,High,Carrier route delay,Open
FUL004282,O038750,C000448,6789,2025-01-24,carrier_delay,High,Carrier route delay,Open
FUL004283,O038760,C000106,467,2025-01-24,carrier_delay,High,Carrier route delay,Open
FUL004284,O038775,C000340,1972,2025-01-25,carrier_delay,High,Carrier route delay,Open
FUL004285,O038788,C001959,4417,2025-01-25,carrier_delay,High,Carrier route delay,Open
FUL004286,O003879,C000875,7158,2023-09-03,carrier_delay,High,Carrier route delay,Open
FUL004287,O038800,C000802,10803,2025-01-25,carrier_delay,High,Carrier route delay,Open
FUL004288,O038804,C001230,11862,2025-01-25,carrier_delay,High,Carrier route delay,Open
FUL004289,O038814,C001747,10018,2025-01-25,carrier_delay,High,Carrier route delay,Open
FUL004290,O038815,C000162,3889,2025-01-25,carrier_delay,High,Carrier route delay,Open
FUL004291,O038828,C001875,5140,2025-01-25,carrier_delay,High,Carrier route delay,Open
FUL004292,O038835,C000393,6959,2025-01-25,carrier_delay,High,Carrier route delay,Open
FUL004293,O038838,C000406,8012,2025-01-25,carrier_delay,High,Carrier route delay,Open
FUL004294,O003884,C000216,7001,2023-09-03,carrier_delay,High,Carrier route delay,Open
FUL004295,O038840,C001714,1008,2025-01-25,carrier_delay,High,Carrier route delay,Open
FUL004296,O038844,C000206,2229,2025-01-26,carrier_delay,High,Carrier route delay,Open
FUL004297,O038859,C000386,688,2025-01-26,carrier_delay,High,Carrier route delay,Open
FUL004298,O038860,C001153,5564,2025-01-26,carrier_delay,High,Carrier route delay,Open
FUL004299,O038864,C001684,5829,2025-01-26,carrier_delay,High,Carrier route delay,Open
FUL004300,O038865,C001865,2979,2025-01-26,carrier_delay,High,Carrier route delay,Open
FUL004301,O003888,C000889,11089,2023-09-03,carrier_delay,High,Carrier route delay,Open
FUL004302,O038895,C001550,8381,2025-01-26,carrier_delay,High,Carrier route delay,Open
FUL004303,O000389,C000535,4435,2023-07-14,carrier_delay,High,Carrier route delay,Open
FUL004304,O003890,C000433,8166,2023-09-03,carrier_delay,High,Carrier route delay,Open
FUL004305,O038901,C000377,3498,2025-01-26,carrier_delay,High,Carrier route delay,Open
FUL004306,O038905,C000254,11738,2025-01-26,carrier_delay,High,Carrier route delay,Open
FUL004307,O038914,C000012,1464,2025-01-27,cancellation_review,Medium,Customer or fulfillment cancellation,Closed
FUL004308,O038924,C001798,1793,2025-01-27,carrier_delay,High,Carrier route delay,Open
FUL004309,O038928,C000427,5013,2025-01-27,carrier_delay,High,Carrier route delay,Open
FUL004310,O038929,C001663,929,2025-01-27,carrier_delay,High,Carrier route delay,Open
FUL004311,O038934,C000592,10886,2025-01-27,carrier_delay,High,Carrier route delay,Open
FUL004312,O038935,C001219,10344,2025-01-27,carrier_delay,High,Carrier route delay,Open
FUL004313,O038938,C000561,3136,2025-01-27,carrier_delay,High,Carrier route delay,Open
FUL004314,O038959,C000014,664,2025-01-27,carrier_delay,High,Carrier route delay,Open
FUL004315,O038979,C001426,8294,2025-01-27,carrier_delay,High,Carrier route delay,Open
FUL004316,O039006,C001951,8572,2025-01-28,cancellation_review,Medium,Customer or fulfillment cancellation,Closed
FUL004317,O039008,C000048,5217,2025-01-28,carrier_delay,High,Carrier route delay,Open
FUL004318,O039025,C000460,7830,2025-01-28,carrier_delay,High,Carrier route delay,Open
FUL004319,O039029,C001308,10142,2025-01-28,carrier_delay,High,Carrier route delay,Open
FUL004320,O039047,C001031,6405,2025-01-28,carrier_delay,High,Carrier route delay,Open
FUL004321,O003905,C001579,3042,2023-09-03,carrier_delay,High,Carrier route delay,Open
FUL004322,O003909,C000484,8769,2023-09-04,carrier_delay,High,Carrier route delay,Open
FUL004323,O039095,C000787,6229,2025-01-29,carrier_delay,High,Carrier route delay,Open
FUL004324,O039100,C000973,12373,2025-01-29,carrier_delay,High,Carrier route delay,Open
FUL004325,O039103,C000877,7590,2025-01-29,cancellation_review,Medium,Customer or fulfillment cancellation,Closed
FUL004326,O039105,C001250,12321,2025-01-29,carrier_delay,High,Carrier route delay,Open
FUL004327,O039106,C000990,12253,2025-01-29,carrier_delay,High,Carrier route delay,Open
FUL004328,O039113,C001004,1494,2025-01-29,carrier_delay,High,Carrier route delay,Open
FUL004329,O039115,C000871,9563,2025-01-29,carrier_delay,High,Carrier route delay,Open
FUL004330,O039124,C000990,12253,2025-01-30,carrier_delay,High,Carrier route delay,Open
FUL004331,O039131,C000161,12420,2025-01-30,carrier_delay,High,Carrier route delay,Open
FUL004332,O039132,C001579,3042,2025-01-30,carrier_delay,High,Carrier route delay,Open
FUL004333,O003914,C000650,3304,2023-09-04,carrier_delay,High,Carrier route delay,Open
FUL004334,O039140,C001095,11115,2025-01-30,cancellation_review,Medium,Customer or fulfillment cancellation,Closed
FUL004335,O003915,C001461,2301,2023-09-04,carrier_delay,High,Carrier route delay,Open
FUL004336,O039150,C000521,640,2025-01-30,carrier_delay,High,Carrier route delay,Open
FUL004337,O039164,C001731,10770,2025-01-30,carrier_delay,High,Carrier route delay,Open
FUL004338,O039170,C000272,8652,2025-01-30,carrier_delay,High,Carrier route delay,Open
FUL004339,O039175,C000186,10601,2025-01-30,carrier_delay,High,Carrier route delay,Open
FUL004340,O003918,C000861,1806,2023-09-04,carrier_delay,High,Carrier route delay,Open
FUL004341,O039180,C001118,11984,2025-01-30,carrier_delay,High,Carrier route delay,Open
FUL004342,O039183,C001786,8883,2025-01-30,carrier_delay,High,Carrier route delay,Open
FUL004343,O039187,C000468,2872,2025-01-31,carrier_delay,High,Carrier route delay,Open
FUL004344,O039220,C001869,4229,2025-01-31,carrier_delay,High,Carrier route delay,Open
FUL004345,O039230,C000089,4116,2025-01-31,carrier_delay,High,Carrier route delay,Open
FUL004346,O039231,C001119,6023,2025-01-31,carrier_delay,High,Carrier route delay,Open
FUL004347,O039236,C001164,4470,2025-01-31,carrier_delay,High,Carrier route delay,Open
FUL004348,O003925,C000020,7200,2023-09-04,cancellation_review,Medium,Customer or fulfillment cancellation,Closed
FUL004349,O039250,C000559,5190,2025-01-31,carrier_delay,High,Carrier route delay,Open
FUL004350,O039252,C000668,3187,2025-01-31,carrier_delay,High,Carrier route delay,Open
FUL004351,O039255,C000728,3138,2025-02-01,carrier_delay,High,Carrier route delay,Open
FUL004352,O039257,C001155,8808,2025-02-01,carrier_delay,High,Carrier route delay,Open
FUL004353,O039259,C000067,9821,2025-02-01,carrier_delay,High,Carrier route delay,Open
FUL004354,O039280,C000468,2872,2025-02-01,carrier_delay,High,Carrier route delay,Open
FUL004355,O039288,C000279,8052,2025-02-01,carrier_delay,High,Carrier route delay,Open
FUL004356,O039289,C000731,10077,2025-02-01,carrier_delay,High,Carrier route delay,Open
FUL004357,O039295,C001600,2845,2025-02-01,carrier_delay,High,Carrier route delay,Open
FUL004358,O039320,C001079,4190,2025-02-01,carrier_delay,High,Carrier route delay,Open
FUL004359,O039324,C000113,7954,2025-02-02,carrier_delay,High,Carrier route delay,Open
FUL004360,O039329,C001580,6727,2025-02-02,carrier_delay,High,Carrier route delay,Open
FUL004361,O039335,C001186,7949,2025-02-02,carrier_delay,High,Carrier route delay,Open
FUL004362,O039339,C000266,7789,2025-02-02,carrier_delay,High,Carrier route delay,Open
FUL004363,O039344,C000498,11513,2025-02-02,carrier_delay,High,Carrier route delay,Open
FUL004364,O039355,C001565,12102,2025-02-02,carrier_delay,High,Carrier route delay,Open
FUL004365,O039364,C000650,3304,2025-02-02,carrier_delay,High,Carrier route delay,Open
FUL004366,O039367,C000785,12013,2025-02-02,carrier_delay,High,Carrier route delay,Open
FUL004367,O039375,C001076,6746,2025-02-02,carrier_delay,High,Carrier route delay,Open
FUL004368,O039382,C001096,1997,2025-02-02,carrier_delay,High,Carrier route delay,Open
FUL004369,O039385,C001716,7478,2025-02-02,carrier_delay,High,Carrier route delay,Open
FUL004370,O039390,C000664,6393,2025-02-02,carrier_delay,High,Carrier route delay,Open
FUL004371,O039397,C000175,6977,2025-02-03,carrier_delay,High,Carrier route delay,Open
FUL004372,O039401,C000016,2292,2025-02-03,carrier_delay,High,Carrier route delay,Open
FUL004373,O003942,C000079,5293,2023-09-04,carrier_delay,High,Carrier route delay,Open
FUL004374,O039423,C001199,10308,2025-02-03,carrier_delay,High,Carrier route delay,Open
FUL004375,O039427,C001068,9197,2025-02-03,cancellation_review,Medium,Customer or fulfillment cancellation,Closed
FUL004376,O039434,C000296,7664,2025-02-03,carrier_delay,High,Carrier route delay,Open
FUL004377,O039442,C001646,4040,2025-02-03,carrier_delay,High,Carrier route delay,Open
FUL004378,O039444,C001832,4235,2025-02-03,carrier_delay,High,Carrier route delay,Open
FUL004379,O039445,C001380,5234,2025-02-03,carrier_delay,High,Carrier route delay,Open
FUL004380,O039446,C000193,11132,2025-02-03,carrier_delay,High,Carrier route delay,Open
FUL004381,O039450,C001633,272,2025-02-03,carrier_delay,High,Carrier route delay,Open
FUL004382,O039455,C001098,4707,2025-02-03,carrier_delay,High,Carrier route delay,Open
FUL004383,O039475,C000591,1544,2025-02-04,carrier_delay,High,Carrier route delay,Open
FUL004384,O039483,C000197,4394,2025-02-04,carrier_delay,High,Carrier route delay,Open
FUL004385,O039484,C001327,6730,2025-02-04,carrier_delay,High,Carrier route delay,Open
FUL004386,O039485,C001276,3631,2025-02-04,carrier_delay,High,Carrier route delay,Open
FUL004387,O039500,C000547,11523,2025-02-04,carrier_delay,High,Carrier route delay,Open
FUL004388,O039513,C000063,7631,2025-02-04,carrier_delay,High,Carrier route delay,Open
FUL004389,O039517,C001069,8217,2025-02-04,carrier_delay,High,Carrier route delay,Open
FUL004390,O039520,C001937,3508,2025-02-04,carrier_delay,High,Carrier route delay,Open
FUL004391,O039525,C000967,5727,2025-02-04,carrier_delay,High,Carrier route delay,Open
FUL004392,O003953,C000979,8628,2023-09-04,cancellation_review,Medium,Customer or fulfillment cancellation,Closed
FUL004393,O039534,C000183,7857,2025-02-05,carrier_delay,High,Carrier route delay,Open
FUL004394,O003954,C000727,10543,2023-09-04,cancellation_review,Medium,Customer or fulfillment cancellation,Closed
FUL004395,O039549,C001965,3807,2025-02-05,carrier_delay,High,Carrier route delay,Open
FUL004396,O003955,C000709,5440,2023-09-04,carrier_delay,High,Carrier route delay,Open
FUL004397,O039572,C000501,4930,2025-02-05,cancellation_review,Medium,Customer or fulfillment cancellation,Closed
FUL004398,O039573,C001120,11407,2025-02-05,carrier_delay,High,Carrier route delay,Open
FUL004399,O039574,C000325,291,2025-02-05,carrier_delay,High,Carrier route delay,Open
FUL004400,O039585,C001069,8217,2025-02-05,cancellation_review,Medium,Customer or fulfillment cancellation,Closed
FUL004401,O039587,C000279,8052,2025-02-05,carrier_delay,High,Carrier route delay,Open
FUL004402,O039588,C000075,11768,2025-02-05,carrier_delay,High,Carrier route delay,Open
FUL004403,O003959,C000384,10831,2023-09-04,carrier_delay,High,Carrier route delay,Open
FUL004404,O039592,C001823,3153,2025-02-05,carrier_delay,High,Carrier route delay,Open
FUL004405,O039599,C000270,6474,2025-02-06,carrier_delay,High,Carrier route delay,Open
FUL004406,O039603,C000671,3447,2025-02-06,carrier_delay,High,Carrier route delay,Open
FUL004407,O039604,C001880,787,2025-02-06,carrier_delay,High,Carrier route delay,Open
FUL004408,O039620,C001131,1558,2025-02-06,carrier_delay,High,Carrier route delay,Open
FUL004409,O039629,C000114,3979,2025-02-06,carrier_delay,High,Carrier route delay,Open
FUL004410,O039630,C000478,5579,2025-02-06,carrier_delay,High,Carrier route delay,Open
FUL004411,O039634,C001037,254,2025-02-06,carrier_delay,High,Carrier route delay,Open
FUL004412,O039638,C000589,4914,2025-02-06,carrier_delay,High,Carrier route delay,Open
FUL004413,O039642,C001845,4922,2025-02-06,carrier_delay,High,Carrier route delay,Open
FUL004414,O039645,C000696,5640,2025-02-06,carrier_delay,High,Carrier route delay,Open
FUL004415,O039649,C001200,8432,2025-02-06,cancellation_review,Medium,Customer or fulfillment cancellation,Closed
FUL004416,O039664,C001176,11767,2025-02-06,carrier_delay,High,Carrier route delay,Open
FUL004417,O039668,C001395,9573,2025-02-07,carrier_delay,High,Carrier route delay,Open
FUL004418,O039681,C001853,8207,2025-02-07,carrier_delay,High,Carrier route delay,Open
FUL004419,O039699,C000817,12291,2025-02-07,carrier_delay,High,Carrier route delay,Open
FUL004420,O039706,C000078,468,2025-02-07,carrier_delay,High,Carrier route delay,Open
FUL004421,O039708,C001322,9058,2025-02-07,carrier_delay,High,Carrier route delay,Open
FUL004422,O039725,C000024,6316,2025-02-07,carrier_delay,High,Carrier route delay,Open
FUL004423,O039730,C000104,11654,2025-02-07,carrier_delay,High,Carrier route delay,Open
FUL004424,O039739,C000721,2037,2025-02-08,carrier_delay,High,Carrier route delay,Open
FUL004425,O003974,C000386,688,2023-09-04,carrier_delay,High,Carrier route delay,Open
FUL004426,O039741,C001975,2038,2025-02-08,carrier_delay,High,Carrier route delay,Open
FUL004427,O039743,C001794,3435,2025-02-08,carrier_delay,High,Carrier route delay,Open
FUL004428,O039744,C001104,9887,2025-02-08,carrier_delay,High,Carrier route delay,Open
FUL004429,O039755,C000058,11065,2025-02-08,carrier_delay,High,Carrier route delay,Open
FUL004430,O039756,C000696,5640,2025-02-08,carrier_delay,High,Carrier route delay,Open
FUL004431,O039794,C001862,9885,2025-02-08,carrier_delay,High,Carrier route delay,Open
FUL004432,O039808,C000071,5454,2025-02-09,carrier_delay,High,Carrier route delay,Open
FUL004433,O039814,C000971,242,2025-02-09,carrier_delay,High,Carrier route delay,Open
FUL004434,O039815,C001574,4191,2025-02-09,carrier_delay,High,Carrier route delay,Open
FUL004435,O039817,C001683,4855,2025-02-09,carrier_delay,High,Carrier route delay,Open
FUL004436,O039818,C001212,2759,2025-02-09,carrier_delay,High,Carrier route delay,Open
FUL004437,O039825,C000017,4663,2025-02-09,carrier_delay,High,Carrier route delay,Open
FUL004438,O039826,C000295,8511,2025-02-09,carrier_delay,High,Carrier route delay,Open
FUL004439,O039845,C001476,6253,2025-02-09,carrier_delay,High,Carrier route delay,Open
FUL004440,O039849,C000972,8542,2025-02-09,carrier_delay,High,Carrier route delay,Open
FUL004441,O039850,C001510,439,2025-02-09,carrier_delay,High,Carrier route delay,Open
FUL004442,O039884,C001177,599,2025-02-10,cancellation_review,Medium,Customer or fulfillment cancellation,Closed
FUL004443,O000399,C001854,1473,2023-07-14,carrier_delay,High,Carrier route delay,Open
FUL004444,O039901,C001172,7593,2025-02-10,carrier_delay,High,Carrier route delay,Open
FUL004445,O039905,C001407,11311,2025-02-10,carrier_delay,High,Carrier route delay,Open
FUL004446,O039906,C000448,6789,2025-02-10,carrier_delay,High,Carrier route delay,Open
FUL004447,O039919,C001280,11667,2025-02-10,carrier_delay,High,Carrier route delay,Open
FUL004448,O039920,C000283,8380,2025-02-10,carrier_delay,High,Carrier route delay,Open
FUL004449,O039923,C000130,12039,2025-02-10,carrier_delay,High,Carrier route delay,Open
FUL004450,O039932,C000109,4812,2025-02-10,carrier_delay,High,Carrier route delay,Open
FUL004451,O039933,C000186,10601,2025-02-10,carrier_delay,High,Carrier route delay,Open
FUL004452,O039948,C000884,6472,2025-02-11,carrier_delay,High,Carrier route delay,Open
FUL004453,O039950,C001339,7141,2025-02-11,carrier_delay,High,Carrier route delay,Open
FUL004454,O039964,C001371,4505,2025-02-11,carrier_delay,High,Carrier route delay,Open
FUL004455,O039965,C000371,3337,2025-02-11,carrier_delay,High,Carrier route delay,Open
FUL004456,O039972,C001110,4109,2025-02-11,carrier_delay,High,Carrier route delay,Open
FUL004457,O039973,C000212,4659,2025-02-11,carrier_delay,High,Carrier route delay,Open
FUL004458,O003998,C001960,5327,2023-09-05,cancellation_review,Medium,Customer or fulfillment cancellation,Closed
FUL004459,O039990,C000404,6862,2025-02-11,carrier_delay,High,Carrier route delay,Open
FUL004460,O039999,C000960,9039,2025-02-11,carrier_delay,High,Carrier route delay,Open
FUL004461,O040005,C000369,9153,2025-02-11,carrier_delay,High,Carrier route delay,Open
FUL004462,O040024,C001495,9683,2025-02-12,carrier_delay,High,Carrier route delay,Open
FUL004463,O040040,C000501,4930,2025-02-12,carrier_delay,High,Carrier route delay,Open
FUL004464,O040056,C000789,7988,2025-02-12,carrier_delay,High,Carrier route delay,Open
FUL004465,O040067,C000229,2860,2025-02-12,carrier_delay,High,Carrier route delay,Open
FUL004466,O040069,C000136,8170,2025-02-12,carrier_delay,High,Carrier route delay,Open
FUL004467,O004007,C000492,3838,2023-09-05,carrier_delay,High,Carrier route delay,Open
FUL004468,O040070,C001431,9195,2025-02-12,carrier_delay,High,Carrier route delay,Open
FUL004469,O040074,C000796,771,2025-02-12,carrier_delay,High,Carrier route delay,Open
FUL004470,O040077,C001392,6724,2025-02-13,carrier_delay,High,Carrier route delay,Open
FUL004471,O004008,C000953,7016,2023-09-05,carrier_delay,High,Carrier route delay,Open
FUL004472,O040080,C000310,9740,2025-02-13,carrier_delay,High,Carrier route delay,Open
FUL004473,O040095,C001430,3503,2025-02-13,carrier_delay,High,Carrier route delay,Open
FUL004474,O040104,C001652,4547,2025-02-13,carrier_delay,High,Carrier route delay,Open
FUL004475,O040109,C000233,221,2025-02-13,carrier_delay,High,Carrier route delay,Open
FUL004476,O040118,C000337,11901,2025-02-13,carrier_delay,High,Carrier route delay,Open
FUL004477,O004012,C000077,2041,2023-09-05,carrier_delay,High,Carrier route delay,Open
FUL004478,O040125,C001493,10799,2025-02-13,carrier_delay,High,Carrier route delay,Open
FUL004479,O040129,C000046,1492,2025-02-13,carrier_delay,High,Carrier route delay,Open
FUL004480,O040149,C001723,10138,2025-02-14,carrier_delay,High,Carrier route delay,Open
FUL004481,O040151,C001042,5878,2025-02-14,carrier_delay,High,Carrier route delay,Open
FUL004482,O040155,C000538,1804,2025-02-14,carrier_delay,High,Carrier route delay,Open
FUL004483,O040162,C001195,8892,2025-02-14,cancellation_review,Medium,Customer or fulfillment cancellation,Closed
FUL004484,O040165,C001819,1711,2025-02-14,cancellation_review,Medium,Customer or fulfillment cancellation,Closed
FUL004485,O040167,C001492,11875,2025-02-14,carrier_delay,High,Carrier route delay,Open
FUL004486,O004018,C000373,2205,2023-09-05,cancellation_review,Medium,Customer or fulfillment cancellation,Closed
FUL004487,O040184,C001026,4278,2025-02-14,carrier_delay,High,Carrier route delay,Open
FUL004488,O040189,C001701,917,2025-02-14,carrier_delay,High,Carrier route delay,Open
FUL004489,O040195,C000060,5053,2025-02-14,carrier_delay,High,Carrier route delay,Open
FUL004490,O040199,C000811,9325,2025-02-14,carrier_delay,High,Carrier route delay,Open
FUL004491,O004020,C000103,9337,2023-09-05,carrier_delay,High,Carrier route delay,Open
FUL004492,O040203,C001136,9632,2025-02-14,carrier_delay,High,Carrier route delay,Open
FUL004493,O040220,C000681,9930,2025-02-15,carrier_delay,High,Carrier route delay,Open
FUL004494,O040221,C000205,9760,2025-02-15,carrier_delay,High,Carrier route delay,Open
FUL004495,O004023,C001990,2219,2023-09-05,cancellation_review,Medium,Customer or fulfillment cancellation,Closed
FUL004496,O004024,C000375,634,2023-09-05,carrier_delay,High,Carrier route delay,Open
FUL004497,O040244,C001245,728,2025-02-15,carrier_delay,High,Carrier route delay,Open
FUL004498,O040250,C001089,10072,2025-02-15,carrier_delay,High,Carrier route delay,Open
FUL004499,O040252,C001326,3224,2025-02-15,carrier_delay,High,Carrier route delay,Open
FUL004500,O004027,C000275,5477,2023-09-05,carrier_delay,High,Carrier route delay,Open
FUL004501,O040272,C000992,3235,2025-02-15,carrier_delay,High,Carrier route delay,Open
FUL004502,O040282,C000661,12019,2025-02-16,carrier_delay,High,Carrier route delay,Open
FUL004503,O040285,C001526,831,2025-02-16,carrier_delay,High,Carrier route delay,Open
FUL004504,O040295,C000648,7940,2025-02-16,carrier_delay,High,Carrier route delay,Open
FUL004505,O040299,C000100,11378,2025-02-16,carrier_delay,High,Carrier route delay,Open
FUL004506,O040300,C000801,10992,2025-02-16,carrier_delay,High,Carrier route delay,Open
FUL004507,O040304,C000950,4496,2025-02-16,carrier_delay,High,Carrier route delay,Open
FUL004508,O040318,C000076,2970,2025-02-16,carrier_delay,High,Carrier route delay,Open
FUL004509,O004032,C000025,12431,2023-09-05,carrier_delay,High,Carrier route delay,Open
FUL004510,O040323,C000905,6168,2025-02-16,carrier_delay,High,Carrier route delay,Open
FUL004511,O040329,C000991,888,2025-02-16,carrier_delay,High,Carrier route delay,Open
FUL004512,O040340,C000301,7435,2025-02-16,carrier_delay,High,Carrier route delay,Open
FUL004513,O040349,C001015,8817,2025-02-16,carrier_delay,High,Carrier route delay,Open
FUL004514,O004035,C000430,10845,2023-09-05,carrier_delay,High,Carrier route delay,Open
FUL004515,O040354,C000800,12210,2025-02-17,carrier_delay,High,Carrier route delay,Open
FUL004516,O040375,C000907,1024,2025-02-17,carrier_delay,High,Carrier route delay,Open
FUL004517,O004039,C000467,1658,2023-09-05,carrier_delay,High,Carrier route delay,Open
FUL004518,O000404,C001258,1478,2023-07-14,carrier_delay,High,Carrier route delay,Open
FUL004519,O040401,C000208,8861,2025-02-17,carrier_delay,High,Carrier route delay,Open
FUL004520,O040409,C001936,6425,2025-02-17,carrier_delay,High,Carrier route delay,Open
FUL004521,O040414,C000208,8861,2025-02-17,carrier_delay,High,Carrier route delay,Open
FUL004522,O040415,C000119,8015,2025-02-17,cancellation_review,Medium,Customer or fulfillment cancellation,Closed
FUL004523,O004042,C000502,827,2023-09-05,carrier_delay,High,Carrier route delay,Open
FUL004524,O040430,C000999,620,2025-02-18,carrier_delay,High,Carrier route delay,Open
FUL004525,O040469,C001514,207,2025-02-18,carrier_delay,High,Carrier route delay,Open
FUL004526,O040485,C000267,8156,2025-02-18,carrier_delay,High,Carrier route delay,Open
FUL004527,O040489,C000802,10803,2025-02-19,carrier_delay,High,Carrier route delay,Open
FUL004528,O040514,C001330,7043,2025-02-19,carrier_delay,High,Carrier route delay,Open
FUL004529,O040522,C000346,12235,2025-02-19,carrier_delay,High,Carrier route delay,Open
FUL004530,O040524,C000690,11457,2025-02-19,carrier_delay,High,Carrier route delay,Open
FUL004531,O004053,C001261,9974,2023-09-06,carrier_delay,High,Carrier route delay,Open
FUL004532,O040541,C000853,8198,2025-02-19,cancellation_review,Medium,Customer or fulfillment cancellation,Closed
FUL004533,O040544,C000038,11017,2025-02-19,carrier_delay,High,Carrier route delay,Open
FUL004534,O040549,C000967,5727,2025-02-19,carrier_delay,High,Carrier route delay,Open
FUL004535,O004055,C001498,2255,2023-09-06,carrier_delay,High,Carrier route delay,Open
FUL004536,O040555,C000332,697,2025-02-19,carrier_delay,High,Carrier route delay,Open
FUL004537,O040559,C000509,6092,2025-02-20,carrier_delay,High,Carrier route delay,Open
FUL004538,O040560,C000624,6060,2025-02-20,carrier_delay,High,Carrier route delay,Open
FUL004539,O040562,C001664,6909,2025-02-20,carrier_delay,High,Carrier route delay,Open
FUL004540,O040569,C000944,9704,2025-02-20,carrier_delay,High,Carrier route delay,Open
FUL004541,O040574,C001577,1828,2025-02-20,carrier_delay,High,Carrier route delay,Open
FUL004542,O040579,C001826,4477,2025-02-20,carrier_delay,High,Carrier route delay,Open
FUL004543,O040584,C001970,5116,2025-02-20,cancellation_review,Medium,Customer or fulfillment cancellation,Closed
FUL004544,O040599,C001414,1735,2025-02-20,carrier_delay,High,Carrier route delay,Open
FUL004545,O004060,C001189,8488,2023-09-06,carrier_delay,High,Carrier route delay,Open
FUL004546,O040601,C000527,9971,2025-02-20,carrier_delay,High,Carrier route delay,Open
FUL004547,O040607,C000146,2740,2025-02-20,carrier_delay,High,Carrier route delay,Open
FUL004548,O040615,C000162,3889,2025-02-20,carrier_delay,High,Carrier route delay,Open
FUL004549,O040618,C001940,6767,2025-02-20,carrier_delay,High,Carrier route delay,Open
FUL004550,O040620,C000331,8524,2025-02-20,carrier_delay,High,Carrier route delay,Open
FUL004551,O040640,C000330,2462,2025-02-21,carrier_delay,High,Carrier route delay,Open
FUL004552,O040653,C000230,5583,2025-02-21,carrier_delay,High,Carrier route delay,Open
FUL004553,O040655,C000297,1636,2025-02-21,carrier_delay,High,Carrier route delay,Open
FUL004554,O040662,C001967,7160,2025-02-21,carrier_delay,High,Carrier route delay,Open
FUL004555,O040674,C001940,6767,2025-02-21,carrier_delay,High,Carrier route delay,Open
FUL004556,O040687,C000179,6143,2025-02-21,carrier_delay,High,Carrier route delay,Open
FUL004557,O040688,C001335,10406,2025-02-21,carrier_delay,High,Carrier route delay,Open
FUL004558,O040695,C001206,10905,2025-02-22,cancellation_review,Medium,Customer or fulfillment cancellation,Closed
FUL004559,O040719,C000636,2844,2025-02-22,carrier_delay,High,Carrier route delay,Open
FUL004560,O040724,C000455,10211,2025-02-22,carrier_delay,High,Carrier route delay,Open
FUL004561,O040727,C001724,7721,2025-02-22,carrier_delay,High,Carrier route delay,Open
FUL004562,O040732,C000406,8012,2025-02-22,cancellation_review,Medium,Customer or fulfillment cancellation,Closed
FUL004563,O004074,C000964,11806,2023-09-06,carrier_delay,High,Carrier route delay,Open
FUL004564,O040749,C001063,8233,2025-02-22,carrier_delay,High,Carrier route delay,Open
FUL004565,O040754,C000927,2680,2025-02-22,carrier_delay,High,Carrier route delay,Open
FUL004566,O040764,C000923,4238,2025-02-23,carrier_delay,High,Carrier route delay,Open
FUL004567,O040768,C000107,9490,2025-02-23,carrier_delay,High,Carrier route delay,Open
FUL004568,O040774,C001927,7687,2025-02-23,carrier_delay,High,Carrier route delay,Open
FUL004569,O040776,C000020,7200,2025-02-23,cancellation_review,Medium,Customer or fulfillment cancellation,Closed
FUL004570,O040784,C001904,8502,2025-02-23,carrier_delay,High,Carrier route delay,Open
FUL004571,O040789,C001639,4915,2025-02-23,carrier_delay,High,Carrier route delay,Open
FUL004572,O004079,C000062,11431,2023-09-06,carrier_delay,High,Carrier route delay,Open
FUL004573,O040794,C000117,6696,2025-02-23,carrier_delay,High,Carrier route delay,Open
FUL004574,O040795,C001669,8520,2025-02-23,carrier_delay,High,Carrier route delay,Open
FUL004575,O040796,C001285,2091,2025-02-23,cancellation_review,Medium,Customer or fulfillment cancellation,Closed
FUL004576,O040800,C001716,7478,2025-02-23,carrier_delay,High,Carrier route delay,Open
FUL004577,O040810,C000059,9962,2025-02-23,carrier_delay,High,Carrier route delay,Open
FUL004578,O040812,C001988,10226,2025-02-23,carrier_delay,High,Carrier route delay,Open
FUL004579,O004082,C001801,2467,2023-09-06,carrier_delay,High,Carrier route delay,Open
FUL004580,O040829,C001912,3968,2025-02-23,carrier_delay,High,Carrier route delay,Open
FUL004581,O040845,C001534,2319,2025-02-24,carrier_delay,High,Carrier route delay,Open
FUL004582,O004085,C001403,3375,2023-09-06,carrier_delay,High,Carrier route delay,Open
FUL004583,O040850,C000730,11777,2025-02-24,carrier_delay,High,Carrier route delay,Open
FUL004584,O040854,C000501,4930,2025-02-24,carrier_delay,High,Carrier route delay,Open
FUL004585,O040865,C000617,2687,2025-02-24,carrier_delay,High,Carrier route delay,Open
FUL004586,O040871,C000180,5778,2025-02-24,carrier_delay,High,Carrier route delay,Open
FUL004587,O040872,C000890,11061,2025-02-24,carrier_delay,High,Carrier route delay,Open
FUL004588,O040874,C001157,436,2025-02-24,carrier_delay,High,Carrier route delay,Open
FUL004589,O040890,C000500,1865,2025-02-24,carrier_delay,High,Carrier route delay,Open
FUL004590,O040900,C000018,3708,2025-02-25,carrier_delay,High,Carrier route delay,Open
FUL004591,O040912,C000703,465,2025-02-25,cancellation_review,Medium,Customer or fulfillment cancellation,Closed
FUL004592,O040913,C001762,98,2025-02-25,carrier_delay,High,Carrier route delay,Open
FUL004593,O040920,C000559,5190,2025-02-25,carrier_delay,High,Carrier route delay,Open
FUL004594,O040924,C001897,5573,2025-02-25,carrier_delay,High,Carrier route delay,Open
FUL004595,O004095,C001145,9639,2023-09-06,carrier_delay,High,Carrier route delay,Open
FUL004596,O040952,C001645,8631,2025-02-25,carrier_delay,High,Carrier route delay,Open
FUL004597,O040954,C001215,6942,2025-02-25,carrier_delay,High,Carrier route delay,Open
FUL004598,O040956,C001089,10072,2025-02-25,carrier_delay,High,Carrier route delay,Open
FUL004599,O040962,C000641,4200,2025-02-25,carrier_delay,High,Carrier route delay,Open
FUL004600,O040964,C000988,11861,2025-02-25,carrier_delay,High,Carrier route delay,Open
FUL004601,O040965,C000152,2113,2025-02-25,carrier_delay,High,Carrier route delay,Open
FUL004602,O040966,C001346,5797,2025-02-25,carrier_delay,High,Carrier route delay,Open
FUL004603,O040971,C001941,8938,2025-02-26,carrier_delay,High,Carrier route delay,Open
FUL004604,O040993,C000013,10235,2025-02-26,carrier_delay,High,Carrier route delay,Open
FUL004605,O040999,C000658,10916,2025-02-26,carrier_delay,High,Carrier route delay,Open
FUL004606,O000041,C001964,8136,2023-07-09,carrier_delay,High,Carrier route delay,Open
FUL004607,O000410,C000006,1288,2023-07-14,carrier_delay,High,Carrier route delay,Open
FUL004608,O041001,C001679,9309,2025-02-26,carrier_delay,High,Carrier route delay,Open
FUL004609,O041004,C001673,12359,2025-02-26,carrier_delay,High,Carrier route delay,Open
FUL004610,O041010,C000458,6156,2025-02-26,carrier_delay,High,Carrier route delay,Open
FUL004611,O041015,C001039,12384,2025-02-26,cancellation_review,Medium,Customer or fulfillment cancellation,Closed
FUL004612,O041017,C001362,2367,2025-02-26,carrier_delay,High,Carrier route delay,Open
FUL004613,O004105,C000122,8314,2023-09-06,carrier_delay,High,Carrier route delay,Open
FUL004614,O041051,C001781,3696,2025-02-27,cancellation_review,Medium,Customer or fulfillment cancellation,Closed
FUL004615,O041060,C000037,2723,2025-02-27,carrier_delay,High,Carrier route delay,Open
FUL004616,O041069,C000670,9946,2025-02-27,carrier_delay,High,Carrier route delay,Open
FUL004617,O041070,C000717,6470,2025-02-27,carrier_delay,High,Carrier route delay,Open
FUL004618,O041074,C000487,4013,2025-02-27,carrier_delay,High,Carrier route delay,Open
FUL004619,O041075,C001070,4916,2025-02-27,carrier_delay,High,Carrier route delay,Open
FUL004620,O041100,C000118,12180,2025-02-27,carrier_delay,High,Carrier route delay,Open
FUL004621,O041105,C001062,4861,2025-02-28,carrier_delay,High,Carrier route delay,Open
FUL004622,O041108,C001393,6494,2025-02-28,carrier_delay,High,Carrier route delay,Open
FUL004623,O041109,C001389,7271,2025-02-28,carrier_delay,High,Carrier route delay,Open
FUL004624,O041110,C000869,2134,2025-02-28,carrier_delay,High,Carrier route delay,Open
FUL004625,O041119,C000210,6664,2025-02-28,carrier_delay,High,Carrier route delay,Open
FUL004626,O041145,C000207,1445,2025-02-28,carrier_delay,High,Carrier route delay,Open
FUL004627,O004115,C000999,620,2023-09-07,carrier_delay,High,Carrier route delay,Open
FUL004628,O041159,C000226,3556,2025-02-28,carrier_delay,High,Carrier route delay,Open
FUL004629,O004117,C001041,7974,2023-09-07,carrier_delay,High,Carrier route delay,Open
FUL004630,O041192,C000657,11430,2025-03-01,carrier_delay,High,Carrier route delay,Open
FUL004631,O041215,C001183,6025,2025-03-01,carrier_delay,High,Carrier route delay,Open
FUL004632,O041219,C000633,2800,2025-03-01,carrier_delay,High,Carrier route delay,Open
FUL004633,O041224,C001241,1563,2025-03-01,carrier_delay,High,Carrier route delay,Open
FUL004634,O041247,C001394,1753,2025-03-02,carrier_delay,High,Carrier route delay,Open
FUL004635,O004125,C000764,10572,2023-09-07,carrier_delay,High,Carrier route delay,Open
FUL004636,O041250,C000610,3302,2025-03-02,carrier_delay,High,Carrier route delay,Open
FUL004637,O041260,C001895,11665,2025-03-02,carrier_delay,High,Carrier route delay,Open
FUL004638,O041268,C000612,2549,2025-03-02,carrier_delay,High,Carrier route delay,Open
FUL004639,O041272,C001335,10406,2025-03-02,carrier_delay,High,Carrier route delay,Open
FUL004640,O041283,C000028,1011,2025-03-02,carrier_delay,High,Carrier route delay,Open
FUL004641,O041287,C001113,9581,2025-03-02,cancellation_review,Medium,Customer or fulfillment cancellation,Closed
FUL004642,O041294,C001877,4674,2025-03-02,carrier_delay,High,Carrier route delay,Open
FUL004643,O041307,C001229,4462,2025-03-02,carrier_delay,High,Carrier route delay,Open
FUL004644,O041312,C001356,10506,2025-03-03,carrier_delay,High,Carrier route delay,Open
FUL004645,O041314,C001447,6532,2025-03-03,carrier_delay,High,Carrier route delay,Open
FUL004646,O041315,C001547,7333,2025-03-03,carrier_delay,High,Carrier route delay,Open
FUL004647,O041330,C001327,6730,2025-03-03,carrier_delay,High,Carrier route delay,Open
FUL004648,O041349,C000061,773,2025-03-03,carrier_delay,High,Carrier route delay,Open
FUL004649,O041351,C000903,11817,2025-03-03,carrier_delay,High,Carrier route delay,Open
FUL004650,O041352,C001879,11954,2025-03-03,carrier_delay,High,Carrier route delay,Open
FUL004651,O041365,C001580,6727,2025-03-03,carrier_delay,High,Carrier route delay,Open
FUL004652,O041370,C001289,6179,2025-03-03,carrier_delay,High,Carrier route delay,Open
FUL004653,O041377,C000486,10081,2025-03-03,carrier_delay,High,Carrier route delay,Open
FUL004654,O041383,C000010,5624,2025-03-04,carrier_delay,High,Carrier route delay,Open
FUL004655,O041390,C001613,2110,2025-03-04,carrier_delay,High,Carrier route delay,Open
FUL004656,O041395,C000535,4435,2025-03-04,carrier_delay,High,Carrier route delay,Open
FUL004657,O041398,C000318,11884,2025-03-04,carrier_delay,High,Carrier route delay,Open
FUL004658,O041400,C000915,1430,2025-03-04,cancellation_review,Medium,Customer or fulfillment cancellation,Closed
FUL004659,O041404,C000099,2851,2025-03-04,carrier_delay,High,Carrier route delay,Open
FUL004660,O041405,C001626,8397,2025-03-04,carrier_delay,High,Carrier route delay,Open
FUL004661,O041426,C000648,7940,2025-03-04,carrier_delay,High,Carrier route delay,Open
FUL004662,O041430,C001699,4877,2025-03-04,carrier_delay,High,Carrier route delay,Open
FUL004663,O041434,C000925,8084,2025-03-04,carrier_delay,High,Carrier route delay,Open
FUL004664,O041439,C001219,10344,2025-03-04,carrier_delay,High,Carrier route delay,Open
FUL004665,O041449,C000041,12285,2025-03-05,carrier_delay,High,Carrier route delay,Open
FUL004666,O041452,C001030,1990,2025-03-05,carrier_delay,High,Carrier route delay,Open
FUL004667,O041454,C001749,1748,2025-03-05,carrier_delay,High,Carrier route delay,Open
FUL004668,O041455,C000370,542,2025-03-05,carrier_delay,High,Carrier route delay,Open
FUL004669,O041459,C001126,5594,2025-03-05,carrier_delay,High,Carrier route delay,Open
FUL004670,O004146,C001427,3428,2023-09-07,carrier_delay,High,Carrier route delay,Open
FUL004671,O041468,C000062,11431,2025-03-05,carrier_delay,High,Carrier route delay,Open
FUL004672,O041479,C000794,4582,2025-03-05,carrier_delay,High,Carrier route delay,Open
FUL004673,O004148,C001554,4941,2023-09-07,carrier_delay,High,Carrier route delay,Open
FUL004674,O041487,C000922,9589,2025-03-05,carrier_delay,High,Carrier route delay,Open
FUL004675,O041490,C000698,1910,2025-03-05,carrier_delay,High,Carrier route delay,Open
FUL004676,O041495,C001648,175,2025-03-05,carrier_delay,High,Carrier route delay,Open
FUL004677,O041499,C000184,1844,2025-03-05,carrier_delay,High,Carrier route delay,Open
FUL004678,O000415,C000425,6110,2023-07-15,carrier_delay,High,Carrier route delay,Open
FUL004679,O041500,C000943,11761,2025-03-05,carrier_delay,High,Carrier route delay,Open
FUL004680,O041504,C000866,9789,2025-03-05,carrier_delay,High,Carrier route delay,Open
FUL004681,O041522,C001964,8136,2025-03-06,carrier_delay,High,Carrier route delay,Open
FUL004682,O041535,C000293,10761,2025-03-06,carrier_delay,High,Carrier route delay,Open
FUL004683,O041549,C000541,7401,2025-03-06,carrier_delay,High,Carrier route delay,Open
FUL004684,O041552,C000752,1627,2025-03-06,carrier_delay,High,Carrier route delay,Open
FUL004685,O041553,C001798,1793,2025-03-06,carrier_delay,High,Carrier route delay,Open
FUL004686,O041561,C000827,12201,2025-03-06,cancellation_review,Medium,Customer or fulfillment cancellation,Closed
FUL004687,O041563,C001618,285,2025-03-06,carrier_delay,High,Carrier route delay,Open
FUL004688,O041567,C001854,1473,2025-03-06,carrier_delay,High,Carrier route delay,Open
FUL004689,O041568,C000877,7590,2025-03-06,carrier_delay,High,Carrier route delay,Open
FUL004690,O041574,C000380,5739,2025-03-06,carrier_delay,High,Carrier route delay,Open
FUL004691,O041580,C001549,5722,2025-03-06,carrier_delay,High,Carrier route delay,Open
FUL004692,O041581,C000588,10849,2025-03-06,carrier_delay,High,Carrier route delay,Open
FUL004693,O041583,C001918,5236,2025-03-07,carrier_delay,High,Carrier route delay,Open
FUL004694,O041589,C001381,1038,2025-03-07,carrier_delay,High,Carrier route delay,Open
FUL004695,O004160,C000854,8981,2023-09-07,carrier_delay,High,Carrier route delay,Open
FUL004696,O041605,C000846,2609,2025-03-07,carrier_delay,High,Carrier route delay,Open
FUL004697,O041610,C000983,6969,2025-03-07,carrier_delay,High,Carrier route delay,Open
FUL004698,O041623,C000990,12253,2025-03-07,cancellation_review,Medium,Customer or fulfillment cancellation,Closed
FUL004699,O041630,C000754,11700,2025-03-07,carrier_delay,High,Carrier route delay,Open
FUL004700,O041633,C000245,1747,2025-03-07,carrier_delay,High,Carrier route delay,Open
FUL004701,O041644,C000557,5207,2025-03-07,carrier_delay,High,Carrier route delay,Open
FUL004702,O041645,C000846,2609,2025-03-07,carrier_delay,High,Carrier route delay,Open
FUL004703,O004166,C000301,7435,2023-09-07,carrier_delay,High,Carrier route delay,Open
FUL004704,O041662,C001754,10134,2025-03-08,carrier_delay,High,Carrier route delay,Open
FUL004705,O041665,C001283,8260,2025-03-08,carrier_delay,High,Carrier route delay,Open
FUL004706,O041669,C000729,388,2025-03-08,carrier_delay,High,Carrier route delay,Open
FUL004707,O041680,C001312,7864,2025-03-08,carrier_delay,High,Carrier route delay,Open
FUL004708,O041685,C001618,285,2025-03-08,carrier_delay,High,Carrier route delay,Open
FUL004709,O041690,C001612,6233,2025-03-08,carrier_delay,High,Carrier route delay,Open
FUL004710,O041698,C000864,3531,2025-03-08,carrier_delay,High,Carrier route delay,Open
FUL004711,O000417,C001623,11491,2023-07-15,carrier_delay,High,Carrier route delay,Open
FUL004712,O041700,C001271,8167,2025-03-08,carrier_delay,High,Carrier route delay,Open
FUL004713,O041702,C001750,4147,2025-03-08,carrier_delay,High,Carrier route delay,Open
FUL004714,O041715,C000144,7358,2025-03-08,carrier_delay,High,Carrier route delay,Open
FUL004715,O041729,C000111,5828,2025-03-09,carrier_delay,High,Carrier route delay,Open
FUL004716,O041744,C001698,8554,2025-03-09,carrier_delay,High,Carrier route delay,Open
FUL004717,O041755,C000047,5691,2025-03-09,carrier_delay,High,Carrier route delay,Open
FUL004718,O041759,C000417,4596,2025-03-09,carrier_delay,High,Carrier route delay,Open
FUL004719,O041765,C001862,9885,2025-03-09,carrier_delay,High,Carrier route delay,Open
FUL004720,O041779,C000693,12076,2025-03-09,carrier_delay,High,Carrier route delay,Open
FUL004721,O041780,C000034,9557,2025-03-09,carrier_delay,High,Carrier route delay,Open
FUL004722,O041784,C000147,10829,2025-03-09,carrier_delay,High,Carrier route delay,Open
FUL004723,O041794,C001867,4846,2025-03-10,carrier_delay,High,Carrier route delay,Open
FUL004724,O041800,C000349,10635,2025-03-10,carrier_delay,High,Carrier route delay,Open
FUL004725,O041801,C000979,8628,2025-03-10,carrier_delay,High,Carrier route delay,Open
FUL004726,O041814,C000741,10331,2025-03-10,carrier_delay,High,Carrier route delay,Open
FUL004727,O041825,C000906,10118,2025-03-10,carrier_delay,High,Carrier route delay,Open
FUL004728,O041835,C000590,10258,2025-03-10,carrier_delay,High,Carrier route delay,Open
FUL004729,O041839,C000791,4595,2025-03-10,cancellation_review,Medium,Customer or fulfillment cancellation,Closed
FUL004730,O041845,C000111,5828,2025-03-10,carrier_delay,High,Carrier route delay,Open
FUL004731,O004185,C000299,7060,2023-09-08,carrier_delay,High,Carrier route delay,Open
FUL004732,O041854,C001743,5286,2025-03-10,carrier_delay,High,Carrier route delay,Open
FUL004733,O041866,C000324,3800,2025-03-11,cancellation_review,Medium,Customer or fulfillment cancellation,Closed
FUL004734,O041870,C000097,11645,2025-03-11,carrier_delay,High,Carrier route delay,Open
FUL004735,O041876,C000512,11421,2025-03-11,carrier_delay,High,Carrier route delay,Open
FUL004736,O041877,C000385,2708,2025-03-11,carrier_delay,High,Carrier route delay,Open
FUL004737,O041886,C001671,12069,2025-03-11,cancellation_review,Medium,Customer or fulfillment cancellation,Closed
FUL004738,O041894,C000391,5197,2025-03-11,carrier_delay,High,Carrier route delay,Open
FUL004739,O041898,C000318,11884,2025-03-11,carrier_delay,High,Carrier route delay,Open
FUL004740,O000419,C001256,8987,2023-07-15,carrier_delay,High,Carrier route delay,Open
FUL004741,O041905,C000851,6319,2025-03-11,carrier_delay,High,Carrier route delay,Open
FUL004742,O041907,C001747,10018,2025-03-11,carrier_delay,High,Carrier route delay,Open
FUL004743,O041908,C000755,2833,2025-03-11,carrier_delay,High,Carrier route delay,Open
FUL004744,O041909,C000173,1599,2025-03-11,carrier_delay,High,Carrier route delay,Open
FUL004745,O041915,C000433,8166,2025-03-11,carrier_delay,High,Carrier route delay,Open
FUL004746,O041919,C000551,10490,2025-03-11,carrier_delay,High,Carrier route delay,Open
FUL004747,O041920,C000004,1657,2025-03-11,carrier_delay,High,Carrier route delay,Open
FUL004748,O041927,C001547,7333,2025-03-12,carrier_delay,High,Carrier route delay,Open
FUL004749,O041940,C000022,5004,2025-03-12,carrier_delay,High,Carrier route delay,Open
FUL004750,O041948,C000161,12420,2025-03-12,carrier_delay,High,Carrier route delay,Open
FUL004751,O004195,C000782,9671,2023-09-08,carrier_delay,High,Carrier route delay,Open
FUL004752,O041955,C001756,4528,2025-03-12,carrier_delay,High,Carrier route delay,Open
FUL004753,O041960,C001167,6854,2025-03-12,carrier_delay,High,Carrier route delay,Open
FUL004754,O041965,C001189,8488,2025-03-12,carrier_delay,High,Carrier route delay,Open
FUL004755,O041969,C000429,10612,2025-03-12,carrier_delay,High,Carrier route delay,Open
FUL004756,O041977,C001620,4997,2025-03-12,carrier_delay,High,Carrier route delay,Open
FUL004757,O041980,C000344,2625,2025-03-12,carrier_delay,High,Carrier route delay,Open
FUL004758,O041985,C001348,12424,2025-03-12,carrier_delay,High,Carrier route delay,Open
FUL004759,O004199,C000353,2180,2023-09-08,carrier_delay,High,Carrier route delay,Open
FUL004760,O041998,C000838,5741,2025-03-13,carrier_delay,High,Carrier route delay,Open
FUL004761,O042001,C000238,2330,2025-03-13,cancellation_review,Medium,Customer or fulfillment cancellation,Closed
FUL004762,O042003,C001444,7234,2025-03-13,carrier_delay,High,Carrier route delay,Open
FUL004763,O042005,C000457,8666,2025-03-13,carrier_delay,High,Carrier route delay,Open
FUL004764,O042015,C000199,12406,2025-03-13,carrier_delay,High,Carrier route delay,Open
FUL004765,O042019,C001364,10954,2025-03-13,carrier_delay,High,Carrier route delay,Open
FUL004766,O042026,C001336,1383,2025-03-13,carrier_delay,High,Carrier route delay,Open
FUL004767,O042039,C000982,3763,2025-03-13,carrier_delay,High,Carrier route delay,Open
FUL004768,O042044,C000130,12039,2025-03-13,carrier_delay,High,Carrier route delay,Open
FUL004769,O042046,C001318,4400,2025-03-13,carrier_delay,High,Carrier route delay,Open
FUL004770,O042053,C001982,2684,2025-03-13,carrier_delay,High,Carrier route delay,Open
FUL004771,O042054,C000247,10375,2025-03-13,carrier_delay,High,Carrier route delay,Open
FUL004772,O042059,C000901,4186,2025-03-13,carrier_delay,High,Carrier route delay,Open
FUL004773,O042060,C000717,6470,2025-03-13,carrier_delay,High,Carrier route delay,Open
FUL004774,O042061,C000054,9494,2025-03-13,carrier_delay,High,Carrier route delay,Open
FUL004775,O042069,C001219,10344,2025-03-14,carrier_delay,High,Carrier route delay,Open
FUL004776,O042079,C001809,2069,2025-03-14,carrier_delay,High,Carrier route delay,Open
FUL004777,O042082,C001611,1889,2025-03-14,carrier_delay,High,Carrier route delay,Open
FUL004778,O042094,C000181,10111,2025-03-14,carrier_delay,High,Carrier route delay,Open
FUL004779,O042105,C000077,2041,2025-03-14,carrier_delay,High,Carrier route delay,Open
FUL004780,O042109,C001205,5989,2025-03-14,carrier_delay,High,Carrier route delay,Open
FUL004781,O042129,C001096,1997,2025-03-14,carrier_delay,High,Carrier route delay,Open
FUL004782,O042148,C000424,6806,2025-03-15,carrier_delay,High,Carrier route delay,Open
FUL004783,O042155,C000700,241,2025-03-15,carrier_delay,High,Carrier route delay,Open
FUL004784,O042158,C000228,123,2025-03-15,carrier_delay,High,Carrier route delay,Open
FUL004785,O042162,C000526,2451,2025-03-15,carrier_delay,High,Carrier route delay,Open
FUL004786,O042191,C001264,3021,2025-03-15,carrier_delay,High,Carrier route delay,Open
FUL004787,O042193,C000776,8587,2025-03-15,carrier_delay,High,Carrier route delay,Open
FUL004788,O042199,C001869,4229,2025-03-15,carrier_delay,High,Carrier route delay,Open
FUL004789,O004220,C000507,12107,2023-09-08,carrier_delay,High,Carrier route delay,Open
FUL004790,O042214,C001978,10843,2025-03-16,carrier_delay,High,Carrier route delay,Open
FUL004791,O042221,C001420,4562,2025-03-16,carrier_delay,High,Carrier route delay,Open
FUL004792,O042222,C000563,6448,2025-03-16,carrier_delay,High,Carrier route delay,Open
FUL004793,O042229,C001586,8787,2025-03-16,carrier_delay,High,Carrier route delay,Open
FUL004794,O042235,C000002,9371,2025-03-16,carrier_delay,High,Carrier route delay,Open
FUL004795,O042240,C001888,11631,2025-03-16,carrier_delay,High,Carrier route delay,Open
FUL004796,O042243,C000187,1537,2025-03-16,carrier_delay,High,Carrier route delay,Open
FUL004797,O004225,C000810,6459,2023-09-08,carrier_delay,High,Carrier route delay,Open
FUL004798,O042254,C000506,9053,2025-03-16,carrier_delay,High,Carrier route delay,Open
FUL004799,O042265,C001177,599,2025-03-16,carrier_delay,High,Carrier route delay,Open
FUL004800,O004227,C000374,12106,2023-09-08,carrier_delay,High,Carrier route delay,Open
FUL004801,O042276,C001856,3726,2025-03-17,cancellation_review,Medium,Customer or fulfillment cancellation,Closed
FUL004802,O042278,C001005,10457,2025-03-17,carrier_delay,High,Carrier route delay,Open
FUL004803,O042284,C000196,1148,2025-03-17,carrier_delay,High,Carrier route delay,Open
FUL004804,O042291,C000065,11888,2025-03-17,carrier_delay,High,Carrier route delay,Open
FUL004805,O042299,C000088,3420,2025-03-17,carrier_delay,High,Carrier route delay,Open
FUL004806,O000423,C001136,9632,2023-07-15,cancellation_review,Medium,Customer or fulfillment cancellation,Closed
FUL004807,O004231,C000584,3830,2023-09-08,carrier_delay,High,Carrier route delay,Open
FUL004808,O042310,C000845,5093,2025-03-17,carrier_delay,High,Carrier route delay,Open
FUL004809,O042315,C001166,10552,2025-03-17,carrier_delay,High,Carrier route delay,Open
FUL004810,O042320,C001245,728,2025-03-17,carrier_delay,High,Carrier route delay,Open
FUL004811,O042334,C000476,10407,2025-03-17,carrier_delay,High,Carrier route delay,Open
FUL004812,O042345,C000214,11887,2025-03-18,carrier_delay,High,Carrier route delay,Open
FUL004813,O042369,C000637,8954,2025-03-18,carrier_delay,High,Carrier route delay,Open
FUL004814,O042373,C001510,439,2025-03-18,carrier_delay,High,Carrier route delay,Open
FUL004815,O042379,C000216,7001,2025-03-18,carrier_delay,High,Carrier route delay,Open
FUL004816,O042380,C001634,9972,2025-03-18,carrier_delay,High,Carrier route delay,Open
FUL004817,O042382,C001029,7980,2025-03-18,carrier_delay,High,Carrier route delay,Open
FUL004818,O042391,C000985,9260,2025-03-18,carrier_delay,High,Carrier route delay,Open
FUL004819,O042394,C000966,4320,2025-03-18,carrier_delay,High,Carrier route delay,Open
FUL004820,O042395,C000915,1430,2025-03-18,carrier_delay,High,Carrier route delay,Open
FUL004821,O042404,C001945,9338,2025-03-18,carrier_delay,High,Carrier route delay,Open
FUL004822,O042412,C001254,846,2025-03-19,carrier_delay,High,Carrier route delay,Open
FUL004823,O042422,C001315,11005,2025-03-19,cancellation_review,Medium,Customer or fulfillment cancellation,Closed
FUL004824,O042434,C000369,9153,2025-03-19,carrier_delay,High,Carrier route delay,Open
FUL004825,O042439,C001659,5145,2025-03-19,carrier_delay,High,Carrier route delay,Open
FUL004826,O004244,C000001,791,2023-09-08,carrier_delay,High,Carrier route delay,Open
FUL004827,O042446,C000086,3938,2025-03-19,carrier_delay,High,Carrier route delay,Open
FUL004828,O004245,C000253,4460,2023-09-08,carrier_delay,High,Carrier route delay,Open
FUL004829,O042470,C000610,3302,2025-03-19,carrier_delay,High,Carrier route delay,Open
FUL004830,O042474,C000099,2851,2025-03-20,carrier_delay,High,Carrier route delay,Open
FUL004831,O042485,C000887,2365,2025-03-20,carrier_delay,High,Carrier route delay,Open
FUL004832,O042495,C000402,8917,2025-03-20,carrier_delay,High,Carrier route delay,Open
FUL004833,O004250,C000044,749,2023-09-09,cancellation_review,Medium,Customer or fulfillment cancellation,Closed
FUL004834,O042503,C001064,11077,2025-03-20,carrier_delay,High,Carrier route delay,Open
FUL004835,O042507,C001126,5594,2025-03-20,carrier_delay,High,Carrier route delay,Open
FUL004836,O042509,C001469,3237,2025-03-20,cancellation_review,Medium,Customer or fulfillment cancellation,Closed
FUL004837,O042510,C000138,8964,2025-03-20,carrier_delay,High,Carrier route delay,Open
FUL004838,O042525,C000980,639,2025-03-20,carrier_delay,High,Carrier route delay,Open
FUL004839,O042549,C001030,1990,2025-03-21,carrier_delay,High,Carrier route delay,Open
FUL004840,O004255,C001631,6370,2023-09-09,cancellation_review,Medium,Customer or fulfillment cancellation,Closed
FUL004841,O042560,C000262,11134,2025-03-21,carrier_delay,High,Carrier route delay,Open
FUL004842,O042570,C000195,11337,2025-03-21,carrier_delay,High,Carrier route delay,Open
FUL004843,O042575,C001242,2469,2025-03-21,carrier_delay,High,Carrier route delay,Open
FUL004844,O042579,C000923,4238,2025-03-21,carrier_delay,High,Carrier route delay,Open
FUL004845,O042593,C000410,7082,2025-03-21,carrier_delay,High,Carrier route delay,Open
FUL004846,O042594,C001278,5943,2025-03-21,carrier_delay,High,Carrier route delay,Open
FUL004847,O042602,C000919,7887,2025-03-21,carrier_delay,High,Carrier route delay,Open
FUL004848,O042620,C001989,6930,2025-03-22,carrier_delay,High,Carrier route delay,Open
FUL004849,O004264,C001084,1532,2023-09-09,carrier_delay,High,Carrier route delay,Open
FUL004850,O042640,C000420,6230,2025-03-22,carrier_delay,High,Carrier route delay,Open
FUL004851,O042649,C000170,6303,2025-03-22,carrier_delay,High,Carrier route delay,Open
FUL004852,O042657,C001383,8949,2025-03-22,cancellation_review,Medium,Customer or fulfillment cancellation,Closed
FUL004853,O042664,C000062,11431,2025-03-22,carrier_delay,High,Carrier route delay,Open
FUL004854,O042675,C000111,5828,2025-03-22,carrier_delay,High,Carrier route delay,Open
FUL004855,O042677,C000689,6086,2025-03-22,carrier_delay,High,Carrier route delay,Open
FUL004856,O042687,C001387,10017,2025-03-23,carrier_delay,High,Carrier route delay,Open
FUL004857,O004270,C001454,11352,2023-09-09,carrier_delay,High,Carrier route delay,Open
FUL004858,O042704,C000480,2278,2025-03-23,carrier_delay,High,Carrier route delay,Open
FUL004859,O042716,C000485,5311,2025-03-23,carrier_delay,High,Carrier route delay,Open
FUL004860,O042720,C000669,11835,2025-03-23,carrier_delay,High,Carrier route delay,Open
FUL004861,O042739,C000809,245,2025-03-23,carrier_delay,High,Carrier route delay,Open
FUL004862,O042745,C001118,11984,2025-03-23,carrier_delay,High,Carrier route delay,Open
FUL004863,O004275,C001915,359,2023-09-09,carrier_delay,High,Carrier route delay,Open
FUL004864,O042764,C000200,11475,2025-03-24,carrier_delay,High,Carrier route delay,Open
FUL004865,O004277,C000440,2755,2023-09-09,carrier_delay,High,Carrier route delay,Open
FUL004866,O042774,C000854,8981,2025-03-24,carrier_delay,High,Carrier route delay,Open
FUL004867,O042775,C001413,1175,2025-03-24,carrier_delay,High,Carrier route delay,Open
FUL004868,O042779,C000313,4454,2025-03-24,carrier_delay,High,Carrier route delay,Open
FUL004869,O042788,C001775,9542,2025-03-24,carrier_delay,High,Carrier route delay,Open
FUL004870,O042789,C000246,2773,2025-03-24,carrier_delay,High,Carrier route delay,Open
FUL004871,O042794,C000464,10967,2025-03-24,carrier_delay,High,Carrier route delay,Open
FUL004872,O042800,C000811,9325,2025-03-24,carrier_delay,High,Carrier route delay,Open
FUL004873,O042809,C000036,4781,2025-03-24,carrier_delay,High,Carrier route delay,Open
FUL004874,O042810,C000928,5657,2025-03-24,carrier_delay,High,Carrier route delay,Open
FUL004875,O042814,C001696,4388,2025-03-24,carrier_delay,High,Carrier route delay,Open
FUL004876,O042815,C000628,6428,2025-03-24,carrier_delay,High,Carrier route delay,Open
FUL004877,O042816,C000831,7013,2025-03-25,carrier_delay,High,Carrier route delay,Open
FUL004878,O042817,C001451,6287,2025-03-25,carrier_delay,High,Carrier route delay,Open
FUL004879,O042819,C000394,2564,2025-03-25,carrier_delay,High,Carrier route delay,Open
FUL004880,O042825,C000769,2824,2025-03-25,carrier_delay,High,Carrier route delay,Open
FUL004881,O042831,C000180,5778,2025-03-25,cancellation_review,Medium,Customer or fulfillment cancellation,Closed
FUL004882,O042833,C000165,4539,2025-03-25,carrier_delay,High,Carrier route delay,Open
FUL004883,O042844,C000271,6213,2025-03-25,carrier_delay,High,Carrier route delay,Open
FUL004884,O042849,C001974,4725,2025-03-25,carrier_delay,High,Carrier route delay,Open
FUL004885,O004285,C001881,8120,2023-09-09,carrier_delay,High,Carrier route delay,Open
FUL004886,O004286,C000981,1092,2023-09-09,cancellation_review,Medium,Customer or fulfillment cancellation,Closed
FUL004887,O042865,C000861,1806,2025-03-25,carrier_delay,High,Carrier route delay,Open
FUL004888,O042875,C000771,11313,2025-03-25,carrier_delay,High,Carrier route delay,Open
FUL004889,O042877,C001078,4265,2025-03-25,carrier_delay,High,Carrier route delay,Open
FUL004890,O042880,C001703,9552,2025-03-25,carrier_delay,High,Carrier route delay,Open
FUL004891,O042884,C000120,3369,2025-03-25,carrier_delay,High,Carrier route delay,Open
FUL004892,O042890,C001460,1961,2025-03-26,carrier_delay,High,Carrier route delay,Open
FUL004893,O042894,C000804,10278,2025-03-26,carrier_delay,High,Carrier route delay,Open
FUL004894,O042899,C001924,3119,2025-03-26,carrier_delay,High,Carrier route delay,Open
FUL004895,O004290,C000956,12362,2023-09-09,carrier_delay,High,Carrier route delay,Open
FUL004896,O042930,C001050,4276,2025-03-26,carrier_delay,High,Carrier route delay,Open
FUL004897,O004294,C000474,5549,2023-09-09,carrier_delay,High,Carrier route delay,Open
FUL004898,O042942,C000035,6375,2025-03-26,carrier_delay,High,Carrier route delay,Open
FUL004899,O004295,C000222,11733,2023-09-09,carrier_delay,High,Carrier route delay,Open
FUL004900,O042960,C001116,8300,2025-03-27,carrier_delay,High,Carrier route delay,Open
FUL004901,O042973,C000046,1492,2025-03-27,carrier_delay,High,Carrier route delay,Open
FUL004902,O042974,C001524,3985,2025-03-27,carrier_delay,High,Carrier route delay,Open
FUL004903,O042979,C001581,3617,2025-03-27,carrier_delay,High,Carrier route delay,Open
FUL004904,O004299,C001813,9605,2023-09-09,carrier_delay,High,Carrier route delay,Open
FUL004905,O043002,C000477,2553,2025-03-27,carrier_delay,High,Carrier route delay,Open
FUL004906,O043003,C000356,12329,2025-03-27,carrier_delay,High,Carrier route delay,Open
FUL004907,O043004,C000037,2723,2025-03-27,carrier_delay,High,Carrier route delay,Open
FUL004908,O043008,C001220,55,2025-03-27,carrier_delay,High,Carrier route delay,Open
FUL004909,O043009,C001924,3119,2025-03-27,carrier_delay,High,Carrier route delay,Open
FUL004910,O043012,C000297,1636,2025-03-27,carrier_delay,High,Carrier route delay,Open
FUL004911,O043032,C000042,8517,2025-03-28,carrier_delay,High,Carrier route delay,Open
FUL004912,O043039,C000295,8511,2025-03-28,carrier_delay,High,Carrier route delay,Open
FUL004913,O004304,C001731,10770,2023-09-09,cancellation_review,Medium,Customer or fulfillment cancellation,Closed
FUL004914,O043040,C000024,6316,2025-03-28,carrier_delay,High,Carrier route delay,Open
FUL004915,O043049,C000865,5971,2025-03-28,carrier_delay,High,Carrier route delay,Open
FUL004916,O043050,C001390,9463,2025-03-28,carrier_delay,High,Carrier route delay,Open
FUL004917,O043054,C000589,4914,2025-03-28,carrier_delay,High,Carrier route delay,Open
FUL004918,O043059,C000431,5097,2025-03-28,carrier_delay,High,Carrier route delay,Open
FUL004919,O043060,C000913,3280,2025-03-28,carrier_delay,High,Carrier route delay,Open
FUL004920,O043065,C001481,7967,2025-03-28,carrier_delay,High,Carrier route delay,Open
FUL004921,O043080,C001765,8555,2025-03-28,carrier_delay,High,Carrier route delay,Open
FUL004922,O043083,C000405,3816,2025-03-28,carrier_delay,High,Carrier route delay,Open
FUL004923,O043091,C001154,3926,2025-03-29,carrier_delay,High,Carrier route delay,Open
FUL004924,O043100,C001963,10570,2025-03-29,carrier_delay,High,Carrier route delay,Open
FUL004925,O043107,C001209,10899,2025-03-29,carrier_delay,High,Carrier route delay,Open
FUL004926,O043114,C001875,5140,2025-03-29,carrier_delay,High,Carrier route delay,Open
FUL004927,O043115,C000216,7001,2025-03-29,carrier_delay,High,Carrier route delay,Open
FUL004928,O004312,C000207,1445,2023-09-09,carrier_delay,High,Carrier route delay,Open
FUL004929,O043120,C000403,194,2025-03-29,carrier_delay,High,Carrier route delay,Open
FUL004930,O004313,C001466,4926,2023-09-09,carrier_delay,High,Carrier route delay,Open
FUL004931,O043145,C000758,502,2025-03-29,carrier_delay,High,Carrier route delay,Open
FUL004932,O043150,C000453,1261,2025-03-29,carrier_delay,High,Carrier route delay,Open
FUL004933,O043163,C001524,3985,2025-03-30,cancellation_review,Medium,Customer or fulfillment cancellation,Closed
FUL004934,O043174,C000545,6581,2025-03-30,carrier_delay,High,Carrier route delay,Open
FUL004935,O043179,C000475,10307,2025-03-30,carrier_delay,High,Carrier route delay,Open
FUL004936,O004318,C001573,3978,2023-09-10,carrier_delay,High,Carrier route delay,Open
FUL004937,O043180,C001027,7005,2025-03-30,carrier_delay,High,Carrier route delay,Open
FUL004938,O043181,C001465,8328,2025-03-30,carrier_delay,High,Carrier route delay,Open
FUL004939,O043186,C000523,1962,2025-03-30,carrier_delay,High,Carrier route delay,Open
FUL004940,O043193,C000546,11120,2025-03-30,cancellation_review,Medium,Customer or fulfillment cancellation,Closed
FUL004941,O043205,C000406,8012,2025-03-30,carrier_delay,High,Carrier route delay,Open
FUL004942,O043206,C000737,682,2025-03-30,carrier_delay,High,Carrier route delay,Open
FUL004943,O043208,C000416,8290,2025-03-30,carrier_delay,High,Carrier route delay,Open
FUL004944,O043210,C001378,4113,2025-03-30,carrier_delay,High,Carrier route delay,Open
FUL004945,O043219,C001462,10518,2025-03-30,carrier_delay,High,Carrier route delay,Open
FUL004946,O043234,C001032,9990,2025-03-31,carrier_delay,High,Carrier route delay,Open
FUL004947,O043243,C000928,5657,2025-03-31,cancellation_review,Medium,Customer or fulfillment cancellation,Closed
FUL004948,O043251,C000925,8084,2025-03-31,carrier_delay,High,Carrier route delay,Open
FUL004949,O043253,C001100,10273,2025-03-31,carrier_delay,High,Carrier route delay,Open
FUL004950,O043301,C000686,1833,2025-04-01,carrier_delay,High,Carrier route delay,Open
FUL004951,O043308,C001615,2257,2025-04-01,carrier_delay,High,Carrier route delay,Open
FUL004952,O043310,C000379,3603,2025-04-01,cancellation_review,Medium,Customer or fulfillment cancellation,Closed
FUL004953,O043312,C000239,7273,2025-04-01,carrier_delay,High,Carrier route delay,Open
FUL004954,O043313,C001184,4579,2025-04-01,carrier_delay,High,Carrier route delay,Open
FUL004955,O043314,C000244,5952,2025-04-01,carrier_delay,High,Carrier route delay,Open
FUL004956,O043320,C001040,1624,2025-04-01,carrier_delay,High,Carrier route delay,Open
FUL004957,O043325,C000469,10555,2025-04-01,carrier_delay,High,Carrier route delay,Open
FUL004958,O043327,C000707,11397,2025-04-01,carrier_delay,High,Carrier route delay,Open
FUL004959,O004334,C000889,11089,2023-09-10,carrier_delay,High,Carrier route delay,Open
FUL004960,O043350,C000050,10371,2025-04-01,carrier_delay,High,Carrier route delay,Open
FUL004961,O043363,C001006,5298,2025-04-01,carrier_delay,High,Carrier route delay,Open
FUL004962,O043380,C000963,7042,2025-04-02,carrier_delay,High,Carrier route delay,Open
FUL004963,O043381,C001571,2320,2025-04-02,carrier_delay,High,Carrier route delay,Open
FUL004964,O043416,C001443,11032,2025-04-02,carrier_delay,High,Carrier route delay,Open
FUL004965,O043418,C001698,8554,2025-04-02,carrier_delay,High,Carrier route delay,Open
FUL004966,O043419,C001701,917,2025-04-02,carrier_delay,High,Carrier route delay,Open
FUL004967,O043421,C001205,5989,2025-04-02,carrier_delay,High,Carrier route delay,Open
FUL004968,O043423,C001493,10799,2025-04-02,carrier_delay,High,Carrier route delay,Open
FUL004969,O043425,C001655,8211,2025-04-02,carrier_delay,High,Carrier route delay,Open
FUL004970,O043426,C001937,3508,2025-04-02,carrier_delay,High,Carrier route delay,Open
FUL004971,O043428,C001341,986,2025-04-02,carrier_delay,High,Carrier route delay,Open
FUL004972,O043430,C000078,468,2025-04-02,carrier_delay,High,Carrier route delay,Open
FUL004973,O043480,C000003,8766,2025-04-03,carrier_delay,High,Carrier route delay,Open
FUL004974,O043485,C000977,625,2025-04-03,carrier_delay,High,Carrier route delay,Open
FUL004975,O043524,C000591,1544,2025-04-04,carrier_delay,High,Carrier route delay,Open
FUL004976,O043534,C000129,3199,2025-04-04,carrier_delay,High,Carrier route delay,Open
FUL004977,O004354,C000600,7268,2023-09-10,cancellation_review,Medium,Customer or fulfillment cancellation,Closed
FUL004978,O043540,C001906,2825,2025-04-04,carrier_delay,High,Carrier route delay,Open
FUL004979,O043547,C000397,5755,2025-04-04,carrier_delay,High,Carrier route delay,Open
FUL004980,O043549,C000649,9077,2025-04-04,carrier_delay,High,Carrier route delay,Open
FUL004981,O043550,C001338,4308,2025-04-04,carrier_delay,High,Carrier route delay,Open
FUL004982,O043555,C000518,6898,2025-04-04,carrier_delay,High,Carrier route delay,Open
FUL004983,O043559,C001060,5024,2025-04-04,carrier_delay,High,Carrier route delay,Open
FUL004984,O043560,C001740,3378,2025-04-04,carrier_delay,High,Carrier route delay,Open
FUL004985,O043569,C000572,5815,2025-04-04,carrier_delay,High,Carrier route delay,Open
FUL004986,O043582,C000308,8664,2025-04-05,cancellation_review,Medium,Customer or fulfillment cancellation,Closed
FUL004987,O043605,C000237,938,2025-04-05,carrier_delay,High,Carrier route delay,Open
FUL004988,O043610,C000199,12406,2025-04-05,carrier_delay,High,Carrier route delay,Open
FUL004989,O043614,C000308,8664,2025-04-05,carrier_delay,High,Carrier route delay,Open
FUL004990,O043615,C001479,7758,2025-04-05,carrier_delay,High,Carrier route delay,Open
FUL004991,O043619,C000598,9761,2025-04-05,carrier_delay,High,Carrier route delay,Open
FUL004992,O043643,C001540,5859,2025-04-06,carrier_delay,High,Carrier route delay,Open
FUL004993,O043647,C001349,9302,2025-04-06,carrier_delay,High,Carrier route delay,Open
FUL004994,O043649,C001127,8043,2025-04-06,carrier_delay,High,Carrier route delay,Open
FUL004995,O004365,C000476,10407,2023-09-10,carrier_delay,High,Carrier route delay,Open
FUL004996,O043659,C000584,3830,2025-04-06,carrier_delay,High,Carrier route delay,Open
FUL004997,O043670,C000721,2037,2025-04-06,carrier_delay,High,Carrier route delay,Open
FUL004998,O043689,C000486,10081,2025-04-06,carrier_delay,High,Carrier route delay,Open
FUL004999,O043699,C001361,11154,2025-04-06,carrier_delay,High,Carrier route delay,Open
FUL005000,O004370,C001112,10620,2023-09-10,carrier_delay,High,Carrier route delay,Open
FUL005001,O043701,C000130,12039,2025-04-06,cancellation_review,Medium,Customer or fulfillment cancellation,Closed
FUL005002,O043702,C001003,1715,2025-04-06,carrier_delay,High,Carrier route delay,Open
FUL005003,O043705,C000035,6375,2025-04-06,carrier_delay,High,Carrier route delay,Open
FUL005004,O043709,C000890,11061,2025-04-07,carrier_delay,High,Carrier route delay,Open
FUL005005,O043713,C000946,9640,2025-04-07,carrier_delay,High,Carrier route delay,Open
FUL005006,O043719,C001849,2402,2025-04-07,carrier_delay,High,Carrier route delay,Open
FUL005007,O043721,C000835,1731,2025-04-07,carrier_delay,High,Carrier route delay,Open
FUL005008,O004376,C000731,10077,2023-09-10,carrier_delay,High,Carrier route delay,Open
FUL005009,O043765,C000770,6263,2025-04-07,carrier_delay,High,Carrier route delay,Open
FUL005010,O043767,C000933,5011,2025-04-07,carrier_delay,High,Carrier route delay,Open
FUL005011,O043774,C000231,9502,2025-04-07,cancellation_review,Medium,Customer or fulfillment cancellation,Closed
FUL005012,O043775,C001120,11407,2025-04-07,carrier_delay,High,Carrier route delay,Open
FUL005013,O043794,C000001,791,2025-04-08,carrier_delay,High,Carrier route delay,Open
FUL005014,O043804,C000113,7954,2025-04-08,carrier_delay,High,Carrier route delay,Open
FUL005015,O043814,C001911,1677,2025-04-08,carrier_delay,High,Carrier route delay,Open
FUL005016,O043815,C001039,12384,2025-04-08,carrier_delay,High,Carrier route delay,Open
FUL005017,O043823,C001523,2121,2025-04-08,carrier_delay,High,Carrier route delay,Open
FUL005018,O043825,C001137,10514,2025-04-08,carrier_delay,High,Carrier route delay,Open
FUL005019,O043834,C001528,9830,2025-04-08,carrier_delay,High,Carrier route delay,Open
FUL005020,O043835,C000645,6907,2025-04-08,carrier_delay,High,Carrier route delay,Open
FUL005021,O043848,C000788,3020,2025-04-09,carrier_delay,High,Carrier route delay,Open
FUL005022,O043850,C000945,396,2025-04-09,carrier_delay,High,Carrier route delay,Open
FUL005023,O043881,C001762,98,2025-04-09,cancellation_review,Medium,Customer or fulfillment cancellation,Closed
FUL005024,O043883,C000289,6893,2025-04-09,carrier_delay,High,Carrier route delay,Open
FUL005025,O043884,C000100,11378,2025-04-09,carrier_delay,High,Carrier route delay,Open
FUL005026,O043889,C000227,11947,2025-04-09,carrier_delay,High,Carrier route delay,Open
FUL005027,O004389,C000392,9871,2023-09-11,carrier_delay,High,Carrier route delay,Open
FUL005028,O043901,C000352,10447,2025-04-09,carrier_delay,High,Carrier route delay,Open
FUL005029,O043910,C000064,898,2025-04-09,carrier_delay,High,Carrier route delay,Open
FUL005030,O043930,C001469,3237,2025-04-10,carrier_delay,High,Carrier route delay,Open
FUL005031,O043934,C000381,7744,2025-04-10,carrier_delay,High,Carrier route delay,Open
FUL005032,O043939,C000659,4212,2025-04-10,carrier_delay,High,Carrier route delay,Open
FUL005033,O043945,C001907,12288,2025-04-10,cancellation_review,Medium,Customer or fulfillment cancellation,Closed
FUL005034,O043948,C000153,5371,2025-04-10,carrier_delay,High,Carrier route delay,Open
FUL005035,O043960,C000438,3593,2025-04-10,carrier_delay,High,Carrier route delay,Open
FUL005036,O043963,C000678,2016,2025-04-10,carrier_delay,High,Carrier route delay,Open
FUL005037,O043969,C000981,1092,2025-04-10,carrier_delay,High,Carrier route delay,Open
FUL005038,O043979,C001563,1765,2025-04-10,carrier_delay,High,Carrier route delay,Open
FUL005039,O043983,C001670,5731,2025-04-11,carrier_delay,High,Carrier route delay,Open
FUL005040,O043985,C000930,4959,2025-04-11,carrier_delay,High,Carrier route delay,Open
FUL005041,O043987,C001465,8328,2025-04-11,carrier_delay,High,Carrier route delay,Open
FUL005042,O043988,C001931,11427,2025-04-11,carrier_delay,High,Carrier route delay,Open
FUL005043,O000044,C000566,10500,2023-07-09,carrier_delay,High,Carrier route delay,Open
FUL005044,O044019,C000165,4539,2025-04-11,carrier_delay,High,Carrier route delay,Open
FUL005045,O044024,C001852,8550,2025-04-11,carrier_delay,High,Carrier route delay,Open
FUL005046,O044030,C001547,7333,2025-04-11,carrier_delay,High,Carrier route delay,Open
FUL005047,O004404,C001189,8488,2023-09-11,carrier_delay,High,Carrier route delay,Open
FUL005048,O044043,C000641,4200,2025-04-11,carrier_delay,High,Carrier route delay,Open
FUL005049,O004405,C001010,8220,2023-09-11,carrier_delay,High,Carrier route delay,Open
FUL005050,O044054,C000014,664,2025-04-12,carrier_delay,High,Carrier route delay,Open
FUL005051,O044063,C001332,7850,2025-04-12,carrier_delay,High,Carrier route delay,Open
FUL005052,O044064,C000790,12432,2025-04-12,carrier_delay,High,Carrier route delay,Open
FUL005053,O004408,C000674,5936,2023-09-11,carrier_delay,High,Carrier route delay,Open
FUL005054,O044084,C001426,8294,2025-04-12,carrier_delay,High,Carrier route delay,Open
FUL005055,O044094,C000026,5897,2025-04-12,carrier_delay,High,Carrier route delay,Open
FUL005056,O044095,C000543,1901,2025-04-12,carrier_delay,High,Carrier route delay,Open
FUL005057,O044099,C000072,6305,2025-04-12,carrier_delay,High,Carrier route delay,Open
FUL005058,O044114,C000646,7616,2025-04-12,carrier_delay,High,Carrier route delay,Open
FUL005059,O044120,C000491,3423,2025-04-13,carrier_delay,High,Carrier route delay,Open
FUL005060,O044130,C001056,3678,2025-04-13,carrier_delay,High,Carrier route delay,Open
FUL005061,O044134,C000202,2197,2025-04-13,carrier_delay,High,Carrier route delay,Open
FUL005062,O044143,C000003,8766,2025-04-13,carrier_delay,High,Carrier route delay,Open
FUL005063,O044145,C001404,3493,2025-04-13,cancellation_review,Medium,Customer or fulfillment cancellation,Closed
FUL005064,O044159,C000815,6529,2025-04-13,carrier_delay,High,Carrier route delay,Open
FUL005065,O044165,C000194,5560,2025-04-13,carrier_delay,High,Carrier route delay,Open
FUL005066,O004417,C000785,12013,2023-09-11,carrier_delay,High,Carrier route delay,Open
FUL005067,O044170,C000207,1445,2025-04-13,cancellation_review,Medium,Customer or fulfillment cancellation,Closed
FUL005068,O044175,C001489,1172,2025-04-13,carrier_delay,High,Carrier route delay,Open
FUL005069,O044180,C000709,5440,2025-04-13,carrier_delay,High,Carrier route delay,Open
FUL005070,O044184,C000128,9743,2025-04-13,carrier_delay,High,Carrier route delay,Open
FUL005071,O044188,C001287,4683,2025-04-14,carrier_delay,High,Carrier route delay,Open
FUL005072,O004420,C001216,8919,2023-09-11,carrier_delay,High,Carrier route delay,Open
FUL005073,O044201,C000385,2708,2025-04-14,carrier_delay,High,Carrier route delay,Open
FUL005074,O044225,C000388,9590,2025-04-14,carrier_delay,High,Carrier route delay,Open
FUL005075,O004424,C000521,640,2023-09-11,carrier_delay,High,Carrier route delay,Open
FUL005076,O044245,C001387,10017,2025-04-14,carrier_delay,High,Carrier route delay,Open
FUL005077,O044260,C000026,5897,2025-04-15,carrier_delay,High,Carrier route delay,Open
FUL005078,O044270,C001371,4505,2025-04-15,carrier_delay,High,Carrier route delay,Open
FUL005079,O044274,C001375,2025,2025-04-15,carrier_delay,High,Carrier route delay,Open
FUL005080,O044280,C000526,2451,2025-04-15,carrier_delay,High,Carrier route delay,Open
FUL005081,O044288,C000556,9636,2025-04-15,carrier_delay,High,Carrier route delay,Open
FUL005082,O044292,C001200,8432,2025-04-15,carrier_delay,High,Carrier route delay,Open
FUL005083,O000443,C001382,8499,2023-07-15,carrier_delay,High,Carrier route delay,Open
FUL005084,O004430,C001960,5327,2023-09-11,carrier_delay,High,Carrier route delay,Open
FUL005085,O044308,C000914,3506,2025-04-15,carrier_delay,High,Carrier route delay,Open
FUL005086,O044345,C001367,4479,2025-04-16,carrier_delay,High,Carrier route delay,Open
FUL005087,O044349,C000518,6898,2025-04-16,carrier_delay,High,Carrier route delay,Open
FUL005088,O044352,C000009,5654,2025-04-16,carrier_delay,High,Carrier route delay,Open
FUL005089,O044357,C001074,9074,2025-04-16,carrier_delay,High,Carrier route delay,Open
FUL005090,O044358,C000705,3977,2025-04-16,carrier_delay,High,Carrier route delay,Open
FUL005091,O044359,C001149,956,2025-04-16,carrier_delay,High,Carrier route delay,Open
FUL005092,O044361,C001260,9352,2025-04-16,carrier_delay,High,Carrier route delay,Open
FUL005093,O044370,C000393,6959,2025-04-16,carrier_delay,High,Carrier route delay,Open
FUL005094,O044375,C001430,3503,2025-04-16,carrier_delay,High,Carrier route delay,Open
FUL005095,O044383,C000931,4561,2025-04-16,carrier_delay,High,Carrier route delay,Open
FUL005096,O044384,C001318,4400,2025-04-16,carrier_delay,High,Carrier route delay,Open
FUL005097,O044385,C001837,870,2025-04-16,carrier_delay,High,Carrier route delay,Open
FUL005098,O044388,C000078,468,2025-04-16,carrier_delay,High,Carrier route delay,Open
FUL005099,O044389,C000037,2723,2025-04-16,carrier_delay,High,Carrier route delay,Open
FUL005100,O004439,C000587,7575,2023-09-11,carrier_delay,High,Carrier route delay,Open
FUL005101,O044392,C001794,3435,2025-04-17,carrier_delay,High,Carrier route delay,Open
FUL005102,O044405,C000982,3763,2025-04-17,carrier_delay,High,Carrier route delay,Open
FUL005103,O044418,C000179,6143,2025-04-17,carrier_delay,High,Carrier route delay,Open
FUL005104,O044428,C001034,326,2025-04-17,carrier_delay,High,Carrier route delay,Open
FUL005105,O044434,C000647,4807,2025-04-17,carrier_delay,High,Carrier route delay,Open
FUL005106,O044440,C001169,1843,2025-04-17,carrier_delay,High,Carrier route delay,Open
FUL005107,O044446,C000753,5033,2025-04-17,carrier_delay,High,Carrier route delay,Open
FUL005108,O004445,C000934,1946,2023-09-11,carrier_delay,High,Carrier route delay,Open
FUL005109,O044459,C001699,4877,2025-04-17,carrier_delay,High,Carrier route delay,Open
FUL005110,O004446,C000986,11668,2023-09-11,carrier_delay,High,Carrier route delay,Open
FUL005111,O044493,C000552,8869,2025-04-18,carrier_delay,High,Carrier route delay,Open
FUL005112,O044495,C001106,10563,2025-04-18,carrier_delay,High,Carrier route delay,Open
FUL005113,O044510,C000607,9702,2025-04-18,carrier_delay,High,Carrier route delay,Open
FUL005114,O044515,C000749,11766,2025-04-18,carrier_delay,High,Carrier route delay,Open
FUL005115,O044519,C001947,11330,2025-04-18,carrier_delay,High,Carrier route delay,Open
FUL005116,O044554,C000588,10849,2025-04-19,carrier_delay,High,Carrier route delay,Open
FUL005117,O044555,C000133,11983,2025-04-19,carrier_delay,High,Carrier route delay,Open
FUL005118,O044564,C000194,5560,2025-04-19,carrier_delay,High,Carrier route delay,Open
FUL005119,O044565,C000787,6229,2025-04-19,carrier_delay,High,Carrier route delay,Open
FUL005120,O004457,C000046,1492,2023-09-12,carrier_delay,High,Carrier route delay,Open
FUL005121,O044584,C001893,10932,2025-04-19,carrier_delay,High,Carrier route delay,Open
FUL005122,O044585,C001307,53,2025-04-19,carrier_delay,High,Carrier route delay,Open
FUL005123,O044587,C000298,9107,2025-04-19,carrier_delay,High,Carrier route delay,Open
FUL005124,O044596,C001695,203,2025-04-19,carrier_delay,High,Carrier route delay,Open
FUL005125,O044604,C000530,1739,2025-04-20,carrier_delay,High,Carrier route delay,Open
FUL005126,O044620,C000286,11112,2025-04-20,carrier_delay,High,Carrier route delay,Open
FUL005127,O044631,C000027,2774,2025-04-20,carrier_delay,High,Carrier route delay,Open
FUL005128,O044634,C000148,1012,2025-04-20,carrier_delay,High,Carrier route delay,Open
FUL005129,O044635,C001103,10687,2025-04-20,carrier_delay,High,Carrier route delay,Open
FUL005130,O044660,C001390,9463,2025-04-20,carrier_delay,High,Carrier route delay,Open
FUL005131,O004470,C000430,10845,2023-09-12,carrier_delay,High,Carrier route delay,Open
FUL005132,O044700,C001504,11968,2025-04-21,carrier_delay,High,Carrier route delay,Open
FUL005133,O044703,C000650,3304,2025-04-21,carrier_delay,High,Carrier route delay,Open
FUL005134,O044705,C001583,11618,2025-04-21,carrier_delay,High,Carrier route delay,Open
FUL005135,O044710,C000461,5873,2025-04-21,carrier_delay,High,Carrier route delay,Open
FUL005136,O044713,C001294,140,2025-04-21,carrier_delay,High,Carrier route delay,Open
FUL005137,O044720,C001721,8086,2025-04-21,carrier_delay,High,Carrier route delay,Open
FUL005138,O044727,C001690,5565,2025-04-21,carrier_delay,High,Carrier route delay,Open
FUL005139,O044728,C001286,5280,2025-04-21,carrier_delay,High,Carrier route delay,Open
FUL005140,O044759,C001014,10348,2025-04-22,carrier_delay,High,Carrier route delay,Open
FUL005141,O044760,C000395,1100,2025-04-22,carrier_delay,High,Carrier route delay,Open
FUL005142,O044764,C001085,3468,2025-04-22,carrier_delay,High,Carrier route delay,Open
FUL005143,O044766,C001309,11341,2025-04-22,carrier_delay,High,Carrier route delay,Open
FUL005144,O044768,C000010,5624,2025-04-22,carrier_delay,High,Carrier route delay,Open
FUL005145,O004477,C000293,10761,2023-09-12,cancellation_review,Medium,Customer or fulfillment cancellation,Closed
FUL005146,O044780,C000488,3655,2025-04-22,carrier_delay,High,Carrier route delay,Open
FUL005147,O044789,C000575,1810,2025-04-22,carrier_delay,High,Carrier route delay,Open
FUL005148,O004479,C000808,5907,2023-09-12,carrier_delay,High,Carrier route delay,Open
FUL005149,O044795,C000769,2824,2025-04-22,carrier_delay,High,Carrier route delay,Open
FUL005150,O044799,C000639,8254,2025-04-22,carrier_delay,High,Carrier route delay,Open
FUL005151,O004480,C001316,5051,2023-09-12,carrier_delay,High,Carrier route delay,Open
FUL005152,O044810,C000490,3755,2025-04-23,carrier_delay,High,Carrier route delay,Open
FUL005153,O044815,C000112,6050,2025-04-23,carrier_delay,High,Carrier route delay,Open
FUL005154,O044819,C000950,4496,2025-04-23,carrier_delay,High,Carrier route delay,Open
FUL005155,O044820,C000909,2291,2025-04-23,carrier_delay,High,Carrier route delay,Open
FUL005156,O044840,C001595,5229,2025-04-23,carrier_delay,High,Carrier route delay,Open
FUL005157,O004485,C000260,3303,2023-09-12,carrier_delay,High,Carrier route delay,Open
FUL005158,O044874,C000879,8974,2025-04-24,carrier_delay,High,Carrier route delay,Open
FUL005159,O044876,C000304,5321,2025-04-24,carrier_delay,High,Carrier route delay,Open
FUL005160,O044877,C001512,1376,2025-04-24,carrier_delay,High,Carrier route delay,Open
FUL005161,O044894,C000825,6342,2025-04-24,carrier_delay,High,Carrier route delay,Open
FUL005162,O044918,C000602,1607,2025-04-24,carrier_delay,High,Carrier route delay,Open
FUL005163,O044923,C001775,9542,2025-04-24,carrier_delay,High,Carrier route delay,Open
FUL005164,O044929,C000958,866,2025-04-24,carrier_delay,High,Carrier route delay,Open
FUL005165,O004494,C001077,5660,2023-09-12,carrier_delay,High,Carrier route delay,Open
FUL005166,O044940,C001282,5427,2025-04-25,carrier_delay,High,Carrier route delay,Open
FUL005167,O044949,C001031,6405,2025-04-25,carrier_delay,High,Carrier route delay,Open
FUL005168,O004495,C000615,12189,2023-09-12,carrier_delay,High,Carrier route delay,Open
FUL005169,O044951,C000223,6587,2025-04-25,carrier_delay,High,Carrier route delay,Open
FUL005170,O044952,C001468,4624,2025-04-25,carrier_delay,High,Carrier route delay,Open
FUL005171,O044954,C000234,6101,2025-04-25,cancellation_review,Medium,Customer or fulfillment cancellation,Closed
FUL005172,O044960,C000497,11793,2025-04-25,carrier_delay,High,Carrier route delay,Open
FUL005173,O044971,C000531,8613,2025-04-25,cancellation_review,Medium,Customer or fulfillment cancellation,Closed
FUL005174,O000450,C000667,5085,2023-07-15,carrier_delay,High,Carrier route delay,Open
FUL005175,O045000,C001405,259,2025-04-25,carrier_delay,High,Carrier route delay,Open
FUL005176,O045009,C001007,8398,2025-04-26,carrier_delay,High,Carrier route delay,Open
FUL005177,O045018,C000159,5493,2025-04-26,cancellation_review,Medium,Customer or fulfillment cancellation,Closed
FUL005178,O004502,C001256,8987,2023-09-12,carrier_delay,High,Carrier route delay,Open
FUL005179,O045029,C000310,9740,2025-04-26,carrier_delay,High,Carrier route delay,Open
FUL005180,O045031,C000188,4181,2025-04-26,carrier_delay,High,Carrier route delay,Open
FUL005181,O045033,C001725,1460,2025-04-26,carrier_delay,High,Carrier route delay,Open
FUL005182,O045040,C001867,4846,2025-04-26,carrier_delay,High,Carrier route delay,Open
FUL005183,O045042,C000830,1762,2025-04-26,carrier_delay,High,Carrier route delay,Open
FUL005184,O045045,C001733,8905,2025-04-26,carrier_delay,High,Carrier route delay,Open
FUL005185,O004505,C000367,5446,2023-09-12,carrier_delay,High,Carrier route delay,Open
FUL005186,O045064,C000350,1054,2025-04-26,carrier_delay,High,Carrier route delay,Open
FUL005187,O045065,C000111,5828,2025-04-26,carrier_delay,High,Carrier route delay,Open
FUL005188,O045070,C001482,10277,2025-04-26,carrier_delay,High,Carrier route delay,Open
FUL005189,O045075,C001221,2156,2025-04-26,carrier_delay,High,Carrier route delay,Open
FUL005190,O045084,C001166,10552,2025-04-27,cancellation_review,Medium,Customer or fulfillment cancellation,Closed
FUL005191,O004510,C000399,8368,2023-09-12,carrier_delay,High,Carrier route delay,Open
FUL005192,O045100,C000322,5752,2025-04-27,carrier_delay,High,Carrier route delay,Open
FUL005193,O045101,C000605,2217,2025-04-27,carrier_delay,High,Carrier route delay,Open
FUL005194,O045104,C001578,2093,2025-04-27,carrier_delay,High,Carrier route delay,Open
FUL005195,O045107,C001152,5388,2025-04-27,carrier_delay,High,Carrier route delay,Open
FUL005196,O045129,C000072,6305,2025-04-27,carrier_delay,High,Carrier route delay,Open
FUL005197,O045134,C001759,4079,2025-04-27,carrier_delay,High,Carrier route delay,Open
FUL005198,O045141,C000132,11426,2025-04-27,carrier_delay,High,Carrier route delay,Open
FUL005199,O045142,C001655,8211,2025-04-27,carrier_delay,High,Carrier route delay,Open
FUL005200,O045158,C000884,6472,2025-04-28,carrier_delay,High,Carrier route delay,Open
FUL005201,O045160,C000251,11218,2025-04-28,carrier_delay,High,Carrier route delay,Open
FUL005202,O045164,C000141,2595,2025-04-28,carrier_delay,High,Carrier route delay,Open
FUL005203,O004517,C000846,2609,2023-09-12,carrier_delay,High,Carrier route delay,Open
FUL005204,O045171,C000819,9003,2025-04-28,carrier_delay,High,Carrier route delay,Open
FUL005205,O045172,C000454,2508,2025-04-28,carrier_delay,High,Carrier route delay,Open
FUL005206,O045173,C001253,4875,2025-04-28,carrier_delay,High,Carrier route delay,Open
FUL005207,O045185,C000704,4045,2025-04-28,carrier_delay,High,Carrier route delay,Open
FUL005208,O045189,C000030,5216,2025-04-28,carrier_delay,High,Carrier route delay,Open
FUL005209,O045190,C000986,11668,2025-04-28,carrier_delay,High,Carrier route delay,Open
FUL005210,O004520,C000154,1588,2023-09-12,carrier_delay,High,Carrier route delay,Open
FUL005211,O045209,C000807,9898,2025-04-28,carrier_delay,High,Carrier route delay,Open
FUL005212,O045215,C000682,3762,2025-04-29,carrier_delay,High,Carrier route delay,Open
FUL005213,O045220,C000063,7631,2025-04-29,carrier_delay,High,Carrier route delay,Open
FUL005214,O045221,C000105,6285,2025-04-29,carrier_delay,High,Carrier route delay,Open
FUL005215,O045232,C001738,321,2025-04-29,carrier_delay,High,Carrier route delay,Open
FUL005216,O045233,C000383,5395,2025-04-29,carrier_delay,High,Carrier route delay,Open
FUL005217,O045240,C001292,1298,2025-04-29,carrier_delay,High,Carrier route delay,Open
FUL005218,O045244,C000481,10735,2025-04-29,carrier_delay,High,Carrier route delay,Open
FUL005219,O045250,C001043,3580,2025-04-29,carrier_delay,High,Carrier route delay,Open
FUL005220,O045254,C001494,8546,2025-04-29,carrier_delay,High,Carrier route delay,Open
FUL005221,O045255,C001533,328,2025-04-29,cancellation_review,Medium,Customer or fulfillment cancellation,Closed
FUL005222,O045256,C000001,791,2025-04-29,carrier_delay,High,Carrier route delay,Open
FUL005223,O045269,C000448,6789,2025-04-29,carrier_delay,High,Carrier route delay,Open
FUL005224,O045270,C000032,10591,2025-04-29,carrier_delay,High,Carrier route delay,Open
FUL005225,O045280,C000506,9053,2025-04-29,carrier_delay,High,Carrier route delay,Open
FUL005226,O045298,C000483,578,2025-04-30,carrier_delay,High,Carrier route delay,Open
FUL005227,O045304,C000340,1972,2025-04-30,carrier_delay,High,Carrier route delay,Open
FUL005228,O045305,C001081,1670,2025-04-30,carrier_delay,High,Carrier route delay,Open
FUL005229,O045320,C000170,6303,2025-04-30,carrier_delay,High,Carrier route delay,Open
FUL005230,O045330,C001681,5238,2025-04-30,carrier_delay,High,Carrier route delay,Open
FUL005231,O045331,C001486,3291,2025-04-30,carrier_delay,High,Carrier route delay,Open
FUL005232,O045335,C000837,2429,2025-04-30,carrier_delay,High,Carrier route delay,Open
FUL005233,O045337,C001929,2881,2025-04-30,carrier_delay,High,Carrier route delay,Open
FUL005234,O045359,C000553,10253,2025-05-01,carrier_delay,High,Carrier route delay,Open
FUL005235,O045368,C000069,1577,2025-05-01,carrier_delay,High,Carrier route delay,Open
FUL005236,O045371,C000464,10967,2025-05-01,carrier_delay,High,Carrier route delay,Open
FUL005237,O045372,C001265,5805,2025-05-01,carrier_delay,High,Carrier route delay,Open
FUL005238,O045374,C000123,154,2025-05-01,carrier_delay,High,Carrier route delay,Open
FUL005239,O045379,C000483,578,2025-05-01,carrier_delay,High,Carrier route delay,Open
FUL005240,O045389,C000226,3556,2025-05-01,carrier_delay,High,Carrier route delay,Open
FUL005241,O004539,C001070,4916,2023-09-13,carrier_delay,High,Carrier route delay,Open
FUL005242,O045390,C001793,19,2025-05-01,carrier_delay,High,Carrier route delay,Open
FUL005243,O045393,C001190,329,2025-05-01,carrier_delay,High,Carrier route delay,Open
FUL005244,O045400,C001873,222,2025-05-01,carrier_delay,High,Carrier route delay,Open
FUL005245,O045402,C000923,4238,2025-05-01,carrier_delay,High,Carrier route delay,Open
FUL005246,O045403,C001472,7738,2025-05-01,carrier_delay,High,Carrier route delay,Open
FUL005247,O045404,C000314,10008,2025-05-01,carrier_delay,High,Carrier route delay,Open
FUL005248,O045417,C000562,2540,2025-05-01,carrier_delay,High,Carrier route delay,Open
FUL005249,O004542,C001769,3558,2023-09-13,carrier_delay,High,Carrier route delay,Open
FUL005250,O045425,C000865,5971,2025-05-02,carrier_delay,High,Carrier route delay,Open
FUL005251,O045434,C000577,6388,2025-05-02,carrier_delay,High,Carrier route delay,Open
FUL005252,O045439,C001094,2578,2025-05-02,carrier_delay,High,Carrier route delay,Open
FUL005253,O045445,C000023,1443,2025-05-02,carrier_delay,High,Carrier route delay,Open
FUL005254,O045448,C000013,10235,2025-05-02,carrier_delay,High,Carrier route delay,Open
FUL005255,O045450,C000527,9971,2025-05-02,carrier_delay,High,Carrier route delay,Open
FUL005256,O045459,C001662,1116,2025-05-02,carrier_delay,High,Carrier route delay,Open
FUL005257,O045484,C000016,2292,2025-05-02,carrier_delay,High,Carrier route delay,Open
FUL005258,O045485,C000185,6953,2025-05-02,carrier_delay,High,Carrier route delay,Open
FUL005259,O045489,C001345,8675,2025-05-03,carrier_delay,High,Carrier route delay,Open
FUL005260,O045495,C000055,5283,2025-05-03,carrier_delay,High,Carrier route delay,Open
FUL005261,O045496,C000498,11513,2025-05-03,carrier_delay,High,Carrier route delay,Open
FUL005262,O045503,C000056,1695,2025-05-03,carrier_delay,High,Carrier route delay,Open
FUL005263,O045505,C000441,11755,2025-05-03,carrier_delay,High,Carrier route delay,Open
FUL005264,O045515,C001133,9162,2025-05-03,carrier_delay,High,Carrier route delay,Open
FUL005265,O045520,C001508,10807,2025-05-03,carrier_delay,High,Carrier route delay,Open
FUL005266,O045523,C001362,2367,2025-05-03,carrier_delay,High,Carrier route delay,Open
FUL005267,O045532,C001226,12101,2025-05-03,carrier_delay,High,Carrier route delay,Open
FUL005268,O045534,C000490,3755,2025-05-03,carrier_delay,High,Carrier route delay,Open
FUL005269,O045543,C001389,7271,2025-05-03,cancellation_review,Medium,Customer or fulfillment cancellation,Closed
FUL005270,O045555,C001450,7439,2025-05-03,cancellation_review,Medium,Customer or fulfillment cancellation,Closed
FUL005271,O045561,C001055,7757,2025-05-04,cancellation_review,Medium,Customer or fulfillment cancellation,Closed
FUL005272,O045569,C000847,4159,2025-05-04,carrier_delay,High,Carrier route delay,Open
FUL005273,O045570,C000465,10438,2025-05-04,carrier_delay,High,Carrier route delay,Open
FUL005274,O045578,C000289,6893,2025-05-04,carrier_delay,High,Carrier route delay,Open
FUL005275,O045584,C000593,4318,2025-05-04,carrier_delay,High,Carrier route delay,Open
FUL005276,O045589,C001163,9554,2025-05-04,carrier_delay,High,Carrier route delay,Open
FUL005277,O004560,C000099,2851,2023-09-13,carrier_delay,High,Carrier route delay,Open
FUL005278,O045604,C000489,2555,2025-05-04,carrier_delay,High,Carrier route delay,Open
FUL005279,O045610,C000081,10291,2025-05-04,carrier_delay,High,Carrier route delay,Open
FUL005280,O045630,C000524,2826,2025-05-05,carrier_delay,High,Carrier route delay,Open
FUL005281,O045644,C000776,8587,2025-05-05,carrier_delay,High,Carrier route delay,Open
FUL005282,O045654,C000382,7457,2025-05-05,cancellation_review,Medium,Customer or fulfillment cancellation,Closed
FUL005283,O045659,C001621,2646,2025-05-05,carrier_delay,High,Carrier route delay,Open
FUL005284,O045665,C000311,3038,2025-05-05,cancellation_review,Medium,Customer or fulfillment cancellation,Closed
FUL005285,O004567,C000274,11931,2023-09-13,cancellation_review,Medium,Customer or fulfillment cancellation,Closed
FUL005286,O045675,C000774,9785,2025-05-05,carrier_delay,High,Carrier route delay,Open
FUL005287,O045682,C000112,6050,2025-05-05,carrier_delay,High,Carrier route delay,Open
FUL005288,O045690,C000732,8930,2025-05-05,carrier_delay,High,Carrier route delay,Open
FUL005289,O045695,C000145,437,2025-05-06,carrier_delay,High,Carrier route delay,Open
FUL005290,O045719,C000791,4595,2025-05-06,carrier_delay,High,Carrier route delay,Open
FUL005291,O045721,C001268,7216,2025-05-06,carrier_delay,High,Carrier route delay,Open
FUL005292,O045723,C000031,9300,2025-05-06,carrier_delay,High,Carrier route delay,Open
FUL005293,O004573,C000506,9053,2023-09-13,carrier_delay,High,Carrier route delay,Open
FUL005294,O045734,C000095,5582,2025-05-06,carrier_delay,High,Carrier route delay,Open
FUL005295,O045735,C000255,11156,2025-05-06,carrier_delay,High,Carrier route delay,Open
FUL005296,O045749,C000150,5173,2025-05-06,carrier_delay,High,Carrier route delay,Open
FUL005297,O045755,C000855,7677,2025-05-06,carrier_delay,High,Carrier route delay,Open
FUL005298,O045775,C000853,8198,2025-05-07,carrier_delay,High,Carrier route delay,Open
FUL005299,O045778,C000122,8314,2025-05-07,carrier_delay,High,Carrier route delay,Open
FUL005300,O045779,C001838,6677,2025-05-07,carrier_delay,High,Carrier route delay,Open
FUL005301,O045791,C000854,8981,2025-05-07,carrier_delay,High,Carrier route delay,Open
FUL005302,O045797,C000691,7282,2025-05-07,carrier_delay,High,Carrier route delay,Open
FUL005303,O045807,C000285,12094,2025-05-07,carrier_delay,High,Carrier route delay,Open
FUL005304,O045808,C001953,2676,2025-05-07,carrier_delay,High,Carrier route delay,Open
FUL005305,O045823,C001109,1921,2025-05-07,carrier_delay,High,Carrier route delay,Open
FUL005306,O045824,C000502,827,2025-05-07,cancellation_review,Medium,Customer or fulfillment cancellation,Closed
FUL005307,O045829,C000228,123,2025-05-07,carrier_delay,High,Carrier route delay,Open
FUL005308,O045834,C000176,4627,2025-05-08,carrier_delay,High,Carrier route delay,Open
FUL005309,O045842,C001440,11924,2025-05-08,cancellation_review,Medium,Customer or fulfillment cancellation,Closed
FUL005310,O045844,C000856,987,2025-05-08,carrier_delay,High,Carrier route delay,Open
FUL005311,O045854,C000304,5321,2025-05-08,carrier_delay,High,Carrier route delay,Open
FUL005312,O045855,C000482,8895,2025-05-08,carrier_delay,High,Carrier route delay,Open
FUL005313,O045864,C000523,1962,2025-05-08,carrier_delay,High,Carrier route delay,Open
FUL005314,O045865,C000885,4907,2025-05-08,carrier_delay,High,Carrier route delay,Open
FUL005315,O045869,C000941,6307,2025-05-08,carrier_delay,High,Carrier route delay,Open
FUL005316,O045884,C000699,6725,2025-05-08,carrier_delay,High,Carrier route delay,Open
FUL005317,O045894,C000025,12431,2025-05-08,carrier_delay,High,Carrier route delay,Open
FUL005318,O045895,C001920,1651,2025-05-08,carrier_delay,High,Carrier route delay,Open
FUL005319,O045909,C000596,11068,2025-05-09,carrier_delay,High,Carrier route delay,Open
FUL005320,O045932,C001377,6488,2025-05-09,carrier_delay,High,Carrier route delay,Open
FUL005321,O045939,C000274,11931,2025-05-09,carrier_delay,High,Carrier route delay,Open
FUL005322,O004594,C001761,2728,2023-09-14,carrier_delay,High,Carrier route delay,Open
FUL005323,O045947,C000198,11534,2025-05-09,carrier_delay,High,Carrier route delay,Open
FUL005324,O045950,C000658,10916,2025-05-09,carrier_delay,High,Carrier route delay,Open
FUL005325,O045951,C000952,3133,2025-05-09,carrier_delay,High,Carrier route delay,Open
FUL005326,O045962,C001943,2562,2025-05-09,cancellation_review,Medium,Customer or fulfillment cancellation,Closed
FUL005327,O045965,C000258,8016,2025-05-09,carrier_delay,High,Carrier route delay,Open
FUL005328,O045973,C001338,4308,2025-05-10,carrier_delay,High,Carrier route delay,Open
FUL005329,O045974,C000169,9073,2025-05-10,carrier_delay,High,Carrier route delay,Open
FUL005330,O045979,C001132,4432,2025-05-10,cancellation_review,Medium,Customer or fulfillment cancellation,Closed
FUL005331,O045990,C000072,6305,2025-05-10,carrier_delay,High,Carrier route delay,Open
FUL005332,O045995,C001318,4400,2025-05-10,carrier_delay,High,Carrier route delay,Open
FUL005333,O046002,C001019,10934,2025-05-10,carrier_delay,High,Carrier route delay,Open
FUL005334,O046004,C000643,1387,2025-05-10,carrier_delay,High,Carrier route delay,Open
FUL005335,O046009,C001467,6566,2025-05-10,carrier_delay,High,Carrier route delay,Open
FUL005336,O046017,C000843,433,2025-05-10,carrier_delay,High,Carrier route delay,Open
FUL005337,O046018,C001679,9309,2025-05-10,carrier_delay,High,Carrier route delay,Open
FUL005338,O046023,C000100,11378,2025-05-10,cancellation_review,Medium,Customer or fulfillment cancellation,Closed
FUL005339,O046024,C000265,9928,2025-05-10,carrier_delay,High,Carrier route delay,Open
FUL005340,O046035,C000354,10013,2025-05-10,carrier_delay,High,Carrier route delay,Open
FUL005341,O004605,C000160,5072,2023-09-14,carrier_delay,High,Carrier route delay,Open
FUL005342,O046050,C001047,2334,2025-05-11,carrier_delay,High,Carrier route delay,Open
FUL005343,O046055,C001687,12261,2025-05-11,carrier_delay,High,Carrier route delay,Open
FUL005344,O004609,C000854,8981,2023-09-14,carrier_delay,High,Carrier route delay,Open
FUL005345,O046094,C000924,12213,2025-05-11,carrier_delay,High,Carrier route delay,Open
FUL005346,O046125,C000044,749,2025-05-12,carrier_delay,High,Carrier route delay,Open
FUL005347,O046129,C001460,1961,2025-05-12,carrier_delay,High,Carrier route delay,Open
FUL005348,O046135,C001812,2589,2025-05-12,carrier_delay,High,Carrier route delay,Open
FUL005349,O046148,C001182,11689,2025-05-12,carrier_delay,High,Carrier route delay,Open
FUL005350,O004615,C000907,1024,2023-09-14,carrier_delay,High,Carrier route delay,Open
FUL005351,O046159,C000242,685,2025-05-12,carrier_delay,High,Carrier route delay,Open
FUL005352,O046167,C001619,7465,2025-05-12,carrier_delay,High,Carrier route delay,Open
FUL005353,O046170,C001452,3567,2025-05-12,carrier_delay,High,Carrier route delay,Open
FUL005354,O046180,C000168,5867,2025-05-13,carrier_delay,High,Carrier route delay,Open
FUL005355,O046188,C000518,6898,2025-05-13,carrier_delay,High,Carrier route delay,Open
FUL005356,O046203,C000362,1937,2025-05-13,carrier_delay,High,Carrier route delay,Open
FUL005357,O046215,C000718,7050,2025-05-13,carrier_delay,High,Carrier route delay,Open
FUL005358,O046220,C000458,6156,2025-05-13,carrier_delay,High,Carrier route delay,Open
FUL005359,O046223,C001418,2310,2025-05-13,cancellation_review,Medium,Customer or fulfillment cancellation,Closed
FUL005360,O046229,C001980,5643,2025-05-13,carrier_delay,High,Carrier route delay,Open
FUL005361,O046232,C001387,10017,2025-05-13,carrier_delay,High,Carrier route delay,Open
FUL005362,O046235,C001913,11856,2025-05-13,carrier_delay,High,Carrier route delay,Open
FUL005363,O004625,C001931,11427,2023-09-14,carrier_delay,High,Carrier route delay,Open
FUL005364,O046262,C001012,6573,2025-05-14,carrier_delay,High,Carrier route delay,Open
FUL005365,O046265,C001950,5449,2025-05-14,carrier_delay,High,Carrier route delay,Open
FUL005366,O046268,C001972,11866,2025-05-14,carrier_delay,High,Carrier route delay,Open
FUL005367,O046283,C000626,11554,2025-05-14,carrier_delay,High,Carrier route delay,Open
FUL005368,O046289,C000684,7829,2025-05-14,carrier_delay,High,Carrier route delay,Open
FUL005369,O046304,C000507,12107,2025-05-14,carrier_delay,High,Carrier route delay,Open
FUL005370,O046315,C001703,9552,2025-05-15,carrier_delay,High,Carrier route delay,Open
FUL005371,O046324,C001661,10424,2025-05-15,carrier_delay,High,Carrier route delay,Open
FUL005372,O046327,C001188,11116,2025-05-15,carrier_delay,High,Carrier route delay,Open
FUL005373,O046335,C000900,9969,2025-05-15,carrier_delay,High,Carrier route delay,Open
FUL005374,O046340,C000943,11761,2025-05-15,carrier_delay,High,Carrier route delay,Open
FUL005375,O046353,C000972,8542,2025-05-15,carrier_delay,High,Carrier route delay,Open
FUL005376,O046359,C001757,2591,2025-05-15,cancellation_review,Medium,Customer or fulfillment cancellation,Closed
FUL005377,O046360,C000517,5533,2025-05-15,carrier_delay,High,Carrier route delay,Open
FUL005378,O046364,C000471,679,2025-05-15,carrier_delay,High,Carrier route delay,Open
FUL005379,O046368,C001246,10453,2025-05-15,carrier_delay,High,Carrier route delay,Open
FUL005380,O046374,C001583,11618,2025-05-15,carrier_delay,High,Carrier route delay,Open
FUL005381,O004638,C001317,10584,2023-09-14,carrier_delay,High,Carrier route delay,Open
FUL005382,O046380,C000282,5491,2025-05-16,carrier_delay,High,Carrier route delay,Open
FUL005383,O046392,C000756,72,2025-05-16,carrier_delay,High,Carrier route delay,Open
FUL005384,O046413,C001920,1651,2025-05-16,carrier_delay,High,Carrier route delay,Open
FUL005385,O046414,C000411,1535,2025-05-16,carrier_delay,High,Carrier route delay,Open
FUL005386,O046417,C001909,11509,2025-05-16,cancellation_review,Medium,Customer or fulfillment cancellation,Closed
FUL005387,O046422,C000231,9502,2025-05-16,cancellation_review,Medium,Customer or fulfillment cancellation,Closed
FUL005388,O046432,C001003,1715,2025-05-16,carrier_delay,High,Carrier route delay,Open
FUL005389,O046435,C001331,3739,2025-05-16,carrier_delay,High,Carrier route delay,Open
FUL005390,O004644,C001690,5565,2023-09-14,carrier_delay,High,Carrier route delay,Open
FUL005391,O046454,C000781,4991,2025-05-17,carrier_delay,High,Carrier route delay,Open
FUL005392,O046470,C000950,4496,2025-05-17,carrier_delay,High,Carrier route delay,Open
FUL005393,O046471,C001632,9575,2025-05-17,carrier_delay,High,Carrier route delay,Open
FUL005394,O046485,C001722,9813,2025-05-17,carrier_delay,High,Carrier route delay,Open
FUL005395,O046493,C001896,947,2025-05-17,cancellation_review,Medium,Customer or fulfillment cancellation,Closed
FUL005396,O046495,C000264,10610,2025-05-17,carrier_delay,High,Carrier route delay,Open
FUL005397,O046496,C000065,11888,2025-05-17,carrier_delay,High,Carrier route delay,Open
FUL005398,O046499,C000880,2600,2025-05-17,carrier_delay,High,Carrier route delay,Open
FUL005399,O000465,C001151,1255,2023-07-15,carrier_delay,High,Carrier route delay,Open
FUL005400,O046505,C000719,6350,2025-05-17,carrier_delay,High,Carrier route delay,Open
FUL005401,O046509,C000048,5217,2025-05-17,carrier_delay,High,Carrier route delay,Open
FUL005402,O046518,C000186,10601,2025-05-18,carrier_delay,High,Carrier route delay,Open
FUL005403,O046526,C001611,1889,2025-05-18,carrier_delay,High,Carrier route delay,Open
FUL005404,O046527,C000234,6101,2025-05-18,carrier_delay,High,Carrier route delay,Open
FUL005405,O046528,C000145,437,2025-05-18,carrier_delay,High,Carrier route delay,Open
FUL005406,O046529,C001157,436,2025-05-18,carrier_delay,High,Carrier route delay,Open
FUL005407,O046531,C000268,11295,2025-05-18,cancellation_review,Medium,Customer or fulfillment cancellation,Closed
FUL005408,O046555,C000441,11755,2025-05-18,carrier_delay,High,Carrier route delay,Open
FUL005409,O046564,C000502,827,2025-05-18,carrier_delay,High,Carrier route delay,Open
FUL005410,O046568,C001491,10454,2025-05-18,carrier_delay,High,Carrier route delay,Open
FUL005411,O046574,C001039,12384,2025-05-18,carrier_delay,High,Carrier route delay,Open
FUL005412,O046575,C001991,4953,2025-05-18,carrier_delay,High,Carrier route delay,Open
FUL005413,O046578,C001195,8892,2025-05-18,carrier_delay,High,Carrier route delay,Open
FUL005414,O046584,C001703,9552,2025-05-19,carrier_delay,High,Carrier route delay,Open
FUL005415,O046585,C001801,2467,2025-05-19,carrier_delay,High,Carrier route delay,Open
FUL005416,O004659,C000462,3295,2023-09-14,carrier_delay,High,Carrier route delay,Open
FUL005417,O046594,C000192,1136,2025-05-19,cancellation_review,Medium,Customer or fulfillment cancellation,Closed
FUL005418,O046595,C001750,4147,2025-05-19,carrier_delay,High,Carrier route delay,Open
FUL005419,O046600,C001922,1363,2025-05-19,carrier_delay,High,Carrier route delay,Open
FUL005420,O046601,C000447,9489,2025-05-19,carrier_delay,High,Carrier route delay,Open
FUL005421,O046607,C001170,7910,2025-05-19,carrier_delay,High,Carrier route delay,Open
FUL005422,O046611,C001911,1677,2025-05-19,carrier_delay,High,Carrier route delay,Open
FUL005423,O046617,C000903,11817,2025-05-19,carrier_delay,High,Carrier route delay,Open
FUL005424,O046620,C001443,11032,2025-05-19,carrier_delay,High,Carrier route delay,Open
FUL005425,O046629,C000173,1599,2025-05-19,carrier_delay,High,Carrier route delay,Open
FUL005426,O046630,C000849,3676,2025-05-19,carrier_delay,High,Carrier route delay,Open
FUL005427,O046639,C000491,3423,2025-05-19,carrier_delay,High,Carrier route delay,Open
FUL005428,O046644,C000399,8368,2025-05-19,carrier_delay,High,Carrier route delay,Open
FUL005429,O004665,C001697,1436,2023-09-15,carrier_delay,High,Carrier route delay,Open
FUL005430,O046650,C001881,8120,2025-05-19,carrier_delay,High,Carrier route delay,Open
FUL005431,O046660,C000531,8613,2025-05-20,carrier_delay,High,Carrier route delay,Open
FUL005432,O046669,C000047,5691,2025-05-20,carrier_delay,High,Carrier route delay,Open
FUL005433,O046675,C001708,937,2025-05-20,carrier_delay,High,Carrier route delay,Open
FUL005434,O046685,C000547,11523,2025-05-20,carrier_delay,High,Carrier route delay,Open
FUL005435,O046689,C000236,1826,2025-05-20,carrier_delay,High,Carrier route delay,Open
FUL005436,O046695,C000715,1940,2025-05-20,carrier_delay,High,Carrier route delay,Open
FUL005437,O004673,C001294,140,2023-09-15,carrier_delay,High,Carrier route delay,Open
FUL005438,O046735,C000570,6553,2025-05-21,carrier_delay,High,Carrier route delay,Open
FUL005439,O046742,C001575,4225,2025-05-21,carrier_delay,High,Carrier route delay,Open
FUL005440,O046749,C000596,11068,2025-05-21,carrier_delay,High,Carrier route delay,Open
FUL005441,O046761,C000579,2683,2025-05-21,carrier_delay,High,Carrier route delay,Open
FUL005442,O046767,C000008,4249,2025-05-21,carrier_delay,High,Carrier route delay,Open
FUL005443,O046768,C000466,8027,2025-05-21,carrier_delay,High,Carrier route delay,Open
FUL005444,O046770,C000037,2723,2025-05-21,carrier_delay,High,Carrier route delay,Open
FUL005445,O046774,C001396,7844,2025-05-21,carrier_delay,High,Carrier route delay,Open
FUL005446,O046777,C000929,9992,2025-05-21,carrier_delay,High,Carrier route delay,Open
FUL005447,O046778,C000920,7848,2025-05-21,cancellation_review,Medium,Customer or fulfillment cancellation,Closed
FUL005448,O046789,C001748,1385,2025-05-21,carrier_delay,High,Carrier route delay,Open
FUL005449,O000468,C000219,7305,2023-07-15,carrier_delay,High,Carrier route delay,Open
FUL005450,O004680,C000290,10672,2023-09-15,carrier_delay,High,Carrier route delay,Open
FUL005451,O046805,C000713,7327,2025-05-22,carrier_delay,High,Carrier route delay,Open
FUL005452,O046813,C001527,6417,2025-05-22,carrier_delay,High,Carrier route delay,Open
FUL005453,O046814,C001196,2627,2025-05-22,carrier_delay,High,Carrier route delay,Open
FUL005454,O046840,C000734,11492,2025-05-22,carrier_delay,High,Carrier route delay,Open
FUL005455,O004685,C000068,5648,2023-09-15,carrier_delay,High,Carrier route delay,Open
FUL005456,O046850,C000813,12192,2025-05-22,carrier_delay,High,Carrier route delay,Open
FUL005457,O046859,C001368,7492,2025-05-23,carrier_delay,High,Carrier route delay,Open
FUL005458,O046864,C001432,3066,2025-05-23,cancellation_review,Medium,Customer or fulfillment cancellation,Closed
FUL005459,O046869,C000389,9377,2025-05-23,carrier_delay,High,Carrier route delay,Open
FUL005460,O046870,C001226,12101,2025-05-23,carrier_delay,High,Carrier route delay,Open
FUL005461,O046873,C001473,10039,2025-05-23,carrier_delay,High,Carrier route delay,Open
FUL005462,O046874,C001022,907,2025-05-23,carrier_delay,High,Carrier route delay,Open
FUL005463,O046890,C000713,7327,2025-05-23,carrier_delay,High,Carrier route delay,Open
FUL005464,O046904,C001048,10269,2025-05-23,carrier_delay,High,Carrier route delay,Open
FUL005465,O046929,C000581,10071,2025-05-24,carrier_delay,High,Carrier route delay,Open
FUL005466,O046934,C000328,4697,2025-05-24,carrier_delay,High,Carrier route delay,Open
FUL005467,O046945,C000844,9872,2025-05-24,carrier_delay,High,Carrier route delay,Open
FUL005468,O004695,C000764,10572,2023-09-15,carrier_delay,High,Carrier route delay,Open
FUL005469,O046958,C000721,2037,2025-05-24,carrier_delay,High,Carrier route delay,Open
FUL005470,O046960,C000710,744,2025-05-24,carrier_delay,High,Carrier route delay,Open
FUL005471,O046969,C000778,12341,2025-05-24,carrier_delay,High,Carrier route delay,Open
FUL005472,O004698,C000529,2433,2023-09-15,cancellation_review,Medium,Customer or fulfillment cancellation,Closed
FUL005473,O046987,C000574,6065,2025-05-24,cancellation_review,Medium,Customer or fulfillment cancellation,Closed
FUL005474,O004699,C001517,9541,2023-09-15,carrier_delay,High,Carrier route delay,Open
FUL005475,O046998,C000739,5068,2025-05-25,carrier_delay,High,Carrier route delay,Open
FUL005476,O047001,C000926,2083,2025-05-25,carrier_delay,High,Carrier route delay,Open
FUL005477,O047006,C001217,11816,2025-05-25,carrier_delay,High,Carrier route delay,Open
FUL005478,O047007,C001074,9074,2025-05-25,carrier_delay,High,Carrier route delay,Open
FUL005479,O047008,C000440,2755,2025-05-25,carrier_delay,High,Carrier route delay,Open
FUL005480,O047014,C000165,4539,2025-05-25,carrier_delay,High,Carrier route delay,Open
FUL005481,O047015,C001292,1298,2025-05-25,carrier_delay,High,Carrier route delay,Open
FUL005482,O047019,C001753,7824,2025-05-25,carrier_delay,High,Carrier route delay,Open
FUL005483,O047020,C000641,4200,2025-05-25,carrier_delay,High,Carrier route delay,Open
FUL005484,O047029,C000329,3735,2025-05-25,carrier_delay,High,Carrier route delay,Open
FUL005485,O047034,C001395,9573,2025-05-25,carrier_delay,High,Carrier route delay,Open
FUL005486,O047039,C000780,9341,2025-05-25,carrier_delay,High,Carrier route delay,Open
FUL005487,O047040,C000010,5624,2025-05-25,carrier_delay,High,Carrier route delay,Open
FUL005488,O047045,C000860,12207,2025-05-25,carrier_delay,High,Carrier route delay,Open
FUL005489,O047059,C000019,12284,2025-05-25,carrier_delay,High,Carrier route delay,Open
FUL005490,O047065,C000424,6806,2025-05-26,carrier_delay,High,Carrier route delay,Open
FUL005491,O047090,C000870,2027,2025-05-26,carrier_delay,High,Carrier route delay,Open
FUL005492,O047095,C001401,4758,2025-05-26,carrier_delay,High,Carrier route delay,Open
FUL005493,O047108,C000248,5054,2025-05-26,carrier_delay,High,Carrier route delay,Open
FUL005494,O047111,C000520,6514,2025-05-26,carrier_delay,High,Carrier route delay,Open
FUL005495,O047115,C000880,2600,2025-05-26,carrier_delay,High,Carrier route delay,Open
FUL005496,O047124,C000717,6470,2025-05-26,carrier_delay,High,Carrier route delay,Open
FUL005497,O047129,C000311,3038,2025-05-26,carrier_delay,High,Carrier route delay,Open
FUL005498,O047130,C001187,3127,2025-05-26,carrier_delay,High,Carrier route delay,Open
FUL005499,O004714,C000957,3482,2023-09-15,carrier_delay,High,Carrier route delay,Open
FUL005500,O004715,C001574,4191,2023-09-15,carrier_delay,High,Carrier route delay,Open
FUL005501,O047150,C001336,1383,2025-05-27,carrier_delay,High,Carrier route delay,Open
FUL005502,O047169,C000800,12210,2025-05-27,carrier_delay,High,Carrier route delay,Open
FUL005503,O047172,C000735,4904,2025-05-27,carrier_delay,High,Carrier route delay,Open
FUL005504,O047174,C001675,5852,2025-05-27,carrier_delay,High,Carrier route delay,Open
FUL005505,O047175,C001415,10312,2025-05-27,carrier_delay,High,Carrier route delay,Open
FUL005506,O004718,C000580,6255,2023-09-15,carrier_delay,High,Carrier route delay,Open
FUL005507,O047189,C001466,4926,2025-05-27,carrier_delay,High,Carrier route delay,Open
FUL005508,O004719,C000243,9504,2023-09-15,carrier_delay,High,Carrier route delay,Open
FUL005509,O047194,C001146,6992,2025-05-27,carrier_delay,High,Carrier route delay,Open
FUL005510,O004720,C001573,3978,2023-09-15,carrier_delay,High,Carrier route delay,Open
FUL005511,O047208,C001260,9352,2025-05-28,cancellation_review,Medium,Customer or fulfillment cancellation,Closed
FUL005512,O047210,C000733,364,2025-05-28,carrier_delay,High,Carrier route delay,Open
FUL005513,O047219,C000523,1962,2025-05-28,carrier_delay,High,Carrier route delay,Open
FUL005514,O047235,C001504,11968,2025-05-28,carrier_delay,High,Carrier route delay,Open
FUL005515,O047249,C000015,10351,2025-05-28,carrier_delay,High,Carrier route delay,Open
FUL005516,O047260,C001939,11962,2025-05-28,carrier_delay,High,Carrier route delay,Open
FUL005517,O047265,C000449,9876,2025-05-28,carrier_delay,High,Carrier route delay,Open
FUL005518,O047268,C001951,8572,2025-05-28,carrier_delay,High,Carrier route delay,Open
FUL005519,O047283,C001078,4265,2025-05-29,carrier_delay,High,Carrier route delay,Open
FUL005520,O047289,C001310,8889,2025-05-29,carrier_delay,High,Carrier route delay,Open
FUL005521,O047290,C001529,7294,2025-05-29,carrier_delay,High,Carrier route delay,Open
FUL005522,O004730,C000009,5654,2023-09-16,carrier_delay,High,Carrier route delay,Open
FUL005523,O047300,C001201,8529,2025-05-29,carrier_delay,High,Carrier route delay,Open
FUL005524,O047310,C000562,2540,2025-05-29,carrier_delay,High,Carrier route delay,Open
FUL005525,O047317,C001573,3978,2025-05-29,carrier_delay,High,Carrier route delay,Open
FUL005526,O047319,C001994,1164,2025-05-29,carrier_delay,High,Carrier route delay,Open
FUL005527,O047328,C000351,7278,2025-05-29,carrier_delay,High,Carrier route delay,Open
FUL005528,O047329,C000810,6459,2025-05-29,carrier_delay,High,Carrier route delay,Open
FUL005529,O047330,C001631,6370,2025-05-29,carrier_delay,High,Carrier route delay,Open
FUL005530,O047337,C001231,715,2025-05-29,carrier_delay,High,Carrier route delay,Open
FUL005531,O047355,C000907,1024,2025-05-30,carrier_delay,High,Carrier route delay,Open
FUL005532,O004737,C000961,3993,2023-09-16,carrier_delay,High,Carrier route delay,Open
FUL005533,O004740,C001620,4997,2023-09-16,carrier_delay,High,Carrier route delay,Open
FUL005534,O047409,C001253,4875,2025-05-31,carrier_delay,High,Carrier route delay,Open
FUL005535,O047410,C000023,1443,2025-05-31,carrier_delay,High,Carrier route delay,Open
FUL005536,O047414,C000576,6430,2025-05-31,carrier_delay,High,Carrier route delay,Open
FUL005537,O047415,C000047,5691,2025-05-31,carrier_delay,High,Carrier route delay,Open
FUL005538,O047419,C001736,6602,2025-05-31,carrier_delay,High,Carrier route delay,Open
FUL005539,O047421,C001588,3417,2025-05-31,carrier_delay,High,Carrier route delay,Open
FUL005540,O047429,C000905,6168,2025-05-31,carrier_delay,High,Carrier route delay,Open
FUL005541,O047445,C000690,11457,2025-05-31,carrier_delay,High,Carrier route delay,Open
FUL005542,O047453,C000143,7892,2025-05-31,carrier_delay,High,Carrier route delay,Open
FUL005543,O047455,C001167,6854,2025-05-31,carrier_delay,High,Carrier route delay,Open
FUL005544,O047464,C000018,3708,2025-05-31,carrier_delay,High,Carrier route delay,Open
FUL005545,O047475,C001529,7294,2025-06-01,carrier_delay,High,Carrier route delay,Open
FUL005546,O047479,C001005,10457,2025-06-01,carrier_delay,High,Carrier route delay,Open
FUL005547,O047485,C001214,5941,2025-06-01,carrier_delay,High,Carrier route delay,Open
FUL005548,O047489,C001588,3417,2025-06-01,carrier_delay,High,Carrier route delay,Open
FUL005549,O000475,C001790,4567,2023-07-15,carrier_delay,High,Carrier route delay,Open
FUL005550,O047500,C000249,1426,2025-06-01,carrier_delay,High,Carrier route delay,Open
FUL005551,O047520,C000039,5146,2025-06-01,cancellation_review,Medium,Customer or fulfillment cancellation,Closed
FUL005552,O047523,C000368,3257,2025-06-01,carrier_delay,High,Carrier route delay,Open
FUL005553,O047525,C000920,7848,2025-06-01,carrier_delay,High,Carrier route delay,Open
FUL005554,O047535,C000363,3635,2025-06-01,carrier_delay,High,Carrier route delay,Open
FUL005555,O047539,C001685,5349,2025-06-01,carrier_delay,High,Carrier route delay,Open
FUL005556,O047544,C001422,642,2025-06-02,carrier_delay,High,Carrier route delay,Open
FUL005557,O047560,C001536,2763,2025-06-02,carrier_delay,High,Carrier route delay,Open
FUL005558,O047567,C001328,8298,2025-06-02,carrier_delay,High,Carrier route delay,Open
FUL005559,O047571,C000897,8203,2025-06-02,cancellation_review,Medium,Customer or fulfillment cancellation,Closed
FUL005560,O004759,C001699,4877,2023-09-16,carrier_delay,High,Carrier route delay,Open
FUL005561,O047595,C000693,12076,2025-06-02,carrier_delay,High,Carrier route delay,Open
FUL005562,O047599,C001582,10839,2025-06-02,carrier_delay,High,Carrier route delay,Open
FUL005563,O047614,C000244,5952,2025-06-03,carrier_delay,High,Carrier route delay,Open
FUL005564,O047625,C001316,5051,2025-06-03,carrier_delay,High,Carrier route delay,Open
FUL005565,O047642,C000012,1464,2025-06-03,cancellation_review,Medium,Customer or fulfillment cancellation,Closed
FUL005566,O047645,C000683,2335,2025-06-03,carrier_delay,High,Carrier route delay,Open
FUL005567,O047658,C001572,704,2025-06-03,carrier_delay,High,Carrier route delay,Open
FUL005568,O047659,C000278,4599,2025-06-03,carrier_delay,High,Carrier route delay,Open
FUL005569,O047670,C001667,6584,2025-06-03,carrier_delay,High,Carrier route delay,Open
FUL005570,O047679,C000178,172,2025-06-03,cancellation_review,Medium,Customer or fulfillment cancellation,Closed
FUL005571,O047685,C000008,4249,2025-06-04,carrier_delay,High,Carrier route delay,Open
FUL005572,O047686,C000032,10591,2025-06-04,cancellation_review,Medium,Customer or fulfillment cancellation,Closed
FUL005573,O047691,C000061,773,2025-06-04,carrier_delay,High,Carrier route delay,Open
FUL005574,O047695,C001788,9572,2025-06-04,carrier_delay,High,Carrier route delay,Open
FUL005575,O047697,C000266,7789,2025-06-04,carrier_delay,High,Carrier route delay,Open
FUL005576,O047704,C000907,1024,2025-06-04,carrier_delay,High,Carrier route delay,Open
FUL005577,O047710,C001160,5775,2025-06-04,carrier_delay,High,Carrier route delay,Open
FUL005578,O047715,C001851,4739,2025-06-04,carrier_delay,High,Carrier route delay,Open
FUL005579,O047728,C001955,2654,2025-06-04,carrier_delay,High,Carrier route delay,Open
FUL005580,O004773,C000686,1833,2023-09-16,carrier_delay,High,Carrier route delay,Open
FUL005581,O047757,C000586,11576,2025-06-05,carrier_delay,High,Carrier route delay,Open
FUL005582,O047760,C000961,3993,2025-06-05,carrier_delay,High,Carrier route delay,Open
FUL005583,O047770,C000114,3979,2025-06-05,carrier_delay,High,Carrier route delay,Open
FUL005584,O047774,C000859,5302,2025-06-05,carrier_delay,High,Carrier route delay,Open
FUL005585,O047787,C000509,6092,2025-06-05,carrier_delay,High,Carrier route delay,Open
FUL005586,O047789,C001496,11473,2025-06-05,carrier_delay,High,Carrier route delay,Open
FUL005587,O047793,C001818,2670,2025-06-05,carrier_delay,High,Carrier route delay,Open
FUL005588,O047795,C000455,10211,2025-06-05,carrier_delay,High,Carrier route delay,Open
FUL005589,O047805,C000644,12238,2025-06-05,carrier_delay,High,Carrier route delay,Open
FUL005590,O047813,C000422,8382,2025-06-05,cancellation_review,Medium,Customer or fulfillment cancellation,Closed
FUL005591,O047819,C001612,6233,2025-06-06,carrier_delay,High,Carrier route delay,Open
FUL005592,O047840,C001761,2728,2025-06-06,cancellation_review,Medium,Customer or fulfillment cancellation,Closed
FUL005593,O047857,C000715,1940,2025-06-06,carrier_delay,High,Carrier route delay,Open
FUL005594,O047862,C000177,3259,2025-06-06,carrier_delay,High,Carrier route delay,Open
FUL005595,O047867,C001612,6233,2025-06-06,carrier_delay,High,Carrier route delay,Open
FUL005596,O047869,C000970,11262,2025-06-06,carrier_delay,High,Carrier route delay,Open
FUL005597,O047882,C001092,12117,2025-06-06,carrier_delay,High,Carrier route delay,Open
FUL005598,O047883,C000447,9489,2025-06-06,carrier_delay,High,Carrier route delay,Open
FUL005599,O047890,C000356,12329,2025-06-07,carrier_delay,High,Carrier route delay,Open
FUL005600,O047899,C000056,1695,2025-06-07,carrier_delay,High,Carrier route delay,Open
FUL005601,O047900,C001125,4815,2025-06-07,carrier_delay,High,Carrier route delay,Open
FUL005602,O047905,C000826,11263,2025-06-07,carrier_delay,High,Carrier route delay,Open
FUL005603,O047909,C001974,4725,2025-06-07,carrier_delay,High,Carrier route delay,Open
FUL005604,O047915,C001432,3066,2025-06-07,carrier_delay,High,Carrier route delay,Open
FUL005605,O047929,C001437,11189,2025-06-07,carrier_delay,High,Carrier route delay,Open
FUL005606,O047940,C001944,2192,2025-06-07,carrier_delay,High,Carrier route delay,Open
FUL005607,O047942,C001422,642,2025-06-07,carrier_delay,High,Carrier route delay,Open
FUL005608,O047955,C001365,6184,2025-06-08,cancellation_review,Medium,Customer or fulfillment cancellation,Closed
FUL005609,O004796,C001821,10821,2023-09-16,carrier_delay,High,Carrier route delay,Open
FUL005610,O047963,C000204,10699,2025-06-08,carrier_delay,High,Carrier route delay,Open
FUL005611,O047964,C000456,11741,2025-06-08,carrier_delay,High,Carrier route delay,Open
FUL005612,O047965,C001660,4750,2025-06-08,carrier_delay,High,Carrier route delay,Open
FUL005613,O004797,C000649,9077,2023-09-17,carrier_delay,High,Carrier route delay,Open
FUL005614,O047970,C000164,1025,2025-06-08,carrier_delay,High,Carrier route delay,Open
FUL005615,O047975,C000505,9731,2025-06-08,carrier_delay,High,Carrier route delay,Open
FUL005616,O047979,C000752,1627,2025-06-08,cancellation_review,Medium,Customer or fulfillment cancellation,Closed
FUL005617,O047990,C000312,8071,2025-06-08,carrier_delay,High,Carrier route delay,Open
FUL005618,O047994,C001489,1172,2025-06-08,carrier_delay,High,Carrier route delay,Open
FUL005619,O047999,C000723,6707,2025-06-08,carrier_delay,High,Carrier route delay,Open
FUL005620,O048000,C001260,9352,2025-06-08,carrier_delay,High,Carrier route delay,Open
FUL005621,O004801,C000940,11630,2023-09-17,cancellation_review,Medium,Customer or fulfillment cancellation,Closed
FUL005622,O048015,C001182,11689,2025-06-08,carrier_delay,High,Carrier route delay,Open
FUL005623,O048023,C000616,6359,2025-06-09,cancellation_review,Medium,Customer or fulfillment cancellation,Closed
FUL005624,O048029,C000687,3754,2025-06-09,carrier_delay,High,Carrier route delay,Open
FUL005625,O004803,C001431,9195,2023-09-17,carrier_delay,High,Carrier route delay,Open
FUL005626,O048034,C000431,5097,2025-06-09,carrier_delay,High,Carrier route delay,Open
FUL005627,O048045,C001325,7986,2025-06-09,carrier_delay,High,Carrier route delay,Open
FUL005628,O048049,C000103,9337,2025-06-09,carrier_delay,High,Carrier route delay,Open
FUL005629,O048054,C000826,11263,2025-06-09,carrier_delay,High,Carrier route delay,Open
FUL005630,O048068,C000464,10967,2025-06-09,carrier_delay,High,Carrier route delay,Open
FUL005631,O048069,C001980,5643,2025-06-09,carrier_delay,High,Carrier route delay,Open
FUL005632,O048074,C001969,8210,2025-06-09,carrier_delay,High,Carrier route delay,Open
FUL005633,O048081,C001723,10138,2025-06-09,carrier_delay,High,Carrier route delay,Open
FUL005634,O048088,C000188,4181,2025-06-09,carrier_delay,High,Carrier route delay,Open
FUL005635,O048089,C001047,2334,2025-06-09,carrier_delay,High,Carrier route delay,Open
FUL005636,O004809,C000548,9586,2023-09-17,cancellation_review,Medium,Customer or fulfillment cancellation,Closed
FUL005637,O048090,C001966,7634,2025-06-09,carrier_delay,High,Carrier route delay,Open
FUL005638,O048091,C001308,10142,2025-06-10,cancellation_review,Medium,Customer or fulfillment cancellation,Closed
FUL005639,O048100,C001463,6671,2025-06-10,carrier_delay,High,Carrier route delay,Open
FUL005640,O048125,C001998,8864,2025-06-10,carrier_delay,High,Carrier route delay,Open
FUL005641,O048137,C000271,6213,2025-06-10,carrier_delay,High,Carrier route delay,Open
FUL005642,O004814,C001593,10257,2023-09-17,carrier_delay,High,Carrier route delay,Open
FUL005643,O004815,C001426,8294,2023-09-17,carrier_delay,High,Carrier route delay,Open
FUL005644,O048150,C001153,5564,2025-06-10,carrier_delay,High,Carrier route delay,Open
FUL005645,O048167,C001524,3985,2025-06-11,carrier_delay,High,Carrier route delay,Open
FUL005646,O048174,C001187,3127,2025-06-11,carrier_delay,High,Carrier route delay,Open
FUL005647,O048187,C000371,3337,2025-06-11,carrier_delay,High,Carrier route delay,Open
FUL005648,O048189,C001107,12382,2025-06-11,carrier_delay,High,Carrier route delay,Open
FUL005649,O004819,C000146,2740,2023-09-17,carrier_delay,High,Carrier route delay,Open
FUL005650,O048193,C000511,3471,2025-06-11,cancellation_review,Medium,Customer or fulfillment cancellation,Closed
FUL005651,O048209,C001358,2325,2025-06-11,carrier_delay,High,Carrier route delay,Open
FUL005652,O048214,C001945,9338,2025-06-11,carrier_delay,High,Carrier route delay,Open
FUL005653,O048220,C000691,7282,2025-06-11,cancellation_review,Medium,Customer or fulfillment cancellation,Closed
FUL005654,O048223,C000285,12094,2025-06-11,carrier_delay,High,Carrier route delay,Open
FUL005655,O048225,C000082,10263,2025-06-11,carrier_delay,High,Carrier route delay,Open
FUL005656,O048229,C000798,3229,2025-06-12,carrier_delay,High,Carrier route delay,Open
FUL005657,O048232,C000680,2893,2025-06-12,carrier_delay,High,Carrier route delay,Open
FUL005658,O048244,C001271,8167,2025-06-12,carrier_delay,High,Carrier route delay,Open
FUL005659,O048259,C000332,697,2025-06-12,carrier_delay,High,Carrier route delay,Open
FUL005660,O048264,C001096,1997,2025-06-12,carrier_delay,High,Carrier route delay,Open
FUL005661,O048266,C000316,9833,2025-06-12,carrier_delay,High,Carrier route delay,Open
FUL005662,O048269,C000354,10013,2025-06-12,carrier_delay,High,Carrier route delay,Open
FUL005663,O048277,C000822,3272,2025-06-12,carrier_delay,High,Carrier route delay,Open
FUL005664,O048278,C001282,5427,2025-06-12,carrier_delay,High,Carrier route delay,Open
FUL005665,O048279,C000372,4514,2025-06-12,cancellation_review,Medium,Customer or fulfillment cancellation,Closed
FUL005666,O048281,C001685,5349,2025-06-12,carrier_delay,High,Carrier route delay,Open
FUL005667,O048284,C001229,4462,2025-06-12,carrier_delay,High,Carrier route delay,Open
FUL005668,O048289,C000475,10307,2025-06-12,carrier_delay,High,Carrier route delay,Open
FUL005669,O004829,C001276,3631,2023-09-17,carrier_delay,High,Carrier route delay,Open
FUL005670,O048299,C000626,11554,2025-06-13,carrier_delay,High,Carrier route delay,Open
FUL005671,O048304,C000451,238,2025-06-13,carrier_delay,High,Carrier route delay,Open
FUL005672,O048311,C000268,11295,2025-06-13,carrier_delay,High,Carrier route delay,Open
FUL005673,O048317,C001491,10454,2025-06-13,carrier_delay,High,Carrier route delay,Open
FUL005674,O048320,C001597,6834,2025-06-13,carrier_delay,High,Carrier route delay,Open
FUL005675,O048324,C000002,9371,2025-06-13,carrier_delay,High,Carrier route delay,Open
FUL005676,O048326,C001587,970,2025-06-13,carrier_delay,High,Carrier route delay,Open
FUL005677,O048328,C000520,6514,2025-06-13,carrier_delay,High,Carrier route delay,Open
FUL005678,O048330,C000103,9337,2025-06-13,carrier_delay,High,Carrier route delay,Open
FUL005679,O048331,C000434,8171,2025-06-13,carrier_delay,High,Carrier route delay,Open
FUL005680,O048349,C000916,8681,2025-06-13,carrier_delay,High,Carrier route delay,Open
FUL005681,O048350,C000182,1932,2025-06-13,carrier_delay,High,Carrier route delay,Open
FUL005682,O048354,C000811,9325,2025-06-13,carrier_delay,High,Carrier route delay,Open
FUL005683,O048357,C000298,9107,2025-06-13,carrier_delay,High,Carrier route delay,Open
FUL005684,O048373,C000310,9740,2025-06-14,carrier_delay,High,Carrier route delay,Open
FUL005685,O048375,C000161,12420,2025-06-14,carrier_delay,High,Carrier route delay,Open
FUL005686,O048378,C000143,7892,2025-06-14,carrier_delay,High,Carrier route delay,Open
FUL005687,O048380,C001642,11957,2025-06-14,carrier_delay,High,Carrier route delay,Open
FUL005688,O048394,C000055,5283,2025-06-14,carrier_delay,High,Carrier route delay,Open
FUL005689,O048399,C001743,5286,2025-06-14,cancellation_review,Medium,Customer or fulfillment cancellation,Closed
FUL005690,O048413,C000687,3754,2025-06-14,carrier_delay,High,Carrier route delay,Open
FUL005691,O048414,C000135,6049,2025-06-14,carrier_delay,High,Carrier route delay,Open
FUL005692,O048419,C001016,4967,2025-06-14,carrier_delay,High,Carrier route delay,Open
FUL005693,O048425,C000439,9513,2025-06-14,carrier_delay,High,Carrier route delay,Open
FUL005694,O004843,C000142,3550,2023-09-17,carrier_delay,High,Carrier route delay,Open
FUL005695,O048436,C001340,10022,2025-06-15,carrier_delay,High,Carrier route delay,Open
FUL005696,O048440,C001476,6253,2025-06-15,cancellation_review,Medium,Customer or fulfillment cancellation,Closed
FUL005697,O048450,C001493,10799,2025-06-15,carrier_delay,High,Carrier route delay,Open
FUL005698,O048458,C000341,11422,2025-06-15,cancellation_review,Medium,Customer or fulfillment cancellation,Closed
FUL005699,O048465,C000209,7633,2025-06-15,carrier_delay,High,Carrier route delay,Open
FUL005700,O048469,C001091,4422,2025-06-15,carrier_delay,High,Carrier route delay,Open
FUL005701,O048483,C001413,1175,2025-06-15,carrier_delay,High,Carrier route delay,Open
FUL005702,O048484,C001942,3453,2025-06-15,carrier_delay,High,Carrier route delay,Open
FUL005703,O048487,C000550,9018,2025-06-15,carrier_delay,High,Carrier route delay,Open
FUL005704,O048489,C000120,3369,2025-06-15,carrier_delay,High,Carrier route delay,Open
FUL005705,O048490,C000935,3128,2025-06-15,carrier_delay,High,Carrier route delay,Open
FUL005706,O048500,C001130,5671,2025-06-15,carrier_delay,High,Carrier route delay,Open
FUL005707,O048521,C001043,3580,2025-06-16,carrier_delay,High,Carrier route delay,Open
FUL005708,O048534,C000896,1688,2025-06-16,carrier_delay,High,Carrier route delay,Open
FUL005709,O048535,C000103,9337,2025-06-16,carrier_delay,High,Carrier route delay,Open
FUL005710,O048539,C000476,10407,2025-06-16,carrier_delay,High,Carrier route delay,Open
FUL005711,O048540,C001142,11659,2025-06-16,carrier_delay,High,Carrier route delay,Open
FUL005712,O048559,C001995,9670,2025-06-16,carrier_delay,High,Carrier route delay,Open
FUL005713,O048573,C001235,11163,2025-06-17,carrier_delay,High,Carrier route delay,Open
FUL005714,O048574,C001276,3631,2025-06-17,carrier_delay,High,Carrier route delay,Open
FUL005715,O048579,C000737,682,2025-06-17,carrier_delay,High,Carrier route delay,Open
FUL005716,O048580,C000230,5583,2025-06-17,carrier_delay,High,Carrier route delay,Open
FUL005717,O048585,C000137,5168,2025-06-17,carrier_delay,High,Carrier route delay,Open
FUL005718,O048595,C001613,2110,2025-06-17,carrier_delay,High,Carrier route delay,Open
FUL005719,O048597,C000330,2462,2025-06-17,carrier_delay,High,Carrier route delay,Open
FUL005720,O048604,C000209,7633,2025-06-17,carrier_delay,High,Carrier route delay,Open
FUL005721,O048609,C001800,6585,2025-06-17,carrier_delay,High,Carrier route delay,Open
FUL005722,O048610,C001857,9366,2025-06-17,carrier_delay,High,Carrier route delay,Open
FUL005723,O048614,C000551,10490,2025-06-17,carrier_delay,High,Carrier route delay,Open
FUL005724,O004862,C001697,1436,2023-09-17,carrier_delay,High,Carrier route delay,Open
FUL005725,O048629,C001744,9932,2025-06-17,carrier_delay,High,Carrier route delay,Open
FUL005726,O048650,C000495,6412,2025-06-18,carrier_delay,High,Carrier route delay,Open
FUL005727,O048654,C000554,10051,2025-06-18,carrier_delay,High,Carrier route delay,Open
FUL005728,O048660,C001681,5238,2025-06-18,carrier_delay,High,Carrier route delay,Open
FUL005729,O048669,C000582,7749,2025-06-18,carrier_delay,High,Carrier route delay,Open
FUL005730,O048673,C001206,10905,2025-06-18,carrier_delay,High,Carrier route delay,Open
FUL005731,O048705,C000433,8166,2025-06-18,carrier_delay,High,Carrier route delay,Open
FUL005732,O048707,C000656,11224,2025-06-18,carrier_delay,High,Carrier route delay,Open
FUL005733,O048717,C001774,2174,2025-06-19,carrier_delay,High,Carrier route delay,Open
FUL005734,O048733,C001288,927,2025-06-19,carrier_delay,High,Carrier route delay,Open
FUL005735,O048735,C000389,9377,2025-06-19,carrier_delay,High,Carrier route delay,Open
FUL005736,O048740,C001462,10518,2025-06-19,carrier_delay,High,Carrier route delay,Open
FUL005737,O048743,C000064,898,2025-06-19,carrier_delay,High,Carrier route delay,Open
FUL005738,O004875,C001274,8674,2023-09-18,carrier_delay,High,Carrier route delay,Open
FUL005739,O048750,C000524,2826,2025-06-19,carrier_delay,High,Carrier route delay,Open
FUL005740,O048755,C000586,11576,2025-06-19,carrier_delay,High,Carrier route delay,Open
FUL005741,O048759,C000005,2641,2025-06-19,carrier_delay,High,Carrier route delay,Open
FUL005742,O048765,C001337,6688,2025-06-19,carrier_delay,High,Carrier route delay,Open
FUL005743,O048782,C000163,230,2025-06-20,carrier_delay,High,Carrier route delay,Open
FUL005744,O048785,C000341,11422,2025-06-20,carrier_delay,High,Carrier route delay,Open
FUL005745,O004879,C001252,9862,2023-09-18,cancellation_review,Medium,Customer or fulfillment cancellation,Closed
FUL005746,O048790,C000237,938,2025-06-20,carrier_delay,High,Carrier route delay,Open
FUL005747,O048795,C001913,11856,2025-06-20,carrier_delay,High,Carrier route delay,Open
FUL005748,O048814,C001152,5388,2025-06-20,carrier_delay,High,Carrier route delay,Open
FUL005749,O048820,C001573,3978,2025-06-20,carrier_delay,High,Carrier route delay,Open
FUL005750,O048822,C001602,8602,2025-06-20,carrier_delay,High,Carrier route delay,Open
FUL005751,O004883,C001070,4916,2023-09-18,carrier_delay,High,Carrier route delay,Open
FUL005752,O048834,C000981,1092,2025-06-20,carrier_delay,High,Carrier route delay,Open
FUL005753,O048845,C001502,10012,2025-06-21,carrier_delay,High,Carrier route delay,Open
FUL005754,O048847,C001111,5198,2025-06-21,carrier_delay,High,Carrier route delay,Open
FUL005755,O004885,C001085,3468,2023-09-18,carrier_delay,High,Carrier route delay,Open
FUL005756,O048855,C000519,5331,2025-06-21,carrier_delay,High,Carrier route delay,Open
FUL005757,O048869,C000364,10982,2025-06-21,carrier_delay,High,Carrier route delay,Open
FUL005758,O048874,C001441,10165,2025-06-21,carrier_delay,High,Carrier route delay,Open
FUL005759,O048879,C001972,11866,2025-06-21,carrier_delay,High,Carrier route delay,Open
FUL005760,O048895,C000549,2528,2025-06-21,carrier_delay,High,Carrier route delay,Open
FUL005761,O048909,C001823,3153,2025-06-21,carrier_delay,High,Carrier route delay,Open
FUL005762,O048914,C000083,9358,2025-06-22,carrier_delay,High,Carrier route delay,Open
FUL005763,O048915,C000342,4936,2025-06-22,carrier_delay,High,Carrier route delay,Open
FUL005764,O048921,C000787,6229,2025-06-22,carrier_delay,High,Carrier route delay,Open
FUL005765,O048923,C001174,10685,2025-06-22,carrier_delay,High,Carrier route delay,Open
FUL005766,O048924,C000895,616,2025-06-22,carrier_delay,High,Carrier route delay,Open
FUL005767,O048925,C001720,4974,2025-06-22,carrier_delay,High,Carrier route delay,Open
FUL005768,O004894,C001861,3499,2023-09-18,carrier_delay,High,Carrier route delay,Open
FUL005769,O048940,C000935,3128,2025-06-22,carrier_delay,High,Carrier route delay,Open
FUL005770,O048945,C001572,704,2025-06-22,carrier_delay,High,Carrier route delay,Open
FUL005771,O048950,C001734,8643,2025-06-22,carrier_delay,High,Carrier route delay,Open
FUL005772,O048958,C000535,4435,2025-06-22,carrier_delay,High,Carrier route delay,Open
FUL005773,O048959,C001809,2069,2025-06-22,carrier_delay,High,Carrier route delay,Open
FUL005774,O048962,C000210,6664,2025-06-22,carrier_delay,High,Carrier route delay,Open
FUL005775,O048964,C000181,10111,2025-06-22,carrier_delay,High,Carrier route delay,Open
FUL005776,O048975,C000162,3889,2025-06-22,carrier_delay,High,Carrier route delay,Open
FUL005777,O004898,C000627,8579,2023-09-18,carrier_delay,High,Carrier route delay,Open
FUL005778,O048980,C000788,3020,2025-06-22,carrier_delay,High,Carrier route delay,Open
FUL005779,O048984,C001758,10289,2025-06-23,carrier_delay,High,Carrier route delay,Open
FUL005780,O048990,C000169,9073,2025-06-23,carrier_delay,High,Carrier route delay,Open
FUL005781,O000049,C001180,1871,2023-07-09,carrier_delay,High,Carrier route delay,Open
FUL005782,O049047,C000159,5493,2025-06-23,carrier_delay,High,Carrier route delay,Open
FUL005783,O049057,C001628,9612,2025-06-24,carrier_delay,High,Carrier route delay,Open
FUL005784,O049073,C000009,5654,2025-06-24,carrier_delay,High,Carrier route delay,Open
FUL005785,O049074,C000780,9341,2025-06-24,carrier_delay,High,Carrier route delay,Open
FUL005786,O049094,C001598,2321,2025-06-24,carrier_delay,High,Carrier route delay,Open
FUL005787,O049107,C001820,5719,2025-06-24,carrier_delay,High,Carrier route delay,Open
FUL005788,O049113,C001619,7465,2025-06-24,carrier_delay,High,Carrier route delay,Open
FUL005789,O049114,C000424,6806,2025-06-24,carrier_delay,High,Carrier route delay,Open
FUL005790,O049117,C000794,4582,2025-06-24,carrier_delay,High,Carrier route delay,Open
FUL005791,O049118,C001728,440,2025-06-24,carrier_delay,High,Carrier route delay,Open
FUL005792,O049124,C000751,2087,2025-06-25,carrier_delay,High,Carrier route delay,Open
FUL005793,O049127,C001629,7606,2025-06-25,carrier_delay,High,Carrier route delay,Open
FUL005794,O049128,C001106,10563,2025-06-25,carrier_delay,High,Carrier route delay,Open
FUL005795,O049142,C000898,6236,2025-06-25,carrier_delay,High,Carrier route delay,Open
FUL005796,O049143,C000556,9636,2025-06-25,carrier_delay,High,Carrier route delay,Open
FUL005797,O049147,C000644,12238,2025-06-25,carrier_delay,High,Carrier route delay,Open
FUL005798,O049163,C000235,7926,2025-06-25,carrier_delay,High,Carrier route delay,Open
FUL005799,O049175,C000538,1804,2025-06-25,carrier_delay,High,Carrier route delay,Open
FUL005800,O049176,C001916,7564,2025-06-25,carrier_delay,High,Carrier route delay,Open
FUL005801,O049177,C000404,6862,2025-06-25,carrier_delay,High,Carrier route delay,Open
FUL005802,O004919,C001066,647,2023-09-18,carrier_delay,High,Carrier route delay,Open
FUL005803,O049194,C001323,8999,2025-06-26,carrier_delay,High,Carrier route delay,Open
FUL005804,O049225,C000686,1833,2025-06-26,carrier_delay,High,Carrier route delay,Open
FUL005805,O049228,C001199,10308,2025-06-26,carrier_delay,High,Carrier route delay,Open
FUL005806,O004923,C000130,12039,2023-09-18,carrier_delay,High,Carrier route delay,Open
FUL005807,O049234,C001012,6573,2025-06-26,carrier_delay,High,Carrier route delay,Open
FUL005808,O049246,C001410,8038,2025-06-26,carrier_delay,High,Carrier route delay,Open
FUL005809,O004925,C001041,7974,2023-09-18,carrier_delay,High,Carrier route delay,Open
FUL005810,O049250,C000365,3529,2025-06-26,carrier_delay,High,Carrier route delay,Open
FUL005811,O049252,C001811,6222,2025-06-26,carrier_delay,High,Carrier route delay,Open
FUL005812,O049254,C000984,7223,2025-06-26,carrier_delay,High,Carrier route delay,Open
FUL005813,O049259,C000385,2708,2025-06-27,carrier_delay,High,Carrier route delay,Open
FUL005814,O049282,C001129,11765,2025-06-27,carrier_delay,High,Carrier route delay,Open
FUL005815,O049285,C000511,3471,2025-06-27,carrier_delay,High,Carrier route delay,Open
FUL005816,O049294,C001771,4730,2025-06-27,carrier_delay,High,Carrier route delay,Open
FUL005817,O000493,C001934,1180,2023-07-16,carrier_delay,High,Carrier route delay,Open
FUL005818,O049300,C000668,3187,2025-06-27,carrier_delay,High,Carrier route delay,Open
FUL005819,O049304,C001166,10552,2025-06-27,carrier_delay,High,Carrier route delay,Open
FUL005820,O049313,C000600,7268,2025-06-27,carrier_delay,High,Carrier route delay,Open
FUL005821,O049319,C001124,5403,2025-06-27,carrier_delay,High,Carrier route delay,Open
FUL005822,O049321,C000106,467,2025-06-27,carrier_delay,High,Carrier route delay,Open
FUL005823,O049325,C001752,4456,2025-06-28,carrier_delay,High,Carrier route delay,Open
FUL005824,O004933,C000377,3498,2023-09-18,carrier_delay,High,Carrier route delay,Open
FUL005825,O049334,C000790,12432,2025-06-28,carrier_delay,High,Carrier route delay,Open
FUL005826,O049362,C001691,7705,2025-06-28,carrier_delay,High,Carrier route delay,Open
FUL005827,O049364,C000090,9580,2025-06-28,carrier_delay,High,Carrier route delay,Open
FUL005828,O049366,C000866,9789,2025-06-28,carrier_delay,High,Carrier route delay,Open
FUL005829,O004938,C000695,2909,2023-09-19,carrier_delay,High,Carrier route delay,Open
FUL005830,O049381,C000380,5739,2025-06-28,carrier_delay,High,Carrier route delay,Open
FUL005831,O004940,C000298,9107,2023-09-19,carrier_delay,High,Carrier route delay,Open
FUL005832,O049403,C000969,4164,2025-06-29,carrier_delay,High,Carrier route delay,Open
FUL005833,O049413,C001810,1788,2025-06-29,carrier_delay,High,Carrier route delay,Open
FUL005834,O049414,C000121,3554,2025-06-29,carrier_delay,High,Carrier route delay,Open
FUL005835,O049420,C001478,8463,2025-06-29,carrier_delay,High,Carrier route delay,Open
FUL005836,O049428,C001627,3752,2025-06-29,carrier_delay,High,Carrier route delay,Open
FUL005837,O004943,C000896,1688,2023-09-19,carrier_delay,High,Carrier route delay,Open
FUL005838,O049447,C000786,9459,2025-06-29,carrier_delay,High,Carrier route delay,Open
FUL005839,O049450,C000685,9432,2025-06-29,carrier_delay,High,Carrier route delay,Open
FUL005840,O049452,C001489,1172,2025-06-29,carrier_delay,High,Carrier route delay,Open
FUL005841,O049475,C001589,5052,2025-06-30,carrier_delay,High,Carrier route delay,Open
FUL005842,O049483,C001598,2321,2025-06-30,carrier_delay,High,Carrier route delay,Open
FUL005843,O049484,C001672,9754,2025-06-30,carrier_delay,High,Carrier route delay,Open
FUL005844,O049490,C001422,642,2025-06-30,carrier_delay,High,Carrier route delay,Open
FUL005845,O049512,C000984,7223,2025-06-30,carrier_delay,High,Carrier route delay,Open
FUL005846,O049515,C001399,7739,2025-06-30,carrier_delay,High,Carrier route delay,Open
FUL005847,O049524,C001554,4941,2025-06-30,carrier_delay,High,Carrier route delay,Open
FUL005848,O049529,C001577,1828,2025-06-30,carrier_delay,High,Carrier route delay,Open
FUL005849,O049530,C000153,5371,2025-07-01,carrier_delay,High,Carrier route delay,Open
FUL005850,O049534,C000492,3838,2025-07-01,carrier_delay,High,Carrier route delay,Open
FUL005851,O049550,C000860,12207,2025-07-01,carrier_delay,High,Carrier route delay,Open
FUL005852,O049557,C000692,972,2025-07-01,carrier_delay,High,Carrier route delay,Open
FUL005853,O049564,C000555,3813,2025-07-01,carrier_delay,High,Carrier route delay,Open
FUL005854,O049568,C001777,6346,2025-07-01,carrier_delay,High,Carrier route delay,Open
FUL005855,O049569,C000329,3735,2025-07-01,carrier_delay,High,Carrier route delay,Open
FUL005856,O049575,C000275,5477,2025-07-01,carrier_delay,High,Carrier route delay,Open
FUL005857,O049580,C000015,10351,2025-07-01,carrier_delay,High,Carrier route delay,Open
FUL005858,O049587,C001157,436,2025-07-01,carrier_delay,High,Carrier route delay,Open
FUL005859,O049617,C000506,9053,2025-07-02,carrier_delay,High,Carrier route delay,Open
FUL005860,O049622,C001425,7112,2025-07-02,carrier_delay,High,Carrier route delay,Open
FUL005861,O049630,C000221,197,2025-07-02,carrier_delay,High,Carrier route delay,Open
FUL005862,O049632,C001463,6671,2025-07-02,carrier_delay,High,Carrier route delay,Open
FUL005863,O004964,C000674,5936,2023-09-19,carrier_delay,High,Carrier route delay,Open
FUL005864,O049647,C001712,7893,2025-07-02,carrier_delay,High,Carrier route delay,Open
FUL005865,O049653,C001217,11816,2025-07-02,carrier_delay,High,Carrier route delay,Open
FUL005866,O049658,C001360,2727,2025-07-02,carrier_delay,High,Carrier route delay,Open
FUL005867,O049659,C000506,9053,2025-07-02,carrier_delay,High,Carrier route delay,Open
FUL005868,O049672,C000323,4980,2025-07-03,carrier_delay,High,Carrier route delay,Open
FUL005869,O049678,C000025,12431,2025-07-03,carrier_delay,High,Carrier route delay,Open
FUL005870,O004968,C000465,10438,2023-09-19,carrier_delay,High,Carrier route delay,Open
FUL005871,O049685,C001559,10801,2025-07-03,carrier_delay,High,Carrier route delay,Open
FUL005872,O004970,C000298,9107,2023-09-19,carrier_delay,High,Carrier route delay,Open
FUL005873,O049708,C000647,4807,2025-07-03,carrier_delay,High,Carrier route delay,Open
FUL005874,O049710,C000430,10845,2025-07-03,carrier_delay,High,Carrier route delay,Open
FUL005875,O049719,C000926,2083,2025-07-03,carrier_delay,High,Carrier route delay,Open
FUL005876,O049724,C001306,9739,2025-07-03,cancellation_review,Medium,Customer or fulfillment cancellation,Closed
FUL005877,O049737,C000705,3977,2025-07-04,carrier_delay,High,Carrier route delay,Open
FUL005878,O049738,C000740,10213,2025-07-04,carrier_delay,High,Carrier route delay,Open
FUL005879,O004974,C000426,8971,2023-09-19,carrier_delay,High,Carrier route delay,Open
FUL005880,O049743,C000298,9107,2025-07-04,carrier_delay,High,Carrier route delay,Open
FUL005881,O049746,C001929,2881,2025-07-04,carrier_delay,High,Carrier route delay,Open
FUL005882,O049750,C001282,5427,2025-07-04,carrier_delay,High,Carrier route delay,Open
FUL005883,O049755,C000857,2155,2025-07-04,carrier_delay,High,Carrier route delay,Open
FUL005884,O049775,C000976,4199,2025-07-04,carrier_delay,High,Carrier route delay,Open
FUL005885,O049776,C000215,5015,2025-07-04,carrier_delay,High,Carrier route delay,Open
FUL005886,O049779,C001805,1522,2025-07-04,carrier_delay,High,Carrier route delay,Open
FUL005887,O049786,C000421,7123,2025-07-04,carrier_delay,High,Carrier route delay,Open
FUL005888,O049787,C000159,5493,2025-07-04,carrier_delay,High,Carrier route delay,Open
FUL005889,O049793,C000914,3506,2025-07-04,cancellation_review,Medium,Customer or fulfillment cancellation,Closed
FUL005890,O049794,C001131,1558,2025-07-04,carrier_delay,High,Carrier route delay,Open
FUL005891,O049797,C000515,4444,2025-07-04,carrier_delay,High,Carrier route delay,Open
FUL005892,O049798,C000099,2851,2025-07-04,carrier_delay,High,Carrier route delay,Open
FUL005893,O049801,C001347,4713,2025-07-04,carrier_delay,High,Carrier route delay,Open
FUL005894,O049805,C000644,12238,2025-07-05,carrier_delay,High,Carrier route delay,Open
FUL005895,O049816,C000254,11738,2025-07-05,cancellation_review,Medium,Customer or fulfillment cancellation,Closed
FUL005896,O049822,C001353,5300,2025-07-05,carrier_delay,High,Carrier route delay,Open
FUL005897,O049823,C000811,9325,2025-07-05,carrier_delay,High,Carrier route delay,Open
FUL005898,O049829,C001862,9885,2025-07-05,carrier_delay,High,Carrier route delay,Open
FUL005899,O049834,C000895,616,2025-07-05,carrier_delay,High,Carrier route delay,Open
FUL005900,O004984,C001698,8554,2023-09-19,carrier_delay,High,Carrier route delay,Open
FUL005901,O049844,C000163,230,2025-07-05,carrier_delay,High,Carrier route delay,Open
FUL005902,O049861,C000234,6101,2025-07-05,carrier_delay,High,Carrier route delay,Open
FUL005903,O049865,C000061,773,2025-07-05,carrier_delay,High,Carrier route delay,Open
FUL005904,O049869,C001040,1624,2025-07-05,carrier_delay,High,Carrier route delay,Open
FUL005905,O049870,C001952,12129,2025-07-05,carrier_delay,High,Carrier route delay,Open
FUL005906,O049874,C000560,5658,2025-07-06,carrier_delay,High,Carrier route delay,Open
FUL005907,O049879,C000627,8579,2025-07-06,carrier_delay,High,Carrier route delay,Open
FUL005908,O004988,C000946,9640,2023-09-19,carrier_delay,High,Carrier route delay,Open
FUL005909,O049885,C000662,12075,2025-07-06,carrier_delay,High,Carrier route delay,Open
FUL005910,O000499,C000378,8920,2023-07-16,carrier_delay,High,Carrier route delay,Open
FUL005911,O049924,C000412,1503,2025-07-06,carrier_delay,High,Carrier route delay,Open
FUL005912,O049929,C001717,11836,2025-07-06,carrier_delay,High,Carrier route delay,Open
FUL005913,O049931,C001909,11509,2025-07-06,carrier_delay,High,Carrier route delay,Open
FUL005914,O049935,C001777,6346,2025-07-06,carrier_delay,High,Carrier route delay,Open
FUL005915,O049938,C001732,12271,2025-07-06,carrier_delay,High,Carrier route delay,Open
FUL005916,O049940,C001717,11836,2025-07-06,carrier_delay,High,Carrier route delay,Open
FUL005917,O049942,C000121,3554,2025-07-07,carrier_delay,High,Carrier route delay,Open
FUL005918,O004995,C001790,4567,2023-09-19,carrier_delay,High,Carrier route delay,Open
FUL005919,O049966,C001621,2646,2025-07-07,carrier_delay,High,Carrier route delay,Open
FUL005920,O049976,C000461,5873,2025-07-07,carrier_delay,High,Carrier route delay,Open
FUL005921,O004999,C000794,4582,2023-09-19,carrier_delay,High,Carrier route delay,Open
FUL005922,O000005,C001561,11318,2023-07-09,carrier_delay,High,Carrier route delay,Open
FUL005923,O000050,C001686,5225,2023-07-09,cancellation_review,Medium,Customer or fulfillment cancellation,Closed
FUL005924,O000500,C001822,2129,2023-07-16,carrier_delay,High,Carrier route delay,Open
FUL005925,O050011,C000795,9819,2025-07-08,carrier_delay,High,Carrier route delay,Open
FUL005926,O050015,C000294,1578,2025-07-08,carrier_delay,High,Carrier route delay,Open
FUL005927,O050020,C000223,6587,2025-07-08,carrier_delay,High,Carrier route delay,Open
FUL005928,O050026,C001147,5976,2025-07-08,cancellation_review,Medium,Customer or fulfillment cancellation,Closed
FUL005929,O050034,C001285,2091,2025-07-08,carrier_delay,High,Carrier route delay,Open
FUL005930,O050037,C000624,6060,2025-07-08,cancellation_review,Medium,Customer or fulfillment cancellation,Closed
FUL005931,O050039,C000340,1972,2025-07-08,carrier_delay,High,Carrier route delay,Open
FUL005932,O005004,C001030,1990,2023-09-20,carrier_delay,High,Carrier route delay,Open
FUL005933,O050063,C001554,4941,2025-07-08,carrier_delay,High,Carrier route delay,Open
FUL005934,O050067,C000042,8517,2025-07-08,carrier_delay,High,Carrier route delay,Open
FUL005935,O050069,C000503,1802,2025-07-08,carrier_delay,High,Carrier route delay,Open
FUL005936,O050075,C001129,11765,2025-07-08,carrier_delay,High,Carrier route delay,Open
FUL005937,O050085,C001326,3224,2025-07-09,carrier_delay,High,Carrier route delay,Open
FUL005938,O050095,C001478,8463,2025-07-09,carrier_delay,High,Carrier route delay,Open
FUL005939,O050104,C001388,5012,2025-07-09,carrier_delay,High,Carrier route delay,Open
FUL005940,O050112,C000887,2365,2025-07-09,carrier_delay,High,Carrier route delay,Open
FUL005941,O050122,C000584,3830,2025-07-09,carrier_delay,High,Carrier route delay,Open
FUL005942,O050124,C000998,8790,2025-07-09,carrier_delay,High,Carrier route delay,Open
FUL005943,O050127,C000260,3303,2025-07-09,carrier_delay,High,Carrier route delay,Open
FUL005944,O050128,C000676,6288,2025-07-09,carrier_delay,High,Carrier route delay,Open
FUL005945,O050129,C001475,7905,2025-07-09,carrier_delay,High,Carrier route delay,Open
FUL005946,O050138,C001707,10883,2025-07-09,carrier_delay,High,Carrier route delay,Open
FUL005947,O005014,C000812,4863,2023-09-20,carrier_delay,High,Carrier route delay,Open
FUL005948,O050144,C001728,440,2025-07-09,carrier_delay,High,Carrier route delay,Open
FUL005949,O050154,C001298,2092,2025-07-10,carrier_delay,High,Carrier route delay,Open
FUL005950,O050155,C000696,5640,2025-07-10,carrier_delay,High,Carrier route delay,Open
FUL005951,O050159,C001449,11387,2025-07-10,carrier_delay,High,Carrier route delay,Open
FUL005952,O050160,C000008,4249,2025-07-10,carrier_delay,High,Carrier route delay,Open
FUL005953,O050170,C001601,377,2025-07-10,carrier_delay,High,Carrier route delay,Open
FUL005954,O050175,C000232,7852,2025-07-10,carrier_delay,High,Carrier route delay,Open
FUL005955,O050180,C000759,11784,2025-07-10,carrier_delay,High,Carrier route delay,Open
FUL005956,O050185,C000933,5011,2025-07-10,carrier_delay,High,Carrier route delay,Open
FUL005957,O005019,C001031,6405,2023-09-20,carrier_delay,High,Carrier route delay,Open
FUL005958,O050190,C000657,11430,2025-07-10,carrier_delay,High,Carrier route delay,Open
FUL005959,O050193,C000461,5873,2025-07-10,carrier_delay,High,Carrier route delay,Open
FUL005960,O050196,C000319,3983,2025-07-10,carrier_delay,High,Carrier route delay,Open
FUL005961,O050197,C000951,11127,2025-07-10,carrier_delay,High,Carrier route delay,Open
FUL005962,O050200,C000951,11127,2025-07-10,carrier_delay,High,Carrier route delay,Open
FUL005963,O050210,C000531,8613,2025-07-10,cancellation_review,Medium,Customer or fulfillment cancellation,Closed
FUL005964,O005023,C000755,2833,2023-09-20,carrier_delay,High,Carrier route delay,Open
FUL005965,O050238,C001921,1807,2025-07-11,carrier_delay,High,Carrier route delay,Open
FUL005966,O005025,C001293,9154,2023-09-20,carrier_delay,High,Carrier route delay,Open
FUL005967,O050253,C001488,4202,2025-07-11,carrier_delay,High,Carrier route delay,Open
FUL005968,O050254,C001335,10406,2025-07-11,carrier_delay,High,Carrier route delay,Open
FUL005969,O050264,C000553,10253,2025-07-11,carrier_delay,High,Carrier route delay,Open
FUL005970,O050274,C000517,5533,2025-07-11,carrier_delay,High,Carrier route delay,Open
FUL005971,O050275,C000109,4812,2025-07-11,carrier_delay,High,Carrier route delay,Open
FUL005972,O050284,C000594,12064,2025-07-12,carrier_delay,High,Carrier route delay,Open
FUL005973,O050285,C000479,4406,2025-07-12,carrier_delay,High,Carrier route delay,Open
FUL005974,O050289,C000396,6473,2025-07-12,carrier_delay,High,Carrier route delay,Open
FUL005975,O050295,C000037,2723,2025-07-12,carrier_delay,High,Carrier route delay,Open
FUL005976,O050314,C001406,1013,2025-07-12,carrier_delay,High,Carrier route delay,Open
FUL005977,O050327,C000057,1920,2025-07-12,carrier_delay,High,Carrier route delay,Open
FUL005978,O050332,C000722,3577,2025-07-12,carrier_delay,High,Carrier route delay,Open
FUL005979,O050334,C001889,8180,2025-07-12,carrier_delay,High,Carrier route delay,Open
FUL005980,O050347,C001283,8260,2025-07-12,carrier_delay,High,Carrier route delay,Open
FUL005981,O050349,C000715,1940,2025-07-12,carrier_delay,High,Carrier route delay,Open
FUL005982,O050353,C000760,8420,2025-07-13,carrier_delay,High,Carrier route delay,Open
FUL005983,O050359,C001519,6279,2025-07-13,carrier_delay,High,Carrier route delay,Open
FUL005984,O050370,C000538,1804,2025-07-13,carrier_delay,High,Carrier route delay,Open
FUL005985,O050384,C000616,6359,2025-07-13,carrier_delay,High,Carrier route delay,Open
FUL005986,O050393,C000849,3676,2025-07-13,carrier_delay,High,Carrier route delay,Open
FUL005987,O000504,C000676,6288,2023-07-16,carrier_delay,High,Carrier route delay,Open
FUL005988,O050430,C000917,2769,2025-07-14,carrier_delay,High,Carrier route delay,Open
FUL005989,O050438,C001012,6573,2025-07-14,carrier_delay,High,Carrier route delay,Open
FUL005990,O050439,C000801,10992,2025-07-14,carrier_delay,High,Carrier route delay,Open
FUL005991,O050440,C001022,907,2025-07-14,carrier_delay,High,Carrier route delay,Open
FUL005992,O005047,C001117,6165,2023-09-20,carrier_delay,High,Carrier route delay,Open
FUL005993,O050475,C000085,6341,2025-07-14,carrier_delay,High,Carrier route delay,Open
FUL005994,O050494,C001864,4529,2025-07-15,carrier_delay,High,Carrier route delay,Open
FUL005995,O050504,C001338,4308,2025-07-15,carrier_delay,High,Carrier route delay,Open
FUL005996,O050509,C000926,2083,2025-07-15,carrier_delay,High,Carrier route delay,Open
FUL005997,O050517,C000651,2071,2025-07-15,carrier_delay,High,Carrier route delay,Open
FUL005998,O050527,C000322,5752,2025-07-15,carrier_delay,High,Carrier route delay,Open
FUL005999,O050528,C000256,11833,2025-07-15,carrier_delay,High,Carrier route delay,Open
FUL006000,O050530,C000180,5778,2025-07-15,carrier_delay,High,Carrier route delay,Open
FUL006001,O050534,C000114,3979,2025-07-15,carrier_delay,High,Carrier route delay,Open
FUL006002,O005054,C000462,3295,2023-09-20,carrier_delay,High,Carrier route delay,Open
FUL006003,O050540,C001503,6416,2025-07-15,cancellation_review,Medium,Customer or fulfillment cancellation,Closed
FUL006004,O050552,C000126,8018,2025-07-15,carrier_delay,High,Carrier route delay,Open
FUL006005,O050555,C001217,11816,2025-07-15,carrier_delay,High,Carrier route delay,Open
FUL006006,O050559,C000189,7597,2025-07-16,carrier_delay,High,Carrier route delay,Open
FUL006007,O050560,C001090,8754,2025-07-16,carrier_delay,High,Carrier route delay,Open
FUL006008,O050565,C000236,1826,2025-07-16,carrier_delay,High,Carrier route delay,Open
FUL006009,O050567,C000438,3593,2025-07-16,carrier_delay,High,Carrier route delay,Open
FUL006010,O050574,C001428,9912,2025-07-16,carrier_delay,High,Carrier route delay,Open
FUL006011,O050584,C000621,4704,2025-07-16,carrier_delay,High,Carrier route delay,Open
FUL006012,O050589,C000068,5648,2025-07-16,carrier_delay,High,Carrier route delay,Open
FUL006013,O005059,C000783,7790,2023-09-20,carrier_delay,High,Carrier route delay,Open
FUL006014,O050590,C001581,3617,2025-07-16,carrier_delay,High,Carrier route delay,Open
FUL006015,O050605,C000478,5579,2025-07-16,cancellation_review,Medium,Customer or fulfillment cancellation,Closed
FUL006016,O050615,C001593,10257,2025-07-16,carrier_delay,High,Carrier route delay,Open
FUL006017,O050624,C001840,2857,2025-07-16,carrier_delay,High,Carrier route delay,Open
FUL006018,O050630,C001286,5280,2025-07-17,carrier_delay,High,Carrier route delay,Open
FUL006019,O050645,C001367,4479,2025-07-17,carrier_delay,High,Carrier route delay,Open
FUL006020,O050650,C001508,10807,2025-07-17,carrier_delay,High,Carrier route delay,Open
FUL006021,O050658,C000712,5824,2025-07-17,carrier_delay,High,Carrier route delay,Open
FUL006022,O050659,C000119,8015,2025-07-17,cancellation_review,Medium,Customer or fulfillment cancellation,Closed
FUL006023,O050664,C000614,4568,2025-07-17,carrier_delay,High,Carrier route delay,Open
FUL006024,O050668,C000563,6448,2025-07-17,carrier_delay,High,Carrier route delay,Open
FUL006025,O050670,C000574,6065,2025-07-17,carrier_delay,High,Carrier route delay,Open
FUL006026,O050674,C000310,9740,2025-07-17,carrier_delay,High,Carrier route delay,Open
FUL006027,O050679,C001949,3147,2025-07-17,carrier_delay,High,Carrier route delay,Open
FUL006028,O050682,C000303,8078,2025-07-17,carrier_delay,High,Carrier route delay,Open
FUL006029,O050703,C000370,542,2025-07-18,carrier_delay,High,Carrier route delay,Open
FUL006030,O050705,C001239,8612,2025-07-18,carrier_delay,High,Carrier route delay,Open
FUL006031,O050719,C001673,12359,2025-07-18,carrier_delay,High,Carrier route delay,Open
FUL006032,O050723,C000882,8174,2025-07-18,carrier_delay,High,Carrier route delay,Open
FUL006033,O050729,C001035,586,2025-07-18,carrier_delay,High,Carrier route delay,Open
FUL006034,O050734,C000606,11128,2025-07-18,carrier_delay,High,Carrier route delay,Open
FUL006035,O050749,C000510,10559,2025-07-18,carrier_delay,High,Carrier route delay,Open
FUL006036,O050762,C000757,4700,2025-07-18,carrier_delay,High,Carrier route delay,Open
FUL006037,O050769,C000930,4959,2025-07-19,carrier_delay,High,Carrier route delay,Open
FUL006038,O050780,C001409,11801,2025-07-19,carrier_delay,High,Carrier route delay,Open
FUL006039,O005080,C001292,1298,2023-09-21,carrier_delay,High,Carrier route delay,Open
FUL006040,O050809,C001446,3944,2025-07-19,carrier_delay,High,Carrier route delay,Open
FUL006041,O050812,C000373,2205,2025-07-19,carrier_delay,High,Carrier route delay,Open
FUL006042,O050830,C001813,9605,2025-07-19,carrier_delay,High,Carrier route delay,Open
FUL006043,O050845,C001843,10109,2025-07-20,carrier_delay,High,Carrier route delay,Open
FUL006044,O005085,C000136,8170,2023-09-21,carrier_delay,High,Carrier route delay,Open
FUL006045,O050850,C001030,1990,2025-07-20,carrier_delay,High,Carrier route delay,Open
FUL006046,O050854,C000349,10635,2025-07-20,cancellation_review,Medium,Customer or fulfillment cancellation,Closed
FUL006047,O050855,C000785,12013,2025-07-20,carrier_delay,High,Carrier route delay,Open
FUL006048,O050860,C000576,6430,2025-07-20,carrier_delay,High,Carrier route delay,Open
FUL006049,O050863,C000041,12285,2025-07-20,carrier_delay,High,Carrier route delay,Open
FUL006050,O050865,C001805,1522,2025-07-20,carrier_delay,High,Carrier route delay,Open
FUL006051,O050866,C000318,11884,2025-07-20,carrier_delay,High,Carrier route delay,Open
FUL006052,O050869,C000701,4939,2025-07-20,carrier_delay,High,Carrier route delay,Open
FUL006053,O050889,C000732,8930,2025-07-20,carrier_delay,High,Carrier route delay,Open
FUL006054,O050910,C000009,5654,2025-07-21,carrier_delay,High,Carrier route delay,Open
FUL006055,O050941,C000131,2074,2025-07-21,carrier_delay,High,Carrier route delay,Open
FUL006056,O005095,C000213,4530,2023-09-21,carrier_delay,High,Carrier route delay,Open
FUL006057,O050952,C001411,11895,2025-07-21,carrier_delay,High,Carrier route delay,Open
FUL006058,O050954,C000199,12406,2025-07-21,carrier_delay,High,Carrier route delay,Open
FUL006059,O050955,C000305,6266,2025-07-21,cancellation_review,Medium,Customer or fulfillment cancellation,Closed
FUL006060,O050962,C000930,4959,2025-07-21,carrier_delay,High,Carrier route delay,Open
FUL006061,O050966,C000483,578,2025-07-21,cancellation_review,Medium,Customer or fulfillment cancellation,Closed
FUL006062,O050975,C000161,12420,2025-07-22,carrier_delay,High,Carrier route delay,Open
FUL006063,O050979,C000445,4512,2025-07-22,carrier_delay,High,Carrier route delay,Open
FUL006064,O050980,C001963,10570,2025-07-22,carrier_delay,High,Carrier route delay,Open
FUL006065,O050986,C001233,10631,2025-07-22,carrier_delay,High,Carrier route delay,Open
FUL006066,O050994,C000114,3979,2025-07-22,carrier_delay,High,Carrier route delay,Open
FUL006067,O051000,C000883,6480,2025-07-22,carrier_delay,High,Carrier route delay,Open
FUL006068,O051005,C001446,3944,2025-07-22,carrier_delay,High,Carrier route delay,Open
FUL006069,O051024,C001122,859,2025-07-22,cancellation_review,Medium,Customer or fulfillment cancellation,Closed
FUL006070,O051026,C000940,11630,2025-07-22,carrier_delay,High,Carrier route delay,Open
FUL006071,O051027,C001876,5445,2025-07-22,carrier_delay,High,Carrier route delay,Open
FUL006072,O051028,C000436,5264,2025-07-22,carrier_delay,High,Carrier route delay,Open
FUL006073,O051030,C001649,11574,2025-07-22,carrier_delay,High,Carrier route delay,Open
FUL006074,O051031,C001664,6909,2025-07-22,carrier_delay,High,Carrier route delay,Open
FUL006075,O051036,C000610,3302,2025-07-22,carrier_delay,High,Carrier route delay,Open
FUL006076,O005105,C001752,4456,2023-09-21,carrier_delay,High,Carrier route delay,Open
FUL006077,O051062,C001065,5548,2025-07-23,carrier_delay,High,Carrier route delay,Open
FUL006078,O051069,C000317,4290,2025-07-23,carrier_delay,High,Carrier route delay,Open
FUL006079,O051070,C000755,2833,2025-07-23,carrier_delay,High,Carrier route delay,Open
FUL006080,O051090,C001900,3574,2025-07-23,carrier_delay,High,Carrier route delay,Open
FUL006081,O051094,C001954,8789,2025-07-23,carrier_delay,High,Carrier route delay,Open
FUL006082,O051102,C000289,6893,2025-07-23,carrier_delay,High,Carrier route delay,Open
FUL006083,O051109,C001666,11757,2025-07-24,carrier_delay,High,Carrier route delay,Open
FUL006084,O051110,C000295,8511,2025-07-24,carrier_delay,High,Carrier route delay,Open
FUL006085,O051114,C001015,8817,2025-07-24,carrier_delay,High,Carrier route delay,Open
FUL006086,O051115,C001483,12187,2025-07-24,carrier_delay,High,Carrier route delay,Open
FUL006087,O051125,C000019,12284,2025-07-24,cancellation_review,Medium,Customer or fulfillment cancellation,Closed
FUL006088,O005113,C000266,7789,2023-09-21,carrier_delay,High,Carrier route delay,Open
FUL006089,O051135,C001748,1385,2025-07-24,carrier_delay,High,Carrier route delay,Open
FUL006090,O051137,C001355,2717,2025-07-24,cancellation_review,Medium,Customer or fulfillment cancellation,Closed
FUL006091,O051144,C000539,6461,2025-07-24,carrier_delay,High,Carrier route delay,Open
FUL006092,O005115,C001048,10269,2023-09-21,carrier_delay,High,Carrier route delay,Open
FUL006093,O051164,C000563,6448,2025-07-24,carrier_delay,High,Carrier route delay,Open
FUL006094,O005117,C001728,440,2023-09-21,carrier_delay,High,Carrier route delay,Open
FUL006095,O051179,C001225,308,2025-07-25,carrier_delay,High,Carrier route delay,Open
FUL006096,O005119,C000564,5049,2023-09-21,carrier_delay,High,Carrier route delay,Open
FUL006097,O051194,C001859,1380,2025-07-25,carrier_delay,High,Carrier route delay,Open
FUL006098,O051209,C001691,7705,2025-07-25,carrier_delay,High,Carrier route delay,Open
FUL006099,O051210,C001889,8180,2025-07-25,carrier_delay,High,Carrier route delay,Open
FUL006100,O051215,C000573,1282,2025-07-25,cancellation_review,Medium,Customer or fulfillment cancellation,Closed
FUL006101,O005122,C000310,9740,2023-09-21,carrier_delay,High,Carrier route delay,Open
FUL006102,O051220,C001297,252,2025-07-25,carrier_delay,High,Carrier route delay,Open
FUL006103,O051223,C001765,8555,2025-07-25,carrier_delay,High,Carrier route delay,Open
FUL006104,O051224,C001858,2652,2025-07-25,carrier_delay,High,Carrier route delay,Open
FUL006105,O051232,C001625,12026,2025-07-25,carrier_delay,High,Carrier route delay,Open
FUL006106,O051241,C000951,11127,2025-07-25,carrier_delay,High,Carrier route delay,Open
FUL006107,O051248,C000562,2540,2025-07-26,cancellation_review,Medium,Customer or fulfillment cancellation,Closed
FUL006108,O005125,C001449,11387,2023-09-21,carrier_delay,High,Carrier route delay,Open
FUL006109,O005126,C000755,2833,2023-09-21,cancellation_review,Medium,Customer or fulfillment cancellation,Closed
FUL006110,O051264,C000004,1657,2025-07-26,carrier_delay,High,Carrier route delay,Open
FUL006111,O005127,C000517,5533,2023-09-21,carrier_delay,High,Carrier route delay,Open
FUL006112,O051270,C000512,11421,2025-07-26,carrier_delay,High,Carrier route delay,Open
FUL006113,O051279,C000310,9740,2025-07-26,carrier_delay,High,Carrier route delay,Open
FUL006114,O051280,C000040,9271,2025-07-26,carrier_delay,High,Carrier route delay,Open
FUL006115,O051285,C001820,5719,2025-07-26,carrier_delay,High,Carrier route delay,Open
FUL006116,O051305,C000927,2680,2025-07-26,carrier_delay,High,Carrier route delay,Open
FUL006117,O051324,C001038,9607,2025-07-27,carrier_delay,High,Carrier route delay,Open
FUL006118,O051325,C000487,4013,2025-07-27,carrier_delay,High,Carrier route delay,Open
FUL006119,O051346,C000445,4512,2025-07-27,carrier_delay,High,Carrier route delay,Open
FUL006120,O051348,C001281,4798,2025-07-27,carrier_delay,High,Carrier route delay,Open
FUL006121,O051349,C001295,3925,2025-07-27,carrier_delay,High,Carrier route delay,Open
FUL006122,O051358,C001150,7975,2025-07-27,cancellation_review,Medium,Customer or fulfillment cancellation,Closed
FUL006123,O051378,C000119,8015,2025-07-27,carrier_delay,High,Carrier route delay,Open
FUL006124,O051393,C001760,8437,2025-07-28,carrier_delay,High,Carrier route delay,Open
FUL006125,O051394,C001901,3384,2025-07-28,carrier_delay,High,Carrier route delay,Open
FUL006126,O051399,C000662,12075,2025-07-28,carrier_delay,High,Carrier route delay,Open
FUL006127,O051402,C000825,6342,2025-07-28,carrier_delay,High,Carrier route delay,Open
FUL006128,O051404,C000111,5828,2025-07-28,carrier_delay,High,Carrier route delay,Open
FUL006129,O051409,C001949,3147,2025-07-28,carrier_delay,High,Carrier route delay,Open
FUL006130,O051415,C000269,2021,2025-07-28,carrier_delay,High,Carrier route delay,Open
FUL006131,O051430,C000573,1282,2025-07-28,carrier_delay,High,Carrier route delay,Open
FUL006132,O051447,C000493,603,2025-07-28,carrier_delay,High,Carrier route delay,Open
FUL006133,O051453,C000181,10111,2025-07-29,carrier_delay,High,Carrier route delay,Open
FUL006134,O051464,C000271,6213,2025-07-29,carrier_delay,High,Carrier route delay,Open
FUL006135,O051475,C000719,6350,2025-07-29,carrier_delay,High,Carrier route delay,Open
FUL006136,O051479,C000864,3531,2025-07-29,carrier_delay,High,Carrier route delay,Open
FUL006137,O051487,C001380,5234,2025-07-29,carrier_delay,High,Carrier route delay,Open
FUL006138,O051488,C000092,7962,2025-07-29,carrier_delay,High,Carrier route delay,Open
FUL006139,O051500,C001090,8754,2025-07-29,carrier_delay,High,Carrier route delay,Open
FUL006140,O051504,C000660,2384,2025-07-29,carrier_delay,High,Carrier route delay,Open
FUL006141,O051515,C001938,7879,2025-07-29,carrier_delay,High,Carrier route delay,Open
FUL006142,O051529,C000956,12362,2025-07-30,carrier_delay,High,Carrier route delay,Open
FUL006143,O051539,C000625,548,2025-07-30,carrier_delay,High,Carrier route delay,Open
FUL006144,O051540,C000327,7190,2025-07-30,carrier_delay,High,Carrier route delay,Open
FUL006145,O051548,C000087,3957,2025-07-30,carrier_delay,High,Carrier route delay,Open
FUL006146,O051555,C000150,5173,2025-07-30,carrier_delay,High,Carrier route delay,Open
FUL006147,O051557,C000086,3938,2025-07-30,carrier_delay,High,Carrier route delay,Open
FUL006148,O051558,C001012,6573,2025-07-30,carrier_delay,High,Carrier route delay,Open
FUL006149,O051564,C000832,3868,2025-07-30,carrier_delay,High,Carrier route delay,Open
FUL006150,O005160,C000088,3420,2023-09-22,cancellation_review,Medium,Customer or fulfillment cancellation,Closed
FUL006151,O051605,C001864,4529,2025-07-31,carrier_delay,High,Carrier route delay,Open
FUL006152,O051610,C000906,10118,2025-07-31,carrier_delay,High,Carrier route delay,Open
FUL006153,O051615,C000676,6288,2025-07-31,carrier_delay,High,Carrier route delay,Open
FUL006154,O051625,C001808,3155,2025-07-31,carrier_delay,High,Carrier route delay,Open
FUL006155,O051629,C001697,1436,2025-07-31,cancellation_review,Medium,Customer or fulfillment cancellation,Closed
FUL006156,O051648,C001113,9581,2025-07-31,carrier_delay,High,Carrier route delay,Open
FUL006157,O051652,C001450,7439,2025-07-31,cancellation_review,Medium,Customer or fulfillment cancellation,Closed
FUL006158,O051660,C001125,4815,2025-08-01,carrier_delay,High,Carrier route delay,Open
FUL006159,O051669,C001967,7160,2025-08-01,carrier_delay,High,Carrier route delay,Open
FUL006160,O051675,C001366,6199,2025-08-01,carrier_delay,High,Carrier route delay,Open
FUL006161,O051684,C000541,7401,2025-08-01,carrier_delay,High,Carrier route delay,Open
FUL006162,O051685,C000390,6970,2025-08-01,carrier_delay,High,Carrier route delay,Open
FUL006163,O051689,C001529,7294,2025-08-01,carrier_delay,High,Carrier route delay,Open
FUL006164,O051690,C001127,8043,2025-08-01,carrier_delay,High,Carrier route delay,Open
FUL006165,O051692,C001737,948,2025-08-01,carrier_delay,High,Carrier route delay,Open
FUL006166,O051695,C001501,5453,2025-08-01,carrier_delay,High,Carrier route delay,Open
FUL006167,O051697,C000286,11112,2025-08-01,carrier_delay,High,Carrier route delay,Open
FUL006168,O051704,C001262,5204,2025-08-01,carrier_delay,High,Carrier route delay,Open
FUL006169,O051707,C000340,1972,2025-08-01,carrier_delay,High,Carrier route delay,Open
FUL006170,O005172,C000704,4045,2023-09-22,carrier_delay,High,Carrier route delay,Open
FUL006171,O051724,C000615,12189,2025-08-02,carrier_delay,High,Carrier route delay,Open
FUL006172,O051731,C000482,8895,2025-08-02,carrier_delay,High,Carrier route delay,Open
FUL006173,O051745,C000847,4159,2025-08-02,carrier_delay,High,Carrier route delay,Open
FUL006174,O051760,C001315,11005,2025-08-02,carrier_delay,High,Carrier route delay,Open
FUL006175,O051763,C000049,9737,2025-08-02,cancellation_review,Medium,Customer or fulfillment cancellation,Closed
FUL006176,O051765,C001301,7795,2025-08-02,carrier_delay,High,Carrier route delay,Open
FUL006177,O051770,C001243,1733,2025-08-02,carrier_delay,High,Carrier route delay,Open
FUL006178,O051779,C001454,11352,2025-08-02,carrier_delay,High,Carrier route delay,Open
FUL006179,O051784,C000520,6514,2025-08-02,carrier_delay,High,Carrier route delay,Open
FUL006180,O051796,C001188,11116,2025-08-03,carrier_delay,High,Carrier route delay,Open
FUL006181,O051805,C001331,3739,2025-08-03,carrier_delay,High,Carrier route delay,Open
FUL006182,O051809,C001557,10668,2025-08-03,carrier_delay,High,Carrier route delay,Open
FUL006183,O051815,C000019,12284,2025-08-03,carrier_delay,High,Carrier route delay,Open
FUL006184,O051844,C001703,9552,2025-08-03,carrier_delay,High,Carrier route delay,Open
FUL006185,O051845,C001046,9721,2025-08-03,carrier_delay,High,Carrier route delay,Open
FUL006186,O051855,C000855,7677,2025-08-03,carrier_delay,High,Carrier route delay,Open
FUL006187,O051863,C000576,6430,2025-08-04,carrier_delay,High,Carrier route delay,Open
FUL006188,O051865,C000025,12431,2025-08-04,carrier_delay,High,Carrier route delay,Open
FUL006189,O051869,C001888,11631,2025-08-04,carrier_delay,High,Carrier route delay,Open
FUL006190,O051872,C000314,10008,2025-08-04,carrier_delay,High,Carrier route delay,Open
FUL006191,O051873,C000685,9432,2025-08-04,carrier_delay,High,Carrier route delay,Open
FUL006192,O051884,C000184,1844,2025-08-04,cancellation_review,Medium,Customer or fulfillment cancellation,Closed
FUL006193,O051890,C000786,9459,2025-08-04,carrier_delay,High,Carrier route delay,Open
FUL006194,O051891,C001288,927,2025-08-04,cancellation_review,Medium,Customer or fulfillment cancellation,Closed
FUL006195,O051892,C000070,10744,2025-08-04,carrier_delay,High,Carrier route delay,Open
FUL006196,O051895,C000259,2389,2025-08-04,cancellation_review,Medium,Customer or fulfillment cancellation,Closed
FUL006197,O051902,C001683,4855,2025-08-04,carrier_delay,High,Carrier route delay,Open
FUL006198,O051915,C000080,7445,2025-08-04,carrier_delay,High,Carrier route delay,Open
FUL006199,O005192,C000260,3303,2023-09-22,carrier_delay,High,Carrier route delay,Open
FUL006200,O051920,C001569,778,2025-08-04,carrier_delay,High,Carrier route delay,Open
FUL006201,O051926,C001144,2169,2025-08-04,carrier_delay,High,Carrier route delay,Open
FUL006202,O005193,C001641,9496,2023-09-22,cancellation_review,Medium,Customer or fulfillment cancellation,Closed
FUL006203,O051930,C000101,12226,2025-08-05,carrier_delay,High,Carrier route delay,Open
FUL006204,O051934,C000967,5727,2025-08-05,carrier_delay,High,Carrier route delay,Open
FUL006205,O051943,C000099,2851,2025-08-05,carrier_delay,High,Carrier route delay,Open
FUL006206,O051949,C000696,5640,2025-08-05,carrier_delay,High,Carrier route delay,Open
FUL006207,O051955,C000956,12362,2025-08-05,carrier_delay,High,Carrier route delay,Open
FUL006208,O051964,C000137,5168,2025-08-05,carrier_delay,High,Carrier route delay,Open
FUL006209,O051970,C000317,4290,2025-08-05,carrier_delay,High,Carrier route delay,Open
FUL006210,O051979,C001205,5989,2025-08-05,carrier_delay,High,Carrier route delay,Open
FUL006211,O051984,C000844,9872,2025-08-05,carrier_delay,High,Carrier route delay,Open
FUL006212,O051986,C001490,6785,2025-08-05,carrier_delay,High,Carrier route delay,Open
FUL006213,O051993,C000451,238,2025-08-05,carrier_delay,High,Carrier route delay,Open
FUL006214,O051994,C001431,9195,2025-08-05,carrier_delay,High,Carrier route delay,Open
FUL006215,O051995,C001550,8381,2025-08-05,carrier_delay,High,Carrier route delay,Open
FUL006216,O052024,C000835,1731,2025-08-06,carrier_delay,High,Carrier route delay,Open
FUL006217,O052037,C001687,12261,2025-08-06,cancellation_review,Medium,Customer or fulfillment cancellation,Closed
FUL006218,O052038,C001576,4838,2025-08-06,carrier_delay,High,Carrier route delay,Open
FUL006219,O005204,C001184,4579,2023-09-22,carrier_delay,High,Carrier route delay,Open
FUL006220,O052040,C000676,6288,2025-08-06,carrier_delay,High,Carrier route delay,Open
FUL006221,O052049,C000155,9515,2025-08-06,carrier_delay,High,Carrier route delay,Open
FUL006222,O052050,C001422,642,2025-08-06,carrier_delay,High,Carrier route delay,Open
FUL006223,O052054,C001096,1997,2025-08-06,carrier_delay,High,Carrier route delay,Open
FUL006224,O052055,C001213,1567,2025-08-06,carrier_delay,High,Carrier route delay,Open
FUL006225,O052059,C000278,4599,2025-08-06,carrier_delay,High,Carrier route delay,Open
FUL006226,O052065,C001941,8938,2025-08-07,carrier_delay,High,Carrier route delay,Open
FUL006227,O052078,C001019,10934,2025-08-07,carrier_delay,High,Carrier route delay,Open
FUL006228,O052084,C001902,7383,2025-08-07,carrier_delay,High,Carrier route delay,Open
FUL006229,O052094,C001165,5147,2025-08-07,carrier_delay,High,Carrier route delay,Open
FUL006230,O052095,C001948,5637,2025-08-07,carrier_delay,High,Carrier route delay,Open
FUL006231,O052107,C000521,640,2025-08-07,carrier_delay,High,Carrier route delay,Open
FUL006232,O052111,C000226,3556,2025-08-07,carrier_delay,High,Carrier route delay,Open
FUL006233,O052119,C000405,3816,2025-08-07,carrier_delay,High,Carrier route delay,Open
FUL006234,O052122,C001159,10796,2025-08-07,carrier_delay,High,Carrier route delay,Open
FUL006235,O052139,C001190,329,2025-08-08,carrier_delay,High,Carrier route delay,Open
FUL006236,O005214,C001264,3021,2023-09-23,carrier_delay,High,Carrier route delay,Open
FUL006237,O052143,C000053,9883,2025-08-08,carrier_delay,High,Carrier route delay,Open
FUL006238,O052145,C000785,12013,2025-08-08,carrier_delay,High,Carrier route delay,Open
FUL006239,O052155,C000033,9727,2025-08-08,carrier_delay,High,Carrier route delay,Open
FUL006240,O052158,C000557,5207,2025-08-08,carrier_delay,High,Carrier route delay,Open
FUL006241,O052185,C000793,569,2025-08-08,carrier_delay,High,Carrier route delay,Open
FUL006242,O052200,C000587,7575,2025-08-08,carrier_delay,High,Carrier route delay,Open
FUL006243,O052204,C000162,3889,2025-08-09,carrier_delay,High,Carrier route delay,Open
FUL006244,O052208,C001046,9721,2025-08-09,carrier_delay,High,Carrier route delay,Open
FUL006245,O052209,C001319,2585,2025-08-09,carrier_delay,High,Carrier route delay,Open
FUL006246,O052227,C000206,2229,2025-08-09,carrier_delay,High,Carrier route delay,Open
FUL006247,O052229,C000974,2250,2025-08-09,carrier_delay,High,Carrier route delay,Open
FUL006248,O052232,C001662,1116,2025-08-09,carrier_delay,High,Carrier route delay,Open
FUL006249,O052236,C001506,8605,2025-08-09,cancellation_review,Medium,Customer or fulfillment cancellation,Closed
FUL006250,O052242,C000086,3938,2025-08-09,carrier_delay,High,Carrier route delay,Open
FUL006251,O052244,C001685,5349,2025-08-09,carrier_delay,High,Carrier route delay,Open
FUL006252,O052251,C000371,3337,2025-08-09,carrier_delay,High,Carrier route delay,Open
FUL006253,O052262,C001183,6025,2025-08-09,carrier_delay,High,Carrier route delay,Open
FUL006254,O052264,C000117,6696,2025-08-09,carrier_delay,High,Carrier route delay,Open
FUL006255,O052273,C000346,12235,2025-08-10,carrier_delay,High,Carrier route delay,Open
FUL006256,O052275,C000274,11931,2025-08-10,carrier_delay,High,Carrier route delay,Open
FUL006257,O052280,C001282,5427,2025-08-10,carrier_delay,High,Carrier route delay,Open
FUL006258,O052284,C001371,4505,2025-08-10,carrier_delay,High,Carrier route delay,Open
FUL006259,O052285,C000398,1379,2025-08-10,carrier_delay,High,Carrier route delay,Open
FUL006260,O052289,C001643,12178,2025-08-10,carrier_delay,High,Carrier route delay,Open
FUL006261,O052290,C001338,4308,2025-08-10,carrier_delay,High,Carrier route delay,Open
FUL006262,O052294,C000774,9785,2025-08-10,carrier_delay,High,Carrier route delay,Open
FUL006263,O052304,C001824,9949,2025-08-10,carrier_delay,High,Carrier route delay,Open
FUL006264,O052315,C000163,230,2025-08-10,carrier_delay,High,Carrier route delay,Open
FUL006265,O052321,C000008,4249,2025-08-10,cancellation_review,Medium,Customer or fulfillment cancellation,Closed
FUL006266,O052323,C000019,12284,2025-08-10,carrier_delay,High,Carrier route delay,Open
FUL006267,O052327,C000469,10555,2025-08-10,carrier_delay,High,Carrier route delay,Open
FUL006268,O052339,C001727,6932,2025-08-11,carrier_delay,High,Carrier route delay,Open
FUL006269,O052344,C001541,2988,2025-08-11,carrier_delay,High,Carrier route delay,Open
FUL006270,O052365,C000567,5267,2025-08-11,carrier_delay,High,Carrier route delay,Open
FUL006271,O052372,C001084,1532,2025-08-11,carrier_delay,High,Carrier route delay,Open
FUL006272,O052375,C000866,9789,2025-08-11,carrier_delay,High,Carrier route delay,Open
FUL006273,O052376,C000981,1092,2025-08-11,carrier_delay,High,Carrier route delay,Open
FUL006274,O052378,C001503,6416,2025-08-11,carrier_delay,High,Carrier route delay,Open
FUL006275,O005239,C001897,5573,2023-09-23,carrier_delay,High,Carrier route delay,Open
FUL006276,O052400,C001472,7738,2025-08-11,carrier_delay,High,Carrier route delay,Open
FUL006277,O052404,C000601,801,2025-08-11,carrier_delay,High,Carrier route delay,Open
FUL006278,O052406,C001876,5445,2025-08-11,carrier_delay,High,Carrier route delay,Open
FUL006279,O052415,C000389,9377,2025-08-12,carrier_delay,High,Carrier route delay,Open
FUL006280,O052419,C001003,1715,2025-08-12,carrier_delay,High,Carrier route delay,Open
FUL006281,O052421,C000265,9928,2025-08-12,carrier_delay,High,Carrier route delay,Open
FUL006282,O052432,C000898,6236,2025-08-12,carrier_delay,High,Carrier route delay,Open
FUL006283,O052445,C000368,3257,2025-08-12,carrier_delay,High,Carrier route delay,Open
FUL006284,O052460,C001717,11836,2025-08-12,carrier_delay,High,Carrier route delay,Open
FUL006285,O052465,C001295,3925,2025-08-12,carrier_delay,High,Carrier route delay,Open
FUL006286,O052479,C000094,687,2025-08-13,carrier_delay,High,Carrier route delay,Open
FUL006287,O052494,C001562,12031,2025-08-13,carrier_delay,High,Carrier route delay,Open
FUL006288,O052498,C000013,10235,2025-08-13,carrier_delay,High,Carrier route delay,Open
FUL006289,O052499,C000415,5821,2025-08-13,carrier_delay,High,Carrier route delay,Open
FUL006290,O005250,C000023,1443,2023-09-23,carrier_delay,High,Carrier route delay,Open
FUL006291,O052501,C000680,2893,2025-08-13,cancellation_review,Medium,Customer or fulfillment cancellation,Closed
FUL006292,O052502,C001471,6407,2025-08-13,carrier_delay,High,Carrier route delay,Open
FUL006293,O052509,C001006,5298,2025-08-13,carrier_delay,High,Carrier route delay,Open
FUL006294,O052514,C000008,4249,2025-08-13,carrier_delay,High,Carrier route delay,Open
FUL006295,O052524,C001300,354,2025-08-13,carrier_delay,High,Carrier route delay,Open
FUL006296,O052529,C000912,3206,2025-08-13,carrier_delay,High,Carrier route delay,Open
FUL006297,O052533,C001105,9002,2025-08-13,cancellation_review,Medium,Customer or fulfillment cancellation,Closed
FUL006298,O052534,C000946,9640,2025-08-13,carrier_delay,High,Carrier route delay,Open
FUL006299,O052549,C000228,123,2025-08-14,carrier_delay,High,Carrier route delay,Open
FUL006300,O052565,C000727,10543,2025-08-14,carrier_delay,High,Carrier route delay,Open
FUL006301,O052570,C000552,8869,2025-08-14,carrier_delay,High,Carrier route delay,Open
FUL006302,O052595,C001417,10951,2025-08-14,carrier_delay,High,Carrier route delay,Open
FUL006303,O052597,C000114,3979,2025-08-14,carrier_delay,High,Carrier route delay,Open
FUL006304,O052604,C001930,17,2025-08-14,carrier_delay,High,Carrier route delay,Open
FUL006305,O052609,C000577,6388,2025-08-14,carrier_delay,High,Carrier route delay,Open
FUL006306,O052611,C000271,6213,2025-08-14,carrier_delay,High,Carrier route delay,Open
FUL006307,O052612,C001309,11341,2025-08-14,carrier_delay,High,Carrier route delay,Open
FUL006308,O052613,C001611,1889,2025-08-15,carrier_delay,High,Carrier route delay,Open
FUL006309,O052622,C000632,1725,2025-08-15,cancellation_review,Medium,Customer or fulfillment cancellation,Closed
FUL006310,O052632,C000134,10175,2025-08-15,carrier_delay,High,Carrier route delay,Open
FUL006311,O052633,C001000,9191,2025-08-15,carrier_delay,High,Carrier route delay,Open
FUL006312,O052636,C000364,10982,2025-08-15,carrier_delay,High,Carrier route delay,Open
FUL006313,O052639,C000248,5054,2025-08-15,carrier_delay,High,Carrier route delay,Open
FUL006314,O052643,C000506,9053,2025-08-15,carrier_delay,High,Carrier route delay,Open
FUL006315,O052645,C001230,11862,2025-08-15,carrier_delay,High,Carrier route delay,Open
FUL006316,O005265,C001267,8447,2023-09-23,carrier_delay,High,Carrier route delay,Open
FUL006317,O052654,C000815,6529,2025-08-15,carrier_delay,High,Carrier route delay,Open
FUL006318,O052655,C000639,8254,2025-08-15,carrier_delay,High,Carrier route delay,Open
FUL006319,O052659,C001620,4997,2025-08-15,carrier_delay,High,Carrier route delay,Open
FUL006320,O052679,C000056,1695,2025-08-15,carrier_delay,High,Carrier route delay,Open
FUL006321,O052685,C000221,197,2025-08-16,carrier_delay,High,Carrier route delay,Open
FUL006322,O005270,C000148,1012,2023-09-23,cancellation_review,Medium,Customer or fulfillment cancellation,Closed
FUL006323,O052705,C001211,3713,2025-08-16,carrier_delay,High,Carrier route delay,Open
FUL006324,O052735,C001121,10928,2025-08-16,carrier_delay,High,Carrier route delay,Open
FUL006325,O052739,C000665,10398,2025-08-16,carrier_delay,High,Carrier route delay,Open
FUL006326,O052744,C001800,6585,2025-08-16,carrier_delay,High,Carrier route delay,Open
FUL006327,O052756,C000666,10095,2025-08-17,carrier_delay,High,Carrier route delay,Open
FUL006328,O052757,C000187,1537,2025-08-17,carrier_delay,High,Carrier route delay,Open
FUL006329,O052762,C000592,10886,2025-08-17,carrier_delay,High,Carrier route delay,Open
FUL006330,O052763,C000024,6316,2025-08-17,carrier_delay,High,Carrier route delay,Open
FUL006331,O052769,C000760,8420,2025-08-17,carrier_delay,High,Carrier route delay,Open
FUL006332,O052775,C000667,5085,2025-08-17,carrier_delay,High,Carrier route delay,Open
FUL006333,O052778,C001310,8889,2025-08-17,cancellation_review,Medium,Customer or fulfillment cancellation,Closed
FUL006334,O052782,C001749,1748,2025-08-17,carrier_delay,High,Carrier route delay,Open
FUL006335,O052783,C000523,1962,2025-08-17,cancellation_review,Medium,Customer or fulfillment cancellation,Closed
FUL006336,O052784,C000381,7744,2025-08-17,carrier_delay,High,Carrier route delay,Open
FUL006337,O005280,C001736,6602,2023-09-24,carrier_delay,High,Carrier route delay,Open
FUL006338,O052803,C001921,1807,2025-08-17,carrier_delay,High,Carrier route delay,Open
FUL006339,O052804,C001469,3237,2025-08-17,carrier_delay,High,Carrier route delay,Open
FUL006340,O052824,C001311,7163,2025-08-18,carrier_delay,High,Carrier route delay,Open
FUL006341,O052829,C000974,2250,2025-08-18,carrier_delay,High,Carrier route delay,Open
FUL006342,O052835,C001373,1936,2025-08-18,carrier_delay,High,Carrier route delay,Open
FUL006343,O005284,C001778,12332,2023-09-24,carrier_delay,High,Carrier route delay,Open
FUL006344,O052855,C000046,1492,2025-08-18,carrier_delay,High,Carrier route delay,Open
FUL006345,O052860,C000218,12221,2025-08-18,carrier_delay,High,Carrier route delay,Open
FUL006346,O052864,C001805,1522,2025-08-18,carrier_delay,High,Carrier route delay,Open
FUL006347,O052865,C001856,3726,2025-08-18,carrier_delay,High,Carrier route delay,Open
FUL006348,O052884,C001766,1909,2025-08-18,carrier_delay,High,Carrier route delay,Open
FUL006349,O052887,C001324,11897,2025-08-19,carrier_delay,High,Carrier route delay,Open
FUL006350,O052899,C000366,1721,2025-08-19,carrier_delay,High,Carrier route delay,Open
FUL006351,O052905,C000514,2581,2025-08-19,carrier_delay,High,Carrier route delay,Open
FUL006352,O052924,C000991,888,2025-08-19,carrier_delay,High,Carrier route delay,Open
FUL006353,O052933,C000452,5784,2025-08-19,carrier_delay,High,Carrier route delay,Open
FUL006354,O052934,C000478,5579,2025-08-19,carrier_delay,High,Carrier route delay,Open
FUL006355,O052935,C000878,2252,2025-08-19,carrier_delay,High,Carrier route delay,Open
FUL006356,O052949,C000982,3763,2025-08-19,carrier_delay,High,Carrier route delay,Open
FUL006357,O052960,C000092,7962,2025-08-20,carrier_delay,High,Carrier route delay,Open
FUL006358,O052966,C001744,9932,2025-08-20,carrier_delay,High,Carrier route delay,Open
FUL006359,O052970,C001369,10296,2025-08-20,carrier_delay,High,Carrier route delay,Open
FUL006360,O052975,C001416,6397,2025-08-20,carrier_delay,High,Carrier route delay,Open
FUL006361,O005298,C000448,6789,2023-09-24,carrier_delay,High,Carrier route delay,Open
FUL006362,O052980,C000599,5047,2025-08-20,carrier_delay,High,Carrier route delay,Open
FUL006363,O052984,C001181,1847,2025-08-20,carrier_delay,High,Carrier route delay,Open
FUL006364,O005299,C000412,1503,2023-09-24,carrier_delay,High,Carrier route delay,Open
FUL006365,O052997,C001449,11387,2025-08-20,carrier_delay,High,Carrier route delay,Open
FUL006366,O053003,C000771,11313,2025-08-20,carrier_delay,High,Carrier route delay,Open
FUL006367,O053010,C001144,2169,2025-08-20,carrier_delay,High,Carrier route delay,Open
FUL006368,O053036,C001681,5238,2025-08-21,carrier_delay,High,Carrier route delay,Open
FUL006369,O053054,C000247,10375,2025-08-21,carrier_delay,High,Carrier route delay,Open
FUL006370,O053055,C000703,465,2025-08-21,carrier_delay,High,Carrier route delay,Open
FUL006371,O053063,C000927,2680,2025-08-21,carrier_delay,High,Carrier route delay,Open
FUL006372,O053078,C001535,2137,2025-08-21,carrier_delay,High,Carrier route delay,Open
FUL006373,O053090,C000940,11630,2025-08-21,carrier_delay,High,Carrier route delay,Open
FUL006374,O053094,C001277,1223,2025-08-22,carrier_delay,High,Carrier route delay,Open
FUL006375,O053095,C000270,6474,2025-08-22,carrier_delay,High,Carrier route delay,Open
FUL006376,O053100,C000723,6707,2025-08-22,carrier_delay,High,Carrier route delay,Open
FUL006377,O053105,C001957,4193,2025-08-22,carrier_delay,High,Carrier route delay,Open
FUL006378,O053110,C000733,364,2025-08-22,carrier_delay,High,Carrier route delay,Open
FUL006379,O053135,C001727,6932,2025-08-22,carrier_delay,High,Carrier route delay,Open
FUL006380,O053143,C001845,4922,2025-08-22,carrier_delay,High,Carrier route delay,Open
FUL006381,O053146,C000928,5657,2025-08-22,carrier_delay,High,Carrier route delay,Open
FUL006382,O053158,C001841,739,2025-08-22,carrier_delay,High,Carrier route delay,Open
FUL006383,O053160,C001738,321,2025-08-22,carrier_delay,High,Carrier route delay,Open
FUL006384,O053170,C001431,9195,2025-08-23,carrier_delay,High,Carrier route delay,Open
FUL006385,O053179,C001537,4494,2025-08-23,carrier_delay,High,Carrier route delay,Open
FUL006386,O053180,C000951,11127,2025-08-23,carrier_delay,High,Carrier route delay,Open
FUL006387,O053184,C001953,2676,2025-08-23,carrier_delay,High,Carrier route delay,Open
FUL006388,O053229,C000411,1535,2025-08-24,carrier_delay,High,Carrier route delay,Open
FUL006389,O053230,C001408,7595,2025-08-24,carrier_delay,High,Carrier route delay,Open
FUL006390,O053235,C001727,6932,2025-08-24,cancellation_review,Medium,Customer or fulfillment cancellation,Closed
FUL006391,O053237,C001850,2243,2025-08-24,carrier_delay,High,Carrier route delay,Open
FUL006392,O053247,C001412,7667,2025-08-24,carrier_delay,High,Carrier route delay,Open
FUL006393,O005325,C001675,5852,2023-09-24,cancellation_review,Medium,Customer or fulfillment cancellation,Closed
FUL006394,O053255,C000893,5186,2025-08-24,carrier_delay,High,Carrier route delay,Open
FUL006395,O053275,C001528,9830,2025-08-24,carrier_delay,High,Carrier route delay,Open
FUL006396,O053280,C000972,8542,2025-08-24,carrier_delay,High,Carrier route delay,Open
FUL006397,O053296,C000821,3074,2025-08-24,carrier_delay,High,Carrier route delay,Open
FUL006398,O053319,C000211,11985,2025-08-25,carrier_delay,High,Carrier route delay,Open
FUL006399,O053338,C001685,5349,2025-08-25,carrier_delay,High,Carrier route delay,Open
FUL006400,O005334,C000710,744,2023-09-24,carrier_delay,High,Carrier route delay,Open
FUL006401,O053359,C000352,10447,2025-08-25,carrier_delay,High,Carrier route delay,Open
FUL006402,O053360,C000574,6065,2025-08-25,carrier_delay,High,Carrier route delay,Open
FUL006403,O053369,C000611,7762,2025-08-26,carrier_delay,High,Carrier route delay,Open
FUL006404,O053370,C001125,4815,2025-08-26,carrier_delay,High,Carrier route delay,Open
FUL006405,O053390,C000479,4406,2025-08-26,carrier_delay,High,Carrier route delay,Open
FUL006406,O053409,C000269,2021,2025-08-26,carrier_delay,High,Carrier route delay,Open
FUL006407,O005341,C001812,2589,2023-09-24,carrier_delay,High,Carrier route delay,Open
FUL006408,O053413,C001087,376,2025-08-26,carrier_delay,High,Carrier route delay,Open
FUL006409,O053416,C001585,8013,2025-08-26,carrier_delay,High,Carrier route delay,Open
FUL006410,O053417,C001391,187,2025-08-26,carrier_delay,High,Carrier route delay,Open
FUL006411,O053419,C002000,5781,2025-08-26,carrier_delay,High,Carrier route delay,Open
FUL006412,O005342,C000511,3471,2023-09-24,carrier_delay,High,Carrier route delay,Open
FUL006413,O053430,C001535,2137,2025-08-26,cancellation_review,Medium,Customer or fulfillment cancellation,Closed
FUL006414,O053435,C000998,8790,2025-08-27,carrier_delay,High,Carrier route delay,Open
FUL006415,O053440,C000089,4116,2025-08-27,carrier_delay,High,Carrier route delay,Open
FUL006416,O053449,C000666,10095,2025-08-27,carrier_delay,High,Carrier route delay,Open
FUL006417,O053454,C000851,6319,2025-08-27,carrier_delay,High,Carrier route delay,Open
FUL006418,O053457,C001919,11681,2025-08-27,cancellation_review,Medium,Customer or fulfillment cancellation,Closed
FUL006419,O053472,C001077,5660,2025-08-27,carrier_delay,High,Carrier route delay,Open
FUL006420,O053479,C001021,10545,2025-08-27,carrier_delay,High,Carrier route delay,Open
FUL006421,O053480,C000258,8016,2025-08-27,carrier_delay,High,Carrier route delay,Open
FUL006422,O053484,C001064,11077,2025-08-27,carrier_delay,High,Carrier route delay,Open
FUL006423,O053490,C001985,7028,2025-08-27,carrier_delay,High,Carrier route delay,Open
FUL006424,O053494,C000437,2514,2025-08-27,carrier_delay,High,Carrier route delay,Open
FUL006425,O053498,C001287,4683,2025-08-27,cancellation_review,Medium,Customer or fulfillment cancellation,Closed
FUL006426,O053499,C000934,1946,2025-08-27,carrier_delay,High,Carrier route delay,Open
FUL006427,O053500,C000022,5004,2025-08-27,carrier_delay,High,Carrier route delay,Open
FUL006428,O053505,C000357,3099,2025-08-28,carrier_delay,High,Carrier route delay,Open
FUL006429,O053520,C001711,5665,2025-08-28,carrier_delay,High,Carrier route delay,Open
FUL006430,O053525,C001194,2446,2025-08-28,carrier_delay,High,Carrier route delay,Open
FUL006431,O053529,C001505,5987,2025-08-28,carrier_delay,High,Carrier route delay,Open
FUL006432,O053535,C000396,6473,2025-08-28,cancellation_review,Medium,Customer or fulfillment cancellation,Closed
FUL006433,O053540,C000331,8524,2025-08-28,carrier_delay,High,Carrier route delay,Open
FUL006434,O053559,C000017,4663,2025-08-28,carrier_delay,High,Carrier route delay,Open
FUL006435,O053565,C001450,7439,2025-08-28,carrier_delay,High,Carrier route delay,Open
FUL006436,O053595,C000356,12329,2025-08-29,carrier_delay,High,Carrier route delay,Open
FUL006437,O005360,C000105,6285,2023-09-25,carrier_delay,High,Carrier route delay,Open
FUL006438,O053603,C000853,8198,2025-08-29,carrier_delay,High,Carrier route delay,Open
FUL006439,O053605,C000770,6263,2025-08-29,carrier_delay,High,Carrier route delay,Open
FUL006440,O053609,C001684,5829,2025-08-29,carrier_delay,High,Carrier route delay,Open
FUL006441,O053610,C000264,10610,2025-08-29,carrier_delay,High,Carrier route delay,Open
FUL006442,O053615,C000283,8380,2025-08-29,carrier_delay,High,Carrier route delay,Open
FUL006443,O053634,C000869,2134,2025-08-29,carrier_delay,High,Carrier route delay,Open
FUL006444,O053636,C001702,9096,2025-08-29,carrier_delay,High,Carrier route delay,Open
FUL006445,O053637,C000102,11344,2025-08-29,carrier_delay,High,Carrier route delay,Open
FUL006446,O053640,C000742,10815,2025-08-30,carrier_delay,High,Carrier route delay,Open
FUL006447,O053641,C000053,9883,2025-08-30,carrier_delay,High,Carrier route delay,Open
FUL006448,O053650,C001216,8919,2025-08-30,carrier_delay,High,Carrier route delay,Open
FUL006449,O053654,C001408,7595,2025-08-30,carrier_delay,High,Carrier route delay,Open
FUL006450,O053655,C001468,4624,2025-08-30,carrier_delay,High,Carrier route delay,Open
FUL006451,O053664,C000131,2074,2025-08-30,carrier_delay,High,Carrier route delay,Open
FUL006452,O053672,C001975,2038,2025-08-30,carrier_delay,High,Carrier route delay,Open
FUL006453,O053673,C000712,5824,2025-08-30,carrier_delay,High,Carrier route delay,Open
FUL006454,O053684,C000318,11884,2025-08-30,carrier_delay,High,Carrier route delay,Open
FUL006455,O053689,C000908,5865,2025-08-30,carrier_delay,High,Carrier route delay,Open
FUL006456,O005369,C000892,9847,2023-09-25,carrier_delay,High,Carrier route delay,Open
FUL006457,O005371,C000589,4914,2023-09-25,carrier_delay,High,Carrier route delay,Open
FUL006458,O053714,C001642,11957,2025-08-31,carrier_delay,High,Carrier route delay,Open
FUL006459,O005372,C000665,10398,2023-09-25,carrier_delay,High,Carrier route delay,Open
FUL006460,O053725,C000703,465,2025-08-31,carrier_delay,High,Carrier route delay,Open
FUL006461,O053750,C000972,8542,2025-08-31,carrier_delay,High,Carrier route delay,Open
FUL006462,O053754,C001144,2169,2025-08-31,carrier_delay,High,Carrier route delay,Open
FUL006463,O053772,C001689,1331,2025-08-31,carrier_delay,High,Carrier route delay,Open
FUL006464,O053775,C001035,586,2025-08-31,carrier_delay,High,Carrier route delay,Open
FUL006465,O053778,C001746,8607,2025-09-01,carrier_delay,High,Carrier route delay,Open
FUL006466,O053779,C000557,5207,2025-09-01,carrier_delay,High,Carrier route delay,Open
FUL006467,O053784,C001212,2759,2025-09-01,carrier_delay,High,Carrier route delay,Open
FUL006468,O053793,C000028,1011,2025-09-01,carrier_delay,High,Carrier route delay,Open
FUL006469,O005380,C000882,8174,2023-09-25,carrier_delay,High,Carrier route delay,Open
FUL006470,O053809,C001563,1765,2025-09-01,carrier_delay,High,Carrier route delay,Open
FUL006471,O005381,C001937,3508,2023-09-25,carrier_delay,High,Carrier route delay,Open
FUL006472,O053823,C001675,5852,2025-09-01,carrier_delay,High,Carrier route delay,Open
FUL006473,O053834,C001515,6108,2025-09-01,carrier_delay,High,Carrier route delay,Open
FUL006474,O053842,C001828,3905,2025-09-01,carrier_delay,High,Carrier route delay,Open
FUL006475,O053843,C001036,10765,2025-09-01,carrier_delay,High,Carrier route delay,Open
FUL006476,O053844,C001119,6023,2025-09-01,carrier_delay,High,Carrier route delay,Open
FUL006477,O053845,C000639,8254,2025-09-01,carrier_delay,High,Carrier route delay,Open
FUL006478,O005385,C001578,2093,2023-09-25,carrier_delay,High,Carrier route delay,Open
FUL006479,O053855,C000485,5311,2025-09-02,cancellation_review,Medium,Customer or fulfillment cancellation,Closed
FUL006480,O053859,C000041,12285,2025-09-02,carrier_delay,High,Carrier route delay,Open
FUL006481,O053870,C000128,9743,2025-09-02,carrier_delay,High,Carrier route delay,Open
FUL006482,O053874,C000363,3635,2025-09-02,carrier_delay,High,Carrier route delay,Open
FUL006483,O053880,C001992,2922,2025-09-02,carrier_delay,High,Carrier route delay,Open
FUL006484,O053889,C000078,468,2025-09-02,carrier_delay,High,Carrier route delay,Open
FUL006485,O053894,C000115,11656,2025-09-02,carrier_delay,High,Carrier route delay,Open
FUL006486,O053895,C001130,5671,2025-09-02,carrier_delay,High,Carrier route delay,Open
FUL006487,O053919,C000588,10849,2025-09-03,carrier_delay,High,Carrier route delay,Open
FUL006488,O053929,C000089,4116,2025-09-03,carrier_delay,High,Carrier route delay,Open
FUL006489,O053940,C000139,2224,2025-09-03,carrier_delay,High,Carrier route delay,Open
FUL006490,O053955,C001453,6338,2025-09-03,carrier_delay,High,Carrier route delay,Open
FUL006491,O053956,C001608,4275,2025-09-03,carrier_delay,High,Carrier route delay,Open
FUL006492,O053957,C000139,2224,2025-09-03,carrier_delay,High,Carrier route delay,Open
FUL006493,O005396,C001537,4494,2023-09-25,carrier_delay,High,Carrier route delay,Open
FUL006494,O053964,C000505,9731,2025-09-03,carrier_delay,High,Carrier route delay,Open
FUL006495,O005397,C000066,450,2023-09-25,carrier_delay,High,Carrier route delay,Open
FUL006496,O053977,C001918,5236,2025-09-03,carrier_delay,High,Carrier route delay,Open
FUL006497,O053978,C000016,2292,2025-09-03,carrier_delay,High,Carrier route delay,Open
FUL006498,O053993,C001353,5300,2025-09-04,carrier_delay,High,Carrier route delay,Open
FUL006499,O054002,C000395,1100,2025-09-04,carrier_delay,High,Carrier route delay,Open
FUL006500,O054010,C000109,4812,2025-09-04,carrier_delay,High,Carrier route delay,Open
FUL006501,O054013,C001264,3021,2025-09-04,carrier_delay,High,Carrier route delay,Open
FUL006502,O054031,C000522,10650,2025-09-04,carrier_delay,High,Carrier route delay,Open
FUL006503,O054035,C001460,1961,2025-09-04,carrier_delay,High,Carrier route delay,Open
FUL006504,O054037,C001056,3678,2025-09-04,carrier_delay,High,Carrier route delay,Open
FUL006505,O054080,C000863,4931,2025-09-05,carrier_delay,High,Carrier route delay,Open
FUL006506,O054098,C001861,3499,2025-09-05,carrier_delay,High,Carrier route delay,Open
FUL006507,O054109,C000498,11513,2025-09-05,carrier_delay,High,Carrier route delay,Open
FUL006508,O054116,C000094,687,2025-09-05,carrier_delay,High,Carrier route delay,Open
FUL006509,O054119,C000736,3365,2025-09-05,carrier_delay,High,Carrier route delay,Open
FUL006510,O054124,C001713,10759,2025-09-06,cancellation_review,Medium,Customer or fulfillment cancellation,Closed
FUL006511,O054128,C000891,8986,2025-09-06,carrier_delay,High,Carrier route delay,Open
FUL006512,O054144,C000640,9528,2025-09-06,carrier_delay,High,Carrier route delay,Open
FUL006513,O054152,C000730,11777,2025-09-06,carrier_delay,High,Carrier route delay,Open
FUL006514,O054159,C001499,3262,2025-09-06,carrier_delay,High,Carrier route delay,Open
FUL006515,O054174,C001001,9273,2025-09-06,carrier_delay,High,Carrier route delay,Open
FUL006516,O054175,C000680,2893,2025-09-06,carrier_delay,High,Carrier route delay,Open
FUL006517,O054177,C001281,4798,2025-09-06,carrier_delay,High,Carrier route delay,Open
FUL006518,O005418,C000532,11403,2023-09-26,carrier_delay,High,Carrier route delay,Open
FUL006519,O054183,C001082,1466,2025-09-06,carrier_delay,High,Carrier route delay,Open
FUL006520,O054198,C000072,6305,2025-09-07,carrier_delay,High,Carrier route delay,Open
FUL006521,O054200,C001843,10109,2025-09-07,carrier_delay,High,Carrier route delay,Open
FUL006522,O054202,C001016,4967,2025-09-07,carrier_delay,High,Carrier route delay,Open
FUL006523,O054205,C001501,5453,2025-09-07,carrier_delay,High,Carrier route delay,Open
FUL006524,O054225,C000242,685,2025-09-07,carrier_delay,High,Carrier route delay,Open
FUL006525,O054235,C000016,2292,2025-09-07,carrier_delay,High,Carrier route delay,Open
FUL006526,O054236,C000594,12064,2025-09-07,carrier_delay,High,Carrier route delay,Open
FUL006527,O054239,C000292,10707,2025-09-07,cancellation_review,Medium,Customer or fulfillment cancellation,Closed
FUL006528,O005424,C001649,11574,2023-09-26,carrier_delay,High,Carrier route delay,Open
FUL006529,O054240,C001635,7356,2025-09-07,carrier_delay,High,Carrier route delay,Open
FUL006530,O054269,C001228,2618,2025-09-08,carrier_delay,High,Carrier route delay,Open
FUL006531,O054270,C001520,4272,2025-09-08,carrier_delay,High,Carrier route delay,Open
FUL006532,O054290,C001348,12424,2025-09-08,cancellation_review,Medium,Customer or fulfillment cancellation,Closed
FUL006533,O054299,C001770,5845,2025-09-08,carrier_delay,High,Carrier route delay,Open
FUL006534,O054302,C000748,11109,2025-09-08,carrier_delay,High,Carrier route delay,Open
FUL006535,O054305,C001500,10062,2025-09-08,carrier_delay,High,Carrier route delay,Open
FUL006536,O054323,C000975,9560,2025-09-08,carrier_delay,High,Carrier route delay,Open
FUL006537,O054324,C001729,8229,2025-09-08,carrier_delay,High,Carrier route delay,Open
FUL006538,O054334,C001289,6179,2025-09-09,carrier_delay,High,Carrier route delay,Open
FUL006539,O054342,C000012,1464,2025-09-09,carrier_delay,High,Carrier route delay,Open
FUL006540,O054345,C001076,6746,2025-09-09,carrier_delay,High,Carrier route delay,Open
FUL006541,O054346,C000699,6725,2025-09-09,carrier_delay,High,Carrier route delay,Open
FUL006542,O054349,C000245,1747,2025-09-09,carrier_delay,High,Carrier route delay,Open
FUL006543,O054365,C000105,6285,2025-09-09,carrier_delay,High,Carrier route delay,Open
FUL006544,O054366,C000022,5004,2025-09-09,carrier_delay,High,Carrier route delay,Open
FUL006545,O054367,C000002,9371,2025-09-09,carrier_delay,High,Carrier route delay,Open
FUL006546,O054383,C001957,4193,2025-09-09,carrier_delay,High,Carrier route delay,Open
FUL006547,O054389,C000084,6615,2025-09-09,carrier_delay,High,Carrier route delay,Open
FUL006548,O054391,C000560,5658,2025-09-09,carrier_delay,High,Carrier route delay,Open
FUL006549,O054393,C000259,2389,2025-09-09,carrier_delay,High,Carrier route delay,Open
FUL006550,O054395,C001915,359,2025-09-10,carrier_delay,High,Carrier route delay,Open
FUL006551,O054414,C001185,2403,2025-09-10,carrier_delay,High,Carrier route delay,Open
FUL006552,O054418,C000986,11668,2025-09-10,carrier_delay,High,Carrier route delay,Open
FUL006553,O054441,C001896,947,2025-09-10,carrier_delay,High,Carrier route delay,Open
FUL006554,O054445,C001557,10668,2025-09-10,carrier_delay,High,Carrier route delay,Open
FUL006555,O054455,C000403,194,2025-09-10,carrier_delay,High,Carrier route delay,Open
FUL006556,O054459,C000762,4969,2025-09-10,carrier_delay,High,Carrier route delay,Open
FUL006557,O054476,C001861,3499,2025-09-11,cancellation_review,Medium,Customer or fulfillment cancellation,Closed
FUL006558,O054484,C000150,5173,2025-09-11,carrier_delay,High,Carrier route delay,Open
FUL006559,O054500,C001525,9384,2025-09-11,carrier_delay,High,Carrier route delay,Open
FUL006560,O054510,C001210,2111,2025-09-11,carrier_delay,High,Carrier route delay,Open
FUL006561,O054512,C000450,9353,2025-09-11,carrier_delay,High,Carrier route delay,Open
FUL006562,O054515,C000065,11888,2025-09-11,carrier_delay,High,Carrier route delay,Open
FUL006563,O054535,C000602,1607,2025-09-12,carrier_delay,High,Carrier route delay,Open
FUL006564,O054547,C001133,9162,2025-09-12,carrier_delay,High,Carrier route delay,Open
FUL006565,O005455,C000098,7670,2023-09-26,carrier_delay,High,Carrier route delay,Open
FUL006566,O054569,C001092,12117,2025-09-12,carrier_delay,High,Carrier route delay,Open
FUL006567,O054575,C000891,8986,2025-09-12,carrier_delay,High,Carrier route delay,Open
FUL006568,O054577,C001193,10766,2025-09-12,carrier_delay,High,Carrier route delay,Open
FUL006569,O054582,C000583,7777,2025-09-12,carrier_delay,High,Carrier route delay,Open
FUL006570,O054588,C000434,8171,2025-09-12,carrier_delay,High,Carrier route delay,Open
FUL006571,O054590,C000370,542,2025-09-12,carrier_delay,High,Carrier route delay,Open
FUL006572,O054597,C000900,9969,2025-09-12,carrier_delay,High,Carrier route delay,Open
FUL006573,O054609,C001208,6356,2025-09-13,carrier_delay,High,Carrier route delay,Open
FUL006574,O054614,C001274,8674,2025-09-13,carrier_delay,High,Carrier route delay,Open
FUL006575,O054627,C000892,9847,2025-09-13,carrier_delay,High,Carrier route delay,Open
FUL006576,O005463,C000255,11156,2023-09-26,carrier_delay,High,Carrier route delay,Open
FUL006577,O054640,C000980,639,2025-09-13,carrier_delay,High,Carrier route delay,Open
FUL006578,O054647,C001242,2469,2025-09-13,carrier_delay,High,Carrier route delay,Open
FUL006579,O054648,C000738,11542,2025-09-13,cancellation_review,Medium,Customer or fulfillment cancellation,Closed
FUL006580,O054649,C001784,2873,2025-09-13,carrier_delay,High,Carrier route delay,Open
FUL006581,O005465,C000517,5533,2023-09-26,carrier_delay,High,Carrier route delay,Open
FUL006582,O054659,C001736,6602,2025-09-13,carrier_delay,High,Carrier route delay,Open
FUL006583,O054660,C001720,4974,2025-09-13,carrier_delay,High,Carrier route delay,Open
FUL006584,O054677,C000874,9967,2025-09-14,carrier_delay,High,Carrier route delay,Open
FUL006585,O054679,C001515,6108,2025-09-14,carrier_delay,High,Carrier route delay,Open
FUL006586,O054715,C000969,4164,2025-09-14,carrier_delay,High,Carrier route delay,Open
FUL006587,O054720,C001399,7739,2025-09-14,carrier_delay,High,Carrier route delay,Open
FUL006588,O054722,C000468,2872,2025-09-14,carrier_delay,High,Carrier route delay,Open
FUL006589,O054723,C001347,4713,2025-09-14,cancellation_review,Medium,Customer or fulfillment cancellation,Closed
FUL006590,O054742,C000898,6236,2025-09-15,carrier_delay,High,Carrier route delay,Open
FUL006591,O054744,C000117,6696,2025-09-15,carrier_delay,High,Carrier route delay,Open
FUL006592,O005475,C000976,4199,2023-09-26,carrier_delay,High,Carrier route delay,Open
FUL006593,O054759,C000727,10543,2025-09-15,carrier_delay,High,Carrier route delay,Open
FUL006594,O054760,C001895,11665,2025-09-15,carrier_delay,High,Carrier route delay,Open
FUL006595,O054767,C001063,8233,2025-09-15,carrier_delay,High,Carrier route delay,Open
FUL006596,O054779,C001178,1448,2025-09-15,carrier_delay,High,Carrier route delay,Open
FUL006597,O054780,C001182,11689,2025-09-15,carrier_delay,High,Carrier route delay,Open
FUL006598,O054795,C000044,749,2025-09-15,carrier_delay,High,Carrier route delay,Open
FUL006599,O054799,C000994,10778,2025-09-15,carrier_delay,High,Carrier route delay,Open
FUL006600,O054804,C000019,12284,2025-09-15,carrier_delay,High,Carrier route delay,Open
FUL006601,O054805,C001532,7958,2025-09-16,carrier_delay,High,Carrier route delay,Open
FUL006602,O005481,C000343,2842,2023-09-26,carrier_delay,High,Carrier route delay,Open
FUL006603,O054810,C000388,9590,2025-09-16,carrier_delay,High,Carrier route delay,Open
FUL006604,O054819,C001028,10891,2025-09-16,carrier_delay,High,Carrier route delay,Open
FUL006605,O054825,C001207,11362,2025-09-16,carrier_delay,High,Carrier route delay,Open
FUL006606,O054827,C000056,1695,2025-09-16,cancellation_review,Medium,Customer or fulfillment cancellation,Closed
FUL006607,O054832,C000252,2626,2025-09-16,carrier_delay,High,Carrier route delay,Open
FUL006608,O005484,C000654,12123,2023-09-27,carrier_delay,High,Carrier route delay,Open
FUL006609,O054845,C001571,2320,2025-09-16,carrier_delay,High,Carrier route delay,Open
FUL006610,O054849,C000503,1802,2025-09-16,cancellation_review,Medium,Customer or fulfillment cancellation,Closed
FUL006611,O054860,C000477,2553,2025-09-16,carrier_delay,High,Carrier route delay,Open
FUL006612,O005487,C000457,8666,2023-09-27,carrier_delay,High,Carrier route delay,Open
FUL006613,O054873,C000643,1387,2025-09-17,carrier_delay,High,Carrier route delay,Open
FUL006614,O054889,C001987,6616,2025-09-17,carrier_delay,High,Carrier route delay,Open
FUL006615,O054890,C000287,1824,2025-09-17,carrier_delay,High,Carrier route delay,Open
FUL006616,O054896,C000020,7200,2025-09-17,carrier_delay,High,Carrier route delay,Open
FUL006617,O054905,C000787,6229,2025-09-17,carrier_delay,High,Carrier route delay,Open
FUL006618,O054909,C001747,10018,2025-09-17,carrier_delay,High,Carrier route delay,Open
FUL006619,O054914,C000724,10681,2025-09-17,carrier_delay,High,Carrier route delay,Open
FUL006620,O054917,C000189,7597,2025-09-17,carrier_delay,High,Carrier route delay,Open
FUL006621,O054924,C001369,10296,2025-09-17,carrier_delay,High,Carrier route delay,Open
FUL006622,O054938,C000253,4460,2025-09-17,carrier_delay,High,Carrier route delay,Open
FUL006623,O005494,C000184,1844,2023-09-27,carrier_delay,High,Carrier route delay,Open
FUL006624,O054946,C000093,1540,2025-09-18,carrier_delay,High,Carrier route delay,Open
FUL006625,O005495,C001752,4456,2023-09-27,carrier_delay,High,Carrier route delay,Open
FUL006626,O054960,C000595,10965,2025-09-18,carrier_delay,High,Carrier route delay,Open
FUL006627,O054965,C000410,7082,2025-09-18,cancellation_review,Medium,Customer or fulfillment cancellation,Closed
FUL006628,O054969,C000700,241,2025-09-18,carrier_delay,High,Carrier route delay,Open
FUL006629,O054975,C000844,9872,2025-09-18,carrier_delay,High,Carrier route delay,Open
FUL006630,O054984,C000027,2774,2025-09-18,carrier_delay,High,Carrier route delay,Open
FUL006631,O054987,C001932,2668,2025-09-18,carrier_delay,High,Carrier route delay,Open
FUL006632,O054990,C000210,6664,2025-09-18,carrier_delay,High,Carrier route delay,Open
FUL006633,O055000,C000167,9897,2025-09-18,cancellation_review,Medium,Customer or fulfillment cancellation,Closed
FUL006634,O005501,C001448,6014,2023-09-27,carrier_delay,High,Carrier route delay,Open
FUL006635,O055012,C001101,2157,2025-09-19,cancellation_review,Medium,Customer or fulfillment cancellation,Closed
FUL006636,O055019,C000110,9697,2025-09-19,carrier_delay,High,Carrier route delay,Open
FUL006637,O055024,C000076,2970,2025-09-19,carrier_delay,High,Carrier route delay,Open
FUL006638,O055034,C001381,1038,2025-09-19,carrier_delay,High,Carrier route delay,Open
FUL006639,O055044,C001357,8768,2025-09-19,carrier_delay,High,Carrier route delay,Open
FUL006640,O055049,C001861,3499,2025-09-19,carrier_delay,High,Carrier route delay,Open
FUL006641,O005506,C001045,9879,2023-09-27,carrier_delay,High,Carrier route delay,Open
FUL006642,O055074,C001602,8602,2025-09-19,carrier_delay,High,Carrier route delay,Open
FUL006643,O055080,C001385,4016,2025-09-20,carrier_delay,High,Carrier route delay,Open
FUL006644,O055083,C001575,4225,2025-09-20,carrier_delay,High,Carrier route delay,Open
FUL006645,O055084,C001151,1255,2025-09-20,carrier_delay,High,Carrier route delay,Open
FUL006646,O055085,C000606,11128,2025-09-20,carrier_delay,High,Carrier route delay,Open
FUL006647,O055087,C000515,4444,2025-09-20,carrier_delay,High,Carrier route delay,Open
FUL006648,O055095,C001461,2301,2025-09-20,carrier_delay,High,Carrier route delay,Open
FUL006649,O055112,C000736,3365,2025-09-20,carrier_delay,High,Carrier route delay,Open
FUL006650,O055137,C001774,2174,2025-09-20,carrier_delay,High,Carrier route delay,Open
FUL006651,O055144,C001707,10883,2025-09-20,carrier_delay,High,Carrier route delay,Open
FUL006652,O055150,C000313,4454,2025-09-21,carrier_delay,High,Carrier route delay,Open
FUL006653,O055154,C000406,8012,2025-09-21,carrier_delay,High,Carrier route delay,Open
FUL006654,O055155,C001627,3752,2025-09-21,carrier_delay,High,Carrier route delay,Open
FUL006655,O055164,C000903,11817,2025-09-21,carrier_delay,High,Carrier route delay,Open
FUL006656,O055170,C000076,2970,2025-09-21,carrier_delay,High,Carrier route delay,Open
FUL006657,O055194,C000716,7868,2025-09-21,carrier_delay,High,Carrier route delay,Open
FUL006658,O055199,C000799,4376,2025-09-21,carrier_delay,High,Carrier route delay,Open
FUL006659,O000552,C000207,1445,2023-07-17,cancellation_review,Medium,Customer or fulfillment cancellation,Closed
FUL006660,O005520,C000041,12285,2023-09-27,carrier_delay,High,Carrier route delay,Open
FUL006661,O055210,C000338,1014,2025-09-21,carrier_delay,High,Carrier route delay,Open
FUL006662,O055214,C000309,11305,2025-09-21,carrier_delay,High,Carrier route delay,Open
FUL006663,O055220,C001441,10165,2025-09-22,carrier_delay,High,Carrier route delay,Open
FUL006664,O055222,C000164,1025,2025-09-22,carrier_delay,High,Carrier route delay,Open
FUL006665,O055227,C000929,9992,2025-09-22,carrier_delay,High,Carrier route delay,Open
FUL006666,O055229,C000628,6428,2025-09-22,carrier_delay,High,Carrier route delay,Open
FUL006667,O055230,C000063,7631,2025-09-22,carrier_delay,High,Carrier route delay,Open
FUL006668,O055234,C001209,10899,2025-09-22,carrier_delay,High,Carrier route delay,Open
FUL006669,O055240,C001173,11285,2025-09-22,carrier_delay,High,Carrier route delay,Open
FUL006670,O055247,C000155,9515,2025-09-22,carrier_delay,High,Carrier route delay,Open
FUL006671,O055259,C001963,10570,2025-09-22,carrier_delay,High,Carrier route delay,Open
FUL006672,O055272,C000791,4595,2025-09-22,carrier_delay,High,Carrier route delay,Open
FUL006673,O055290,C000209,7633,2025-09-23,cancellation_review,Medium,Customer or fulfillment cancellation,Closed
FUL006674,O055291,C000556,9636,2025-09-23,carrier_delay,High,Carrier route delay,Open
FUL006675,O055299,C000099,2851,2025-09-23,carrier_delay,High,Carrier route delay,Open
FUL006676,O005530,C001379,5612,2023-09-27,carrier_delay,High,Carrier route delay,Open
FUL006677,O055307,C000221,197,2025-09-23,carrier_delay,High,Carrier route delay,Open
FUL006678,O055309,C000696,5640,2025-09-23,carrier_delay,High,Carrier route delay,Open
FUL006679,O055326,C000732,8930,2025-09-23,carrier_delay,High,Carrier route delay,Open
FUL006680,O055328,C000745,4721,2025-09-23,carrier_delay,High,Carrier route delay,Open
FUL006681,O005534,C000004,1657,2023-09-27,carrier_delay,High,Carrier route delay,Open
FUL006682,O055340,C001360,2727,2025-09-23,carrier_delay,High,Carrier route delay,Open
FUL006683,O055342,C000497,11793,2025-09-23,carrier_delay,High,Carrier route delay,Open
FUL006684,O055365,C000398,1379,2025-09-24,carrier_delay,High,Carrier route delay,Open
FUL006685,O055374,C001032,9990,2025-09-24,carrier_delay,High,Carrier route delay,Open
FUL006686,O055395,C000540,4187,2025-09-24,carrier_delay,High,Carrier route delay,Open
FUL006687,O005540,C000045,10777,2023-09-27,carrier_delay,High,Carrier route delay,Open
FUL006688,O055400,C001282,5427,2025-09-24,carrier_delay,High,Carrier route delay,Open
FUL006689,O055405,C000252,2626,2025-09-24,carrier_delay,High,Carrier route delay,Open
FUL006690,O055409,C000544,1853,2025-09-24,carrier_delay,High,Carrier route delay,Open
FUL006691,O055411,C000807,9898,2025-09-24,carrier_delay,High,Carrier route delay,Open
FUL006692,O055424,C001839,700,2025-09-25,carrier_delay,High,Carrier route delay,Open
FUL006693,O005543,C000472,9692,2023-09-27,carrier_delay,High,Carrier route delay,Open
FUL006694,O055450,C001833,1249,2025-09-25,carrier_delay,High,Carrier route delay,Open
FUL006695,O055453,C000551,10490,2025-09-25,carrier_delay,High,Carrier route delay,Open
FUL006696,O055454,C000488,3655,2025-09-25,cancellation_review,Medium,Customer or fulfillment cancellation,Closed
FUL006697,O055456,C000790,12432,2025-09-25,carrier_delay,High,Carrier route delay,Open
FUL006698,O055458,C000688,2969,2025-09-25,carrier_delay,High,Carrier route delay,Open
FUL006699,O055460,C001624,1126,2025-09-25,carrier_delay,High,Carrier route delay,Open
FUL006700,O055475,C001045,9879,2025-09-25,carrier_delay,High,Carrier route delay,Open
FUL006701,O055476,C000106,467,2025-09-25,carrier_delay,High,Carrier route delay,Open
FUL006702,O055524,C000071,5454,2025-09-26,carrier_delay,High,Carrier route delay,Open
FUL006703,O055529,C001443,11032,2025-09-26,carrier_delay,High,Carrier route delay,Open
FUL006704,O055538,C000650,3304,2025-09-26,carrier_delay,High,Carrier route delay,Open
FUL006705,O055539,C001249,383,2025-09-26,carrier_delay,High,Carrier route delay,Open
FUL006706,O055544,C001268,7216,2025-09-26,carrier_delay,High,Carrier route delay,Open
FUL006707,O055549,C000802,10803,2025-09-26,carrier_delay,High,Carrier route delay,Open
FUL006708,O055556,C000080,7445,2025-09-26,carrier_delay,High,Carrier route delay,Open
FUL006709,O055561,C001654,8506,2025-09-27,carrier_delay,High,Carrier route delay,Open
FUL006710,O055565,C000832,3868,2025-09-27,carrier_delay,High,Carrier route delay,Open
FUL006711,O055572,C000265,9928,2025-09-27,carrier_delay,High,Carrier route delay,Open
FUL006712,O005558,C000824,3323,2023-09-28,carrier_delay,High,Carrier route delay,Open
FUL006713,O055584,C000057,1920,2025-09-27,carrier_delay,High,Carrier route delay,Open
FUL006714,O055603,C001098,4707,2025-09-27,carrier_delay,High,Carrier route delay,Open
FUL006715,O055612,C001203,5158,2025-09-27,carrier_delay,High,Carrier route delay,Open
FUL006716,O055617,C001802,2593,2025-09-27,carrier_delay,High,Carrier route delay,Open
FUL006717,O055618,C000756,72,2025-09-27,carrier_delay,High,Carrier route delay,Open
FUL006718,O055621,C000098,7670,2025-09-27,carrier_delay,High,Carrier route delay,Open
FUL006719,O055623,C000009,5654,2025-09-27,carrier_delay,High,Carrier route delay,Open
FUL006720,O055624,C000090,9580,2025-09-27,carrier_delay,High,Carrier route delay,Open
FUL006721,O055625,C000413,6836,2025-09-27,carrier_delay,High,Carrier route delay,Open
FUL006722,O055626,C000368,3257,2025-09-27,carrier_delay,High,Carrier route delay,Open
FUL006723,O055635,C001835,9093,2025-09-28,carrier_delay,High,Carrier route delay,Open
FUL006724,O055652,C000482,8895,2025-09-28,carrier_delay,High,Carrier route delay,Open
FUL006725,O055653,C001754,10134,2025-09-28,carrier_delay,High,Carrier route delay,Open
FUL006726,O055657,C001522,11504,2025-09-28,carrier_delay,High,Carrier route delay,Open
FUL006727,O055658,C001387,10017,2025-09-28,carrier_delay,High,Carrier route delay,Open
FUL006728,O055665,C001871,7161,2025-09-28,carrier_delay,High,Carrier route delay,Open
FUL006729,O055669,C000787,6229,2025-09-28,carrier_delay,High,Carrier route delay,Open
FUL006730,O055670,C000909,2291,2025-09-28,carrier_delay,High,Carrier route delay,Open
FUL006731,O055674,C001947,11330,2025-09-28,carrier_delay,High,Carrier route delay,Open
FUL006732,O055677,C000713,7327,2025-09-28,carrier_delay,High,Carrier route delay,Open
FUL006733,O055679,C001284,8929,2025-09-28,carrier_delay,High,Carrier route delay,Open
FUL006734,O055684,C001270,3595,2025-09-28,carrier_delay,High,Carrier route delay,Open
FUL006735,O055690,C000039,5146,2025-09-28,carrier_delay,High,Carrier route delay,Open
FUL006736,O000557,C001683,4855,2023-07-17,carrier_delay,High,Carrier route delay,Open
FUL006737,O055714,C000594,12064,2025-09-29,carrier_delay,High,Carrier route delay,Open
FUL006738,O055717,C000938,5413,2025-09-29,carrier_delay,High,Carrier route delay,Open
FUL006739,O055720,C000893,5186,2025-09-29,carrier_delay,High,Carrier route delay,Open
FUL006740,O055722,C000329,3735,2025-09-29,carrier_delay,High,Carrier route delay,Open
FUL006741,O055728,C001795,1236,2025-09-29,carrier_delay,High,Carrier route delay,Open
FUL006742,O005573,C001081,1670,2023-09-28,carrier_delay,High,Carrier route delay,Open
FUL006743,O055734,C000095,5582,2025-09-29,carrier_delay,High,Carrier route delay,Open
FUL006744,O055735,C000507,12107,2025-09-29,cancellation_review,Medium,Customer or fulfillment cancellation,Closed
FUL006745,O005574,C000846,2609,2023-09-28,carrier_delay,High,Carrier route delay,Open
FUL006746,O055752,C000131,2074,2025-09-29,cancellation_review,Medium,Customer or fulfillment cancellation,Closed
FUL006747,O055760,C001660,4750,2025-09-29,carrier_delay,High,Carrier route delay,Open
FUL006748,O055772,C000629,7571,2025-09-30,carrier_delay,High,Carrier route delay,Open
FUL006749,O055780,C001250,12321,2025-09-30,carrier_delay,High,Carrier route delay,Open
FUL006750,O055786,C000797,5672,2025-09-30,carrier_delay,High,Carrier route delay,Open
FUL006751,O055787,C000147,10829,2025-09-30,carrier_delay,High,Carrier route delay,Open
FUL006752,O055788,C001659,5145,2025-09-30,cancellation_review,Medium,Customer or fulfillment cancellation,Closed
FUL006753,O055795,C000357,3099,2025-09-30,carrier_delay,High,Carrier route delay,Open
FUL006754,O000558,C001420,4562,2023-07-17,carrier_delay,High,Carrier route delay,Open
FUL006755,O055801,C000680,2893,2025-09-30,carrier_delay,High,Carrier route delay,Open
FUL006756,O055802,C000066,450,2025-09-30,carrier_delay,High,Carrier route delay,Open
FUL006757,O055816,C001049,434,2025-09-30,carrier_delay,High,Carrier route delay,Open
FUL006758,O055829,C000628,6428,2025-09-30,carrier_delay,High,Carrier route delay,Open
FUL006759,O055830,C000881,5787,2025-09-30,carrier_delay,High,Carrier route delay,Open
FUL006760,O055839,C001588,3417,2025-10-01,carrier_delay,High,Carrier route delay,Open
FUL006761,O055849,C000968,5084,2025-10-01,carrier_delay,High,Carrier route delay,Open
FUL006762,O055852,C000922,9589,2025-10-01,carrier_delay,High,Carrier route delay,Open
FUL006763,O055864,C001750,4147,2025-10-01,carrier_delay,High,Carrier route delay,Open
FUL006764,O055868,C000245,1747,2025-10-01,carrier_delay,High,Carrier route delay,Open
FUL006765,O005587,C000382,7457,2023-09-28,carrier_delay,High,Carrier route delay,Open
FUL006766,O055874,C001166,10552,2025-10-01,carrier_delay,High,Carrier route delay,Open
FUL006767,O055878,C000138,8964,2025-10-01,carrier_delay,High,Carrier route delay,Open
FUL006768,O055882,C000436,5264,2025-10-01,carrier_delay,High,Carrier route delay,Open
FUL006769,O055884,C001796,5559,2025-10-01,carrier_delay,High,Carrier route delay,Open
FUL006770,O055885,C000413,6836,2025-10-01,carrier_delay,High,Carrier route delay,Open
FUL006771,O055894,C000472,9692,2025-10-01,carrier_delay,High,Carrier route delay,Open
FUL006772,O055904,C001354,2078,2025-10-02,carrier_delay,High,Carrier route delay,Open
FUL006773,O005591,C001806,5417,2023-09-28,carrier_delay,High,Carrier route delay,Open
FUL006774,O055928,C001926,3331,2025-10-02,carrier_delay,High,Carrier route delay,Open
FUL006775,O005593,C001280,11667,2023-09-28,carrier_delay,High,Carrier route delay,Open
FUL006776,O055942,C001982,2684,2025-10-02,carrier_delay,High,Carrier route delay,Open
FUL006777,O055946,C001909,11509,2025-10-02,carrier_delay,High,Carrier route delay,Open
FUL006778,O055955,C000781,4991,2025-10-02,carrier_delay,High,Carrier route delay,Open
FUL006779,O055958,C000478,5579,2025-10-02,carrier_delay,High,Carrier route delay,Open
FUL006780,O055962,C001173,11285,2025-10-02,carrier_delay,High,Carrier route delay,Open
FUL006781,O055968,C000185,6953,2025-10-02,carrier_delay,High,Carrier route delay,Open
FUL006782,O055979,C000790,12432,2025-10-03,carrier_delay,High,Carrier route delay,Open
FUL006783,O055980,C001343,3296,2025-10-03,carrier_delay,High,Carrier route delay,Open
FUL006784,O005599,C000602,1607,2023-09-28,carrier_delay,High,Carrier route delay,Open
FUL006785,O055993,C001333,7318,2025-10-03,cancellation_review,Medium,Customer or fulfillment cancellation,Closed
FUL006786,O055994,C001871,7161,2025-10-03,cancellation_review,Medium,Customer or fulfillment cancellation,Closed
FUL006787,O055998,C000281,1285,2025-10-03,carrier_delay,High,Carrier route delay,Open
FUL006788,O000560,C000710,744,2023-07-17,carrier_delay,High,Carrier route delay,Open
FUL006789,O056004,C001533,328,2025-10-03,carrier_delay,High,Carrier route delay,Open
FUL006790,O056009,C001433,2453,2025-10-03,carrier_delay,High,Carrier route delay,Open
FUL006791,O056014,C000389,9377,2025-10-03,carrier_delay,High,Carrier route delay,Open
FUL006792,O056019,C001022,907,2025-10-03,carrier_delay,High,Carrier route delay,Open
FUL006793,O005602,C000866,9789,2023-09-28,carrier_delay,High,Carrier route delay,Open
FUL006794,O056020,C001687,12261,2025-10-03,carrier_delay,High,Carrier route delay,Open
FUL006795,O005603,C000942,8757,2023-09-28,carrier_delay,High,Carrier route delay,Open
FUL006796,O056038,C000708,8719,2025-10-04,carrier_delay,High,Carrier route delay,Open
FUL006797,O056040,C000363,3635,2025-10-04,carrier_delay,High,Carrier route delay,Open
FUL006798,O056047,C000623,11417,2025-10-04,carrier_delay,High,Carrier route delay,Open
FUL006799,O005605,C001748,1385,2023-09-28,carrier_delay,High,Carrier route delay,Open
FUL006800,O056050,C000131,2074,2025-10-04,carrier_delay,High,Carrier route delay,Open
FUL006801,O056059,C000263,6137,2025-10-04,carrier_delay,High,Carrier route delay,Open
FUL006802,O056080,C001495,9683,2025-10-04,carrier_delay,High,Carrier route delay,Open
FUL006803,O005609,C001824,9949,2023-09-28,carrier_delay,High,Carrier route delay,Open
FUL006804,O056107,C000222,11733,2025-10-05,carrier_delay,High,Carrier route delay,Open
FUL006805,O056109,C000172,7139,2025-10-05,carrier_delay,High,Carrier route delay,Open
FUL006806,O056110,C001320,6003,2025-10-05,carrier_delay,High,Carrier route delay,Open
FUL006807,O056115,C001154,3926,2025-10-05,carrier_delay,High,Carrier route delay,Open
FUL006808,O056120,C000841,10854,2025-10-05,cancellation_review,Medium,Customer or fulfillment cancellation,Closed
FUL006809,O056134,C000728,3138,2025-10-05,carrier_delay,High,Carrier route delay,Open
FUL006810,O056137,C000029,6950,2025-10-05,carrier_delay,High,Carrier route delay,Open
FUL006811,O005614,C001455,4297,2023-09-28,carrier_delay,High,Carrier route delay,Open
FUL006812,O056145,C001786,8883,2025-10-05,carrier_delay,High,Carrier route delay,Open
FUL006813,O056161,C001571,2320,2025-10-05,carrier_delay,High,Carrier route delay,Open
FUL006814,O056165,C001138,2298,2025-10-05,carrier_delay,High,Carrier route delay,Open
FUL006815,O056179,C001890,10323,2025-10-06,carrier_delay,High,Carrier route delay,Open
FUL006816,O056183,C001053,11677,2025-10-06,carrier_delay,High,Carrier route delay,Open
FUL006817,O056186,C000930,4959,2025-10-06,carrier_delay,High,Carrier route delay,Open
FUL006818,O056189,C000810,6459,2025-10-06,carrier_delay,High,Carrier route delay,Open
FUL006819,O056190,C000787,6229,2025-10-06,carrier_delay,High,Carrier route delay,Open
FUL006820,O056199,C001079,4190,2025-10-06,carrier_delay,High,Carrier route delay,Open
FUL006821,O056205,C000342,4936,2025-10-06,carrier_delay,High,Carrier route delay,Open
FUL006822,O056215,C001542,12195,2025-10-06,carrier_delay,High,Carrier route delay,Open
FUL006823,O056218,C001993,11411,2025-10-06,carrier_delay,High,Carrier route delay,Open
FUL006824,O056224,C000991,888,2025-10-06,carrier_delay,High,Carrier route delay,Open
FUL006825,O056230,C000737,682,2025-10-06,carrier_delay,High,Carrier route delay,Open
FUL006826,O056231,C000467,1658,2025-10-06,carrier_delay,High,Carrier route delay,Open
FUL006827,O056244,C000145,437,2025-10-07,cancellation_review,Medium,Customer or fulfillment cancellation,Closed
FUL006828,O056255,C001871,7161,2025-10-07,carrier_delay,High,Carrier route delay,Open
FUL006829,O056257,C001944,2192,2025-10-07,carrier_delay,High,Carrier route delay,Open
FUL006830,O056269,C001808,3155,2025-10-07,carrier_delay,High,Carrier route delay,Open
FUL006831,O056270,C000101,12226,2025-10-07,cancellation_review,Medium,Customer or fulfillment cancellation,Closed
FUL006832,O005628,C001363,990,2023-09-29,carrier_delay,High,Carrier route delay,Open
FUL006833,O056294,C001159,10796,2025-10-07,carrier_delay,High,Carrier route delay,Open
FUL006834,O005632,C001396,7844,2023-09-29,carrier_delay,High,Carrier route delay,Open
FUL006835,O056323,C000551,10490,2025-10-08,carrier_delay,High,Carrier route delay,Open
FUL006836,O056324,C000702,5071,2025-10-08,carrier_delay,High,Carrier route delay,Open
FUL006837,O056340,C001273,2960,2025-10-08,carrier_delay,High,Carrier route delay,Open
FUL006838,O056355,C000584,3830,2025-10-08,carrier_delay,High,Carrier route delay,Open
FUL006839,O056358,C000829,5301,2025-10-08,carrier_delay,High,Carrier route delay,Open
FUL006840,O056359,C000164,1025,2025-10-08,carrier_delay,High,Carrier route delay,Open
FUL006841,O056374,C001932,2668,2025-10-08,cancellation_review,Medium,Customer or fulfillment cancellation,Closed
FUL006842,O056385,C000626,11554,2025-10-09,carrier_delay,High,Carrier route delay,Open
FUL006843,O056389,C000572,5815,2025-10-09,carrier_delay,High,Carrier route delay,Open
FUL006844,O005639,C001098,4707,2023-09-29,carrier_delay,High,Carrier route delay,Open
FUL006845,O056390,C000619,9161,2025-10-09,cancellation_review,Medium,Customer or fulfillment cancellation,Closed
FUL006846,O056394,C001459,538,2025-10-09,carrier_delay,High,Carrier route delay,Open
FUL006847,O056404,C001495,9683,2025-10-09,carrier_delay,High,Carrier route delay,Open
FUL006848,O056422,C000166,8820,2025-10-09,carrier_delay,High,Carrier route delay,Open
FUL006849,O056435,C001347,4713,2025-10-09,carrier_delay,High,Carrier route delay,Open
FUL006850,O056445,C000132,11426,2025-10-09,carrier_delay,High,Carrier route delay,Open
FUL006851,O056449,C001372,9609,2025-10-10,carrier_delay,High,Carrier route delay,Open
FUL006852,O056451,C001188,11116,2025-10-10,carrier_delay,High,Carrier route delay,Open
FUL006853,O056453,C000293,10761,2025-10-10,carrier_delay,High,Carrier route delay,Open
FUL006854,O056470,C001999,5120,2025-10-10,carrier_delay,High,Carrier route delay,Open
FUL006855,O005648,C000824,3323,2023-09-29,carrier_delay,High,Carrier route delay,Open
FUL006856,O056485,C000199,12406,2025-10-10,carrier_delay,High,Carrier route delay,Open
FUL006857,O056487,C001833,1249,2025-10-10,cancellation_review,Medium,Customer or fulfillment cancellation,Closed
FUL006858,O056494,C000232,7852,2025-10-10,carrier_delay,High,Carrier route delay,Open
FUL006859,O056506,C001328,8298,2025-10-10,carrier_delay,High,Carrier route delay,Open
FUL006860,O056514,C001104,9887,2025-10-10,carrier_delay,High,Carrier route delay,Open
FUL006861,O056518,C000332,697,2025-10-11,carrier_delay,High,Carrier route delay,Open
FUL006862,O056540,C000580,6255,2025-10-11,carrier_delay,High,Carrier route delay,Open
FUL006863,O056541,C001115,11235,2025-10-11,carrier_delay,High,Carrier route delay,Open
FUL006864,O005656,C000429,10612,2023-09-29,carrier_delay,High,Carrier route delay,Open
FUL006865,O056561,C000341,11422,2025-10-11,carrier_delay,High,Carrier route delay,Open
FUL006866,O056564,C000795,9819,2025-10-11,carrier_delay,High,Carrier route delay,Open
FUL006867,O056573,C001287,4683,2025-10-11,carrier_delay,High,Carrier route delay,Open
FUL006868,O005659,C000054,9494,2023-09-29,carrier_delay,High,Carrier route delay,Open
FUL006869,O056600,C000104,11654,2025-10-12,carrier_delay,High,Carrier route delay,Open
FUL006870,O056611,C000601,801,2025-10-12,carrier_delay,High,Carrier route delay,Open
FUL006871,O056625,C001840,2857,2025-10-12,carrier_delay,High,Carrier route delay,Open
FUL006872,O056627,C000726,5965,2025-10-12,carrier_delay,High,Carrier route delay,Open
FUL006873,O056629,C000140,5001,2025-10-12,carrier_delay,High,Carrier route delay,Open
FUL006874,O056633,C001356,10506,2025-10-12,carrier_delay,High,Carrier route delay,Open
FUL006875,O056649,C000761,3501,2025-10-12,carrier_delay,High,Carrier route delay,Open
FUL006876,O056654,C000910,2669,2025-10-13,carrier_delay,High,Carrier route delay,Open
FUL006877,O056680,C000503,1802,2025-10-13,carrier_delay,High,Carrier route delay,Open
FUL006878,O056694,C000659,4212,2025-10-13,carrier_delay,High,Carrier route delay,Open
FUL006879,O005670,C000579,2683,2023-09-29,carrier_delay,High,Carrier route delay,Open
FUL006880,O056700,C001512,1376,2025-10-13,carrier_delay,High,Carrier route delay,Open
FUL006881,O056714,C000763,847,2025-10-13,carrier_delay,High,Carrier route delay,Open
FUL006882,O056715,C000573,1282,2025-10-13,carrier_delay,High,Carrier route delay,Open
FUL006883,O056719,C000627,8579,2025-10-13,carrier_delay,High,Carrier route delay,Open
FUL006884,O056723,C000668,3187,2025-10-14,carrier_delay,High,Carrier route delay,Open
FUL006885,O056749,C001163,9554,2025-10-14,carrier_delay,High,Carrier route delay,Open
FUL006886,O005675,C000395,1100,2023-09-29,carrier_delay,High,Carrier route delay,Open
FUL006887,O056763,C001900,3574,2025-10-14,carrier_delay,High,Carrier route delay,Open
FUL006888,O056772,C000784,4557,2025-10-14,carrier_delay,High,Carrier route delay,Open
FUL006889,O056779,C000551,10490,2025-10-14,carrier_delay,High,Carrier route delay,Open
FUL006890,O005679,C000988,11861,2023-09-29,carrier_delay,High,Carrier route delay,Open
FUL006891,O056799,C001913,11856,2025-10-15,carrier_delay,High,Carrier route delay,Open
FUL006892,O005680,C001652,4547,2023-09-29,carrier_delay,High,Carrier route delay,Open
FUL006893,O056809,C000164,1025,2025-10-15,carrier_delay,High,Carrier route delay,Open
FUL006894,O056816,C000792,12347,2025-10-15,carrier_delay,High,Carrier route delay,Open
FUL006895,O056819,C000372,4514,2025-10-15,cancellation_review,Medium,Customer or fulfillment cancellation,Closed
FUL006896,O056832,C000310,9740,2025-10-15,carrier_delay,High,Carrier route delay,Open
FUL006897,O056834,C000967,5727,2025-10-15,carrier_delay,High,Carrier route delay,Open
FUL006898,O056839,C001595,5229,2025-10-15,carrier_delay,High,Carrier route delay,Open
FUL006899,O056840,C000868,1619,2025-10-15,carrier_delay,High,Carrier route delay,Open
FUL006900,O056850,C000642,564,2025-10-15,carrier_delay,High,Carrier route delay,Open
FUL006901,O056856,C001701,917,2025-10-15,carrier_delay,High,Carrier route delay,Open
FUL006902,O056859,C001883,9176,2025-10-15,carrier_delay,High,Carrier route delay,Open
FUL006903,O056874,C000344,2625,2025-10-16,carrier_delay,High,Carrier route delay,Open
FUL006904,O056879,C000209,7633,2025-10-16,carrier_delay,High,Carrier route delay,Open
FUL006905,O005688,C001003,1715,2023-09-30,carrier_delay,High,Carrier route delay,Open
FUL006906,O056884,C001493,10799,2025-10-16,carrier_delay,High,Carrier route delay,Open
FUL006907,O056894,C000451,238,2025-10-16,carrier_delay,High,Carrier route delay,Open
FUL006908,O005690,C000346,12235,2023-09-30,carrier_delay,High,Carrier route delay,Open
FUL006909,O056900,C001703,9552,2025-10-16,carrier_delay,High,Carrier route delay,Open
FUL006910,O056905,C001910,4107,2025-10-16,carrier_delay,High,Carrier route delay,Open
FUL006911,O056908,C001119,6023,2025-10-16,carrier_delay,High,Carrier route delay,Open
FUL006912,O056929,C001388,5012,2025-10-17,carrier_delay,High,Carrier route delay,Open
FUL006913,O056932,C000390,6970,2025-10-17,carrier_delay,High,Carrier route delay,Open
FUL006914,O056944,C001251,6672,2025-10-17,carrier_delay,High,Carrier route delay,Open
FUL006915,O056950,C000211,11985,2025-10-17,carrier_delay,High,Carrier route delay,Open
FUL006916,O056954,C000717,6470,2025-10-17,carrier_delay,High,Carrier route delay,Open
FUL006917,O056966,C000103,9337,2025-10-17,carrier_delay,High,Carrier route delay,Open
FUL006918,O056969,C000341,11422,2025-10-17,carrier_delay,High,Carrier route delay,Open
FUL006919,O056970,C001498,2255,2025-10-17,carrier_delay,High,Carrier route delay,Open
FUL006920,O056980,C000506,9053,2025-10-17,carrier_delay,High,Carrier route delay,Open
FUL006921,O056990,C001515,6108,2025-10-17,carrier_delay,High,Carrier route delay,Open
FUL006922,O056993,C000155,9515,2025-10-17,carrier_delay,High,Carrier route delay,Open
FUL006923,O056998,C000429,10612,2025-10-18,carrier_delay,High,Carrier route delay,Open
FUL006924,O057004,C001666,11757,2025-10-18,carrier_delay,High,Carrier route delay,Open
FUL006925,O057005,C001271,8167,2025-10-18,carrier_delay,High,Carrier route delay,Open
FUL006926,O057007,C001335,10406,2025-10-18,carrier_delay,High,Carrier route delay,Open
FUL006927,O057008,C000546,11120,2025-10-18,carrier_delay,High,Carrier route delay,Open
FUL006928,O057015,C000405,3816,2025-10-18,carrier_delay,High,Carrier route delay,Open
FUL006929,O057023,C001870,8123,2025-10-18,carrier_delay,High,Carrier route delay,Open
FUL006930,O057025,C000685,9432,2025-10-18,carrier_delay,High,Carrier route delay,Open
FUL006931,O057028,C001904,8502,2025-10-18,carrier_delay,High,Carrier route delay,Open
FUL006932,O057029,C000202,2197,2025-10-18,carrier_delay,High,Carrier route delay,Open
FUL006933,O057039,C001409,11801,2025-10-18,carrier_delay,High,Carrier route delay,Open
FUL006934,O005704,C001172,7593,2023-09-30,carrier_delay,High,Carrier route delay,Open
FUL006935,O057041,C000511,3471,2025-10-18,carrier_delay,High,Carrier route delay,Open
FUL006936,O057044,C000120,3369,2025-10-18,carrier_delay,High,Carrier route delay,Open
FUL006937,O057045,C000242,685,2025-10-18,carrier_delay,High,Carrier route delay,Open
FUL006938,O057048,C001887,11522,2025-10-18,carrier_delay,High,Carrier route delay,Open
FUL006939,O057060,C000300,9597,2025-10-18,carrier_delay,High,Carrier route delay,Open
FUL006940,O057065,C000758,502,2025-10-19,carrier_delay,High,Carrier route delay,Open
FUL006941,O057069,C000279,8052,2025-10-19,carrier_delay,High,Carrier route delay,Open
FUL006942,O057084,C001490,6785,2025-10-19,carrier_delay,High,Carrier route delay,Open
FUL006943,O005709,C001787,9047,2023-09-30,carrier_delay,High,Carrier route delay,Open
FUL006944,O057104,C001620,4997,2025-10-19,cancellation_review,Medium,Customer or fulfillment cancellation,Closed
FUL006945,O057105,C000615,12189,2025-10-19,carrier_delay,High,Carrier route delay,Open
FUL006946,O057125,C001334,10925,2025-10-19,carrier_delay,High,Carrier route delay,Open
FUL006947,O057129,C000831,7013,2025-10-19,carrier_delay,High,Carrier route delay,Open
FUL006948,O057135,C000717,6470,2025-10-20,carrier_delay,High,Carrier route delay,Open
FUL006949,O057137,C001896,947,2025-10-20,carrier_delay,High,Carrier route delay,Open
FUL006950,O057145,C001453,6338,2025-10-20,carrier_delay,High,Carrier route delay,Open
FUL006951,O057150,C001225,308,2025-10-20,carrier_delay,High,Carrier route delay,Open
FUL006952,O057154,C000075,11768,2025-10-20,carrier_delay,High,Carrier route delay,Open
FUL006953,O057165,C000672,2362,2025-10-20,carrier_delay,High,Carrier route delay,Open
FUL006954,O057169,C001381,1038,2025-10-20,carrier_delay,High,Carrier route delay,Open
FUL006955,O057174,C000443,3051,2025-10-20,carrier_delay,High,Carrier route delay,Open
FUL006956,O057178,C000170,6303,2025-10-20,carrier_delay,High,Carrier route delay,Open
FUL006957,O057180,C001639,4915,2025-10-20,cancellation_review,Medium,Customer or fulfillment cancellation,Closed
FUL006958,O057184,C001177,599,2025-10-20,carrier_delay,High,Carrier route delay,Open
FUL006959,O005719,C001020,11058,2023-09-30,carrier_delay,High,Carrier route delay,Open
FUL006960,O057190,C001890,10323,2025-10-20,carrier_delay,High,Carrier route delay,Open
FUL006961,O057193,C001975,2038,2025-10-20,cancellation_review,Medium,Customer or fulfillment cancellation,Closed
FUL006962,O057195,C001915,359,2025-10-20,carrier_delay,High,Carrier route delay,Open
FUL006963,O057211,C001634,9972,2025-10-21,carrier_delay,High,Carrier route delay,Open
FUL006964,O057223,C001907,12288,2025-10-21,carrier_delay,High,Carrier route delay,Open
FUL006965,O057240,C000364,10982,2025-10-21,carrier_delay,High,Carrier route delay,Open
FUL006966,O005725,C001299,7099,2023-09-30,carrier_delay,High,Carrier route delay,Open
FUL006967,O057262,C000541,7401,2025-10-21,carrier_delay,High,Carrier route delay,Open
FUL006968,O057270,C000257,7460,2025-10-21,carrier_delay,High,Carrier route delay,Open
FUL006969,O057277,C000432,698,2025-10-22,carrier_delay,High,Carrier route delay,Open
FUL006970,O057292,C000302,4517,2025-10-22,carrier_delay,High,Carrier route delay,Open
FUL006971,O057301,C000765,8065,2025-10-22,carrier_delay,High,Carrier route delay,Open
FUL006972,O057309,C001781,3696,2025-10-22,carrier_delay,High,Carrier route delay,Open
FUL006973,O057316,C000630,1832,2025-10-22,carrier_delay,High,Carrier route delay,Open
FUL006974,O005732,C001495,9683,2023-09-30,carrier_delay,High,Carrier route delay,Open
FUL006975,O057322,C001313,10701,2025-10-22,carrier_delay,High,Carrier route delay,Open
FUL006976,O057355,C000236,1826,2025-10-23,carrier_delay,High,Carrier route delay,Open
FUL006977,O057361,C000502,827,2025-10-23,carrier_delay,High,Carrier route delay,Open
FUL006978,O057364,C001690,5565,2025-10-23,carrier_delay,High,Carrier route delay,Open
FUL006979,O057375,C000880,2600,2025-10-23,carrier_delay,High,Carrier route delay,Open
FUL006980,O057378,C001836,7594,2025-10-23,carrier_delay,High,Carrier route delay,Open
FUL006981,O005739,C000376,5904,2023-09-30,carrier_delay,High,Carrier route delay,Open
FUL006982,O057390,C000171,58,2025-10-23,carrier_delay,High,Carrier route delay,Open
FUL006983,O057397,C000571,8370,2025-10-23,carrier_delay,High,Carrier route delay,Open
FUL006984,O057398,C000599,5047,2025-10-23,carrier_delay,High,Carrier route delay,Open
FUL006985,O057404,C001870,8123,2025-10-23,carrier_delay,High,Carrier route delay,Open
FUL006986,O057405,C000195,11337,2025-10-23,carrier_delay,High,Carrier route delay,Open
FUL006987,O057409,C000789,7988,2025-10-24,carrier_delay,High,Carrier route delay,Open
FUL006988,O057415,C001149,956,2025-10-24,carrier_delay,High,Carrier route delay,Open
FUL006989,O057419,C001324,11897,2025-10-24,carrier_delay,High,Carrier route delay,Open
FUL006990,O057425,C000091,5803,2025-10-24,carrier_delay,High,Carrier route delay,Open
FUL006991,O057433,C000224,1417,2025-10-24,cancellation_review,Medium,Customer or fulfillment cancellation,Closed
FUL006992,O057434,C001314,290,2025-10-24,carrier_delay,High,Carrier route delay,Open
FUL006993,O057448,C000369,9153,2025-10-24,carrier_delay,High,Carrier route delay,Open
FUL006994,O057469,C001153,5564,2025-10-24,carrier_delay,High,Carrier route delay,Open
FUL006995,O057474,C001080,2703,2025-10-24,carrier_delay,High,Carrier route delay,Open
FUL006996,O005748,C001367,4479,2023-09-30,cancellation_review,Medium,Customer or fulfillment cancellation,Closed
FUL006997,O057480,C001187,3127,2025-10-25,carrier_delay,High,Carrier route delay,Open
FUL006998,O057494,C000181,10111,2025-10-25,carrier_delay,High,Carrier route delay,Open
FUL006999,O000575,C001784,2873,2023-07-17,carrier_delay,High,Carrier route delay,Open
FUL007000,O005750,C000373,2205,2023-09-30,carrier_delay,High,Carrier route delay,Open
FUL007001,O057509,C001864,4529,2025-10-25,carrier_delay,High,Carrier route delay,Open
FUL007002,O057517,C000514,2581,2025-10-25,carrier_delay,High,Carrier route delay,Open
FUL007003,O057524,C000151,4491,2025-10-25,carrier_delay,High,Carrier route delay,Open
FUL007004,O057526,C000841,10854,2025-10-25,carrier_delay,High,Carrier route delay,Open
FUL007005,O057528,C001263,8989,2025-10-25,carrier_delay,High,Carrier route delay,Open
FUL007006,O057529,C000916,8681,2025-10-25,carrier_delay,High,Carrier route delay,Open
FUL007007,O057535,C001114,6081,2025-10-25,carrier_delay,High,Carrier route delay,Open
FUL007008,O057539,C001700,10495,2025-10-25,carrier_delay,High,Carrier route delay,Open
FUL007009,O057559,C001156,1058,2025-10-26,carrier_delay,High,Carrier route delay,Open
FUL007010,O057562,C001450,7439,2025-10-26,carrier_delay,High,Carrier route delay,Open
FUL007011,O057569,C001266,7743,2025-10-26,carrier_delay,High,Carrier route delay,Open
FUL007012,O057573,C000907,1024,2025-10-26,cancellation_review,Medium,Customer or fulfillment cancellation,Closed
FUL007013,O057575,C000955,4768,2025-10-26,carrier_delay,High,Carrier route delay,Open
FUL007014,O057579,C001165,5147,2025-10-26,carrier_delay,High,Carrier route delay,Open
FUL007015,O057588,C000457,8666,2025-10-26,carrier_delay,High,Carrier route delay,Open
FUL007016,O005761,C001792,8321,2023-10-01,cancellation_review,Medium,Customer or fulfillment cancellation,Closed
FUL007017,O057612,C000129,3199,2025-10-26,carrier_delay,High,Carrier route delay,Open
FUL007018,O057619,C000932,11662,2025-10-27,carrier_delay,High,Carrier route delay,Open
FUL007019,O057621,C000420,6230,2025-10-27,cancellation_review,Medium,Customer or fulfillment cancellation,Closed
FUL007020,O057623,C000564,5049,2025-10-27,carrier_delay,High,Carrier route delay,Open
FUL007021,O057638,C001733,8905,2025-10-27,cancellation_review,Medium,Customer or fulfillment cancellation,Closed
FUL007022,O057640,C001877,4674,2025-10-27,carrier_delay,High,Carrier route delay,Open
FUL007023,O057645,C001553,2630,2025-10-27,carrier_delay,High,Carrier route delay,Open
FUL007024,O057647,C001913,11856,2025-10-27,carrier_delay,High,Carrier route delay,Open
FUL007025,O057648,C000626,11554,2025-10-27,carrier_delay,High,Carrier route delay,Open
FUL007026,O057653,C001606,3464,2025-10-27,carrier_delay,High,Carrier route delay,Open
FUL007027,O057664,C001840,2857,2025-10-27,carrier_delay,High,Carrier route delay,Open
FUL007028,O057674,C001567,6734,2025-10-27,carrier_delay,High,Carrier route delay,Open
FUL007029,O057684,C001762,98,2025-10-28,carrier_delay,High,Carrier route delay,Open
FUL007030,O057688,C001775,9542,2025-10-28,carrier_delay,High,Carrier route delay,Open
FUL007031,O057692,C000047,5691,2025-10-28,carrier_delay,High,Carrier route delay,Open
FUL007032,O057696,C001622,656,2025-10-28,carrier_delay,High,Carrier route delay,Open
FUL007033,O005770,C000958,866,2023-10-01,carrier_delay,High,Carrier route delay,Open
FUL007034,O057709,C000367,5446,2025-10-28,carrier_delay,High,Carrier route delay,Open
FUL007035,O057725,C001913,11856,2025-10-28,carrier_delay,High,Carrier route delay,Open
FUL007036,O057739,C001833,1249,2025-10-28,carrier_delay,High,Carrier route delay,Open
FUL007037,O005774,C000922,9589,2023-10-01,carrier_delay,High,Carrier route delay,Open
FUL007038,O057743,C001340,10022,2025-10-28,carrier_delay,High,Carrier route delay,Open
FUL007039,O057745,C000204,10699,2025-10-28,carrier_delay,High,Carrier route delay,Open
FUL007040,O057781,C000179,6143,2025-10-29,carrier_delay,High,Carrier route delay,Open
FUL007041,O057784,C000997,4698,2025-10-29,carrier_delay,High,Carrier route delay,Open
FUL007042,O057785,C000792,12347,2025-10-29,carrier_delay,High,Carrier route delay,Open
FUL007043,O057789,C000079,5293,2025-10-29,carrier_delay,High,Carrier route delay,Open
FUL007044,O057793,C001066,647,2025-10-29,carrier_delay,High,Carrier route delay,Open
FUL007045,O057794,C000010,5624,2025-10-29,carrier_delay,High,Carrier route delay,Open
FUL007046,O057800,C001376,4253,2025-10-29,carrier_delay,High,Carrier route delay,Open
FUL007047,O057803,C000400,3373,2025-10-29,carrier_delay,High,Carrier route delay,Open
FUL007048,O057804,C001958,4523,2025-10-29,carrier_delay,High,Carrier route delay,Open
FUL007049,O057805,C001712,7893,2025-10-29,carrier_delay,High,Carrier route delay,Open
FUL007050,O057824,C001204,5125,2025-10-30,carrier_delay,High,Carrier route delay,Open
FUL007051,O057835,C000499,5410,2025-10-30,cancellation_review,Medium,Customer or fulfillment cancellation,Closed
FUL007052,O057850,C001879,11954,2025-10-30,carrier_delay,High,Carrier route delay,Open
FUL007053,O057852,C001495,9683,2025-10-30,carrier_delay,High,Carrier route delay,Open
FUL007054,O057853,C001979,6071,2025-10-30,carrier_delay,High,Carrier route delay,Open
FUL007055,O005787,C001722,9813,2023-10-01,cancellation_review,Medium,Customer or fulfillment cancellation,Closed
FUL007056,O057874,C000274,11931,2025-10-30,carrier_delay,High,Carrier route delay,Open
FUL007057,O057890,C000229,2860,2025-10-31,carrier_delay,High,Carrier route delay,Open
FUL007058,O057895,C000063,7631,2025-10-31,carrier_delay,High,Carrier route delay,Open
FUL007059,O057898,C000022,5004,2025-10-31,carrier_delay,High,Carrier route delay,Open
FUL007060,O057900,C000463,4257,2025-10-31,carrier_delay,High,Carrier route delay,Open
FUL007061,O057917,C001900,3574,2025-10-31,carrier_delay,High,Carrier route delay,Open
FUL007062,O057918,C001829,8403,2025-10-31,carrier_delay,High,Carrier route delay,Open
FUL007063,O057923,C001058,7771,2025-10-31,carrier_delay,High,Carrier route delay,Open
FUL007064,O057950,C001542,12195,2025-10-31,carrier_delay,High,Carrier route delay,Open
FUL007065,O057969,C000021,5927,2025-11-01,carrier_delay,High,Carrier route delay,Open
FUL007066,O057979,C001065,5548,2025-11-01,carrier_delay,High,Carrier route delay,Open
FUL007067,O005799,C001670,5731,2023-10-01,carrier_delay,High,Carrier route delay,Open
FUL007068,O057995,C000599,5047,2025-11-01,carrier_delay,High,Carrier route delay,Open
FUL007069,O057996,C001574,4191,2025-11-01,carrier_delay,High,Carrier route delay,Open
FUL007070,O058002,C000404,6862,2025-11-01,carrier_delay,High,Carrier route delay,Open
FUL007071,O058004,C001543,1493,2025-11-01,carrier_delay,High,Carrier route delay,Open
FUL007072,O005801,C001929,2881,2023-10-01,carrier_delay,High,Carrier route delay,Open
FUL007073,O058020,C001702,9096,2025-11-01,carrier_delay,High,Carrier route delay,Open
FUL007074,O058030,C001398,5297,2025-11-02,carrier_delay,High,Carrier route delay,Open
FUL007075,O058040,C000953,7016,2025-11-02,carrier_delay,High,Carrier route delay,Open
FUL007076,O058044,C000771,11313,2025-11-02,carrier_delay,High,Carrier route delay,Open
FUL007077,O058049,C000450,9353,2025-11-02,carrier_delay,High,Carrier route delay,Open
FUL007078,O058052,C001156,1058,2025-11-02,carrier_delay,High,Carrier route delay,Open
FUL007079,O058057,C001695,203,2025-11-02,carrier_delay,High,Carrier route delay,Open
FUL007080,O058070,C001813,9605,2025-11-02,carrier_delay,High,Carrier route delay,Open
FUL007081,O058075,C000192,1136,2025-11-02,carrier_delay,High,Carrier route delay,Open
FUL007082,O058076,C000516,1989,2025-11-02,carrier_delay,High,Carrier route delay,Open
FUL007083,O058080,C000503,1802,2025-11-02,carrier_delay,High,Carrier route delay,Open
FUL007084,O058081,C001174,10685,2025-11-02,carrier_delay,High,Carrier route delay,Open
FUL007085,O058082,C001674,5622,2025-11-02,carrier_delay,High,Carrier route delay,Open
FUL007086,O058084,C000183,7857,2025-11-02,carrier_delay,High,Carrier route delay,Open
FUL007087,O058087,C000392,9871,2025-11-02,carrier_delay,High,Carrier route delay,Open
FUL007088,O005809,C001668,9746,2023-10-01,carrier_delay,High,Carrier route delay,Open
FUL007089,O058095,C001961,5704,2025-11-03,carrier_delay,High,Carrier route delay,Open
FUL007090,O058099,C000918,10554,2025-11-03,carrier_delay,High,Carrier route delay,Open
FUL007091,O058100,C001238,12322,2025-11-03,carrier_delay,High,Carrier route delay,Open
FUL007092,O058113,C000698,1910,2025-11-03,carrier_delay,High,Carrier route delay,Open
FUL007093,O058129,C000406,8012,2025-11-03,carrier_delay,High,Carrier route delay,Open
FUL007094,O058134,C000463,4257,2025-11-03,carrier_delay,High,Carrier route delay,Open
FUL007095,O058136,C000031,9300,2025-11-03,carrier_delay,High,Carrier route delay,Open
FUL007096,O005815,C000879,8974,2023-10-01,carrier_delay,High,Carrier route delay,Open
FUL007097,O058158,C001791,5653,2025-11-03,carrier_delay,High,Carrier route delay,Open
FUL007098,O058164,C001279,3316,2025-11-04,carrier_delay,High,Carrier route delay,Open
FUL007099,O058168,C000745,4721,2025-11-04,carrier_delay,High,Carrier route delay,Open
FUL007100,O058169,C000020,7200,2025-11-04,carrier_delay,High,Carrier route delay,Open
FUL007101,O058179,C000671,3447,2025-11-04,carrier_delay,High,Carrier route delay,Open
FUL007102,O058180,C000920,7848,2025-11-04,carrier_delay,High,Carrier route delay,Open
FUL007103,O058188,C000734,11492,2025-11-04,cancellation_review,Medium,Customer or fulfillment cancellation,Closed
FUL007104,O005819,C000984,7223,2023-10-01,carrier_delay,High,Carrier route delay,Open
FUL007105,O058190,C000501,4930,2025-11-04,carrier_delay,High,Carrier route delay,Open
FUL007106,O058195,C000170,6303,2025-11-04,carrier_delay,High,Carrier route delay,Open
FUL007107,O058199,C001501,5453,2025-11-04,cancellation_review,Medium,Customer or fulfillment cancellation,Closed
FUL007108,O058218,C001332,7850,2025-11-04,carrier_delay,High,Carrier route delay,Open
FUL007109,O058230,C001430,3503,2025-11-05,carrier_delay,High,Carrier route delay,Open
FUL007110,O058233,C000327,7190,2025-11-05,cancellation_review,Medium,Customer or fulfillment cancellation,Closed
FUL007111,O058235,C000447,9489,2025-11-05,carrier_delay,High,Carrier route delay,Open
FUL007112,O005825,C001134,5938,2023-10-02,carrier_delay,High,Carrier route delay,Open
FUL007113,O058250,C000723,6707,2025-11-05,carrier_delay,High,Carrier route delay,Open
FUL007114,O058265,C000452,5784,2025-11-05,carrier_delay,High,Carrier route delay,Open
FUL007115,O058266,C000939,11448,2025-11-05,carrier_delay,High,Carrier route delay,Open
FUL007116,O058267,C001612,6233,2025-11-05,carrier_delay,High,Carrier route delay,Open
FUL007117,O058273,C001414,1735,2025-11-05,cancellation_review,Medium,Customer or fulfillment cancellation,Closed
FUL007118,O058275,C001991,4953,2025-11-05,carrier_delay,High,Carrier route delay,Open
FUL007119,O058294,C000491,3423,2025-11-05,carrier_delay,High,Carrier route delay,Open
FUL007120,O058295,C000028,1011,2025-11-05,carrier_delay,High,Carrier route delay,Open
FUL007121,O058300,C001329,6649,2025-11-06,carrier_delay,High,Carrier route delay,Open
FUL007122,O058306,C001959,4417,2025-11-06,carrier_delay,High,Carrier route delay,Open
FUL007123,O058310,C000389,9377,2025-11-06,carrier_delay,High,Carrier route delay,Open
FUL007124,O058315,C001107,12382,2025-11-06,carrier_delay,High,Carrier route delay,Open
FUL007125,O005832,C000926,2083,2023-10-02,carrier_delay,High,Carrier route delay,Open
FUL007126,O058322,C000922,9589,2025-11-06,carrier_delay,High,Carrier route delay,Open
FUL007127,O058332,C001366,6199,2025-11-06,carrier_delay,High,Carrier route delay,Open
FUL007128,O058345,C000125,3879,2025-11-06,carrier_delay,High,Carrier route delay,Open
FUL007129,O058364,C001286,5280,2025-11-06,carrier_delay,High,Carrier route delay,Open
FUL007130,O005837,C000705,3977,2023-10-02,cancellation_review,Medium,Customer or fulfillment cancellation,Closed
FUL007131,O058372,C001170,7910,2025-11-07,carrier_delay,High,Carrier route delay,Open
FUL007132,O058389,C000527,9971,2025-11-07,carrier_delay,High,Carrier route delay,Open
FUL007133,O058393,C000927,2680,2025-11-07,carrier_delay,High,Carrier route delay,Open
FUL007134,O058417,C001945,9338,2025-11-07,carrier_delay,High,Carrier route delay,Open
FUL007135,O058425,C001300,354,2025-11-07,carrier_delay,High,Carrier route delay,Open
FUL007136,O058439,C000547,11523,2025-11-08,carrier_delay,High,Carrier route delay,Open
FUL007137,O058440,C000772,40,2025-11-08,carrier_delay,High,Carrier route delay,Open
FUL007138,O058448,C000861,1806,2025-11-08,carrier_delay,High,Carrier route delay,Open
FUL007139,O058449,C001910,4107,2025-11-08,carrier_delay,High,Carrier route delay,Open
FUL007140,O058454,C000957,3482,2025-11-08,carrier_delay,High,Carrier route delay,Open
FUL007141,O058455,C001468,4624,2025-11-08,carrier_delay,High,Carrier route delay,Open
FUL007142,O058463,C001740,3378,2025-11-08,cancellation_review,Medium,Customer or fulfillment cancellation,Closed
FUL007143,O058478,C000005,2641,2025-11-08,carrier_delay,High,Carrier route delay,Open
FUL007144,O058479,C001917,3951,2025-11-08,carrier_delay,High,Carrier route delay,Open
FUL007145,O058480,C001527,6417,2025-11-08,cancellation_review,Medium,Customer or fulfillment cancellation,Closed
FUL007146,O058481,C000815,6529,2025-11-08,carrier_delay,High,Carrier route delay,Open
FUL007147,O058483,C000825,6342,2025-11-08,carrier_delay,High,Carrier route delay,Open
FUL007148,O058495,C000432,698,2025-11-08,carrier_delay,High,Carrier route delay,Open
FUL007149,O058513,C000042,8517,2025-11-09,carrier_delay,High,Carrier route delay,Open
FUL007150,O058518,C000812,4863,2025-11-09,carrier_delay,High,Carrier route delay,Open
FUL007151,O058529,C000006,1288,2025-11-09,carrier_delay,High,Carrier route delay,Open
FUL007152,O058544,C001208,6356,2025-11-09,carrier_delay,High,Carrier route delay,Open
FUL007153,O005855,C001922,1363,2023-10-02,carrier_delay,High,Carrier route delay,Open
FUL007154,O058557,C001901,3384,2025-11-09,carrier_delay,High,Carrier route delay,Open
FUL007155,O058577,C000694,867,2025-11-10,carrier_delay,High,Carrier route delay,Open
FUL007156,O058584,C000101,12226,2025-11-10,carrier_delay,High,Carrier route delay,Open
FUL007157,O058585,C000398,1379,2025-11-10,cancellation_review,Medium,Customer or fulfillment cancellation,Closed
FUL007158,O005860,C000097,11645,2023-10-02,carrier_delay,High,Carrier route delay,Open
FUL007159,O058600,C001578,2093,2025-11-10,carrier_delay,High,Carrier route delay,Open
FUL007160,O058607,C000148,1012,2025-11-10,carrier_delay,High,Carrier route delay,Open
FUL007161,O058609,C000566,10500,2025-11-10,carrier_delay,High,Carrier route delay,Open
FUL007162,O058619,C001183,6025,2025-11-10,carrier_delay,High,Carrier route delay,Open
FUL007163,O058620,C001632,9575,2025-11-10,carrier_delay,High,Carrier route delay,Open
FUL007164,O058637,C001481,7967,2025-11-10,carrier_delay,High,Carrier route delay,Open
FUL007165,O058679,C000486,10081,2025-11-11,carrier_delay,High,Carrier route delay,Open
FUL007166,O058699,C000690,11457,2025-11-11,carrier_delay,High,Carrier route delay,Open
FUL007167,O058704,C000388,9590,2025-11-11,cancellation_review,Medium,Customer or fulfillment cancellation,Closed
FUL007168,O058705,C001242,2469,2025-11-11,carrier_delay,High,Carrier route delay,Open
FUL007169,O058710,C001506,8605,2025-11-12,carrier_delay,High,Carrier route delay,Open
FUL007170,O058715,C000749,11766,2025-11-12,cancellation_review,Medium,Customer or fulfillment cancellation,Closed
FUL007171,O058716,C001870,8123,2025-11-12,carrier_delay,High,Carrier route delay,Open
FUL007172,O005872,C001668,9746,2023-10-02,cancellation_review,Medium,Customer or fulfillment cancellation,Closed
FUL007173,O058729,C001402,6088,2025-11-12,carrier_delay,High,Carrier route delay,Open
FUL007174,O058734,C001655,8211,2025-11-12,carrier_delay,High,Carrier route delay,Open
FUL007175,O058737,C000033,9727,2025-11-12,carrier_delay,High,Carrier route delay,Open
FUL007176,O058740,C000077,2041,2025-11-12,carrier_delay,High,Carrier route delay,Open
FUL007177,O058761,C000199,12406,2025-11-12,cancellation_review,Medium,Customer or fulfillment cancellation,Closed
FUL007178,O058767,C001620,4997,2025-11-12,carrier_delay,High,Carrier route delay,Open
FUL007179,O058774,C000291,5138,2025-11-12,carrier_delay,High,Carrier route delay,Open
FUL007180,O058778,C001322,9058,2025-11-13,carrier_delay,High,Carrier route delay,Open
FUL007181,O058795,C001256,8987,2025-11-13,carrier_delay,High,Carrier route delay,Open
FUL007182,O058800,C001255,3677,2025-11-13,carrier_delay,High,Carrier route delay,Open
FUL007183,O058815,C001982,2684,2025-11-13,carrier_delay,High,Carrier route delay,Open
FUL007184,O058823,C000290,10672,2025-11-13,carrier_delay,High,Carrier route delay,Open
FUL007185,O058829,C001539,51,2025-11-13,carrier_delay,High,Carrier route delay,Open
FUL007186,O058844,C000249,1426,2025-11-13,carrier_delay,High,Carrier route delay,Open
FUL007187,O005885,C001643,12178,2023-10-02,carrier_delay,High,Carrier route delay,Open
FUL007188,O058856,C001234,9823,2025-11-14,carrier_delay,High,Carrier route delay,Open
FUL007189,O058859,C001603,10511,2025-11-14,carrier_delay,High,Carrier route delay,Open
FUL007190,O058875,C000955,4768,2025-11-14,carrier_delay,High,Carrier route delay,Open
FUL007191,O058884,C001429,3656,2025-11-14,carrier_delay,High,Carrier route delay,Open
FUL007192,O058885,C000102,11344,2025-11-14,carrier_delay,High,Carrier route delay,Open
FUL007193,O058895,C000529,2433,2025-11-14,carrier_delay,High,Carrier route delay,Open
FUL007194,O058896,C000110,9697,2025-11-14,cancellation_review,Medium,Customer or fulfillment cancellation,Closed
FUL007195,O058911,C001613,2110,2025-11-14,cancellation_review,Medium,Customer or fulfillment cancellation,Closed
FUL007196,O058914,C000457,8666,2025-11-14,carrier_delay,High,Carrier route delay,Open
FUL007197,O058919,C000333,12,2025-11-15,carrier_delay,High,Carrier route delay,Open
FUL007198,O058935,C001415,10312,2025-11-15,carrier_delay,High,Carrier route delay,Open
FUL007199,O005894,C000837,2429,2023-10-03,carrier_delay,High,Carrier route delay,Open
FUL007200,O058966,C000320,5175,2025-11-15,cancellation_review,Medium,Customer or fulfillment cancellation,Closed
FUL007201,O058969,C001949,3147,2025-11-15,carrier_delay,High,Carrier route delay,Open
FUL007202,O005897,C001090,8754,2023-10-03,carrier_delay,High,Carrier route delay,Open
FUL007203,O005899,C001799,8845,2023-10-03,carrier_delay,High,Carrier route delay,Open
FUL007204,O059005,C001254,846,2025-11-16,carrier_delay,High,Carrier route delay,Open
FUL007205,O059009,C001803,3890,2025-11-16,carrier_delay,High,Carrier route delay,Open
FUL007206,O059014,C000306,6130,2025-11-16,carrier_delay,High,Carrier route delay,Open
FUL007207,O059015,C000029,6950,2025-11-16,cancellation_review,Medium,Customer or fulfillment cancellation,Closed
FUL007208,O059030,C000773,10521,2025-11-16,carrier_delay,High,Carrier route delay,Open
FUL007209,O059033,C001871,7161,2025-11-16,cancellation_review,Medium,Customer or fulfillment cancellation,Closed
FUL007210,O059040,C000883,6480,2025-11-16,carrier_delay,High,Carrier route delay,Open
FUL007211,O059050,C001884,4778,2025-11-16,carrier_delay,High,Carrier route delay,Open
FUL007212,O059063,C001451,6287,2025-11-17,carrier_delay,High,Carrier route delay,Open
FUL007213,O059065,C000279,8052,2025-11-17,carrier_delay,High,Carrier route delay,Open
FUL007214,O059074,C000261,6643,2025-11-17,carrier_delay,High,Carrier route delay,Open
FUL007215,O059080,C000400,3373,2025-11-17,carrier_delay,High,Carrier route delay,Open
FUL007216,O059085,C000136,8170,2025-11-17,carrier_delay,High,Carrier route delay,Open
FUL007217,O059093,C000852,174,2025-11-17,carrier_delay,High,Carrier route delay,Open
FUL007218,O059098,C001508,10807,2025-11-17,cancellation_review,Medium,Customer or fulfillment cancellation,Closed
FUL007219,O005910,C001954,8789,2023-10-03,carrier_delay,High,Carrier route delay,Open
FUL007220,O059109,C000756,72,2025-11-17,carrier_delay,High,Carrier route delay,Open
FUL007221,O059112,C000652,7316,2025-11-17,cancellation_review,Medium,Customer or fulfillment cancellation,Closed
FUL007222,O059120,C001939,11962,2025-11-18,carrier_delay,High,Carrier route delay,Open
FUL007223,O059129,C001462,10518,2025-11-18,carrier_delay,High,Carrier route delay,Open
FUL007224,O005913,C000149,5563,2023-10-03,carrier_delay,High,Carrier route delay,Open
FUL007225,O059135,C000211,11985,2025-11-18,cancellation_review,Medium,Customer or fulfillment cancellation,Closed
FUL007226,O059136,C000420,6230,2025-11-18,carrier_delay,High,Carrier route delay,Open
FUL007227,O059139,C001551,2193,2025-11-18,carrier_delay,High,Carrier route delay,Open
FUL007228,O005914,C001646,4040,2023-10-03,carrier_delay,High,Carrier route delay,Open
FUL007229,O059141,C001862,9885,2025-11-18,carrier_delay,High,Carrier route delay,Open
FUL007230,O059147,C000387,8090,2025-11-18,carrier_delay,High,Carrier route delay,Open
FUL007231,O059149,C001159,10796,2025-11-18,carrier_delay,High,Carrier route delay,Open
FUL007232,O059164,C000216,7001,2025-11-18,carrier_delay,High,Carrier route delay,Open
FUL007233,O059172,C001071,8365,2025-11-18,carrier_delay,High,Carrier route delay,Open
FUL007234,O059174,C000971,242,2025-11-18,carrier_delay,High,Carrier route delay,Open
FUL007235,O059180,C001887,11522,2025-11-18,carrier_delay,High,Carrier route delay,Open
FUL007236,O059189,C001078,4265,2025-11-19,carrier_delay,High,Carrier route delay,Open
FUL007237,O059204,C001319,2585,2025-11-19,carrier_delay,High,Carrier route delay,Open
FUL007238,O059210,C000117,6696,2025-11-19,carrier_delay,High,Carrier route delay,Open
FUL007239,O059221,C000460,7830,2025-11-19,carrier_delay,High,Carrier route delay,Open
FUL007240,O059225,C000039,5146,2025-11-19,carrier_delay,High,Carrier route delay,Open
FUL007241,O059245,C000801,10992,2025-11-19,cancellation_review,Medium,Customer or fulfillment cancellation,Closed
FUL007242,O059246,C000247,10375,2025-11-19,carrier_delay,High,Carrier route delay,Open
FUL007243,O059247,C000012,1464,2025-11-19,cancellation_review,Medium,Customer or fulfillment cancellation,Closed
FUL007244,O059249,C000796,771,2025-11-19,carrier_delay,High,Carrier route delay,Open
FUL007245,O005925,C000455,10211,2023-10-03,carrier_delay,High,Carrier route delay,Open
FUL007246,O059254,C001271,8167,2025-11-19,carrier_delay,High,Carrier route delay,Open
FUL007247,O059260,C001312,7864,2025-11-20,carrier_delay,High,Carrier route delay,Open
FUL007248,O059264,C000387,8090,2025-11-20,carrier_delay,High,Carrier route delay,Open
FUL007249,O059265,C001363,990,2025-11-20,carrier_delay,High,Carrier route delay,Open
FUL007250,O059295,C001664,6909,2025-11-20,carrier_delay,High,Carrier route delay,Open
FUL007251,O059309,C000291,5138,2025-11-20,carrier_delay,High,Carrier route delay,Open
FUL007252,O059310,C000375,634,2025-11-20,cancellation_review,Medium,Customer or fulfillment cancellation,Closed
FUL007253,O059313,C001683,4855,2025-11-20,carrier_delay,High,Carrier route delay,Open
FUL007254,O059314,C000095,5582,2025-11-20,carrier_delay,High,Carrier route delay,Open
FUL007255,O059335,C001437,11189,2025-11-21,carrier_delay,High,Carrier route delay,Open
FUL007256,O059345,C000629,7571,2025-11-21,cancellation_review,Medium,Customer or fulfillment cancellation,Closed
FUL007257,O059347,C000747,9283,2025-11-21,carrier_delay,High,Carrier route delay,Open
FUL007258,O005935,C001727,6932,2023-10-03,carrier_delay,High,Carrier route delay,Open
FUL007259,O059369,C000361,1149,2025-11-21,carrier_delay,High,Carrier route delay,Open
FUL007260,O059372,C001892,5227,2025-11-21,carrier_delay,High,Carrier route delay,Open
FUL007261,O059373,C000673,1906,2025-11-21,carrier_delay,High,Carrier route delay,Open
FUL007262,O059374,C000256,11833,2025-11-21,carrier_delay,High,Carrier route delay,Open
FUL007263,O059384,C000663,4399,2025-11-21,carrier_delay,High,Carrier route delay,Open
FUL007264,O000594,C000934,1946,2023-07-17,carrier_delay,High,Carrier route delay,Open
FUL007265,O005940,C000776,8587,2023-10-03,carrier_delay,High,Carrier route delay,Open
FUL007266,O059404,C000975,9560,2025-11-22,carrier_delay,High,Carrier route delay,Open
FUL007267,O059412,C001422,642,2025-11-22,carrier_delay,High,Carrier route delay,Open
FUL007268,O059424,C000840,455,2025-11-22,carrier_delay,High,Carrier route delay,Open
FUL007269,O059436,C001401,4758,2025-11-22,carrier_delay,High,Carrier route delay,Open
FUL007270,O059443,C001122,859,2025-11-22,cancellation_review,Medium,Customer or fulfillment cancellation,Closed
FUL007271,O059444,C001951,8572,2025-11-22,carrier_delay,High,Carrier route delay,Open
FUL007272,O059445,C001091,4422,2025-11-22,carrier_delay,High,Carrier route delay,Open
FUL007273,O059450,C000109,4812,2025-11-22,carrier_delay,High,Carrier route delay,Open
FUL007274,O059460,C000013,10235,2025-11-22,carrier_delay,High,Carrier route delay,Open
FUL007275,O059477,C000437,2514,2025-11-23,carrier_delay,High,Carrier route delay,Open
FUL007276,O059478,C001044,3167,2025-11-23,carrier_delay,High,Carrier route delay,Open
FUL007277,O000595,C000864,3531,2023-07-17,carrier_delay,High,Carrier route delay,Open
FUL007278,O005950,C000127,4022,2023-10-03,carrier_delay,High,Carrier route delay,Open
FUL007279,O059507,C000300,9597,2025-11-23,cancellation_review,Medium,Customer or fulfillment cancellation,Closed
FUL007280,O059511,C000458,6156,2025-11-23,carrier_delay,High,Carrier route delay,Open
FUL007281,O059515,C000871,9563,2025-11-23,carrier_delay,High,Carrier route delay,Open
FUL007282,O005955,C001300,354,2023-10-03,carrier_delay,High,Carrier route delay,Open
FUL007283,O059562,C000308,8664,2025-11-24,carrier_delay,High,Carrier route delay,Open
FUL007284,O059564,C001566,2475,2025-11-24,carrier_delay,High,Carrier route delay,Open
FUL007285,O059574,C000259,2389,2025-11-24,carrier_delay,High,Carrier route delay,Open
FUL007286,O059575,C000575,1810,2025-11-24,carrier_delay,High,Carrier route delay,Open
FUL007287,O059576,C001773,4213,2025-11-24,cancellation_review,Medium,Customer or fulfillment cancellation,Closed
FUL007288,O059579,C000671,3447,2025-11-24,carrier_delay,High,Carrier route delay,Open
FUL007289,O059583,C000763,847,2025-11-24,carrier_delay,High,Carrier route delay,Open
FUL007290,O059585,C000672,2362,2025-11-24,carrier_delay,High,Carrier route delay,Open
FUL007291,O059599,C001769,3558,2025-11-24,carrier_delay,High,Carrier route delay,Open
FUL007292,O005960,C001439,10162,2023-10-03,carrier_delay,High,Carrier route delay,Open
FUL007293,O059600,C001498,2255,2025-11-25,carrier_delay,High,Carrier route delay,Open
FUL007294,O059613,C001966,7634,2025-11-25,carrier_delay,High,Carrier route delay,Open
FUL007295,O059628,C000032,10591,2025-11-25,carrier_delay,High,Carrier route delay,Open
FUL007296,O059632,C000882,8174,2025-11-25,carrier_delay,High,Carrier route delay,Open
FUL007297,O059638,C000010,5624,2025-11-25,cancellation_review,Medium,Customer or fulfillment cancellation,Closed
FUL007298,O059642,C001906,2825,2025-11-25,carrier_delay,High,Carrier route delay,Open
FUL007299,O005965,C000287,1824,2023-10-04,carrier_delay,High,Carrier route delay,Open
FUL007300,O059650,C001733,8905,2025-11-25,carrier_delay,High,Carrier route delay,Open
FUL007301,O059655,C000601,801,2025-11-25,cancellation_review,Medium,Customer or fulfillment cancellation,Closed
FUL007302,O059656,C000147,10829,2025-11-25,cancellation_review,Medium,Customer or fulfillment cancellation,Closed
FUL007303,O059674,C000549,2528,2025-11-26,carrier_delay,High,Carrier route delay,Open
FUL007304,O005969,C001711,5665,2023-10-04,carrier_delay,High,Carrier route delay,Open
FUL007305,O059695,C001042,5878,2025-11-26,carrier_delay,High,Carrier route delay,Open
FUL007306,O059699,C001290,1346,2025-11-26,carrier_delay,High,Carrier route delay,Open
FUL007307,O059706,C001705,10952,2025-11-26,carrier_delay,High,Carrier route delay,Open
FUL007308,O005972,C001352,12061,2023-10-04,carrier_delay,High,Carrier route delay,Open
FUL007309,O059731,C000333,12,2025-11-26,carrier_delay,High,Carrier route delay,Open
FUL007310,O005974,C000354,10013,2023-10-04,carrier_delay,High,Carrier route delay,Open
FUL007311,O059750,C000070,10744,2025-11-27,carrier_delay,High,Carrier route delay,Open
FUL007312,O059760,C001487,2306,2025-11-27,carrier_delay,High,Carrier route delay,Open
FUL007313,O059770,C001636,3461,2025-11-27,carrier_delay,High,Carrier route delay,Open
FUL007314,O059771,C001525,9384,2025-11-27,carrier_delay,High,Carrier route delay,Open
FUL007315,O059773,C000006,1288,2025-11-27,cancellation_review,Medium,Customer or fulfillment cancellation,Closed
FUL007316,O059774,C001145,9639,2025-11-27,carrier_delay,High,Carrier route delay,Open
FUL007317,O059779,C001221,2156,2025-11-27,carrier_delay,High,Carrier route delay,Open
FUL007318,O059806,C000701,4939,2025-11-28,cancellation_review,Medium,Customer or fulfillment cancellation,Closed
FUL007319,O059810,C000197,4394,2025-11-28,carrier_delay,High,Carrier route delay,Open
FUL007320,O059817,C001491,10454,2025-11-28,carrier_delay,High,Carrier route delay,Open
FUL007321,O059818,C000099,2851,2025-11-28,carrier_delay,High,Carrier route delay,Open
FUL007322,O059822,C000530,1739,2025-11-28,carrier_delay,High,Carrier route delay,Open
FUL007323,O059826,C001700,10495,2025-11-28,carrier_delay,High,Carrier route delay,Open
FUL007324,O059827,C000057,1920,2025-11-28,carrier_delay,High,Carrier route delay,Open
FUL007325,O059830,C001744,9932,2025-11-28,carrier_delay,High,Carrier route delay,Open
FUL007326,O005984,C001215,6942,2023-10-04,carrier_delay,High,Carrier route delay,Open
FUL007327,O005985,C000850,4911,2023-10-04,carrier_delay,High,Carrier route delay,Open
FUL007328,O059885,C000260,3303,2025-11-29,carrier_delay,High,Carrier route delay,Open
FUL007329,O059889,C001990,2219,2025-11-29,carrier_delay,High,Carrier route delay,Open
FUL007330,O005989,C000520,6514,2023-10-04,carrier_delay,High,Carrier route delay,Open
FUL007331,O000599,C001342,8005,2023-07-17,carrier_delay,High,Carrier route delay,Open
FUL007332,O005990,C000275,5477,2023-10-04,carrier_delay,High,Carrier route delay,Open
FUL007333,O059913,C001320,6003,2025-11-29,cancellation_review,Medium,Customer or fulfillment cancellation,Closed
FUL007334,O059914,C001224,8715,2025-11-29,cancellation_review,Medium,Customer or fulfillment cancellation,Closed
FUL007335,O059920,C001310,8889,2025-11-29,carrier_delay,High,Carrier route delay,Open
FUL007336,O059922,C000450,9353,2025-11-29,carrier_delay,High,Carrier route delay,Open
FUL007337,O059924,C001302,2783,2025-11-29,carrier_delay,High,Carrier route delay,Open
FUL007338,O059926,C000993,6740,2025-11-29,carrier_delay,High,Carrier route delay,Open
FUL007339,O059929,C000160,5072,2025-11-29,carrier_delay,High,Carrier route delay,Open
FUL007340,O059940,C000877,7590,2025-11-29,carrier_delay,High,Carrier route delay,Open
FUL007341,O005995,C001878,1232,2023-10-04,carrier_delay,High,Carrier route delay,Open
FUL007342,O059956,C001490,6785,2025-11-30,carrier_delay,High,Carrier route delay,Open
FUL007343,O059958,C000473,6125,2025-11-30,carrier_delay,High,Carrier route delay,Open
FUL007344,O059959,C000387,8090,2025-11-30,carrier_delay,High,Carrier route delay,Open
FUL007345,O059970,C000929,9992,2025-11-30,carrier_delay,High,Carrier route delay,Open
FUL007346,O059975,C001934,1180,2025-11-30,carrier_delay,High,Carrier route delay,Open
FUL007347,O005998,C001566,2475,2023-10-04,carrier_delay,High,Carrier route delay,Open
FUL007348,O059987,C001610,5129,2025-11-30,carrier_delay,High,Carrier route delay,Open
FUL007349,O059988,C000228,123,2025-11-30,carrier_delay,High,Carrier route delay,Open
FUL007350,O059990,C000268,11295,2025-11-30,carrier_delay,High,Carrier route delay,Open
FUL007351,O059994,C000408,633,2025-11-30,carrier_delay,High,Carrier route delay,Open
FUL007352,O059995,C001313,10701,2025-11-30,carrier_delay,High,Carrier route delay,Open
FUL007353,O000600,C000914,3506,2023-07-17,carrier_delay,High,Carrier route delay,Open
FUL007354,O060000,C000204,10699,2025-11-30,carrier_delay,High,Carrier route delay,Open
FUL007355,O060003,C001190,329,2025-11-30,carrier_delay,High,Carrier route delay,Open
FUL007356,O060010,C000536,1169,2025-11-30,carrier_delay,High,Carrier route delay,Open
FUL007357,O060019,C001663,929,2025-12-01,carrier_delay,High,Carrier route delay,Open
FUL007358,O060020,C001552,11284,2025-12-01,carrier_delay,High,Carrier route delay,Open
FUL007359,O060025,C001853,8207,2025-12-01,carrier_delay,High,Carrier route delay,Open
FUL007360,O060030,C001424,5518,2025-12-01,carrier_delay,High,Carrier route delay,Open
FUL007361,O060038,C000446,9436,2025-12-01,cancellation_review,Medium,Customer or fulfillment cancellation,Closed
FUL007362,O060039,C001922,1363,2025-12-01,carrier_delay,High,Carrier route delay,Open
FUL007363,O006004,C001098,4707,2023-10-04,carrier_delay,High,Carrier route delay,Open
FUL007364,O060040,C000624,6060,2025-12-01,carrier_delay,High,Carrier route delay,Open
FUL007365,O060043,C001851,4739,2025-12-01,carrier_delay,High,Carrier route delay,Open
FUL007366,O060049,C001755,12049,2025-12-01,carrier_delay,High,Carrier route delay,Open
FUL007367,O060050,C001412,7667,2025-12-01,carrier_delay,High,Carrier route delay,Open
FUL007368,O060063,C001190,329,2025-12-01,carrier_delay,High,Carrier route delay,Open
FUL007369,O060080,C000473,6125,2025-12-02,carrier_delay,High,Carrier route delay,Open
FUL007370,O060092,C001946,3231,2025-12-02,cancellation_review,Medium,Customer or fulfillment cancellation,Closed
FUL007371,O060097,C000612,2549,2025-12-02,carrier_delay,High,Carrier route delay,Open
FUL007372,O006010,C001165,5147,2023-10-04,carrier_delay,High,Carrier route delay,Open
FUL007373,O060115,C000114,3979,2025-12-02,carrier_delay,High,Carrier route delay,Open
FUL007374,O060118,C000326,10185,2025-12-02,carrier_delay,High,Carrier route delay,Open
FUL007375,O060121,C000051,341,2025-12-02,carrier_delay,High,Carrier route delay,Open
FUL007376,O060122,C000759,11784,2025-12-02,carrier_delay,High,Carrier route delay,Open
FUL007377,O060124,C001848,8915,2025-12-02,carrier_delay,High,Carrier route delay,Open
FUL007378,O060135,C001065,5548,2025-12-02,carrier_delay,High,Carrier route delay,Open
FUL007379,O060139,C001440,11924,2025-12-02,carrier_delay,High,Carrier route delay,Open
FUL007380,O060144,C000995,8125,2025-12-02,carrier_delay,High,Carrier route delay,Open
FUL007381,O060159,C000032,10591,2025-12-03,carrier_delay,High,Carrier route delay,Open
FUL007382,O060179,C000941,6307,2025-12-03,cancellation_review,Medium,Customer or fulfillment cancellation,Closed
FUL007383,O060185,C001305,4876,2025-12-03,carrier_delay,High,Carrier route delay,Open
FUL007384,O060203,C000184,1844,2025-12-03,cancellation_review,Medium,Customer or fulfillment cancellation,Closed
FUL007385,O060204,C001189,8488,2025-12-03,carrier_delay,High,Carrier route delay,Open
FUL007386,O006021,C001030,1990,2023-10-04,carrier_delay,High,Carrier route delay,Open
FUL007387,O060214,C000077,2041,2025-12-03,carrier_delay,High,Carrier route delay,Open
FUL007388,O060230,C001159,10796,2025-12-04,carrier_delay,High,Carrier route delay,Open
FUL007389,O060234,C001845,4922,2025-12-04,cancellation_review,Medium,Customer or fulfillment cancellation,Closed
FUL007390,O006025,C001377,6488,2023-10-04,carrier_delay,High,Carrier route delay,Open
FUL007391,O060252,C001022,907,2025-12-04,carrier_delay,High,Carrier route delay,Open
FUL007392,O060260,C001502,10012,2025-12-04,carrier_delay,High,Carrier route delay,Open
FUL007393,O060270,C000501,4930,2025-12-04,carrier_delay,High,Carrier route delay,Open
FUL007394,O060272,C000203,1107,2025-12-04,carrier_delay,High,Carrier route delay,Open
FUL007395,O060273,C000242,685,2025-12-04,carrier_delay,High,Carrier route delay,Open
FUL007396,O060283,C000470,11960,2025-12-04,cancellation_review,Medium,Customer or fulfillment cancellation,Closed
FUL007397,O060284,C000232,7852,2025-12-04,carrier_delay,High,Carrier route delay,Open
FUL007398,O060285,C001247,6560,2025-12-05,carrier_delay,High,Carrier route delay,Open
FUL007399,O060296,C001259,8256,2025-12-05,carrier_delay,High,Carrier route delay,Open
FUL007400,O060304,C000197,4394,2025-12-05,carrier_delay,High,Carrier route delay,Open
FUL007401,O060314,C000771,11313,2025-12-05,carrier_delay,High,Carrier route delay,Open
FUL007402,O006032,C000682,3762,2023-10-05,cancellation_review,Medium,Customer or fulfillment cancellation,Closed
FUL007403,O060320,C001129,11765,2025-12-05,carrier_delay,High,Carrier route delay,Open
FUL007404,O060321,C000185,6953,2025-12-05,cancellation_review,Medium,Customer or fulfillment cancellation,Closed
FUL007405,O060322,C000075,11768,2025-12-05,carrier_delay,High,Carrier route delay,Open
FUL007406,O060324,C000164,1025,2025-12-05,carrier_delay,High,Carrier route delay,Open
FUL007407,O060330,C000896,1688,2025-12-05,carrier_delay,High,Carrier route delay,Open
FUL007408,O060338,C001969,8210,2025-12-05,carrier_delay,High,Carrier route delay,Open
FUL007409,O006034,C000301,7435,2023-10-05,carrier_delay,High,Carrier route delay,Open
FUL007410,O006035,C000122,8314,2023-10-05,carrier_delay,High,Carrier route delay,Open
FUL007411,O060385,C001770,5845,2025-12-06,carrier_delay,High,Carrier route delay,Open
FUL007412,O000604,C001989,6930,2023-07-17,carrier_delay,High,Carrier route delay,Open
FUL007413,O060407,C000272,8652,2025-12-06,carrier_delay,High,Carrier route delay,Open
FUL007414,O060411,C000440,2755,2025-12-06,carrier_delay,High,Carrier route delay,Open
FUL007415,O060414,C001412,7667,2025-12-06,carrier_delay,High,Carrier route delay,Open
FUL007416,O060419,C000198,11534,2025-12-06,carrier_delay,High,Carrier route delay,Open
FUL007417,O060420,C000018,3708,2025-12-06,carrier_delay,High,Carrier route delay,Open
FUL007418,O060433,C000600,7268,2025-12-07,carrier_delay,High,Carrier route delay,Open
FUL007419,O060435,C001459,538,2025-12-07,carrier_delay,High,Carrier route delay,Open
FUL007420,O060445,C000291,5138,2025-12-07,carrier_delay,High,Carrier route delay,Open
FUL007421,O060449,C000772,40,2025-12-07,carrier_delay,High,Carrier route delay,Open
FUL007422,O060454,C000730,11777,2025-12-07,carrier_delay,High,Carrier route delay,Open
FUL007423,O060456,C000254,11738,2025-12-07,cancellation_review,Medium,Customer or fulfillment cancellation,Closed
FUL007424,O060465,C000761,3501,2025-12-07,carrier_delay,High,Carrier route delay,Open
FUL007425,O060469,C001721,8086,2025-12-07,carrier_delay,High,Carrier route delay,Open
FUL007426,O060470,C001314,290,2025-12-07,carrier_delay,High,Carrier route delay,Open
FUL007427,O060474,C000478,5579,2025-12-07,carrier_delay,High,Carrier route delay,Open
FUL007428,O060475,C000065,11888,2025-12-07,carrier_delay,High,Carrier route delay,Open
FUL007429,O060484,C000642,564,2025-12-07,carrier_delay,High,Carrier route delay,Open
FUL007430,O060510,C001169,1843,2025-12-08,carrier_delay,High,Carrier route delay,Open
FUL007431,O060519,C001399,7739,2025-12-08,carrier_delay,High,Carrier route delay,Open
FUL007432,O060522,C001759,4079,2025-12-08,carrier_delay,High,Carrier route delay,Open
FUL007433,O060535,C001944,2192,2025-12-08,carrier_delay,High,Carrier route delay,Open
FUL007434,O060539,C001534,2319,2025-12-08,carrier_delay,High,Carrier route delay,Open
FUL007435,O060544,C000697,4806,2025-12-08,carrier_delay,High,Carrier route delay,Open
FUL007436,O060554,C001238,12322,2025-12-08,carrier_delay,High,Carrier route delay,Open
FUL007437,O060560,C000828,5946,2025-12-09,carrier_delay,High,Carrier route delay,Open
FUL007438,O060570,C000305,6266,2025-12-09,carrier_delay,High,Carrier route delay,Open
FUL007439,O060575,C000156,482,2025-12-09,cancellation_review,Medium,Customer or fulfillment cancellation,Closed
FUL007440,O060585,C000508,8995,2025-12-09,carrier_delay,High,Carrier route delay,Open
FUL007441,O006059,C000609,11516,2023-10-05,carrier_delay,High,Carrier route delay,Open
FUL007442,O060594,C000357,3099,2025-12-09,carrier_delay,High,Carrier route delay,Open
FUL007443,O060600,C001049,434,2025-12-09,cancellation_review,Medium,Customer or fulfillment cancellation,Closed
FUL007444,O060608,C001564,10042,2025-12-09,carrier_delay,High,Carrier route delay,Open
FUL007445,O060609,C001457,4673,2025-12-09,carrier_delay,High,Carrier route delay,Open
FUL007446,O060632,C000430,10845,2025-12-10,carrier_delay,High,Carrier route delay,Open
FUL007447,O060635,C001195,8892,2025-12-10,carrier_delay,High,Carrier route delay,Open
FUL007448,O006065,C001202,2114,2023-10-05,carrier_delay,High,Carrier route delay,Open
FUL007449,O060654,C001175,7511,2025-12-10,carrier_delay,High,Carrier route delay,Open
FUL007450,O060664,C001126,5594,2025-12-10,carrier_delay,High,Carrier route delay,Open
FUL007451,O060675,C001354,2078,2025-12-10,carrier_delay,High,Carrier route delay,Open
FUL007452,O060685,C000198,11534,2025-12-10,carrier_delay,High,Carrier route delay,Open
FUL007453,O060690,C001846,351,2025-12-10,carrier_delay,High,Carrier route delay,Open
FUL007454,O060695,C000837,2429,2025-12-10,carrier_delay,High,Carrier route delay,Open
FUL007455,O006070,C000455,10211,2023-10-05,carrier_delay,High,Carrier route delay,Open
FUL007456,O060705,C000083,9358,2025-12-11,carrier_delay,High,Carrier route delay,Open
FUL007457,O060709,C001434,6926,2025-12-11,carrier_delay,High,Carrier route delay,Open
FUL007458,O060719,C000826,11263,2025-12-11,carrier_delay,High,Carrier route delay,Open
FUL007459,O060721,C001531,6669,2025-12-11,carrier_delay,High,Carrier route delay,Open
FUL007460,O060745,C000225,8522,2025-12-11,carrier_delay,High,Carrier route delay,Open
FUL007461,O006075,C001641,9496,2023-10-05,carrier_delay,High,Carrier route delay,Open
FUL007462,O060750,C000203,1107,2025-12-11,carrier_delay,High,Carrier route delay,Open
FUL007463,O060754,C000583,7777,2025-12-11,carrier_delay,High,Carrier route delay,Open
FUL007464,O006077,C000444,9119,2023-10-05,carrier_delay,High,Carrier route delay,Open
FUL007465,O060774,C000293,10761,2025-12-12,carrier_delay,High,Carrier route delay,Open
FUL007466,O006079,C001564,10042,2023-10-05,carrier_delay,High,Carrier route delay,Open
FUL007467,O060803,C000973,12373,2025-12-12,carrier_delay,High,Carrier route delay,Open
FUL007468,O060819,C000525,142,2025-12-12,carrier_delay,High,Carrier route delay,Open
FUL007469,O060830,C001932,2668,2025-12-12,carrier_delay,High,Carrier route delay,Open
FUL007470,O060835,C001816,821,2025-12-13,carrier_delay,High,Carrier route delay,Open
FUL007471,O006084,C000291,5138,2023-10-05,carrier_delay,High,Carrier route delay,Open
FUL007472,O060846,C000831,7013,2025-12-13,carrier_delay,High,Carrier route delay,Open
FUL007473,O060855,C000258,8016,2025-12-13,carrier_delay,High,Carrier route delay,Open
FUL007474,O060859,C000546,11120,2025-12-13,carrier_delay,High,Carrier route delay,Open
FUL007475,O060875,C000004,1657,2025-12-13,carrier_delay,High,Carrier route delay,Open
FUL007476,O060889,C001968,8091,2025-12-13,carrier_delay,High,Carrier route delay,Open
FUL007477,O060893,C000735,4904,2025-12-13,carrier_delay,High,Carrier route delay,Open
FUL007478,O060900,C001886,5913,2025-12-13,carrier_delay,High,Carrier route delay,Open
FUL007479,O060904,C000706,6256,2025-12-14,carrier_delay,High,Carrier route delay,Open
FUL007480,O060911,C001103,10687,2025-12-14,cancellation_review,Medium,Customer or fulfillment cancellation,Closed
FUL007481,O060915,C000966,4320,2025-12-14,carrier_delay,High,Carrier route delay,Open
FUL007482,O060936,C001652,4547,2025-12-14,carrier_delay,High,Carrier route delay,Open
FUL007483,O006094,C001483,12187,2023-10-05,carrier_delay,High,Carrier route delay,Open
FUL007484,O060950,C000151,4491,2025-12-14,carrier_delay,High,Carrier route delay,Open
FUL007485,O060951,C000732,8930,2025-12-14,cancellation_review,Medium,Customer or fulfillment cancellation,Closed
FUL007486,O060956,C000322,5752,2025-12-14,carrier_delay,High,Carrier route delay,Open
FUL007487,O060959,C000570,6553,2025-12-14,carrier_delay,High,Carrier route delay,Open
FUL007488,O060960,C000434,8171,2025-12-14,carrier_delay,High,Carrier route delay,Open
FUL007489,O060962,C000059,9962,2025-12-14,carrier_delay,High,Carrier route delay,Open
FUL007490,O060975,C001574,4191,2025-12-15,carrier_delay,High,Carrier route delay,Open
FUL007491,O006100,C000225,8522,2023-10-06,carrier_delay,High,Carrier route delay,Open
FUL007492,O061008,C000142,3550,2025-12-15,carrier_delay,High,Carrier route delay,Open
FUL007493,O061019,C000089,4116,2025-12-15,carrier_delay,High,Carrier route delay,Open
FUL007494,O061025,C000018,3708,2025-12-15,carrier_delay,High,Carrier route delay,Open
FUL007495,O061038,C000139,2224,2025-12-15,carrier_delay,High,Carrier route delay,Open
FUL007496,O006104,C000053,9883,2023-10-06,carrier_delay,High,Carrier route delay,Open
FUL007497,O061049,C001715,10437,2025-12-16,carrier_delay,High,Carrier route delay,Open
FUL007498,O006105,C000352,10447,2023-10-06,carrier_delay,High,Carrier route delay,Open
FUL007499,O061056,C000439,9513,2025-12-16,cancellation_review,Medium,Customer or fulfillment cancellation,Closed
FUL007500,O061074,C000436,5264,2025-12-16,cancellation_review,Medium,Customer or fulfillment cancellation,Closed
FUL007501,O061075,C001121,10928,2025-12-16,carrier_delay,High,Carrier route delay,Open
FUL007502,O061076,C001586,8787,2025-12-16,carrier_delay,High,Carrier route delay,Open
FUL007503,O061079,C001696,4388,2025-12-16,carrier_delay,High,Carrier route delay,Open
FUL007504,O061082,C001372,9609,2025-12-16,carrier_delay,High,Carrier route delay,Open
FUL007505,O061097,C001738,321,2025-12-16,carrier_delay,High,Carrier route delay,Open
FUL007506,O061115,C001993,11411,2025-12-17,carrier_delay,High,Carrier route delay,Open
FUL007507,O061118,C002000,5781,2025-12-17,carrier_delay,High,Carrier route delay,Open
FUL007508,O006112,C000571,8370,2023-10-06,cancellation_review,Medium,Customer or fulfillment cancellation,Closed
FUL007509,O061135,C001361,11154,2025-12-17,carrier_delay,High,Carrier route delay,Open
FUL007510,O006114,C001148,247,2023-10-06,carrier_delay,High,Carrier route delay,Open
FUL007511,O061144,C000764,10572,2025-12-17,carrier_delay,High,Carrier route delay,Open
FUL007512,O006115,C001764,5999,2023-10-06,carrier_delay,High,Carrier route delay,Open
FUL007513,O061154,C000375,634,2025-12-17,carrier_delay,High,Carrier route delay,Open
FUL007514,O061155,C000159,5493,2025-12-17,carrier_delay,High,Carrier route delay,Open
FUL007515,O061159,C000668,3187,2025-12-17,carrier_delay,High,Carrier route delay,Open
FUL007516,O061174,C001559,10801,2025-12-17,carrier_delay,High,Carrier route delay,Open
FUL007517,O061178,C001333,7318,2025-12-18,carrier_delay,High,Carrier route delay,Open
FUL007518,O061179,C001410,8038,2025-12-18,carrier_delay,High,Carrier route delay,Open
FUL007519,O061182,C000542,4008,2025-12-18,carrier_delay,High,Carrier route delay,Open
FUL007520,O061183,C001313,10701,2025-12-18,carrier_delay,High,Carrier route delay,Open
FUL007521,O061189,C000956,12362,2025-12-18,carrier_delay,High,Carrier route delay,Open
FUL007522,O061190,C001467,6566,2025-12-18,carrier_delay,High,Carrier route delay,Open
FUL007523,O061196,C000740,10213,2025-12-18,carrier_delay,High,Carrier route delay,Open
FUL007524,O006122,C001793,19,2023-10-06,carrier_delay,High,Carrier route delay,Open
FUL007525,O061228,C000332,697,2025-12-18,carrier_delay,High,Carrier route delay,Open
FUL007526,O061239,C000902,9392,2025-12-18,carrier_delay,High,Carrier route delay,Open
FUL007527,O061245,C000631,4552,2025-12-19,carrier_delay,High,Carrier route delay,Open
FUL007528,O061246,C001507,8781,2025-12-19,carrier_delay,High,Carrier route delay,Open
FUL007529,O061247,C000126,8018,2025-12-19,carrier_delay,High,Carrier route delay,Open
FUL007530,O061259,C001847,3046,2025-12-19,carrier_delay,High,Carrier route delay,Open
FUL007531,O061260,C000572,5815,2025-12-19,carrier_delay,High,Carrier route delay,Open
FUL007532,O061263,C001207,11362,2025-12-19,carrier_delay,High,Carrier route delay,Open
FUL007533,O061269,C001055,7757,2025-12-19,carrier_delay,High,Carrier route delay,Open
FUL007534,O061275,C000846,2609,2025-12-19,carrier_delay,High,Carrier route delay,Open
FUL007535,O061277,C001443,11032,2025-12-19,carrier_delay,High,Carrier route delay,Open
FUL007536,O061280,C001327,6730,2025-12-19,carrier_delay,High,Carrier route delay,Open
FUL007537,O061297,C000505,9731,2025-12-19,carrier_delay,High,Carrier route delay,Open
FUL007538,O061305,C000683,2335,2025-12-19,carrier_delay,High,Carrier route delay,Open
FUL007539,O061309,C000714,3523,2025-12-19,carrier_delay,High,Carrier route delay,Open
FUL007540,O061337,C001478,8463,2025-12-20,carrier_delay,High,Carrier route delay,Open
FUL007541,O061343,C001962,534,2025-12-20,carrier_delay,High,Carrier route delay,Open
FUL007542,O006135,C001249,383,2023-10-06,carrier_delay,High,Carrier route delay,Open
FUL007543,O061350,C001618,285,2025-12-20,carrier_delay,High,Carrier route delay,Open
FUL007544,O061365,C001281,4798,2025-12-20,carrier_delay,High,Carrier route delay,Open
FUL007545,O061367,C001797,4580,2025-12-20,carrier_delay,High,Carrier route delay,Open
FUL007546,O061368,C001271,8167,2025-12-20,carrier_delay,High,Carrier route delay,Open
FUL007547,O061373,C000923,4238,2025-12-20,carrier_delay,High,Carrier route delay,Open
FUL007548,O061375,C001027,7005,2025-12-20,carrier_delay,High,Carrier route delay,Open
FUL007549,O061379,C001827,8692,2025-12-20,carrier_delay,High,Carrier route delay,Open
FUL007550,O061380,C000195,11337,2025-12-20,carrier_delay,High,Carrier route delay,Open
FUL007551,O061386,C001051,10170,2025-12-21,carrier_delay,High,Carrier route delay,Open
FUL007552,O006139,C000583,7777,2023-10-06,carrier_delay,High,Carrier route delay,Open
FUL007553,O061404,C001606,3464,2025-12-21,carrier_delay,High,Carrier route delay,Open
FUL007554,O061425,C001500,10062,2025-12-21,carrier_delay,High,Carrier route delay,Open
FUL007555,O061435,C001149,956,2025-12-21,cancellation_review,Medium,Customer or fulfillment cancellation,Closed
FUL007556,O006144,C001796,5559,2023-10-06,carrier_delay,High,Carrier route delay,Open
FUL007557,O061442,C001111,5198,2025-12-21,carrier_delay,High,Carrier route delay,Open
FUL007558,O061444,C001418,2310,2025-12-21,carrier_delay,High,Carrier route delay,Open
FUL007559,O006145,C001474,296,2023-10-06,carrier_delay,High,Carrier route delay,Open
FUL007560,O061450,C000735,4904,2025-12-22,carrier_delay,High,Carrier route delay,Open
FUL007561,O061465,C000797,5672,2025-12-22,carrier_delay,High,Carrier route delay,Open
FUL007562,O061469,C000213,4530,2025-12-22,carrier_delay,High,Carrier route delay,Open
FUL007563,O061470,C001045,9879,2025-12-22,carrier_delay,High,Carrier route delay,Open
FUL007564,O061476,C000568,10327,2025-12-22,carrier_delay,High,Carrier route delay,Open
FUL007565,O061479,C000993,6740,2025-12-22,carrier_delay,High,Carrier route delay,Open
FUL007566,O061484,C001844,881,2025-12-22,cancellation_review,Medium,Customer or fulfillment cancellation,Closed
FUL007567,O061497,C000540,4187,2025-12-22,carrier_delay,High,Carrier route delay,Open
FUL007568,O061514,C001704,3188,2025-12-22,carrier_delay,High,Carrier route delay,Open
FUL007569,O061517,C001195,8892,2025-12-22,carrier_delay,High,Carrier route delay,Open
FUL007570,O061522,C000844,9872,2025-12-23,carrier_delay,High,Carrier route delay,Open
FUL007571,O061524,C001055,7757,2025-12-23,carrier_delay,High,Carrier route delay,Open
FUL007572,O061529,C001846,351,2025-12-23,carrier_delay,High,Carrier route delay,Open
FUL007573,O061530,C000434,8171,2025-12-23,carrier_delay,High,Carrier route delay,Open
FUL007574,O061544,C000047,5691,2025-12-23,carrier_delay,High,Carrier route delay,Open
FUL007575,O061548,C000470,11960,2025-12-23,carrier_delay,High,Carrier route delay,Open
FUL007576,O061568,C000031,9300,2025-12-23,carrier_delay,High,Carrier route delay,Open
FUL007577,O061572,C001545,1347,2025-12-23,cancellation_review,Medium,Customer or fulfillment cancellation,Closed
FUL007578,O006158,C001923,2750,2023-10-06,carrier_delay,High,Carrier route delay,Open
FUL007579,O061610,C001085,3468,2025-12-24,carrier_delay,High,Carrier route delay,Open
FUL007580,O061630,C001343,3296,2025-12-24,carrier_delay,High,Carrier route delay,Open
FUL007581,O061640,C001890,10323,2025-12-24,carrier_delay,High,Carrier route delay,Open
FUL007582,O061642,C001799,8845,2025-12-24,carrier_delay,High,Carrier route delay,Open
FUL007583,O061669,C001234,9823,2025-12-25,carrier_delay,High,Carrier route delay,Open
FUL007584,O006167,C001810,1788,2023-10-07,carrier_delay,High,Carrier route delay,Open
FUL007585,O061675,C000681,9930,2025-12-25,carrier_delay,High,Carrier route delay,Open
FUL007586,O061677,C001890,10323,2025-12-25,carrier_delay,High,Carrier route delay,Open
FUL007587,O061678,C001763,2780,2025-12-25,cancellation_review,Medium,Customer or fulfillment cancellation,Closed
FUL007588,O061680,C000778,12341,2025-12-25,carrier_delay,High,Carrier route delay,Open
FUL007589,O061681,C001227,1812,2025-12-25,cancellation_review,Medium,Customer or fulfillment cancellation,Closed
FUL007590,O061688,C001692,12018,2025-12-25,carrier_delay,High,Carrier route delay,Open
FUL007591,O006170,C000351,7278,2023-10-07,carrier_delay,High,Carrier route delay,Open
FUL007592,O061700,C000475,10307,2025-12-25,carrier_delay,High,Carrier route delay,Open
FUL007593,O061707,C000027,2774,2025-12-25,cancellation_review,Medium,Customer or fulfillment cancellation,Closed
FUL007594,O061711,C000066,450,2025-12-25,cancellation_review,Medium,Customer or fulfillment cancellation,Closed
FUL007595,O061713,C001325,7986,2025-12-25,cancellation_review,Medium,Customer or fulfillment cancellation,Closed
FUL007596,O061723,C000163,230,2025-12-25,carrier_delay,High,Carrier route delay,Open
FUL007597,O061740,C001154,3926,2025-12-26,carrier_delay,High,Carrier route delay,Open
FUL007598,O061749,C001426,8294,2025-12-26,carrier_delay,High,Carrier route delay,Open
FUL007599,O061758,C000097,11645,2025-12-26,carrier_delay,High,Carrier route delay,Open
FUL007600,O061759,C001034,326,2025-12-26,carrier_delay,High,Carrier route delay,Open
FUL007601,O061769,C000206,2229,2025-12-26,carrier_delay,High,Carrier route delay,Open
FUL007602,O061774,C000538,1804,2025-12-26,carrier_delay,High,Carrier route delay,Open
FUL007603,O061778,C000621,4704,2025-12-26,carrier_delay,High,Carrier route delay,Open
FUL007604,O061787,C000868,1619,2025-12-26,carrier_delay,High,Carrier route delay,Open
FUL007605,O061789,C000824,3323,2025-12-26,carrier_delay,High,Carrier route delay,Open
FUL007606,O061814,C000943,11761,2025-12-27,carrier_delay,High,Carrier route delay,Open
FUL007607,O061820,C000683,2335,2025-12-27,carrier_delay,High,Carrier route delay,Open
FUL007608,O061825,C001822,2129,2025-12-27,carrier_delay,High,Carrier route delay,Open
FUL007609,O061834,C000862,4618,2025-12-27,carrier_delay,High,Carrier route delay,Open
FUL007610,O061848,C001416,6397,2025-12-27,cancellation_review,Medium,Customer or fulfillment cancellation,Closed
FUL007611,O061852,C000456,11741,2025-12-27,cancellation_review,Medium,Customer or fulfillment cancellation,Closed
FUL007612,O061855,C000034,9557,2025-12-27,carrier_delay,High,Carrier route delay,Open
FUL007613,O061877,C000018,3708,2025-12-28,carrier_delay,High,Carrier route delay,Open
FUL007614,O061879,C000329,3735,2025-12-28,carrier_delay,High,Carrier route delay,Open
FUL007615,O061887,C001261,9974,2025-12-28,carrier_delay,High,Carrier route delay,Open
FUL007616,O061895,C000404,6862,2025-12-28,carrier_delay,High,Carrier route delay,Open
FUL007617,O061896,C001500,10062,2025-12-28,carrier_delay,High,Carrier route delay,Open
FUL007618,O061899,C001163,9554,2025-12-28,carrier_delay,High,Carrier route delay,Open
FUL007619,O000619,C001496,11473,2023-07-18,carrier_delay,High,Carrier route delay,Open
FUL007620,O006190,C000947,5296,2023-10-07,carrier_delay,High,Carrier route delay,Open
FUL007621,O061909,C000534,1512,2025-12-28,carrier_delay,High,Carrier route delay,Open
FUL007622,O061920,C000480,2278,2025-12-28,carrier_delay,High,Carrier route delay,Open
FUL007623,O061937,C001029,7980,2025-12-29,carrier_delay,High,Carrier route delay,Open
FUL007624,O061944,C000637,8954,2025-12-29,carrier_delay,High,Carrier route delay,Open
FUL007625,O061945,C001312,7864,2025-12-29,carrier_delay,High,Carrier route delay,Open
FUL007626,O061952,C001864,4529,2025-12-29,cancellation_review,Medium,Customer or fulfillment cancellation,Closed
FUL007627,O061955,C000726,5965,2025-12-29,carrier_delay,High,Carrier route delay,Open
FUL007628,O061956,C001787,9047,2025-12-29,carrier_delay,High,Carrier route delay,Open
FUL007629,O061959,C000030,5216,2025-12-29,carrier_delay,High,Carrier route delay,Open
FUL007630,O061967,C000532,11403,2025-12-29,carrier_delay,High,Carrier route delay,Open
FUL007631,O061973,C001710,676,2025-12-29,cancellation_review,Medium,Customer or fulfillment cancellation,Closed
FUL007632,O061978,C000801,10992,2025-12-29,cancellation_review,Medium,Customer or fulfillment cancellation,Closed
FUL007633,O061979,C000736,3365,2025-12-29,carrier_delay,High,Carrier route delay,Open
FUL007634,O061981,C000488,3655,2025-12-29,carrier_delay,High,Carrier route delay,Open
FUL007635,O061982,C000560,5658,2025-12-29,carrier_delay,High,Carrier route delay,Open
FUL007636,O061987,C001883,9176,2025-12-29,carrier_delay,High,Carrier route delay,Open
FUL007637,O062000,C000133,11983,2025-12-30,cancellation_review,Medium,Customer or fulfillment cancellation,Closed
FUL007638,O062004,C001380,5234,2025-12-30,carrier_delay,High,Carrier route delay,Open
FUL007639,O062009,C001365,6184,2025-12-30,carrier_delay,High,Carrier route delay,Open
FUL007640,O062013,C000308,8664,2025-12-30,carrier_delay,High,Carrier route delay,Open
FUL007641,O062015,C001053,11677,2025-12-30,carrier_delay,High,Carrier route delay,Open
FUL007642,O062020,C000019,12284,2025-12-30,carrier_delay,High,Carrier route delay,Open
FUL007643,O062032,C001122,859,2025-12-30,carrier_delay,High,Carrier route delay,Open
FUL007644,O062053,C000016,2292,2025-12-30,carrier_delay,High,Carrier route delay,Open
FUL007645,O062060,C000783,7790,2025-12-30,carrier_delay,High,Carrier route delay,Open
FUL007646,O062070,C001489,1172,2025-12-31,carrier_delay,High,Carrier route delay,Open
FUL007647,O062073,C000872,4654,2025-12-31,carrier_delay,High,Carrier route delay,Open
FUL007648,O062074,C001726,4536,2025-12-31,carrier_delay,High,Carrier route delay,Open
FUL007649,O062075,C000112,6050,2025-12-31,carrier_delay,High,Carrier route delay,Open
FUL007650,O062083,C001427,3428,2025-12-31,carrier_delay,High,Carrier route delay,Open
FUL007651,O006209,C000520,6514,2023-10-07,carrier_delay,High,Carrier route delay,Open
FUL007652,O062107,C000603,10493,2025-12-31,carrier_delay,High,Carrier route delay,Open
FUL007653,O062109,C001290,1346,2025-12-31,carrier_delay,High,Carrier route delay,Open
FUL007654,O062114,C001521,9514,2025-12-31,carrier_delay,High,Carrier route delay,Open
FUL007655,O062115,C001953,2676,2025-12-31,carrier_delay,High,Carrier route delay,Open
FUL007656,O062125,C001540,5859,2025-12-31,carrier_delay,High,Carrier route delay,Open
FUL007657,O062136,C000197,4394,2026-01-01,carrier_delay,High,Carrier route delay,Open
FUL007658,O062154,C001433,2453,2026-01-01,carrier_delay,High,Carrier route delay,Open
FUL007659,O062160,C001452,3567,2026-01-01,carrier_delay,High,Carrier route delay,Open
FUL007660,O062189,C000453,1261,2026-01-01,carrier_delay,High,Carrier route delay,Open
FUL007661,O062191,C001050,4276,2026-01-01,carrier_delay,High,Carrier route delay,Open
FUL007662,O006220,C000997,4698,2023-10-07,carrier_delay,High,Carrier route delay,Open
FUL007663,O062200,C000446,9436,2026-01-01,carrier_delay,High,Carrier route delay,Open
FUL007664,O062205,C001344,452,2026-01-02,carrier_delay,High,Carrier route delay,Open
FUL007665,O062208,C000110,9697,2026-01-02,carrier_delay,High,Carrier route delay,Open
FUL007666,O062221,C001311,7163,2026-01-02,carrier_delay,High,Carrier route delay,Open
FUL007667,O062223,C000468,2872,2026-01-02,carrier_delay,High,Carrier route delay,Open
FUL007668,O062228,C000404,6862,2026-01-02,carrier_delay,High,Carrier route delay,Open
FUL007669,O062231,C001191,2256,2026-01-02,carrier_delay,High,Carrier route delay,Open
FUL007670,O062234,C001041,7974,2026-01-02,carrier_delay,High,Carrier route delay,Open
FUL007671,O006225,C000070,10744,2023-10-07,carrier_delay,High,Carrier route delay,Open
FUL007672,O062254,C001653,11789,2026-01-02,carrier_delay,High,Carrier route delay,Open
FUL007673,O062260,C000780,9341,2026-01-02,carrier_delay,High,Carrier route delay,Open
FUL007674,O006227,C000087,3957,2023-10-07,carrier_delay,High,Carrier route delay,Open
FUL007675,O062274,C000157,11503,2026-01-03,carrier_delay,High,Carrier route delay,Open
FUL007676,O062278,C000459,10653,2026-01-03,carrier_delay,High,Carrier route delay,Open
FUL007677,O062290,C001479,7758,2026-01-03,carrier_delay,High,Carrier route delay,Open
FUL007678,O062307,C001562,12031,2026-01-03,carrier_delay,High,Carrier route delay,Open
FUL007679,O006231,C000792,12347,2023-10-07,cancellation_review,Medium,Customer or fulfillment cancellation,Closed
FUL007680,O062314,C001499,3262,2026-01-03,carrier_delay,High,Carrier route delay,Open
FUL007681,O062320,C001322,9058,2026-01-03,carrier_delay,High,Carrier route delay,Open
FUL007682,O062325,C000117,6696,2026-01-03,carrier_delay,High,Carrier route delay,Open
FUL007683,O006233,C000089,4116,2023-10-07,carrier_delay,High,Carrier route delay,Open
FUL007684,O062330,C001711,5665,2026-01-03,carrier_delay,High,Carrier route delay,Open
FUL007685,O062337,C000494,5200,2026-01-03,carrier_delay,High,Carrier route delay,Open
FUL007686,O062340,C000988,11861,2026-01-04,carrier_delay,High,Carrier route delay,Open
FUL007687,O006235,C000153,5371,2023-10-08,carrier_delay,High,Carrier route delay,Open
FUL007688,O062367,C000296,7664,2026-01-04,carrier_delay,High,Carrier route delay,Open
FUL007689,O062370,C000117,6696,2026-01-04,carrier_delay,High,Carrier route delay,Open
FUL007690,O062374,C000923,4238,2026-01-04,carrier_delay,High,Carrier route delay,Open
FUL007691,O062379,C000053,9883,2026-01-04,carrier_delay,High,Carrier route delay,Open
FUL007692,O006238,C000592,10886,2023-10-08,carrier_delay,High,Carrier route delay,Open
FUL007693,O062397,C001662,1116,2026-01-04,carrier_delay,High,Carrier route delay,Open
FUL007694,O062402,C000897,8203,2026-01-04,carrier_delay,High,Carrier route delay,Open
FUL007695,O062403,C001300,354,2026-01-04,carrier_delay,High,Carrier route delay,Open
FUL007696,O062409,C000698,1910,2026-01-05,carrier_delay,High,Carrier route delay,Open
FUL007697,O062424,C000934,1946,2026-01-05,carrier_delay,High,Carrier route delay,Open
FUL007698,O062429,C001614,4476,2026-01-05,carrier_delay,High,Carrier route delay,Open
FUL007699,O062434,C000454,2508,2026-01-05,cancellation_review,Medium,Customer or fulfillment cancellation,Closed
FUL007700,O062453,C000903,11817,2026-01-05,carrier_delay,High,Carrier route delay,Open
FUL007701,O062460,C000598,9761,2026-01-05,carrier_delay,High,Carrier route delay,Open
FUL007702,O062474,C001195,8892,2026-01-05,carrier_delay,High,Carrier route delay,Open
FUL007703,O006250,C001889,8180,2023-10-08,carrier_delay,High,Carrier route delay,Open
FUL007704,O062529,C000867,7186,2026-01-06,carrier_delay,High,Carrier route delay,Open
FUL007705,O062530,C001907,12288,2026-01-06,carrier_delay,High,Carrier route delay,Open
FUL007706,O062535,C001768,2586,2026-01-06,carrier_delay,High,Carrier route delay,Open
FUL007707,O062542,C000073,2444,2026-01-06,carrier_delay,High,Carrier route delay,Open
FUL007708,O062545,C000066,450,2026-01-06,carrier_delay,High,Carrier route delay,Open
FUL007709,O062559,C001914,12115,2026-01-07,carrier_delay,High,Carrier route delay,Open
FUL007710,O062570,C000871,9563,2026-01-07,carrier_delay,High,Carrier route delay,Open
FUL007711,O062581,C000958,866,2026-01-07,cancellation_review,Medium,Customer or fulfillment cancellation,Closed
FUL007712,O062582,C000129,3199,2026-01-07,carrier_delay,High,Carrier route delay,Open
FUL007713,O062583,C000352,10447,2026-01-07,carrier_delay,High,Carrier route delay,Open
FUL007714,O062590,C000332,697,2026-01-07,carrier_delay,High,Carrier route delay,Open
FUL007715,O062601,C001295,3925,2026-01-07,carrier_delay,High,Carrier route delay,Open
FUL007716,O062602,C001461,2301,2026-01-07,carrier_delay,High,Carrier route delay,Open
FUL007717,O062603,C000580,6255,2026-01-07,carrier_delay,High,Carrier route delay,Open
FUL007718,O062606,C000339,8192,2026-01-07,carrier_delay,High,Carrier route delay,Open
FUL007719,O062607,C000591,1544,2026-01-07,carrier_delay,High,Carrier route delay,Open
FUL007720,O062609,C000060,5053,2026-01-07,carrier_delay,High,Carrier route delay,Open
FUL007721,O062622,C001943,2562,2026-01-08,carrier_delay,High,Carrier route delay,Open
FUL007722,O062624,C000402,8917,2026-01-08,cancellation_review,Medium,Customer or fulfillment cancellation,Closed
FUL007723,O062637,C001073,9726,2026-01-08,carrier_delay,High,Carrier route delay,Open
FUL007724,O062638,C000509,6092,2026-01-08,carrier_delay,High,Carrier route delay,Open
FUL007725,O062649,C001135,4005,2026-01-08,carrier_delay,High,Carrier route delay,Open
FUL007726,O062653,C000638,9603,2026-01-08,carrier_delay,High,Carrier route delay,Open
FUL007727,O062654,C000023,1443,2026-01-08,carrier_delay,High,Carrier route delay,Open
FUL007728,O062669,C001090,8754,2026-01-08,carrier_delay,High,Carrier route delay,Open
FUL007729,O062670,C000724,10681,2026-01-08,carrier_delay,High,Carrier route delay,Open
FUL007730,O062672,C000587,7575,2026-01-08,carrier_delay,High,Carrier route delay,Open
FUL007731,O062697,C000959,8948,2026-01-09,carrier_delay,High,Carrier route delay,Open
FUL007732,O062709,C000630,1832,2026-01-09,carrier_delay,High,Carrier route delay,Open
FUL007733,O062729,C001389,7271,2026-01-09,carrier_delay,High,Carrier route delay,Open
FUL007734,O062739,C000065,11888,2026-01-09,carrier_delay,High,Carrier route delay,Open
FUL007735,O006274,C001109,1921,2023-10-08,cancellation_review,Medium,Customer or fulfillment cancellation,Closed
FUL007736,O062744,C000008,4249,2026-01-09,cancellation_review,Medium,Customer or fulfillment cancellation,Closed
FUL007737,O062759,C000448,6789,2026-01-10,carrier_delay,High,Carrier route delay,Open
FUL007738,O062774,C000287,1824,2026-01-10,carrier_delay,High,Carrier route delay,Open
FUL007739,O062775,C000339,8192,2026-01-10,carrier_delay,High,Carrier route delay,Open
FUL007740,O062778,C001191,2256,2026-01-10,carrier_delay,High,Carrier route delay,Open
FUL007741,O062779,C000043,7218,2026-01-10,cancellation_review,Medium,Customer or fulfillment cancellation,Closed
FUL007742,O062788,C001177,599,2026-01-10,cancellation_review,Medium,Customer or fulfillment cancellation,Closed
FUL007743,O062790,C000707,11397,2026-01-10,carrier_delay,High,Carrier route delay,Open
FUL007744,O062792,C000669,11835,2026-01-10,carrier_delay,High,Carrier route delay,Open
FUL007745,O062795,C001199,10308,2026-01-10,carrier_delay,High,Carrier route delay,Open
FUL007746,O062799,C000429,10612,2026-01-10,carrier_delay,High,Carrier route delay,Open
FUL007747,O062800,C000928,5657,2026-01-10,carrier_delay,High,Carrier route delay,Open
FUL007748,O062802,C000958,866,2026-01-10,carrier_delay,High,Carrier route delay,Open
FUL007749,O062823,C000608,1927,2026-01-11,carrier_delay,High,Carrier route delay,Open
FUL007750,O062825,C000861,1806,2026-01-11,carrier_delay,High,Carrier route delay,Open
FUL007751,O062829,C001825,10769,2026-01-11,carrier_delay,High,Carrier route delay,Open
FUL007752,O062837,C000603,10493,2026-01-11,carrier_delay,High,Carrier route delay,Open
FUL007753,O062839,C001902,7383,2026-01-11,carrier_delay,High,Carrier route delay,Open
FUL007754,O062845,C001837,870,2026-01-11,carrier_delay,High,Carrier route delay,Open
FUL007755,O006285,C001878,1232,2023-10-08,carrier_delay,High,Carrier route delay,Open
FUL007756,O062855,C000637,8954,2026-01-11,carrier_delay,High,Carrier route delay,Open
FUL007757,O062874,C000133,11983,2026-01-11,carrier_delay,High,Carrier route delay,Open
FUL007758,O062875,C001417,10951,2026-01-11,carrier_delay,High,Carrier route delay,Open
FUL007759,O062879,C001236,4495,2026-01-11,carrier_delay,High,Carrier route delay,Open
FUL007760,O062880,C000153,5371,2026-01-11,carrier_delay,High,Carrier route delay,Open
FUL007761,O062884,C000969,4164,2026-01-11,carrier_delay,High,Carrier route delay,Open
FUL007762,O062889,C000238,2330,2026-01-12,carrier_delay,High,Carrier route delay,Open
FUL007763,O062891,C001730,4133,2026-01-12,carrier_delay,High,Carrier route delay,Open
FUL007764,O062892,C001722,9813,2026-01-12,carrier_delay,High,Carrier route delay,Open
FUL007765,O062898,C000305,6266,2026-01-12,carrier_delay,High,Carrier route delay,Open
FUL007766,O062919,C001720,4974,2026-01-12,carrier_delay,High,Carrier route delay,Open
FUL007767,O006292,C000178,172,2023-10-08,carrier_delay,High,Carrier route delay,Open
FUL007768,O062924,C001973,4436,2026-01-12,carrier_delay,High,Carrier route delay,Open
FUL007769,O062929,C001088,3758,2026-01-12,carrier_delay,High,Carrier route delay,Open
FUL007770,O006293,C001803,3890,2023-10-08,carrier_delay,High,Carrier route delay,Open
FUL007771,O062935,C000373,2205,2026-01-12,carrier_delay,High,Carrier route delay,Open
FUL007772,O062953,C001861,3499,2026-01-12,carrier_delay,High,Carrier route delay,Open
FUL007773,O062999,C000541,7401,2026-01-13,cancellation_review,Medium,Customer or fulfillment cancellation,Closed
FUL007774,O063005,C001333,7318,2026-01-13,carrier_delay,High,Carrier route delay,Open
FUL007775,O063014,C000015,10351,2026-01-13,carrier_delay,High,Carrier route delay,Open
FUL007776,O063017,C000383,5395,2026-01-13,carrier_delay,High,Carrier route delay,Open
FUL007777,O063025,C000818,9690,2026-01-14,carrier_delay,High,Carrier route delay,Open
FUL007778,O063032,C001648,175,2026-01-14,carrier_delay,High,Carrier route delay,Open
FUL007779,O063034,C000003,8766,2026-01-14,carrier_delay,High,Carrier route delay,Open
FUL007780,O006304,C000005,2641,2023-10-09,carrier_delay,High,Carrier route delay,Open
FUL007781,O063040,C000234,6101,2026-01-14,carrier_delay,High,Carrier route delay,Open
FUL007782,O063045,C001739,7607,2026-01-14,carrier_delay,High,Carrier route delay,Open
FUL007783,O063047,C001620,4997,2026-01-14,carrier_delay,High,Carrier route delay,Open
FUL007784,O063060,C001672,9754,2026-01-14,carrier_delay,High,Carrier route delay,Open
FUL007785,O063069,C001887,11522,2026-01-14,carrier_delay,High,Carrier route delay,Open
FUL007786,O063070,C000952,3133,2026-01-14,carrier_delay,High,Carrier route delay,Open
FUL007787,O063080,C000021,5927,2026-01-14,carrier_delay,High,Carrier route delay,Open
FUL007788,O063081,C001001,9273,2026-01-14,carrier_delay,High,Carrier route delay,Open
FUL007789,O063084,C000761,3501,2026-01-14,carrier_delay,High,Carrier route delay,Open
FUL007790,O063086,C001103,10687,2026-01-14,carrier_delay,High,Carrier route delay,Open
FUL007791,O063095,C000892,9847,2026-01-15,carrier_delay,High,Carrier route delay,Open
FUL007792,O063099,C001625,12026,2026-01-15,carrier_delay,High,Carrier route delay,Open
FUL007793,O006310,C001071,8365,2023-10-09,carrier_delay,High,Carrier route delay,Open
FUL007794,O063100,C001645,8631,2026-01-15,carrier_delay,High,Carrier route delay,Open
FUL007795,O063108,C001438,9305,2026-01-15,carrier_delay,High,Carrier route delay,Open
FUL007796,O063113,C001257,9317,2026-01-15,carrier_delay,High,Carrier route delay,Open
FUL007797,O063114,C000905,6168,2026-01-15,carrier_delay,High,Carrier route delay,Open
FUL007798,O063127,C000669,11835,2026-01-15,carrier_delay,High,Carrier route delay,Open
FUL007799,O063135,C000892,9847,2026-01-15,carrier_delay,High,Carrier route delay,Open
FUL007800,O063154,C000720,1158,2026-01-15,carrier_delay,High,Carrier route delay,Open
FUL007801,O063164,C001971,12045,2026-01-16,carrier_delay,High,Carrier route delay,Open
FUL007802,O063180,C001082,1466,2026-01-16,carrier_delay,High,Carrier route delay,Open
FUL007803,O006319,C000059,9962,2023-10-09,carrier_delay,High,Carrier route delay,Open
FUL007804,O063199,C000260,3303,2026-01-16,cancellation_review,Medium,Customer or fulfillment cancellation,Closed
FUL007805,O063209,C000236,1826,2026-01-16,carrier_delay,High,Carrier route delay,Open
FUL007806,O063214,C000334,8847,2026-01-16,carrier_delay,High,Carrier route delay,Open
FUL007807,O063220,C001011,3071,2026-01-16,cancellation_review,Medium,Customer or fulfillment cancellation,Closed
FUL007808,O063229,C000225,8522,2026-01-16,carrier_delay,High,Carrier route delay,Open
FUL007809,O006323,C000317,4290,2023-10-09,carrier_delay,High,Carrier route delay,Open
FUL007810,O063239,C001667,6584,2026-01-17,carrier_delay,High,Carrier route delay,Open
FUL007811,O006324,C000527,9971,2023-10-09,carrier_delay,High,Carrier route delay,Open
FUL007812,O063241,C000428,8812,2026-01-17,carrier_delay,High,Carrier route delay,Open
FUL007813,O063249,C000218,12221,2026-01-17,carrier_delay,High,Carrier route delay,Open
FUL007814,O063254,C000215,5015,2026-01-17,carrier_delay,High,Carrier route delay,Open
FUL007815,O063271,C001916,7564,2026-01-17,carrier_delay,High,Carrier route delay,Open
FUL007816,O063284,C001771,4730,2026-01-17,carrier_delay,High,Carrier route delay,Open
FUL007817,O063288,C001421,11929,2026-01-17,carrier_delay,High,Carrier route delay,Open
FUL007818,O063290,C000989,192,2026-01-17,carrier_delay,High,Carrier route delay,Open
FUL007819,O063298,C001934,1180,2026-01-17,carrier_delay,High,Carrier route delay,Open
FUL007820,O063311,C000018,3708,2026-01-18,carrier_delay,High,Carrier route delay,Open
FUL007821,O063314,C000017,4663,2026-01-18,carrier_delay,High,Carrier route delay,Open
FUL007822,O063318,C000587,7575,2026-01-18,carrier_delay,High,Carrier route delay,Open
FUL007823,O063323,C001542,12195,2026-01-18,carrier_delay,High,Carrier route delay,Open
FUL007824,O063325,C001714,1008,2026-01-18,carrier_delay,High,Carrier route delay,Open
FUL007825,O063329,C001810,1788,2026-01-18,carrier_delay,High,Carrier route delay,Open
FUL007826,O063332,C000673,1906,2026-01-18,carrier_delay,High,Carrier route delay,Open
FUL007827,O063337,C001334,10925,2026-01-18,carrier_delay,High,Carrier route delay,Open
FUL007828,O063338,C001198,8376,2026-01-18,carrier_delay,High,Carrier route delay,Open
FUL007829,O063350,C001760,8437,2026-01-18,carrier_delay,High,Carrier route delay,Open
FUL007830,O063354,C000644,12238,2026-01-18,carrier_delay,High,Carrier route delay,Open
FUL007831,O063384,C000582,7749,2026-01-19,carrier_delay,High,Carrier route delay,Open
FUL007832,O063385,C000898,6236,2026-01-19,carrier_delay,High,Carrier route delay,Open
FUL007833,O063389,C000278,4599,2026-01-19,carrier_delay,High,Carrier route delay,Open
FUL007834,O063395,C000356,12329,2026-01-19,carrier_delay,High,Carrier route delay,Open
FUL007835,O000634,C000280,4588,2023-07-18,carrier_delay,High,Carrier route delay,Open
FUL007836,O006340,C000145,437,2023-10-09,carrier_delay,High,Carrier route delay,Open
FUL007837,O063405,C000154,1588,2026-01-19,carrier_delay,High,Carrier route delay,Open
FUL007838,O063414,C000845,5093,2026-01-19,carrier_delay,High,Carrier route delay,Open
FUL007839,O063419,C000233,221,2026-01-19,carrier_delay,High,Carrier route delay,Open
FUL007840,O063420,C000325,291,2026-01-19,carrier_delay,High,Carrier route delay,Open
FUL007841,O063429,C001290,1346,2026-01-19,carrier_delay,High,Carrier route delay,Open
FUL007842,O063437,C000245,1747,2026-01-20,carrier_delay,High,Carrier route delay,Open
FUL007843,O063439,C000667,5085,2026-01-20,carrier_delay,High,Carrier route delay,Open
FUL007844,O063466,C001725,1460,2026-01-20,cancellation_review,Medium,Customer or fulfillment cancellation,Closed
FUL007845,O063470,C000661,12019,2026-01-20,carrier_delay,High,Carrier route delay,Open
FUL007846,O063481,C000947,5296,2026-01-20,carrier_delay,High,Carrier route delay,Open
FUL007847,O063492,C000899,1685,2026-01-20,carrier_delay,High,Carrier route delay,Open
FUL007848,O063494,C001386,7403,2026-01-20,carrier_delay,High,Carrier route delay,Open
FUL007849,O063528,C000100,11378,2026-01-21,cancellation_review,Medium,Customer or fulfillment cancellation,Closed
FUL007850,O063550,C001309,11341,2026-01-21,carrier_delay,High,Carrier route delay,Open
FUL007851,O063574,C000313,4454,2026-01-22,carrier_delay,High,Carrier route delay,Open
FUL007852,O063595,C000586,11576,2026-01-22,carrier_delay,High,Carrier route delay,Open
FUL007853,O063596,C000775,6281,2026-01-22,carrier_delay,High,Carrier route delay,Open
FUL007854,O063599,C001969,8210,2026-01-22,carrier_delay,High,Carrier route delay,Open
FUL007855,O063614,C000085,6341,2026-01-22,cancellation_review,Medium,Customer or fulfillment cancellation,Closed
FUL007856,O063633,C000178,172,2026-01-22,carrier_delay,High,Carrier route delay,Open
FUL007857,O063637,C001740,3378,2026-01-22,carrier_delay,High,Carrier route delay,Open
FUL007858,O063644,C000476,10407,2026-01-23,carrier_delay,High,Carrier route delay,Open
FUL007859,O063648,C001943,2562,2026-01-23,carrier_delay,High,Carrier route delay,Open
FUL007860,O063649,C000060,5053,2026-01-23,carrier_delay,High,Carrier route delay,Open
FUL007861,O006365,C001936,6425,2023-10-09,carrier_delay,High,Carrier route delay,Open
FUL007862,O063650,C000220,2220,2026-01-23,carrier_delay,High,Carrier route delay,Open
FUL007863,O063655,C001574,4191,2026-01-23,carrier_delay,High,Carrier route delay,Open
FUL007864,O063669,C000965,8658,2026-01-23,carrier_delay,High,Carrier route delay,Open
FUL007865,O063674,C000250,6660,2026-01-23,carrier_delay,High,Carrier route delay,Open
FUL007866,O063694,C001914,12115,2026-01-23,carrier_delay,High,Carrier route delay,Open
FUL007867,O063697,C000712,5824,2026-01-23,cancellation_review,Medium,Customer or fulfillment cancellation,Closed
FUL007868,O063699,C001034,326,2026-01-23,carrier_delay,High,Carrier route delay,Open
FUL007869,O063704,C000361,1149,2026-01-23,carrier_delay,High,Carrier route delay,Open
FUL007870,O063709,C001920,1651,2026-01-23,carrier_delay,High,Carrier route delay,Open
FUL007871,O063749,C000055,5283,2026-01-24,carrier_delay,High,Carrier route delay,Open
FUL007872,O006375,C000018,3708,2023-10-10,carrier_delay,High,Carrier route delay,Open
FUL007873,O063763,C000585,11056,2026-01-24,carrier_delay,High,Carrier route delay,Open
FUL007874,O063772,C000821,3074,2026-01-24,carrier_delay,High,Carrier route delay,Open
FUL007875,O063775,C000929,9992,2026-01-24,carrier_delay,High,Carrier route delay,Open
FUL007876,O063779,C001066,647,2026-01-25,carrier_delay,High,Carrier route delay,Open
FUL007877,O006378,C000471,679,2023-10-10,carrier_delay,High,Carrier route delay,Open
FUL007878,O063780,C000016,2292,2026-01-25,carrier_delay,High,Carrier route delay,Open
FUL007879,O063789,C001114,6081,2026-01-25,carrier_delay,High,Carrier route delay,Open
FUL007880,O063799,C001118,11984,2026-01-25,carrier_delay,High,Carrier route delay,Open
FUL007881,O063808,C000184,1844,2026-01-25,carrier_delay,High,Carrier route delay,Open
FUL007882,O063812,C001099,6418,2026-01-25,carrier_delay,High,Carrier route delay,Open
FUL007883,O063818,C000921,5644,2026-01-25,carrier_delay,High,Carrier route delay,Open
FUL007884,O063828,C001575,4225,2026-01-25,carrier_delay,High,Carrier route delay,Open
FUL007885,O063838,C001646,4040,2026-01-25,carrier_delay,High,Carrier route delay,Open
FUL007886,O063840,C000984,7223,2026-01-25,carrier_delay,High,Carrier route delay,Open
FUL007887,O063870,C001161,4025,2026-01-26,carrier_delay,High,Carrier route delay,Open
FUL007888,O063883,C001354,2078,2026-01-26,carrier_delay,High,Carrier route delay,Open
FUL007889,O063885,C000488,3655,2026-01-26,carrier_delay,High,Carrier route delay,Open
FUL007890,O063890,C000915,1430,2026-01-26,carrier_delay,High,Carrier route delay,Open
FUL007891,O063894,C001593,10257,2026-01-26,carrier_delay,High,Carrier route delay,Open
FUL007892,O063895,C000150,5173,2026-01-26,carrier_delay,High,Carrier route delay,Open
FUL007893,O063899,C000353,2180,2026-01-26,carrier_delay,High,Carrier route delay,Open
FUL007894,O006390,C001310,8889,2023-10-10,carrier_delay,High,Carrier route delay,Open
FUL007895,O063905,C001878,1232,2026-01-26,carrier_delay,High,Carrier route delay,Open
FUL007896,O063909,C000262,11134,2026-01-26,carrier_delay,High,Carrier route delay,Open
FUL007897,O006391,C000824,3323,2023-10-10,carrier_delay,High,Carrier route delay,Open
FUL007898,O063918,C001197,6883,2026-01-27,cancellation_review,Medium,Customer or fulfillment cancellation,Closed
FUL007899,O063920,C001338,4308,2026-01-27,carrier_delay,High,Carrier route delay,Open
FUL007900,O006393,C000208,8861,2023-10-10,carrier_delay,High,Carrier route delay,Open
FUL007901,O063940,C000421,7123,2026-01-27,carrier_delay,High,Carrier route delay,Open
FUL007902,O063958,C001563,1765,2026-01-27,cancellation_review,Medium,Customer or fulfillment cancellation,Closed
FUL007903,O063959,C000223,6587,2026-01-27,carrier_delay,High,Carrier route delay,Open
FUL007904,O063965,C000641,4200,2026-01-27,carrier_delay,High,Carrier route delay,Open
FUL007905,O063969,C001189,8488,2026-01-27,carrier_delay,High,Carrier route delay,Open
FUL007906,O063972,C000523,1962,2026-01-27,carrier_delay,High,Carrier route delay,Open
FUL007907,O063973,C000134,10175,2026-01-27,carrier_delay,High,Carrier route delay,Open
FUL007908,O063975,C001969,8210,2026-01-27,carrier_delay,High,Carrier route delay,Open
FUL007909,O063977,C001329,6649,2026-01-27,carrier_delay,High,Carrier route delay,Open
FUL007910,O063981,C000262,11134,2026-01-27,carrier_delay,High,Carrier route delay,Open
FUL007911,O063982,C001560,9168,2026-01-27,carrier_delay,High,Carrier route delay,Open
FUL007912,O000064,C000478,5579,2023-07-09,carrier_delay,High,Carrier route delay,Open
FUL007913,O000640,C001366,6199,2023-07-18,carrier_delay,High,Carrier route delay,Open
FUL007914,O064000,C000327,7190,2026-01-28,carrier_delay,High,Carrier route delay,Open
FUL007915,O064014,C001227,1812,2026-01-28,carrier_delay,High,Carrier route delay,Open
FUL007916,O064020,C001442,1273,2026-01-28,carrier_delay,High,Carrier route delay,Open
FUL007917,O064029,C000819,9003,2026-01-28,carrier_delay,High,Carrier route delay,Open
FUL007918,O064030,C000173,1599,2026-01-28,carrier_delay,High,Carrier route delay,Open
FUL007919,O064031,C000015,10351,2026-01-28,carrier_delay,High,Carrier route delay,Open
FUL007920,O064033,C000085,6341,2026-01-28,carrier_delay,High,Carrier route delay,Open
FUL007921,O064034,C000270,6474,2026-01-28,cancellation_review,Medium,Customer or fulfillment cancellation,Closed
FUL007922,O064064,C001176,11767,2026-01-29,carrier_delay,High,Carrier route delay,Open
FUL007923,O064069,C000623,11417,2026-01-29,carrier_delay,High,Carrier route delay,Open
FUL007924,O006408,C000125,3879,2023-10-10,carrier_delay,High,Carrier route delay,Open
FUL007925,O064084,C000756,72,2026-01-29,carrier_delay,High,Carrier route delay,Open
FUL007926,O064087,C001111,5198,2026-01-29,carrier_delay,High,Carrier route delay,Open
FUL007927,O064094,C001375,2025,2026-01-29,cancellation_review,Medium,Customer or fulfillment cancellation,Closed
FUL007928,O064099,C000720,1158,2026-01-29,carrier_delay,High,Carrier route delay,Open
FUL007929,O006410,C000450,9353,2023-10-10,carrier_delay,High,Carrier route delay,Open
FUL007930,O064110,C001514,207,2026-01-29,carrier_delay,High,Carrier route delay,Open
FUL007931,O064112,C000319,3983,2026-01-29,carrier_delay,High,Carrier route delay,Open
FUL007932,O064132,C000136,8170,2026-01-30,cancellation_review,Medium,Customer or fulfillment cancellation,Closed
FUL007933,O064146,C000471,679,2026-01-30,carrier_delay,High,Carrier route delay,Open
FUL007934,O064155,C000432,698,2026-01-30,carrier_delay,High,Carrier route delay,Open
FUL007935,O064159,C000446,9436,2026-01-30,carrier_delay,High,Carrier route delay,Open
FUL007936,O064171,C001268,7216,2026-01-30,carrier_delay,High,Carrier route delay,Open
FUL007937,O064196,C000475,10307,2026-01-31,carrier_delay,High,Carrier route delay,Open
FUL007938,O064199,C000087,3957,2026-01-31,carrier_delay,High,Carrier route delay,Open
FUL007939,O064200,C000766,1106,2026-01-31,carrier_delay,High,Carrier route delay,Open
FUL007940,O064232,C001366,6199,2026-01-31,cancellation_review,Medium,Customer or fulfillment cancellation,Closed
FUL007941,O064235,C000290,10672,2026-01-31,carrier_delay,High,Carrier route delay,Open
FUL007942,O064249,C000477,2553,2026-01-31,carrier_delay,High,Carrier route delay,Open
FUL007943,O064257,C001252,9862,2026-01-31,carrier_delay,High,Carrier route delay,Open
FUL007944,O064258,C001866,630,2026-02-01,carrier_delay,High,Carrier route delay,Open
FUL007945,O064265,C000842,1589,2026-02-01,carrier_delay,High,Carrier route delay,Open
FUL007946,O064274,C000661,12019,2026-02-01,cancellation_review,Medium,Customer or fulfillment cancellation,Closed
FUL007947,O064275,C000558,11124,2026-02-01,carrier_delay,High,Carrier route delay,Open
FUL007948,O064276,C000533,4943,2026-02-01,carrier_delay,High,Carrier route delay,Open
FUL007949,O064280,C000733,364,2026-02-01,carrier_delay,High,Carrier route delay,Open
FUL007950,O064281,C001294,140,2026-02-01,carrier_delay,High,Carrier route delay,Open
FUL007951,O064282,C001413,1175,2026-02-01,carrier_delay,High,Carrier route delay,Open
FUL007952,O064289,C000659,4212,2026-02-01,carrier_delay,High,Carrier route delay,Open
FUL007953,O064292,C001999,5120,2026-02-01,carrier_delay,High,Carrier route delay,Open
FUL007954,O064293,C000298,9107,2026-02-01,carrier_delay,High,Carrier route delay,Open
FUL007955,O006430,C001038,9607,2023-10-10,carrier_delay,High,Carrier route delay,Open
FUL007956,O064314,C001001,9273,2026-02-01,carrier_delay,High,Carrier route delay,Open
FUL007957,O064320,C001073,9726,2026-02-01,carrier_delay,High,Carrier route delay,Open
FUL007958,O064337,C000857,2155,2026-02-02,carrier_delay,High,Carrier route delay,Open
FUL007959,O064338,C000538,1804,2026-02-02,carrier_delay,High,Carrier route delay,Open
FUL007960,O064341,C001141,10160,2026-02-02,cancellation_review,Medium,Customer or fulfillment cancellation,Closed
FUL007961,O064349,C001706,5104,2026-02-02,carrier_delay,High,Carrier route delay,Open
FUL007962,O006435,C000134,10175,2023-10-10,carrier_delay,High,Carrier route delay,Open
FUL007963,O064350,C001071,8365,2026-02-02,carrier_delay,High,Carrier route delay,Open
FUL007964,O064357,C001213,1567,2026-02-02,carrier_delay,High,Carrier route delay,Open
FUL007965,O064383,C000264,10610,2026-02-02,carrier_delay,High,Carrier route delay,Open
FUL007966,O064384,C000685,9432,2026-02-02,carrier_delay,High,Carrier route delay,Open
FUL007967,O064387,C000010,5624,2026-02-02,carrier_delay,High,Carrier route delay,Open
FUL007968,O006439,C000498,11513,2023-10-10,carrier_delay,High,Carrier route delay,Open
FUL007969,O064402,C000319,3983,2026-02-03,carrier_delay,High,Carrier route delay,Open
FUL007970,O064403,C001830,342,2026-02-03,carrier_delay,High,Carrier route delay,Open
FUL007971,O064405,C000269,2021,2026-02-03,carrier_delay,High,Carrier route delay,Open
FUL007972,O064406,C000821,3074,2026-02-03,carrier_delay,High,Carrier route delay,Open
FUL007973,O064409,C001377,6488,2026-02-03,carrier_delay,High,Carrier route delay,Open
FUL007974,O064410,C000443,3051,2026-02-03,carrier_delay,High,Carrier route delay,Open
FUL007975,O064414,C000064,898,2026-02-03,carrier_delay,High,Carrier route delay,Open
FUL007976,O064417,C000280,4588,2026-02-03,carrier_delay,High,Carrier route delay,Open
FUL007977,O064440,C001114,6081,2026-02-03,cancellation_review,Medium,Customer or fulfillment cancellation,Closed
FUL007978,O006447,C000817,12291,2023-10-11,carrier_delay,High,Carrier route delay,Open
FUL007979,O064473,C001986,5951,2026-02-04,cancellation_review,Medium,Customer or fulfillment cancellation,Closed
FUL007980,O064479,C000725,5490,2026-02-04,carrier_delay,High,Carrier route delay,Open
FUL007981,O064489,C001037,254,2026-02-04,carrier_delay,High,Carrier route delay,Open
FUL007982,O064495,C000906,10118,2026-02-04,carrier_delay,High,Carrier route delay,Open
FUL007983,O064499,C001696,4388,2026-02-04,carrier_delay,High,Carrier route delay,Open
FUL007984,O064507,C001587,970,2026-02-04,carrier_delay,High,Carrier route delay,Open
FUL007985,O064510,C001201,8529,2026-02-04,carrier_delay,High,Carrier route delay,Open
FUL007986,O064523,C000035,6375,2026-02-04,carrier_delay,High,Carrier route delay,Open
FUL007987,O064529,C001087,376,2026-02-04,carrier_delay,High,Carrier route delay,Open
FUL007988,O064544,C001757,2591,2026-02-05,carrier_delay,High,Carrier route delay,Open
FUL007989,O064549,C000767,373,2026-02-05,carrier_delay,High,Carrier route delay,Open
FUL007990,O064555,C001594,8963,2026-02-05,cancellation_review,Medium,Customer or fulfillment cancellation,Closed
FUL007991,O064565,C000921,5644,2026-02-05,carrier_delay,High,Carrier route delay,Open
FUL007992,O064574,C001299,7099,2026-02-05,carrier_delay,High,Carrier route delay,Open
FUL007993,O064584,C000359,7432,2026-02-05,carrier_delay,High,Carrier route delay,Open
FUL007994,O064585,C001520,4272,2026-02-05,carrier_delay,High,Carrier route delay,Open
FUL007995,O064589,C001026,4278,2026-02-05,carrier_delay,High,Carrier route delay,Open
FUL007996,O064600,C001868,10885,2026-02-05,carrier_delay,High,Carrier route delay,Open
FUL007997,O064601,C000500,1865,2026-02-06,carrier_delay,High,Carrier route delay,Open
FUL007998,O064605,C001026,4278,2026-02-06,carrier_delay,High,Carrier route delay,Open
FUL007999,O064607,C001994,1164,2026-02-06,cancellation_review,Medium,Customer or fulfillment cancellation,Closed
FUL008000,O064616,C001487,2306,2026-02-06,carrier_delay,High,Carrier route delay,Open
FUL008001,O064619,C001893,10932,2026-02-06,carrier_delay,High,Carrier route delay,Open
FUL008002,O064620,C000408,633,2026-02-06,carrier_delay,High,Carrier route delay,Open
FUL008003,O064624,C000028,1011,2026-02-06,carrier_delay,High,Carrier route delay,Open
FUL008004,O064630,C000479,4406,2026-02-06,carrier_delay,High,Carrier route delay,Open
FUL008005,O064640,C001954,8789,2026-02-06,carrier_delay,High,Carrier route delay,Open
FUL008006,O064644,C000292,10707,2026-02-06,carrier_delay,High,Carrier route delay,Open
FUL008007,O064645,C000377,3498,2026-02-06,carrier_delay,High,Carrier route delay,Open
FUL008008,O006465,C000535,4435,2023-10-11,carrier_delay,High,Carrier route delay,Open
FUL008009,O064655,C001265,5805,2026-02-06,carrier_delay,High,Carrier route delay,Open
FUL008010,O064675,C000257,7460,2026-02-07,carrier_delay,High,Carrier route delay,Open
FUL008011,O064682,C001591,10642,2026-02-07,carrier_delay,High,Carrier route delay,Open
FUL008012,O006469,C001768,2586,2023-10-11,carrier_delay,High,Carrier route delay,Open
FUL008013,O064694,C001215,6942,2026-02-07,carrier_delay,High,Carrier route delay,Open
FUL008014,O064695,C001967,7160,2026-02-07,carrier_delay,High,Carrier route delay,Open
FUL008015,O064714,C001454,11352,2026-02-07,carrier_delay,High,Carrier route delay,Open
FUL008016,O064720,C001602,8602,2026-02-07,carrier_delay,High,Carrier route delay,Open
FUL008017,O064730,C000135,6049,2026-02-07,cancellation_review,Medium,Customer or fulfillment cancellation,Closed
FUL008018,O064742,C000442,173,2026-02-08,cancellation_review,Medium,Customer or fulfillment cancellation,Closed
FUL008019,O064744,C001080,2703,2026-02-08,carrier_delay,High,Carrier route delay,Open
FUL008020,O064760,C000275,5477,2026-02-08,carrier_delay,High,Carrier route delay,Open
FUL008021,O064782,C000457,8666,2026-02-08,carrier_delay,High,Carrier route delay,Open
FUL008022,O006479,C000261,6643,2023-10-11,carrier_delay,High,Carrier route delay,Open
FUL008023,O064805,C001973,4436,2026-02-08,carrier_delay,High,Carrier route delay,Open
FUL008024,O064807,C000233,221,2026-02-09,carrier_delay,High,Carrier route delay,Open
FUL008025,O064810,C000007,3710,2026-02-09,carrier_delay,High,Carrier route delay,Open
FUL008026,O064812,C000201,5028,2026-02-09,carrier_delay,High,Carrier route delay,Open
FUL008027,O064813,C001747,10018,2026-02-09,carrier_delay,High,Carrier route delay,Open
FUL008028,O064815,C000842,1589,2026-02-09,carrier_delay,High,Carrier route delay,Open
FUL008029,O006482,C000206,2229,2023-10-11,cancellation_review,Medium,Customer or fulfillment cancellation,Closed
FUL008030,O064829,C000573,1282,2026-02-09,carrier_delay,High,Carrier route delay,Open
FUL008031,O006483,C000089,4116,2023-10-11,carrier_delay,High,Carrier route delay,Open
FUL008032,O064850,C001165,5147,2026-02-09,carrier_delay,High,Carrier route delay,Open
FUL008033,O064863,C000424,6806,2026-02-09,carrier_delay,High,Carrier route delay,Open
FUL008034,O064872,C000534,1512,2026-02-09,carrier_delay,High,Carrier route delay,Open
FUL008035,O064875,C001725,1460,2026-02-10,carrier_delay,High,Carrier route delay,Open
FUL008036,O064880,C000968,5084,2026-02-10,carrier_delay,High,Carrier route delay,Open
FUL008037,O064894,C001368,7492,2026-02-10,carrier_delay,High,Carrier route delay,Open
FUL008038,O064897,C001265,5805,2026-02-10,carrier_delay,High,Carrier route delay,Open
FUL008039,O064898,C001095,11115,2026-02-10,carrier_delay,High,Carrier route delay,Open
FUL008040,O006490,C000805,8697,2023-10-11,carrier_delay,High,Carrier route delay,Open
FUL008041,O064905,C001236,4495,2026-02-10,carrier_delay,High,Carrier route delay,Open
FUL008042,O064919,C000992,3235,2026-02-10,carrier_delay,High,Carrier route delay,Open
FUL008043,O064944,C000685,9432,2026-02-11,carrier_delay,High,Carrier route delay,Open
FUL008044,O064945,C000149,5563,2026-02-11,carrier_delay,High,Carrier route delay,Open
FUL008045,O064950,C001858,2652,2026-02-11,carrier_delay,High,Carrier route delay,Open
FUL008046,O064965,C000354,10013,2026-02-11,carrier_delay,High,Carrier route delay,Open
FUL008047,O064975,C001808,3155,2026-02-11,carrier_delay,High,Carrier route delay,Open
FUL008048,O064979,C001162,6109,2026-02-11,carrier_delay,High,Carrier route delay,Open
FUL008049,O064980,C001546,512,2026-02-11,carrier_delay,High,Carrier route delay,Open
FUL008050,O064981,C000361,1149,2026-02-11,carrier_delay,High,Carrier route delay,Open
FUL008051,O064989,C000505,9731,2026-02-11,carrier_delay,High,Carrier route delay,Open
FUL008052,O064990,C001419,4169,2026-02-11,carrier_delay,High,Carrier route delay,Open
FUL008053,O064994,C001777,6346,2026-02-11,carrier_delay,High,Carrier route delay,Open
FUL008054,O064998,C000160,5072,2026-02-11,carrier_delay,High,Carrier route delay,Open
FUL008055,O065014,C000005,2641,2026-02-12,carrier_delay,High,Carrier route delay,Open
FUL008056,O065040,C001925,8788,2026-02-12,carrier_delay,High,Carrier route delay,Open
FUL008057,O065045,C000560,5658,2026-02-12,carrier_delay,High,Carrier route delay,Open
FUL008058,O065049,C001022,907,2026-02-12,carrier_delay,High,Carrier route delay,Open
FUL008059,O006505,C001999,5120,2023-10-11,carrier_delay,High,Carrier route delay,Open
FUL008060,O065059,C001792,8321,2026-02-12,carrier_delay,High,Carrier route delay,Open
FUL008061,O065070,C001995,9670,2026-02-12,carrier_delay,High,Carrier route delay,Open
FUL008062,O065075,C001805,1522,2026-02-12,carrier_delay,High,Carrier route delay,Open
FUL008063,O065078,C000246,2773,2026-02-12,carrier_delay,High,Carrier route delay,Open
FUL008064,O065088,C001236,4495,2026-02-13,carrier_delay,High,Carrier route delay,Open
FUL008065,O065091,C000840,455,2026-02-13,carrier_delay,High,Carrier route delay,Open
FUL008066,O065094,C000026,5897,2026-02-13,carrier_delay,High,Carrier route delay,Open
FUL008067,O065109,C000331,8524,2026-02-13,carrier_delay,High,Carrier route delay,Open
FUL008068,O065125,C000708,8719,2026-02-13,carrier_delay,High,Carrier route delay,Open
FUL008069,O065130,C000170,6303,2026-02-13,carrier_delay,High,Carrier route delay,Open
FUL008070,O065132,C000843,433,2026-02-13,carrier_delay,High,Carrier route delay,Open
FUL008071,O065134,C000994,10778,2026-02-13,carrier_delay,High,Carrier route delay,Open
FUL008072,O065144,C000778,12341,2026-02-13,carrier_delay,High,Carrier route delay,Open
FUL008073,O065147,C000124,10549,2026-02-13,carrier_delay,High,Carrier route delay,Open
FUL008074,O065148,C001847,3046,2026-02-13,carrier_delay,High,Carrier route delay,Open
FUL008075,O065153,C000321,1664,2026-02-14,carrier_delay,High,Carrier route delay,Open
FUL008076,O065154,C001140,9009,2026-02-14,carrier_delay,High,Carrier route delay,Open
FUL008077,O065159,C000190,7717,2026-02-14,carrier_delay,High,Carrier route delay,Open
FUL008078,O065164,C000817,12291,2026-02-14,carrier_delay,High,Carrier route delay,Open
FUL008079,O065169,C000283,8380,2026-02-14,carrier_delay,High,Carrier route delay,Open
FUL008080,O065174,C001971,12045,2026-02-14,carrier_delay,High,Carrier route delay,Open
FUL008081,O065184,C000103,9337,2026-02-14,carrier_delay,High,Carrier route delay,Open
FUL008082,O065185,C000589,4914,2026-02-14,carrier_delay,High,Carrier route delay,Open
FUL008083,O065199,C001605,8791,2026-02-14,carrier_delay,High,Carrier route delay,Open
FUL008084,O065204,C000670,9946,2026-02-14,carrier_delay,High,Carrier route delay,Open
FUL008085,O065210,C001502,10012,2026-02-14,cancellation_review,Medium,Customer or fulfillment cancellation,Closed
FUL008086,O065214,C001795,1236,2026-02-14,carrier_delay,High,Carrier route delay,Open
FUL008087,O065215,C001128,3509,2026-02-14,carrier_delay,High,Carrier route delay,Open
FUL008088,O065218,C000603,10493,2026-02-15,carrier_delay,High,Carrier route delay,Open
FUL008089,O065224,C000671,3447,2026-02-15,carrier_delay,High,Carrier route delay,Open
FUL008090,O065230,C000726,5965,2026-02-15,carrier_delay,High,Carrier route delay,Open
FUL008091,O065240,C001685,5349,2026-02-15,carrier_delay,High,Carrier route delay,Open
FUL008092,O065245,C001182,11689,2026-02-15,carrier_delay,High,Carrier route delay,Open
FUL008093,O065258,C000028,1011,2026-02-15,carrier_delay,High,Carrier route delay,Open
FUL008094,O065264,C001787,9047,2026-02-15,carrier_delay,High,Carrier route delay,Open
FUL008095,O065274,C001854,1473,2026-02-15,carrier_delay,High,Carrier route delay,Open
FUL008096,O065283,C000613,3180,2026-02-15,carrier_delay,High,Carrier route delay,Open
FUL008097,O065285,C000713,7327,2026-02-15,carrier_delay,High,Carrier route delay,Open
FUL008098,O006529,C001334,10925,2023-10-12,carrier_delay,High,Carrier route delay,Open
FUL008099,O065295,C000084,6615,2026-02-16,carrier_delay,High,Carrier route delay,Open
FUL008100,O065321,C001460,1961,2026-02-16,carrier_delay,High,Carrier route delay,Open
FUL008101,O065330,C000369,9153,2026-02-16,carrier_delay,High,Carrier route delay,Open
FUL008102,O065337,C001942,3453,2026-02-16,carrier_delay,High,Carrier route delay,Open
FUL008103,O065339,C000461,5873,2026-02-16,carrier_delay,High,Carrier route delay,Open
FUL008104,O065342,C000183,7857,2026-02-16,carrier_delay,High,Carrier route delay,Open
FUL008105,O065356,C000706,6256,2026-02-17,carrier_delay,High,Carrier route delay,Open
FUL008106,O065359,C000088,3420,2026-02-17,carrier_delay,High,Carrier route delay,Open
FUL008107,O065360,C000344,2625,2026-02-17,carrier_delay,High,Carrier route delay,Open
FUL008108,O065361,C000799,4376,2026-02-17,carrier_delay,High,Carrier route delay,Open
FUL008109,O065370,C000554,10051,2026-02-17,carrier_delay,High,Carrier route delay,Open
FUL008110,O065389,C000831,7013,2026-02-17,cancellation_review,Medium,Customer or fulfillment cancellation,Closed
FUL008111,O065390,C001373,1936,2026-02-17,carrier_delay,High,Carrier route delay,Open
FUL008112,O065399,C000666,10095,2026-02-17,carrier_delay,High,Carrier route delay,Open
FUL008113,O065400,C001824,9949,2026-02-17,carrier_delay,High,Carrier route delay,Open
FUL008114,O065405,C001124,5403,2026-02-17,carrier_delay,High,Carrier route delay,Open
FUL008115,O065424,C000044,749,2026-02-18,carrier_delay,High,Carrier route delay,Open
FUL008116,O065433,C001925,8788,2026-02-18,carrier_delay,High,Carrier route delay,Open
FUL008117,O065437,C001457,4673,2026-02-18,carrier_delay,High,Carrier route delay,Open
FUL008118,O065464,C001776,8430,2026-02-18,carrier_delay,High,Carrier route delay,Open
FUL008119,O065466,C000045,10777,2026-02-18,carrier_delay,High,Carrier route delay,Open
FUL008120,O006548,C000178,172,2023-10-12,cancellation_review,Medium,Customer or fulfillment cancellation,Closed
FUL008121,O065484,C000296,7664,2026-02-18,carrier_delay,High,Carrier route delay,Open
FUL008122,O065491,C001136,9632,2026-02-19,carrier_delay,High,Carrier route delay,Open
FUL008123,O065494,C000316,9833,2026-02-19,carrier_delay,High,Carrier route delay,Open
FUL008124,O006550,C000850,4911,2023-10-12,cancellation_review,Medium,Customer or fulfillment cancellation,Closed
FUL008125,O065500,C000343,2842,2026-02-19,carrier_delay,High,Carrier route delay,Open
FUL008126,O065504,C000757,4700,2026-02-19,carrier_delay,High,Carrier route delay,Open
FUL008127,O065507,C000709,5440,2026-02-19,carrier_delay,High,Carrier route delay,Open
FUL008128,O065508,C000485,5311,2026-02-19,carrier_delay,High,Carrier route delay,Open
FUL008129,O065523,C000653,10533,2026-02-19,carrier_delay,High,Carrier route delay,Open
FUL008130,O065524,C000909,2291,2026-02-19,carrier_delay,High,Carrier route delay,Open
FUL008131,O065530,C000198,11534,2026-02-19,carrier_delay,High,Carrier route delay,Open
FUL008132,O065534,C000765,8065,2026-02-19,carrier_delay,High,Carrier route delay,Open
FUL008133,O065536,C001685,5349,2026-02-19,carrier_delay,High,Carrier route delay,Open
FUL008134,O065539,C000854,8981,2026-02-19,carrier_delay,High,Carrier route delay,Open
FUL008135,O006554,C000443,3051,2023-10-12,carrier_delay,High,Carrier route delay,Open
FUL008136,O065540,C001118,11984,2026-02-19,carrier_delay,High,Carrier route delay,Open
FUL008137,O065544,C000009,5654,2026-02-19,carrier_delay,High,Carrier route delay,Open
FUL008138,O006555,C001848,8915,2023-10-12,carrier_delay,High,Carrier route delay,Open
FUL008139,O065556,C001320,6003,2026-02-19,carrier_delay,High,Carrier route delay,Open
FUL008140,O065562,C001553,2630,2026-02-20,carrier_delay,High,Carrier route delay,Open
FUL008141,O065570,C001233,10631,2026-02-20,carrier_delay,High,Carrier route delay,Open
FUL008142,O065574,C001880,787,2026-02-20,cancellation_review,Medium,Customer or fulfillment cancellation,Closed
FUL008143,O065575,C001632,9575,2026-02-20,carrier_delay,High,Carrier route delay,Open
FUL008144,O065589,C001145,9639,2026-02-20,carrier_delay,High,Carrier route delay,Open
FUL008145,O065590,C000237,938,2026-02-20,carrier_delay,High,Carrier route delay,Open
FUL008146,O065595,C001312,7864,2026-02-20,carrier_delay,High,Carrier route delay,Open
FUL008147,O065604,C000433,8166,2026-02-20,carrier_delay,High,Carrier route delay,Open
FUL008148,O065607,C000323,4980,2026-02-20,carrier_delay,High,Carrier route delay,Open
FUL008149,O065610,C001320,6003,2026-02-20,carrier_delay,High,Carrier route delay,Open
FUL008150,O065613,C000863,4931,2026-02-20,carrier_delay,High,Carrier route delay,Open
FUL008151,O065617,C001039,12384,2026-02-20,carrier_delay,High,Carrier route delay,Open
FUL008152,O065618,C000803,7298,2026-02-20,carrier_delay,High,Carrier route delay,Open
FUL008153,O065629,C000646,7616,2026-02-21,carrier_delay,High,Carrier route delay,Open
FUL008154,O065644,C000169,9073,2026-02-21,carrier_delay,High,Carrier route delay,Open
FUL008155,O065649,C001402,6088,2026-02-21,carrier_delay,High,Carrier route delay,Open
FUL008156,O065664,C000275,5477,2026-02-21,carrier_delay,High,Carrier route delay,Open
FUL008157,O065668,C001654,8506,2026-02-21,carrier_delay,High,Carrier route delay,Open
FUL008158,O065669,C001799,8845,2026-02-21,carrier_delay,High,Carrier route delay,Open
FUL008159,O065680,C000619,9161,2026-02-21,carrier_delay,High,Carrier route delay,Open
FUL008160,O065690,C000324,3800,2026-02-21,carrier_delay,High,Carrier route delay,Open
FUL008161,O065699,C001358,2325,2026-02-22,carrier_delay,High,Carrier route delay,Open
FUL008162,O065700,C000049,9737,2026-02-22,carrier_delay,High,Carrier route delay,Open
FUL008163,O065712,C001896,947,2026-02-22,carrier_delay,High,Carrier route delay,Open
FUL008164,O065714,C001656,6089,2026-02-22,carrier_delay,High,Carrier route delay,Open
FUL008165,O065717,C001884,4778,2026-02-22,carrier_delay,High,Carrier route delay,Open
FUL008166,O065718,C000524,2826,2026-02-22,cancellation_review,Medium,Customer or fulfillment cancellation,Closed
FUL008167,O065739,C000385,2708,2026-02-22,carrier_delay,High,Carrier route delay,Open
FUL008168,O065744,C000370,542,2026-02-22,carrier_delay,High,Carrier route delay,Open
FUL008169,O065745,C001033,3033,2026-02-22,carrier_delay,High,Carrier route delay,Open
FUL008170,O065749,C000257,7460,2026-02-22,carrier_delay,High,Carrier route delay,Open
FUL008171,O065750,C000493,603,2026-02-22,carrier_delay,High,Carrier route delay,Open
FUL008172,O065753,C000414,5570,2026-02-22,carrier_delay,High,Carrier route delay,Open
FUL008173,O065760,C000113,7954,2026-02-22,carrier_delay,High,Carrier route delay,Open
FUL008174,O065770,C000457,8666,2026-02-23,carrier_delay,High,Carrier route delay,Open
FUL008175,O065773,C001283,8260,2026-02-23,cancellation_review,Medium,Customer or fulfillment cancellation,Closed
FUL008176,O065778,C001220,55,2026-02-23,carrier_delay,High,Carrier route delay,Open
FUL008177,O065779,C000822,3272,2026-02-23,carrier_delay,High,Carrier route delay,Open
FUL008178,O065782,C000541,7401,2026-02-23,cancellation_review,Medium,Customer or fulfillment cancellation,Closed
FUL008179,O065784,C000821,3074,2026-02-23,carrier_delay,High,Carrier route delay,Open
FUL008180,O065790,C001750,4147,2026-02-23,carrier_delay,High,Carrier route delay,Open
FUL008181,O065805,C000150,5173,2026-02-23,carrier_delay,High,Carrier route delay,Open
FUL008182,O065806,C001159,10796,2026-02-23,cancellation_review,Medium,Customer or fulfillment cancellation,Closed
FUL008183,O065808,C000733,364,2026-02-23,carrier_delay,High,Carrier route delay,Open
FUL008184,O065812,C000859,5302,2026-02-23,carrier_delay,High,Carrier route delay,Open
FUL008185,O065815,C000590,10258,2026-02-23,carrier_delay,High,Carrier route delay,Open
FUL008186,O065817,C001984,6755,2026-02-23,carrier_delay,High,Carrier route delay,Open
FUL008187,O065819,C001481,7967,2026-02-23,carrier_delay,High,Carrier route delay,Open
FUL008188,O065825,C001357,8768,2026-02-23,carrier_delay,High,Carrier route delay,Open
FUL008189,O065837,C000811,9325,2026-02-24,carrier_delay,High,Carrier route delay,Open
FUL008190,O065838,C001886,5913,2026-02-24,carrier_delay,High,Carrier route delay,Open
FUL008191,O065855,C000055,5283,2026-02-24,carrier_delay,High,Carrier route delay,Open
FUL008192,O065861,C000072,6305,2026-02-24,carrier_delay,High,Carrier route delay,Open
FUL008193,O065869,C000947,5296,2026-02-24,carrier_delay,High,Carrier route delay,Open
FUL008194,O065870,C001925,8788,2026-02-24,carrier_delay,High,Carrier route delay,Open
FUL008195,O065873,C000092,7962,2026-02-24,carrier_delay,High,Carrier route delay,Open
FUL008196,O065894,C001810,1788,2026-02-24,carrier_delay,High,Carrier route delay,Open
FUL008197,O065900,C001517,9541,2026-02-24,cancellation_review,Medium,Customer or fulfillment cancellation,Closed
FUL008198,O065909,C000127,4022,2026-02-25,carrier_delay,High,Carrier route delay,Open
FUL008199,O065911,C001555,1864,2026-02-25,carrier_delay,High,Carrier route delay,Open
FUL008200,O065924,C000324,3800,2026-02-25,carrier_delay,High,Carrier route delay,Open
FUL008201,O065929,C001346,5797,2026-02-25,carrier_delay,High,Carrier route delay,Open
FUL008202,O065930,C001132,4432,2026-02-25,carrier_delay,High,Carrier route delay,Open
FUL008203,O065934,C000348,1782,2026-02-25,carrier_delay,High,Carrier route delay,Open
FUL008204,O065935,C001555,1864,2026-02-25,carrier_delay,High,Carrier route delay,Open
FUL008205,O006594,C001499,3262,2023-10-13,carrier_delay,High,Carrier route delay,Open
FUL008206,O065948,C001123,11584,2026-02-25,cancellation_review,Medium,Customer or fulfillment cancellation,Closed
FUL008207,O065958,C000890,11061,2026-02-25,carrier_delay,High,Carrier route delay,Open
FUL008208,O065962,C001701,917,2026-02-25,carrier_delay,High,Carrier route delay,Open
FUL008209,O065987,C000741,10331,2026-02-26,carrier_delay,High,Carrier route delay,Open
FUL008210,O065989,C001170,7910,2026-02-26,carrier_delay,High,Carrier route delay,Open
FUL008211,O065991,C001705,10952,2026-02-26,carrier_delay,High,Carrier route delay,Open
FUL008212,O065993,C001030,1990,2026-02-26,carrier_delay,High,Carrier route delay,Open
FUL008213,O065995,C000072,6305,2026-02-26,carrier_delay,High,Carrier route delay,Open
FUL008214,O000660,C000182,1932,2023-07-18,carrier_delay,High,Carrier route delay,Open
FUL008215,O066000,C000966,4320,2026-02-26,carrier_delay,High,Carrier route delay,Open
FUL008216,O066008,C000847,4159,2026-02-26,carrier_delay,High,Carrier route delay,Open
FUL008217,O066010,C000988,11861,2026-02-26,carrier_delay,High,Carrier route delay,Open
FUL008218,O066013,C000037,2723,2026-02-26,carrier_delay,High,Carrier route delay,Open
FUL008219,O066020,C000388,9590,2026-02-26,carrier_delay,High,Carrier route delay,Open
FUL008220,O066027,C001161,4025,2026-02-26,carrier_delay,High,Carrier route delay,Open
FUL008221,O066029,C000542,4008,2026-02-26,carrier_delay,High,Carrier route delay,Open
FUL008222,O006604,C001558,5749,2023-10-13,carrier_delay,High,Carrier route delay,Open
FUL008223,O066043,C001171,7716,2026-02-27,cancellation_review,Medium,Customer or fulfillment cancellation,Closed
FUL008224,O066058,C000638,9603,2026-02-27,carrier_delay,High,Carrier route delay,Open
FUL008225,O066065,C000739,5068,2026-02-27,carrier_delay,High,Carrier route delay,Open
FUL008226,O066074,C000130,12039,2026-02-27,carrier_delay,High,Carrier route delay,Open
FUL008227,O066075,C000224,1417,2026-02-27,carrier_delay,High,Carrier route delay,Open
FUL008228,O066080,C000723,6707,2026-02-27,carrier_delay,High,Carrier route delay,Open
FUL008229,O066083,C001268,7216,2026-02-27,carrier_delay,High,Carrier route delay,Open
FUL008230,O066084,C001004,1494,2026-02-27,carrier_delay,High,Carrier route delay,Open
FUL008231,O066096,C000878,2252,2026-02-27,cancellation_review,Medium,Customer or fulfillment cancellation,Closed
FUL008232,O006610,C000894,9510,2023-10-13,carrier_delay,High,Carrier route delay,Open
FUL008233,O066104,C001350,6739,2026-02-27,carrier_delay,High,Carrier route delay,Open
FUL008234,O066105,C001684,5829,2026-02-27,carrier_delay,High,Carrier route delay,Open
FUL008235,O066124,C001391,187,2026-02-28,carrier_delay,High,Carrier route delay,Open
FUL008236,O066135,C001300,354,2026-02-28,carrier_delay,High,Carrier route delay,Open
FUL008237,O066149,C000882,8174,2026-02-28,carrier_delay,High,Carrier route delay,Open
FUL008238,O066170,C000251,11218,2026-02-28,carrier_delay,High,Carrier route delay,Open
FUL008239,O066176,C000109,4812,2026-03-01,carrier_delay,High,Carrier route delay,Open
FUL008240,O066178,C000496,2373,2026-03-01,carrier_delay,High,Carrier route delay,Open
FUL008241,O066180,C000987,9314,2026-03-01,carrier_delay,High,Carrier route delay,Open
FUL008242,O066198,C000917,2769,2026-03-01,carrier_delay,High,Carrier route delay,Open
FUL008243,O066200,C000974,2250,2026-03-01,carrier_delay,High,Carrier route delay,Open
FUL008244,O066212,C000715,1940,2026-03-01,carrier_delay,High,Carrier route delay,Open
FUL008245,O066224,C001400,10898,2026-03-01,carrier_delay,High,Carrier route delay,Open
FUL008246,O066235,C001604,8763,2026-03-01,carrier_delay,High,Carrier route delay,Open
FUL008247,O066245,C000093,1540,2026-03-02,carrier_delay,High,Carrier route delay,Open
FUL008248,O066259,C000587,7575,2026-03-02,carrier_delay,High,Carrier route delay,Open
FUL008249,O066271,C000289,6893,2026-03-02,cancellation_review,Medium,Customer or fulfillment cancellation,Closed
FUL008250,O066274,C000027,2774,2026-03-02,carrier_delay,High,Carrier route delay,Open
FUL008251,O066294,C000401,3297,2026-03-02,cancellation_review,Medium,Customer or fulfillment cancellation,Closed
FUL008252,O066309,C000887,2365,2026-03-02,carrier_delay,High,Carrier route delay,Open
FUL008253,O066330,C001775,9542,2026-03-03,carrier_delay,High,Carrier route delay,Open
FUL008254,O066334,C001984,6755,2026-03-03,carrier_delay,High,Carrier route delay,Open
FUL008255,O066339,C000435,10501,2026-03-03,carrier_delay,High,Carrier route delay,Open
FUL008256,O006634,C001219,10344,2023-10-13,carrier_delay,High,Carrier route delay,Open
FUL008257,O066353,C001842,568,2026-03-03,carrier_delay,High,Carrier route delay,Open
FUL008258,O066358,C001650,5585,2026-03-03,carrier_delay,High,Carrier route delay,Open
FUL008259,O066360,C001383,8949,2026-03-03,carrier_delay,High,Carrier route delay,Open
FUL008260,O066364,C001013,8478,2026-03-03,carrier_delay,High,Carrier route delay,Open
FUL008261,O066365,C001175,7511,2026-03-03,carrier_delay,High,Carrier route delay,Open
FUL008262,O066374,C000335,12205,2026-03-03,carrier_delay,High,Carrier route delay,Open
FUL008263,O066375,C001619,7465,2026-03-03,carrier_delay,High,Carrier route delay,Open
FUL008264,O066379,C001652,4547,2026-03-03,carrier_delay,High,Carrier route delay,Open
FUL008265,O066393,C001051,10170,2026-03-04,carrier_delay,High,Carrier route delay,Open
FUL008266,O066398,C001606,3464,2026-03-04,carrier_delay,High,Carrier route delay,Open
FUL008267,O066408,C000842,1589,2026-03-04,carrier_delay,High,Carrier route delay,Open
FUL008268,O066421,C001309,11341,2026-03-04,carrier_delay,High,Carrier route delay,Open
FUL008269,O066422,C001125,4815,2026-03-04,carrier_delay,High,Carrier route delay,Open
FUL008270,O066423,C001777,6346,2026-03-04,carrier_delay,High,Carrier route delay,Open
FUL008271,O006644,C000985,9260,2023-10-13,carrier_delay,High,Carrier route delay,Open
FUL008272,O066459,C000092,7962,2026-03-05,carrier_delay,High,Carrier route delay,Open
FUL008273,O066483,C000035,6375,2026-03-05,carrier_delay,High,Carrier route delay,Open
FUL008274,O066489,C000051,341,2026-03-05,carrier_delay,High,Carrier route delay,Open
FUL008275,O006649,C000194,5560,2023-10-14,carrier_delay,High,Carrier route delay,Open
FUL008276,O066495,C000946,9640,2026-03-05,carrier_delay,High,Carrier route delay,Open
FUL008277,O000665,C000068,5648,2023-07-18,carrier_delay,High,Carrier route delay,Open
FUL008278,O006650,C000049,9737,2023-10-14,carrier_delay,High,Carrier route delay,Open
FUL008279,O066502,C000684,7829,2026-03-05,carrier_delay,High,Carrier route delay,Open
FUL008280,O066522,C001221,2156,2026-03-06,carrier_delay,High,Carrier route delay,Open
FUL008281,O006654,C001802,2593,2023-10-14,carrier_delay,High,Carrier route delay,Open
FUL008282,O066550,C000264,10610,2026-03-06,carrier_delay,High,Carrier route delay,Open
FUL008283,O066555,C001826,4477,2026-03-06,carrier_delay,High,Carrier route delay,Open
FUL008284,O066560,C000277,10108,2026-03-06,carrier_delay,High,Carrier route delay,Open
FUL008285,O066563,C001967,7160,2026-03-06,carrier_delay,High,Carrier route delay,Open
FUL008286,O066564,C000052,2484,2026-03-06,carrier_delay,High,Carrier route delay,Open
FUL008287,O066580,C000424,6806,2026-03-06,carrier_delay,High,Carrier route delay,Open
FUL008288,O066584,C001230,11862,2026-03-06,carrier_delay,High,Carrier route delay,Open
FUL008289,O066585,C001783,11637,2026-03-06,carrier_delay,High,Carrier route delay,Open
FUL008290,O066592,C000365,3529,2026-03-07,cancellation_review,Medium,Customer or fulfillment cancellation,Closed
FUL008291,O066600,C000934,1946,2026-03-07,carrier_delay,High,Carrier route delay,Open
FUL008292,O066606,C000094,687,2026-03-07,carrier_delay,High,Carrier route delay,Open
FUL008293,O066618,C001804,8127,2026-03-07,cancellation_review,Medium,Customer or fulfillment cancellation,Closed
FUL008294,O066622,C001808,3155,2026-03-07,carrier_delay,High,Carrier route delay,Open
FUL008295,O066627,C001122,859,2026-03-07,carrier_delay,High,Carrier route delay,Open
FUL008296,O006663,C000411,1535,2023-10-14,carrier_delay,High,Carrier route delay,Open
FUL008297,O066630,C000128,9743,2026-03-07,carrier_delay,High,Carrier route delay,Open
FUL008298,O066635,C000238,2330,2026-03-07,carrier_delay,High,Carrier route delay,Open
FUL008299,O066636,C001464,11073,2026-03-07,cancellation_review,Medium,Customer or fulfillment cancellation,Closed
FUL008300,O066645,C001868,10885,2026-03-07,carrier_delay,High,Carrier route delay,Open
FUL008301,O066654,C000135,6049,2026-03-07,carrier_delay,High,Carrier route delay,Open
FUL008302,O066669,C000067,9821,2026-03-08,carrier_delay,High,Carrier route delay,Open
FUL008303,O006669,C000639,8254,2023-10-14,carrier_delay,High,Carrier route delay,Open
FUL008304,O066690,C001442,1273,2026-03-08,carrier_delay,High,Carrier route delay,Open
FUL008305,O066699,C001816,821,2026-03-08,carrier_delay,High,Carrier route delay,Open
FUL008306,O066709,C000991,888,2026-03-08,carrier_delay,High,Carrier route delay,Open
FUL008307,O066724,C000062,11431,2026-03-09,carrier_delay,High,Carrier route delay,Open
FUL008308,O066727,C001105,9002,2026-03-09,cancellation_review,Medium,Customer or fulfillment cancellation,Closed
FUL008309,O066735,C001265,5805,2026-03-09,carrier_delay,High,Carrier route delay,Open
FUL008310,O066749,C000274,11931,2026-03-09,cancellation_review,Medium,Customer or fulfillment cancellation,Closed
FUL008311,O066758,C000901,4186,2026-03-09,carrier_delay,High,Carrier route delay,Open
FUL008312,O066759,C000849,3676,2026-03-09,carrier_delay,High,Carrier route delay,Open
FUL008313,O066760,C000086,3938,2026-03-09,carrier_delay,High,Carrier route delay,Open
FUL008314,O066765,C000402,8917,2026-03-09,carrier_delay,High,Carrier route delay,Open
FUL008315,O006677,C000160,5072,2023-10-14,carrier_delay,High,Carrier route delay,Open
FUL008316,O066771,C001121,10928,2026-03-09,cancellation_review,Medium,Customer or fulfillment cancellation,Closed
FUL008317,O066775,C000570,6553,2026-03-09,carrier_delay,High,Carrier route delay,Open
FUL008318,O066777,C000173,1599,2026-03-09,cancellation_review,Medium,Customer or fulfillment cancellation,Closed
FUL008319,O066785,C001888,11631,2026-03-09,cancellation_review,Medium,Customer or fulfillment cancellation,Closed
FUL008320,O066786,C000082,10263,2026-03-09,carrier_delay,High,Carrier route delay,Open
FUL008321,O066788,C000336,2537,2026-03-09,carrier_delay,High,Carrier route delay,Open
FUL008322,O066791,C000144,7358,2026-03-09,carrier_delay,High,Carrier route delay,Open
FUL008323,O066802,C000927,2680,2026-03-10,carrier_delay,High,Carrier route delay,Open
FUL008324,O066806,C001274,8674,2026-03-10,carrier_delay,High,Carrier route delay,Open
FUL008325,O066807,C001738,321,2026-03-10,carrier_delay,High,Carrier route delay,Open
FUL008326,O066815,C000504,2447,2026-03-10,carrier_delay,High,Carrier route delay,Open
FUL008327,O066818,C000041,12285,2026-03-10,cancellation_review,Medium,Customer or fulfillment cancellation,Closed
FUL008328,O066830,C001403,3375,2026-03-10,carrier_delay,High,Carrier route delay,Open
FUL008329,O006685,C000609,11516,2023-10-14,carrier_delay,High,Carrier route delay,Open
FUL008330,O066850,C001376,4253,2026-03-10,carrier_delay,High,Carrier route delay,Open
FUL008331,O066854,C000772,40,2026-03-10,carrier_delay,High,Carrier route delay,Open
FUL008332,O066860,C000018,3708,2026-03-10,carrier_delay,High,Carrier route delay,Open
FUL008333,O066861,C000564,5049,2026-03-11,carrier_delay,High,Carrier route delay,Open
FUL008334,O066862,C000052,2484,2026-03-11,carrier_delay,High,Carrier route delay,Open
FUL008335,O066864,C000886,12301,2026-03-11,carrier_delay,High,Carrier route delay,Open
FUL008336,O066870,C000251,11218,2026-03-11,cancellation_review,Medium,Customer or fulfillment cancellation,Closed
FUL008337,O066874,C000512,11421,2026-03-11,carrier_delay,High,Carrier route delay,Open
FUL008338,O066889,C001545,1347,2026-03-11,carrier_delay,High,Carrier route delay,Open
FUL008339,O006689,C001243,1733,2023-10-14,carrier_delay,High,Carrier route delay,Open
FUL008340,O066903,C001470,10942,2026-03-11,carrier_delay,High,Carrier route delay,Open
FUL008341,O066919,C000278,4599,2026-03-11,carrier_delay,High,Carrier route delay,Open
FUL008342,O066922,C000822,3272,2026-03-11,carrier_delay,High,Carrier route delay,Open
FUL008343,O066924,C000714,3523,2026-03-11,carrier_delay,High,Carrier route delay,Open
FUL008344,O066925,C001845,4922,2026-03-11,carrier_delay,High,Carrier route delay,Open
FUL008345,O066926,C001229,4462,2026-03-11,cancellation_review,Medium,Customer or fulfillment cancellation,Closed
FUL008346,O066934,C000191,10129,2026-03-12,carrier_delay,High,Carrier route delay,Open
FUL008347,O066945,C000703,465,2026-03-12,carrier_delay,High,Carrier route delay,Open
FUL008348,O066949,C001703,9552,2026-03-12,carrier_delay,High,Carrier route delay,Open
FUL008349,O006695,C000951,11127,2023-10-14,carrier_delay,High,Carrier route delay,Open
FUL008350,O066953,C000628,6428,2026-03-12,carrier_delay,High,Carrier route delay,Open
FUL008351,O066955,C000086,3938,2026-03-12,carrier_delay,High,Carrier route delay,Open
FUL008352,O066958,C000106,467,2026-03-12,cancellation_review,Medium,Customer or fulfillment cancellation,Closed
FUL008353,O066967,C001361,11154,2026-03-12,cancellation_review,Medium,Customer or fulfillment cancellation,Closed
FUL008354,O066968,C000405,3816,2026-03-12,carrier_delay,High,Carrier route delay,Open
FUL008355,O066969,C001605,8791,2026-03-12,carrier_delay,High,Carrier route delay,Open
FUL008356,O066974,C000792,12347,2026-03-12,carrier_delay,High,Carrier route delay,Open
FUL008357,O066989,C000601,801,2026-03-12,carrier_delay,High,Carrier route delay,Open
FUL008358,O066991,C001825,10769,2026-03-12,carrier_delay,High,Carrier route delay,Open
FUL008359,O066992,C000578,5687,2026-03-12,carrier_delay,High,Carrier route delay,Open
FUL008360,O066993,C000064,898,2026-03-12,carrier_delay,High,Carrier route delay,Open
FUL008361,O066999,C000778,12341,2026-03-13,carrier_delay,High,Carrier route delay,Open
FUL008362,O000670,C000156,482,2023-07-18,carrier_delay,High,Carrier route delay,Open
FUL008363,O006700,C000427,5013,2023-10-14,carrier_delay,High,Carrier route delay,Open
FUL008364,O067000,C000660,2384,2026-03-13,carrier_delay,High,Carrier route delay,Open
FUL008365,O067014,C000253,4460,2026-03-13,carrier_delay,High,Carrier route delay,Open
FUL008366,O067020,C001964,8136,2026-03-13,carrier_delay,High,Carrier route delay,Open
FUL008367,O067029,C001098,4707,2026-03-13,carrier_delay,High,Carrier route delay,Open
FUL008368,O067034,C000720,1158,2026-03-13,carrier_delay,High,Carrier route delay,Open
FUL008369,O067035,C001949,3147,2026-03-13,carrier_delay,High,Carrier route delay,Open
FUL008370,O067039,C000553,10253,2026-03-13,carrier_delay,High,Carrier route delay,Open
FUL008371,O067040,C000441,11755,2026-03-13,carrier_delay,High,Carrier route delay,Open
FUL008372,O067064,C001320,6003,2026-03-13,carrier_delay,High,Carrier route delay,Open
FUL008373,O067084,C001553,2630,2026-03-14,carrier_delay,High,Carrier route delay,Open
FUL008374,O067095,C000130,12039,2026-03-14,carrier_delay,High,Carrier route delay,Open
FUL008375,O067099,C001795,1236,2026-03-14,carrier_delay,High,Carrier route delay,Open
FUL008376,O067114,C000475,10307,2026-03-14,carrier_delay,High,Carrier route delay,Open
FUL008377,O067125,C000596,11068,2026-03-14,carrier_delay,High,Carrier route delay,Open
FUL008378,O067130,C000692,972,2026-03-14,carrier_delay,High,Carrier route delay,Open
FUL008379,O067132,C000002,9371,2026-03-14,carrier_delay,High,Carrier route delay,Open
FUL008380,O067133,C000391,5197,2026-03-14,carrier_delay,High,Carrier route delay,Open
FUL008381,O067142,C000247,10375,2026-03-15,carrier_delay,High,Carrier route delay,Open
FUL008382,O067159,C001915,359,2026-03-15,carrier_delay,High,Carrier route delay,Open
FUL008383,O067164,C001687,12261,2026-03-15,carrier_delay,High,Carrier route delay,Open
FUL008384,O067188,C000361,1149,2026-03-15,carrier_delay,High,Carrier route delay,Open
FUL008385,O067228,C001661,10424,2026-03-16,carrier_delay,High,Carrier route delay,Open
FUL008386,O067235,C000326,10185,2026-03-16,carrier_delay,High,Carrier route delay,Open
FUL008387,O067241,C001626,8397,2026-03-16,carrier_delay,High,Carrier route delay,Open
FUL008388,O067249,C001316,5051,2026-03-16,carrier_delay,High,Carrier route delay,Open
FUL008389,O067254,C001063,8233,2026-03-16,carrier_delay,High,Carrier route delay,Open
FUL008390,O067295,C000803,7298,2026-03-17,carrier_delay,High,Carrier route delay,Open
FUL008391,O067312,C000903,11817,2026-03-17,carrier_delay,High,Carrier route delay,Open
FUL008392,O067313,C000746,7317,2026-03-17,carrier_delay,High,Carrier route delay,Open
FUL008393,O067330,C000223,6587,2026-03-17,carrier_delay,High,Carrier route delay,Open
FUL008394,O067334,C000064,898,2026-03-17,cancellation_review,Medium,Customer or fulfillment cancellation,Closed
FUL008395,O067339,C001390,9463,2026-03-17,carrier_delay,High,Carrier route delay,Open
FUL008396,O067349,C000742,10815,2026-03-18,carrier_delay,High,Carrier route delay,Open
FUL008397,O006735,C001134,5938,2023-10-15,carrier_delay,High,Carrier route delay,Open
FUL008398,O067359,C001749,1748,2026-03-18,carrier_delay,High,Carrier route delay,Open
FUL008399,O067364,C000359,7432,2026-03-18,carrier_delay,High,Carrier route delay,Open
FUL008400,O067392,C000012,1464,2026-03-18,carrier_delay,High,Carrier route delay,Open
FUL008401,O067399,C000695,2909,2026-03-18,carrier_delay,High,Carrier route delay,Open
FUL008402,O067400,C000778,12341,2026-03-18,carrier_delay,High,Carrier route delay,Open
FUL008403,O067404,C000292,10707,2026-03-18,carrier_delay,High,Carrier route delay,Open
FUL008404,O067407,C001653,11789,2026-03-18,carrier_delay,High,Carrier route delay,Open
FUL008405,O067409,C001556,4140,2026-03-19,carrier_delay,High,Carrier route delay,Open
FUL008406,O067415,C000707,11397,2026-03-19,carrier_delay,High,Carrier route delay,Open
FUL008407,O067430,C001314,290,2026-03-19,carrier_delay,High,Carrier route delay,Open
FUL008408,O067432,C000386,688,2026-03-19,carrier_delay,High,Carrier route delay,Open
FUL008409,O067435,C001026,4278,2026-03-19,carrier_delay,High,Carrier route delay,Open
FUL008410,O067443,C000414,5570,2026-03-19,carrier_delay,High,Carrier route delay,Open
FUL008411,O067445,C001413,1175,2026-03-19,carrier_delay,High,Carrier route delay,Open
FUL008412,O067449,C000876,7960,2026-03-19,carrier_delay,High,Carrier route delay,Open
FUL008413,O067461,C000428,8812,2026-03-19,carrier_delay,High,Carrier route delay,Open
FUL008414,O067465,C001856,3726,2026-03-19,carrier_delay,High,Carrier route delay,Open
FUL008415,O067477,C000630,1832,2026-03-19,cancellation_review,Medium,Customer or fulfillment cancellation,Closed
FUL008416,O067483,C001355,2717,2026-03-20,carrier_delay,High,Carrier route delay,Open
FUL008417,O067485,C001484,7992,2026-03-20,carrier_delay,High,Carrier route delay,Open
FUL008418,O067499,C000736,3365,2026-03-20,carrier_delay,High,Carrier route delay,Open
FUL008419,O006750,C000233,221,2023-10-15,cancellation_review,Medium,Customer or fulfillment cancellation,Closed
FUL008420,O067500,C001662,1116,2026-03-20,carrier_delay,High,Carrier route delay,Open
FUL008421,O067505,C000001,791,2026-03-20,carrier_delay,High,Carrier route delay,Open
FUL008422,O067509,C000524,2826,2026-03-20,carrier_delay,High,Carrier route delay,Open
FUL008423,O067510,C000941,6307,2026-03-20,carrier_delay,High,Carrier route delay,Open
FUL008424,O067511,C001424,5518,2026-03-20,carrier_delay,High,Carrier route delay,Open
FUL008425,O067527,C000012,1464,2026-03-20,carrier_delay,High,Carrier route delay,Open
FUL008426,O006753,C000067,9821,2023-10-15,carrier_delay,High,Carrier route delay,Open
FUL008427,O067542,C000902,9392,2026-03-20,carrier_delay,High,Carrier route delay,Open
FUL008428,O067543,C000765,8065,2026-03-20,carrier_delay,High,Carrier route delay,Open
FUL008429,O067544,C001151,1255,2026-03-20,carrier_delay,High,Carrier route delay,Open
FUL008430,O067554,C001239,8612,2026-03-21,carrier_delay,High,Carrier route delay,Open
FUL008431,O067555,C001743,5286,2026-03-21,carrier_delay,High,Carrier route delay,Open
FUL008432,O067569,C000099,2851,2026-03-21,cancellation_review,Medium,Customer or fulfillment cancellation,Closed
FUL008433,O067570,C000993,6740,2026-03-21,carrier_delay,High,Carrier route delay,Open
FUL008434,O067585,C000413,6836,2026-03-21,carrier_delay,High,Carrier route delay,Open
FUL008435,O006759,C001206,10905,2023-10-15,carrier_delay,High,Carrier route delay,Open
FUL008436,O067595,C000139,2224,2026-03-21,carrier_delay,High,Carrier route delay,Open
FUL008437,O067612,C001052,371,2026-03-21,carrier_delay,High,Carrier route delay,Open
FUL008438,O067613,C001112,10620,2026-03-21,carrier_delay,High,Carrier route delay,Open
FUL008439,O067619,C001819,1711,2026-03-22,carrier_delay,High,Carrier route delay,Open
FUL008440,O067620,C001760,8437,2026-03-22,carrier_delay,High,Carrier route delay,Open
FUL008441,O067624,C000347,9213,2026-03-22,carrier_delay,High,Carrier route delay,Open
FUL008442,O067630,C001128,3509,2026-03-22,carrier_delay,High,Carrier route delay,Open
FUL008443,O006764,C001461,2301,2023-10-15,carrier_delay,High,Carrier route delay,Open
FUL008444,O067648,C001738,321,2026-03-22,carrier_delay,High,Carrier route delay,Open
FUL008445,O006765,C001437,11189,2023-10-15,carrier_delay,High,Carrier route delay,Open
FUL008446,O067654,C001790,4567,2026-03-22,carrier_delay,High,Carrier route delay,Open
FUL008447,O067660,C001775,9542,2026-03-22,carrier_delay,High,Carrier route delay,Open
FUL008448,O067675,C001351,4044,2026-03-22,carrier_delay,High,Carrier route delay,Open
FUL008449,O067682,C001357,8768,2026-03-22,carrier_delay,High,Carrier route delay,Open
FUL008450,O067683,C001367,4479,2026-03-23,carrier_delay,High,Carrier route delay,Open
FUL008451,O067684,C001252,9862,2026-03-23,carrier_delay,High,Carrier route delay,Open
FUL008452,O006769,C000803,7298,2023-10-15,carrier_delay,High,Carrier route delay,Open
FUL008453,O067709,C001299,7099,2026-03-23,carrier_delay,High,Carrier route delay,Open
FUL008454,O067713,C000571,8370,2026-03-23,carrier_delay,High,Carrier route delay,Open
FUL008455,O067719,C001009,10567,2026-03-23,carrier_delay,High,Carrier route delay,Open
FUL008456,O067729,C001438,9305,2026-03-23,carrier_delay,High,Carrier route delay,Open
FUL008457,O067739,C001706,5104,2026-03-23,carrier_delay,High,Carrier route delay,Open
FUL008458,O006774,C000967,5727,2023-10-15,carrier_delay,High,Carrier route delay,Open
FUL008459,O067743,C000504,2447,2026-03-23,carrier_delay,High,Carrier route delay,Open
FUL008460,O067744,C000526,2451,2026-03-23,carrier_delay,High,Carrier route delay,Open
FUL008461,O067747,C001950,5449,2026-03-23,carrier_delay,High,Carrier route delay,Open
FUL008462,O067754,C001482,10277,2026-03-24,carrier_delay,High,Carrier route delay,Open
FUL008463,O067765,C000307,3781,2026-03-24,carrier_delay,High,Carrier route delay,Open
FUL008464,O067773,C001609,5431,2026-03-24,carrier_delay,High,Carrier route delay,Open
FUL008465,O067774,C000635,4464,2026-03-24,carrier_delay,High,Carrier route delay,Open
FUL008466,O067792,C000221,197,2026-03-24,carrier_delay,High,Carrier route delay,Open
FUL008467,O067793,C000427,5013,2026-03-24,carrier_delay,High,Carrier route delay,Open
FUL008468,O067798,C000112,6050,2026-03-24,carrier_delay,High,Carrier route delay,Open
FUL008469,O006780,C000237,938,2023-10-15,carrier_delay,High,Carrier route delay,Open
FUL008470,O067804,C000469,10555,2026-03-24,carrier_delay,High,Carrier route delay,Open
FUL008471,O067809,C000281,1285,2026-03-24,carrier_delay,High,Carrier route delay,Open
FUL008472,O067810,C001209,10899,2026-03-24,carrier_delay,High,Carrier route delay,Open
FUL008473,O067814,C001092,12117,2026-03-24,carrier_delay,High,Carrier route delay,Open
FUL008474,O067815,C000646,7616,2026-03-24,carrier_delay,High,Carrier route delay,Open
FUL008475,O006783,C001713,10759,2023-10-16,carrier_delay,High,Carrier route delay,Open
FUL008476,O067830,C000522,10650,2026-03-25,cancellation_review,Medium,Customer or fulfillment cancellation,Closed
FUL008477,O067844,C001240,8806,2026-03-25,carrier_delay,High,Carrier route delay,Open
FUL008478,O067845,C000156,482,2026-03-25,carrier_delay,High,Carrier route delay,Open
FUL008479,O067849,C000148,1012,2026-03-25,carrier_delay,High,Carrier route delay,Open
FUL008480,O067853,C001205,5989,2026-03-25,carrier_delay,High,Carrier route delay,Open
FUL008481,O067871,C000613,3180,2026-03-25,carrier_delay,High,Carrier route delay,Open
FUL008482,O067889,C000159,5493,2026-03-26,carrier_delay,High,Carrier route delay,Open
FUL008483,O067899,C001653,11789,2026-03-26,carrier_delay,High,Carrier route delay,Open
FUL008484,O006790,C001679,9309,2023-10-16,carrier_delay,High,Carrier route delay,Open
FUL008485,O067910,C000752,1627,2026-03-26,carrier_delay,High,Carrier route delay,Open
FUL008486,O067911,C001618,285,2026-03-26,carrier_delay,High,Carrier route delay,Open
FUL008487,O067935,C001846,351,2026-03-26,carrier_delay,High,Carrier route delay,Open
FUL008488,O067944,C001306,9739,2026-03-26,carrier_delay,High,Carrier route delay,Open
FUL008489,O067948,C000651,2071,2026-03-26,carrier_delay,High,Carrier route delay,Open
FUL008490,O006795,C000165,4539,2023-10-16,carrier_delay,High,Carrier route delay,Open
FUL008491,O067950,C000074,11048,2026-03-26,carrier_delay,High,Carrier route delay,Open
FUL008492,O067954,C001136,9632,2026-03-26,carrier_delay,High,Carrier route delay,Open
FUL008493,O067975,C001207,11362,2026-03-27,carrier_delay,High,Carrier route delay,Open
FUL008494,O067984,C001785,5910,2026-03-27,carrier_delay,High,Carrier route delay,Open
FUL008495,O067997,C000534,1512,2026-03-27,carrier_delay,High,Carrier route delay,Open
FUL008496,O067999,C000742,10815,2026-03-27,carrier_delay,High,Carrier route delay,Open
FUL008497,O000680,C000278,4599,2023-07-18,carrier_delay,High,Carrier route delay,Open
FUL008498,O068017,C000534,1512,2026-03-27,carrier_delay,High,Carrier route delay,Open
FUL008499,O068024,C001278,5943,2026-03-27,carrier_delay,High,Carrier route delay,Open
FUL008500,O068034,C001037,254,2026-03-28,carrier_delay,High,Carrier route delay,Open
FUL008501,O068035,C001516,9181,2026-03-28,carrier_delay,High,Carrier route delay,Open
FUL008502,O068042,C001175,7511,2026-03-28,carrier_delay,High,Carrier route delay,Open
FUL008503,O006805,C001507,8781,2023-10-16,carrier_delay,High,Carrier route delay,Open
FUL008504,O068053,C001496,11473,2026-03-28,cancellation_review,Medium,Customer or fulfillment cancellation,Closed
FUL008505,O068056,C000875,7158,2026-03-28,carrier_delay,High,Carrier route delay,Open
FUL008506,O068075,C000811,9325,2026-03-28,carrier_delay,High,Carrier route delay,Open
FUL008507,O068077,C001541,2988,2026-03-28,carrier_delay,High,Carrier route delay,Open
FUL008508,O068094,C000562,2540,2026-03-29,carrier_delay,High,Carrier route delay,Open
FUL008509,O068095,C001683,4855,2026-03-29,carrier_delay,High,Carrier route delay,Open
FUL008510,O068099,C001365,6184,2026-03-29,carrier_delay,High,Carrier route delay,Open
FUL008511,O006810,C001385,4016,2023-10-16,carrier_delay,High,Carrier route delay,Open
FUL008512,O068104,C001886,5913,2026-03-29,carrier_delay,High,Carrier route delay,Open
FUL008513,O068107,C000605,2217,2026-03-29,carrier_delay,High,Carrier route delay,Open
FUL008514,O068110,C000087,3957,2026-03-29,carrier_delay,High,Carrier route delay,Open
FUL008515,O068111,C000298,9107,2026-03-29,cancellation_review,Medium,Customer or fulfillment cancellation,Closed
FUL008516,O068115,C000055,5283,2026-03-29,carrier_delay,High,Carrier route delay,Open
FUL008517,O068125,C001733,8905,2026-03-29,carrier_delay,High,Carrier route delay,Open
FUL008518,O068130,C001623,11491,2026-03-29,carrier_delay,High,Carrier route delay,Open
FUL008519,O068135,C001037,254,2026-03-29,carrier_delay,High,Carrier route delay,Open
FUL008520,O006814,C001599,8853,2023-10-16,carrier_delay,High,Carrier route delay,Open
FUL008521,O068156,C001063,8233,2026-03-29,carrier_delay,High,Carrier route delay,Open
FUL008522,O068169,C000653,10533,2026-03-30,carrier_delay,High,Carrier route delay,Open
FUL008523,O068173,C000948,8578,2026-03-30,carrier_delay,High,Carrier route delay,Open
FUL008524,O006818,C000656,11224,2023-10-16,carrier_delay,High,Carrier route delay,Open
FUL008525,O068188,C001386,7403,2026-03-30,carrier_delay,High,Carrier route delay,Open
FUL008526,O068189,C001017,1365,2026-03-30,carrier_delay,High,Carrier route delay,Open
FUL008527,O068192,C001058,7771,2026-03-30,carrier_delay,High,Carrier route delay,Open
FUL008528,O068219,C000839,1498,2026-03-30,carrier_delay,High,Carrier route delay,Open
FUL008529,O068220,C000059,9962,2026-03-30,carrier_delay,High,Carrier route delay,Open
FUL008530,O006824,C000759,11784,2023-10-16,carrier_delay,High,Carrier route delay,Open
FUL008531,O068249,C000475,10307,2026-03-31,carrier_delay,High,Carrier route delay,Open
FUL008532,O006826,C000386,688,2023-10-16,carrier_delay,High,Carrier route delay,Open
FUL008533,O068261,C000156,482,2026-03-31,carrier_delay,High,Carrier route delay,Open
FUL008534,O068267,C001159,10796,2026-03-31,carrier_delay,High,Carrier route delay,Open
FUL008535,O068275,C000270,6474,2026-03-31,carrier_delay,High,Carrier route delay,Open
FUL008536,O068279,C000855,7677,2026-03-31,carrier_delay,High,Carrier route delay,Open
FUL008537,O068283,C000110,9697,2026-03-31,carrier_delay,High,Carrier route delay,Open
FUL008538,O068289,C001780,7006,2026-03-31,carrier_delay,High,Carrier route delay,Open
FUL008539,O006829,C000639,8254,2023-10-16,carrier_delay,High,Carrier route delay,Open
FUL008540,O068296,C000617,2687,2026-03-31,carrier_delay,High,Carrier route delay,Open
FUL008541,O068315,C000393,6959,2026-04-01,carrier_delay,High,Carrier route delay,Open
FUL008542,O068324,C000010,5624,2026-04-01,carrier_delay,High,Carrier route delay,Open
FUL008543,O068329,C001337,6688,2026-04-01,carrier_delay,High,Carrier route delay,Open
FUL008544,O068335,C000951,11127,2026-04-01,carrier_delay,High,Carrier route delay,Open
FUL008545,O006834,C000151,4491,2023-10-16,carrier_delay,High,Carrier route delay,Open
FUL008546,O068340,C000450,9353,2026-04-01,carrier_delay,High,Carrier route delay,Open
FUL008547,O068343,C000162,3889,2026-04-01,carrier_delay,High,Carrier route delay,Open
FUL008548,O068345,C001562,12031,2026-04-01,carrier_delay,High,Carrier route delay,Open
FUL008549,O068348,C001220,55,2026-04-01,carrier_delay,High,Carrier route delay,Open
FUL008550,O068349,C001537,4494,2026-04-01,carrier_delay,High,Carrier route delay,Open
FUL008551,O068350,C001329,6649,2026-04-01,carrier_delay,High,Carrier route delay,Open
FUL008552,O068353,C001247,6560,2026-04-01,carrier_delay,High,Carrier route delay,Open
FUL008553,O068357,C001584,8539,2026-04-01,carrier_delay,High,Carrier route delay,Open
FUL008554,O068359,C001168,11512,2026-04-01,carrier_delay,High,Carrier route delay,Open
FUL008555,O068362,C000083,9358,2026-04-01,carrier_delay,High,Carrier route delay,Open
FUL008556,O068364,C001284,8929,2026-04-01,carrier_delay,High,Carrier route delay,Open
FUL008557,O068367,C000092,7962,2026-04-01,carrier_delay,High,Carrier route delay,Open
FUL008558,O068374,C000124,10549,2026-04-02,carrier_delay,High,Carrier route delay,Open
FUL008559,O068379,C000126,8018,2026-04-02,carrier_delay,High,Carrier route delay,Open
FUL008560,O068392,C001584,8539,2026-04-02,cancellation_review,Medium,Customer or fulfillment cancellation,Closed
FUL008561,O068413,C000222,11733,2026-04-02,carrier_delay,High,Carrier route delay,Open
FUL008562,O068414,C000464,10967,2026-04-02,carrier_delay,High,Carrier route delay,Open
FUL008563,O006842,C001323,8999,2023-10-16,cancellation_review,Medium,Customer or fulfillment cancellation,Closed
FUL008564,O068424,C000966,4320,2026-04-02,carrier_delay,High,Carrier route delay,Open
FUL008565,O068434,C000158,6812,2026-04-02,carrier_delay,High,Carrier route delay,Open
FUL008566,O068439,C000551,10490,2026-04-03,carrier_delay,High,Carrier route delay,Open
FUL008567,O068440,C000001,791,2026-04-03,carrier_delay,High,Carrier route delay,Open
FUL008568,O068445,C000594,12064,2026-04-03,carrier_delay,High,Carrier route delay,Open
FUL008569,O068450,C001397,10194,2026-04-03,carrier_delay,High,Carrier route delay,Open
FUL008570,O068453,C001318,4400,2026-04-03,carrier_delay,High,Carrier route delay,Open
FUL008571,O068457,C001943,2562,2026-04-03,carrier_delay,High,Carrier route delay,Open
FUL008572,O068462,C000465,10438,2026-04-03,carrier_delay,High,Carrier route delay,Open
FUL008573,O068473,C001317,10584,2026-04-03,carrier_delay,High,Carrier route delay,Open
FUL008574,O068488,C001541,2988,2026-04-03,carrier_delay,High,Carrier route delay,Open
FUL008575,O068489,C000353,2180,2026-04-03,carrier_delay,High,Carrier route delay,Open
FUL008576,O068490,C001891,7369,2026-04-03,carrier_delay,High,Carrier route delay,Open
FUL008577,O068493,C000831,7013,2026-04-03,carrier_delay,High,Carrier route delay,Open
FUL008578,O068499,C001640,10220,2026-04-03,carrier_delay,High,Carrier route delay,Open
FUL008579,O068503,C001528,9830,2026-04-03,carrier_delay,High,Carrier route delay,Open
FUL008580,O068519,C001787,9047,2026-04-04,carrier_delay,High,Carrier route delay,Open
FUL008581,O068533,C000204,10699,2026-04-04,carrier_delay,High,Carrier route delay,Open
FUL008582,O068534,C000137,5168,2026-04-04,cancellation_review,Medium,Customer or fulfillment cancellation,Closed
FUL008583,O068539,C000080,7445,2026-04-04,carrier_delay,High,Carrier route delay,Open
FUL008584,O068555,C000313,4454,2026-04-04,cancellation_review,Medium,Customer or fulfillment cancellation,Closed
FUL008585,O068557,C001843,10109,2026-04-04,cancellation_review,Medium,Customer or fulfillment cancellation,Closed
FUL008586,O068567,C001917,3951,2026-04-04,carrier_delay,High,Carrier route delay,Open
FUL008587,O068569,C000440,2755,2026-04-04,carrier_delay,High,Carrier route delay,Open
FUL008588,O068573,C001990,2219,2026-04-04,carrier_delay,High,Carrier route delay,Open
FUL008589,O068589,C000157,11503,2026-04-05,carrier_delay,High,Carrier route delay,Open
FUL008590,O068590,C001349,9302,2026-04-05,carrier_delay,High,Carrier route delay,Open
FUL008591,O068593,C001330,7043,2026-04-05,carrier_delay,High,Carrier route delay,Open
FUL008592,O068594,C000618,7802,2026-04-05,carrier_delay,High,Carrier route delay,Open
FUL008593,O068604,C000272,8652,2026-04-05,carrier_delay,High,Carrier route delay,Open
FUL008594,O068610,C000494,5200,2026-04-05,carrier_delay,High,Carrier route delay,Open
FUL008595,O068614,C001633,272,2026-04-05,carrier_delay,High,Carrier route delay,Open
FUL008596,O068625,C001563,1765,2026-04-05,carrier_delay,High,Carrier route delay,Open
FUL008597,O068629,C001891,7369,2026-04-05,carrier_delay,High,Carrier route delay,Open
FUL008598,O068630,C000422,8382,2026-04-05,carrier_delay,High,Carrier route delay,Open
FUL008599,O068631,C000332,697,2026-04-05,carrier_delay,High,Carrier route delay,Open
FUL008600,O068634,C001771,4730,2026-04-05,carrier_delay,High,Carrier route delay,Open
FUL008601,O006864,C001367,4479,2023-10-17,carrier_delay,High,Carrier route delay,Open
FUL008602,O068645,C000354,10013,2026-04-06,carrier_delay,High,Carrier route delay,Open
FUL008603,O068649,C000296,7664,2026-04-06,carrier_delay,High,Carrier route delay,Open
FUL008604,O068660,C000760,8420,2026-04-06,carrier_delay,High,Carrier route delay,Open
FUL008605,O006868,C001166,10552,2023-10-17,carrier_delay,High,Carrier route delay,Open
FUL008606,O068685,C000132,11426,2026-04-06,carrier_delay,High,Carrier route delay,Open
FUL008607,O068686,C001757,2591,2026-04-06,cancellation_review,Medium,Customer or fulfillment cancellation,Closed
FUL008608,O068688,C000947,5296,2026-04-06,carrier_delay,High,Carrier route delay,Open
FUL008609,O068695,C001054,3918,2026-04-06,carrier_delay,High,Carrier route delay,Open
FUL008610,O006870,C000236,1826,2023-10-17,carrier_delay,High,Carrier route delay,Open
FUL008611,O068704,C001262,5204,2026-04-06,carrier_delay,High,Carrier route delay,Open
FUL008612,O068705,C000916,8681,2026-04-06,carrier_delay,High,Carrier route delay,Open
FUL008613,O068724,C000196,1148,2026-04-07,carrier_delay,High,Carrier route delay,Open
FUL008614,O068725,C001301,7795,2026-04-07,carrier_delay,High,Carrier route delay,Open
FUL008615,O068732,C001032,9990,2026-04-07,carrier_delay,High,Carrier route delay,Open
FUL008616,O068736,C000937,8462,2026-04-07,carrier_delay,High,Carrier route delay,Open
FUL008617,O068739,C000549,2528,2026-04-07,carrier_delay,High,Carrier route delay,Open
FUL008618,O068751,C000425,6110,2026-04-07,carrier_delay,High,Carrier route delay,Open
FUL008619,O068760,C000379,3603,2026-04-07,carrier_delay,High,Carrier route delay,Open
FUL008620,O068763,C000700,241,2026-04-07,carrier_delay,High,Carrier route delay,Open
FUL008621,O068764,C001414,1735,2026-04-07,carrier_delay,High,Carrier route delay,Open
FUL008622,O068767,C001463,6671,2026-04-07,cancellation_review,Medium,Customer or fulfillment cancellation,Closed
FUL008623,O068793,C000009,5654,2026-04-08,carrier_delay,High,Carrier route delay,Open
FUL008624,O068795,C000029,6950,2026-04-08,carrier_delay,High,Carrier route delay,Open
FUL008625,O000688,C000431,5097,2023-07-19,carrier_delay,High,Carrier route delay,Open
FUL008626,O068804,C001243,1733,2026-04-08,carrier_delay,High,Carrier route delay,Open
FUL008627,O068809,C000828,5946,2026-04-08,carrier_delay,High,Carrier route delay,Open
FUL008628,O068816,C000484,8769,2026-04-08,cancellation_review,Medium,Customer or fulfillment cancellation,Closed
FUL008629,O068845,C001667,6584,2026-04-08,carrier_delay,High,Carrier route delay,Open
FUL008630,O068852,C000417,4596,2026-04-09,carrier_delay,High,Carrier route delay,Open
FUL008631,O068860,C001869,4229,2026-04-09,carrier_delay,High,Carrier route delay,Open
FUL008632,O068865,C001790,4567,2026-04-09,cancellation_review,Medium,Customer or fulfillment cancellation,Closed
FUL008633,O068875,C001644,10637,2026-04-09,carrier_delay,High,Carrier route delay,Open
FUL008634,O068879,C001569,778,2026-04-09,carrier_delay,High,Carrier route delay,Open
FUL008635,O068883,C000517,5533,2026-04-09,carrier_delay,High,Carrier route delay,Open
FUL008636,O006890,C001360,2727,2023-10-17,carrier_delay,High,Carrier route delay,Open
FUL008637,O006900,C000830,1762,2023-10-17,carrier_delay,High,Carrier route delay,Open
FUL008638,O006915,C001033,3033,2023-10-17,carrier_delay,High,Carrier route delay,Open
FUL008639,O006934,C001525,9384,2023-10-18,carrier_delay,High,Carrier route delay,Open
FUL008640,O006935,C000483,578,2023-10-18,carrier_delay,High,Carrier route delay,Open
FUL008641,O000694,C000215,5015,2023-07-19,carrier_delay,High,Carrier route delay,Open
FUL008642,O006942,C000224,1417,2023-10-18,carrier_delay,High,Carrier route delay,Open
FUL008643,O006955,C001485,11822,2023-10-18,carrier_delay,High,Carrier route delay,Open
FUL008644,O006959,C000377,3498,2023-10-18,carrier_delay,High,Carrier route delay,Open
FUL008645,O006963,C001358,2325,2023-10-18,carrier_delay,High,Carrier route delay,Open
FUL008646,O006965,C000024,6316,2023-10-18,cancellation_review,Medium,Customer or fulfillment cancellation,Closed
FUL008647,O000698,C000055,5283,2023-07-19,carrier_delay,High,Carrier route delay,Open
FUL008648,O006984,C000306,6130,2023-10-18,carrier_delay,High,Carrier route delay,Open
FUL008649,O006990,C000952,3133,2023-10-19,carrier_delay,High,Carrier route delay,Open
FUL008650,O000007,C000213,4530,2023-07-09,carrier_delay,High,Carrier route delay,Open
FUL008651,O007003,C001834,6915,2023-10-19,carrier_delay,High,Carrier route delay,Open
FUL008652,O007019,C000155,9515,2023-10-19,cancellation_review,Medium,Customer or fulfillment cancellation,Closed
FUL008653,O007023,C001127,8043,2023-10-19,carrier_delay,High,Carrier route delay,Open
FUL008654,O007025,C000131,2074,2023-10-19,carrier_delay,High,Carrier route delay,Open
FUL008655,O007034,C001249,383,2023-10-19,cancellation_review,Medium,Customer or fulfillment cancellation,Closed
FUL008656,O007040,C000549,2528,2023-10-19,carrier_delay,High,Carrier route delay,Open
FUL008657,O000705,C001145,9639,2023-07-19,carrier_delay,High,Carrier route delay,Open
FUL008658,O007053,C001661,10424,2023-10-19,cancellation_review,Medium,Customer or fulfillment cancellation,Closed
FUL008659,O007054,C000448,6789,2023-10-19,carrier_delay,High,Carrier route delay,Open
FUL008660,O007058,C000176,4627,2023-10-20,carrier_delay,High,Carrier route delay,Open
FUL008661,O007059,C001445,3477,2023-10-20,carrier_delay,High,Carrier route delay,Open
FUL008662,O007064,C001533,328,2023-10-20,carrier_delay,High,Carrier route delay,Open
FUL008663,O007078,C000426,8971,2023-10-20,carrier_delay,High,Carrier route delay,Open
FUL008664,O007090,C001204,5125,2023-10-20,carrier_delay,High,Carrier route delay,Open
FUL008665,O007100,C000605,2217,2023-10-20,cancellation_review,Medium,Customer or fulfillment cancellation,Closed
FUL008666,O007109,C000444,9119,2023-10-20,carrier_delay,High,Carrier route delay,Open
FUL008667,O007130,C001073,9726,2023-10-21,carrier_delay,High,Carrier route delay,Open
FUL008668,O007135,C000507,12107,2023-10-21,carrier_delay,High,Carrier route delay,Open
FUL008669,O007139,C001008,9523,2023-10-21,carrier_delay,High,Carrier route delay,Open
FUL008670,O007149,C000158,6812,2023-10-21,carrier_delay,High,Carrier route delay,Open
FUL008671,O007150,C001831,11452,2023-10-21,carrier_delay,High,Carrier route delay,Open
FUL008672,O000716,C000514,2581,2023-07-19,cancellation_review,Medium,Customer or fulfillment cancellation,Closed
FUL008673,O007160,C001195,8892,2023-10-21,carrier_delay,High,Carrier route delay,Open
FUL008674,O007178,C000543,1901,2023-10-21,carrier_delay,High,Carrier route delay,Open
FUL008675,O000719,C000955,4768,2023-07-19,carrier_delay,High,Carrier route delay,Open
FUL008676,O007198,C001742,2267,2023-10-22,carrier_delay,High,Carrier route delay,Open
FUL008677,O007204,C000177,3259,2023-10-22,carrier_delay,High,Carrier route delay,Open
FUL008678,O007205,C000583,7777,2023-10-22,carrier_delay,High,Carrier route delay,Open
FUL008679,O007214,C001837,870,2023-10-22,carrier_delay,High,Carrier route delay,Open
FUL008680,O007219,C000974,2250,2023-10-22,carrier_delay,High,Carrier route delay,Open
FUL008681,O007235,C000615,12189,2023-10-22,carrier_delay,High,Carrier route delay,Open
FUL008682,O007238,C000042,8517,2023-10-22,carrier_delay,High,Carrier route delay,Open
FUL008683,O007239,C000241,7211,2023-10-22,carrier_delay,High,Carrier route delay,Open
FUL008684,O007264,C000213,4530,2023-10-23,carrier_delay,High,Carrier route delay,Open
FUL008685,O007268,C000166,8820,2023-10-23,carrier_delay,High,Carrier route delay,Open
FUL008686,O007270,C001475,7905,2023-10-23,carrier_delay,High,Carrier route delay,Open
FUL008687,O007274,C000881,5787,2023-10-23,carrier_delay,High,Carrier route delay,Open
FUL008688,O007275,C001066,647,2023-10-23,carrier_delay,High,Carrier route delay,Open
FUL008689,O007285,C000888,11678,2023-10-23,carrier_delay,High,Carrier route delay,Open
FUL008690,O007292,C000658,10916,2023-10-23,carrier_delay,High,Carrier route delay,Open
FUL008691,O007299,C001518,4407,2023-10-23,carrier_delay,High,Carrier route delay,Open
FUL008692,O000730,C001745,3189,2023-07-19,carrier_delay,High,Carrier route delay,Open
FUL008693,O007300,C000654,12123,2023-10-23,carrier_delay,High,Carrier route delay,Open
FUL008694,O007305,C000948,8578,2023-10-23,carrier_delay,High,Carrier route delay,Open
FUL008695,O007307,C001250,12321,2023-10-23,carrier_delay,High,Carrier route delay,Open
FUL008696,O007308,C001132,4432,2023-10-23,carrier_delay,High,Carrier route delay,Open
FUL008697,O007314,C000204,10699,2023-10-23,carrier_delay,High,Carrier route delay,Open
FUL008698,O007315,C000183,7857,2023-10-23,carrier_delay,High,Carrier route delay,Open
FUL008699,O007319,C001465,8328,2023-10-23,carrier_delay,High,Carrier route delay,Open
FUL008700,O007321,C001677,5359,2023-10-23,carrier_delay,High,Carrier route delay,Open
FUL008701,O007341,C001017,1365,2023-10-24,carrier_delay,High,Carrier route delay,Open
FUL008702,O007348,C000032,10591,2023-10-24,carrier_delay,High,Carrier route delay,Open
FUL008703,O007360,C001565,12102,2023-10-24,cancellation_review,Medium,Customer or fulfillment cancellation,Closed
FUL008704,O007375,C001745,3189,2023-10-24,carrier_delay,High,Carrier route delay,Open
FUL008705,O007379,C000860,12207,2023-10-24,carrier_delay,High,Carrier route delay,Open
FUL008706,O000738,C001564,10042,2023-07-19,cancellation_review,Medium,Customer or fulfillment cancellation,Closed
FUL008707,O007380,C001876,5445,2023-10-24,carrier_delay,High,Carrier route delay,Open
FUL008708,O007381,C000304,5321,2023-10-24,carrier_delay,High,Carrier route delay,Open
FUL008709,O007405,C001739,7607,2023-10-25,carrier_delay,High,Carrier route delay,Open
FUL008710,O007409,C001069,8217,2023-10-25,cancellation_review,Medium,Customer or fulfillment cancellation,Closed
FUL008711,O007424,C001860,1745,2023-10-25,carrier_delay,High,Carrier route delay,Open
FUL008712,O007425,C001985,7028,2023-10-25,carrier_delay,High,Carrier route delay,Open
FUL008713,O007429,C000738,11542,2023-10-25,carrier_delay,High,Carrier route delay,Open
FUL008714,O007434,C001829,8403,2023-10-25,carrier_delay,High,Carrier route delay,Open
FUL008715,O007439,C000155,9515,2023-10-25,carrier_delay,High,Carrier route delay,Open
FUL008716,O007440,C000250,6660,2023-10-25,carrier_delay,High,Carrier route delay,Open
FUL008717,O007443,C000467,1658,2023-10-25,carrier_delay,High,Carrier route delay,Open
FUL008718,O000745,C000301,7435,2023-07-19,carrier_delay,High,Carrier route delay,Open
FUL008719,O007454,C001922,1363,2023-10-25,cancellation_review,Medium,Customer or fulfillment cancellation,Closed
FUL008720,O007466,C000194,5560,2023-10-25,carrier_delay,High,Carrier route delay,Open
FUL008721,O007467,C000066,450,2023-10-25,carrier_delay,High,Carrier route delay,Open
FUL008722,O007474,C000557,5207,2023-10-26,carrier_delay,High,Carrier route delay,Open
FUL008723,O007475,C001663,929,2023-10-26,carrier_delay,High,Carrier route delay,Open
FUL008724,O007479,C001882,5276,2023-10-26,carrier_delay,High,Carrier route delay,Open
FUL008725,O007482,C000885,4907,2023-10-26,carrier_delay,High,Carrier route delay,Open
FUL008726,O007497,C000176,4627,2023-10-26,carrier_delay,High,Carrier route delay,Open
FUL008727,O007509,C000263,6137,2023-10-26,carrier_delay,High,Carrier route delay,Open
FUL008728,O007514,C000638,9603,2023-10-26,carrier_delay,High,Carrier route delay,Open
FUL008729,O007529,C001369,10296,2023-10-26,carrier_delay,High,Carrier route delay,Open
FUL008730,O007547,C000507,12107,2023-10-27,carrier_delay,High,Carrier route delay,Open
FUL008731,O007549,C000766,1106,2023-10-27,carrier_delay,High,Carrier route delay,Open
FUL008732,O000755,C001258,1478,2023-07-20,carrier_delay,High,Carrier route delay,Open
FUL008733,O007559,C000254,11738,2023-10-27,carrier_delay,High,Carrier route delay,Open
FUL008734,O007574,C001548,8193,2023-10-27,carrier_delay,High,Carrier route delay,Open
FUL008735,O007576,C000863,4931,2023-10-27,carrier_delay,High,Carrier route delay,Open
FUL008736,O007595,C000076,2970,2023-10-27,carrier_delay,High,Carrier route delay,Open
FUL008737,O007599,C001198,8376,2023-10-27,carrier_delay,High,Carrier route delay,Open
FUL008738,O007610,C000947,5296,2023-10-28,carrier_delay,High,Carrier route delay,Open
FUL008739,O000762,C001749,1748,2023-07-20,carrier_delay,High,Carrier route delay,Open
FUL008740,O007629,C000293,10761,2023-10-28,carrier_delay,High,Carrier route delay,Open
FUL008741,O007634,C001829,8403,2023-10-28,carrier_delay,High,Carrier route delay,Open
FUL008742,O007644,C001976,8942,2023-10-28,carrier_delay,High,Carrier route delay,Open
FUL008743,O007647,C000116,2813,2023-10-28,carrier_delay,High,Carrier route delay,Open
FUL008744,O007649,C000608,1927,2023-10-28,carrier_delay,High,Carrier route delay,Open
FUL008745,O007653,C001998,8864,2023-10-28,carrier_delay,High,Carrier route delay,Open
FUL008746,O007655,C000897,8203,2023-10-28,carrier_delay,High,Carrier route delay,Open
FUL008747,O007671,C000391,5197,2023-10-28,cancellation_review,Medium,Customer or fulfillment cancellation,Closed
FUL008748,O007679,C000831,7013,2023-10-29,carrier_delay,High,Carrier route delay,Open
FUL008749,O007683,C001700,10495,2023-10-29,carrier_delay,High,Carrier route delay,Open
FUL008750,O007690,C001092,12117,2023-10-29,carrier_delay,High,Carrier route delay,Open
FUL008751,O007710,C001196,2627,2023-10-29,carrier_delay,High,Carrier route delay,Open
FUL008752,O007715,C001979,6071,2023-10-29,carrier_delay,High,Carrier route delay,Open
FUL008753,O007717,C001420,4562,2023-10-29,carrier_delay,High,Carrier route delay,Open
FUL008754,O007720,C000376,5904,2023-10-29,carrier_delay,High,Carrier route delay,Open
FUL008755,O007722,C001168,11512,2023-10-29,carrier_delay,High,Carrier route delay,Open
FUL008756,O007725,C000984,7223,2023-10-29,carrier_delay,High,Carrier route delay,Open
FUL008757,O007735,C001761,2728,2023-10-29,carrier_delay,High,Carrier route delay,Open
FUL008758,O000774,C000512,11421,2023-07-20,carrier_delay,High,Carrier route delay,Open
FUL008759,O007744,C001433,2453,2023-10-30,carrier_delay,High,Carrier route delay,Open
FUL008760,O007745,C000645,6907,2023-10-30,carrier_delay,High,Carrier route delay,Open
FUL008761,O007750,C001527,6417,2023-10-30,carrier_delay,High,Carrier route delay,Open
FUL008762,O007752,C000182,1932,2023-10-30,carrier_delay,High,Carrier route delay,Open
FUL008763,O007770,C000611,7762,2023-10-30,cancellation_review,Medium,Customer or fulfillment cancellation,Closed
FUL008764,O007779,C000671,3447,2023-10-30,carrier_delay,High,Carrier route delay,Open
FUL008765,O007790,C001072,10888,2023-10-30,carrier_delay,High,Carrier route delay,Open
FUL008766,O007794,C000714,3523,2023-10-30,carrier_delay,High,Carrier route delay,Open
FUL008767,O000780,C000678,2016,2023-07-20,carrier_delay,High,Carrier route delay,Open
FUL008768,O007806,C000317,4290,2023-10-30,carrier_delay,High,Carrier route delay,Open
FUL008769,O007808,C001841,739,2023-10-30,carrier_delay,High,Carrier route delay,Open
FUL008770,O007812,C000063,7631,2023-10-31,carrier_delay,High,Carrier route delay,Open
FUL008771,O000782,C000924,12213,2023-07-20,carrier_delay,High,Carrier route delay,Open
FUL008772,O007834,C000272,8652,2023-10-31,carrier_delay,High,Carrier route delay,Open
FUL008773,O007854,C001020,11058,2023-10-31,carrier_delay,High,Carrier route delay,Open
FUL008774,O007865,C000035,6375,2023-10-31,carrier_delay,High,Carrier route delay,Open
FUL008775,O007883,C000636,2844,2023-11-01,cancellation_review,Medium,Customer or fulfillment cancellation,Closed
FUL008776,O007885,C001170,7910,2023-11-01,carrier_delay,High,Carrier route delay,Open
FUL008777,O007888,C001806,5417,2023-11-01,carrier_delay,High,Carrier route delay,Open
FUL008778,O000789,C001930,17,2023-07-20,carrier_delay,High,Carrier route delay,Open
FUL008779,O007890,C000609,11516,2023-11-01,carrier_delay,High,Carrier route delay,Open
FUL008780,O007893,C000376,5904,2023-11-01,carrier_delay,High,Carrier route delay,Open
FUL008781,O007895,C000417,4596,2023-11-01,carrier_delay,High,Carrier route delay,Open
FUL008782,O007899,C000889,11089,2023-11-01,carrier_delay,High,Carrier route delay,Open
FUL008783,O007900,C000202,2197,2023-11-01,carrier_delay,High,Carrier route delay,Open
FUL008784,O007906,C000435,10501,2023-11-01,carrier_delay,High,Carrier route delay,Open
FUL008785,O007915,C000722,3577,2023-11-01,carrier_delay,High,Carrier route delay,Open
FUL008786,O007924,C000994,10778,2023-11-01,carrier_delay,High,Carrier route delay,Open
FUL008787,O007928,C001963,10570,2023-11-01,carrier_delay,High,Carrier route delay,Open
FUL008788,O007935,C000929,9992,2023-11-01,carrier_delay,High,Carrier route delay,Open
FUL008789,O007947,C000994,10778,2023-11-01,carrier_delay,High,Carrier route delay,Open
FUL008790,O007954,C001935,11997,2023-11-02,carrier_delay,High,Carrier route delay,Open
FUL008791,O007970,C000013,10235,2023-11-02,carrier_delay,High,Carrier route delay,Open
FUL008792,O007974,C001171,7716,2023-11-02,carrier_delay,High,Carrier route delay,Open
FUL008793,O007980,C000111,5828,2023-11-02,carrier_delay,High,Carrier route delay,Open
FUL008794,O007984,C001948,5637,2023-11-02,carrier_delay,High,Carrier route delay,Open
FUL008795,O007989,C000478,5579,2023-11-02,carrier_delay,High,Carrier route delay,Open
FUL008796,O007994,C001151,1255,2023-11-02,carrier_delay,High,Carrier route delay,Open
FUL008797,O000800,C000670,9946,2023-07-20,carrier_delay,High,Carrier route delay,Open
FUL008798,O008004,C000551,10490,2023-11-02,carrier_delay,High,Carrier route delay,Open
FUL008799,O008012,C000534,1512,2023-11-02,carrier_delay,High,Carrier route delay,Open
FUL008800,O008019,C001025,9356,2023-11-03,carrier_delay,High,Carrier route delay,Open
FUL008801,O008034,C001411,11895,2023-11-03,carrier_delay,High,Carrier route delay,Open
FUL008802,O008043,C001184,4579,2023-11-03,carrier_delay,High,Carrier route delay,Open
FUL008803,O008044,C000521,640,2023-11-03,carrier_delay,High,Carrier route delay,Open
FUL008804,O008053,C000312,8071,2023-11-03,carrier_delay,High,Carrier route delay,Open
FUL008805,O008055,C000028,1011,2023-11-03,carrier_delay,High,Carrier route delay,Open
FUL008806,O008070,C001496,11473,2023-11-03,carrier_delay,High,Carrier route delay,Open
FUL008807,O008079,C001355,2717,2023-11-03,carrier_delay,High,Carrier route delay,Open
FUL008808,O008085,C001139,12132,2023-11-04,carrier_delay,High,Carrier route delay,Open
FUL008809,O008087,C001688,6402,2023-11-04,carrier_delay,High,Carrier route delay,Open
FUL008810,O008088,C000174,9368,2023-11-04,carrier_delay,High,Carrier route delay,Open
FUL008811,O008090,C000431,5097,2023-11-04,carrier_delay,High,Carrier route delay,Open
FUL008812,O008092,C001966,7634,2023-11-04,carrier_delay,High,Carrier route delay,Open
FUL008813,O000810,C000052,2484,2023-07-20,carrier_delay,High,Carrier route delay,Open
FUL008814,O008104,C000701,4939,2023-11-04,carrier_delay,High,Carrier route delay,Open
FUL008815,O008106,C001005,10457,2023-11-04,carrier_delay,High,Carrier route delay,Open
FUL008816,O008111,C001916,7564,2023-11-04,carrier_delay,High,Carrier route delay,Open
FUL008817,O008114,C000295,8511,2023-11-04,carrier_delay,High,Carrier route delay,Open
FUL008818,O008119,C000581,10071,2023-11-04,carrier_delay,High,Carrier route delay,Open
FUL008819,O008120,C000807,9898,2023-11-04,carrier_delay,High,Carrier route delay,Open
FUL008820,O008129,C001054,3918,2023-11-04,carrier_delay,High,Carrier route delay,Open
FUL008821,O008130,C001131,1558,2023-11-04,carrier_delay,High,Carrier route delay,Open
FUL008822,O008134,C001940,6767,2023-11-04,carrier_delay,High,Carrier route delay,Open
FUL008823,O008143,C000921,5644,2023-11-04,carrier_delay,High,Carrier route delay,Open
FUL008824,O008150,C001811,6222,2023-11-04,carrier_delay,High,Carrier route delay,Open
FUL008825,O008155,C000669,11835,2023-11-05,carrier_delay,High,Carrier route delay,Open
FUL008826,O008163,C001544,10588,2023-11-05,carrier_delay,High,Carrier route delay,Open
FUL008827,O000818,C001789,8459,2023-07-20,cancellation_review,Medium,Customer or fulfillment cancellation,Closed
FUL008828,O008192,C000387,8090,2023-11-05,carrier_delay,High,Carrier route delay,Open
FUL008829,O008211,C000969,4164,2023-11-05,carrier_delay,High,Carrier route delay,Open
FUL008830,O008213,C000044,749,2023-11-05,carrier_delay,High,Carrier route delay,Open
FUL008831,O008228,C000217,5875,2023-11-06,carrier_delay,High,Carrier route delay,Open
FUL008832,O008234,C000321,1664,2023-11-06,carrier_delay,High,Carrier route delay,Open
FUL008833,O008240,C000813,12192,2023-11-06,carrier_delay,High,Carrier route delay,Open
FUL008834,O008244,C001067,6759,2023-11-06,carrier_delay,High,Carrier route delay,Open
FUL008835,O008245,C001280,11667,2023-11-06,carrier_delay,High,Carrier route delay,Open
FUL008836,O008246,C000610,3302,2023-11-06,carrier_delay,High,Carrier route delay,Open
FUL008837,O008248,C000533,4943,2023-11-06,carrier_delay,High,Carrier route delay,Open
FUL008838,O008250,C000332,697,2023-11-06,carrier_delay,High,Carrier route delay,Open
FUL008839,O008255,C001896,947,2023-11-06,carrier_delay,High,Carrier route delay,Open
FUL008840,O008270,C000612,2549,2023-11-06,carrier_delay,High,Carrier route delay,Open
FUL008841,O008275,C000966,4320,2023-11-06,carrier_delay,High,Carrier route delay,Open
FUL008842,O008289,C000236,1826,2023-11-06,carrier_delay,High,Carrier route delay,Open
FUL008843,O008296,C000238,2330,2023-11-07,carrier_delay,High,Carrier route delay,Open
FUL008844,O008299,C000753,5033,2023-11-07,carrier_delay,High,Carrier route delay,Open
FUL008845,O000830,C000750,9103,2023-07-21,cancellation_review,Medium,Customer or fulfillment cancellation,Closed
FUL008846,O008302,C001834,6915,2023-11-07,cancellation_review,Medium,Customer or fulfillment cancellation,Closed
FUL008847,O008314,C000177,3259,2023-11-07,carrier_delay,High,Carrier route delay,Open
FUL008848,O008319,C000133,11983,2023-11-07,carrier_delay,High,Carrier route delay,Open
FUL008849,O008332,C001257,9317,2023-11-07,carrier_delay,High,Carrier route delay,Open
FUL008850,O008347,C000751,2087,2023-11-07,carrier_delay,High,Carrier route delay,Open
FUL008851,O008355,C000699,6725,2023-11-07,carrier_delay,High,Carrier route delay,Open
FUL008852,O008359,C001345,8675,2023-11-08,carrier_delay,High,Carrier route delay,Open
FUL008853,O008383,C000031,9300,2023-11-08,cancellation_review,Medium,Customer or fulfillment cancellation,Closed
FUL008854,O008384,C000919,7887,2023-11-08,carrier_delay,High,Carrier route delay,Open
FUL008855,O008394,C000574,6065,2023-11-08,carrier_delay,High,Carrier route delay,Open
FUL008856,O008396,C001732,12271,2023-11-08,cancellation_review,Medium,Customer or fulfillment cancellation,Closed
FUL008857,O000084,C000448,6789,2023-07-10,carrier_delay,High,Carrier route delay,Open
FUL008858,O008404,C001056,3678,2023-11-08,carrier_delay,High,Carrier route delay,Open
FUL008859,O008410,C001405,259,2023-11-08,carrier_delay,High,Carrier route delay,Open
FUL008860,O008414,C001444,7234,2023-11-08,carrier_delay,High,Carrier route delay,Open
FUL008861,O008415,C000960,9039,2023-11-08,carrier_delay,High,Carrier route delay,Open
FUL008862,O008425,C001882,5276,2023-11-08,carrier_delay,High,Carrier route delay,Open
FUL008863,O008430,C000068,5648,2023-11-09,carrier_delay,High,Carrier route delay,Open
FUL008864,O008436,C000918,10554,2023-11-09,carrier_delay,High,Carrier route delay,Open
FUL008865,O008438,C001114,6081,2023-11-09,carrier_delay,High,Carrier route delay,Open
FUL008866,O008447,C000936,11694,2023-11-09,carrier_delay,High,Carrier route delay,Open
FUL008867,O000845,C000011,5715,2023-07-21,carrier_delay,High,Carrier route delay,Open
FUL008868,O008455,C000078,468,2023-11-09,carrier_delay,High,Carrier route delay,Open
FUL008869,O008465,C001480,5683,2023-11-09,carrier_delay,High,Carrier route delay,Open
FUL008870,O008470,C001133,9162,2023-11-09,carrier_delay,High,Carrier route delay,Open
FUL008871,O008475,C001197,6883,2023-11-09,carrier_delay,High,Carrier route delay,Open
FUL008872,O008480,C001614,4476,2023-11-09,carrier_delay,High,Carrier route delay,Open
FUL008873,O008484,C001314,290,2023-11-09,carrier_delay,High,Carrier route delay,Open
FUL008874,O008488,C001293,9154,2023-11-09,cancellation_review,Medium,Customer or fulfillment cancellation,Closed
FUL008875,O008505,C000627,8579,2023-11-10,carrier_delay,High,Carrier route delay,Open
FUL008876,O008508,C001908,1475,2023-11-10,carrier_delay,High,Carrier route delay,Open
FUL008877,O008515,C001254,846,2023-11-10,carrier_delay,High,Carrier route delay,Open
FUL008878,O008518,C000095,5582,2023-11-10,cancellation_review,Medium,Customer or fulfillment cancellation,Closed
FUL008879,O008519,C000983,6969,2023-11-10,carrier_delay,High,Carrier route delay,Open
FUL008880,O008531,C000740,10213,2023-11-10,carrier_delay,High,Carrier route delay,Open
FUL008881,O008539,C001159,10796,2023-11-10,carrier_delay,High,Carrier route delay,Open
FUL008882,O000854,C000901,4186,2023-07-21,carrier_delay,High,Carrier route delay,Open
FUL008883,O008541,C000011,5715,2023-11-10,carrier_delay,High,Carrier route delay,Open
FUL008884,O008542,C000709,5440,2023-11-10,carrier_delay,High,Carrier route delay,Open
FUL008885,O008570,C000306,6130,2023-11-11,carrier_delay,High,Carrier route delay,Open
FUL008886,O008572,C000232,7852,2023-11-11,cancellation_review,Medium,Customer or fulfillment cancellation,Closed
FUL008887,O008578,C000516,1989,2023-11-11,carrier_delay,High,Carrier route delay,Open
FUL008888,O008584,C001132,4432,2023-11-11,carrier_delay,High,Carrier route delay,Open
FUL008889,O008595,C001449,11387,2023-11-11,carrier_delay,High,Carrier route delay,Open
FUL008890,O008597,C000891,8986,2023-11-11,carrier_delay,High,Carrier route delay,Open
FUL008891,O008600,C001726,4536,2023-11-11,carrier_delay,High,Carrier route delay,Open
FUL008892,O008603,C001962,534,2023-11-11,carrier_delay,High,Carrier route delay,Open
FUL008893,O008604,C000336,2537,2023-11-11,cancellation_review,Medium,Customer or fulfillment cancellation,Closed
FUL008894,O008607,C000239,7273,2023-11-11,carrier_delay,High,Carrier route delay,Open
FUL008895,O008610,C001306,9739,2023-11-11,carrier_delay,High,Carrier route delay,Open
FUL008896,O008619,C001270,3595,2023-11-11,carrier_delay,High,Carrier route delay,Open
FUL008897,O008637,C001920,1651,2023-11-12,carrier_delay,High,Carrier route delay,Open
FUL008898,O008639,C001275,4665,2023-11-12,carrier_delay,High,Carrier route delay,Open
FUL008899,O008647,C000292,10707,2023-11-12,carrier_delay,High,Carrier route delay,Open
FUL008900,O008649,C001638,8704,2023-11-12,carrier_delay,High,Carrier route delay,Open
FUL008901,O008662,C000146,2740,2023-11-12,carrier_delay,High,Carrier route delay,Open
FUL008902,O008666,C000399,8368,2023-11-12,carrier_delay,High,Carrier route delay,Open
FUL008903,O008667,C000575,1810,2023-11-12,carrier_delay,High,Carrier route delay,Open
FUL008904,O008669,C001209,10899,2023-11-12,carrier_delay,High,Carrier route delay,Open
FUL008905,O008679,C001154,3926,2023-11-12,carrier_delay,High,Carrier route delay,Open
FUL008906,O008684,C000079,5293,2023-11-12,carrier_delay,High,Carrier route delay,Open
FUL008907,O008685,C001071,8365,2023-11-12,carrier_delay,High,Carrier route delay,Open
FUL008908,O008694,C000942,8757,2023-11-12,carrier_delay,High,Carrier route delay,Open
FUL008909,O008707,C001046,9721,2023-11-13,cancellation_review,Medium,Customer or fulfillment cancellation,Closed
FUL008910,O008710,C001163,9554,2023-11-13,carrier_delay,High,Carrier route delay,Open
FUL008911,O008714,C000256,11833,2023-11-13,carrier_delay,High,Carrier route delay,Open
FUL008912,O008724,C001707,10883,2023-11-13,carrier_delay,High,Carrier route delay,Open
FUL008913,O008729,C000271,6213,2023-11-13,carrier_delay,High,Carrier route delay,Open
FUL008914,O008730,C000443,3051,2023-11-13,carrier_delay,High,Carrier route delay,Open
FUL008915,O000874,C000420,6230,2023-07-21,carrier_delay,High,Carrier route delay,Open
FUL008916,O008741,C000765,8065,2023-11-13,cancellation_review,Medium,Customer or fulfillment cancellation,Closed
FUL008917,O008750,C000738,11542,2023-11-13,cancellation_review,Medium,Customer or fulfillment cancellation,Closed
FUL008918,O008753,C000308,8664,2023-11-13,carrier_delay,High,Carrier route delay,Open
FUL008919,O008754,C001165,5147,2023-11-13,carrier_delay,High,Carrier route delay,Open
FUL008920,O008755,C000655,7176,2023-11-13,carrier_delay,High,Carrier route delay,Open
FUL008921,O008764,C001981,1069,2023-11-13,carrier_delay,High,Carrier route delay,Open
FUL008922,O008769,C000261,6643,2023-11-13,carrier_delay,High,Carrier route delay,Open
FUL008923,O008775,C001404,3493,2023-11-14,carrier_delay,High,Carrier route delay,Open
FUL008924,O008785,C001097,2610,2023-11-14,carrier_delay,High,Carrier route delay,Open
FUL008925,O008787,C000454,2508,2023-11-14,carrier_delay,High,Carrier route delay,Open
FUL008926,O000879,C000284,3031,2023-07-21,carrier_delay,High,Carrier route delay,Open
FUL008927,O008790,C001121,10928,2023-11-14,carrier_delay,High,Carrier route delay,Open
FUL008928,O008815,C000663,4399,2023-11-14,carrier_delay,High,Carrier route delay,Open
FUL008929,O008820,C001946,3231,2023-11-14,cancellation_review,Medium,Customer or fulfillment cancellation,Closed
FUL008930,O008830,C000597,10834,2023-11-14,carrier_delay,High,Carrier route delay,Open
FUL008931,O008834,C001406,1013,2023-11-14,carrier_delay,High,Carrier route delay,Open
FUL008932,O008854,C000840,455,2023-11-15,carrier_delay,High,Carrier route delay,Open
FUL008933,O008859,C000916,8681,2023-11-15,carrier_delay,High,Carrier route delay,Open
FUL008934,O008864,C000585,11056,2023-11-15,carrier_delay,High,Carrier route delay,Open
FUL008935,O008865,C001538,9402,2023-11-15,carrier_delay,High,Carrier route delay,Open
FUL008936,O008871,C001058,7771,2023-11-15,carrier_delay,High,Carrier route delay,Open
FUL008937,O008875,C000190,7717,2023-11-15,carrier_delay,High,Carrier route delay,Open
FUL008938,O000889,C001255,3677,2023-07-21,carrier_delay,High,Carrier route delay,Open
FUL008939,O008905,C001091,4422,2023-11-15,carrier_delay,High,Carrier route delay,Open
FUL008940,O008909,C000611,7762,2023-11-16,carrier_delay,High,Carrier route delay,Open
FUL008941,O008920,C001704,3188,2023-11-16,carrier_delay,High,Carrier route delay,Open
FUL008942,O008922,C001764,5999,2023-11-16,carrier_delay,High,Carrier route delay,Open
FUL008943,O008923,C000045,10777,2023-11-16,carrier_delay,High,Carrier route delay,Open
FUL008944,O000894,C001212,2759,2023-07-22,carrier_delay,High,Carrier route delay,Open
FUL008945,O008943,C000746,7317,2023-11-16,cancellation_review,Medium,Customer or fulfillment cancellation,Closed
FUL008946,O008944,C000706,6256,2023-11-16,carrier_delay,High,Carrier route delay,Open
FUL008947,O008945,C000991,888,2023-11-16,carrier_delay,High,Carrier route delay,Open
FUL008948,O000895,C000587,7575,2023-07-22,carrier_delay,High,Carrier route delay,Open
FUL008949,O008955,C001592,6424,2023-11-16,carrier_delay,High,Carrier route delay,Open
FUL008950,O008960,C001436,984,2023-11-16,carrier_delay,High,Carrier route delay,Open
FUL008951,O008969,C000679,9875,2023-11-16,carrier_delay,High,Carrier route delay,Open
FUL008952,O008970,C001528,9830,2023-11-16,carrier_delay,High,Carrier route delay,Open
FUL008953,O008984,C000583,7777,2023-11-17,carrier_delay,High,Carrier route delay,Open
FUL008954,O008999,C001880,787,2023-11-17,carrier_delay,High,Carrier route delay,Open
FUL008955,O000009,C000928,5657,2023-07-09,carrier_delay,High,Carrier route delay,Open
FUL008956,O009025,C001518,4407,2023-11-17,carrier_delay,High,Carrier route delay,Open
FUL008957,O009033,C000217,5875,2023-11-17,carrier_delay,High,Carrier route delay,Open
FUL008958,O009040,C000045,10777,2023-11-17,carrier_delay,High,Carrier route delay,Open
FUL008959,O009049,C000243,9504,2023-11-18,carrier_delay,High,Carrier route delay,Open
FUL008960,O009050,C001310,8889,2023-11-18,carrier_delay,High,Carrier route delay,Open
FUL008961,O000908,C000138,8964,2023-07-22,carrier_delay,High,Carrier route delay,Open
FUL008962,O009084,C000195,11337,2023-11-18,carrier_delay,High,Carrier route delay,Open
FUL008963,O009095,C000604,3184,2023-11-18,carrier_delay,High,Carrier route delay,Open
FUL008964,O009097,C001894,10390,2023-11-18,carrier_delay,High,Carrier route delay,Open
FUL008965,O009100,C001525,9384,2023-11-18,carrier_delay,High,Carrier route delay,Open
FUL008966,O009104,C001409,11801,2023-11-18,carrier_delay,High,Carrier route delay,Open
FUL008967,O009105,C001906,2825,2023-11-18,carrier_delay,High,Carrier route delay,Open
FUL008968,O009108,C000051,341,2023-11-18,carrier_delay,High,Carrier route delay,Open
FUL008969,O009142,C000287,1824,2023-11-19,carrier_delay,High,Carrier route delay,Open
FUL008970,O009149,C001265,5805,2023-11-19,carrier_delay,High,Carrier route delay,Open
FUL008971,O009150,C001327,6730,2023-11-19,carrier_delay,High,Carrier route delay,Open
FUL008972,O009159,C001065,5548,2023-11-19,cancellation_review,Medium,Customer or fulfillment cancellation,Closed
FUL008973,O009164,C001239,8612,2023-11-19,carrier_delay,High,Carrier route delay,Open
FUL008974,O009174,C001181,1847,2023-11-19,carrier_delay,High,Carrier route delay,Open
FUL008975,O009175,C000528,335,2023-11-19,carrier_delay,High,Carrier route delay,Open
FUL008976,O009189,C000746,7317,2023-11-20,carrier_delay,High,Carrier route delay,Open
FUL008977,O000092,C001727,6932,2023-07-10,carrier_delay,High,Carrier route delay,Open
FUL008978,O000920,C000661,12019,2023-07-22,carrier_delay,High,Carrier route delay,Open
FUL008979,O009231,C000676,6288,2023-11-20,carrier_delay,High,Carrier route delay,Open
FUL008980,O009235,C001409,11801,2023-11-20,carrier_delay,High,Carrier route delay,Open
FUL008981,O000924,C000084,6615,2023-07-22,carrier_delay,High,Carrier route delay,Open
FUL008982,O009244,C000832,3868,2023-11-20,carrier_delay,High,Carrier route delay,Open
FUL008983,O000925,C001708,937,2023-07-22,carrier_delay,High,Carrier route delay,Open
FUL008984,O009258,C001903,4342,2023-11-21,cancellation_review,Medium,Customer or fulfillment cancellation,Closed
FUL008985,O009283,C000450,9353,2023-11-21,cancellation_review,Medium,Customer or fulfillment cancellation,Closed
FUL008986,O000093,C001191,2256,2023-07-10,carrier_delay,High,Carrier route delay,Open
FUL008987,O009302,C001273,2960,2023-11-21,carrier_delay,High,Carrier route delay,Open
FUL008988,O009310,C000978,11388,2023-11-21,carrier_delay,High,Carrier route delay,Open
FUL008989,O009322,C000610,3302,2023-11-22,carrier_delay,High,Carrier route delay,Open
FUL008990,O009324,C001979,6071,2023-11-22,carrier_delay,High,Carrier route delay,Open
FUL008991,O009327,C000747,9283,2023-11-22,cancellation_review,Medium,Customer or fulfillment cancellation,Closed
FUL008992,O009329,C001096,1997,2023-11-22,carrier_delay,High,Carrier route delay,Open
FUL008993,O009330,C000874,9967,2023-11-22,carrier_delay,High,Carrier route delay,Open
FUL008994,O009335,C000545,6581,2023-11-22,carrier_delay,High,Carrier route delay,Open
FUL008995,O009354,C000239,7273,2023-11-22,carrier_delay,High,Carrier route delay,Open
FUL008996,O009365,C001099,6418,2023-11-22,carrier_delay,High,Carrier route delay,Open
FUL008997,O009373,C000528,335,2023-11-22,carrier_delay,High,Carrier route delay,Open
FUL008998,O009380,C001089,10072,2023-11-22,carrier_delay,High,Carrier route delay,Open
FUL008999,O009381,C000259,2389,2023-11-22,carrier_delay,High,Carrier route delay,Open
FUL009000,O009394,C000699,6725,2023-11-23,carrier_delay,High,Carrier route delay,Open
FUL009001,O009395,C001010,8220,2023-11-23,carrier_delay,High,Carrier route delay,Open
FUL009002,O009399,C000304,5321,2023-11-23,carrier_delay,High,Carrier route delay,Open
FUL009003,O009414,C001608,4275,2023-11-23,carrier_delay,High,Carrier route delay,Open
FUL009004,O009425,C000698,1910,2023-11-23,carrier_delay,High,Carrier route delay,Open
FUL009005,O009442,C001529,7294,2023-11-23,carrier_delay,High,Carrier route delay,Open
FUL009006,O009443,C000074,11048,2023-11-23,carrier_delay,High,Carrier route delay,Open
FUL009007,O009449,C001378,4113,2023-11-23,carrier_delay,High,Carrier route delay,Open
FUL009008,O009462,C000296,7664,2023-11-24,carrier_delay,High,Carrier route delay,Open
FUL009009,O009463,C001983,12335,2023-11-24,cancellation_review,Medium,Customer or fulfillment cancellation,Closed
FUL009010,O009465,C000858,3581,2023-11-24,carrier_delay,High,Carrier route delay,Open
FUL009011,O009475,C001508,10807,2023-11-24,carrier_delay,High,Carrier route delay,Open
FUL009012,O009477,C000768,483,2023-11-24,carrier_delay,High,Carrier route delay,Open
FUL009013,O009479,C000878,2252,2023-11-24,carrier_delay,High,Carrier route delay,Open
FUL009014,O009494,C001693,4279,2023-11-24,carrier_delay,High,Carrier route delay,Open
FUL009015,O009496,C000862,4618,2023-11-24,carrier_delay,High,Carrier route delay,Open
FUL009016,O009497,C001970,5116,2023-11-24,carrier_delay,High,Carrier route delay,Open
FUL009017,O009498,C001325,7986,2023-11-24,carrier_delay,High,Carrier route delay,Open
FUL009018,O009499,C000539,6461,2023-11-24,carrier_delay,High,Carrier route delay,Open
FUL009019,O009501,C000882,8174,2023-11-24,carrier_delay,High,Carrier route delay,Open
FUL009020,O009505,C000092,7962,2023-11-24,carrier_delay,High,Carrier route delay,Open
FUL009021,O009524,C001093,10617,2023-11-25,carrier_delay,High,Carrier route delay,Open
FUL009022,O009563,C000809,245,2023-11-25,carrier_delay,High,Carrier route delay,Open
FUL009023,O009569,C000533,4943,2023-11-25,carrier_delay,High,Carrier route delay,Open
FUL009024,O000957,C001045,9879,2023-07-22,carrier_delay,High,Carrier route delay,Open
FUL009025,O009581,C000799,4376,2023-11-25,carrier_delay,High,Carrier route delay,Open
FUL009026,O009584,C000997,4698,2023-11-25,carrier_delay,High,Carrier route delay,Open
FUL009027,O009585,C000535,4435,2023-11-25,carrier_delay,High,Carrier route delay,Open
FUL009028,O009594,C001476,6253,2023-11-26,carrier_delay,High,Carrier route delay,Open
FUL009029,O009603,C000310,9740,2023-11-26,carrier_delay,High,Carrier route delay,Open
FUL009030,O009604,C000907,1024,2023-11-26,carrier_delay,High,Carrier route delay,Open
FUL009031,O009605,C001525,9384,2023-11-26,cancellation_review,Medium,Customer or fulfillment cancellation,Closed
FUL009032,O009607,C000242,685,2023-11-26,carrier_delay,High,Carrier route delay,Open
FUL009033,O009612,C001123,11584,2023-11-26,carrier_delay,High,Carrier route delay,Open
FUL009034,O009613,C000447,9489,2023-11-26,cancellation_review,Medium,Customer or fulfillment cancellation,Closed
FUL009035,O009619,C001320,6003,2023-11-26,carrier_delay,High,Carrier route delay,Open
FUL009036,O009621,C001559,10801,2023-11-26,carrier_delay,High,Carrier route delay,Open
FUL009037,O009623,C001832,4235,2023-11-26,carrier_delay,High,Carrier route delay,Open
FUL009038,O009625,C000921,5644,2023-11-26,carrier_delay,High,Carrier route delay,Open
FUL009039,O009631,C000294,1578,2023-11-26,carrier_delay,High,Carrier route delay,Open
FUL009040,O009635,C001440,11924,2023-11-26,carrier_delay,High,Carrier route delay,Open
FUL009041,O009662,C000144,7358,2023-11-27,carrier_delay,High,Carrier route delay,Open
FUL009042,O009665,C000193,11132,2023-11-27,carrier_delay,High,Carrier route delay,Open
FUL009043,O009672,C000503,1802,2023-11-27,carrier_delay,High,Carrier route delay,Open
FUL009044,O009689,C000046,1492,2023-11-27,carrier_delay,High,Carrier route delay,Open
FUL009045,O009705,C001428,9912,2023-11-27,carrier_delay,High,Carrier route delay,Open
FUL009046,O009714,C001413,1175,2023-11-27,carrier_delay,High,Carrier route delay,Open
FUL009047,O009715,C000626,11554,2023-11-27,carrier_delay,High,Carrier route delay,Open
FUL009048,O009720,C000185,6953,2023-11-27,cancellation_review,Medium,Customer or fulfillment cancellation,Closed
FUL009049,O009732,C000725,5490,2023-11-28,carrier_delay,High,Carrier route delay,Open
FUL009050,O009740,C001912,3968,2023-11-28,carrier_delay,High,Carrier route delay,Open
FUL009051,O009753,C001382,8499,2023-11-28,carrier_delay,High,Carrier route delay,Open
FUL009052,O009764,C000473,6125,2023-11-28,carrier_delay,High,Carrier route delay,Open
FUL009053,O009767,C000570,6553,2023-11-28,carrier_delay,High,Carrier route delay,Open
FUL009054,O009768,C001547,7333,2023-11-28,cancellation_review,Medium,Customer or fulfillment cancellation,Closed
FUL009055,O009771,C001686,5225,2023-11-28,cancellation_review,Medium,Customer or fulfillment cancellation,Closed
FUL009056,O009774,C001251,6672,2023-11-28,carrier_delay,High,Carrier route delay,Open
FUL009057,O009780,C000963,7042,2023-11-28,carrier_delay,High,Carrier route delay,Open
FUL009058,O009781,C000145,437,2023-11-28,cancellation_review,Medium,Customer or fulfillment cancellation,Closed
FUL009059,O009782,C001730,4133,2023-11-28,cancellation_review,Medium,Customer or fulfillment cancellation,Closed
FUL009060,O009784,C001898,8352,2023-11-28,cancellation_review,Medium,Customer or fulfillment cancellation,Closed
FUL009061,O009790,C000104,11654,2023-11-28,carrier_delay,High,Carrier route delay,Open
FUL009062,O009794,C001519,6279,2023-11-28,carrier_delay,High,Carrier route delay,Open
FUL009063,O009799,C000505,9731,2023-11-29,carrier_delay,High,Carrier route delay,Open
FUL009064,O009802,C000324,3800,2023-11-29,carrier_delay,High,Carrier route delay,Open
FUL009065,O009805,C000646,7616,2023-11-29,carrier_delay,High,Carrier route delay,Open
FUL009066,O009807,C001897,5573,2023-11-29,cancellation_review,Medium,Customer or fulfillment cancellation,Closed
FUL009067,O009819,C001546,512,2023-11-29,carrier_delay,High,Carrier route delay,Open
FUL009068,O000982,C001784,2873,2023-07-23,cancellation_review,Medium,Customer or fulfillment cancellation,Closed
FUL009069,O009823,C000454,2508,2023-11-29,carrier_delay,High,Carrier route delay,Open
FUL009070,O009825,C001401,4758,2023-11-29,carrier_delay,High,Carrier route delay,Open
FUL009071,O009827,C001640,10220,2023-11-29,carrier_delay,High,Carrier route delay,Open
FUL009072,O009836,C001132,4432,2023-11-29,carrier_delay,High,Carrier route delay,Open
FUL009073,O009837,C000159,5493,2023-11-29,carrier_delay,High,Carrier route delay,Open
FUL009074,O009838,C000188,4181,2023-11-29,cancellation_review,Medium,Customer or fulfillment cancellation,Closed
FUL009075,O009840,C001838,6677,2023-11-29,carrier_delay,High,Carrier route delay,Open
FUL009076,O009849,C000620,8637,2023-11-29,carrier_delay,High,Carrier route delay,Open
FUL009077,O009856,C001632,9575,2023-11-29,carrier_delay,High,Carrier route delay,Open
FUL009078,O009885,C001862,9885,2023-11-30,carrier_delay,High,Carrier route delay,Open
FUL009079,O000099,C000738,11542,2023-07-10,carrier_delay,High,Carrier route delay,Open
FUL009080,O000991,C000746,7317,2023-07-23,carrier_delay,High,Carrier route delay,Open
FUL009081,O009910,C000074,11048,2023-11-30,carrier_delay,High,Carrier route delay,Open
FUL009082,O009917,C001194,2446,2023-11-30,carrier_delay,High,Carrier route delay,Open
FUL009083,O009920,C000274,11931,2023-11-30,carrier_delay,High,Carrier route delay,Open
FUL009084,O009925,C000246,2773,2023-11-30,cancellation_review,Medium,Customer or fulfillment cancellation,Closed
FUL009085,O009935,C000179,6143,2023-12-01,carrier_delay,High,Carrier route delay,Open
FUL009086,O009939,C000440,2755,2023-12-01,carrier_delay,High,Carrier route delay,Open
FUL009087,O009944,C001165,5147,2023-12-01,carrier_delay,High,Carrier route delay,Open
FUL009088,O009945,C000904,11275,2023-12-01,carrier_delay,High,Carrier route delay,Open
FUL009089,O009947,C000165,4539,2023-12-01,carrier_delay,High,Carrier route delay,Open
FUL009090,O009952,C000519,5331,2023-12-01,carrier_delay,High,Carrier route delay,Open
FUL009091,O009956,C000170,6303,2023-12-01,carrier_delay,High,Carrier route delay,Open
FUL009092,O009959,C000684,7829,2023-12-01,carrier_delay,High,Carrier route delay,Open
FUL009093,O009963,C001004,1494,2023-12-01,carrier_delay,High,Carrier route delay,Open
FUL009094,O009974,C001288,927,2023-12-01,carrier_delay,High,Carrier route delay,Open
FUL009095,O009975,C000838,5741,2023-12-01,carrier_delay,High,Carrier route delay,Open
FUL009096,O000998,C000530,1739,2023-07-23,carrier_delay,High,Carrier route delay,Open
FUL009097,O009984,C001665,4795,2023-12-01,carrier_delay,High,Carrier route delay,Open
FUL009098,O000999,C000083,9358,2023-07-23,carrier_delay,High,Carrier route delay,Open
FUL009099,O009990,C001447,6532,2023-12-01,carrier_delay,High,Carrier route delay,Open
FUL009100,O009991,C001024,9517,2023-12-01,carrier_delay,High,Carrier route delay,Open
FUL009101,O009992,C000262,11134,2023-12-01,carrier_delay,High,Carrier route delay,Open
FUL009102,O009995,C001305,4876,2023-12-01,carrier_delay,High,Carrier route delay,Open
