outcome_id,review_id,customer_id,source_customer_id,customer_full_name,outcome_date,outcome_status,outcome_type,follow_up_required
OUT000001,R9001,C000001,791,Mary Smith,2026-05-07,Completed,Service recovery plan,False
OUT000002,R9002,C000002,9371,Mary Patterson,2026-05-07,Completed,Service recovery plan,False
OUT000003,R9003,C000003,8766,Mary Duncan,2026-05-08,In Progress,Executive escalation,True
OUT000004,R9004,C000003,8766,Mary Duncan,2026-05-08,In Progress,Executive escalation,True
OUT000005,R9005,C000003,8766,Mary Duncan,,Pending,Executive escalation,True
OUT000006,R9006,C000004,1657,Betty Phillips,2026-05-07,Completed,Service recovery plan,False
OUT000007,R9007,C000005,2641,Betty Spears,2026-05-07,Completed,Service recovery plan,False
OUT000008,R9008,C000006,1288,Evelyn Thompson,2026-05-07,In Progress,Executive escalation,True
OUT000009,R9009,C000006,1288,Evelyn Thompson,,Pending,Executive escalation,True
OUT000010,R9010,C000006,1288,Evelyn Thompson,2026-05-09,In Progress,Executive escalation,True
OUT000011,R9011,C000007,3710,Ashley Smith,2026-05-08,In Progress,Executive escalation,True
OUT000012,R9012,C000007,3710,Ashley Smith,2026-05-08,In Progress,Executive escalation,True
OUT000013,R9013,C000007,3710,Ashley Smith,2026-05-09,In Progress,Executive escalation,True
OUT000014,R9014,C000008,4249,Mary Butler,2026-05-07,In Progress,Executive escalation,True
OUT000015,R9015,C000008,4249,Mary Butler,2026-05-08,In Progress,Executive escalation,True
OUT000016,R9016,C000008,4249,Mary Butler,2026-05-09,In Progress,Executive escalation,True
OUT000017,R9017,C000009,5654,Jerry Smith,2026-05-08,In Progress,Executive escalation,True
OUT000018,R9018,C000009,5654,Jerry Smith,,Pending,Executive escalation,True
OUT000019,R9019,C000009,5654,Jerry Smith,2026-05-09,In Progress,Executive escalation,True
OUT000020,R9020,C000010,5624,Mary Mata,2026-05-07,In Progress,Executive escalation,True
OUT000021,R9021,C000010,5624,Mary Mata,2026-05-08,In Progress,Executive escalation,True
OUT000022,R9022,C000010,5624,Mary Mata,2026-05-09,In Progress,Executive escalation,True
OUT000023,R9023,C000011,5715,Kelly Smith,2026-05-07,Completed,Service recovery plan,False
OUT000024,R9024,C000012,1464,Amber Dixon,2026-05-07,Completed,Service recovery plan,False
OUT000025,R9025,C000013,10235,Joseph Singh,2026-05-07,Completed,Service recovery plan,False
OUT000026,R9026,C000014,664,Bobby Jimenez,,Pending,Service recovery plan,True
OUT000027,R9027,C000015,10351,Teresa Gray,2026-05-07,In Progress,Executive escalation,True
OUT000028,R9028,C000015,10351,Teresa Gray,,Pending,Executive escalation,True
OUT000029,R9029,C000015,10351,Teresa Gray,,Pending,Executive escalation,True
OUT000030,R9030,C000016,2292,Ashley Smith,2026-05-07,Completed,Service recovery plan,False
OUT000031,R9031,C000017,4663,Paul Smith,2026-05-07,Completed,Service recovery plan,False
OUT000032,R9032,C000018,3708,Judy Miller,2026-05-08,Completed,Service recovery plan,False
OUT000033,R9033,C000019,12284,Mary Smith,2026-05-08,In Progress,Executive escalation,True
OUT000034,R9034,C000019,12284,Mary Smith,2026-05-08,In Progress,Executive escalation,True
OUT000035,R9035,C000019,12284,Mary Smith,2026-05-09,In Progress,Executive escalation,True
OUT000036,R9036,C000023,1443,Denise Cohen,,Pending,Executive escalation,True
OUT000037,R9037,C000023,1443,Denise Cohen,,Pending,Executive escalation,True
OUT000038,R9038,C000023,1443,Denise Cohen,2026-05-09,In Progress,Executive escalation,True
OUT000039,R9039,C000024,6316,Kyle Smith,2026-05-08,Completed,Service recovery plan,False
OUT000040,R9040,C000025,12431,Mary Rios,2026-05-08,Completed,Service recovery plan,False
OUT000041,R9041,C000028,1011,Mary Smith,2026-05-08,In Progress,Executive escalation,True
OUT000042,R9042,C000028,1011,Mary Smith,2026-05-08,In Progress,Executive escalation,True
OUT000043,R9043,C000028,1011,Mary Smith,2026-05-09,In Progress,Executive escalation,True
OUT000044,R9044,C000032,10591,Deborah Humphrey,2026-05-08,In Progress,Executive escalation,True
OUT000045,R9045,C000032,10591,Deborah Humphrey,2026-05-08,In Progress,Executive escalation,True
OUT000046,R9046,C000032,10591,Deborah Humphrey,2026-05-09,In Progress,Executive escalation,True
OUT000047,R9047,C000034,9557,Mary Figueroa,2026-05-08,In Progress,Executive escalation,True
OUT000048,R9048,C000034,9557,Mary Figueroa,2026-05-08,In Progress,Executive escalation,True
OUT000049,R9049,C000034,9557,Mary Figueroa,2026-05-09,In Progress,Executive escalation,True
OUT000050,R9050,C000035,6375,Mary Smith,,Pending,Service recovery plan,True
OUT000051,R9051,C000036,4781,Janet Smith,,Pending,Service recovery plan,True
OUT000052,R9052,C000037,2723,Mary Brady,,Pending,Executive escalation,True
OUT000053,R9053,C000037,2723,Mary Brady,2026-05-08,In Progress,Executive escalation,True
OUT000054,R9054,C000037,2723,Mary Brady,2026-05-09,In Progress,Executive escalation,True
OUT000055,R9055,C000038,11017,Rachel Prince,2026-05-07,In Progress,Executive escalation,True
OUT000056,R9056,C000038,11017,Rachel Prince,2026-05-08,In Progress,Executive escalation,True
OUT000057,R9057,C000038,11017,Rachel Prince,2026-05-09,In Progress,Executive escalation,True
OUT000058,R9058,C000040,9271,Christopher Smith,2026-05-08,In Progress,Executive escalation,True
OUT000059,R9059,C000040,9271,Christopher Smith,,Pending,Executive escalation,True
OUT000060,R9060,C000040,9271,Christopher Smith,,Pending,Executive escalation,True
OUT000061,R9061,C000041,12285,Patrick Mcgee,2026-05-07,Completed,Service recovery plan,False
OUT000062,R9062,C000042,8517,Debra Smith,2026-05-08,Completed,Service recovery plan,False
OUT000063,R9063,C000043,7218,Mary Nguyen,2026-05-08,Completed,Service recovery plan,False
OUT000064,R9064,C000044,749,Jesse Matthews,2026-05-07,In Progress,Executive escalation,True
OUT000065,R9065,C000044,749,Jesse Matthews,2026-05-08,In Progress,Executive escalation,True
OUT000066,R9066,C000044,749,Jesse Matthews,2026-05-09,In Progress,Executive escalation,True
OUT000067,R9067,C000046,1492,Gerald Patel,2026-05-07,Completed,Service recovery plan,False
OUT000068,R9068,C000047,5691,James Brown,2026-05-07,Completed,Service recovery plan,False
OUT000069,R9069,C000048,5217,David Smith,,Pending,Service recovery plan,True
OUT000070,R9070,C000051,341,Mary Smith,2026-05-07,Completed,Service recovery plan,False
OUT000071,R9071,C000052,2484,Sarah Smith,2026-05-08,Completed,Service recovery plan,False
OUT000072,R9072,C000053,9883,Michelle Waters,2026-05-08,In Progress,Executive escalation,True
OUT000073,R9073,C000053,9883,Michelle Waters,2026-05-08,In Progress,Executive escalation,True
OUT000074,R9074,C000053,9883,Michelle Waters,2026-05-09,In Progress,Executive escalation,True
OUT000075,R9075,C000054,9494,Robert Gilmore,,Pending,Executive escalation,True
OUT000076,R9076,C000054,9494,Robert Gilmore,2026-05-08,In Progress,Executive escalation,True
OUT000077,R9077,C000054,9494,Robert Gilmore,2026-05-09,In Progress,Executive escalation,True
OUT000078,R9078,C000055,5283,Jacob Guerrero,2026-05-08,Completed,Service recovery plan,False
OUT000079,R9079,C000056,1695,Amanda Marquez,2026-05-08,Completed,Service recovery plan,False
OUT000080,R9080,C000059,9962,Diana Smith,2026-05-07,In Progress,Executive escalation,True
OUT000081,R9081,C000059,9962,Diana Smith,2026-05-08,In Progress,Executive escalation,True
OUT000082,R9082,C000059,9962,Diana Smith,2026-05-09,In Progress,Executive escalation,True
OUT000083,R9083,C000060,5053,Mary Smith,2026-05-07,Completed,Service recovery plan,False
OUT000084,R9084,C000061,773,Dylan Horton,,Pending,Executive escalation,True
OUT000085,R9085,C000061,773,Dylan Horton,,Pending,Executive escalation,True
OUT000086,R9086,C000061,773,Dylan Horton,,Pending,Executive escalation,True
OUT000087,R9087,C000062,11431,Willie Sanders,2026-05-08,Completed,Service recovery plan,False
OUT000088,R9088,C000065,11888,Frank Barrett,2026-05-08,In Progress,Executive escalation,True
OUT000089,R9089,C000065,11888,Frank Barrett,,Pending,Executive escalation,True
OUT000090,R9090,C000065,11888,Frank Barrett,2026-05-09,In Progress,Executive escalation,True
OUT000091,R9091,C000066,450,Kathryn Carter,,Pending,Service recovery plan,True
OUT000092,R9092,C000067,9821,Deborah Smith,2026-05-08,Completed,Service recovery plan,False
OUT000093,R9093,C000068,5648,Joshua Smith,2026-05-07,Completed,Service recovery plan,False
OUT000094,R9094,C000069,1577,Mary Smith,2026-05-08,Completed,Service recovery plan,False
OUT000095,R9095,C000070,10744,Samantha Smith,2026-05-08,Completed,Service recovery plan,False
OUT000096,R9096,C000071,5454,Mary Smith,2026-05-07,Completed,Service recovery plan,False
OUT000097,R9097,C000072,6305,Mary Smith,2026-05-07,Completed,Service recovery plan,False
OUT000098,R9098,C000074,11048,Randy Ball,,Pending,Executive escalation,True
OUT000099,R9099,C000074,11048,Randy Ball,,Pending,Executive escalation,True
OUT000100,R9100,C000074,11048,Randy Ball,2026-05-09,In Progress,Executive escalation,True
OUT000101,R9101,C000075,11768,Virginia Smith,2026-05-07,Completed,Service recovery plan,False
OUT000102,R9102,C000076,2970,Kenneth Smith,2026-05-07,In Progress,Executive escalation,True
OUT000103,R9103,C000076,2970,Kenneth Smith,2026-05-08,In Progress,Executive escalation,True
OUT000104,R9104,C000076,2970,Kenneth Smith,2026-05-09,In Progress,Executive escalation,True
OUT000105,R9105,C000077,2041,Paul Garcia,2026-05-07,Completed,Service recovery plan,False
OUT000106,R9106,C000078,468,Mary Stone,2026-05-08,In Progress,Executive escalation,True
OUT000107,R9107,C000078,468,Mary Stone,2026-05-08,In Progress,Executive escalation,True
OUT000108,R9108,C000078,468,Mary Stone,2026-05-09,In Progress,Executive escalation,True
OUT000109,R9109,C000079,5293,Michelle Callahan,,Pending,Executive escalation,True
OUT000110,R9110,C000079,5293,Michelle Callahan,2026-05-08,In Progress,Executive escalation,True
OUT000111,R9111,C000079,5293,Michelle Callahan,2026-05-09,In Progress,Executive escalation,True
OUT000112,R9112,C000080,7445,Mary Smith,2026-05-08,Completed,Service recovery plan,False
OUT000113,R9113,C000081,10291,Ann Smith,2026-05-07,In Progress,Executive escalation,True
OUT000114,R9114,C000081,10291,Ann Smith,2026-05-08,In Progress,Executive escalation,True
OUT000115,R9115,C000081,10291,Ann Smith,,Pending,Executive escalation,True
OUT000116,R9116,C000083,9358,Mary Smith,2026-05-08,Completed,Service recovery plan,False
OUT000117,R9117,C000084,6615,Mary Meadows,2026-05-08,Completed,Service recovery plan,False
OUT000118,R9118,C000086,3938,Mary Smith,2026-05-07,Completed,Service recovery plan,False
OUT000119,R9119,C000087,3957,Thomas Smith,2026-05-07,Completed,Service recovery plan,False
OUT000120,R9120,C000088,3420,Kenneth Price,2026-05-07,In Progress,Executive escalation,True
OUT000121,R9121,C000088,3420,Kenneth Price,2026-05-08,In Progress,Executive escalation,True
OUT000122,R9122,C000088,3420,Kenneth Price,2026-05-09,In Progress,Executive escalation,True
OUT000123,R9123,C000089,4116,Mary Smith,,Pending,Executive escalation,True
OUT000124,R9124,C000089,4116,Mary Smith,2026-05-08,In Progress,Executive escalation,True
OUT000125,R9125,C000089,4116,Mary Smith,,Pending,Executive escalation,True
OUT000126,R9126,C000090,9580,Mary Robbins,2026-05-08,Completed,Service recovery plan,False
OUT000127,R9127,C000092,7962,Justin Smith,2026-05-08,In Progress,Executive escalation,True
OUT000128,R9128,C000092,7962,Justin Smith,,Pending,Executive escalation,True
OUT000129,R9129,C000092,7962,Justin Smith,,Pending,Executive escalation,True
OUT000130,R9130,C000093,1540,Mary Mckee,2026-05-08,Completed,Service recovery plan,False
OUT000131,R9131,C000094,687,Ronald Harrison,,Pending,Service recovery plan,True
OUT000132,R9132,C000097,11645,Mary Ward,2026-05-08,In Progress,Executive escalation,True
OUT000133,R9133,C000097,11645,Mary Ward,2026-05-08,In Progress,Executive escalation,True
OUT000134,R9134,C000097,11645,Mary Ward,2026-05-09,In Progress,Executive escalation,True
OUT000135,R9135,C000098,7670,Anna Smith,2026-05-07,In Progress,Executive escalation,True
OUT000136,R9136,C000098,7670,Anna Smith,,Pending,Executive escalation,True
OUT000137,R9137,C000098,7670,Anna Smith,2026-05-09,In Progress,Executive escalation,True
OUT000138,R9138,C000099,2851,Mary Huffman,2026-05-07,In Progress,Executive escalation,True
OUT000139,R9139,C000099,2851,Mary Huffman,2026-05-08,In Progress,Executive escalation,True
OUT000140,R9140,C000099,2851,Mary Huffman,,Pending,Executive escalation,True
OUT000141,R9141,C000100,11378,Mary Foster,2026-05-08,Completed,Service recovery plan,False
OUT000142,R9142,C000101,12226,Nicholas Smith,2026-05-07,Completed,Service recovery plan,False
OUT000143,R9143,C000102,11344,Mary Sparks,2026-05-07,Completed,Service recovery plan,False
OUT000144,R9144,C000103,9337,Mary Smith,2026-05-07,Completed,Service recovery plan,False
OUT000145,R9145,C000104,11654,Michelle Acosta,2026-05-07,Completed,Service recovery plan,False
OUT000146,R9146,C000105,6285,Mary Garcia,2026-05-07,Completed,Service recovery plan,False
OUT000147,R9147,C000106,467,James Smith,2026-05-07,Completed,Service recovery plan,False
OUT000148,R9148,C000107,9490,Mary Glass,2026-05-07,In Progress,Executive escalation,True
OUT000149,R9149,C000107,9490,Mary Glass,2026-05-08,In Progress,Executive escalation,True
OUT000150,R9150,C000107,9490,Mary Glass,,Pending,Executive escalation,True
OUT000151,R9151,C000108,7417,Mary Soto,2026-05-08,Completed,Service recovery plan,False
OUT000152,R9152,C000109,4812,Nathan Fritz,2026-05-08,Completed,Service recovery plan,False
OUT000153,R9153,C000110,9697,Stephen Williams,,Pending,Service recovery plan,True
OUT000154,R9154,C000111,5828,Katherine Oconnell,2026-05-08,Completed,Service recovery plan,False
OUT000155,R9155,C000112,6050,Rebecca Arnold,,Pending,Service recovery plan,True
OUT000156,R9156,C000113,7954,Danielle Smith,2026-05-08,Completed,Service recovery plan,False
OUT000157,R9157,C000114,3979,Mary Wagner,2026-05-08,Completed,Service recovery plan,False
OUT000158,R9158,C000116,2813,Mary Smith,2026-05-07,Completed,Service recovery plan,False
OUT000159,R9159,C000117,6696,Mary Spencer,2026-05-08,Completed,Service recovery plan,False
OUT000160,R9160,C000119,8015,Mary Blackburn,2026-05-08,In Progress,Executive escalation,True
OUT000161,R9161,C000119,8015,Mary Blackburn,,Pending,Executive escalation,True
OUT000162,R9162,C000119,8015,Mary Blackburn,2026-05-09,In Progress,Executive escalation,True
OUT000163,R9163,C000121,3554,Michael Smith,2026-05-08,Completed,Service recovery plan,False
OUT000164,R9164,C000122,8314,Angela Walsh,,Pending,Executive escalation,True
OUT000165,R9165,C000122,8314,Angela Walsh,2026-05-08,In Progress,Executive escalation,True
OUT000166,R9166,C000122,8314,Angela Walsh,2026-05-09,In Progress,Executive escalation,True
OUT000167,R9167,C000123,154,Emily May,2026-05-07,Completed,Service recovery plan,False
OUT000168,R9168,C000124,10549,Mary Atkinson,2026-05-07,Completed,Service recovery plan,False
OUT000169,R9169,C000125,3879,Melissa Davis,2026-05-08,Completed,Service recovery plan,False
OUT000170,R9170,C000127,4022,Mary Harding,2026-05-08,In Progress,Executive escalation,True
OUT000171,R9171,C000127,4022,Mary Harding,2026-05-08,In Progress,Executive escalation,True
OUT000172,R9172,C000127,4022,Mary Harding,2026-05-09,In Progress,Executive escalation,True
OUT000173,R9173,C000128,9743,David Smith,2026-05-08,In Progress,Executive escalation,True
OUT000174,R9174,C000128,9743,David Smith,2026-05-08,In Progress,Executive escalation,True
OUT000175,R9175,C000128,9743,David Smith,,Pending,Executive escalation,True
OUT000176,R9176,C000129,3199,Ashley Hernandez,,Pending,Service recovery plan,True
OUT000177,R9177,C000130,12039,Mary Wilson,2026-05-08,Completed,Service recovery plan,False
OUT000178,R9178,C000131,2074,Mary Gross,2026-05-07,Completed,Service recovery plan,False
OUT000179,R9179,C000132,11426,Mary Smith,2026-05-07,Completed,Service recovery plan,False
OUT000180,R9180,C000133,11983,Mary Bell,2026-05-08,Completed,Service recovery plan,False
OUT000181,R9181,C000136,8170,Rachel Smith,2026-05-08,Completed,Service recovery plan,False
OUT000182,R9182,C000137,5168,Mary Smith,2026-05-07,In Progress,Executive escalation,True
OUT000183,R9183,C000137,5168,Mary Smith,2026-05-08,In Progress,Executive escalation,True
OUT000184,R9184,C000137,5168,Mary Smith,2026-05-09,In Progress,Executive escalation,True
OUT000185,R9185,C000138,8964,Mary Berger,2026-05-07,Completed,Service recovery plan,False
OUT000186,R9186,C000139,2224,Ann Mercado,2026-05-07,In Progress,Executive escalation,True
OUT000187,R9187,C000139,2224,Ann Mercado,2026-05-08,In Progress,Executive escalation,True
OUT000188,R9188,C000139,2224,Ann Mercado,,Pending,Executive escalation,True
OUT000189,R9189,C000142,3550,Mary Garner,2026-05-07,Completed,Service recovery plan,False
OUT000190,R9190,C000143,7892,Michael Hayes,2026-05-08,In Progress,Executive escalation,True
OUT000191,R9191,C000143,7892,Michael Hayes,2026-05-08,In Progress,Executive escalation,True
OUT000192,R9192,C000143,7892,Michael Hayes,2026-05-09,In Progress,Executive escalation,True
OUT000193,R9193,C000144,7358,Michael Simpson,,Pending,Service recovery plan,True
OUT000194,R9194,C000145,437,Cynthia Benjamin,2026-05-07,Completed,Service recovery plan,False
OUT000195,R9195,C000148,1012,Mark Watts,,Pending,Executive escalation,True
OUT000196,R9196,C000148,1012,Mark Watts,,Pending,Executive escalation,True
OUT000197,R9197,C000148,1012,Mark Watts,2026-05-09,In Progress,Executive escalation,True
OUT000198,R9198,C000150,5173,Mary Smith,2026-05-08,Completed,Service recovery plan,False
OUT000199,R9199,C000151,4491,Mary Banks,,Pending,Service recovery plan,True
OUT000200,R9200,C000152,2113,David Smith,2026-05-07,Completed,Service recovery plan,False
OUT000201,R9201,C000153,5371,Emma Robinson,2026-05-08,In Progress,Executive escalation,True
OUT000202,R9202,C000153,5371,Emma Robinson,2026-05-08,In Progress,Executive escalation,True
OUT000203,R9203,C000153,5371,Emma Robinson,2026-05-09,In Progress,Executive escalation,True
OUT000204,R9204,C000154,1588,Mary Smith,,Pending,Service recovery plan,True
OUT000205,R9205,C000155,9515,Victoria Smith,,Pending,Executive escalation,True
OUT000206,R9206,C000155,9515,Victoria Smith,2026-05-08,In Progress,Executive escalation,True
OUT000207,R9207,C000155,9515,Victoria Smith,,Pending,Executive escalation,True
OUT000208,R9208,C000156,482,Megan Moreno,2026-05-07,Completed,Service recovery plan,False
OUT000209,R9209,C000158,6812,Sharon Smith,,Pending,Executive escalation,True
OUT000210,R9210,C000158,6812,Sharon Smith,2026-05-08,In Progress,Executive escalation,True
OUT000211,R9211,C000158,6812,Sharon Smith,2026-05-09,In Progress,Executive escalation,True
OUT000212,R9212,C000159,5493,Mary Cochran,2026-05-08,In Progress,Executive escalation,True
OUT000213,R9213,C000159,5493,Mary Cochran,,Pending,Executive escalation,True
OUT000214,R9214,C000159,5493,Mary Cochran,2026-05-09,In Progress,Executive escalation,True
OUT000215,R9215,C000160,5072,Jacob Smith,2026-05-08,Completed,Service recovery plan,False
OUT000216,R9216,C000162,3889,Mary Smith,2026-05-08,In Progress,Executive escalation,True
OUT000217,R9217,C000162,3889,Mary Smith,,Pending,Executive escalation,True
OUT000218,R9218,C000162,3889,Mary Smith,,Pending,Executive escalation,True
OUT000219,R9219,C000163,230,Kimberly Smith,2026-05-08,In Progress,Executive escalation,True
OUT000220,R9220,C000163,230,Kimberly Smith,2026-05-08,In Progress,Executive escalation,True
OUT000221,R9221,C000163,230,Kimberly Smith,2026-05-09,In Progress,Executive escalation,True
OUT000222,R9222,C000164,1025,Megan Todd,2026-05-08,Completed,Service recovery plan,False
OUT000223,R9223,C000165,4539,Jacqueline James,2026-05-08,Completed,Service recovery plan,False
OUT000224,R9224,C000166,8820,Jessica Smith,2026-05-07,Completed,Service recovery plan,False
OUT000225,R9225,C000168,5867,Beverly Jackson,2026-05-07,Completed,Service recovery plan,False
OUT000226,R9226,C000169,9073,Thomas Skinner,2026-05-07,Completed,Service recovery plan,False
OUT000227,R9227,C000170,6303,Mary Smith,,Pending,Executive escalation,True
OUT000228,R9228,C000170,6303,Mary Smith,2026-05-08,In Progress,Executive escalation,True
OUT000229,R9229,C000170,6303,Mary Smith,2026-05-09,In Progress,Executive escalation,True
OUT000230,R9230,C000171,58,Michael Edwards,,Pending,Executive escalation,True
OUT000231,R9231,C000171,58,Michael Edwards,,Pending,Executive escalation,True
OUT000232,R9232,C000171,58,Michael Edwards,2026-05-09,In Progress,Executive escalation,True
OUT000233,R9233,C000173,1599,Andrew Smith,2026-05-07,Completed,Service recovery plan,False
OUT000234,R9234,C000174,9368,Mary Cabrera,2026-05-08,In Progress,Executive escalation,True
OUT000235,R9235,C000174,9368,Mary Cabrera,2026-05-08,In Progress,Executive escalation,True
OUT000236,R9236,C000174,9368,Mary Cabrera,2026-05-09,In Progress,Executive escalation,True
OUT000237,R9237,C000176,4627,Eric Lang,2026-05-07,Completed,Service recovery plan,False
OUT000238,R9238,C000177,3259,Mary Gallegos,2026-05-07,Completed,Service recovery plan,False
OUT000239,R9239,C000178,172,Lauren Rush,,Pending,Service recovery plan,True
OUT000240,R9240,C000180,5778,Evelyn Smith,,Pending,Executive escalation,True
OUT000241,R9241,C000180,5778,Evelyn Smith,2026-05-08,In Progress,Executive escalation,True
OUT000242,R9242,C000180,5778,Evelyn Smith,2026-05-09,In Progress,Executive escalation,True
OUT000243,R9243,C000181,10111,Mary Garcia,2026-05-08,In Progress,Executive escalation,True
OUT000244,R9244,C000181,10111,Mary Garcia,2026-05-08,In Progress,Executive escalation,True
OUT000245,R9245,C000181,10111,Mary Garcia,2026-05-09,In Progress,Executive escalation,True
OUT000246,R9246,C000183,7857,Jean Bentley,2026-05-07,Completed,Service recovery plan,False
OUT000247,R9247,C000184,1844,Teresa Smith,2026-05-07,Completed,Service recovery plan,False
OUT000248,R9248,C000185,6953,Benjamin Smith,2026-05-08,In Progress,Executive escalation,True
OUT000249,R9249,C000185,6953,Benjamin Smith,2026-05-08,In Progress,Executive escalation,True
OUT000250,R9250,C000185,6953,Benjamin Smith,2026-05-09,In Progress,Executive escalation,True
OUT000251,R9251,C000186,10601,Patrick Mayo,2026-05-08,Completed,Service recovery plan,False
OUT000252,R9252,C000187,1537,Linda Murray,2026-05-08,Completed,Service recovery plan,False
OUT000253,R9253,C000189,7597,Catherine Smith,2026-05-08,Completed,Service recovery plan,False
OUT000254,R9254,C000190,7717,Terry Smith,2026-05-08,Completed,Service recovery plan,False
OUT000255,R9255,C000193,11132,Jonathan Washington,2026-05-08,Completed,Service recovery plan,False
OUT000256,R9256,C000194,5560,Mary Rodriguez,2026-05-07,Completed,Service recovery plan,False
OUT000257,R9257,C000195,11337,Mary Howell,2026-05-08,Completed,Service recovery plan,False
OUT000258,R9258,C000196,1148,Mary Anderson,,Pending,Service recovery plan,True
OUT000259,R9259,C000197,4394,Christopher Smith,,Pending,Service recovery plan,True
OUT000260,R9260,C000198,11534,Mary Kim,2026-05-07,Completed,Service recovery plan,False
OUT000261,R9261,C000199,12406,Mary Michael,,Pending,Service recovery plan,True
OUT000262,R9262,C000202,2197,Joseph Smith,2026-05-07,Completed,Service recovery plan,False
OUT000263,R9263,C000204,10699,Mary Lee,2026-05-08,In Progress,Executive escalation,True
OUT000264,R9264,C000204,10699,Mary Lee,,Pending,Executive escalation,True
OUT000265,R9265,C000204,10699,Mary Lee,2026-05-09,In Progress,Executive escalation,True
OUT000266,R9266,C000205,9760,Mary Wolf,,Pending,Service recovery plan,True
OUT000267,R9267,C000207,1445,Linda Ortiz,2026-05-08,Completed,Service recovery plan,False
OUT000268,R9268,C000208,8861,Mary Smith,,Pending,Service recovery plan,True
OUT000269,R9269,C000209,7633,Emily Smith,,Pending,Service recovery plan,True
OUT000270,R9270,C000210,6664,Mary Hall,,Pending,Service recovery plan,True
OUT000271,R9271,C000211,11985,Jennifer Moss,,Pending,Executive escalation,True
OUT000272,R9272,C000211,11985,Jennifer Moss,,Pending,Executive escalation,True
OUT000273,R9273,C000211,11985,Jennifer Moss,,Pending,Executive escalation,True
OUT000274,R9274,C000212,4659,Paul Smith,2026-05-07,Completed,Service recovery plan,False
OUT000275,R9275,C000213,4530,Mary Smith,2026-05-08,Completed,Service recovery plan,False
OUT000276,R9276,C000214,11887,Christopher Smith,2026-05-08,In Progress,Executive escalation,True
OUT000277,R9277,C000214,11887,Christopher Smith,2026-05-08,In Progress,Executive escalation,True
OUT000278,R9278,C000214,11887,Christopher Smith,2026-05-09,In Progress,Executive escalation,True
OUT000279,R9279,C000215,5015,Mary Gutierrez,2026-05-08,Completed,Service recovery plan,False
OUT000280,R9280,C000216,7001,Mary Weeks,2026-05-07,In Progress,Executive escalation,True
OUT000281,R9281,C000216,7001,Mary Weeks,,Pending,Executive escalation,True
OUT000282,R9282,C000216,7001,Mary Weeks,,Pending,Executive escalation,True
OUT000283,R9283,C000217,5875,Mary Rodgers,2026-05-08,Completed,Service recovery plan,False
OUT000284,R9284,C000218,12221,Betty Sanchez,2026-05-07,In Progress,Executive escalation,True
OUT000285,R9285,C000218,12221,Betty Sanchez,2026-05-08,In Progress,Executive escalation,True
OUT000286,R9286,C000218,12221,Betty Sanchez,2026-05-09,In Progress,Executive escalation,True
OUT000287,R9287,C000219,7305,David Smith,,Pending,Service recovery plan,True
OUT000288,R9288,C000220,2220,James Smith,2026-05-08,In Progress,Executive escalation,True
OUT000289,R9289,C000220,2220,James Smith,2026-05-08,In Progress,Executive escalation,True
OUT000290,R9290,C000220,2220,James Smith,,Pending,Executive escalation,True
OUT000291,R9291,C000221,197,Ruth Smith,2026-05-07,Completed,Service recovery plan,False
OUT000292,R9292,C000222,11733,Christopher Chan,,Pending,Service recovery plan,True
OUT000293,R9293,C000223,6587,Heather Henson,2026-05-08,Completed,Service recovery plan,False
OUT000294,R9294,C000224,1417,Rachel Smith,,Pending,Service recovery plan,True
OUT000295,R9295,C000225,8522,Mary Smith,2026-05-07,Completed,Service recovery plan,False
OUT000296,R9296,C000226,3556,Mary Lane,2026-05-07,Completed,Service recovery plan,False
OUT000297,R9297,C000227,11947,Mary Smith,2026-05-07,In Progress,Executive escalation,True
OUT000298,R9298,C000227,11947,Mary Smith,2026-05-08,In Progress,Executive escalation,True
OUT000299,R9299,C000227,11947,Mary Smith,2026-05-09,In Progress,Executive escalation,True
OUT000300,R9300,C000228,123,Mary Mann,2026-05-08,Completed,Service recovery plan,False
OUT000301,R9301,C000229,2860,George Smith,2026-05-07,Completed,Service recovery plan,False
OUT000302,R9302,C000230,5583,Mary Skinner,,Pending,Executive escalation,True
OUT000303,R9303,C000230,5583,Mary Skinner,2026-05-08,In Progress,Executive escalation,True
OUT000304,R9304,C000230,5583,Mary Skinner,2026-05-09,In Progress,Executive escalation,True
OUT000305,R9305,C000231,9502,Matthew Love,2026-05-08,In Progress,Executive escalation,True
OUT000306,R9306,C000231,9502,Matthew Love,2026-05-08,In Progress,Executive escalation,True
OUT000307,R9307,C000231,9502,Matthew Love,2026-05-09,In Progress,Executive escalation,True
OUT000308,R9308,C000233,221,Mary Cox,2026-05-07,Completed,Service recovery plan,False
OUT000309,R9309,C000234,6101,Mary Smith,2026-05-07,In Progress,Executive escalation,True
OUT000310,R9310,C000234,6101,Mary Smith,,Pending,Executive escalation,True
OUT000311,R9311,C000234,6101,Mary Smith,2026-05-09,In Progress,Executive escalation,True
OUT000312,R9312,C000235,7926,Bobby Castillo,2026-05-08,Completed,Service recovery plan,False
OUT000313,R9313,C000236,1826,Matthew Smith,2026-05-08,Completed,Service recovery plan,False
OUT000314,R9314,C000237,938,Cheryl Smith,2026-05-07,Completed,Service recovery plan,False
OUT000315,R9315,C000238,2330,Sharon Sellers,2026-05-07,Completed,Service recovery plan,False
OUT000316,R9316,C000239,7273,Mary Smith,2026-05-07,In Progress,Executive escalation,True
OUT000317,R9317,C000239,7273,Mary Smith,2026-05-08,In Progress,Executive escalation,True
OUT000318,R9318,C000239,7273,Mary Smith,2026-05-09,In Progress,Executive escalation,True
OUT000319,R9319,C000240,1948,Peter Smith,2026-05-08,Completed,Service recovery plan,False
OUT000320,R9320,C000241,7211,Kathleen Smith,2026-05-08,Completed,Service recovery plan,False
OUT000321,R9321,C000242,685,Crystal Smith,2026-05-07,In Progress,Executive escalation,True
OUT000322,R9322,C000242,685,Crystal Smith,2026-05-08,In Progress,Executive escalation,True
OUT000323,R9323,C000242,685,Crystal Smith,2026-05-09,In Progress,Executive escalation,True
OUT000324,R9324,C000243,9504,Mary Smith,2026-05-08,Completed,Service recovery plan,False
OUT000325,R9325,C000244,5952,Jacob Smith,2026-05-07,Completed,Service recovery plan,False
OUT000326,R9326,C000245,1747,Mary Booker,2026-05-07,In Progress,Executive escalation,True
OUT000327,R9327,C000245,1747,Mary Booker,2026-05-08,In Progress,Executive escalation,True
OUT000328,R9328,C000245,1747,Mary Booker,2026-05-09,In Progress,Executive escalation,True
OUT000329,R9329,C000246,2773,Linda Hale,2026-05-08,Completed,Service recovery plan,False
OUT000330,R9330,C000247,10375,Joan James,2026-05-08,Completed,Service recovery plan,False
OUT000331,R9331,C000249,1426,Mary Conner,2026-05-07,Completed,Service recovery plan,False
OUT000332,R9332,C000250,6660,Christine Smith,2026-05-08,Completed,Service recovery plan,False
OUT000333,R9333,C000251,11218,Louis Novak,2026-05-07,Completed,Service recovery plan,False
OUT000334,R9334,C000253,4460,Mary Smith,2026-05-08,In Progress,Executive escalation,True
OUT000335,R9335,C000253,4460,Mary Smith,,Pending,Executive escalation,True
OUT000336,R9336,C000253,4460,Mary Smith,2026-05-09,In Progress,Executive escalation,True
OUT000337,R9337,C000254,11738,Samuel Bryan,,Pending,Service recovery plan,True
OUT000338,R9338,C000255,11156,Jessica Valdez,2026-05-07,Completed,Service recovery plan,False
OUT000339,R9339,C000256,11833,Mary Weaver,,Pending,Service recovery plan,True
OUT000340,R9340,C000258,8016,Patricia Smith,2026-05-07,In Progress,Executive escalation,True
OUT000341,R9341,C000258,8016,Patricia Smith,,Pending,Executive escalation,True
OUT000342,R9342,C000258,8016,Patricia Smith,2026-05-09,In Progress,Executive escalation,True
OUT000343,R9343,C000259,2389,Mary Smith,2026-05-07,Completed,Service recovery plan,False
OUT000344,R9344,C000260,3303,Mary Robinson,2026-05-08,In Progress,Executive escalation,True
OUT000345,R9345,C000260,3303,Mary Robinson,2026-05-08,In Progress,Executive escalation,True
OUT000346,R9346,C000260,3303,Mary Robinson,2026-05-09,In Progress,Executive escalation,True
OUT000347,R9347,C000261,6643,Nicholas Smith,2026-05-08,In Progress,Executive escalation,True
OUT000348,R9348,C000261,6643,Nicholas Smith,2026-05-08,In Progress,Executive escalation,True
OUT000349,R9349,C000261,6643,Nicholas Smith,2026-05-09,In Progress,Executive escalation,True
OUT000350,R9350,C000263,6137,Eric Smith,,Pending,Executive escalation,True
OUT000351,R9351,C000263,6137,Eric Smith,2026-05-08,In Progress,Executive escalation,True
OUT000352,R9352,C000263,6137,Eric Smith,,Pending,Executive escalation,True
OUT000353,R9353,C000264,10610,Nancy Bryant,2026-05-07,Completed,Service recovery plan,False
OUT000354,R9354,C000265,9928,Mary Smith,2026-05-08,In Progress,Executive escalation,True
OUT000355,R9355,C000265,9928,Mary Smith,2026-05-08,In Progress,Executive escalation,True
OUT000356,R9356,C000265,9928,Mary Smith,2026-05-09,In Progress,Executive escalation,True
OUT000357,R9357,C000266,7789,Mary Sullivan,2026-05-08,Completed,Service recovery plan,False
OUT000358,R9358,C000270,6474,Madison Smith,2026-05-07,In Progress,Executive escalation,True
OUT000359,R9359,C000270,6474,Madison Smith,2026-05-08,In Progress,Executive escalation,True
OUT000360,R9360,C000270,6474,Madison Smith,2026-05-09,In Progress,Executive escalation,True
OUT000361,R9361,C000271,6213,Michael Richardson,2026-05-08,Completed,Service recovery plan,False
OUT000362,R9362,C000272,8652,Kenneth Newman,,Pending,Service recovery plan,True
OUT000363,R9363,C000273,2303,Brittany Smith,,Pending,Service recovery plan,True
OUT000364,R9364,C000274,11931,Elizabeth Howell,,Pending,Service recovery plan,True
OUT000365,R9365,C000275,5477,Mary Smith,2026-05-08,In Progress,Executive escalation,True
OUT000366,R9366,C000275,5477,Mary Smith,2026-05-08,In Progress,Executive escalation,True
OUT000367,R9367,C000275,5477,Mary Smith,2026-05-09,In Progress,Executive escalation,True
OUT000368,R9368,C000278,4599,Mary Smith,2026-05-07,In Progress,Executive escalation,True
OUT000369,R9369,C000278,4599,Mary Smith,2026-05-08,In Progress,Executive escalation,True
OUT000370,R9370,C000278,4599,Mary Smith,2026-05-09,In Progress,Executive escalation,True
OUT000371,R9371,C000279,8052,Pamela Smith,2026-05-07,In Progress,Executive escalation,True
OUT000372,R9372,C000279,8052,Pamela Smith,2026-05-08,In Progress,Executive escalation,True
OUT000373,R9373,C000279,8052,Pamela Smith,2026-05-09,In Progress,Executive escalation,True
OUT000374,R9374,C000280,4588,Melissa Rosario,2026-05-07,Completed,Service recovery plan,False
OUT000375,R9375,C000281,1285,Ruth Petersen,,Pending,Service recovery plan,True
OUT000376,R9376,C000282,5491,Sharon Smith,,Pending,Executive escalation,True
OUT000377,R9377,C000282,5491,Sharon Smith,2026-05-08,In Progress,Executive escalation,True
OUT000378,R9378,C000282,5491,Sharon Smith,2026-05-09,In Progress,Executive escalation,True
OUT000379,R9379,C000283,8380,Brittany Smith,2026-05-08,In Progress,Executive escalation,True
OUT000380,R9380,C000283,8380,Brittany Smith,2026-05-08,In Progress,Executive escalation,True
OUT000381,R9381,C000283,8380,Brittany Smith,2026-05-09,In Progress,Executive escalation,True
OUT000382,R9382,C000284,3031,Carol Smith,2026-05-08,In Progress,Executive escalation,True
OUT000383,R9383,C000284,3031,Carol Smith,2026-05-08,In Progress,Executive escalation,True
OUT000384,R9384,C000284,3031,Carol Smith,2026-05-09,In Progress,Executive escalation,True
OUT000385,R9385,C000285,12094,Mary Smith,2026-05-07,Completed,Service recovery plan,False
OUT000386,R9386,C000286,11112,Jessica Cowan,2026-05-07,Completed,Service recovery plan,False
OUT000387,R9387,C000287,1824,Julia Tucker,2026-05-07,Completed,Service recovery plan,False
OUT000388,R9388,C000288,5519,Deborah Archer,2026-05-07,Completed,Service recovery plan,False
OUT000389,R9389,C000289,6893,Deborah Smith,,Pending,Service recovery plan,True
OUT000390,R9390,C000291,5138,William Rivera,2026-05-07,Completed,Service recovery plan,False
OUT000391,R9391,C000292,10707,Mary Hansen,2026-05-07,In Progress,Executive escalation,True
OUT000392,R9392,C000292,10707,Mary Hansen,,Pending,Executive escalation,True
OUT000393,R9393,C000292,10707,Mary Hansen,2026-05-09,In Progress,Executive escalation,True
OUT000394,R9394,C000293,10761,David Smith,2026-05-08,In Progress,Executive escalation,True
OUT000395,R9395,C000293,10761,David Smith,,Pending,Executive escalation,True
OUT000396,R9396,C000293,10761,David Smith,2026-05-09,In Progress,Executive escalation,True
OUT000397,R9397,C000294,1578,Lisa Harper,2026-05-07,In Progress,Executive escalation,True
OUT000398,R9398,C000294,1578,Lisa Harper,2026-05-08,In Progress,Executive escalation,True
OUT000399,R9399,C000294,1578,Lisa Harper,2026-05-09,In Progress,Executive escalation,True
OUT000400,R9400,C000295,8511,Mary Smith,2026-05-08,Completed,Service recovery plan,False
OUT000401,R9401,C000296,7664,Brandon Walker,2026-05-07,Completed,Service recovery plan,False
OUT000402,R9402,C000297,1636,Julie Petersen,2026-05-07,In Progress,Executive escalation,True
OUT000403,R9403,C000297,1636,Julie Petersen,2026-05-08,In Progress,Executive escalation,True
OUT000404,R9404,C000297,1636,Julie Petersen,,Pending,Executive escalation,True
OUT000405,R9405,C000298,9107,Mark Nunez,2026-05-08,Completed,Service recovery plan,False
OUT000406,R9406,C000299,7060,Virginia Carroll,2026-05-08,Completed,Service recovery plan,False
OUT000407,R9407,C000300,9597,Lori Perez,2026-05-08,In Progress,Executive escalation,True
OUT000408,R9408,C000300,9597,Lori Perez,2026-05-08,In Progress,Executive escalation,True
OUT000409,R9409,C000300,9597,Lori Perez,,Pending,Executive escalation,True
OUT000410,R9410,C000301,7435,Susan Smith,2026-05-08,In Progress,Executive escalation,True
OUT000411,R9411,C000301,7435,Susan Smith,2026-05-08,In Progress,Executive escalation,True
OUT000412,R9412,C000301,7435,Susan Smith,2026-05-09,In Progress,Executive escalation,True
OUT000413,R9413,C000303,8078,Janet Thomas,,Pending,Executive escalation,True
OUT000414,R9414,C000303,8078,Janet Thomas,2026-05-08,In Progress,Executive escalation,True
OUT000415,R9415,C000303,8078,Janet Thomas,,Pending,Executive escalation,True
OUT000416,R9416,C000304,5321,Robert Rowe,2026-05-07,Completed,Service recovery plan,False
OUT000417,R9417,C000306,6130,Donald Rodriguez,,Pending,Service recovery plan,True
OUT000418,R9418,C000307,3781,Richard Lara,2026-05-07,Completed,Service recovery plan,False
OUT000419,R9419,C000308,8664,Mary Smith,,Pending,Service recovery plan,True
OUT000420,R9420,C000310,9740,Mary Smith,2026-05-08,Completed,Service recovery plan,False
OUT000421,R9421,C000312,8071,Gary Baker,2026-05-08,Completed,Service recovery plan,False
OUT000422,R9422,C000313,4454,Robert Smith,,Pending,Service recovery plan,True
OUT000423,R9423,C000315,1979,Kimberly Kramer,,Pending,Service recovery plan,True
OUT000424,R9424,C000316,9833,Jacob Smith,,Pending,Service recovery plan,True
OUT000425,R9425,C000317,4290,Lori Davis,2026-05-08,Completed,Service recovery plan,False
OUT000426,R9426,C000318,11884,Evelyn Contreras,2026-05-08,Completed,Service recovery plan,False
OUT000427,R9427,C000319,3983,Mary Smith,2026-05-07,Completed,Service recovery plan,False
OUT000428,R9428,C000321,1664,Mary Arnold,2026-05-07,Completed,Service recovery plan,False
OUT000429,R9429,C000322,5752,Barbara Smith,,Pending,Service recovery plan,True
OUT000430,R9430,C000323,4980,Mary Wilson,2026-05-07,In Progress,Executive escalation,True
OUT000431,R9431,C000323,4980,Mary Wilson,2026-05-08,In Progress,Executive escalation,True
OUT000432,R9432,C000323,4980,Mary Wilson,2026-05-09,In Progress,Executive escalation,True
OUT000433,R9433,C000324,3800,Shawn Smith,2026-05-08,Completed,Service recovery plan,False
OUT000434,R9434,C000325,291,John Smith,2026-05-08,In Progress,Executive escalation,True
OUT000435,R9435,C000325,291,John Smith,,Pending,Executive escalation,True
OUT000436,R9436,C000325,291,John Smith,2026-05-09,In Progress,Executive escalation,True
OUT000437,R9437,C000326,10185,Austin Buck,,Pending,Service recovery plan,True
OUT000438,R9438,C000327,7190,Mary Mckinney,2026-05-07,In Progress,Executive escalation,True
OUT000439,R9439,C000327,7190,Mary Mckinney,2026-05-08,In Progress,Executive escalation,True
OUT000440,R9440,C000327,7190,Mary Mckinney,2026-05-09,In Progress,Executive escalation,True
OUT000441,R9441,C000328,4697,Kathryn Singh,2026-05-08,In Progress,Executive escalation,True
OUT000442,R9442,C000328,4697,Kathryn Singh,,Pending,Executive escalation,True
OUT000443,R9443,C000328,4697,Kathryn Singh,2026-05-09,In Progress,Executive escalation,True
OUT000444,R9444,C000329,3735,Mary Lewis,,Pending,Service recovery plan,True
OUT000445,R9445,C000330,2462,Lawrence Kent,2026-05-08,In Progress,Executive escalation,True
OUT000446,R9446,C000330,2462,Lawrence Kent,2026-05-08,In Progress,Executive escalation,True
OUT000447,R9447,C000330,2462,Lawrence Kent,2026-05-09,In Progress,Executive escalation,True
OUT000448,R9448,C000331,8524,Ruth Farrell,2026-05-07,Completed,Service recovery plan,False
OUT000449,R9449,C000332,697,Harold Pratt,,Pending,Service recovery plan,True
OUT000450,R9450,C000334,8847,Ruth Brown,2026-05-07,Completed,Service recovery plan,False
OUT000451,R9451,C000335,12205,Roy Smith,,Pending,Service recovery plan,True
OUT000452,R9452,C000336,2537,Mary Smith,2026-05-08,In Progress,Executive escalation,True
OUT000453,R9453,C000336,2537,Mary Smith,2026-05-08,In Progress,Executive escalation,True
OUT000454,R9454,C000336,2537,Mary Smith,,Pending,Executive escalation,True
OUT000455,R9455,C000337,11901,Mary Smith,,Pending,Service recovery plan,True
OUT000456,R9456,C000338,1014,Mary Maxwell,,Pending,Service recovery plan,True
OUT000457,R9457,C000339,8192,Kathryn Marshall,2026-05-08,In Progress,Executive escalation,True
OUT000458,R9458,C000339,8192,Kathryn Marshall,2026-05-08,In Progress,Executive escalation,True
OUT000459,R9459,C000339,8192,Kathryn Marshall,2026-05-09,In Progress,Executive escalation,True
OUT000460,R9460,C000340,1972,Marilyn Smith,2026-05-07,Completed,Service recovery plan,False
OUT000461,R9461,C000341,11422,Mary Jones,2026-05-07,In Progress,Executive escalation,True
OUT000462,R9462,C000341,11422,Mary Jones,,Pending,Executive escalation,True
OUT000463,R9463,C000341,11422,Mary Jones,2026-05-09,In Progress,Executive escalation,True
OUT000464,R9464,C000342,4936,Kyle Smith,2026-05-07,Completed,Service recovery plan,False
OUT000465,R9465,C000343,2842,Charles Johnson,2026-05-08,In Progress,Executive escalation,True
OUT000466,R9466,C000343,2842,Charles Johnson,2026-05-08,In Progress,Executive escalation,True
OUT000467,R9467,C000343,2842,Charles Johnson,2026-05-09,In Progress,Executive escalation,True
OUT000468,R9468,C000346,12235,Jane Smith,2026-05-07,In Progress,Executive escalation,True
OUT000469,R9469,C000346,12235,Jane Smith,,Pending,Executive escalation,True
OUT000470,R9470,C000346,12235,Jane Smith,2026-05-09,In Progress,Executive escalation,True
OUT000471,R9471,C000347,9213,Jennifer Williamson,2026-05-08,Completed,Service recovery plan,False
OUT000472,R9472,C000348,1782,Robert Smith,2026-05-07,In Progress,Executive escalation,True
OUT000473,R9473,C000348,1782,Robert Smith,,Pending,Executive escalation,True
OUT000474,R9474,C000348,1782,Robert Smith,,Pending,Executive escalation,True
OUT000475,R9475,C000350,1054,Barbara Cooley,2026-05-07,Completed,Service recovery plan,False
OUT000476,R9476,C000352,10447,Mary Smith,2026-05-07,Completed,Service recovery plan,False
OUT000477,R9477,C000353,2180,Shirley Smith,2026-05-08,Completed,Service recovery plan,False
OUT000478,R9478,C000354,10013,Jessica Smith,2026-05-07,In Progress,Executive escalation,True
OUT000479,R9479,C000354,10013,Jessica Smith,2026-05-08,In Progress,Executive escalation,True
OUT000480,R9480,C000354,10013,Jessica Smith,2026-05-09,In Progress,Executive escalation,True
OUT000481,R9481,C000356,12329,Scott Norman,2026-05-08,Completed,Service recovery plan,False
OUT000482,R9482,C000357,3099,Brittany Copeland,2026-05-07,Completed,Service recovery plan,False
OUT000483,R9483,C000359,7432,Betty Smith,2026-05-08,In Progress,Executive escalation,True
OUT000484,R9484,C000359,7432,Betty Smith,2026-05-08,In Progress,Executive escalation,True
OUT000485,R9485,C000359,7432,Betty Smith,,Pending,Executive escalation,True
OUT000486,R9486,C000361,1149,Cynthia Harper,2026-05-07,In Progress,Executive escalation,True
OUT000487,R9487,C000361,1149,Cynthia Harper,2026-05-08,In Progress,Executive escalation,True
OUT000488,R9488,C000361,1149,Cynthia Harper,2026-05-09,In Progress,Executive escalation,True
OUT000489,R9489,C000362,1937,Mary Werner,2026-05-07,Completed,Service recovery plan,False
OUT000490,R9490,C000363,3635,Catherine Flowers,2026-05-08,Completed,Service recovery plan,False
OUT000491,R9491,C000364,10982,Joan Harris,2026-05-08,Completed,Service recovery plan,False
OUT000492,R9492,C000365,3529,Victoria Weaver,2026-05-08,Completed,Service recovery plan,False
OUT000493,R9493,C000368,3257,Julia Mcconnell,2026-05-07,Completed,Service recovery plan,False
OUT000494,R9494,C000369,9153,Sharon Jenkins,2026-05-08,In Progress,Executive escalation,True
OUT000495,R9495,C000369,9153,Sharon Jenkins,2026-05-08,In Progress,Executive escalation,True
OUT000496,R9496,C000369,9153,Sharon Jenkins,2026-05-09,In Progress,Executive escalation,True
OUT000497,R9497,C000370,542,Mary Smith,2026-05-07,Completed,Service recovery plan,False
OUT000498,R9498,C000371,3337,Jeffrey Smith,2026-05-08,Completed,Service recovery plan,False
OUT000499,R9499,C000373,2205,Wayne Rodriguez,2026-05-08,In Progress,Executive escalation,True
OUT000500,R9500,C000373,2205,Wayne Rodriguez,2026-05-08,In Progress,Executive escalation,True
OUT000501,R9501,C000373,2205,Wayne Rodriguez,2026-05-09,In Progress,Executive escalation,True
OUT000502,R9502,C000374,12106,Mary Smith,2026-05-08,Completed,Service recovery plan,False
OUT000503,R9503,C000375,634,Jack Edwards,2026-05-08,In Progress,Executive escalation,True
OUT000504,R9504,C000375,634,Jack Edwards,2026-05-08,In Progress,Executive escalation,True
OUT000505,R9505,C000375,634,Jack Edwards,2026-05-09,In Progress,Executive escalation,True
OUT000506,R9506,C000377,3498,Elizabeth Ramos,2026-05-08,Completed,Service recovery plan,False
OUT000507,R9507,C000379,3603,Susan Smith,2026-05-08,In Progress,Executive escalation,True
OUT000508,R9508,C000379,3603,Susan Smith,2026-05-08,In Progress,Executive escalation,True
OUT000509,R9509,C000379,3603,Susan Smith,2026-05-09,In Progress,Executive escalation,True
OUT000510,R9510,C000383,5395,Mary Bell,,Pending,Executive escalation,True
OUT000511,R9511,C000383,5395,Mary Bell,,Pending,Executive escalation,True
OUT000512,R9512,C000383,5395,Mary Bell,2026-05-09,In Progress,Executive escalation,True
OUT000513,R9513,C000385,2708,Jennifer Dominguez,,Pending,Executive escalation,True
OUT000514,R9514,C000385,2708,Jennifer Dominguez,2026-05-08,In Progress,Executive escalation,True
OUT000515,R9515,C000385,2708,Jennifer Dominguez,2026-05-09,In Progress,Executive escalation,True
OUT000516,R9516,C000386,688,Kathy Gross,,Pending,Service recovery plan,True
OUT000517,R9517,C000387,8090,Mary Martinez,2026-05-07,Completed,Service recovery plan,False
OUT000518,R9518,C000388,9590,Adam Smith,2026-05-07,Completed,Service recovery plan,False
OUT000519,R9519,C000389,9377,Carol Leach,,Pending,Service recovery plan,True
OUT000520,R9520,C000392,9871,Jonathan Smith,2026-05-08,Completed,Service recovery plan,False
OUT000521,R9521,C000393,6959,Joan Lin,2026-05-08,In Progress,Executive escalation,True
OUT000522,R9522,C000393,6959,Joan Lin,2026-05-08,In Progress,Executive escalation,True
OUT000523,R9523,C000393,6959,Joan Lin,,Pending,Executive escalation,True
OUT000524,R9524,C000394,2564,Phillip Smith,2026-05-08,In Progress,Executive escalation,True
OUT000525,R9525,C000394,2564,Phillip Smith,,Pending,Executive escalation,True
OUT000526,R9526,C000394,2564,Phillip Smith,2026-05-09,In Progress,Executive escalation,True
OUT000527,R9527,C000399,8368,Susan Smith,2026-05-08,In Progress,Executive escalation,True
OUT000528,R9528,C000399,8368,Susan Smith,2026-05-08,In Progress,Executive escalation,True
OUT000529,R9529,C000399,8368,Susan Smith,2026-05-09,In Progress,Executive escalation,True
OUT000530,R9530,C000400,3373,Mary Willis,2026-05-07,Completed,Service recovery plan,False
OUT000531,R9531,C000403,194,Mary Bates,2026-05-07,In Progress,Executive escalation,True
OUT000532,R9532,C000403,194,Mary Bates,2026-05-08,In Progress,Executive escalation,True
OUT000533,R9533,C000403,194,Mary Bates,2026-05-09,In Progress,Executive escalation,True
OUT000534,R9534,C000404,6862,Mary Taylor,2026-05-08,Completed,Service recovery plan,False
OUT000535,R9535,C000405,3816,Dorothy Smith,,Pending,Executive escalation,True
OUT000536,R9536,C000405,3816,Dorothy Smith,2026-05-08,In Progress,Executive escalation,True
OUT000537,R9537,C000405,3816,Dorothy Smith,2026-05-09,In Progress,Executive escalation,True
OUT000538,R9538,C000407,4770,Andrea Malone,,Pending,Service recovery plan,True
OUT000539,R9539,C000410,7082,Adam Blair,,Pending,Executive escalation,True
OUT000540,R9540,C000410,7082,Adam Blair,2026-05-08,In Progress,Executive escalation,True
OUT000541,R9541,C000410,7082,Adam Blair,2026-05-09,In Progress,Executive escalation,True
OUT000542,R9542,C000412,1503,Mary Garner,2026-05-08,Completed,Service recovery plan,False
OUT000543,R9543,C000413,6836,Virginia Smith,2026-05-07,Completed,Service recovery plan,False
OUT000544,R9544,C000414,5570,Mary Smith,2026-05-07,In Progress,Executive escalation,True
OUT000545,R9545,C000414,5570,Mary Smith,,Pending,Executive escalation,True
OUT000546,R9546,C000414,5570,Mary Smith,2026-05-09,In Progress,Executive escalation,True
OUT000547,R9547,C000416,8290,Benjamin Jennings,2026-05-07,Completed,Service recovery plan,False
OUT000548,R9548,C000417,4596,Mary Burns,,Pending,Service recovery plan,True
OUT000549,R9549,C000418,1222,Michael Garcia,2026-05-07,Completed,Service recovery plan,False
OUT000550,R9550,C000419,5606,Teresa White,2026-05-08,In Progress,Executive escalation,True
OUT000551,R9551,C000419,5606,Teresa White,2026-05-08,In Progress,Executive escalation,True
OUT000552,R9552,C000419,5606,Teresa White,,Pending,Executive escalation,True
OUT000553,R9553,C000420,6230,Kenneth Cameron,,Pending,Service recovery plan,True
OUT000554,R9554,C000421,7123,Carl Smith,2026-05-08,Completed,Service recovery plan,False
OUT000555,R9555,C000423,6948,Mary Smith,,Pending,Service recovery plan,True
OUT000556,R9556,C000424,6806,Catherine Guerra,2026-05-08,Completed,Service recovery plan,False
OUT000557,R9557,C000425,6110,Mary Smith,2026-05-08,Completed,Service recovery plan,False
OUT000558,R9558,C000426,8971,Mary Gill,2026-05-07,In Progress,Executive escalation,True
OUT000559,R9559,C000426,8971,Mary Gill,2026-05-08,In Progress,Executive escalation,True
OUT000560,R9560,C000426,8971,Mary Gill,2026-05-09,In Progress,Executive escalation,True
OUT000561,R9561,C000427,5013,Mary Peters,,Pending,Service recovery plan,True
OUT000562,R9562,C000428,8812,Mary Woodward,2026-05-07,In Progress,Executive escalation,True
OUT000563,R9563,C000428,8812,Mary Woodward,2026-05-08,In Progress,Executive escalation,True
OUT000564,R9564,C000428,8812,Mary Woodward,2026-05-09,In Progress,Executive escalation,True
OUT000565,R9565,C000429,10612,Anna Smith,2026-05-07,Completed,Service recovery plan,False
OUT000566,R9566,C000430,10845,John Smith,2026-05-07,In Progress,Executive escalation,True
OUT000567,R9567,C000430,10845,John Smith,2026-05-08,In Progress,Executive escalation,True
OUT000568,R9568,C000430,10845,John Smith,,Pending,Executive escalation,True
OUT000569,R9569,C000431,5097,Jennifer Moore,2026-05-08,Completed,Service recovery plan,False
OUT000570,R9570,C000433,8166,Patricia Smith,2026-05-07,Completed,Service recovery plan,False
OUT000571,R9571,C000434,8171,Benjamin Cole,2026-05-07,In Progress,Executive escalation,True
OUT000572,R9572,C000434,8171,Benjamin Cole,2026-05-08,In Progress,Executive escalation,True
OUT000573,R9573,C000434,8171,Benjamin Cole,2026-05-09,In Progress,Executive escalation,True
OUT000574,R9574,C000438,3593,Christina Lewis,2026-05-08,Completed,Service recovery plan,False
OUT000575,R9575,C000440,2755,Andrew Smith,2026-05-08,In Progress,Executive escalation,True
OUT000576,R9576,C000440,2755,Andrew Smith,2026-05-08,In Progress,Executive escalation,True
OUT000577,R9577,C000440,2755,Andrew Smith,2026-05-09,In Progress,Executive escalation,True
OUT000578,R9578,C000441,11755,Mary Jackson,2026-05-07,In Progress,Executive escalation,True
OUT000579,R9579,C000441,11755,Mary Jackson,2026-05-08,In Progress,Executive escalation,True
OUT000580,R9580,C000441,11755,Mary Jackson,2026-05-09,In Progress,Executive escalation,True
OUT000581,R9581,C000443,3051,John Johnson,2026-05-07,Completed,Service recovery plan,False
OUT000582,R9582,C000444,9119,Mary Smith,2026-05-08,In Progress,Executive escalation,True
OUT000583,R9583,C000444,9119,Mary Smith,,Pending,Executive escalation,True
OUT000584,R9584,C000444,9119,Mary Smith,2026-05-09,In Progress,Executive escalation,True
OUT000585,R9585,C000445,4512,Jane Anderson,2026-05-08,In Progress,Executive escalation,True
OUT000586,R9586,C000445,4512,Jane Anderson,2026-05-08,In Progress,Executive escalation,True
OUT000587,R9587,C000445,4512,Jane Anderson,,Pending,Executive escalation,True
OUT000588,R9588,C000446,9436,Mary Torres,2026-05-08,In Progress,Executive escalation,True
OUT000589,R9589,C000446,9436,Mary Torres,,Pending,Executive escalation,True
OUT000590,R9590,C000446,9436,Mary Torres,,Pending,Executive escalation,True
OUT000591,R9591,C000447,9489,Danielle Dixon,2026-05-07,Completed,Service recovery plan,False
OUT000592,R9592,C000448,6789,Jessica Mcintosh,2026-05-07,In Progress,Executive escalation,True
OUT000593,R9593,C000448,6789,Jessica Mcintosh,2026-05-08,In Progress,Executive escalation,True
OUT000594,R9594,C000448,6789,Jessica Mcintosh,2026-05-09,In Progress,Executive escalation,True
OUT000595,R9595,C000450,9353,Michael Scott,,Pending,Service recovery plan,True
OUT000596,R9596,C000451,238,Charles Turner,2026-05-07,In Progress,Executive escalation,True
OUT000597,R9597,C000451,238,Charles Turner,2026-05-08,In Progress,Executive escalation,True
OUT000598,R9598,C000451,238,Charles Turner,2026-05-09,In Progress,Executive escalation,True
OUT000599,R9599,C000454,2508,Brandon Adkins,2026-05-08,Completed,Service recovery plan,False
OUT000600,R9600,C000455,10211,Jeffrey Smith,2026-05-08,Completed,Service recovery plan,False
OUT000601,R9601,C000456,11741,Mary Smith,2026-05-08,Completed,Service recovery plan,False
OUT000602,R9602,C000457,8666,Mary Smith,2026-05-08,Completed,Service recovery plan,False
OUT000603,R9603,C000458,6156,Mary Hernandez,2026-05-08,In Progress,Executive escalation,True
OUT000604,R9604,C000458,6156,Mary Hernandez,2026-05-08,In Progress,Executive escalation,True
OUT000605,R9605,C000458,6156,Mary Hernandez,2026-05-09,In Progress,Executive escalation,True
OUT000606,R9606,C000459,10653,Mary Smith,2026-05-07,In Progress,Executive escalation,True
OUT000607,R9607,C000459,10653,Mary Smith,2026-05-08,In Progress,Executive escalation,True
OUT000608,R9608,C000459,10653,Mary Smith,,Pending,Executive escalation,True
OUT000609,R9609,C000460,7830,Christina Carroll,2026-05-07,Completed,Service recovery plan,False
OUT000610,R9610,C000461,5873,Jerry Clark,2026-05-08,Completed,Service recovery plan,False
OUT000611,R9611,C000462,3295,Maria Joseph,2026-05-07,In Progress,Executive escalation,True
OUT000612,R9612,C000462,3295,Maria Joseph,2026-05-08,In Progress,Executive escalation,True
OUT000613,R9613,C000462,3295,Maria Joseph,2026-05-09,In Progress,Executive escalation,True
OUT000614,R9614,C000463,4257,William Smith,2026-05-07,Completed,Service recovery plan,False
OUT000615,R9615,C000464,10967,Alexander Cunningham,2026-05-07,In Progress,Executive escalation,True
OUT000616,R9616,C000464,10967,Alexander Cunningham,2026-05-08,In Progress,Executive escalation,True
OUT000617,R9617,C000464,10967,Alexander Cunningham,2026-05-09,In Progress,Executive escalation,True
OUT000618,R9618,C000467,1658,Dylan Conner,2026-05-07,Completed,Service recovery plan,False
OUT000619,R9619,C000468,2872,Mary Ortiz,,Pending,Service recovery plan,True
OUT000620,R9620,C000469,10555,Mary Howell,,Pending,Service recovery plan,True
OUT000621,R9621,C000471,679,Grace Smith,2026-05-08,Completed,Service recovery plan,False
OUT000622,R9622,C000472,9692,Carolyn Price,2026-05-08,Completed,Service recovery plan,False
OUT000623,R9623,C000473,6125,Jeremy Pennington,2026-05-08,In Progress,Executive escalation,True
OUT000624,R9624,C000473,6125,Jeremy Pennington,2026-05-08,In Progress,Executive escalation,True
OUT000625,R9625,C000473,6125,Jeremy Pennington,2026-05-09,In Progress,Executive escalation,True
OUT000626,R9626,C000474,5549,Kathryn Smith,2026-05-07,Completed,Service recovery plan,False
OUT000627,R9627,C000475,10307,Bobby Miller,2026-05-07,In Progress,Executive escalation,True
OUT000628,R9628,C000475,10307,Bobby Miller,,Pending,Executive escalation,True
OUT000629,R9629,C000475,10307,Bobby Miller,2026-05-09,In Progress,Executive escalation,True
OUT000630,R9630,C000476,10407,William Clay,2026-05-07,Completed,Service recovery plan,False
OUT000631,R9631,C000477,2553,Hannah Ellison,2026-05-07,Completed,Service recovery plan,False
OUT000632,R9632,C000478,5579,Mary Hurley,2026-05-08,Completed,Service recovery plan,False
OUT000633,R9633,C000479,4406,Mary Smith,,Pending,Service recovery plan,True
OUT000634,R9634,C000481,10735,Albert Valdez,2026-05-08,Completed,Service recovery plan,False
OUT000635,R9635,C000482,8895,Mary Ferguson,,Pending,Executive escalation,True
OUT000636,R9636,C000482,8895,Mary Ferguson,,Pending,Executive escalation,True
OUT000637,R9637,C000482,8895,Mary Ferguson,2026-05-09,In Progress,Executive escalation,True
OUT000638,R9638,C000483,578,Dylan Knapp,2026-05-08,Completed,Service recovery plan,False
OUT000639,R9639,C000485,5311,Mary Smith,2026-05-07,Completed,Service recovery plan,False
OUT000640,R9640,C000486,10081,Mary Castillo,2026-05-08,Completed,Service recovery plan,False
OUT000641,R9641,C000487,4013,Gloria Thornton,2026-05-07,Completed,Service recovery plan,False
OUT000642,R9642,C000491,3423,Mary Smith,2026-05-07,Completed,Service recovery plan,False
OUT000643,R9643,C000492,3838,Joseph Jackson,,Pending,Executive escalation,True
OUT000644,R9644,C000492,3838,Joseph Jackson,2026-05-08,In Progress,Executive escalation,True
OUT000645,R9645,C000492,3838,Joseph Jackson,2026-05-09,In Progress,Executive escalation,True
OUT000646,R9646,C000493,603,Austin Smith,2026-05-08,In Progress,Executive escalation,True
OUT000647,R9647,C000493,603,Austin Smith,,Pending,Executive escalation,True
OUT000648,R9648,C000493,603,Austin Smith,2026-05-09,In Progress,Executive escalation,True
OUT000649,R9649,C000494,5200,Jennifer Little,2026-05-07,Completed,Service recovery plan,False
OUT000650,R9650,C000495,6412,Mary Smith,,Pending,Service recovery plan,True
OUT000651,R9651,C000497,11793,Thomas Riley,2026-05-07,Completed,Service recovery plan,False
OUT000652,R9652,C000498,11513,David Smith,2026-05-08,Completed,Service recovery plan,False
OUT000653,R9653,C000500,1865,Mary Romero,2026-05-07,In Progress,Executive escalation,True
OUT000654,R9654,C000500,1865,Mary Romero,2026-05-08,In Progress,Executive escalation,True
OUT000655,R9655,C000500,1865,Mary Romero,2026-05-09,In Progress,Executive escalation,True
OUT000656,R9656,C000501,4930,Mary Preston,2026-05-08,In Progress,Executive escalation,True
OUT000657,R9657,C000501,4930,Mary Preston,2026-05-08,In Progress,Executive escalation,True
OUT000658,R9658,C000501,4930,Mary Preston,2026-05-09,In Progress,Executive escalation,True
OUT000659,R9659,C000503,1802,Cynthia Smith,2026-05-07,Completed,Service recovery plan,False
OUT000660,R9660,C000504,2447,Mary Smith,2026-05-08,In Progress,Executive escalation,True
OUT000661,R9661,C000504,2447,Mary Smith,2026-05-08,In Progress,Executive escalation,True
OUT000662,R9662,C000504,2447,Mary Smith,2026-05-09,In Progress,Executive escalation,True
OUT000663,R9663,C000506,9053,William Smith,,Pending,Executive escalation,True
OUT000664,R9664,C000506,9053,William Smith,,Pending,Executive escalation,True
OUT000665,R9665,C000506,9053,William Smith,2026-05-09,In Progress,Executive escalation,True
OUT000666,R9666,C000507,12107,Sharon Patterson,2026-05-07,Completed,Service recovery plan,False
OUT000667,R9667,C000509,6092,Mary Smith,2026-05-07,In Progress,Executive escalation,True
OUT000668,R9668,C000509,6092,Mary Smith,2026-05-08,In Progress,Executive escalation,True
OUT000669,R9669,C000509,6092,Mary Smith,2026-05-09,In Progress,Executive escalation,True
OUT000670,R9670,C000510,10559,Mary Jones,2026-05-08,Completed,Service recovery plan,False
OUT000671,R9671,C000512,11421,Tiffany Brown,,Pending,Service recovery plan,True
OUT000672,R9672,C000514,2581,Mary Smith,2026-05-07,In Progress,Executive escalation,True
OUT000673,R9673,C000514,2581,Mary Smith,2026-05-08,In Progress,Executive escalation,True
OUT000674,R9674,C000514,2581,Mary Smith,2026-05-09,In Progress,Executive escalation,True
OUT000675,R9675,C000515,4444,Russell Sullivan,2026-05-08,In Progress,Executive escalation,True
OUT000676,R9676,C000515,4444,Russell Sullivan,2026-05-08,In Progress,Executive escalation,True
OUT000677,R9677,C000515,4444,Russell Sullivan,2026-05-09,In Progress,Executive escalation,True
OUT000678,R9678,C000516,1989,Richard Leach,2026-05-07,In Progress,Executive escalation,True
OUT000679,R9679,C000516,1989,Richard Leach,,Pending,Executive escalation,True
OUT000680,R9680,C000516,1989,Richard Leach,2026-05-09,In Progress,Executive escalation,True
OUT000681,R9681,C000517,5533,Mary Harrison,,Pending,Service recovery plan,True
OUT000682,R9682,C000518,6898,Nathan Butler,2026-05-08,Completed,Service recovery plan,False
OUT000683,R9683,C000520,6514,Crystal Contreras,,Pending,Executive escalation,True
OUT000684,R9684,C000520,6514,Crystal Contreras,2026-05-08,In Progress,Executive escalation,True
OUT000685,R9685,C000520,6514,Crystal Contreras,2026-05-09,In Progress,Executive escalation,True
OUT000686,R9686,C000521,640,Jean Smith,2026-05-08,In Progress,Executive escalation,True
OUT000687,R9687,C000521,640,Jean Smith,2026-05-08,In Progress,Executive escalation,True
OUT000688,R9688,C000521,640,Jean Smith,2026-05-09,In Progress,Executive escalation,True
OUT000689,R9689,C000522,10650,Donna Carter,2026-05-07,Completed,Service recovery plan,False
OUT000690,R9690,C000523,1962,Marie Smith,2026-05-07,In Progress,Executive escalation,True
OUT000691,R9691,C000523,1962,Marie Smith,2026-05-08,In Progress,Executive escalation,True
OUT000692,R9692,C000523,1962,Marie Smith,2026-05-09,In Progress,Executive escalation,True
OUT000693,R9693,C000524,2826,Lisa Wallace,2026-05-08,Completed,Service recovery plan,False
OUT000694,R9694,C000525,142,Heather Smith,2026-05-08,Completed,Service recovery plan,False
OUT000695,R9695,C000526,2451,Joshua Garcia,2026-05-07,Completed,Service recovery plan,False
OUT000696,R9696,C000527,9971,Mary Smith,2026-05-07,In Progress,Executive escalation,True
OUT000697,R9697,C000527,9971,Mary Smith,2026-05-08,In Progress,Executive escalation,True
OUT000698,R9698,C000527,9971,Mary Smith,2026-05-09,In Progress,Executive escalation,True
OUT000699,R9699,C000528,335,Mary Smith,2026-05-08,Completed,Service recovery plan,False
OUT000700,R9700,C000530,1739,Justin Smith,2026-05-08,Completed,Service recovery plan,False
OUT000701,R9701,C000532,11403,Mary Smith,2026-05-07,In Progress,Executive escalation,True
OUT000702,R9702,C000532,11403,Mary Smith,2026-05-08,In Progress,Executive escalation,True
OUT000703,R9703,C000532,11403,Mary Smith,,Pending,Executive escalation,True
OUT000704,R9704,C000533,4943,Paul Sosa,2026-05-07,In Progress,Executive escalation,True
OUT000705,R9705,C000533,4943,Paul Sosa,2026-05-08,In Progress,Executive escalation,True
OUT000706,R9706,C000533,4943,Paul Sosa,2026-05-09,In Progress,Executive escalation,True
OUT000707,R9707,C000534,1512,Mary Rowe,2026-05-08,In Progress,Executive escalation,True
OUT000708,R9708,C000534,1512,Mary Rowe,2026-05-08,In Progress,Executive escalation,True
OUT000709,R9709,C000534,1512,Mary Rowe,2026-05-09,In Progress,Executive escalation,True
OUT000710,R9710,C000535,4435,George Cross,2026-05-07,Completed,Service recovery plan,False
OUT000711,R9711,C000537,731,Robert Smith,2026-05-07,Completed,Service recovery plan,False
OUT000712,R9712,C000538,1804,Kathleen Lee,2026-05-08,In Progress,Executive escalation,True
OUT000713,R9713,C000538,1804,Kathleen Lee,2026-05-08,In Progress,Executive escalation,True
OUT000714,R9714,C000538,1804,Kathleen Lee,2026-05-09,In Progress,Executive escalation,True
OUT000715,R9715,C000539,6461,Patricia Delgado,2026-05-07,Completed,Service recovery plan,False
OUT000716,R9716,C000540,4187,Jesse Mack,,Pending,Service recovery plan,True
OUT000717,R9717,C000542,4008,Diana Smith,2026-05-08,Completed,Service recovery plan,False
OUT000718,R9718,C000543,1901,Jacob Smith,,Pending,Service recovery plan,True
OUT000719,R9719,C000544,1853,Mary Austin,2026-05-07,In Progress,Executive escalation,True
OUT000720,R9720,C000544,1853,Mary Austin,2026-05-08,In Progress,Executive escalation,True
OUT000721,R9721,C000544,1853,Mary Austin,2026-05-09,In Progress,Executive escalation,True
OUT000722,R9722,C000545,6581,Christian Smith,2026-05-08,In Progress,Executive escalation,True
OUT000723,R9723,C000545,6581,Christian Smith,,Pending,Executive escalation,True
OUT000724,R9724,C000545,6581,Christian Smith,2026-05-09,In Progress,Executive escalation,True
OUT000725,R9725,C000549,2528,Mary Acevedo,,Pending,Service recovery plan,True
OUT000726,R9726,C000550,9018,Mary Smith,,Pending,Executive escalation,True
OUT000727,R9727,C000550,9018,Mary Smith,2026-05-08,In Progress,Executive escalation,True
OUT000728,R9728,C000550,9018,Mary Smith,,Pending,Executive escalation,True
OUT000729,R9729,C000551,10490,Brenda Ramirez,2026-05-07,In Progress,Executive escalation,True
OUT000730,R9730,C000551,10490,Brenda Ramirez,2026-05-08,In Progress,Executive escalation,True
OUT000731,R9731,C000551,10490,Brenda Ramirez,2026-05-09,In Progress,Executive escalation,True
OUT000732,R9732,C000552,8869,Thomas Lambert,,Pending,Service recovery plan,True
OUT000733,R9733,C000553,10253,Kyle Smith,,Pending,Executive escalation,True
OUT000734,R9734,C000553,10253,Kyle Smith,2026-05-08,In Progress,Executive escalation,True
OUT000735,R9735,C000553,10253,Kyle Smith,,Pending,Executive escalation,True
OUT000736,R9736,C000556,9636,Mary Cruz,2026-05-08,In Progress,Executive escalation,True
OUT000737,R9737,C000556,9636,Mary Cruz,2026-05-08,In Progress,Executive escalation,True
OUT000738,R9738,C000556,9636,Mary Cruz,2026-05-09,In Progress,Executive escalation,True
OUT000739,R9739,C000557,5207,Catherine Erickson,2026-05-07,Completed,Service recovery plan,False
OUT000740,R9740,C000558,11124,Mary Bowman,2026-05-07,Completed,Service recovery plan,False
OUT000741,R9741,C000559,5190,Mary Smith,,Pending,Executive escalation,True
OUT000742,R9742,C000559,5190,Mary Smith,,Pending,Executive escalation,True
OUT000743,R9743,C000559,5190,Mary Smith,2026-05-09,In Progress,Executive escalation,True
OUT000744,R9744,C000560,5658,Michael Wiley,,Pending,Service recovery plan,True
OUT000745,R9745,C000561,3136,Mary Sharp,2026-05-08,Completed,Service recovery plan,False
OUT000746,R9746,C000562,2540,Patricia Smith,2026-05-08,In Progress,Executive escalation,True
OUT000747,R9747,C000562,2540,Patricia Smith,2026-05-08,In Progress,Executive escalation,True
OUT000748,R9748,C000562,2540,Patricia Smith,2026-05-09,In Progress,Executive escalation,True
OUT000749,R9749,C000563,6448,Mary Lawrence,2026-05-08,Completed,Service recovery plan,False
OUT000750,R9750,C000565,7,Melissa Wilcox,2026-05-07,In Progress,Executive escalation,True
OUT000751,R9751,C000565,7,Melissa Wilcox,2026-05-08,In Progress,Executive escalation,True
OUT000752,R9752,C000565,7,Melissa Wilcox,2026-05-09,In Progress,Executive escalation,True
OUT000753,R9753,C000566,10500,Mary Smith,2026-05-07,Completed,Service recovery plan,False
OUT000754,R9754,C000567,5267,Mary Smith,2026-05-08,Completed,Service recovery plan,False
OUT000755,R9755,C000570,6553,Larry House,2026-05-08,Completed,Service recovery plan,False
OUT000756,R9756,C000571,8370,Mary Smith,2026-05-07,In Progress,Executive escalation,True
OUT000757,R9757,C000571,8370,Mary Smith,2026-05-08,In Progress,Executive escalation,True
OUT000758,R9758,C000571,8370,Mary Smith,2026-05-09,In Progress,Executive escalation,True
OUT000759,R9759,C000572,5815,Mary Proctor,,Pending,Service recovery plan,True
OUT000760,R9760,C000574,6065,Thomas Simmons,2026-05-08,Completed,Service recovery plan,False
OUT000761,R9761,C000575,1810,James Miller,2026-05-08,Completed,Service recovery plan,False
OUT000762,R9762,C000576,6430,Mary Jackson,,Pending,Executive escalation,True
OUT000763,R9763,C000576,6430,Mary Jackson,,Pending,Executive escalation,True
OUT000764,R9764,C000576,6430,Mary Jackson,,Pending,Executive escalation,True
OUT000765,R9765,C000579,2683,Mary Gallegos,2026-05-08,Completed,Service recovery plan,False
OUT000766,R9766,C000580,6255,Joshua Smith,,Pending,Service recovery plan,True
OUT000767,R9767,C000581,10071,Mary Lawrence,,Pending,Service recovery plan,True
OUT000768,R9768,C000582,7749,Amy Gibson,,Pending,Executive escalation,True
OUT000769,R9769,C000582,7749,Amy Gibson,,Pending,Executive escalation,True
OUT000770,R9770,C000582,7749,Amy Gibson,2026-05-09,In Progress,Executive escalation,True
OUT000771,R9771,C000583,7777,Evelyn Rogers,2026-05-08,Completed,Service recovery plan,False
OUT000772,R9772,C000584,3830,William Smith,2026-05-08,Completed,Service recovery plan,False
OUT000773,R9773,C000585,11056,Larry Booker,2026-05-08,Completed,Service recovery plan,False
OUT000774,R9774,C000586,11576,Richard Andrade,2026-05-08,In Progress,Executive escalation,True
OUT000775,R9775,C000586,11576,Richard Andrade,,Pending,Executive escalation,True
OUT000776,R9776,C000586,11576,Richard Andrade,2026-05-09,In Progress,Executive escalation,True
OUT000777,R9777,C000587,7575,Mary Romero,2026-05-08,Completed,Service recovery plan,False
OUT000778,R9778,C000588,10849,Hannah Simpson,,Pending,Executive escalation,True
OUT000779,R9779,C000588,10849,Hannah Simpson,2026-05-08,In Progress,Executive escalation,True
OUT000780,R9780,C000588,10849,Hannah Simpson,2026-05-09,In Progress,Executive escalation,True
OUT000781,R9781,C000589,4914,Mary Curtis,2026-05-08,Completed,Service recovery plan,False
OUT000782,R9782,C000590,10258,Joyce Gonzalez,2026-05-07,Completed,Service recovery plan,False
OUT000783,R9783,C000592,10886,Scott Smith,2026-05-08,Completed,Service recovery plan,False
OUT000784,R9784,C000593,4318,Mary Fletcher,2026-05-08,In Progress,Executive escalation,True
OUT000785,R9785,C000593,4318,Mary Fletcher,2026-05-08,In Progress,Executive escalation,True
OUT000786,R9786,C000593,4318,Mary Fletcher,2026-05-09,In Progress,Executive escalation,True
OUT000787,R9787,C000594,12064,Tammy Smith,2026-05-08,Completed,Service recovery plan,False
OUT000788,R9788,C000595,10965,Robert Smith,2026-05-08,Completed,Service recovery plan,False
OUT000789,R9789,C000596,11068,Roger Smith,2026-05-07,Completed,Service recovery plan,False
OUT000790,R9790,C000597,10834,Susan Sullivan,2026-05-08,Completed,Service recovery plan,False
OUT000791,R9791,C000599,5047,Shirley Whitehead,2026-05-07,Completed,Service recovery plan,False
OUT000792,R9792,C000600,7268,Mary Reed,2026-05-07,Completed,Service recovery plan,False
OUT000793,R9793,C000601,801,Elizabeth Parker,2026-05-07,In Progress,Executive escalation,True
OUT000794,R9794,C000601,801,Elizabeth Parker,,Pending,Executive escalation,True
OUT000795,R9795,C000601,801,Elizabeth Parker,,Pending,Executive escalation,True
OUT000796,R9796,C000602,1607,Mary Ortiz,2026-05-08,Completed,Service recovery plan,False
OUT000797,R9797,C000603,10493,Frances Taylor,,Pending,Service recovery plan,True
OUT000798,R9798,C000604,3184,Tyler Smith,,Pending,Service recovery plan,True
OUT000799,R9799,C000608,1927,Laura Stevens,2026-05-08,In Progress,Executive escalation,True
OUT000800,R9800,C000608,1927,Laura Stevens,2026-05-08,In Progress,Executive escalation,True
OUT000801,R9801,C000608,1927,Laura Stevens,2026-05-09,In Progress,Executive escalation,True
OUT000802,R9802,C000609,11516,Kevin Smith,2026-05-08,In Progress,Executive escalation,True
OUT000803,R9803,C000609,11516,Kevin Smith,2026-05-08,In Progress,Executive escalation,True
OUT000804,R9804,C000609,11516,Kevin Smith,2026-05-09,In Progress,Executive escalation,True
OUT000805,R9805,C000610,3302,Terry Smith,,Pending,Service recovery plan,True
OUT000806,R9806,C000611,7762,Mary Roberson,,Pending,Service recovery plan,True
OUT000807,R9807,C000612,2549,Stephanie Smith,2026-05-07,Completed,Service recovery plan,False
OUT000808,R9808,C000613,3180,Raymond Smith,,Pending,Executive escalation,True
OUT000809,R9809,C000613,3180,Raymond Smith,2026-05-08,In Progress,Executive escalation,True
OUT000810,R9810,C000613,3180,Raymond Smith,2026-05-09,In Progress,Executive escalation,True
OUT000811,R9811,C000615,12189,Judith Hicks,,Pending,Executive escalation,True
OUT000812,R9812,C000615,12189,Judith Hicks,,Pending,Executive escalation,True
OUT000813,R9813,C000615,12189,Judith Hicks,2026-05-09,In Progress,Executive escalation,True
OUT000814,R9814,C000618,7802,Mary Acevedo,2026-05-07,In Progress,Executive escalation,True
OUT000815,R9815,C000618,7802,Mary Acevedo,,Pending,Executive escalation,True
OUT000816,R9816,C000618,7802,Mary Acevedo,2026-05-09,In Progress,Executive escalation,True
OUT000817,R9817,C000619,9161,Mary Smith,2026-05-08,In Progress,Executive escalation,True
OUT000818,R9818,C000619,9161,Mary Smith,2026-05-08,In Progress,Executive escalation,True
OUT000819,R9819,C000619,9161,Mary Smith,2026-05-09,In Progress,Executive escalation,True
OUT000820,R9820,C000621,4704,Henry James,2026-05-07,Completed,Service recovery plan,False
OUT000821,R9821,C000622,5364,Thomas Colon,,Pending,Executive escalation,True
OUT000822,R9822,C000622,5364,Thomas Colon,2026-05-08,In Progress,Executive escalation,True
OUT000823,R9823,C000622,5364,Thomas Colon,2026-05-09,In Progress,Executive escalation,True
OUT000824,R9824,C000623,11417,Kenneth Whitney,2026-05-08,In Progress,Executive escalation,True
OUT000825,R9825,C000623,11417,Kenneth Whitney,2026-05-08,In Progress,Executive escalation,True
OUT000826,R9826,C000623,11417,Kenneth Whitney,,Pending,Executive escalation,True
OUT000827,R9827,C000626,11554,Hannah Marshall,2026-05-08,Completed,Service recovery plan,False
OUT000828,R9828,C000628,6428,Mary Smith,2026-05-08,Completed,Service recovery plan,False
OUT000829,R9829,C000630,1832,Mary Valenzuela,2026-05-07,Completed,Service recovery plan,False
OUT000830,R9830,C000631,4552,Janice Smith,2026-05-07,In Progress,Executive escalation,True
OUT000831,R9831,C000631,4552,Janice Smith,2026-05-08,In Progress,Executive escalation,True
OUT000832,R9832,C000631,4552,Janice Smith,2026-05-09,In Progress,Executive escalation,True
OUT000833,R9833,C000633,2800,Edward Hernandez,2026-05-07,Completed,Service recovery plan,False
OUT000834,R9834,C000636,2844,Robert Smith,2026-05-08,Completed,Service recovery plan,False
OUT000835,R9835,C000637,8954,Mary Hayden,2026-05-07,Completed,Service recovery plan,False
OUT000836,R9836,C000638,9603,Mary Moore,2026-05-08,Completed,Service recovery plan,False
OUT000837,R9837,C000639,8254,Jesse Esparza,2026-05-07,Completed,Service recovery plan,False
OUT000838,R9838,C000641,4200,Ralph Campbell,2026-05-07,Completed,Service recovery plan,False
OUT000839,R9839,C000642,564,Mary Mccann,2026-05-07,Completed,Service recovery plan,False
OUT000840,R9840,C000643,1387,Mary Smith,2026-05-08,Completed,Service recovery plan,False
OUT000841,R9841,C000644,12238,Rebecca Gallagher,,Pending,Service recovery plan,True
OUT000842,R9842,C000645,6907,Timothy Smith,2026-05-08,Completed,Service recovery plan,False
OUT000843,R9843,C000646,7616,Mary Mason,2026-05-07,In Progress,Executive escalation,True
OUT000844,R9844,C000646,7616,Mary Mason,2026-05-08,In Progress,Executive escalation,True
OUT000845,R9845,C000646,7616,Mary Mason,,Pending,Executive escalation,True
OUT000846,R9846,C000647,4807,Raymond Rodgers,2026-05-08,Completed,Service recovery plan,False
OUT000847,R9847,C000648,7940,Mary Mejia,2026-05-08,In Progress,Executive escalation,True
OUT000848,R9848,C000648,7940,Mary Mejia,2026-05-08,In Progress,Executive escalation,True
OUT000849,R9849,C000648,7940,Mary Mejia,,Pending,Executive escalation,True
OUT000850,R9850,C000649,9077,Sean Smith,2026-05-08,Completed,Service recovery plan,False
OUT000851,R9851,C000650,3304,Amanda Gibson,,Pending,Executive escalation,True
OUT000852,R9852,C000650,3304,Amanda Gibson,,Pending,Executive escalation,True
OUT000853,R9853,C000650,3304,Amanda Gibson,2026-05-09,In Progress,Executive escalation,True
OUT000854,R9854,C000651,2071,Walter Howard,2026-05-08,Completed,Service recovery plan,False
OUT000855,R9855,C000655,7176,Mary Hudson,2026-05-07,In Progress,Executive escalation,True
OUT000856,R9856,C000655,7176,Mary Hudson,2026-05-08,In Progress,Executive escalation,True
OUT000857,R9857,C000655,7176,Mary Hudson,2026-05-09,In Progress,Executive escalation,True
OUT000858,R9858,C000656,11224,Mary Smith,2026-05-07,Completed,Service recovery plan,False
OUT000859,R9859,C000658,10916,Randy Smith,2026-05-08,Completed,Service recovery plan,False
OUT000860,R9860,C000659,4212,Robert Mendez,2026-05-07,In Progress,Executive escalation,True
OUT000861,R9861,C000659,4212,Robert Mendez,2026-05-08,In Progress,Executive escalation,True
OUT000862,R9862,C000659,4212,Robert Mendez,2026-05-09,In Progress,Executive escalation,True
OUT000863,R9863,C000660,2384,Mary Mays,2026-05-07,Completed,Service recovery plan,False
OUT000864,R9864,C000661,12019,Mary Walters,2026-05-07,In Progress,Executive escalation,True
OUT000865,R9865,C000661,12019,Mary Walters,,Pending,Executive escalation,True
OUT000866,R9866,C000661,12019,Mary Walters,2026-05-09,In Progress,Executive escalation,True
OUT000867,R9867,C000662,12075,Aaron Carr,2026-05-08,In Progress,Executive escalation,True
OUT000868,R9868,C000662,12075,Aaron Carr,2026-05-08,In Progress,Executive escalation,True
OUT000869,R9869,C000662,12075,Aaron Carr,,Pending,Executive escalation,True
OUT000870,R9870,C000663,4399,Richard Smith,2026-05-07,Completed,Service recovery plan,False
OUT000871,R9871,C000664,6393,Mary Smith,2026-05-07,In Progress,Executive escalation,True
OUT000872,R9872,C000664,6393,Mary Smith,,Pending,Executive escalation,True
OUT000873,R9873,C000664,6393,Mary Smith,2026-05-09,In Progress,Executive escalation,True
OUT000874,R9874,C000665,10398,Mary Pierce,2026-05-08,Completed,Service recovery plan,False
OUT000875,R9875,C000666,10095,Michelle Smith,2026-05-07,Completed,Service recovery plan,False
OUT000876,R9876,C000667,5085,Janet Jones,2026-05-07,Completed,Service recovery plan,False
OUT000877,R9877,C000668,3187,Mary Clark,2026-05-07,Completed,Service recovery plan,False
OUT000878,R9878,C000669,11835,Tammy Smith,2026-05-07,Completed,Service recovery plan,False
OUT000879,R9879,C000670,9946,Bryan Kaufman,2026-05-08,Completed,Service recovery plan,False
OUT000880,R9880,C000671,3447,Sara Andersen,2026-05-08,Completed,Service recovery plan,False
OUT000881,R9881,C000672,2362,Samantha Smith,2026-05-07,Completed,Service recovery plan,False
OUT000882,R9882,C000673,1906,Raymond Smith,2026-05-08,Completed,Service recovery plan,False
OUT000883,R9883,C000674,5936,Michael Davis,2026-05-08,In Progress,Executive escalation,True
OUT000884,R9884,C000674,5936,Michael Davis,2026-05-08,In Progress,Executive escalation,True
OUT000885,R9885,C000674,5936,Michael Davis,,Pending,Executive escalation,True
OUT000886,R9886,C000675,1373,Mary Smith,2026-05-08,Completed,Service recovery plan,False
OUT000887,R9887,C000676,6288,Catherine Johnson,2026-05-08,Completed,Service recovery plan,False
OUT000888,R9888,C000677,4667,Cheryl Gonzalez,,Pending,Service recovery plan,True
OUT000889,R9889,C000680,2893,Russell Wyatt,,Pending,Service recovery plan,True
OUT000890,R9890,C000682,3762,Juan Smith,2026-05-08,In Progress,Executive escalation,True
OUT000891,R9891,C000682,3762,Juan Smith,2026-05-08,In Progress,Executive escalation,True
OUT000892,R9892,C000682,3762,Juan Smith,2026-05-09,In Progress,Executive escalation,True
OUT000893,R9893,C000683,2335,Harold Howell,2026-05-07,In Progress,Executive escalation,True
OUT000894,R9894,C000683,2335,Harold Howell,,Pending,Executive escalation,True
OUT000895,R9895,C000683,2335,Harold Howell,2026-05-09,In Progress,Executive escalation,True
OUT000896,R9896,C000684,7829,Raymond Smith,2026-05-07,Completed,Service recovery plan,False
OUT000897,R9897,C000685,9432,Hannah Smith,2026-05-08,Completed,Service recovery plan,False
OUT000898,R9898,C000687,3754,Mary Sims,2026-05-08,In Progress,Executive escalation,True
OUT000899,R9899,C000687,3754,Mary Sims,,Pending,Executive escalation,True
OUT000900,R9900,C000687,3754,Mary Sims,2026-05-09,In Progress,Executive escalation,True
OUT000901,R9901,C000688,2969,Mary Fernandez,2026-05-08,Completed,Service recovery plan,False
OUT000902,R9902,C000689,6086,Mary Hutchinson,2026-05-07,In Progress,Executive escalation,True
OUT000903,R9903,C000689,6086,Mary Hutchinson,,Pending,Executive escalation,True
OUT000904,R9904,C000689,6086,Mary Hutchinson,2026-05-09,In Progress,Executive escalation,True
OUT000905,R9905,C000691,7282,Jennifer Clark,2026-05-07,In Progress,Executive escalation,True
OUT000906,R9906,C000691,7282,Jennifer Clark,2026-05-08,In Progress,Executive escalation,True
OUT000907,R9907,C000691,7282,Jennifer Clark,2026-05-09,In Progress,Executive escalation,True
OUT000908,R9908,C000692,972,Mary Smith,,Pending,Service recovery plan,True
OUT000909,R9909,C000693,12076,Mary Smith,2026-05-08,Completed,Service recovery plan,False
OUT000910,R9910,C000694,867,Catherine Smith,2026-05-07,In Progress,Executive escalation,True
OUT000911,R9911,C000694,867,Catherine Smith,2026-05-08,In Progress,Executive escalation,True
OUT000912,R9912,C000694,867,Catherine Smith,2026-05-09,In Progress,Executive escalation,True
OUT000913,R9913,C000695,2909,Sarah Snyder,2026-05-08,Completed,Service recovery plan,False
OUT000914,R9914,C000696,5640,Matthew Smith,2026-05-08,Completed,Service recovery plan,False
OUT000915,R9915,C000698,1910,Helen Price,2026-05-08,Completed,Service recovery plan,False
OUT000916,R9916,C000699,6725,Mary Alexander,2026-05-07,Completed,Service recovery plan,False
OUT000917,R9917,C000701,4939,Carol Jackson,,Pending,Service recovery plan,True
OUT000918,R9918,C000703,465,Shawn Smith,,Pending,Executive escalation,True
OUT000919,R9919,C000703,465,Shawn Smith,2026-05-08,In Progress,Executive escalation,True
OUT000920,R9920,C000703,465,Shawn Smith,2026-05-09,In Progress,Executive escalation,True
OUT000921,R9921,C000704,4045,Mary Neal,,Pending,Executive escalation,True
OUT000922,R9922,C000704,4045,Mary Neal,2026-05-08,In Progress,Executive escalation,True
OUT000923,R9923,C000704,4045,Mary Neal,2026-05-09,In Progress,Executive escalation,True
OUT000924,R9924,C000705,3977,Mary Smith,2026-05-08,In Progress,Executive escalation,True
OUT000925,R9925,C000705,3977,Mary Smith,,Pending,Executive escalation,True
OUT000926,R9926,C000705,3977,Mary Smith,2026-05-09,In Progress,Executive escalation,True
OUT000927,R9927,C000706,6256,Mary Murray,,Pending,Service recovery plan,True
OUT000928,R9928,C000707,11397,Mary Mercer,2026-05-08,In Progress,Executive escalation,True
OUT000929,R9929,C000707,11397,Mary Mercer,2026-05-08,In Progress,Executive escalation,True
OUT000930,R9930,C000707,11397,Mary Mercer,2026-05-09,In Progress,Executive escalation,True
OUT000931,R9931,C000708,8719,John Smith,2026-05-08,Completed,Service recovery plan,False
OUT000932,R9932,C000709,5440,Mary Malone,2026-05-08,In Progress,Executive escalation,True
OUT000933,R9933,C000709,5440,Mary Malone,2026-05-08,In Progress,Executive escalation,True
OUT000934,R9934,C000709,5440,Mary Malone,2026-05-09,In Progress,Executive escalation,True
OUT000935,R9935,C000710,744,Gary Hodges,2026-05-07,Completed,Service recovery plan,False
OUT000936,R9936,C000712,5824,James Smith,2026-05-08,Completed,Service recovery plan,False
OUT000937,R9937,C000713,7327,Tammy Hood,2026-05-08,In Progress,Executive escalation,True
OUT000938,R9938,C000713,7327,Tammy Hood,,Pending,Executive escalation,True
OUT000939,R9939,C000713,7327,Tammy Hood,2026-05-09,In Progress,Executive escalation,True
OUT000940,R9940,C000715,1940,Katherine Smith,,Pending,Service recovery plan,True
OUT000941,R9941,C000717,6470,Douglas Smith,2026-05-08,Completed,Service recovery plan,False
OUT000942,R9942,C000719,6350,Mary Wilson,2026-05-08,Completed,Service recovery plan,False
OUT000943,R9943,C000721,2037,Jacob Clark,,Pending,Executive escalation,True
OUT000944,R9944,C000721,2037,Jacob Clark,2026-05-08,In Progress,Executive escalation,True
OUT000945,R9945,C000721,2037,Jacob Clark,2026-05-09,In Progress,Executive escalation,True
OUT000946,R9946,C000722,3577,Michael Martin,2026-05-07,Completed,Service recovery plan,False
OUT000947,R9947,C000723,6707,Grace Smith,2026-05-08,Completed,Service recovery plan,False
OUT000948,R9948,C000725,5490,Mary Richardson,2026-05-07,In Progress,Executive escalation,True
OUT000949,R9949,C000725,5490,Mary Richardson,2026-05-08,In Progress,Executive escalation,True
OUT000950,R9950,C000725,5490,Mary Richardson,2026-05-09,In Progress,Executive escalation,True
OUT000951,R9951,C000726,5965,Richard Parker,2026-05-07,In Progress,Executive escalation,True
OUT000952,R9952,C000726,5965,Richard Parker,2026-05-08,In Progress,Executive escalation,True
OUT000953,R9953,C000726,5965,Richard Parker,2026-05-09,In Progress,Executive escalation,True
OUT000954,R9954,C000727,10543,Jonathan Smith,,Pending,Service recovery plan,True
OUT000955,R9955,C000728,3138,Barbara Nelson,2026-05-08,In Progress,Executive escalation,True
OUT000956,R9956,C000728,3138,Barbara Nelson,2026-05-08,In Progress,Executive escalation,True
OUT000957,R9957,C000728,3138,Barbara Nelson,2026-05-09,In Progress,Executive escalation,True
OUT000958,R9958,C000729,388,Robert Smith,2026-05-07,Completed,Service recovery plan,False
OUT000959,R9959,C000730,11777,Melissa Marsh,2026-05-07,In Progress,Executive escalation,True
OUT000960,R9960,C000730,11777,Melissa Marsh,2026-05-08,In Progress,Executive escalation,True
OUT000961,R9961,C000730,11777,Melissa Marsh,2026-05-09,In Progress,Executive escalation,True
OUT000962,R9962,C000733,364,Jason Mcmahon,2026-05-08,In Progress,Executive escalation,True
OUT000963,R9963,C000733,364,Jason Mcmahon,,Pending,Executive escalation,True
OUT000964,R9964,C000733,364,Jason Mcmahon,,Pending,Executive escalation,True
OUT000965,R9965,C000734,11492,Evelyn Allen,2026-05-08,In Progress,Executive escalation,True
OUT000966,R9966,C000734,11492,Evelyn Allen,2026-05-08,In Progress,Executive escalation,True
OUT000967,R9967,C000734,11492,Evelyn Allen,2026-05-09,In Progress,Executive escalation,True
OUT000968,R9968,C000735,4904,Bruce Smith,,Pending,Service recovery plan,True
OUT000969,R9969,C000736,3365,William Crawford,2026-05-07,In Progress,Executive escalation,True
OUT000970,R9970,C000736,3365,William Crawford,2026-05-08,In Progress,Executive escalation,True
OUT000971,R9971,C000736,3365,William Crawford,2026-05-09,In Progress,Executive escalation,True
OUT000972,R9972,C000737,682,Emma Smith,,Pending,Service recovery plan,True
OUT000973,R9973,C000738,11542,Mary Perkins,,Pending,Service recovery plan,True
OUT000974,R9974,C000739,5068,Anna Smith,2026-05-07,Completed,Service recovery plan,False
OUT000975,R9975,C000740,10213,Justin Huff,2026-05-07,Completed,Service recovery plan,False
OUT000976,R9976,C000742,10815,Dennis Smith,2026-05-08,Completed,Service recovery plan,False
OUT000977,R9977,C000743,8800,John Smith,2026-05-07,In Progress,Executive escalation,True
OUT000978,R9978,C000743,8800,John Smith,2026-05-08,In Progress,Executive escalation,True
OUT000979,R9979,C000743,8800,John Smith,2026-05-09,In Progress,Executive escalation,True
OUT000980,R9980,C000745,4721,Scott Keith,,Pending,Service recovery plan,True
OUT000981,R9981,C000746,7317,Mary Smith,2026-05-08,Completed,Service recovery plan,False
OUT000982,R9982,C000748,11109,William Smith,2026-05-08,Completed,Service recovery plan,False
OUT000983,R9983,C000749,11766,Mary Mason,2026-05-08,Completed,Service recovery plan,False
OUT000984,R9984,C000751,2087,Mary Burton,2026-05-07,In Progress,Executive escalation,True
OUT000985,R9985,C000751,2087,Mary Burton,,Pending,Executive escalation,True
OUT000986,R9986,C000751,2087,Mary Burton,2026-05-09,In Progress,Executive escalation,True
OUT000987,R9987,C000752,1627,Mary Gonzales,2026-05-08,In Progress,Executive escalation,True
OUT000988,R9988,C000752,1627,Mary Gonzales,,Pending,Executive escalation,True
OUT000989,R9989,C000752,1627,Mary Gonzales,2026-05-09,In Progress,Executive escalation,True
OUT000990,R9990,C000754,11700,Ruth Smith,2026-05-07,Completed,Service recovery plan,False
OUT000991,R9991,C000755,2833,Eric Vega,2026-05-07,Completed,Service recovery plan,False
OUT000992,R9992,C000756,72,Frank Gillespie,2026-05-07,Completed,Service recovery plan,False
OUT000993,R9993,C000757,4700,Mary Campbell,2026-05-07,Completed,Service recovery plan,False
OUT000994,R9994,C000758,502,Jennifer May,2026-05-08,Completed,Service recovery plan,False
OUT000995,R9995,C000759,11784,Mary Cunningham,2026-05-07,In Progress,Executive escalation,True
OUT000996,R9996,C000759,11784,Mary Cunningham,2026-05-08,In Progress,Executive escalation,True
OUT000997,R9997,C000759,11784,Mary Cunningham,2026-05-09,In Progress,Executive escalation,True
OUT000998,R9998,C000760,8420,Gregory Fitzpatrick,,Pending,Service recovery plan,True
OUT000999,R9999,C000761,3501,Rachel Davila,2026-05-08,Completed,Service recovery plan,False
OUT001000,R10000,C000762,4969,Mary Smith,2026-05-07,Completed,Service recovery plan,False
OUT001001,R10001,C000763,847,Jerry Ferguson,,Pending,Service recovery plan,True
OUT001002,R10002,C000764,10572,Mary Smith,2026-05-07,In Progress,Executive escalation,True
OUT001003,R10003,C000764,10572,Mary Smith,,Pending,Executive escalation,True
OUT001004,R10004,C000764,10572,Mary Smith,,Pending,Executive escalation,True
OUT001005,R10005,C000765,8065,Margaret Smith,2026-05-07,In Progress,Executive escalation,True
OUT001006,R10006,C000765,8065,Margaret Smith,2026-05-08,In Progress,Executive escalation,True
OUT001007,R10007,C000765,8065,Margaret Smith,2026-05-09,In Progress,Executive escalation,True
OUT001008,R10008,C000766,1106,Daniel Smith,2026-05-07,Completed,Service recovery plan,False
OUT001009,R10009,C000769,2824,Mary Bray,2026-05-07,Completed,Service recovery plan,False
OUT001010,R10010,C000770,6263,John Smith,2026-05-08,Completed,Service recovery plan,False
OUT001011,R10011,C000771,11313,Mary Smith,2026-05-08,Completed,Service recovery plan,False
OUT001012,R10012,C000772,40,Mary Smith,2026-05-07,In Progress,Executive escalation,True
OUT001013,R10013,C000772,40,Mary Smith,2026-05-08,In Progress,Executive escalation,True
OUT001014,R10014,C000772,40,Mary Smith,2026-05-09,In Progress,Executive escalation,True
OUT001015,R10015,C000774,9785,Barbara Barnes,2026-05-08,In Progress,Executive escalation,True
OUT001016,R10016,C000774,9785,Barbara Barnes,,Pending,Executive escalation,True
OUT001017,R10017,C000774,9785,Barbara Barnes,2026-05-09,In Progress,Executive escalation,True
OUT001018,R10018,C000775,6281,Eugene Calderon,2026-05-08,Completed,Service recovery plan,False
OUT001019,R10019,C000776,8587,James Roy,,Pending,Executive escalation,True
OUT001020,R10020,C000776,8587,James Roy,2026-05-08,In Progress,Executive escalation,True
OUT001021,R10021,C000776,8587,James Roy,2026-05-09,In Progress,Executive escalation,True
OUT001022,R10022,C000777,3336,Sandra Hunter,2026-05-07,In Progress,Executive escalation,True
OUT001023,R10023,C000777,3336,Sandra Hunter,2026-05-08,In Progress,Executive escalation,True
OUT001024,R10024,C000777,3336,Sandra Hunter,2026-05-09,In Progress,Executive escalation,True
OUT001025,R10025,C000778,12341,Roy Fields,2026-05-07,In Progress,Executive escalation,True
OUT001026,R10026,C000778,12341,Roy Fields,2026-05-08,In Progress,Executive escalation,True
OUT001027,R10027,C000778,12341,Roy Fields,2026-05-09,In Progress,Executive escalation,True
OUT001028,R10028,C000780,9341,Karen Collins,2026-05-07,Completed,Service recovery plan,False
OUT001029,R10029,C000781,4991,Mary Krause,2026-05-08,Completed,Service recovery plan,False
OUT001030,R10030,C000783,7790,Edward Castaneda,2026-05-08,Completed,Service recovery plan,False
OUT001031,R10031,C000784,4557,David Sutton,2026-05-07,Completed,Service recovery plan,False
OUT001032,R10032,C000785,12013,Katherine Kramer,2026-05-08,In Progress,Executive escalation,True
OUT001033,R10033,C000785,12013,Katherine Kramer,2026-05-08,In Progress,Executive escalation,True
OUT001034,R10034,C000785,12013,Katherine Kramer,2026-05-09,In Progress,Executive escalation,True
OUT001035,R10035,C000786,9459,Stephen Bond,2026-05-08,Completed,Service recovery plan,False
OUT001036,R10036,C000787,6229,Mary Smith,2026-05-08,Completed,Service recovery plan,False
OUT001037,R10037,C000788,3020,Mary Smith,2026-05-07,Completed,Service recovery plan,False
OUT001038,R10038,C000789,7988,Mary Rice,2026-05-08,In Progress,Executive escalation,True
OUT001039,R10039,C000789,7988,Mary Rice,2026-05-08,In Progress,Executive escalation,True
OUT001040,R10040,C000789,7988,Mary Rice,,Pending,Executive escalation,True
OUT001041,R10041,C000790,12432,Angela Smith,,Pending,Service recovery plan,True
OUT001042,R10042,C000792,12347,Ralph Preston,2026-05-08,Completed,Service recovery plan,False
OUT001043,R10043,C000794,4582,Brian House,2026-05-08,Completed,Service recovery plan,False
OUT001044,R10044,C000795,9819,Crystal Smith,2026-05-08,In Progress,Executive escalation,True
OUT001045,R10045,C000795,9819,Crystal Smith,,Pending,Executive escalation,True
OUT001046,R10046,C000795,9819,Crystal Smith,2026-05-09,In Progress,Executive escalation,True
OUT001047,R10047,C000796,771,Patricia Smith,,Pending,Service recovery plan,True
OUT001048,R10048,C000797,5672,Mary Smith,2026-05-08,In Progress,Executive escalation,True
OUT001049,R10049,C000797,5672,Mary Smith,2026-05-08,In Progress,Executive escalation,True
OUT001050,R10050,C000797,5672,Mary Smith,2026-05-09,In Progress,Executive escalation,True
OUT001051,R10051,C000799,4376,Scott Smith,2026-05-08,Completed,Service recovery plan,False
OUT001052,R10052,C000800,12210,Mary Smith,,Pending,Executive escalation,True
OUT001053,R10053,C000800,12210,Mary Smith,2026-05-08,In Progress,Executive escalation,True
OUT001054,R10054,C000800,12210,Mary Smith,,Pending,Executive escalation,True
OUT001055,R10055,C000802,10803,Laura Carey,2026-05-07,Completed,Service recovery plan,False
OUT001056,R10056,C000803,7298,Mary Barnes,2026-05-07,Completed,Service recovery plan,False
OUT001057,R10057,C000804,10278,Mary Farrell,2026-05-07,In Progress,Executive escalation,True
OUT001058,R10058,C000804,10278,Mary Farrell,2026-05-08,In Progress,Executive escalation,True
OUT001059,R10059,C000804,10278,Mary Farrell,2026-05-09,In Progress,Executive escalation,True
OUT001060,R10060,C000805,8697,Gerald Smith,2026-05-07,In Progress,Executive escalation,True
OUT001061,R10061,C000805,8697,Gerald Smith,2026-05-08,In Progress,Executive escalation,True
OUT001062,R10062,C000805,8697,Gerald Smith,2026-05-09,In Progress,Executive escalation,True
OUT001063,R10063,C000808,5907,Mary Proctor,2026-05-08,In Progress,Executive escalation,True
OUT001064,R10064,C000808,5907,Mary Proctor,2026-05-08,In Progress,Executive escalation,True
OUT001065,R10065,C000808,5907,Mary Proctor,2026-05-09,In Progress,Executive escalation,True
OUT001066,R10066,C000809,245,Deborah Smith,2026-05-08,Completed,Service recovery plan,False
OUT001067,R10067,C000810,6459,Vincent Valenzuela,2026-05-08,Completed,Service recovery plan,False
OUT001068,R10068,C000811,9325,Mary Navarro,2026-05-08,Completed,Service recovery plan,False
OUT001069,R10069,C000812,4863,Elizabeth Smith,,Pending,Service recovery plan,True
OUT001070,R10070,C000814,9375,George Smith,2026-05-07,Completed,Service recovery plan,False
OUT001071,R10071,C000815,6529,Aaron Smith,2026-05-07,Completed,Service recovery plan,False
OUT001072,R10072,C000817,12291,Jennifer Sims,2026-05-08,In Progress,Executive escalation,True
OUT001073,R10073,C000817,12291,Jennifer Sims,2026-05-08,In Progress,Executive escalation,True
OUT001074,R10074,C000817,12291,Jennifer Sims,2026-05-09,In Progress,Executive escalation,True
OUT001075,R10075,C000818,9690,Edward Mccoy,2026-05-07,Completed,Service recovery plan,False
OUT001076,R10076,C000819,9003,Judy Duran,2026-05-08,Completed,Service recovery plan,False
OUT001077,R10077,C000821,3074,Mary Smith,2026-05-07,In Progress,Executive escalation,True
OUT001078,R10078,C000821,3074,Mary Smith,2026-05-08,In Progress,Executive escalation,True
OUT001079,R10079,C000821,3074,Mary Smith,2026-05-09,In Progress,Executive escalation,True
OUT001080,R10080,C000822,3272,Julie Smith,2026-05-07,Completed,Service recovery plan,False
OUT001081,R10081,C000823,8618,Joan Trujillo,2026-05-08,Completed,Service recovery plan,False
OUT001082,R10082,C000824,3323,Megan Meyers,2026-05-08,Completed,Service recovery plan,False
OUT001083,R10083,C000825,6342,Kimberly Blair,2026-05-08,In Progress,Executive escalation,True
OUT001084,R10084,C000825,6342,Kimberly Blair,2026-05-08,In Progress,Executive escalation,True
OUT001085,R10085,C000825,6342,Kimberly Blair,2026-05-09,In Progress,Executive escalation,True
OUT001086,R10086,C000826,11263,Mary Keller,2026-05-07,In Progress,Executive escalation,True
OUT001087,R10087,C000826,11263,Mary Keller,2026-05-08,In Progress,Executive escalation,True
OUT001088,R10088,C000826,11263,Mary Keller,2026-05-09,In Progress,Executive escalation,True
OUT001089,R10089,C000828,5946,Daniel Smith,2026-05-08,Completed,Service recovery plan,False
OUT001090,R10090,C000829,5301,Mary Ward,2026-05-08,In Progress,Executive escalation,True
OUT001091,R10091,C000829,5301,Mary Ward,2026-05-08,In Progress,Executive escalation,True
OUT001092,R10092,C000829,5301,Mary Ward,2026-05-09,In Progress,Executive escalation,True
OUT001093,R10093,C000830,1762,Nicholas Smith,2026-05-08,Completed,Service recovery plan,False
OUT001094,R10094,C000831,7013,Amber Smith,2026-05-07,Completed,Service recovery plan,False
OUT001095,R10095,C000832,3868,Rachel Smith,2026-05-07,Completed,Service recovery plan,False
OUT001096,R10096,C000833,11606,Mary Cisneros,2026-05-08,In Progress,Executive escalation,True
OUT001097,R10097,C000833,11606,Mary Cisneros,2026-05-08,In Progress,Executive escalation,True
OUT001098,R10098,C000833,11606,Mary Cisneros,2026-05-09,In Progress,Executive escalation,True
OUT001099,R10099,C000835,1731,Michelle Bennett,2026-05-07,Completed,Service recovery plan,False
OUT001100,R10100,C000837,2429,Mary Roberts,,Pending,Service recovery plan,True
OUT001101,R10101,C000838,5741,Mary Spencer,,Pending,Service recovery plan,True
OUT001102,R10102,C000839,1498,Peter Bray,2026-05-08,Completed,Service recovery plan,False
OUT001103,R10103,C000840,455,Jeffrey Smith,2026-05-07,Completed,Service recovery plan,False
OUT001104,R10104,C000841,10854,Mary Coleman,2026-05-07,In Progress,Executive escalation,True
OUT001105,R10105,C000841,10854,Mary Coleman,,Pending,Executive escalation,True
OUT001106,R10106,C000841,10854,Mary Coleman,2026-05-09,In Progress,Executive escalation,True
OUT001107,R10107,C000842,1589,Matthew Brennan,,Pending,Service recovery plan,True
OUT001108,R10108,C000843,433,Mary Smith,2026-05-08,Completed,Service recovery plan,False
OUT001109,R10109,C000844,9872,Mary Aguilar,2026-05-07,Completed,Service recovery plan,False
OUT001110,R10110,C000845,5093,Sara Rice,,Pending,Service recovery plan,True
OUT001111,R10111,C000846,2609,Mary Smith,,Pending,Executive escalation,True
OUT001112,R10112,C000846,2609,Mary Smith,2026-05-08,In Progress,Executive escalation,True
OUT001113,R10113,C000846,2609,Mary Smith,2026-05-09,In Progress,Executive escalation,True
OUT001114,R10114,C000847,4159,Mary Castillo,2026-05-07,Completed,Service recovery plan,False
OUT001115,R10115,C000849,3676,Mary Smith,2026-05-08,In Progress,Executive escalation,True
OUT001116,R10116,C000849,3676,Mary Smith,,Pending,Executive escalation,True
OUT001117,R10117,C000849,3676,Mary Smith,,Pending,Executive escalation,True
OUT001118,R10118,C000850,4911,Mary Smith,2026-05-07,Completed,Service recovery plan,False
OUT001119,R10119,C000851,6319,Mary Merritt,2026-05-08,Completed,Service recovery plan,False
OUT001120,R10120,C000853,8198,Mary Frank,2026-05-07,Completed,Service recovery plan,False
OUT001121,R10121,C000854,8981,Mary Bennett,2026-05-08,Completed,Service recovery plan,False
OUT001122,R10122,C000855,7677,Mary Bonilla,,Pending,Service recovery plan,True
OUT001123,R10123,C000857,2155,Joshua Mckinney,2026-05-07,Completed,Service recovery plan,False
OUT001124,R10124,C000858,3581,Mary Pugh,,Pending,Service recovery plan,True
OUT001125,R10125,C000859,5302,Betty Smith,2026-05-07,Completed,Service recovery plan,False
OUT001126,R10126,C000860,12207,Jose Smith,2026-05-08,In Progress,Executive escalation,True
OUT001127,R10127,C000860,12207,Jose Smith,2026-05-08,In Progress,Executive escalation,True
OUT001128,R10128,C000860,12207,Jose Smith,2026-05-09,In Progress,Executive escalation,True
OUT001129,R10129,C000861,1806,Roger Smith,2026-05-08,Completed,Service recovery plan,False
OUT001130,R10130,C000862,4618,Andrea Smith,2026-05-07,Completed,Service recovery plan,False
OUT001131,R10131,C000863,4931,Arthur Smith,2026-05-08,Completed,Service recovery plan,False
OUT001132,R10132,C000864,3531,Amanda Foster,2026-05-07,Completed,Service recovery plan,False
OUT001133,R10133,C000865,5971,Philip Johnson,,Pending,Service recovery plan,True
OUT001134,R10134,C000866,9789,Daniel Valdez,2026-05-07,Completed,Service recovery plan,False
OUT001135,R10135,C000867,7186,Mary Meadows,2026-05-08,Completed,Service recovery plan,False
OUT001136,R10136,C000868,1619,Laura Smith,2026-05-08,Completed,Service recovery plan,False
OUT001137,R10137,C000870,2027,Jennifer Mills,2026-05-07,Completed,Service recovery plan,False
OUT001138,R10138,C000872,4654,Alexander Smith,2026-05-08,Completed,Service recovery plan,False
OUT001139,R10139,C000875,7158,Mary Todd,,Pending,Service recovery plan,True
OUT001140,R10140,C000876,7960,Ethan Thomas,2026-05-07,In Progress,Executive escalation,True
OUT001141,R10141,C000876,7960,Ethan Thomas,2026-05-08,In Progress,Executive escalation,True
OUT001142,R10142,C000876,7960,Ethan Thomas,2026-05-09,In Progress,Executive escalation,True
OUT001143,R10143,C000877,7590,Robert Johnson,2026-05-07,Completed,Service recovery plan,False
OUT001144,R10144,C000878,2252,Mary Smith,2026-05-07,Completed,Service recovery plan,False
OUT001145,R10145,C000880,2600,Deborah Smith,2026-05-07,Completed,Service recovery plan,False
OUT001146,R10146,C000881,5787,Jordan Medina,2026-05-08,Completed,Service recovery plan,False
OUT001147,R10147,C000882,8174,Jane Simmons,2026-05-07,Completed,Service recovery plan,False
OUT001148,R10148,C000884,6472,Albert Smith,2026-05-07,Completed,Service recovery plan,False
OUT001149,R10149,C000885,4907,Amanda Lopez,2026-05-08,In Progress,Executive escalation,True
OUT001150,R10150,C000885,4907,Amanda Lopez,2026-05-08,In Progress,Executive escalation,True
OUT001151,R10151,C000885,4907,Amanda Lopez,,Pending,Executive escalation,True
OUT001152,R10152,C000886,12301,John Smith,2026-05-08,Completed,Service recovery plan,False
OUT001153,R10153,C000887,2365,Sara Smith,,Pending,Executive escalation,True
OUT001154,R10154,C000887,2365,Sara Smith,,Pending,Executive escalation,True
OUT001155,R10155,C000887,2365,Sara Smith,2026-05-09,In Progress,Executive escalation,True
OUT001156,R10156,C000888,11678,Olivia Smith,,Pending,Executive escalation,True
OUT001157,R10157,C000888,11678,Olivia Smith,,Pending,Executive escalation,True
OUT001158,R10158,C000888,11678,Olivia Smith,,Pending,Executive escalation,True
OUT001159,R10159,C000889,11089,Mary Smith,2026-05-07,Completed,Service recovery plan,False
OUT001160,R10160,C000890,11061,Joseph Webster,2026-05-08,In Progress,Executive escalation,True
OUT001161,R10161,C000890,11061,Joseph Webster,,Pending,Executive escalation,True
OUT001162,R10162,C000890,11061,Joseph Webster,2026-05-09,In Progress,Executive escalation,True
OUT001163,R10163,C000891,8986,Mary Smith,2026-05-07,Completed,Service recovery plan,False
OUT001164,R10164,C000892,9847,Mary Smith,,Pending,Executive escalation,True
OUT001165,R10165,C000892,9847,Mary Smith,,Pending,Executive escalation,True
OUT001166,R10166,C000892,9847,Mary Smith,2026-05-09,In Progress,Executive escalation,True
OUT001167,R10167,C000893,5186,Jason Robinson,2026-05-08,Completed,Service recovery plan,False
OUT001168,R10168,C000896,1688,Mary Blake,2026-05-08,In Progress,Executive escalation,True
OUT001169,R10169,C000896,1688,Mary Blake,2026-05-08,In Progress,Executive escalation,True
OUT001170,R10170,C000896,1688,Mary Blake,,Pending,Executive escalation,True
OUT001171,R10171,C000897,8203,Nicole Harrison,2026-05-07,Completed,Service recovery plan,False
OUT001172,R10172,C000898,6236,Mary Martinez,2026-05-07,In Progress,Executive escalation,True
OUT001173,R10173,C000898,6236,Mary Martinez,2026-05-08,In Progress,Executive escalation,True
OUT001174,R10174,C000898,6236,Mary Martinez,2026-05-09,In Progress,Executive escalation,True
OUT001175,R10175,C000899,1685,Cheryl Buchanan,2026-05-08,In Progress,Executive escalation,True
OUT001176,R10176,C000899,1685,Cheryl Buchanan,2026-05-08,In Progress,Executive escalation,True
OUT001177,R10177,C000899,1685,Cheryl Buchanan,2026-05-09,In Progress,Executive escalation,True
OUT001178,R10178,C000900,9969,Mary Wright,2026-05-07,Completed,Service recovery plan,False
OUT001179,R10179,C000901,4186,Joseph Smith,2026-05-07,Completed,Service recovery plan,False
OUT001180,R10180,C000903,11817,Mary Smith,2026-05-08,Completed,Service recovery plan,False
OUT001181,R10181,C000904,11275,Kyle Wheeler,2026-05-07,In Progress,Executive escalation,True
OUT001182,R10182,C000904,11275,Kyle Wheeler,,Pending,Executive escalation,True
OUT001183,R10183,C000904,11275,Kyle Wheeler,,Pending,Executive escalation,True
OUT001184,R10184,C000905,6168,Arthur Li,,Pending,Service recovery plan,True
OUT001185,R10185,C000906,10118,Mary Reynolds,,Pending,Service recovery plan,True
OUT001186,R10186,C000907,1024,Paul Alvarado,2026-05-08,Completed,Service recovery plan,False
OUT001187,R10187,C000911,4901,Brenda Smith,2026-05-08,Completed,Service recovery plan,False
OUT001188,R10188,C000913,3280,Kathleen Smith,2026-05-07,In Progress,Executive escalation,True
OUT001189,R10189,C000913,3280,Kathleen Smith,,Pending,Executive escalation,True
OUT001190,R10190,C000913,3280,Kathleen Smith,2026-05-09,In Progress,Executive escalation,True
OUT001191,R10191,C000915,1430,Henry Smith,2026-05-07,Completed,Service recovery plan,False
OUT001192,R10192,C000916,8681,Cynthia Smith,2026-05-08,Completed,Service recovery plan,False
OUT001193,R10193,C000917,2769,Mary Hendricks,2026-05-07,In Progress,Executive escalation,True
OUT001194,R10194,C000917,2769,Mary Hendricks,2026-05-08,In Progress,Executive escalation,True
OUT001195,R10195,C000917,2769,Mary Hendricks,2026-05-09,In Progress,Executive escalation,True
OUT001196,R10196,C000919,7887,Mary Keller,,Pending,Service recovery plan,True
OUT001197,R10197,C000920,7848,Jessica Smith,2026-05-07,Completed,Service recovery plan,False
OUT001198,R10198,C000921,5644,Carl Horn,2026-05-07,Completed,Service recovery plan,False
OUT001199,R10199,C000922,9589,Jacqueline Arroyo,2026-05-08,In Progress,Executive escalation,True
OUT001200,R10200,C000922,9589,Jacqueline Arroyo,2026-05-08,In Progress,Executive escalation,True
OUT001201,R10201,C000922,9589,Jacqueline Arroyo,2026-05-09,In Progress,Executive escalation,True
OUT001202,R10202,C000923,4238,Bryan Griffin,2026-05-07,In Progress,Executive escalation,True
OUT001203,R10203,C000923,4238,Bryan Griffin,2026-05-08,In Progress,Executive escalation,True
OUT001204,R10204,C000923,4238,Bryan Griffin,2026-05-09,In Progress,Executive escalation,True
OUT001205,R10205,C000924,12213,Mary Smith,,Pending,Service recovery plan,True
OUT001206,R10206,C000925,8084,Mary Smith,,Pending,Service recovery plan,True
OUT001207,R10207,C000926,2083,Mary Smith,2026-05-08,In Progress,Executive escalation,True
OUT001208,R10208,C000926,2083,Mary Smith,2026-05-08,In Progress,Executive escalation,True
OUT001209,R10209,C000926,2083,Mary Smith,2026-05-09,In Progress,Executive escalation,True
OUT001210,R10210,C000927,2680,Jennifer Ferguson,2026-05-07,In Progress,Executive escalation,True
OUT001211,R10211,C000927,2680,Jennifer Ferguson,2026-05-08,In Progress,Executive escalation,True
OUT001212,R10212,C000927,2680,Jennifer Ferguson,2026-05-09,In Progress,Executive escalation,True
OUT001213,R10213,C000928,5657,Mary James,2026-05-08,Completed,Service recovery plan,False
OUT001214,R10214,C000929,9992,Mary Smith,2026-05-08,In Progress,Executive escalation,True
OUT001215,R10215,C000929,9992,Mary Smith,2026-05-08,In Progress,Executive escalation,True
OUT001216,R10216,C000929,9992,Mary Smith,2026-05-09,In Progress,Executive escalation,True
OUT001217,R10217,C000930,4959,Laura Baldwin,2026-05-07,Completed,Service recovery plan,False
OUT001218,R10218,C000931,4561,Scott Stone,2026-05-08,Completed,Service recovery plan,False
OUT001219,R10219,C000932,11662,Mary Smith,2026-05-07,Completed,Service recovery plan,False
OUT001220,R10220,C000933,5011,William Berg,,Pending,Service recovery plan,True
OUT001221,R10221,C000934,1946,Diane Smith,,Pending,Service recovery plan,True
OUT001222,R10222,C000935,3128,Karen Turner,2026-05-07,Completed,Service recovery plan,False
OUT001223,R10223,C000936,11694,Margaret Rios,2026-05-08,In Progress,Executive escalation,True
OUT001224,R10224,C000936,11694,Margaret Rios,2026-05-08,In Progress,Executive escalation,True
OUT001225,R10225,C000936,11694,Margaret Rios,,Pending,Executive escalation,True
OUT001226,R10226,C000938,5413,Mary Smith,2026-05-08,In Progress,Executive escalation,True
OUT001227,R10227,C000938,5413,Mary Smith,2026-05-08,In Progress,Executive escalation,True
OUT001228,R10228,C000938,5413,Mary Smith,2026-05-09,In Progress,Executive escalation,True
OUT001229,R10229,C000939,11448,Mary Tucker,2026-05-08,In Progress,Executive escalation,True
OUT001230,R10230,C000939,11448,Mary Tucker,,Pending,Executive escalation,True
OUT001231,R10231,C000939,11448,Mary Tucker,2026-05-09,In Progress,Executive escalation,True
OUT001232,R10232,C000940,11630,Mary Clark,2026-05-07,In Progress,Executive escalation,True
OUT001233,R10233,C000940,11630,Mary Clark,,Pending,Executive escalation,True
OUT001234,R10234,C000940,11630,Mary Clark,2026-05-09,In Progress,Executive escalation,True
OUT001235,R10235,C000942,8757,Tyler Gutierrez,2026-05-07,Completed,Service recovery plan,False
OUT001236,R10236,C000945,396,Deborah Smith,,Pending,Executive escalation,True
OUT001237,R10237,C000945,396,Deborah Smith,2026-05-08,In Progress,Executive escalation,True
OUT001238,R10238,C000945,396,Deborah Smith,2026-05-09,In Progress,Executive escalation,True
OUT001239,R10239,C000947,5296,Evelyn Jefferson,,Pending,Executive escalation,True
OUT001240,R10240,C000947,5296,Evelyn Jefferson,,Pending,Executive escalation,True
OUT001241,R10241,C000947,5296,Evelyn Jefferson,2026-05-09,In Progress,Executive escalation,True
OUT001242,R10242,C000951,11127,Mary Tucker,2026-05-07,Completed,Service recovery plan,False
OUT001243,R10243,C000952,3133,Ruth Becker,2026-05-07,Completed,Service recovery plan,False
OUT001244,R10244,C000953,7016,Jack Sloan,,Pending,Executive escalation,True
OUT001245,R10245,C000953,7016,Jack Sloan,2026-05-08,In Progress,Executive escalation,True
OUT001246,R10246,C000953,7016,Jack Sloan,2026-05-09,In Progress,Executive escalation,True
OUT001247,R10247,C000955,4768,Amanda Hays,2026-05-07,Completed,Service recovery plan,False
OUT001248,R10248,C000956,12362,Mary Smith,2026-05-08,Completed,Service recovery plan,False
OUT001249,R10249,C000958,866,James Davies,2026-05-07,Completed,Service recovery plan,False
OUT001250,R10250,C000959,8948,Russell Smith,2026-05-08,In Progress,Executive escalation,True
OUT001251,R10251,C000959,8948,Russell Smith,,Pending,Executive escalation,True
OUT001252,R10252,C000959,8948,Russell Smith,,Pending,Executive escalation,True
OUT001253,R10253,C000960,9039,Amber Wall,,Pending,Service recovery plan,True
OUT001254,R10254,C000963,7042,Mary Hudson,2026-05-07,Completed,Service recovery plan,False
OUT001255,R10255,C000964,11806,Mildred Hester,,Pending,Service recovery plan,True
OUT001256,R10256,C000965,8658,Mary Allen,2026-05-07,In Progress,Executive escalation,True
OUT001257,R10257,C000965,8658,Mary Allen,2026-05-08,In Progress,Executive escalation,True
OUT001258,R10258,C000965,8658,Mary Allen,2026-05-09,In Progress,Executive escalation,True
OUT001259,R10259,C000966,4320,Jordan Taylor,2026-05-07,Completed,Service recovery plan,False
OUT001260,R10260,C000967,5727,Mary Smith,2026-05-07,In Progress,Executive escalation,True
OUT001261,R10261,C000967,5727,Mary Smith,,Pending,Executive escalation,True
OUT001262,R10262,C000967,5727,Mary Smith,2026-05-09,In Progress,Executive escalation,True
OUT001263,R10263,C000968,5084,Edward Smith,2026-05-07,Completed,Service recovery plan,False
OUT001264,R10264,C000969,4164,Mary Smith,2026-05-07,Completed,Service recovery plan,False
OUT001265,R10265,C000970,11262,Laura Lopez,2026-05-08,Completed,Service recovery plan,False
OUT001266,R10266,C000971,242,Mary Stein,2026-05-08,In Progress,Executive escalation,True
OUT001267,R10267,C000971,242,Mary Stein,,Pending,Executive escalation,True
OUT001268,R10268,C000971,242,Mary Stein,2026-05-09,In Progress,Executive escalation,True
OUT001269,R10269,C000972,8542,Jane Rich,2026-05-07,In Progress,Executive escalation,True
OUT001270,R10270,C000972,8542,Jane Rich,2026-05-08,In Progress,Executive escalation,True
OUT001271,R10271,C000972,8542,Jane Rich,2026-05-09,In Progress,Executive escalation,True
OUT001272,R10272,C000973,12373,Mary Herman,2026-05-07,Completed,Service recovery plan,False
OUT001273,R10273,C000974,2250,Amanda Smith,2026-05-07,Completed,Service recovery plan,False
OUT001274,R10274,C000978,11388,Mary Rangel,2026-05-07,Completed,Service recovery plan,False
OUT001275,R10275,C000980,639,Elizabeth Pittman,,Pending,Service recovery plan,True
OUT001276,R10276,C000981,1092,George Garcia,2026-05-07,Completed,Service recovery plan,False
OUT001277,R10277,C000982,3763,Mary Martinez,,Pending,Executive escalation,True
OUT001278,R10278,C000982,3763,Mary Martinez,,Pending,Executive escalation,True
OUT001279,R10279,C000982,3763,Mary Martinez,2026-05-09,In Progress,Executive escalation,True
OUT001280,R10280,C000983,6969,Mary Smith,2026-05-07,Completed,Service recovery plan,False
OUT001281,R10281,C000984,7223,Mary Smith,2026-05-08,Completed,Service recovery plan,False
OUT001282,R10282,C000985,9260,Joyce Smith,2026-05-07,In Progress,Executive escalation,True
OUT001283,R10283,C000985,9260,Joyce Smith,2026-05-08,In Progress,Executive escalation,True
OUT001284,R10284,C000985,9260,Joyce Smith,2026-05-09,In Progress,Executive escalation,True
OUT001285,R10285,C000986,11668,Jean Smith,2026-05-07,Completed,Service recovery plan,False
OUT001286,R10286,C000988,11861,Brittany Bentley,2026-05-07,In Progress,Executive escalation,True
OUT001287,R10287,C000988,11861,Brittany Bentley,2026-05-08,In Progress,Executive escalation,True
OUT001288,R10288,C000988,11861,Brittany Bentley,2026-05-09,In Progress,Executive escalation,True
OUT001289,R10289,C000990,12253,Mary Chan,2026-05-08,Completed,Service recovery plan,False
OUT001290,R10290,C000991,888,Mary Smith,2026-05-07,In Progress,Executive escalation,True
OUT001291,R10291,C000991,888,Mary Smith,2026-05-08,In Progress,Executive escalation,True
OUT001292,R10292,C000991,888,Mary Smith,2026-05-09,In Progress,Executive escalation,True
OUT001293,R10293,C000993,6740,Brian Smith,2026-05-07,Completed,Service recovery plan,False
OUT001294,R10294,C000994,10778,Mary Mercado,2026-05-07,In Progress,Executive escalation,True
OUT001295,R10295,C000994,10778,Mary Mercado,2026-05-08,In Progress,Executive escalation,True
OUT001296,R10296,C000994,10778,Mary Mercado,2026-05-09,In Progress,Executive escalation,True
OUT001297,R10297,C000997,4698,Mary Collier,,Pending,Executive escalation,True
OUT001298,R10298,C000997,4698,Mary Collier,,Pending,Executive escalation,True
OUT001299,R10299,C000997,4698,Mary Collier,2026-05-09,In Progress,Executive escalation,True
OUT001300,R10300,C000998,8790,Mary Keller,2026-05-07,Completed,Service recovery plan,False
OUT001301,R10301,C000999,620,Roger Smith,2026-05-07,Completed,Service recovery plan,False
OUT001302,R10302,C001000,9191,Marie Smith,2026-05-08,In Progress,Executive escalation,True
OUT001303,R10303,C001000,9191,Marie Smith,2026-05-08,In Progress,Executive escalation,True
OUT001304,R10304,C001000,9191,Marie Smith,2026-05-09,In Progress,Executive escalation,True
OUT001305,R10305,C001001,9273,Bobby Smith,2026-05-07,Completed,Service recovery plan,False
OUT001306,R10306,C001003,1715,Mary Henson,2026-05-07,Completed,Service recovery plan,False
OUT001307,R10307,C001004,1494,Rebecca Ortiz,2026-05-08,Completed,Service recovery plan,False
OUT001308,R10308,C001005,10457,Elizabeth Watkins,2026-05-07,In Progress,Executive escalation,True
OUT001309,R10309,C001005,10457,Elizabeth Watkins,,Pending,Executive escalation,True
OUT001310,R10310,C001005,10457,Elizabeth Watkins,2026-05-09,In Progress,Executive escalation,True
OUT001311,R10311,C001007,8398,Mary Williams,2026-05-07,Completed,Service recovery plan,False
OUT001312,R10312,C001009,10567,Diana Smith,2026-05-07,In Progress,Executive escalation,True
OUT001313,R10313,C001009,10567,Diana Smith,2026-05-08,In Progress,Executive escalation,True
OUT001314,R10314,C001009,10567,Diana Smith,,Pending,Executive escalation,True
OUT001315,R10315,C001012,6573,Joseph Noble,,Pending,Executive escalation,True
OUT001316,R10316,C001012,6573,Joseph Noble,2026-05-08,In Progress,Executive escalation,True
OUT001317,R10317,C001012,6573,Joseph Noble,2026-05-09,In Progress,Executive escalation,True
OUT001318,R10318,C001014,10348,Alice Barnes,,Pending,Executive escalation,True
OUT001319,R10319,C001014,10348,Alice Barnes,2026-05-08,In Progress,Executive escalation,True
OUT001320,R10320,C001014,10348,Alice Barnes,2026-05-09,In Progress,Executive escalation,True
OUT001321,R10321,C001016,4967,Mary Maldonado,2026-05-08,Completed,Service recovery plan,False
OUT001322,R10322,C001017,1365,Evelyn Smith,2026-05-08,Completed,Service recovery plan,False
OUT001323,R10323,C001019,10934,Tiffany Walker,,Pending,Executive escalation,True
OUT001324,R10324,C001019,10934,Tiffany Walker,2026-05-08,In Progress,Executive escalation,True
OUT001325,R10325,C001019,10934,Tiffany Walker,2026-05-09,In Progress,Executive escalation,True
OUT001326,R10326,C001020,11058,Charles Wright,2026-05-08,In Progress,Executive escalation,True
OUT001327,R10327,C001020,11058,Charles Wright,2026-05-08,In Progress,Executive escalation,True
OUT001328,R10328,C001020,11058,Charles Wright,2026-05-09,In Progress,Executive escalation,True
OUT001329,R10329,C001021,10545,Kenneth Smith,2026-05-08,Completed,Service recovery plan,False
OUT001330,R10330,C001022,907,Samantha Kline,,Pending,Service recovery plan,True
OUT001331,R10331,C001025,9356,Nancy Johnson,2026-05-08,In Progress,Executive escalation,True
OUT001332,R10332,C001025,9356,Nancy Johnson,2026-05-08,In Progress,Executive escalation,True
OUT001333,R10333,C001025,9356,Nancy Johnson,2026-05-09,In Progress,Executive escalation,True
OUT001334,R10334,C001026,4278,Andrew Smith,2026-05-08,Completed,Service recovery plan,False
OUT001335,R10335,C001027,7005,James Carpenter,2026-05-08,In Progress,Executive escalation,True
OUT001336,R10336,C001027,7005,James Carpenter,2026-05-08,In Progress,Executive escalation,True
OUT001337,R10337,C001027,7005,James Carpenter,,Pending,Executive escalation,True
OUT001338,R10338,C001028,10891,Mary Smith,2026-05-08,Completed,Service recovery plan,False
OUT001339,R10339,C001029,7980,Jennifer Ortiz,2026-05-08,In Progress,Executive escalation,True
OUT001340,R10340,C001029,7980,Jennifer Ortiz,2026-05-08,In Progress,Executive escalation,True
OUT001341,R10341,C001029,7980,Jennifer Ortiz,,Pending,Executive escalation,True
OUT001342,R10342,C001030,1990,Kathryn Smith,2026-05-07,In Progress,Executive escalation,True
OUT001343,R10343,C001030,1990,Kathryn Smith,2026-05-08,In Progress,Executive escalation,True
OUT001344,R10344,C001030,1990,Kathryn Smith,2026-05-09,In Progress,Executive escalation,True
OUT001345,R10345,C001031,6405,Mary Anderson,2026-05-07,In Progress,Executive escalation,True
OUT001346,R10346,C001031,6405,Mary Anderson,2026-05-08,In Progress,Executive escalation,True
OUT001347,R10347,C001031,6405,Mary Anderson,2026-05-09,In Progress,Executive escalation,True
OUT001348,R10348,C001032,9990,Mary Smith,2026-05-08,Completed,Service recovery plan,False
OUT001349,R10349,C001033,3033,Kevin Larsen,2026-05-07,Completed,Service recovery plan,False
OUT001350,R10350,C001034,326,Shirley Stafford,,Pending,Executive escalation,True
OUT001351,R10351,C001034,326,Shirley Stafford,2026-05-08,In Progress,Executive escalation,True
OUT001352,R10352,C001034,326,Shirley Stafford,2026-05-09,In Progress,Executive escalation,True
OUT001353,R10353,C001035,586,Patricia Jefferson,2026-05-07,Completed,Service recovery plan,False
OUT001354,R10354,C001036,10765,Mary Byrd,2026-05-08,In Progress,Executive escalation,True
OUT001355,R10355,C001036,10765,Mary Byrd,2026-05-08,In Progress,Executive escalation,True
OUT001356,R10356,C001036,10765,Mary Byrd,,Pending,Executive escalation,True
OUT001357,R10357,C001037,254,Diana Hale,2026-05-08,Completed,Service recovery plan,False
OUT001358,R10358,C001038,9607,Mary Smith,2026-05-08,Completed,Service recovery plan,False
OUT001359,R10359,C001039,12384,Raymond Berry,2026-05-07,Completed,Service recovery plan,False
OUT001360,R10360,C001040,1624,Walter Huerta,,Pending,Executive escalation,True
OUT001361,R10361,C001040,1624,Walter Huerta,2026-05-08,In Progress,Executive escalation,True
OUT001362,R10362,C001040,1624,Walter Huerta,2026-05-09,In Progress,Executive escalation,True
OUT001363,R10363,C001041,7974,Mary Shaw,2026-05-07,In Progress,Executive escalation,True
OUT001364,R10364,C001041,7974,Mary Shaw,,Pending,Executive escalation,True
OUT001365,R10365,C001041,7974,Mary Shaw,2026-05-09,In Progress,Executive escalation,True
OUT001366,R10366,C001042,5878,Sharon Smith,2026-05-07,Completed,Service recovery plan,False
OUT001367,R10367,C001043,3580,Jessica Larson,2026-05-07,Completed,Service recovery plan,False
OUT001368,R10368,C001044,3167,Janice Ward,,Pending,Executive escalation,True
OUT001369,R10369,C001044,3167,Janice Ward,,Pending,Executive escalation,True
OUT001370,R10370,C001044,3167,Janice Ward,2026-05-09,In Progress,Executive escalation,True
OUT001371,R10371,C001045,9879,Linda Ibarra,,Pending,Executive escalation,True
OUT001372,R10372,C001045,9879,Linda Ibarra,2026-05-08,In Progress,Executive escalation,True
OUT001373,R10373,C001045,9879,Linda Ibarra,2026-05-09,In Progress,Executive escalation,True
OUT001374,R10374,C001046,9721,Mary Smith,2026-05-08,In Progress,Executive escalation,True
OUT001375,R10375,C001046,9721,Mary Smith,2026-05-08,In Progress,Executive escalation,True
OUT001376,R10376,C001046,9721,Mary Smith,,Pending,Executive escalation,True
OUT001377,R10377,C001047,2334,Mary Morgan,2026-05-07,Completed,Service recovery plan,False
OUT001378,R10378,C001048,10269,Mary Flowers,2026-05-07,In Progress,Executive escalation,True
OUT001379,R10379,C001048,10269,Mary Flowers,2026-05-08,In Progress,Executive escalation,True
OUT001380,R10380,C001048,10269,Mary Flowers,2026-05-09,In Progress,Executive escalation,True
OUT001381,R10381,C001049,434,Michael Torres,2026-05-07,In Progress,Executive escalation,True
OUT001382,R10382,C001049,434,Michael Torres,,Pending,Executive escalation,True
OUT001383,R10383,C001049,434,Michael Torres,2026-05-09,In Progress,Executive escalation,True
OUT001384,R10384,C001050,4276,Jacqueline Page,2026-05-08,Completed,Service recovery plan,False
OUT001385,R10385,C001051,10170,Mary Tyler,2026-05-07,Completed,Service recovery plan,False
OUT001386,R10386,C001053,11677,Christine Smith,,Pending,Service recovery plan,True
OUT001387,R10387,C001054,3918,Mary Smith,2026-05-07,Completed,Service recovery plan,False
OUT001388,R10388,C001055,7757,Donna Davis,2026-05-08,Completed,Service recovery plan,False
OUT001389,R10389,C001056,3678,Alice Castro,2026-05-08,In Progress,Executive escalation,True
OUT001390,R10390,C001056,3678,Alice Castro,,Pending,Executive escalation,True
OUT001391,R10391,C001056,3678,Alice Castro,2026-05-09,In Progress,Executive escalation,True
OUT001392,R10392,C001057,11306,Gerald Beasley,2026-05-07,Completed,Service recovery plan,False
OUT001393,R10393,C001058,7771,Janice Jackson,,Pending,Service recovery plan,True
OUT001394,R10394,C001060,5024,Thomas Klein,,Pending,Service recovery plan,True
OUT001395,R10395,C001061,1576,Dorothy Melton,2026-05-08,Completed,Service recovery plan,False
OUT001396,R10396,C001062,4861,Rebecca Smith,,Pending,Service recovery plan,True
OUT001397,R10397,C001063,8233,Mary Hanna,2026-05-08,Completed,Service recovery plan,False
OUT001398,R10398,C001064,11077,Andrew Smith,2026-05-07,Completed,Service recovery plan,False
OUT001399,R10399,C001065,5548,Michael Crawford,2026-05-07,Completed,Service recovery plan,False
OUT001400,R10400,C001066,647,Mary Rios,2026-05-08,Completed,Service recovery plan,False
OUT001401,R10401,C001067,6759,Matthew Smith,2026-05-07,Completed,Service recovery plan,False
OUT001402,R10402,C001068,9197,Mary Sutton,,Pending,Service recovery plan,True
OUT001403,R10403,C001070,4916,Larry Smith,2026-05-08,In Progress,Executive escalation,True
OUT001404,R10404,C001070,4916,Larry Smith,2026-05-08,In Progress,Executive escalation,True
OUT001405,R10405,C001070,4916,Larry Smith,,Pending,Executive escalation,True
OUT001406,R10406,C001071,8365,Matthew Norman,2026-05-08,In Progress,Executive escalation,True
OUT001407,R10407,C001071,8365,Matthew Norman,2026-05-08,In Progress,Executive escalation,True
OUT001408,R10408,C001071,8365,Matthew Norman,,Pending,Executive escalation,True
OUT001409,R10409,C001073,9726,Steven Smith,2026-05-08,Completed,Service recovery plan,False
OUT001410,R10410,C001074,9074,Margaret Smith,2026-05-08,Completed,Service recovery plan,False
OUT001411,R10411,C001075,6571,Brenda Gonzalez,2026-05-07,Completed,Service recovery plan,False
OUT001412,R10412,C001076,6746,Anthony Sanchez,2026-05-08,In Progress,Executive escalation,True
OUT001413,R10413,C001076,6746,Anthony Sanchez,2026-05-08,In Progress,Executive escalation,True
OUT001414,R10414,C001076,6746,Anthony Sanchez,2026-05-09,In Progress,Executive escalation,True
OUT001415,R10415,C001077,5660,Mary Maldonado,,Pending,Service recovery plan,True
OUT001416,R10416,C001078,4265,Debra Smith,2026-05-08,Completed,Service recovery plan,False
OUT001417,R10417,C001079,4190,Mary Martinez,2026-05-07,Completed,Service recovery plan,False
OUT001418,R10418,C001082,1466,Stephen Cole,2026-05-08,Completed,Service recovery plan,False
OUT001419,R10419,C001085,3468,Mary Romero,2026-05-07,Completed,Service recovery plan,False
OUT001420,R10420,C001086,4929,Janet Harvey,2026-05-07,Completed,Service recovery plan,False
OUT001421,R10421,C001087,376,Grace Sanchez,2026-05-07,Completed,Service recovery plan,False
OUT001422,R10422,C001090,8754,Paul Sanchez,2026-05-07,Completed,Service recovery plan,False
OUT001423,R10423,C001091,4422,Mary Schwartz,2026-05-08,Completed,Service recovery plan,False
OUT001424,R10424,C001092,12117,Helen Smith,2026-05-07,Completed,Service recovery plan,False
OUT001425,R10425,C001093,10617,Ruth Smith,2026-05-07,In Progress,Executive escalation,True
OUT001426,R10426,C001093,10617,Ruth Smith,2026-05-08,In Progress,Executive escalation,True
OUT001427,R10427,C001093,10617,Ruth Smith,,Pending,Executive escalation,True
OUT001428,R10428,C001095,11115,Michelle Smith,,Pending,Executive escalation,True
OUT001429,R10429,C001095,11115,Michelle Smith,2026-05-08,In Progress,Executive escalation,True
OUT001430,R10430,C001095,11115,Michelle Smith,2026-05-09,In Progress,Executive escalation,True
OUT001431,R10431,C001096,1997,Amy Callahan,2026-05-08,Completed,Service recovery plan,False
OUT001432,R10432,C001097,2610,Virginia Johnson,2026-05-08,In Progress,Executive escalation,True
OUT001433,R10433,C001097,2610,Virginia Johnson,,Pending,Executive escalation,True
OUT001434,R10434,C001097,2610,Virginia Johnson,,Pending,Executive escalation,True
OUT001435,R10435,C001098,4707,Victoria Smith,2026-05-07,Completed,Service recovery plan,False
OUT001436,R10436,C001100,10273,Mary Smith,2026-05-07,Completed,Service recovery plan,False
OUT001437,R10437,C001101,2157,Danielle Holt,2026-05-08,In Progress,Executive escalation,True
OUT001438,R10438,C001101,2157,Danielle Holt,2026-05-08,In Progress,Executive escalation,True
OUT001439,R10439,C001101,2157,Danielle Holt,2026-05-09,In Progress,Executive escalation,True
OUT001440,R10440,C001102,2830,Maria Baker,2026-05-08,Completed,Service recovery plan,False
OUT001441,R10441,C001103,10687,George Weeks,2026-05-08,Completed,Service recovery plan,False
OUT001442,R10442,C001104,9887,Margaret Valenzuela,,Pending,Service recovery plan,True
OUT001443,R10443,C001107,12382,Jennifer Smith,,Pending,Service recovery plan,True
OUT001444,R10444,C001108,7143,Mary Burnett,,Pending,Service recovery plan,True
OUT001445,R10445,C001110,4109,Scott Shaffer,,Pending,Service recovery plan,True
OUT001446,R10446,C001111,5198,Mary Smith,2026-05-08,Completed,Service recovery plan,False
OUT001447,R10447,C001113,9581,Deborah Smith,2026-05-07,In Progress,Executive escalation,True
OUT001448,R10448,C001113,9581,Deborah Smith,2026-05-08,In Progress,Executive escalation,True
OUT001449,R10449,C001113,9581,Deborah Smith,2026-05-09,In Progress,Executive escalation,True
OUT001450,R10450,C001115,11235,Judy Church,2026-05-08,Completed,Service recovery plan,False
OUT001451,R10451,C001116,8300,Mary Reynolds,2026-05-07,Completed,Service recovery plan,False
OUT001452,R10452,C001117,6165,Mary Gardner,2026-05-07,In Progress,Executive escalation,True
OUT001453,R10453,C001117,6165,Mary Gardner,2026-05-08,In Progress,Executive escalation,True
OUT001454,R10454,C001117,6165,Mary Gardner,2026-05-09,In Progress,Executive escalation,True
OUT001455,R10455,C001118,11984,Richard Smith,2026-05-08,Completed,Service recovery plan,False
OUT001456,R10456,C001119,6023,Shirley Webb,,Pending,Executive escalation,True
OUT001457,R10457,C001119,6023,Shirley Webb,2026-05-08,In Progress,Executive escalation,True
OUT001458,R10458,C001119,6023,Shirley Webb,2026-05-09,In Progress,Executive escalation,True
OUT001459,R10459,C001120,11407,Steven Powers,2026-05-08,In Progress,Executive escalation,True
OUT001460,R10460,C001120,11407,Steven Powers,2026-05-08,In Progress,Executive escalation,True
OUT001461,R10461,C001120,11407,Steven Powers,2026-05-09,In Progress,Executive escalation,True
OUT001462,R10462,C001121,10928,Sharon Smith,2026-05-07,In Progress,Executive escalation,True
OUT001463,R10463,C001121,10928,Sharon Smith,,Pending,Executive escalation,True
OUT001464,R10464,C001121,10928,Sharon Smith,2026-05-09,In Progress,Executive escalation,True
OUT001465,R10465,C001122,859,Dorothy Hawkins,2026-05-07,Completed,Service recovery plan,False
OUT001466,R10466,C001125,4815,Jerry Smith,2026-05-08,In Progress,Executive escalation,True
OUT001467,R10467,C001125,4815,Jerry Smith,2026-05-08,In Progress,Executive escalation,True
OUT001468,R10468,C001125,4815,Jerry Smith,2026-05-09,In Progress,Executive escalation,True
OUT001469,R10469,C001126,5594,Mary Davidson,2026-05-07,Completed,Service recovery plan,False
OUT001470,R10470,C001128,3509,Mary Perry,,Pending,Service recovery plan,True
OUT001471,R10471,C001129,11765,Steven Smith,2026-05-08,Completed,Service recovery plan,False
OUT001472,R10472,C001130,5671,Jacqueline Lam,,Pending,Service recovery plan,True
OUT001473,R10473,C001132,4432,Kenneth Gillespie,,Pending,Service recovery plan,True
OUT001474,R10474,C001133,9162,Christina Carter,2026-05-07,Completed,Service recovery plan,False
OUT001475,R10475,C001136,9632,Mary Tate,2026-05-08,Completed,Service recovery plan,False
OUT001476,R10476,C001137,10514,Mary Page,2026-05-07,Completed,Service recovery plan,False
OUT001477,R10477,C001138,2298,Elizabeth Smith,2026-05-07,Completed,Service recovery plan,False
OUT001478,R10478,C001139,12132,Mary Larson,2026-05-07,In Progress,Executive escalation,True
OUT001479,R10479,C001139,12132,Mary Larson,2026-05-08,In Progress,Executive escalation,True
OUT001480,R10480,C001139,12132,Mary Larson,2026-05-09,In Progress,Executive escalation,True
OUT001481,R10481,C001144,2169,Betty Ayala,2026-05-08,Completed,Service recovery plan,False
OUT001482,R10482,C001145,9639,Mary Smith,,Pending,Executive escalation,True
OUT001483,R10483,C001145,9639,Mary Smith,2026-05-08,In Progress,Executive escalation,True
OUT001484,R10484,C001145,9639,Mary Smith,2026-05-09,In Progress,Executive escalation,True
OUT001485,R10485,C001149,956,Karen Smith,2026-05-08,In Progress,Executive escalation,True
OUT001486,R10486,C001149,956,Karen Smith,,Pending,Executive escalation,True
OUT001487,R10487,C001149,956,Karen Smith,2026-05-09,In Progress,Executive escalation,True
OUT001488,R10488,C001150,7975,Eugene Davila,2026-05-08,In Progress,Executive escalation,True
OUT001489,R10489,C001150,7975,Eugene Davila,2026-05-08,In Progress,Executive escalation,True
OUT001490,R10490,C001150,7975,Eugene Davila,2026-05-09,In Progress,Executive escalation,True
OUT001491,R10491,C001151,1255,Richard Goodman,,Pending,Service recovery plan,True
OUT001492,R10492,C001152,5388,David Ashley,2026-05-08,Completed,Service recovery plan,False
OUT001493,R10493,C001153,5564,Mary Smith,2026-05-07,Completed,Service recovery plan,False
OUT001494,R10494,C001154,3926,Ann Allison,2026-05-08,Completed,Service recovery plan,False
OUT001495,R10495,C001155,8808,Kenneth Smith,2026-05-08,In Progress,Executive escalation,True
OUT001496,R10496,C001155,8808,Kenneth Smith,2026-05-08,In Progress,Executive escalation,True
OUT001497,R10497,C001155,8808,Kenneth Smith,2026-05-09,In Progress,Executive escalation,True
OUT001498,R10498,C001156,1058,Martha Smith,2026-05-08,Completed,Service recovery plan,False
OUT001499,R10499,C001157,436,Mary Smith,2026-05-08,In Progress,Executive escalation,True
OUT001500,R10500,C001157,436,Mary Smith,2026-05-08,In Progress,Executive escalation,True
OUT001501,R10501,C001157,436,Mary Smith,2026-05-09,In Progress,Executive escalation,True
OUT001502,R10502,C001159,10796,Debra Hardy,2026-05-08,Completed,Service recovery plan,False
OUT001503,R10503,C001160,5775,Joyce Garcia,2026-05-08,Completed,Service recovery plan,False
OUT001504,R10504,C001161,4025,Janet Schmidt,2026-05-08,Completed,Service recovery plan,False
OUT001505,R10505,C001162,6109,Zachary Tate,2026-05-07,Completed,Service recovery plan,False
OUT001506,R10506,C001163,9554,Mary Hayes,2026-05-08,Completed,Service recovery plan,False
OUT001507,R10507,C001165,5147,Mary Hurst,2026-05-07,In Progress,Executive escalation,True
OUT001508,R10508,C001165,5147,Mary Hurst,2026-05-08,In Progress,Executive escalation,True
OUT001509,R10509,C001165,5147,Mary Hurst,2026-05-09,In Progress,Executive escalation,True
OUT001510,R10510,C001166,10552,Mary Finley,2026-05-08,Completed,Service recovery plan,False
OUT001511,R10511,C001167,6854,Mary Wade,,Pending,Service recovery plan,True
OUT001512,R10512,C001168,11512,Mary Randall,,Pending,Executive escalation,True
OUT001513,R10513,C001168,11512,Mary Randall,2026-05-08,In Progress,Executive escalation,True
OUT001514,R10514,C001168,11512,Mary Randall,2026-05-09,In Progress,Executive escalation,True
OUT001515,R10515,C001169,1843,Frank Garcia,2026-05-07,In Progress,Executive escalation,True
OUT001516,R10516,C001169,1843,Frank Garcia,2026-05-08,In Progress,Executive escalation,True
OUT001517,R10517,C001169,1843,Frank Garcia,,Pending,Executive escalation,True
OUT001518,R10518,C001170,7910,Mary Camacho,2026-05-08,Completed,Service recovery plan,False
OUT001519,R10519,C001171,7716,David Middleton,,Pending,Service recovery plan,True
OUT001520,R10520,C001172,7593,Roger Bowman,,Pending,Service recovery plan,True
OUT001521,R10521,C001174,10685,Amy Walker,2026-05-07,Completed,Service recovery plan,False
OUT001522,R10522,C001175,7511,Mary Park,2026-05-08,Completed,Service recovery plan,False
OUT001523,R10523,C001176,11767,Joshua Huynh,2026-05-07,Completed,Service recovery plan,False
OUT001524,R10524,C001179,10172,Mary Pugh,2026-05-07,In Progress,Executive escalation,True
OUT001525,R10525,C001179,10172,Mary Pugh,2026-05-08,In Progress,Executive escalation,True
OUT001526,R10526,C001179,10172,Mary Pugh,,Pending,Executive escalation,True
OUT001527,R10527,C001181,1847,Mary Smith,2026-05-08,Completed,Service recovery plan,False
OUT001528,R10528,C001182,11689,Samantha Parker,2026-05-08,In Progress,Executive escalation,True
OUT001529,R10529,C001182,11689,Samantha Parker,,Pending,Executive escalation,True
OUT001530,R10530,C001182,11689,Samantha Parker,2026-05-09,In Progress,Executive escalation,True
OUT001531,R10531,C001183,6025,Mary Smith,2026-05-07,In Progress,Executive escalation,True
OUT001532,R10532,C001183,6025,Mary Smith,,Pending,Executive escalation,True
OUT001533,R10533,C001183,6025,Mary Smith,2026-05-09,In Progress,Executive escalation,True
OUT001534,R10534,C001184,4579,William Zimmerman,2026-05-07,Completed,Service recovery plan,False
OUT001535,R10535,C001185,2403,Christopher Hall,,Pending,Service recovery plan,True
OUT001536,R10536,C001186,7949,Mary Barrera,2026-05-08,Completed,Service recovery plan,False
OUT001537,R10537,C001188,11116,Mary Wu,2026-05-08,In Progress,Executive escalation,True
OUT001538,R10538,C001188,11116,Mary Wu,2026-05-08,In Progress,Executive escalation,True
OUT001539,R10539,C001188,11116,Mary Wu,2026-05-09,In Progress,Executive escalation,True
OUT001540,R10540,C001189,8488,Teresa Allen,2026-05-07,Completed,Service recovery plan,False
OUT001541,R10541,C001190,329,Samantha Higgins,2026-05-08,Completed,Service recovery plan,False
OUT001542,R10542,C001193,10766,Rose Roman,2026-05-07,Completed,Service recovery plan,False
OUT001543,R10543,C001195,8892,Russell Dennis,2026-05-08,In Progress,Executive escalation,True
OUT001544,R10544,C001195,8892,Russell Dennis,,Pending,Executive escalation,True
OUT001545,R10545,C001195,8892,Russell Dennis,2026-05-09,In Progress,Executive escalation,True
OUT001546,R10546,C001197,6883,Mary Smith,2026-05-07,Completed,Service recovery plan,False
OUT001547,R10547,C001199,10308,Mary Smith,2026-05-07,Completed,Service recovery plan,False
OUT001548,R10548,C001201,8529,Mary Watts,2026-05-07,Completed,Service recovery plan,False
OUT001549,R10549,C001204,5125,Mary Miller,2026-05-08,Completed,Service recovery plan,False
OUT001550,R10550,C001205,5989,Kathleen Becker,2026-05-08,Completed,Service recovery plan,False
OUT001551,R10551,C001206,10905,Lisa Warner,,Pending,Service recovery plan,True
OUT001552,R10552,C001207,11362,Michael Harmon,2026-05-07,Completed,Service recovery plan,False
OUT001553,R10553,C001208,6356,Mary Smith,2026-05-08,Completed,Service recovery plan,False
OUT001554,R10554,C001209,10899,William Soto,2026-05-08,Completed,Service recovery plan,False
OUT001555,R10555,C001210,2111,Joan Smith,2026-05-08,In Progress,Executive escalation,True
OUT001556,R10556,C001210,2111,Joan Smith,2026-05-08,In Progress,Executive escalation,True
OUT001557,R10557,C001210,2111,Joan Smith,2026-05-09,In Progress,Executive escalation,True
OUT001558,R10558,C001212,2759,Carolyn Ritter,2026-05-08,Completed,Service recovery plan,False
OUT001559,R10559,C001213,1567,Danielle Smith,2026-05-07,Completed,Service recovery plan,False
OUT001560,R10560,C001215,6942,Jordan Moran,2026-05-07,In Progress,Executive escalation,True
OUT001561,R10561,C001215,6942,Jordan Moran,2026-05-08,In Progress,Executive escalation,True
OUT001562,R10562,C001215,6942,Jordan Moran,2026-05-09,In Progress,Executive escalation,True
OUT001563,R10563,C001217,11816,Tammy Cannon,2026-05-08,In Progress,Executive escalation,True
OUT001564,R10564,C001217,11816,Tammy Cannon,2026-05-08,In Progress,Executive escalation,True
OUT001565,R10565,C001217,11816,Tammy Cannon,2026-05-09,In Progress,Executive escalation,True
OUT001566,R10566,C001220,55,Janet Farley,2026-05-07,Completed,Service recovery plan,False
OUT001567,R10567,C001221,2156,Mary Smith,,Pending,Executive escalation,True
OUT001568,R10568,C001221,2156,Mary Smith,,Pending,Executive escalation,True
OUT001569,R10569,C001221,2156,Mary Smith,2026-05-09,In Progress,Executive escalation,True
OUT001570,R10570,C001226,12101,Samantha Smith,2026-05-07,Completed,Service recovery plan,False
OUT001571,R10571,C001227,1812,Mary Smith,2026-05-07,Completed,Service recovery plan,False
OUT001572,R10572,C001228,2618,Nicole Jones,2026-05-08,Completed,Service recovery plan,False
OUT001573,R10573,C001229,4462,Mary Dillon,2026-05-08,Completed,Service recovery plan,False
OUT001574,R10574,C001230,11862,Mary Smith,2026-05-08,Completed,Service recovery plan,False
OUT001575,R10575,C001232,9924,Christine Smith,,Pending,Executive escalation,True
OUT001576,R10576,C001232,9924,Christine Smith,2026-05-08,In Progress,Executive escalation,True
OUT001577,R10577,C001232,9924,Christine Smith,2026-05-09,In Progress,Executive escalation,True
OUT001578,R10578,C001233,10631,Frances Smith,2026-05-07,Completed,Service recovery plan,False
OUT001579,R10579,C001234,9823,Mary Camacho,2026-05-07,Completed,Service recovery plan,False
OUT001580,R10580,C001236,4495,Mary White,2026-05-08,In Progress,Executive escalation,True
OUT001581,R10581,C001236,4495,Mary White,2026-05-08,In Progress,Executive escalation,True
OUT001582,R10582,C001236,4495,Mary White,2026-05-09,In Progress,Executive escalation,True
OUT001583,R10583,C001237,1848,Mary Brown,2026-05-07,Completed,Service recovery plan,False
OUT001584,R10584,C001238,12322,Mary Cain,2026-05-08,Completed,Service recovery plan,False
OUT001585,R10585,C001239,8612,Emma Smith,2026-05-07,Completed,Service recovery plan,False
OUT001586,R10586,C001241,1563,Carolyn Smith,2026-05-07,Completed,Service recovery plan,False
OUT001587,R10587,C001242,2469,Shawn Smith,2026-05-07,In Progress,Executive escalation,True
OUT001588,R10588,C001242,2469,Shawn Smith,2026-05-08,In Progress,Executive escalation,True
OUT001589,R10589,C001242,2469,Shawn Smith,2026-05-09,In Progress,Executive escalation,True
OUT001590,R10590,C001243,1733,Margaret Smith,,Pending,Executive escalation,True
OUT001591,R10591,C001243,1733,Margaret Smith,,Pending,Executive escalation,True
OUT001592,R10592,C001243,1733,Margaret Smith,,Pending,Executive escalation,True
OUT001593,R10593,C001244,6838,Lisa Garcia,2026-05-08,Completed,Service recovery plan,False
OUT001594,R10594,C001245,728,Anthony Rosario,2026-05-08,Completed,Service recovery plan,False
OUT001595,R10595,C001246,10453,Elizabeth Brewer,2026-05-07,Completed,Service recovery plan,False
OUT001596,R10596,C001247,6560,Melissa Smith,2026-05-08,In Progress,Executive escalation,True
OUT001597,R10597,C001247,6560,Melissa Smith,,Pending,Executive escalation,True
OUT001598,R10598,C001247,6560,Melissa Smith,,Pending,Executive escalation,True
OUT001599,R10599,C001249,383,Evelyn Smith,2026-05-08,In Progress,Executive escalation,True
OUT001600,R10600,C001249,383,Evelyn Smith,2026-05-08,In Progress,Executive escalation,True
OUT001601,R10601,C001249,383,Evelyn Smith,2026-05-09,In Progress,Executive escalation,True
OUT001602,R10602,C001250,12321,Helen Christensen,,Pending,Service recovery plan,True
OUT001603,R10603,C001251,6672,Mary Conrad,2026-05-08,Completed,Service recovery plan,False
OUT001604,R10604,C001252,9862,Mary Decker,2026-05-08,In Progress,Executive escalation,True
OUT001605,R10605,C001252,9862,Mary Decker,2026-05-08,In Progress,Executive escalation,True
OUT001606,R10606,C001252,9862,Mary Decker,2026-05-09,In Progress,Executive escalation,True
OUT001607,R10607,C001253,4875,Edward Peters,2026-05-07,Completed,Service recovery plan,False
OUT001608,R10608,C001254,846,Mary Powell,2026-05-08,Completed,Service recovery plan,False
OUT001609,R10609,C001255,3677,Sandra Edwards,2026-05-08,In Progress,Executive escalation,True
OUT001610,R10610,C001255,3677,Sandra Edwards,2026-05-08,In Progress,Executive escalation,True
OUT001611,R10611,C001255,3677,Sandra Edwards,2026-05-09,In Progress,Executive escalation,True
OUT001612,R10612,C001256,8987,Kathleen Price,2026-05-07,In Progress,Executive escalation,True
OUT001613,R10613,C001256,8987,Kathleen Price,2026-05-08,In Progress,Executive escalation,True
OUT001614,R10614,C001256,8987,Kathleen Price,2026-05-09,In Progress,Executive escalation,True
OUT001615,R10615,C001258,1478,Anna Sanchez,2026-05-07,In Progress,Executive escalation,True
OUT001616,R10616,C001258,1478,Anna Sanchez,2026-05-08,In Progress,Executive escalation,True
OUT001617,R10617,C001258,1478,Anna Sanchez,,Pending,Executive escalation,True
OUT001618,R10618,C001260,9352,Mary Lewis,2026-05-08,In Progress,Executive escalation,True
OUT001619,R10619,C001260,9352,Mary Lewis,2026-05-08,In Progress,Executive escalation,True
OUT001620,R10620,C001260,9352,Mary Lewis,,Pending,Executive escalation,True
OUT001621,R10621,C001261,9974,Olivia Smith,2026-05-08,In Progress,Executive escalation,True
OUT001622,R10622,C001261,9974,Olivia Smith,2026-05-08,In Progress,Executive escalation,True
OUT001623,R10623,C001261,9974,Olivia Smith,2026-05-09,In Progress,Executive escalation,True
OUT001624,R10624,C001262,5204,Andrew Smith,,Pending,Service recovery plan,True
OUT001625,R10625,C001264,3021,Nancy Alvarado,2026-05-07,Completed,Service recovery plan,False
OUT001626,R10626,C001265,5805,Raymond Bray,2026-05-07,In Progress,Executive escalation,True
OUT001627,R10627,C001265,5805,Raymond Bray,2026-05-08,In Progress,Executive escalation,True
OUT001628,R10628,C001265,5805,Raymond Bray,,Pending,Executive escalation,True
OUT001629,R10629,C001267,8447,Michael Smith,,Pending,Executive escalation,True
OUT001630,R10630,C001267,8447,Michael Smith,2026-05-08,In Progress,Executive escalation,True
OUT001631,R10631,C001267,8447,Michael Smith,2026-05-09,In Progress,Executive escalation,True
OUT001632,R10632,C001268,7216,Mary Hendrix,2026-05-08,Completed,Service recovery plan,False
OUT001633,R10633,C001269,514,Mary Johnson,2026-05-07,Completed,Service recovery plan,False
OUT001634,R10634,C001270,3595,Joshua Lewis,2026-05-07,Completed,Service recovery plan,False
OUT001635,R10635,C001271,8167,Betty Roberts,2026-05-08,Completed,Service recovery plan,False
OUT001636,R10636,C001274,8674,Mary Rhodes,2026-05-08,In Progress,Executive escalation,True
OUT001637,R10637,C001274,8674,Mary Rhodes,2026-05-08,In Progress,Executive escalation,True
OUT001638,R10638,C001274,8674,Mary Rhodes,2026-05-09,In Progress,Executive escalation,True
OUT001639,R10639,C001275,4665,Jessica York,2026-05-07,Completed,Service recovery plan,False
OUT001640,R10640,C001276,3631,Mary Smith,2026-05-07,Completed,Service recovery plan,False
OUT001641,R10641,C001278,5943,Mary Sherman,2026-05-07,In Progress,Executive escalation,True
OUT001642,R10642,C001278,5943,Mary Sherman,,Pending,Executive escalation,True
OUT001643,R10643,C001278,5943,Mary Sherman,2026-05-09,In Progress,Executive escalation,True
OUT001644,R10644,C001279,3316,Mary Oconnor,2026-05-07,In Progress,Executive escalation,True
OUT001645,R10645,C001279,3316,Mary Oconnor,,Pending,Executive escalation,True
OUT001646,R10646,C001279,3316,Mary Oconnor,2026-05-09,In Progress,Executive escalation,True
OUT001647,R10647,C001281,4798,Mary Smith,2026-05-08,In Progress,Executive escalation,True
OUT001648,R10648,C001281,4798,Mary Smith,2026-05-08,In Progress,Executive escalation,True
OUT001649,R10649,C001281,4798,Mary Smith,2026-05-09,In Progress,Executive escalation,True
OUT001650,R10650,C001282,5427,Betty Lester,2026-05-07,Completed,Service recovery plan,False
OUT001651,R10651,C001283,8260,Teresa Berg,2026-05-07,In Progress,Executive escalation,True
OUT001652,R10652,C001283,8260,Teresa Berg,2026-05-08,In Progress,Executive escalation,True
OUT001653,R10653,C001283,8260,Teresa Berg,2026-05-09,In Progress,Executive escalation,True
OUT001654,R10654,C001284,8929,David Smith,,Pending,Service recovery plan,True
OUT001655,R10655,C001285,2091,Doris Smith,2026-05-07,In Progress,Executive escalation,True
OUT001656,R10656,C001285,2091,Doris Smith,2026-05-08,In Progress,Executive escalation,True
OUT001657,R10657,C001285,2091,Doris Smith,2026-05-09,In Progress,Executive escalation,True
OUT001658,R10658,C001286,5280,Mary Day,2026-05-08,Completed,Service recovery plan,False
OUT001659,R10659,C001288,927,Diana Smith,2026-05-08,In Progress,Executive escalation,True
OUT001660,R10660,C001288,927,Diana Smith,,Pending,Executive escalation,True
OUT001661,R10661,C001288,927,Diana Smith,,Pending,Executive escalation,True
OUT001662,R10662,C001289,6179,Samuel Henderson,2026-05-08,In Progress,Executive escalation,True
OUT001663,R10663,C001289,6179,Samuel Henderson,2026-05-08,In Progress,Executive escalation,True
OUT001664,R10664,C001289,6179,Samuel Henderson,2026-05-09,In Progress,Executive escalation,True
OUT001665,R10665,C001290,1346,Mary Gutierrez,2026-05-07,Completed,Service recovery plan,False
OUT001666,R10666,C001292,1298,Susan Fuller,2026-05-08,Completed,Service recovery plan,False
OUT001667,R10667,C001294,140,Amanda Smith,2026-05-07,Completed,Service recovery plan,False
OUT001668,R10668,C001295,3925,Mary Hicks,2026-05-08,In Progress,Executive escalation,True
OUT001669,R10669,C001295,3925,Mary Hicks,,Pending,Executive escalation,True
OUT001670,R10670,C001295,3925,Mary Hicks,2026-05-09,In Progress,Executive escalation,True
OUT001671,R10671,C001296,11039,Mary Torres,2026-05-08,Completed,Service recovery plan,False
OUT001672,R10672,C001297,252,Mary Frazier,2026-05-08,In Progress,Executive escalation,True
OUT001673,R10673,C001297,252,Mary Frazier,2026-05-08,In Progress,Executive escalation,True
OUT001674,R10674,C001297,252,Mary Frazier,,Pending,Executive escalation,True
OUT001675,R10675,C001299,7099,Mary Smith,2026-05-07,In Progress,Executive escalation,True
OUT001676,R10676,C001299,7099,Mary Smith,2026-05-08,In Progress,Executive escalation,True
OUT001677,R10677,C001299,7099,Mary Smith,2026-05-09,In Progress,Executive escalation,True
OUT001678,R10678,C001300,354,Edward Peterson,2026-05-08,Completed,Service recovery plan,False
OUT001679,R10679,C001301,7795,Sandra Smith,2026-05-08,In Progress,Executive escalation,True
OUT001680,R10680,C001301,7795,Sandra Smith,2026-05-08,In Progress,Executive escalation,True
OUT001681,R10681,C001301,7795,Sandra Smith,2026-05-09,In Progress,Executive escalation,True
OUT001682,R10682,C001302,2783,Mary Willis,2026-05-08,Completed,Service recovery plan,False
OUT001683,R10683,C001303,3660,Roger Smith,2026-05-07,In Progress,Executive escalation,True
OUT001684,R10684,C001303,3660,Roger Smith,2026-05-08,In Progress,Executive escalation,True
OUT001685,R10685,C001303,3660,Roger Smith,,Pending,Executive escalation,True
OUT001686,R10686,C001304,10442,Mary Hall,2026-05-08,Completed,Service recovery plan,False
OUT001687,R10687,C001305,4876,Harry Smith,2026-05-08,Completed,Service recovery plan,False
OUT001688,R10688,C001306,9739,Sara Rich,2026-05-07,In Progress,Executive escalation,True
OUT001689,R10689,C001306,9739,Sara Rich,2026-05-08,In Progress,Executive escalation,True
OUT001690,R10690,C001306,9739,Sara Rich,2026-05-09,In Progress,Executive escalation,True
OUT001691,R10691,C001309,11341,Mary Meyer,2026-05-08,Completed,Service recovery plan,False
OUT001692,R10692,C001310,8889,Evelyn Brown,2026-05-07,Completed,Service recovery plan,False
OUT001693,R10693,C001311,7163,Mary Jones,2026-05-08,Completed,Service recovery plan,False
OUT001694,R10694,C001312,7864,Alice Smith,2026-05-08,In Progress,Executive escalation,True
OUT001695,R10695,C001312,7864,Alice Smith,2026-05-08,In Progress,Executive escalation,True
OUT001696,R10696,C001312,7864,Alice Smith,2026-05-09,In Progress,Executive escalation,True
OUT001697,R10697,C001313,10701,Amanda Smith,,Pending,Service recovery plan,True
OUT001698,R10698,C001314,290,Mary Garza,2026-05-07,Completed,Service recovery plan,False
OUT001699,R10699,C001316,5051,Brenda Smith,2026-05-07,Completed,Service recovery plan,False
OUT001700,R10700,C001317,10584,Mary Smith,2026-05-08,Completed,Service recovery plan,False
OUT001701,R10701,C001318,4400,Madison Morris,2026-05-07,Completed,Service recovery plan,False
OUT001702,R10702,C001319,2585,Kyle Rice,2026-05-07,In Progress,Executive escalation,True
OUT001703,R10703,C001319,2585,Kyle Rice,2026-05-08,In Progress,Executive escalation,True
OUT001704,R10704,C001319,2585,Kyle Rice,2026-05-09,In Progress,Executive escalation,True
OUT001705,R10705,C001320,6003,Mary Smith,2026-05-07,In Progress,Executive escalation,True
OUT001706,R10706,C001320,6003,Mary Smith,2026-05-08,In Progress,Executive escalation,True
OUT001707,R10707,C001320,6003,Mary Smith,,Pending,Executive escalation,True
OUT001708,R10708,C001321,12365,Mary Pearson,2026-05-08,In Progress,Executive escalation,True
OUT001709,R10709,C001321,12365,Mary Pearson,2026-05-08,In Progress,Executive escalation,True
OUT001710,R10710,C001321,12365,Mary Pearson,2026-05-09,In Progress,Executive escalation,True
OUT001711,R10711,C001322,9058,Mary Ramos,2026-05-08,Completed,Service recovery plan,False
OUT001712,R10712,C001323,8999,Paul Smith,2026-05-08,In Progress,Executive escalation,True
OUT001713,R10713,C001323,8999,Paul Smith,2026-05-08,In Progress,Executive escalation,True
OUT001714,R10714,C001323,8999,Paul Smith,2026-05-09,In Progress,Executive escalation,True
OUT001715,R10715,C001324,11897,Virginia Herrera,2026-05-07,Completed,Service recovery plan,False
OUT001716,R10716,C001326,3224,Kevin Bowers,2026-05-07,Completed,Service recovery plan,False
OUT001717,R10717,C001327,6730,Mary Gallegos,2026-05-08,In Progress,Executive escalation,True
OUT001718,R10718,C001327,6730,Mary Gallegos,2026-05-08,In Progress,Executive escalation,True
OUT001719,R10719,C001327,6730,Mary Gallegos,2026-05-09,In Progress,Executive escalation,True
OUT001720,R10720,C001328,8298,Theresa Russell,2026-05-08,Completed,Service recovery plan,False
OUT001721,R10721,C001329,6649,Mary Smith,,Pending,Executive escalation,True
OUT001722,R10722,C001329,6649,Mary Smith,2026-05-08,In Progress,Executive escalation,True
OUT001723,R10723,C001329,6649,Mary Smith,2026-05-09,In Progress,Executive escalation,True
OUT001724,R10724,C001331,3739,Terry Long,2026-05-08,Completed,Service recovery plan,False
OUT001725,R10725,C001332,7850,Mary Lara,2026-05-08,In Progress,Executive escalation,True
OUT001726,R10726,C001332,7850,Mary Lara,,Pending,Executive escalation,True
OUT001727,R10727,C001332,7850,Mary Lara,2026-05-09,In Progress,Executive escalation,True
OUT001728,R10728,C001333,7318,John Allen,2026-05-08,Completed,Service recovery plan,False
OUT001729,R10729,C001334,10925,Marie Abbott,,Pending,Executive escalation,True
OUT001730,R10730,C001334,10925,Marie Abbott,2026-05-08,In Progress,Executive escalation,True
OUT001731,R10731,C001334,10925,Marie Abbott,2026-05-09,In Progress,Executive escalation,True
OUT001732,R10732,C001335,10406,Michael Smith,,Pending,Service recovery plan,True
OUT001733,R10733,C001336,1383,Catherine Smith,2026-05-07,In Progress,Executive escalation,True
OUT001734,R10734,C001336,1383,Catherine Smith,2026-05-08,In Progress,Executive escalation,True
OUT001735,R10735,C001336,1383,Catherine Smith,2026-05-09,In Progress,Executive escalation,True
OUT001736,R10736,C001337,6688,Mary Smith,2026-05-07,In Progress,Executive escalation,True
OUT001737,R10737,C001337,6688,Mary Smith,2026-05-08,In Progress,Executive escalation,True
OUT001738,R10738,C001337,6688,Mary Smith,2026-05-09,In Progress,Executive escalation,True
OUT001739,R10739,C001338,4308,William Smith,2026-05-08,In Progress,Executive escalation,True
OUT001740,R10740,C001338,4308,William Smith,2026-05-08,In Progress,Executive escalation,True
OUT001741,R10741,C001338,4308,William Smith,2026-05-09,In Progress,Executive escalation,True
OUT001742,R10742,C001339,7141,Mary Jackson,2026-05-08,Completed,Service recovery plan,False
OUT001743,R10743,C001340,10022,Alice Smith,,Pending,Executive escalation,True
OUT001744,R10744,C001340,10022,Alice Smith,2026-05-08,In Progress,Executive escalation,True
OUT001745,R10745,C001340,10022,Alice Smith,2026-05-09,In Progress,Executive escalation,True
OUT001746,R10746,C001343,3296,Mary Smith,2026-05-08,In Progress,Executive escalation,True
OUT001747,R10747,C001343,3296,Mary Smith,2026-05-08,In Progress,Executive escalation,True
OUT001748,R10748,C001343,3296,Mary Smith,2026-05-09,In Progress,Executive escalation,True
OUT001749,R10749,C001344,452,Carl Smith,2026-05-08,Completed,Service recovery plan,False
OUT001750,R10750,C001345,8675,Zachary Smith,2026-05-07,In Progress,Executive escalation,True
OUT001751,R10751,C001345,8675,Zachary Smith,2026-05-08,In Progress,Executive escalation,True
OUT001752,R10752,C001345,8675,Zachary Smith,2026-05-09,In Progress,Executive escalation,True
OUT001753,R10753,C001346,5797,Roy Smith,2026-05-07,Completed,Service recovery plan,False
OUT001754,R10754,C001347,4713,Jack Smith,2026-05-08,Completed,Service recovery plan,False
OUT001755,R10755,C001349,9302,Melissa Smith,2026-05-08,In Progress,Executive escalation,True
OUT001756,R10756,C001349,9302,Melissa Smith,2026-05-08,In Progress,Executive escalation,True
OUT001757,R10757,C001349,9302,Melissa Smith,,Pending,Executive escalation,True
OUT001758,R10758,C001352,12061,Ruth Huffman,2026-05-07,Completed,Service recovery plan,False
OUT001759,R10759,C001353,5300,Joseph Smith,2026-05-07,Completed,Service recovery plan,False
OUT001760,R10760,C001354,2078,Roger Morales,2026-05-08,In Progress,Executive escalation,True
OUT001761,R10761,C001354,2078,Roger Morales,2026-05-08,In Progress,Executive escalation,True
OUT001762,R10762,C001354,2078,Roger Morales,,Pending,Executive escalation,True
OUT001763,R10763,C001355,2717,Mary Smith,2026-05-08,Completed,Service recovery plan,False
OUT001764,R10764,C001356,10506,Mary Smith,,Pending,Service recovery plan,True
OUT001765,R10765,C001357,8768,Evelyn Bradford,,Pending,Executive escalation,True
OUT001766,R10766,C001357,8768,Evelyn Bradford,,Pending,Executive escalation,True
OUT001767,R10767,C001357,8768,Evelyn Bradford,2026-05-09,In Progress,Executive escalation,True
OUT001768,R10768,C001358,2325,Mary Johnson,,Pending,Executive escalation,True
OUT001769,R10769,C001358,2325,Mary Johnson,,Pending,Executive escalation,True
OUT001770,R10770,C001358,2325,Mary Johnson,2026-05-09,In Progress,Executive escalation,True
OUT001771,R10771,C001360,2727,Henry Smith,2026-05-08,Completed,Service recovery plan,False
OUT001772,R10772,C001361,11154,Pamela Dickerson,2026-05-07,In Progress,Executive escalation,True
OUT001773,R10773,C001361,11154,Pamela Dickerson,2026-05-08,In Progress,Executive escalation,True
OUT001774,R10774,C001361,11154,Pamela Dickerson,2026-05-09,In Progress,Executive escalation,True
OUT001775,R10775,C001362,2367,Sean Smith,2026-05-08,Completed,Service recovery plan,False
OUT001776,R10776,C001363,990,Mary Ellison,2026-05-08,In Progress,Executive escalation,True
OUT001777,R10777,C001363,990,Mary Ellison,2026-05-08,In Progress,Executive escalation,True
OUT001778,R10778,C001363,990,Mary Ellison,2026-05-09,In Progress,Executive escalation,True
OUT001779,R10779,C001364,10954,Mary White,2026-05-08,Completed,Service recovery plan,False
OUT001780,R10780,C001365,6184,James Potter,2026-05-08,In Progress,Executive escalation,True
OUT001781,R10781,C001365,6184,James Potter,,Pending,Executive escalation,True
OUT001782,R10782,C001365,6184,James Potter,2026-05-09,In Progress,Executive escalation,True
OUT001783,R10783,C001366,6199,Mary Jacobs,2026-05-07,In Progress,Executive escalation,True
OUT001784,R10784,C001366,6199,Mary Jacobs,,Pending,Executive escalation,True
OUT001785,R10785,C001366,6199,Mary Jacobs,2026-05-09,In Progress,Executive escalation,True
OUT001786,R10786,C001367,4479,Billy Mooney,2026-05-07,Completed,Service recovery plan,False
OUT001787,R10787,C001368,7492,Vincent Smith,2026-05-07,Completed,Service recovery plan,False
OUT001788,R10788,C001369,10296,Mary Ramos,2026-05-08,Completed,Service recovery plan,False
OUT001789,R10789,C001370,9126,Philip Anderson,2026-05-07,Completed,Service recovery plan,False
OUT001790,R10790,C001371,4505,Mary Smith,,Pending,Service recovery plan,True
OUT001791,R10791,C001372,9609,Mary Lucero,2026-05-07,In Progress,Executive escalation,True
OUT001792,R10792,C001372,9609,Mary Lucero,2026-05-08,In Progress,Executive escalation,True
OUT001793,R10793,C001372,9609,Mary Lucero,2026-05-09,In Progress,Executive escalation,True
OUT001794,R10794,C001373,1936,Jane Jennings,2026-05-07,Completed,Service recovery plan,False
OUT001795,R10795,C001375,2025,Mary Fleming,2026-05-08,In Progress,Executive escalation,True
OUT001796,R10796,C001375,2025,Mary Fleming,2026-05-08,In Progress,Executive escalation,True
OUT001797,R10797,C001375,2025,Mary Fleming,2026-05-09,In Progress,Executive escalation,True
OUT001798,R10798,C001376,4253,Maria Smith,2026-05-08,Completed,Service recovery plan,False
OUT001799,R10799,C001377,6488,Mary Smith,2026-05-08,Completed,Service recovery plan,False
OUT001800,R10800,C001378,4113,Frank Smith,2026-05-08,In Progress,Executive escalation,True
OUT001801,R10801,C001378,4113,Frank Smith,2026-05-08,In Progress,Executive escalation,True
OUT001802,R10802,C001378,4113,Frank Smith,2026-05-09,In Progress,Executive escalation,True
OUT001803,R10803,C001379,5612,Mary Huang,,Pending,Executive escalation,True
OUT001804,R10804,C001379,5612,Mary Huang,2026-05-08,In Progress,Executive escalation,True
OUT001805,R10805,C001379,5612,Mary Huang,2026-05-09,In Progress,Executive escalation,True
OUT001806,R10806,C001380,5234,Shirley Humphrey,2026-05-07,In Progress,Executive escalation,True
OUT001807,R10807,C001380,5234,Shirley Humphrey,,Pending,Executive escalation,True
OUT001808,R10808,C001380,5234,Shirley Humphrey,2026-05-09,In Progress,Executive escalation,True
OUT001809,R10809,C001381,1038,Christine Briggs,2026-05-07,Completed,Service recovery plan,False
OUT001810,R10810,C001383,8949,Mary Thompson,,Pending,Executive escalation,True
OUT001811,R10811,C001383,8949,Mary Thompson,2026-05-08,In Progress,Executive escalation,True
OUT001812,R10812,C001383,8949,Mary Thompson,2026-05-09,In Progress,Executive escalation,True
OUT001813,R10813,C001384,1393,Ryan Hodge,2026-05-07,Completed,Service recovery plan,False
OUT001814,R10814,C001385,4016,Mary Smith,2026-05-08,Completed,Service recovery plan,False
OUT001815,R10815,C001386,7403,Jason Smith,2026-05-08,Completed,Service recovery plan,False
OUT001816,R10816,C001387,10017,John Smith,2026-05-07,Completed,Service recovery plan,False
OUT001817,R10817,C001388,5012,Karen Smith,2026-05-07,Completed,Service recovery plan,False
OUT001818,R10818,C001389,7271,Karen Barber,2026-05-07,Completed,Service recovery plan,False
OUT001819,R10819,C001390,9463,Mary Key,2026-05-08,Completed,Service recovery plan,False
OUT001820,R10820,C001391,187,Mildred Herrera,2026-05-07,In Progress,Executive escalation,True
OUT001821,R10821,C001391,187,Mildred Herrera,2026-05-08,In Progress,Executive escalation,True
OUT001822,R10822,C001391,187,Mildred Herrera,2026-05-09,In Progress,Executive escalation,True
OUT001823,R10823,C001392,6724,Benjamin Smith,2026-05-08,In Progress,Executive escalation,True
OUT001824,R10824,C001392,6724,Benjamin Smith,2026-05-08,In Progress,Executive escalation,True
OUT001825,R10825,C001392,6724,Benjamin Smith,2026-05-09,In Progress,Executive escalation,True
OUT001826,R10826,C001395,9573,Grace Gould,,Pending,Service recovery plan,True
OUT001827,R10827,C001396,7844,Scott Smith,2026-05-07,Completed,Service recovery plan,False
OUT001828,R10828,C001397,10194,Bobby Walker,2026-05-08,Completed,Service recovery plan,False
OUT001829,R10829,C001399,7739,Kathy Morris,2026-05-08,Completed,Service recovery plan,False
OUT001830,R10830,C001400,10898,James Knight,2026-05-07,Completed,Service recovery plan,False
OUT001831,R10831,C001401,4758,Mary Mendoza,2026-05-08,Completed,Service recovery plan,False
OUT001832,R10832,C001402,6088,Mary Brooks,2026-05-08,Completed,Service recovery plan,False
OUT001833,R10833,C001403,3375,Mary Sanchez,2026-05-08,Completed,Service recovery plan,False
OUT001834,R10834,C001404,3493,Joseph Simmons,,Pending,Executive escalation,True
OUT001835,R10835,C001404,3493,Joseph Simmons,2026-05-08,In Progress,Executive escalation,True
OUT001836,R10836,C001404,3493,Joseph Simmons,,Pending,Executive escalation,True
OUT001837,R10837,C001405,259,Mary Bates,,Pending,Service recovery plan,True
OUT001838,R10838,C001406,1013,Frances Smith,2026-05-08,In Progress,Executive escalation,True
OUT001839,R10839,C001406,1013,Frances Smith,2026-05-08,In Progress,Executive escalation,True
OUT001840,R10840,C001406,1013,Frances Smith,2026-05-09,In Progress,Executive escalation,True
OUT001841,R10841,C001407,11311,Julie White,,Pending,Executive escalation,True
OUT001842,R10842,C001407,11311,Julie White,2026-05-08,In Progress,Executive escalation,True
OUT001843,R10843,C001407,11311,Julie White,,Pending,Executive escalation,True
OUT001844,R10844,C001408,7595,Mary Meyer,2026-05-07,Completed,Service recovery plan,False
OUT001845,R10845,C001409,11801,Shirley Smith,,Pending,Executive escalation,True
OUT001846,R10846,C001409,11801,Shirley Smith,2026-05-08,In Progress,Executive escalation,True
OUT001847,R10847,C001409,11801,Shirley Smith,2026-05-09,In Progress,Executive escalation,True
OUT001848,R10848,C001410,8038,Donald Smith,2026-05-07,In Progress,Executive escalation,True
OUT001849,R10849,C001410,8038,Donald Smith,2026-05-08,In Progress,Executive escalation,True
OUT001850,R10850,C001410,8038,Donald Smith,2026-05-09,In Progress,Executive escalation,True
OUT001851,R10851,C001411,11895,Timothy Walter,2026-05-08,In Progress,Executive escalation,True
OUT001852,R10852,C001411,11895,Timothy Walter,2026-05-08,In Progress,Executive escalation,True
OUT001853,R10853,C001411,11895,Timothy Walter,2026-05-09,In Progress,Executive escalation,True
OUT001854,R10854,C001412,7667,Henry Maldonado,2026-05-07,Completed,Service recovery plan,False
OUT001855,R10855,C001413,1175,Mary Gray,2026-05-07,Completed,Service recovery plan,False
OUT001856,R10856,C001414,1735,Mary Gill,2026-05-07,Completed,Service recovery plan,False
OUT001857,R10857,C001416,6397,Mary Carr,2026-05-07,Completed,Service recovery plan,False
OUT001858,R10858,C001417,10951,Austin Weiss,2026-05-07,In Progress,Executive escalation,True
OUT001859,R10859,C001417,10951,Austin Weiss,2026-05-08,In Progress,Executive escalation,True
OUT001860,R10860,C001417,10951,Austin Weiss,2026-05-09,In Progress,Executive escalation,True
OUT001861,R10861,C001420,4562,Mary Smith,2026-05-07,In Progress,Executive escalation,True
OUT001862,R10862,C001420,4562,Mary Smith,2026-05-08,In Progress,Executive escalation,True
OUT001863,R10863,C001420,4562,Mary Smith,2026-05-09,In Progress,Executive escalation,True
OUT001864,R10864,C001422,642,Timothy Vasquez,2026-05-08,In Progress,Executive escalation,True
OUT001865,R10865,C001422,642,Timothy Vasquez,2026-05-08,In Progress,Executive escalation,True
OUT001866,R10866,C001422,642,Timothy Vasquez,2026-05-09,In Progress,Executive escalation,True
OUT001867,R10867,C001423,6178,Mary Smith,2026-05-08,Completed,Service recovery plan,False
OUT001868,R10868,C001424,5518,Patricia Smith,2026-05-07,Completed,Service recovery plan,False
OUT001869,R10869,C001425,7112,Mark Harris,2026-05-07,Completed,Service recovery plan,False
OUT001870,R10870,C001426,8294,Mary Smith,2026-05-08,In Progress,Executive escalation,True
OUT001871,R10871,C001426,8294,Mary Smith,2026-05-08,In Progress,Executive escalation,True
OUT001872,R10872,C001426,8294,Mary Smith,2026-05-09,In Progress,Executive escalation,True
OUT001873,R10873,C001428,9912,David Phillips,2026-05-07,Completed,Service recovery plan,False
OUT001874,R10874,C001429,3656,Willie Smith,2026-05-07,Completed,Service recovery plan,False
OUT001875,R10875,C001430,3503,Kathryn Davis,2026-05-07,Completed,Service recovery plan,False
OUT001876,R10876,C001431,9195,George Johns,2026-05-07,Completed,Service recovery plan,False
OUT001877,R10877,C001433,2453,Stephen Smith,2026-05-07,Completed,Service recovery plan,False
OUT001878,R10878,C001436,984,Amy Smith,2026-05-07,In Progress,Executive escalation,True
OUT001879,R10879,C001436,984,Amy Smith,2026-05-08,In Progress,Executive escalation,True
OUT001880,R10880,C001436,984,Amy Smith,2026-05-09,In Progress,Executive escalation,True
OUT001881,R10881,C001437,11189,Mary Hammond,2026-05-08,Completed,Service recovery plan,False
OUT001882,R10882,C001438,9305,Mary Evans,2026-05-08,In Progress,Executive escalation,True
OUT001883,R10883,C001438,9305,Mary Evans,2026-05-08,In Progress,Executive escalation,True
OUT001884,R10884,C001438,9305,Mary Evans,2026-05-09,In Progress,Executive escalation,True
OUT001885,R10885,C001441,10165,Joan Buckley,2026-05-07,In Progress,Executive escalation,True
OUT001886,R10886,C001441,10165,Joan Buckley,2026-05-08,In Progress,Executive escalation,True
OUT001887,R10887,C001441,10165,Joan Buckley,,Pending,Executive escalation,True
OUT001888,R10888,C001442,1273,Maria Evans,,Pending,Executive escalation,True
OUT001889,R10889,C001442,1273,Maria Evans,2026-05-08,In Progress,Executive escalation,True
OUT001890,R10890,C001442,1273,Maria Evans,2026-05-09,In Progress,Executive escalation,True
OUT001891,R10891,C001443,11032,Mary Welch,2026-05-08,Completed,Service recovery plan,False
OUT001892,R10892,C001444,7234,Mary Bowers,2026-05-08,Completed,Service recovery plan,False
OUT001893,R10893,C001445,3477,Mary Smith,2026-05-07,Completed,Service recovery plan,False
OUT001894,R10894,C001446,3944,James Smith,,Pending,Service recovery plan,True
OUT001895,R10895,C001447,6532,Mary Dixon,2026-05-07,Completed,Service recovery plan,False
OUT001896,R10896,C001448,6014,Mary Washington,,Pending,Executive escalation,True
OUT001897,R10897,C001448,6014,Mary Washington,2026-05-08,In Progress,Executive escalation,True
OUT001898,R10898,C001448,6014,Mary Washington,2026-05-09,In Progress,Executive escalation,True
OUT001899,R10899,C001449,11387,Larry Smith,,Pending,Service recovery plan,True
OUT001900,R10900,C001451,6287,Mary Smith,,Pending,Service recovery plan,True
OUT001901,R10901,C001452,3567,Thomas Schroeder,2026-05-08,Completed,Service recovery plan,False
OUT001902,R10902,C001453,6338,Sharon Snyder,,Pending,Executive escalation,True
OUT001903,R10903,C001453,6338,Sharon Snyder,2026-05-08,In Progress,Executive escalation,True
OUT001904,R10904,C001453,6338,Sharon Snyder,,Pending,Executive escalation,True
OUT001905,R10905,C001454,11352,Doris Peterson,2026-05-07,In Progress,Executive escalation,True
OUT001906,R10906,C001454,11352,Doris Peterson,2026-05-08,In Progress,Executive escalation,True
OUT001907,R10907,C001454,11352,Doris Peterson,2026-05-09,In Progress,Executive escalation,True
OUT001908,R10908,C001456,3197,Mary Holloway,,Pending,Executive escalation,True
OUT001909,R10909,C001456,3197,Mary Holloway,2026-05-08,In Progress,Executive escalation,True
OUT001910,R10910,C001456,3197,Mary Holloway,2026-05-09,In Progress,Executive escalation,True
OUT001911,R10911,C001460,1961,Mary Holt,,Pending,Executive escalation,True
OUT001912,R10912,C001460,1961,Mary Holt,,Pending,Executive escalation,True
OUT001913,R10913,C001460,1961,Mary Holt,2026-05-09,In Progress,Executive escalation,True
OUT001914,R10914,C001461,2301,Mary Smith,2026-05-07,Completed,Service recovery plan,False
OUT001915,R10915,C001462,10518,Jesse Dawson,,Pending,Service recovery plan,True
OUT001916,R10916,C001463,6671,Randy Chambers,2026-05-07,Completed,Service recovery plan,False
OUT001917,R10917,C001465,8328,Donna Smith,2026-05-07,Completed,Service recovery plan,False
OUT001918,R10918,C001466,4926,Mary Smith,2026-05-07,Completed,Service recovery plan,False
OUT001919,R10919,C001467,6566,David Beck,2026-05-07,In Progress,Executive escalation,True
OUT001920,R10920,C001467,6566,David Beck,2026-05-08,In Progress,Executive escalation,True
OUT001921,R10921,C001467,6566,David Beck,2026-05-09,In Progress,Executive escalation,True
OUT001922,R10922,C001468,4624,Kenneth Matthews,2026-05-07,In Progress,Executive escalation,True
OUT001923,R10923,C001468,4624,Kenneth Matthews,2026-05-08,In Progress,Executive escalation,True
OUT001924,R10924,C001468,4624,Kenneth Matthews,2026-05-09,In Progress,Executive escalation,True
OUT001925,R10925,C001469,3237,James Gonzalez,2026-05-08,Completed,Service recovery plan,False
OUT001926,R10926,C001470,10942,Donald Smith,,Pending,Service recovery plan,True
OUT001927,R10927,C001471,6407,Steven Smith,2026-05-07,Completed,Service recovery plan,False
OUT001928,R10928,C001472,7738,Mary Smith,2026-05-08,In Progress,Executive escalation,True
OUT001929,R10929,C001472,7738,Mary Smith,,Pending,Executive escalation,True
OUT001930,R10930,C001472,7738,Mary Smith,2026-05-09,In Progress,Executive escalation,True
OUT001931,R10931,C001473,10039,Mary Butler,2026-05-08,Completed,Service recovery plan,False
OUT001932,R10932,C001474,296,Mary Mullen,2026-05-08,Completed,Service recovery plan,False
OUT001933,R10933,C001476,6253,Mary Peterson,2026-05-08,Completed,Service recovery plan,False
OUT001934,R10934,C001477,1882,Jacob Wood,2026-05-07,Completed,Service recovery plan,False
OUT001935,R10935,C001478,8463,Nathan Burns,2026-05-07,Completed,Service recovery plan,False
OUT001936,R10936,C001480,5683,Rachel Smith,,Pending,Service recovery plan,True
OUT001937,R10937,C001481,7967,Samuel Jones,2026-05-07,In Progress,Executive escalation,True
OUT001938,R10938,C001481,7967,Samuel Jones,2026-05-08,In Progress,Executive escalation,True
OUT001939,R10939,C001481,7967,Samuel Jones,2026-05-09,In Progress,Executive escalation,True
OUT001940,R10940,C001482,10277,Ann Smith,,Pending,Service recovery plan,True
OUT001941,R10941,C001483,12187,Mary Smith,2026-05-08,Completed,Service recovery plan,False
OUT001942,R10942,C001485,11822,Christian Smith,2026-05-08,Completed,Service recovery plan,False
OUT001943,R10943,C001487,2306,Mary Chen,2026-05-08,Completed,Service recovery plan,False
OUT001944,R10944,C001488,4202,Kimberly Griffin,,Pending,Executive escalation,True
OUT001945,R10945,C001488,4202,Kimberly Griffin,2026-05-08,In Progress,Executive escalation,True
OUT001946,R10946,C001488,4202,Kimberly Griffin,2026-05-09,In Progress,Executive escalation,True
OUT001947,R10947,C001489,1172,Marie Morales,2026-05-07,Completed,Service recovery plan,False
OUT001948,R10948,C001490,6785,Mary Davila,2026-05-07,Completed,Service recovery plan,False
OUT001949,R10949,C001491,10454,Anthony Leblanc,,Pending,Executive escalation,True
OUT001950,R10950,C001491,10454,Anthony Leblanc,2026-05-08,In Progress,Executive escalation,True
OUT001951,R10951,C001491,10454,Anthony Leblanc,2026-05-09,In Progress,Executive escalation,True
OUT001952,R10952,C001493,10799,Jane Smith,,Pending,Service recovery plan,True
OUT001953,R10953,C001494,8546,Mary Smith,2026-05-08,Completed,Service recovery plan,False
OUT001954,R10954,C001495,9683,Mary Ray,2026-05-08,In Progress,Executive escalation,True
OUT001955,R10955,C001495,9683,Mary Ray,2026-05-08,In Progress,Executive escalation,True
OUT001956,R10956,C001495,9683,Mary Ray,2026-05-09,In Progress,Executive escalation,True
OUT001957,R10957,C001496,11473,Mary Smith,2026-05-08,In Progress,Executive escalation,True
OUT001958,R10958,C001496,11473,Mary Smith,,Pending,Executive escalation,True
OUT001959,R10959,C001496,11473,Mary Smith,2026-05-09,In Progress,Executive escalation,True
OUT001960,R10960,C001497,5762,Crystal Foster,2026-05-07,Completed,Service recovery plan,False
OUT001961,R10961,C001498,2255,Cheryl Kline,2026-05-07,Completed,Service recovery plan,False
OUT001962,R10962,C001499,3262,Mary Brewer,2026-05-07,Completed,Service recovery plan,False
OUT001963,R10963,C001500,10062,Judith Smith,2026-05-08,Completed,Service recovery plan,False
OUT001964,R10964,C001501,5453,Grace English,,Pending,Executive escalation,True
OUT001965,R10965,C001501,5453,Grace English,2026-05-08,In Progress,Executive escalation,True
OUT001966,R10966,C001501,5453,Grace English,,Pending,Executive escalation,True
OUT001967,R10967,C001502,10012,Robert Montoya,2026-05-07,Completed,Service recovery plan,False
OUT001968,R10968,C001506,8605,Johnny Morse,2026-05-08,Completed,Service recovery plan,False
OUT001969,R10969,C001507,8781,Mary Chan,2026-05-07,In Progress,Executive escalation,True
OUT001970,R10970,C001507,8781,Mary Chan,2026-05-08,In Progress,Executive escalation,True
OUT001971,R10971,C001507,8781,Mary Chan,2026-05-09,In Progress,Executive escalation,True
OUT001972,R10972,C001508,10807,Benjamin Wilson,2026-05-07,Completed,Service recovery plan,False
OUT001973,R10973,C001512,1376,Mary Austin,2026-05-07,In Progress,Executive escalation,True
OUT001974,R10974,C001512,1376,Mary Austin,2026-05-08,In Progress,Executive escalation,True
OUT001975,R10975,C001512,1376,Mary Austin,,Pending,Executive escalation,True
OUT001976,R10976,C001513,3980,Frances Smith,2026-05-08,Completed,Service recovery plan,False
OUT001977,R10977,C001515,6108,Emma Smith,2026-05-08,In Progress,Executive escalation,True
OUT001978,R10978,C001515,6108,Emma Smith,2026-05-08,In Progress,Executive escalation,True
OUT001979,R10979,C001515,6108,Emma Smith,2026-05-09,In Progress,Executive escalation,True
OUT001980,R10980,C001517,9541,Richard Leach,2026-05-08,In Progress,Executive escalation,True
OUT001981,R10981,C001517,9541,Richard Leach,2026-05-08,In Progress,Executive escalation,True
OUT001982,R10982,C001517,9541,Richard Leach,2026-05-09,In Progress,Executive escalation,True
OUT001983,R10983,C001518,4407,Mary Ward,2026-05-08,Completed,Service recovery plan,False
OUT001984,R10984,C001519,6279,Gary Lewis,2026-05-07,Completed,Service recovery plan,False
OUT001985,R10985,C001520,4272,Mary Brewer,2026-05-07,Completed,Service recovery plan,False
OUT001986,R10986,C001522,11504,Mary Smith,2026-05-08,Completed,Service recovery plan,False
OUT001987,R10987,C001523,2121,Mary Dillon,2026-05-07,In Progress,Executive escalation,True
OUT001988,R10988,C001523,2121,Mary Dillon,2026-05-08,In Progress,Executive escalation,True
OUT001989,R10989,C001523,2121,Mary Dillon,2026-05-09,In Progress,Executive escalation,True
OUT001990,R10990,C001524,3985,Debra Gates,,Pending,Executive escalation,True
OUT001991,R10991,C001524,3985,Debra Gates,,Pending,Executive escalation,True
OUT001992,R10992,C001524,3985,Debra Gates,2026-05-09,In Progress,Executive escalation,True
OUT001993,R10993,C001525,9384,Mary Anderson,2026-05-07,Completed,Service recovery plan,False
OUT001994,R10994,C001526,831,Daniel Smith,,Pending,Service recovery plan,True
OUT001995,R10995,C001527,6417,Helen Gomez,2026-05-08,Completed,Service recovery plan,False
OUT001996,R10996,C001528,9830,Mary Frey,2026-05-08,Completed,Service recovery plan,False
OUT001997,R10997,C001529,7294,Sharon Ball,2026-05-07,Completed,Service recovery plan,False
OUT001998,R10998,C001531,6669,Mary Smith,2026-05-08,Completed,Service recovery plan,False
OUT001999,R10999,C001532,7958,Jessica Cochran,2026-05-08,In Progress,Executive escalation,True
OUT002000,R11000,C001532,7958,Jessica Cochran,2026-05-08,In Progress,Executive escalation,True
OUT002001,R11001,C001532,7958,Jessica Cochran,2026-05-09,In Progress,Executive escalation,True
OUT002002,R11002,C001534,2319,Mary Holland,2026-05-08,Completed,Service recovery plan,False
OUT002003,R11003,C001537,4494,Mary Smith,2026-05-08,Completed,Service recovery plan,False
OUT002004,R11004,C001539,51,Jessica Smith,2026-05-07,In Progress,Executive escalation,True
OUT002005,R11005,C001539,51,Jessica Smith,,Pending,Executive escalation,True
OUT002006,R11006,C001539,51,Jessica Smith,2026-05-09,In Progress,Executive escalation,True
OUT002007,R11007,C001540,5859,Ronald Wilson,2026-05-07,Completed,Service recovery plan,False
OUT002008,R11008,C001541,2988,Amy Torres,,Pending,Executive escalation,True
OUT002009,R11009,C001541,2988,Amy Torres,,Pending,Executive escalation,True
OUT002010,R11010,C001541,2988,Amy Torres,2026-05-09,In Progress,Executive escalation,True
OUT002011,R11011,C001542,12195,Brenda Moyer,,Pending,Service recovery plan,True
OUT002012,R11012,C001543,1493,Mary Smith,2026-05-08,Completed,Service recovery plan,False
OUT002013,R11013,C001544,10588,Jessica Newton,,Pending,Service recovery plan,True
OUT002014,R11014,C001545,1347,Alan Gillespie,2026-05-07,Completed,Service recovery plan,False
OUT002015,R11015,C001546,512,Mary Harris,2026-05-07,In Progress,Executive escalation,True
OUT002016,R11016,C001546,512,Mary Harris,2026-05-08,In Progress,Executive escalation,True
OUT002017,R11017,C001546,512,Mary Harris,2026-05-09,In Progress,Executive escalation,True
OUT002018,R11018,C001547,7333,Julia Smith,,Pending,Executive escalation,True
OUT002019,R11019,C001547,7333,Julia Smith,2026-05-08,In Progress,Executive escalation,True
OUT002020,R11020,C001547,7333,Julia Smith,2026-05-09,In Progress,Executive escalation,True
OUT002021,R11021,C001548,8193,Mary Smith,2026-05-08,Completed,Service recovery plan,False
OUT002022,R11022,C001550,8381,Mary Anderson,,Pending,Service recovery plan,True
OUT002023,R11023,C001552,11284,Sarah Sherman,,Pending,Service recovery plan,True
OUT002024,R11024,C001553,2630,Willie Jones,2026-05-07,Completed,Service recovery plan,False
OUT002025,R11025,C001554,4941,Mary Smith,2026-05-08,Completed,Service recovery plan,False
OUT002026,R11026,C001555,1864,Deborah Smith,2026-05-07,Completed,Service recovery plan,False
OUT002027,R11027,C001557,10668,Mary Smith,2026-05-07,In Progress,Executive escalation,True
OUT002028,R11028,C001557,10668,Mary Smith,2026-05-08,In Progress,Executive escalation,True
OUT002029,R11029,C001557,10668,Mary Smith,2026-05-09,In Progress,Executive escalation,True
OUT002030,R11030,C001559,10801,Ryan Larson,2026-05-08,Completed,Service recovery plan,False
OUT002031,R11031,C001561,11318,Mary Henry,,Pending,Service recovery plan,True
OUT002032,R11032,C001562,12031,Ashley Benitez,2026-05-08,Completed,Service recovery plan,False
OUT002033,R11033,C001564,10042,Christopher Hatfield,2026-05-07,Completed,Service recovery plan,False
OUT002034,R11034,C001565,12102,Johnny Marks,2026-05-07,Completed,Service recovery plan,False
OUT002035,R11035,C001566,2475,Dennis Hall,,Pending,Service recovery plan,True
OUT002036,R11036,C001567,6734,Mary Smith,2026-05-07,Completed,Service recovery plan,False
OUT002037,R11037,C001569,778,John Buckley,2026-05-07,Completed,Service recovery plan,False
OUT002038,R11038,C001570,11560,Walter Walton,,Pending,Service recovery plan,True
OUT002039,R11039,C001571,2320,Katherine Smith,2026-05-08,In Progress,Executive escalation,True
OUT002040,R11040,C001571,2320,Katherine Smith,2026-05-08,In Progress,Executive escalation,True
OUT002041,R11041,C001571,2320,Katherine Smith,2026-05-09,In Progress,Executive escalation,True
OUT002042,R11042,C001572,704,Mary Mccullough,2026-05-07,In Progress,Executive escalation,True
OUT002043,R11043,C001572,704,Mary Mccullough,2026-05-08,In Progress,Executive escalation,True
OUT002044,R11044,C001572,704,Mary Mccullough,2026-05-09,In Progress,Executive escalation,True
OUT002045,R11045,C001573,3978,Barbara Simmons,2026-05-07,Completed,Service recovery plan,False
OUT002046,R11046,C001574,4191,Kimberly Salazar,,Pending,Service recovery plan,True
OUT002047,R11047,C001575,4225,Amy Wright,2026-05-07,Completed,Service recovery plan,False
OUT002048,R11048,C001576,4838,Mark Frank,2026-05-07,Completed,Service recovery plan,False
OUT002049,R11049,C001577,1828,Doris Alvarez,,Pending,Service recovery plan,True
OUT002050,R11050,C001579,3042,David Howell,2026-05-08,Completed,Service recovery plan,False
OUT002051,R11051,C001581,3617,Mary Smith,2026-05-07,Completed,Service recovery plan,False
OUT002052,R11052,C001582,10839,Mary Blake,,Pending,Service recovery plan,True
OUT002053,R11053,C001583,11618,Tammy Smith,2026-05-08,Completed,Service recovery plan,False
OUT002054,R11054,C001584,8539,John Smith,2026-05-07,Completed,Service recovery plan,False
OUT002055,R11055,C001585,8013,Mary Adams,2026-05-07,In Progress,Executive escalation,True
OUT002056,R11056,C001585,8013,Mary Adams,2026-05-08,In Progress,Executive escalation,True
OUT002057,R11057,C001585,8013,Mary Adams,2026-05-09,In Progress,Executive escalation,True
OUT002058,R11058,C001586,8787,Janice Pittman,2026-05-08,In Progress,Executive escalation,True
OUT002059,R11059,C001586,8787,Janice Pittman,,Pending,Executive escalation,True
OUT002060,R11060,C001586,8787,Janice Pittman,,Pending,Executive escalation,True
OUT002061,R11061,C001588,3417,Daniel Joseph,2026-05-07,Completed,Service recovery plan,False
OUT002062,R11062,C001589,5052,Larry Meyer,2026-05-07,Completed,Service recovery plan,False
OUT002063,R11063,C001593,10257,Michael Smith,2026-05-07,In Progress,Executive escalation,True
OUT002064,R11064,C001593,10257,Michael Smith,,Pending,Executive escalation,True
OUT002065,R11065,C001593,10257,Michael Smith,2026-05-09,In Progress,Executive escalation,True
OUT002066,R11066,C001594,8963,Ruth Bush,2026-05-07,In Progress,Executive escalation,True
OUT002067,R11067,C001594,8963,Ruth Bush,2026-05-08,In Progress,Executive escalation,True
OUT002068,R11068,C001594,8963,Ruth Bush,2026-05-09,In Progress,Executive escalation,True
OUT002069,R11069,C001595,5229,Thomas Butler,2026-05-08,In Progress,Executive escalation,True
OUT002070,R11070,C001595,5229,Thomas Butler,2026-05-08,In Progress,Executive escalation,True
OUT002071,R11071,C001595,5229,Thomas Butler,2026-05-09,In Progress,Executive escalation,True
OUT002072,R11072,C001596,5732,Jacob Perry,2026-05-08,Completed,Service recovery plan,False
OUT002073,R11073,C001597,6834,Mary Smith,2026-05-07,In Progress,Executive escalation,True
OUT002074,R11074,C001597,6834,Mary Smith,2026-05-08,In Progress,Executive escalation,True
OUT002075,R11075,C001597,6834,Mary Smith,2026-05-09,In Progress,Executive escalation,True
OUT002076,R11076,C001598,2321,Mary Patel,2026-05-08,In Progress,Executive escalation,True
OUT002077,R11077,C001598,2321,Mary Patel,2026-05-08,In Progress,Executive escalation,True
OUT002078,R11078,C001598,2321,Mary Patel,,Pending,Executive escalation,True
OUT002079,R11079,C001599,8853,Richard Ali,2026-05-08,Completed,Service recovery plan,False
OUT002080,R11080,C001601,377,Mary Smith,,Pending,Service recovery plan,True
OUT002081,R11081,C001602,8602,Timothy Gilbert,2026-05-08,In Progress,Executive escalation,True
OUT002082,R11082,C001602,8602,Timothy Gilbert,2026-05-08,In Progress,Executive escalation,True
OUT002083,R11083,C001602,8602,Timothy Gilbert,2026-05-09,In Progress,Executive escalation,True
OUT002084,R11084,C001604,8763,Pamela Williams,,Pending,Executive escalation,True
OUT002085,R11085,C001604,8763,Pamela Williams,2026-05-08,In Progress,Executive escalation,True
OUT002086,R11086,C001604,8763,Pamela Williams,2026-05-09,In Progress,Executive escalation,True
OUT002087,R11087,C001605,8791,Beverly Ali,2026-05-07,Completed,Service recovery plan,False
OUT002088,R11088,C001606,3464,Zachary Smith,2026-05-08,Completed,Service recovery plan,False
OUT002089,R11089,C001608,4275,Sandra Allen,2026-05-07,In Progress,Executive escalation,True
OUT002090,R11090,C001608,4275,Sandra Allen,2026-05-08,In Progress,Executive escalation,True
OUT002091,R11091,C001608,4275,Sandra Allen,2026-05-09,In Progress,Executive escalation,True
OUT002092,R11092,C001609,5431,Judith Peck,2026-05-08,In Progress,Executive escalation,True
OUT002093,R11093,C001609,5431,Judith Peck,2026-05-08,In Progress,Executive escalation,True
OUT002094,R11094,C001609,5431,Judith Peck,2026-05-09,In Progress,Executive escalation,True
OUT002095,R11095,C001611,1889,Mary West,2026-05-08,In Progress,Executive escalation,True
OUT002096,R11096,C001611,1889,Mary West,2026-05-08,In Progress,Executive escalation,True
OUT002097,R11097,C001611,1889,Mary West,,Pending,Executive escalation,True
OUT002098,R11098,C001612,6233,Mary Elliott,2026-05-07,Completed,Service recovery plan,False
OUT002099,R11099,C001613,2110,Cynthia Myers,,Pending,Executive escalation,True
OUT002100,R11100,C001613,2110,Cynthia Myers,2026-05-08,In Progress,Executive escalation,True
OUT002101,R11101,C001613,2110,Cynthia Myers,2026-05-09,In Progress,Executive escalation,True
OUT002102,R11102,C001614,4476,Mary Ortiz,,Pending,Executive escalation,True
OUT002103,R11103,C001614,4476,Mary Ortiz,2026-05-08,In Progress,Executive escalation,True
OUT002104,R11104,C001614,4476,Mary Ortiz,2026-05-09,In Progress,Executive escalation,True
OUT002105,R11105,C001615,2257,Matthew Burgess,2026-05-07,In Progress,Executive escalation,True
OUT002106,R11106,C001615,2257,Matthew Burgess,2026-05-08,In Progress,Executive escalation,True
OUT002107,R11107,C001615,2257,Matthew Burgess,2026-05-09,In Progress,Executive escalation,True
OUT002108,R11108,C001616,1243,Joan Rosales,2026-05-08,In Progress,Executive escalation,True
OUT002109,R11109,C001616,1243,Joan Rosales,2026-05-08,In Progress,Executive escalation,True
OUT002110,R11110,C001616,1243,Joan Rosales,,Pending,Executive escalation,True
OUT002111,R11111,C001618,285,Shirley Smith,2026-05-07,Completed,Service recovery plan,False
OUT002112,R11112,C001619,7465,Andrew Smith,2026-05-08,In Progress,Executive escalation,True
OUT002113,R11113,C001619,7465,Andrew Smith,,Pending,Executive escalation,True
OUT002114,R11114,C001619,7465,Andrew Smith,2026-05-09,In Progress,Executive escalation,True
OUT002115,R11115,C001620,4997,Roy Todd,,Pending,Service recovery plan,True
OUT002116,R11116,C001621,2646,Mary Daugherty,2026-05-08,Completed,Service recovery plan,False
OUT002117,R11117,C001622,656,Julie Smith,2026-05-07,Completed,Service recovery plan,False
OUT002118,R11118,C001623,11491,David Smith,,Pending,Service recovery plan,True
OUT002119,R11119,C001624,1126,Mary Thompson,,Pending,Executive escalation,True
OUT002120,R11120,C001624,1126,Mary Thompson,2026-05-08,In Progress,Executive escalation,True
OUT002121,R11121,C001624,1126,Mary Thompson,2026-05-09,In Progress,Executive escalation,True
OUT002122,R11122,C001625,12026,George Smith,,Pending,Executive escalation,True
OUT002123,R11123,C001625,12026,George Smith,2026-05-08,In Progress,Executive escalation,True
OUT002124,R11124,C001625,12026,George Smith,,Pending,Executive escalation,True
OUT002125,R11125,C001626,8397,Amber Smith,2026-05-07,Completed,Service recovery plan,False
OUT002126,R11126,C001627,3752,Mary Vega,2026-05-07,Completed,Service recovery plan,False
OUT002127,R11127,C001628,9612,Willie Roberson,2026-05-07,In Progress,Executive escalation,True
OUT002128,R11128,C001628,9612,Willie Roberson,2026-05-08,In Progress,Executive escalation,True
OUT002129,R11129,C001628,9612,Willie Roberson,,Pending,Executive escalation,True
OUT002130,R11130,C001631,6370,Andrea Smith,,Pending,Service recovery plan,True
OUT002131,R11131,C001632,9575,John Richards,2026-05-07,Completed,Service recovery plan,False
OUT002132,R11132,C001634,9972,William Serrano,2026-05-07,Completed,Service recovery plan,False
OUT002133,R11133,C001636,3461,Jose Smith,2026-05-08,Completed,Service recovery plan,False
OUT002134,R11134,C001638,8704,Mary Mclean,2026-05-07,Completed,Service recovery plan,False
OUT002135,R11135,C001639,4915,Matthew Juarez,2026-05-08,Completed,Service recovery plan,False
OUT002136,R11136,C001640,10220,Gerald Mason,2026-05-08,In Progress,Executive escalation,True
OUT002137,R11137,C001640,10220,Gerald Mason,2026-05-08,In Progress,Executive escalation,True
OUT002138,R11138,C001640,10220,Gerald Mason,2026-05-09,In Progress,Executive escalation,True
OUT002139,R11139,C001641,9496,Mary Taylor,2026-05-08,In Progress,Executive escalation,True
OUT002140,R11140,C001641,9496,Mary Taylor,2026-05-08,In Progress,Executive escalation,True
OUT002141,R11141,C001641,9496,Mary Taylor,2026-05-09,In Progress,Executive escalation,True
OUT002142,R11142,C001642,11957,Mary Norman,2026-05-08,Completed,Service recovery plan,False
OUT002143,R11143,C001643,12178,Mary Mcgee,2026-05-07,In Progress,Executive escalation,True
OUT002144,R11144,C001643,12178,Mary Mcgee,2026-05-08,In Progress,Executive escalation,True
OUT002145,R11145,C001643,12178,Mary Mcgee,2026-05-09,In Progress,Executive escalation,True
OUT002146,R11146,C001644,10637,Matthew Smith,2026-05-08,In Progress,Executive escalation,True
OUT002147,R11147,C001644,10637,Matthew Smith,,Pending,Executive escalation,True
OUT002148,R11148,C001644,10637,Matthew Smith,2026-05-09,In Progress,Executive escalation,True
OUT002149,R11149,C001645,8631,Mary Richardson,2026-05-07,Completed,Service recovery plan,False
OUT002150,R11150,C001646,4040,Harold Hart,,Pending,Executive escalation,True
OUT002151,R11151,C001646,4040,Harold Hart,2026-05-08,In Progress,Executive escalation,True
OUT002152,R11152,C001646,4040,Harold Hart,,Pending,Executive escalation,True
OUT002153,R11153,C001647,4153,Kathleen Torres,2026-05-07,In Progress,Executive escalation,True
OUT002154,R11154,C001647,4153,Kathleen Torres,2026-05-08,In Progress,Executive escalation,True
OUT002155,R11155,C001647,4153,Kathleen Torres,2026-05-09,In Progress,Executive escalation,True
OUT002156,R11156,C001648,175,Ronald Guzman,2026-05-07,Completed,Service recovery plan,False
OUT002157,R11157,C001650,5585,Mary Wilson,,Pending,Service recovery plan,True
OUT002158,R11158,C001652,4547,Mary Molina,2026-05-08,Completed,Service recovery plan,False
OUT002159,R11159,C001653,11789,Mary Smith,2026-05-08,Completed,Service recovery plan,False
OUT002160,R11160,C001654,8506,Elizabeth Smith,,Pending,Executive escalation,True
OUT002161,R11161,C001654,8506,Elizabeth Smith,2026-05-08,In Progress,Executive escalation,True
OUT002162,R11162,C001654,8506,Elizabeth Smith,2026-05-09,In Progress,Executive escalation,True
OUT002163,R11163,C001655,8211,Ronald Mcneil,2026-05-08,Completed,Service recovery plan,False
OUT002164,R11164,C001656,6089,Laura Blair,2026-05-08,Completed,Service recovery plan,False
OUT002165,R11165,C001659,5145,James Smith,2026-05-07,In Progress,Executive escalation,True
OUT002166,R11166,C001659,5145,James Smith,2026-05-08,In Progress,Executive escalation,True
OUT002167,R11167,C001659,5145,James Smith,2026-05-09,In Progress,Executive escalation,True
OUT002168,R11168,C001660,4750,Mary Smith,2026-05-08,In Progress,Executive escalation,True
OUT002169,R11169,C001660,4750,Mary Smith,2026-05-08,In Progress,Executive escalation,True
OUT002170,R11170,C001660,4750,Mary Smith,2026-05-09,In Progress,Executive escalation,True
OUT002171,R11171,C001661,10424,Beverly Smith,2026-05-07,Completed,Service recovery plan,False
OUT002172,R11172,C001662,1116,Mary Henderson,2026-05-08,In Progress,Executive escalation,True
OUT002173,R11173,C001662,1116,Mary Henderson,2026-05-08,In Progress,Executive escalation,True
OUT002174,R11174,C001662,1116,Mary Henderson,,Pending,Executive escalation,True
OUT002175,R11175,C001663,929,Alan Smith,2026-05-07,Completed,Service recovery plan,False
OUT002176,R11176,C001664,6909,Mary Salinas,2026-05-08,In Progress,Executive escalation,True
OUT002177,R11177,C001664,6909,Mary Salinas,2026-05-08,In Progress,Executive escalation,True
OUT002178,R11178,C001664,6909,Mary Salinas,2026-05-09,In Progress,Executive escalation,True
OUT002179,R11179,C001665,4795,Mary Smith,2026-05-07,Completed,Service recovery plan,False
OUT002180,R11180,C001666,11757,Mary Boyle,2026-05-08,Completed,Service recovery plan,False
OUT002181,R11181,C001667,6584,Mary Smith,2026-05-07,Completed,Service recovery plan,False
OUT002182,R11182,C001669,8520,Denise Smith,2026-05-07,Completed,Service recovery plan,False
OUT002183,R11183,C001670,5731,Jennifer Smith,2026-05-08,Completed,Service recovery plan,False
OUT002184,R11184,C001671,12069,Brittany Gardner,,Pending,Service recovery plan,True
OUT002185,R11185,C001672,9754,Mary Matthews,2026-05-07,Completed,Service recovery plan,False
OUT002186,R11186,C001673,12359,Melissa Smith,,Pending,Service recovery plan,True
OUT002187,R11187,C001675,5852,Mary Harris,2026-05-07,In Progress,Executive escalation,True
OUT002188,R11188,C001675,5852,Mary Harris,2026-05-08,In Progress,Executive escalation,True
OUT002189,R11189,C001675,5852,Mary Harris,2026-05-09,In Progress,Executive escalation,True
OUT002190,R11190,C001677,5359,Raymond Wu,2026-05-07,Completed,Service recovery plan,False
OUT002191,R11191,C001678,1375,Linda Smith,,Pending,Service recovery plan,True
OUT002192,R11192,C001679,9309,Mary Wilson,2026-05-07,Completed,Service recovery plan,False
OUT002193,R11193,C001680,2210,Mary Bryant,2026-05-07,In Progress,Executive escalation,True
OUT002194,R11194,C001680,2210,Mary Bryant,,Pending,Executive escalation,True
OUT002195,R11195,C001680,2210,Mary Bryant,2026-05-09,In Progress,Executive escalation,True
OUT002196,R11196,C001683,4855,Tyler Key,2026-05-08,Completed,Service recovery plan,False
OUT002197,R11197,C001684,5829,Mary Smith,,Pending,Service recovery plan,True
OUT002198,R11198,C001685,5349,Kenneth Martin,2026-05-07,Completed,Service recovery plan,False
OUT002199,R11199,C001687,12261,Mary Harris,2026-05-07,Completed,Service recovery plan,False
OUT002200,R11200,C001689,1331,Mary Smith,2026-05-07,Completed,Service recovery plan,False
OUT002201,R11201,C001690,5565,Laura Orr,,Pending,Service recovery plan,True
OUT002202,R11202,C001693,4279,Jack Meyer,2026-05-08,In Progress,Executive escalation,True
OUT002203,R11203,C001693,4279,Jack Meyer,2026-05-08,In Progress,Executive escalation,True
OUT002204,R11204,C001693,4279,Jack Meyer,,Pending,Executive escalation,True
OUT002205,R11205,C001694,6187,Mary Hess,2026-05-08,In Progress,Executive escalation,True
OUT002206,R11206,C001694,6187,Mary Hess,2026-05-08,In Progress,Executive escalation,True
OUT002207,R11207,C001694,6187,Mary Hess,2026-05-09,In Progress,Executive escalation,True
OUT002208,R11208,C001695,203,Madison Blankenship,2026-05-07,In Progress,Executive escalation,True
OUT002209,R11209,C001695,203,Madison Blankenship,,Pending,Executive escalation,True
OUT002210,R11210,C001695,203,Madison Blankenship,,Pending,Executive escalation,True
OUT002211,R11211,C001696,4388,Richard Moore,2026-05-07,In Progress,Executive escalation,True
OUT002212,R11212,C001696,4388,Richard Moore,2026-05-08,In Progress,Executive escalation,True
OUT002213,R11213,C001696,4388,Richard Moore,2026-05-09,In Progress,Executive escalation,True
OUT002214,R11214,C001697,1436,Sarah Smith,2026-05-07,In Progress,Executive escalation,True
OUT002215,R11215,C001697,1436,Sarah Smith,2026-05-08,In Progress,Executive escalation,True
OUT002216,R11216,C001697,1436,Sarah Smith,,Pending,Executive escalation,True
OUT002217,R11217,C001698,8554,Evelyn Smith,,Pending,Service recovery plan,True
OUT002218,R11218,C001699,4877,Mary Greene,2026-05-08,In Progress,Executive escalation,True
OUT002219,R11219,C001699,4877,Mary Greene,2026-05-08,In Progress,Executive escalation,True
OUT002220,R11220,C001699,4877,Mary Greene,2026-05-09,In Progress,Executive escalation,True
OUT002221,R11221,C001700,10495,Janet Gentry,2026-05-08,Completed,Service recovery plan,False
OUT002222,R11222,C001701,917,Andrew Glenn,2026-05-08,In Progress,Executive escalation,True
OUT002223,R11223,C001701,917,Andrew Glenn,2026-05-08,In Progress,Executive escalation,True
OUT002224,R11224,C001701,917,Andrew Glenn,,Pending,Executive escalation,True
OUT002225,R11225,C001702,9096,Mary Andrews,2026-05-07,Completed,Service recovery plan,False
OUT002226,R11226,C001703,9552,Richard Wilkerson,2026-05-08,In Progress,Executive escalation,True
OUT002227,R11227,C001703,9552,Richard Wilkerson,2026-05-08,In Progress,Executive escalation,True
OUT002228,R11228,C001703,9552,Richard Wilkerson,,Pending,Executive escalation,True
OUT002229,R11229,C001704,3188,Madison Ray,,Pending,Service recovery plan,True
OUT002230,R11230,C001705,10952,Mary Suarez,2026-05-07,In Progress,Executive escalation,True
OUT002231,R11231,C001705,10952,Mary Suarez,2026-05-08,In Progress,Executive escalation,True
OUT002232,R11232,C001705,10952,Mary Suarez,2026-05-09,In Progress,Executive escalation,True
OUT002233,R11233,C001707,10883,Catherine Zamora,,Pending,Executive escalation,True
OUT002234,R11234,C001707,10883,Catherine Zamora,2026-05-08,In Progress,Executive escalation,True
OUT002235,R11235,C001707,10883,Catherine Zamora,2026-05-09,In Progress,Executive escalation,True
OUT002236,R11236,C001708,937,Daniel Cole,2026-05-08,Completed,Service recovery plan,False
OUT002237,R11237,C001709,10721,Mary Smith,,Pending,Executive escalation,True
OUT002238,R11238,C001709,10721,Mary Smith,2026-05-08,In Progress,Executive escalation,True
OUT002239,R11239,C001709,10721,Mary Smith,2026-05-09,In Progress,Executive escalation,True
OUT002240,R11240,C001710,676,Robert Smith,2026-05-08,Completed,Service recovery plan,False
OUT002241,R11241,C001711,5665,Mary Smith,2026-05-07,In Progress,Executive escalation,True
OUT002242,R11242,C001711,5665,Mary Smith,,Pending,Executive escalation,True
OUT002243,R11243,C001711,5665,Mary Smith,2026-05-09,In Progress,Executive escalation,True
OUT002244,R11244,C001712,7893,Lisa Smith,2026-05-08,Completed,Service recovery plan,False
OUT002245,R11245,C001713,10759,Douglas Smith,2026-05-08,Completed,Service recovery plan,False
OUT002246,R11246,C001714,1008,Mary Smith,,Pending,Service recovery plan,True
OUT002247,R11247,C001715,10437,Mary Graham,2026-05-07,Completed,Service recovery plan,False
OUT002248,R11248,C001717,11836,Mary Clayton,2026-05-07,In Progress,Executive escalation,True
OUT002249,R11249,C001717,11836,Mary Clayton,2026-05-08,In Progress,Executive escalation,True
OUT002250,R11250,C001717,11836,Mary Clayton,2026-05-09,In Progress,Executive escalation,True
OUT002251,R11251,C001719,2211,Debra Harvey,2026-05-07,Completed,Service recovery plan,False
OUT002252,R11252,C001720,4974,Mary Smith,2026-05-08,Completed,Service recovery plan,False
OUT002253,R11253,C001721,8086,Paul Moon,2026-05-07,In Progress,Executive escalation,True
OUT002254,R11254,C001721,8086,Paul Moon,2026-05-08,In Progress,Executive escalation,True
OUT002255,R11255,C001721,8086,Paul Moon,2026-05-09,In Progress,Executive escalation,True
OUT002256,R11256,C001722,9813,Mary Roth,2026-05-07,Completed,Service recovery plan,False
OUT002257,R11257,C001723,10138,Louis Kennedy,2026-05-08,In Progress,Executive escalation,True
OUT002258,R11258,C001723,10138,Louis Kennedy,2026-05-08,In Progress,Executive escalation,True
OUT002259,R11259,C001723,10138,Louis Kennedy,,Pending,Executive escalation,True
OUT002260,R11260,C001724,7721,Mary Jenkins,2026-05-07,Completed,Service recovery plan,False
OUT002261,R11261,C001725,1460,George Williams,2026-05-07,Completed,Service recovery plan,False
OUT002262,R11262,C001726,4536,Mary Griffin,2026-05-08,Completed,Service recovery plan,False
OUT002263,R11263,C001728,440,Mary Skinner,2026-05-08,Completed,Service recovery plan,False
OUT002264,R11264,C001730,4133,Mary Snyder,,Pending,Service recovery plan,True
OUT002265,R11265,C001733,8905,Donna Smith,2026-05-08,In Progress,Executive escalation,True
OUT002266,R11266,C001733,8905,Donna Smith,,Pending,Executive escalation,True
OUT002267,R11267,C001733,8905,Donna Smith,2026-05-09,In Progress,Executive escalation,True
OUT002268,R11268,C001735,3397,Mary Coleman,2026-05-07,Completed,Service recovery plan,False
OUT002269,R11269,C001736,6602,Robert Smith,2026-05-07,Completed,Service recovery plan,False
OUT002270,R11270,C001738,321,David Smith,2026-05-07,Completed,Service recovery plan,False
OUT002271,R11271,C001739,7607,Scott Smith,2026-05-08,Completed,Service recovery plan,False
OUT002272,R11272,C001740,3378,Mary Torres,2026-05-07,Completed,Service recovery plan,False
OUT002273,R11273,C001744,9932,Wayne Smith,2026-05-07,Completed,Service recovery plan,False
OUT002274,R11274,C001746,8607,Timothy Smith,2026-05-08,Completed,Service recovery plan,False
OUT002275,R11275,C001747,10018,Gregory Rodriguez,2026-05-08,In Progress,Executive escalation,True
OUT002276,R11276,C001747,10018,Gregory Rodriguez,,Pending,Executive escalation,True
OUT002277,R11277,C001747,10018,Gregory Rodriguez,2026-05-09,In Progress,Executive escalation,True
OUT002278,R11278,C001748,1385,Catherine Smith,2026-05-08,Completed,Service recovery plan,False
OUT002279,R11279,C001749,1748,Mark Smith,2026-05-07,Completed,Service recovery plan,False
OUT002280,R11280,C001750,4147,Karen Gillespie,2026-05-08,Completed,Service recovery plan,False
OUT002281,R11281,C001751,11728,Laura Smith,2026-05-07,Completed,Service recovery plan,False
OUT002282,R11282,C001752,4456,Evelyn Spencer,,Pending,Service recovery plan,True
OUT002283,R11283,C001753,7824,Mary Jackson,2026-05-08,In Progress,Executive escalation,True
OUT002284,R11284,C001753,7824,Mary Jackson,2026-05-08,In Progress,Executive escalation,True
OUT002285,R11285,C001753,7824,Mary Jackson,2026-05-09,In Progress,Executive escalation,True
OUT002286,R11286,C001754,10134,Mary Stuart,,Pending,Service recovery plan,True
OUT002287,R11287,C001755,12049,Mildred Mclaughlin,2026-05-07,Completed,Service recovery plan,False
OUT002288,R11288,C001756,4528,Karen Smith,2026-05-08,Completed,Service recovery plan,False
OUT002289,R11289,C001758,10289,Virginia Ford,,Pending,Executive escalation,True
OUT002290,R11290,C001758,10289,Virginia Ford,2026-05-08,In Progress,Executive escalation,True
OUT002291,R11291,C001758,10289,Virginia Ford,2026-05-09,In Progress,Executive escalation,True
OUT002292,R11292,C001759,4079,Timothy Faulkner,2026-05-07,Completed,Service recovery plan,False
OUT002293,R11293,C001760,8437,Rachel Sweeney,2026-05-08,In Progress,Executive escalation,True
OUT002294,R11294,C001760,8437,Rachel Sweeney,2026-05-08,In Progress,Executive escalation,True
OUT002295,R11295,C001760,8437,Rachel Sweeney,2026-05-09,In Progress,Executive escalation,True
OUT002296,R11296,C001761,2728,Mary Adams,,Pending,Service recovery plan,True
OUT002297,R11297,C001762,98,William Smith,2026-05-07,In Progress,Executive escalation,True
OUT002298,R11298,C001762,98,William Smith,,Pending,Executive escalation,True
OUT002299,R11299,C001762,98,William Smith,,Pending,Executive escalation,True
OUT002300,R11300,C001764,5999,Randy Smith,2026-05-08,In Progress,Executive escalation,True
OUT002301,R11301,C001764,5999,Randy Smith,2026-05-08,In Progress,Executive escalation,True
OUT002302,R11302,C001764,5999,Randy Smith,2026-05-09,In Progress,Executive escalation,True
OUT002303,R11303,C001765,8555,Mary Jones,2026-05-07,Completed,Service recovery plan,False
OUT002304,R11304,C001766,1909,Mary Smith,2026-05-07,Completed,Service recovery plan,False
OUT002305,R11305,C001767,8275,Janice Smith,2026-05-07,In Progress,Executive escalation,True
OUT002306,R11306,C001767,8275,Janice Smith,2026-05-08,In Progress,Executive escalation,True
OUT002307,R11307,C001767,8275,Janice Smith,2026-05-09,In Progress,Executive escalation,True
OUT002308,R11308,C001768,2586,Mary Little,2026-05-08,In Progress,Executive escalation,True
OUT002309,R11309,C001768,2586,Mary Little,2026-05-08,In Progress,Executive escalation,True
OUT002310,R11310,C001768,2586,Mary Little,2026-05-09,In Progress,Executive escalation,True
OUT002311,R11311,C001769,3558,Mary Smith,2026-05-07,In Progress,Executive escalation,True
OUT002312,R11312,C001769,3558,Mary Smith,,Pending,Executive escalation,True
OUT002313,R11313,C001769,3558,Mary Smith,2026-05-09,In Progress,Executive escalation,True
OUT002314,R11314,C001770,5845,Daniel Bruce,,Pending,Service recovery plan,True
OUT002315,R11315,C001771,4730,Karen Smith,2026-05-07,Completed,Service recovery plan,False
OUT002316,R11316,C001773,4213,Michael Townsend,2026-05-08,In Progress,Executive escalation,True
OUT002317,R11317,C001773,4213,Michael Townsend,,Pending,Executive escalation,True
OUT002318,R11318,C001773,4213,Michael Townsend,2026-05-09,In Progress,Executive escalation,True
OUT002319,R11319,C001774,2174,Rachel Fuentes,2026-05-07,In Progress,Executive escalation,True
OUT002320,R11320,C001774,2174,Rachel Fuentes,2026-05-08,In Progress,Executive escalation,True
OUT002321,R11321,C001774,2174,Rachel Fuentes,,Pending,Executive escalation,True
OUT002322,R11322,C001775,9542,Mary Smith,,Pending,Service recovery plan,True
OUT002323,R11323,C001776,8430,Gloria Smith,2026-05-07,Completed,Service recovery plan,False
OUT002324,R11324,C001777,6346,Mary Cooley,,Pending,Service recovery plan,True
OUT002325,R11325,C001780,7006,George Smith,2026-05-08,Completed,Service recovery plan,False
OUT002326,R11326,C001784,2873,Joyce Padilla,2026-05-08,Completed,Service recovery plan,False
OUT002327,R11327,C001785,5910,Mary Heath,2026-05-08,Completed,Service recovery plan,False
OUT002328,R11328,C001787,9047,Jordan Medina,,Pending,Service recovery plan,True
OUT002329,R11329,C001788,9572,Mary Nelson,2026-05-08,Completed,Service recovery plan,False
OUT002330,R11330,C001790,4567,Rose Smith,2026-05-07,Completed,Service recovery plan,False
OUT002331,R11331,C001791,5653,Jean Schultz,2026-05-07,In Progress,Executive escalation,True
OUT002332,R11332,C001791,5653,Jean Schultz,2026-05-08,In Progress,Executive escalation,True
OUT002333,R11333,C001791,5653,Jean Schultz,2026-05-09,In Progress,Executive escalation,True
OUT002334,R11334,C001793,19,Stephanie Mitchell,,Pending,Service recovery plan,True
OUT002335,R11335,C001794,3435,Mary Smith,2026-05-07,In Progress,Executive escalation,True
OUT002336,R11336,C001794,3435,Mary Smith,2026-05-08,In Progress,Executive escalation,True
OUT002337,R11337,C001794,3435,Mary Smith,2026-05-09,In Progress,Executive escalation,True
OUT002338,R11338,C001795,1236,Virginia Robertson,2026-05-08,Completed,Service recovery plan,False
OUT002339,R11339,C001796,5559,Alice Smith,2026-05-08,In Progress,Executive escalation,True
OUT002340,R11340,C001796,5559,Alice Smith,,Pending,Executive escalation,True
OUT002341,R11341,C001796,5559,Alice Smith,,Pending,Executive escalation,True
OUT002342,R11342,C001797,4580,Charles Smith,,Pending,Executive escalation,True
OUT002343,R11343,C001797,4580,Charles Smith,2026-05-08,In Progress,Executive escalation,True
OUT002344,R11344,C001797,4580,Charles Smith,2026-05-09,In Progress,Executive escalation,True
OUT002345,R11345,C001798,1793,Mary Burke,2026-05-07,In Progress,Executive escalation,True
OUT002346,R11346,C001798,1793,Mary Burke,,Pending,Executive escalation,True
OUT002347,R11347,C001798,1793,Mary Burke,2026-05-09,In Progress,Executive escalation,True
OUT002348,R11348,C001799,8845,Robert Deleon,2026-05-08,Completed,Service recovery plan,False
OUT002349,R11349,C001800,6585,Andrew Turner,,Pending,Service recovery plan,True
OUT002350,R11350,C001801,2467,Keith Smith,,Pending,Executive escalation,True
OUT002351,R11351,C001801,2467,Keith Smith,,Pending,Executive escalation,True
OUT002352,R11352,C001801,2467,Keith Smith,2026-05-09,In Progress,Executive escalation,True
OUT002353,R11353,C001803,3890,Gregory Snyder,2026-05-07,In Progress,Executive escalation,True
OUT002354,R11354,C001803,3890,Gregory Snyder,2026-05-08,In Progress,Executive escalation,True
OUT002355,R11355,C001803,3890,Gregory Snyder,2026-05-09,In Progress,Executive escalation,True
OUT002356,R11356,C001808,3155,Mary Haas,2026-05-07,In Progress,Executive escalation,True
OUT002357,R11357,C001808,3155,Mary Haas,2026-05-08,In Progress,Executive escalation,True
OUT002358,R11358,C001808,3155,Mary Haas,2026-05-09,In Progress,Executive escalation,True
OUT002359,R11359,C001809,2069,Alice Ellison,2026-05-08,Completed,Service recovery plan,False
OUT002360,R11360,C001810,1788,Timothy Smith,,Pending,Service recovery plan,True
OUT002361,R11361,C001811,6222,Stephanie Smith,2026-05-08,In Progress,Executive escalation,True
OUT002362,R11362,C001811,6222,Stephanie Smith,,Pending,Executive escalation,True
OUT002363,R11363,C001811,6222,Stephanie Smith,2026-05-09,In Progress,Executive escalation,True
OUT002364,R11364,C001812,2589,Nathan Taylor,2026-05-08,Completed,Service recovery plan,False
OUT002365,R11365,C001813,9605,Mary Smith,2026-05-08,Completed,Service recovery plan,False
OUT002366,R11366,C001816,821,Daniel Clayton,2026-05-08,Completed,Service recovery plan,False
OUT002367,R11367,C001817,5326,Sean Spencer,2026-05-08,In Progress,Executive escalation,True
OUT002368,R11368,C001817,5326,Sean Spencer,2026-05-08,In Progress,Executive escalation,True
OUT002369,R11369,C001817,5326,Sean Spencer,2026-05-09,In Progress,Executive escalation,True
OUT002370,R11370,C001820,5719,Mary Smith,2026-05-07,Completed,Service recovery plan,False
OUT002371,R11371,C001821,10821,Mary Cooper,2026-05-07,Completed,Service recovery plan,False
OUT002372,R11372,C001822,2129,William Charles,2026-05-08,Completed,Service recovery plan,False
OUT002373,R11373,C001823,3153,Mary Smith,2026-05-07,Completed,Service recovery plan,False
OUT002374,R11374,C001824,9949,Ashley Smith,2026-05-07,Completed,Service recovery plan,False
OUT002375,R11375,C001826,4477,Jonathan Smith,2026-05-07,Completed,Service recovery plan,False
OUT002376,R11376,C001827,8692,Vincent Smith,,Pending,Service recovery plan,True
OUT002377,R11377,C001828,3905,Denise Smith,2026-05-07,Completed,Service recovery plan,False
OUT002378,R11378,C001829,8403,Joseph Smith,2026-05-08,Completed,Service recovery plan,False
OUT002379,R11379,C001830,342,Jerry Jackson,,Pending,Service recovery plan,True
OUT002380,R11380,C001832,4235,Mary Smith,2026-05-07,Completed,Service recovery plan,False
OUT002381,R11381,C001833,1249,Donald Odom,2026-05-07,In Progress,Executive escalation,True
OUT002382,R11382,C001833,1249,Donald Odom,2026-05-08,In Progress,Executive escalation,True
OUT002383,R11383,C001833,1249,Donald Odom,,Pending,Executive escalation,True
OUT002384,R11384,C001834,6915,Robert Whitney,,Pending,Executive escalation,True
OUT002385,R11385,C001834,6915,Robert Whitney,,Pending,Executive escalation,True
OUT002386,R11386,C001834,6915,Robert Whitney,2026-05-09,In Progress,Executive escalation,True
OUT002387,R11387,C001835,9093,Andrew Flores,2026-05-08,Completed,Service recovery plan,False
OUT002388,R11388,C001837,870,Linda Delacruz,,Pending,Service recovery plan,True
OUT002389,R11389,C001840,2857,Eric Smith,2026-05-07,Completed,Service recovery plan,False
OUT002390,R11390,C001841,739,Daniel Golden,,Pending,Service recovery plan,True
OUT002391,R11391,C001842,568,Sean Vaughn,2026-05-07,In Progress,Executive escalation,True
OUT002392,R11392,C001842,568,Sean Vaughn,2026-05-08,In Progress,Executive escalation,True
OUT002393,R11393,C001842,568,Sean Vaughn,2026-05-09,In Progress,Executive escalation,True
OUT002394,R11394,C001843,10109,Mary Dodson,,Pending,Service recovery plan,True
OUT002395,R11395,C001845,4922,Robert Russo,2026-05-07,Completed,Service recovery plan,False
OUT002396,R11396,C001846,351,John Singh,2026-05-08,In Progress,Executive escalation,True
OUT002397,R11397,C001846,351,John Singh,2026-05-08,In Progress,Executive escalation,True
OUT002398,R11398,C001846,351,John Singh,,Pending,Executive escalation,True
OUT002399,R11399,C001847,3046,Mary Newman,,Pending,Service recovery plan,True
OUT002400,R11400,C001851,4739,Mary Jimenez,2026-05-07,Completed,Service recovery plan,False
OUT002401,R11401,C001852,8550,Mary Smith,2026-05-08,Completed,Service recovery plan,False
OUT002402,R11402,C001853,8207,Charles Jordan,2026-05-07,Completed,Service recovery plan,False
OUT002403,R11403,C001854,1473,Anthony Young,2026-05-08,Completed,Service recovery plan,False
OUT002404,R11404,C001855,10823,Angela Oconnell,2026-05-07,In Progress,Executive escalation,True
OUT002405,R11405,C001855,10823,Angela Oconnell,2026-05-08,In Progress,Executive escalation,True
OUT002406,R11406,C001855,10823,Angela Oconnell,2026-05-09,In Progress,Executive escalation,True
OUT002407,R11407,C001856,3726,Robert Smith,2026-05-08,Completed,Service recovery plan,False
OUT002408,R11408,C001860,1745,Mary Smith,2026-05-07,Completed,Service recovery plan,False
OUT002409,R11409,C001861,3499,Mildred Cole,2026-05-08,In Progress,Executive escalation,True
OUT002410,R11410,C001861,3499,Mildred Cole,2026-05-08,In Progress,Executive escalation,True
OUT002411,R11411,C001861,3499,Mildred Cole,2026-05-09,In Progress,Executive escalation,True
OUT002412,R11412,C001862,9885,Jordan Smith,2026-05-07,In Progress,Executive escalation,True
OUT002413,R11413,C001862,9885,Jordan Smith,2026-05-08,In Progress,Executive escalation,True
OUT002414,R11414,C001862,9885,Jordan Smith,2026-05-09,In Progress,Executive escalation,True
OUT002415,R11415,C001863,1618,Mary Davidson,2026-05-07,In Progress,Executive escalation,True
OUT002416,R11416,C001863,1618,Mary Davidson,,Pending,Executive escalation,True
OUT002417,R11417,C001863,1618,Mary Davidson,2026-05-09,In Progress,Executive escalation,True
OUT002418,R11418,C001864,4529,Steven Morgan,2026-05-07,Completed,Service recovery plan,False
OUT002419,R11419,C001865,2979,Nicole Smith,,Pending,Service recovery plan,True
OUT002420,R11420,C001867,4846,Mary Lambert,2026-05-07,Completed,Service recovery plan,False
OUT002421,R11421,C001868,10885,Mary Lynch,,Pending,Service recovery plan,True
OUT002422,R11422,C001869,4229,Barbara Smith,,Pending,Executive escalation,True
OUT002423,R11423,C001869,4229,Barbara Smith,2026-05-08,In Progress,Executive escalation,True
OUT002424,R11424,C001869,4229,Barbara Smith,,Pending,Executive escalation,True
OUT002425,R11425,C001873,222,Frank Ruiz,2026-05-07,In Progress,Executive escalation,True
OUT002426,R11426,C001873,222,Frank Ruiz,2026-05-08,In Progress,Executive escalation,True
OUT002427,R11427,C001873,222,Frank Ruiz,,Pending,Executive escalation,True
OUT002428,R11428,C001874,7180,Mary Walton,2026-05-08,In Progress,Executive escalation,True
OUT002429,R11429,C001874,7180,Mary Walton,2026-05-08,In Progress,Executive escalation,True
OUT002430,R11430,C001874,7180,Mary Walton,2026-05-09,In Progress,Executive escalation,True
OUT002431,R11431,C001875,5140,Mary Walton,2026-05-07,In Progress,Executive escalation,True
OUT002432,R11432,C001875,5140,Mary Walton,2026-05-08,In Progress,Executive escalation,True
OUT002433,R11433,C001875,5140,Mary Walton,2026-05-09,In Progress,Executive escalation,True
OUT002434,R11434,C001876,5445,Alexander Pugh,2026-05-07,Completed,Service recovery plan,False
OUT002435,R11435,C001877,4674,Mary Lynn,2026-05-08,Completed,Service recovery plan,False
OUT002436,R11436,C001878,1232,Betty Smith,2026-05-07,Completed,Service recovery plan,False
OUT002437,R11437,C001879,11954,Mary Smith,2026-05-07,In Progress,Executive escalation,True
OUT002438,R11438,C001879,11954,Mary Smith,2026-05-08,In Progress,Executive escalation,True
OUT002439,R11439,C001879,11954,Mary Smith,2026-05-09,In Progress,Executive escalation,True
OUT002440,R11440,C001880,787,Amanda Ochoa,2026-05-07,Completed,Service recovery plan,False
OUT002441,R11441,C001881,8120,Stephanie Perry,2026-05-07,Completed,Service recovery plan,False
OUT002442,R11442,C001882,5276,Mary Martin,,Pending,Service recovery plan,True
OUT002443,R11443,C001883,9176,Theresa Smith,2026-05-07,In Progress,Executive escalation,True
OUT002444,R11444,C001883,9176,Theresa Smith,2026-05-08,In Progress,Executive escalation,True
OUT002445,R11445,C001883,9176,Theresa Smith,2026-05-09,In Progress,Executive escalation,True
OUT002446,R11446,C001884,4778,Amy Campbell,2026-05-07,In Progress,Executive escalation,True
OUT002447,R11447,C001884,4778,Amy Campbell,,Pending,Executive escalation,True
OUT002448,R11448,C001884,4778,Amy Campbell,2026-05-09,In Progress,Executive escalation,True
OUT002449,R11449,C001886,5913,Cynthia Daniel,2026-05-07,Completed,Service recovery plan,False
OUT002450,R11450,C001887,11522,Roy Smith,2026-05-08,Completed,Service recovery plan,False
OUT002451,R11451,C001889,8180,Albert Smith,2026-05-07,Completed,Service recovery plan,False
OUT002452,R11452,C001890,10323,Eric Jensen,2026-05-08,Completed,Service recovery plan,False
OUT002453,R11453,C001891,7369,Mary Smith,2026-05-08,Completed,Service recovery plan,False
OUT002454,R11454,C001892,5227,Madison Mcfarland,2026-05-07,Completed,Service recovery plan,False
OUT002455,R11455,C001894,10390,Anthony Stevenson,2026-05-07,In Progress,Executive escalation,True
OUT002456,R11456,C001894,10390,Anthony Stevenson,2026-05-08,In Progress,Executive escalation,True
OUT002457,R11457,C001894,10390,Anthony Stevenson,2026-05-09,In Progress,Executive escalation,True
OUT002458,R11458,C001896,947,Mary Henry,,Pending,Service recovery plan,True
OUT002459,R11459,C001897,5573,Jordan Ortiz,2026-05-08,Completed,Service recovery plan,False
OUT002460,R11460,C001898,8352,Teresa Black,2026-05-08,In Progress,Executive escalation,True
OUT002461,R11461,C001898,8352,Teresa Black,2026-05-08,In Progress,Executive escalation,True
OUT002462,R11462,C001898,8352,Teresa Black,2026-05-09,In Progress,Executive escalation,True
OUT002463,R11463,C001900,3574,Mary Smith,,Pending,Service recovery plan,True
OUT002464,R11464,C001901,3384,Mary Smith,2026-05-07,Completed,Service recovery plan,False
OUT002465,R11465,C001902,7383,Catherine Washington,2026-05-08,In Progress,Executive escalation,True
OUT002466,R11466,C001902,7383,Catherine Washington,2026-05-08,In Progress,Executive escalation,True
OUT002467,R11467,C001902,7383,Catherine Washington,2026-05-09,In Progress,Executive escalation,True
OUT002468,R11468,C001904,8502,Mary Eaton,2026-05-08,Completed,Service recovery plan,False
OUT002469,R11469,C001906,2825,Sarah Smith,2026-05-07,In Progress,Executive escalation,True
OUT002470,R11470,C001906,2825,Sarah Smith,2026-05-08,In Progress,Executive escalation,True
OUT002471,R11471,C001906,2825,Sarah Smith,2026-05-09,In Progress,Executive escalation,True
OUT002472,R11472,C001907,12288,Karen Smith,2026-05-07,In Progress,Executive escalation,True
OUT002473,R11473,C001907,12288,Karen Smith,2026-05-08,In Progress,Executive escalation,True
OUT002474,R11474,C001907,12288,Karen Smith,2026-05-09,In Progress,Executive escalation,True
OUT002475,R11475,C001909,11509,Sharon Wood,2026-05-08,In Progress,Executive escalation,True
OUT002476,R11476,C001909,11509,Sharon Wood,,Pending,Executive escalation,True
OUT002477,R11477,C001909,11509,Sharon Wood,,Pending,Executive escalation,True
OUT002478,R11478,C001910,4107,Larry Franklin,,Pending,Service recovery plan,True
OUT002479,R11479,C001911,1677,Virginia Robles,2026-05-07,Completed,Service recovery plan,False
OUT002480,R11480,C001912,3968,Catherine Pacheco,2026-05-08,Completed,Service recovery plan,False
OUT002481,R11481,C001913,11856,Helen Smith,2026-05-07,Completed,Service recovery plan,False
OUT002482,R11482,C001914,12115,Lawrence Smith,2026-05-08,In Progress,Executive escalation,True
OUT002483,R11483,C001914,12115,Lawrence Smith,,Pending,Executive escalation,True
OUT002484,R11484,C001914,12115,Lawrence Smith,2026-05-09,In Progress,Executive escalation,True
OUT002485,R11485,C001915,359,Mary Pena,2026-05-07,In Progress,Executive escalation,True
OUT002486,R11486,C001915,359,Mary Pena,2026-05-08,In Progress,Executive escalation,True
OUT002487,R11487,C001915,359,Mary Pena,2026-05-09,In Progress,Executive escalation,True
OUT002488,R11488,C001916,7564,Christopher Smith,2026-05-07,Completed,Service recovery plan,False
OUT002489,R11489,C001917,3951,Michael Smith,,Pending,Service recovery plan,True
OUT002490,R11490,C001918,5236,Jessica Roberts,2026-05-07,In Progress,Executive escalation,True
OUT002491,R11491,C001918,5236,Jessica Roberts,2026-05-08,In Progress,Executive escalation,True
OUT002492,R11492,C001918,5236,Jessica Roberts,2026-05-09,In Progress,Executive escalation,True
OUT002493,R11493,C001919,11681,Roy Jackson,,Pending,Executive escalation,True
OUT002494,R11494,C001919,11681,Roy Jackson,2026-05-08,In Progress,Executive escalation,True
OUT002495,R11495,C001919,11681,Roy Jackson,2026-05-09,In Progress,Executive escalation,True
OUT002496,R11496,C001920,1651,Stephanie Smith,2026-05-07,In Progress,Executive escalation,True
OUT002497,R11497,C001920,1651,Stephanie Smith,2026-05-08,In Progress,Executive escalation,True
OUT002498,R11498,C001920,1651,Stephanie Smith,2026-05-09,In Progress,Executive escalation,True
OUT002499,R11499,C001921,1807,Mary Curtis,2026-05-08,Completed,Service recovery plan,False
OUT002500,R11500,C001923,2750,George Mason,2026-05-07,Completed,Service recovery plan,False
OUT002501,R11501,C001924,3119,Shirley Hinton,,Pending,Executive escalation,True
OUT002502,R11502,C001924,3119,Shirley Hinton,2026-05-08,In Progress,Executive escalation,True
OUT002503,R11503,C001924,3119,Shirley Hinton,2026-05-09,In Progress,Executive escalation,True
OUT002504,R11504,C001925,8788,Mary Smith,2026-05-08,Completed,Service recovery plan,False
OUT002505,R11505,C001926,3331,Diane Martinez,2026-05-08,Completed,Service recovery plan,False
OUT002506,R11506,C001927,7687,Evelyn Valencia,,Pending,Service recovery plan,True
OUT002507,R11507,C001928,1094,Sean Smith,2026-05-07,Completed,Service recovery plan,False
OUT002508,R11508,C001929,2881,Phillip Smith,2026-05-08,In Progress,Executive escalation,True
OUT002509,R11509,C001929,2881,Phillip Smith,2026-05-08,In Progress,Executive escalation,True
OUT002510,R11510,C001929,2881,Phillip Smith,2026-05-09,In Progress,Executive escalation,True
OUT002511,R11511,C001931,11427,Deborah Martin,2026-05-08,Completed,Service recovery plan,False
OUT002512,R11512,C001932,2668,Mary Davis,2026-05-08,Completed,Service recovery plan,False
OUT002513,R11513,C001933,109,Mary Thompson,,Pending,Executive escalation,True
OUT002514,R11514,C001933,109,Mary Thompson,,Pending,Executive escalation,True
OUT002515,R11515,C001933,109,Mary Thompson,2026-05-09,In Progress,Executive escalation,True
OUT002516,R11516,C001934,1180,Mary Martin,2026-05-07,Completed,Service recovery plan,False
OUT002517,R11517,C001936,6425,Ruth Smith,,Pending,Service recovery plan,True
OUT002518,R11518,C001937,3508,Randy Smith,2026-05-08,Completed,Service recovery plan,False
OUT002519,R11519,C001938,7879,Michelle Powell,2026-05-08,In Progress,Executive escalation,True
OUT002520,R11520,C001938,7879,Michelle Powell,2026-05-08,In Progress,Executive escalation,True
OUT002521,R11521,C001938,7879,Michelle Powell,,Pending,Executive escalation,True
OUT002522,R11522,C001939,11962,Diana Smith,2026-05-08,Completed,Service recovery plan,False
OUT002523,R11523,C001940,6767,Brenda Carey,2026-05-07,Completed,Service recovery plan,False
OUT002524,R11524,C001941,8938,Raymond Gould,2026-05-08,Completed,Service recovery plan,False
OUT002525,R11525,C001943,2562,Mary Anderson,2026-05-07,In Progress,Executive escalation,True
OUT002526,R11526,C001943,2562,Mary Anderson,,Pending,Executive escalation,True
OUT002527,R11527,C001943,2562,Mary Anderson,2026-05-09,In Progress,Executive escalation,True
OUT002528,R11528,C001944,2192,Mary Clay,2026-05-07,Completed,Service recovery plan,False
OUT002529,R11529,C001945,9338,James Davis,2026-05-07,Completed,Service recovery plan,False
OUT002530,R11530,C001948,5637,Mary Wong,2026-05-08,In Progress,Executive escalation,True
OUT002531,R11531,C001948,5637,Mary Wong,2026-05-08,In Progress,Executive escalation,True
OUT002532,R11532,C001948,5637,Mary Wong,2026-05-09,In Progress,Executive escalation,True
OUT002533,R11533,C001949,3147,Daniel Diaz,2026-05-08,Completed,Service recovery plan,False
OUT002534,R11534,C001952,12129,Mary Perkins,,Pending,Executive escalation,True
OUT002535,R11535,C001952,12129,Mary Perkins,2026-05-08,In Progress,Executive escalation,True
OUT002536,R11536,C001952,12129,Mary Perkins,2026-05-09,In Progress,Executive escalation,True
OUT002537,R11537,C001953,2676,Jeffrey Smith,2026-05-07,In Progress,Executive escalation,True
OUT002538,R11538,C001953,2676,Jeffrey Smith,2026-05-08,In Progress,Executive escalation,True
OUT002539,R11539,C001953,2676,Jeffrey Smith,,Pending,Executive escalation,True
OUT002540,R11540,C001954,8789,Helen Carroll,2026-05-08,Completed,Service recovery plan,False
OUT002541,R11541,C001955,2654,Donna Martinez,2026-05-07,Completed,Service recovery plan,False
OUT002542,R11542,C001959,4417,Arthur Alvarez,2026-05-07,Completed,Service recovery plan,False
OUT002543,R11543,C001960,5327,Mary Mcbride,2026-05-08,Completed,Service recovery plan,False
OUT002544,R11544,C001962,534,Mary Morris,2026-05-08,Completed,Service recovery plan,False
OUT002545,R11545,C001963,10570,William Moore,2026-05-08,Completed,Service recovery plan,False
OUT002546,R11546,C001964,8136,Charles Smith,2026-05-08,Completed,Service recovery plan,False
OUT002547,R11547,C001965,3807,Mary Huang,2026-05-07,In Progress,Executive escalation,True
OUT002548,R11548,C001965,3807,Mary Huang,,Pending,Executive escalation,True
OUT002549,R11549,C001965,3807,Mary Huang,2026-05-09,In Progress,Executive escalation,True
OUT002550,R11550,C001966,7634,Pamela Ray,2026-05-08,Completed,Service recovery plan,False
OUT002551,R11551,C001967,7160,Mary Allen,2026-05-07,Completed,Service recovery plan,False
OUT002552,R11552,C001969,8210,Mary Glenn,2026-05-08,Completed,Service recovery plan,False
OUT002553,R11553,C001971,12045,Jeffrey Ryan,2026-05-07,Completed,Service recovery plan,False
OUT002554,R11554,C001972,11866,Mary Smith,2026-05-07,Completed,Service recovery plan,False
OUT002555,R11555,C001973,4436,Janice Smith,2026-05-07,Completed,Service recovery plan,False
OUT002556,R11556,C001974,4725,Gerald Camacho,2026-05-08,Completed,Service recovery plan,False
OUT002557,R11557,C001976,8942,Robert Smith,,Pending,Executive escalation,True
OUT002558,R11558,C001976,8942,Robert Smith,2026-05-08,In Progress,Executive escalation,True
OUT002559,R11559,C001976,8942,Robert Smith,2026-05-09,In Progress,Executive escalation,True
OUT002560,R11560,C001978,10843,Cynthia Myers,,Pending,Service recovery plan,True
OUT002561,R11561,C001979,6071,Mary Wu,2026-05-07,In Progress,Executive escalation,True
OUT002562,R11562,C001979,6071,Mary Wu,2026-05-08,In Progress,Executive escalation,True
OUT002563,R11563,C001979,6071,Mary Wu,2026-05-09,In Progress,Executive escalation,True
OUT002564,R11564,C001981,1069,Mary Daniel,2026-05-08,Completed,Service recovery plan,False
OUT002565,R11565,C001983,12335,Mary Riley,2026-05-08,In Progress,Executive escalation,True
OUT002566,R11566,C001983,12335,Mary Riley,2026-05-08,In Progress,Executive escalation,True
OUT002567,R11567,C001983,12335,Mary Riley,,Pending,Executive escalation,True
OUT002568,R11568,C001984,6755,Mary Callahan,,Pending,Executive escalation,True
OUT002569,R11569,C001984,6755,Mary Callahan,2026-05-08,In Progress,Executive escalation,True
OUT002570,R11570,C001984,6755,Mary Callahan,2026-05-09,In Progress,Executive escalation,True
OUT002571,R11571,C001988,10226,Mary Smith,,Pending,Service recovery plan,True
OUT002572,R11572,C001990,2219,Mary Chung,2026-05-07,In Progress,Executive escalation,True
OUT002573,R11573,C001990,2219,Mary Chung,2026-05-08,In Progress,Executive escalation,True
OUT002574,R11574,C001990,2219,Mary Chung,2026-05-09,In Progress,Executive escalation,True
OUT002575,R11575,C001993,11411,Kyle Garcia,2026-05-08,Completed,Service recovery plan,False
OUT002576,R11576,C001994,1164,Mary Hahn,2026-05-07,Completed,Service recovery plan,False
OUT002577,R11577,C001996,9945,Mary Cameron,2026-05-07,Completed,Service recovery plan,False
OUT002578,R11578,C001997,8684,Tiffany Brown,2026-05-08,Completed,Service recovery plan,False
OUT002579,R11579,C001999,5120,Mary Smith,,Pending,Service recovery plan,True
OUT002580,R11580,C002000,5781,Jack Stanley,2026-05-07,In Progress,Executive escalation,True
OUT002581,R11581,C002000,5781,Jack Stanley,,Pending,Executive escalation,True
OUT002582,R11582,C002000,5781,Jack Stanley,2026-05-09,In Progress,Executive escalation,True
